-40 -1.14424655024021e-05
-39.6039603960396 -1.167153105867407e-05
-39.2118419762768 -1.190516995496559e-05
-38.8236059171058 -1.214347740423461e-05
-38.4392137793127 -1.238654635291761e-05
-38.0586275042699 -1.263447166131668e-05
-37.6818094101683 -1.288735009016494e-05
-37.3087221882854 -1.314528032759104e-05
-36.9393288992925 -1.340836302387294e-05
-36.5735929695965 -1.3676700828898e-05
-36.2114781877193 -1.39503984310776e-05
-35.8529487007122 -1.422956259732839e-05
-35.4979690106061 -1.451430221398114e-05
-35.1465039708972 -1.480472832856721e-05
-34.7985187830665 -1.510095419246854e-05
-34.4539789931351 -1.540309530443031e-05
-34.1128504882526 -1.571126945494617e-05
-33.7750994933194 -1.602559677152738e-05
-33.440692567643 -1.634619976487009e-05
-33.1095966016267 -1.667320337593747e-05
-32.7817788134918 -1.700673502397255e-05
-32.4572067460315 -1.734692465546038e-05
-32.1358482633975 -1.769390479405653e-05
-31.8176715479183 -1.804781059150092e-05
-31.5026450969488 -1.840877987953636e-05
-31.1907377197513 -1.877695322285036e-05
-30.8819185344073 -1.915247397306064e-05
-30.5761569647597 -1.953548832376437e-05
-30.2734227373858 -1.992614536667105e-05
-29.9736858785998 -2.032459714884082e-05
-29.676916711485 -2.073099873104936e-05
-29.3830858529554 -2.114550824730089e-05
-29.0921642108469 -2.156828696551073e-05
-28.8041229810366 -2.199949934938172e-05
-28.5189336445907 -2.243931312149672e-05
-28.2365679649412 -2.288789932764967e-05
-27.9569979850903 -2.334543240244053e-05
-27.6801960248419 -2.381209023615935e-05
-27.4061346780613 -2.428805424298217e-05
-27.1347868099617 -2.477350943050627e-05
-26.8661255544175 -2.526864447065051e-05
-26.6001243113045 -2.577365177194676e-05
-26.3367567438658 -2.628872755325169e-05
-26.0759967761048 -2.681407191890361e-05
-25.8178185902027 -2.73498889353577e-05
-25.5621966239631 -2.789638670932287e-05
-25.3091055682803 -2.8453777467437e-05
-25.058520364634 -2.902227763750479e-05
-24.8104162026079 -2.960210793133419e-05
-24.5647685174336 -3.019349342920006e-05
-24.321552987558 -3.079666366597095e-05
-24.0807455322356 -3.141185271892877e-05
-23.8423223091442 -3.203929929731814e-05
-23.6062597120239 -3.267924683366035e-05
-23.3725343683405 -3.333194357686338e-05
-23.1411231369708 -3.399764268717065e-05
-22.9120031059117 -3.467660233297938e-05
-22.6851515900116 -3.536908578956971e-05
-22.4605461287243 -3.607536153978187e-05
-22.2381644838855 -3.679570337667914e-05
-22.0179846375104 -3.753039050824058e-05
-21.7999847896142 -3.827970766411755e-05
-21.5841433560537 -3.904394520450018e-05
-21.3704389663898 -3.982339923113596e-05
-21.1588504617721 -4.061837170053799e-05
-20.9493568928436 -4.142917053943293e-05
-20.741937517667 -4.225610976248643e-05
-20.5365717996703 -4.309950959235903e-05
-20.3332394056141 -4.395969658212835e-05
-20.1319202035783 -4.483700374013252e-05
-19.9325942609687 -4.573177065727943e-05
-19.7352418425432 -4.664434363687149e-05
-19.5398434084586 -4.75750758269891e-05
-19.3463796123353 -4.852432735549526e-05
-19.1548312993419 -4.94924654677027e-05
-18.9651795042989 -5.047986466675904e-05
-18.7774054498009 -5.148690685680555e-05
-18.5914905443573 -5.251398148896422e-05
-18.4074163805518 -5.356148571020644e-05
-18.2251647332196 -5.462982451516632e-05
-18.0447175576431 -5.571941090095215e-05
-17.8660569877655 -5.683066602501891e-05
-17.6891653344213 -5.796401936616922e-05
-17.5140250835854 -5.911990888873506e-05
-17.340618894639 -6.029878121001517e-05
-17.1689295986525 -6.150109177103396e-05
-16.9989401966857 -6.272730501068717e-05
-16.8306338581046 -6.397789454334909e-05
-16.6639939189155 -6.525334334000734e-05
-16.4990038801143 -6.655414391301478e-05
-16.3356474060538 -6.788079850451248e-05
-16.1739083228255 -6.923381927862817e-05
-16.0137706166589 -7.061372851750625e-05
-15.8552184323356 -7.202105882127216e-05
-15.6982360716194 -7.345635331200534e-05
-15.5428079917024 -7.492016584180591e-05
-15.3889188036657 -7.641306120505502e-05
-15.2365532709561 -7.793561535494614e-05
-15.0856963078774 -7.948841562439159e-05
-14.9363329780964 -8.107206095139827e-05
-14.7884484931648 -8.268716210899453e-05
-14.6420282110542 -8.433434193983609e-05
-14.4970576347071 -8.601423559555915e-05
-14.3535224106011 -8.772749078101276e-05
-14.2114083273278 -8.947476800345759e-05
-14.070701314186 -9.125674082684019e-05
-13.9313874397881 -9.307409613126375e-05
-13.7934529106813 -9.492753437774437e-05
-13.6568840699815 -9.681776987838998e-05
-13.5216673960213 -9.874553107209783e-05
-13.3877895010112 -0.0001007115608058963
-13.255237129714 -0.0001027166166220488
-13.1239971581327 -0.0001047614710510338
-12.9940565922106 -0.0001068469119105431
-12.8654025665451 -0.0001089737426105978
-12.738022343114 -0.0001111427824649285
-12.6119033100138 -0.0001133548670087561
-12.4870329802117 -0.0001156108483230785
-12.3633989903086 -0.0001179115953656429
-12.2409890993155 -0.0001202579943087033
-12.1197911874411 -0.0001226509488837431
-11.9997932548922 -0.0001250913807332812
-11.8809834206853 -0.0001275802297699436
-11.7633499214706 -0.0001301184545429312
-11.6468811103669 -0.0001327070326120762
-11.5315654558088 -0.0001353469609296239
-11.4173915404048 -0.0001380392562299392
-11.3043480598067 -0.0001407849554273097
-11.1924238215908 -0.0001435851160220133
-11.0816077441493 -0.000146440816514879
-10.9718888555934 -0.0001493531568305009
-10.8632562926667 -0.0001523232587493423
-10.75569929967 -0.0001553522663489097
-10.6492072273961 -0.0001584413464542512
-10.5437695320753 -0.000161591689097984
-10.439375774332 -0.0001648045079900676
-10.3360156181505 -0.0001680810409976172
-10.233678829852 -0.0001714225506349418
-10.1323552770812 -0.0001748303245641076
-10.0320349278031 -0.0001783056761062665
-9.93270784931002 -0.0001818499447640153
-9.834364207237639 -0.0001854644967551002
-9.736994264591729 -0.0001891507255576887
-9.640588380783891 -0.0001929100524675563
-9.54513701067712 -0.0001967439271674541
-9.45063070364071 -0.0002006538283089781
-9.357060102614559 -0.0002046412641072479
-9.26441594318274 -0.0002087077729487186
-9.172689052656169 -0.0002128549240124588
-9.081870349164531 -0.0002170843179052228
-8.99195084075696 -0.0002213975873106819
-8.902921624511841 -0.0002257963976531509
-8.81477388565529 -0.0002302824477761925
-8.727498896688401 -0.0002348574706364688
-8.64108801652317 -0.000239523234013226
-8.555532689626901 -0.0002442815412338195
-8.47082444517515 -0.0002491342319156834
-8.38695489621302 -0.0002540831827251751
-8.30391573882477 -0.0002591303081537332
-8.221698751311649 -0.0002642775613118044
-8.14029579337787 -0.00026952693474101
-8.059698805324629 -0.0002748804612450439
-7.97989980725211 -0.0002803402147398057
-7.90089089826941 -0.0002859083111232969
-7.82266425571229 -0.0002915869091658265
-7.7452121343686 -0.0002973782114211017
-7.66852686571149 -0.0003032844651587809
-7.59260085714009 -0.0003093079633191238
-7.51742659122781 -0.0003154510454903605
-7.44299662497803 -0.0003217160989094603
-7.36930358908716 -0.0003281055594869901
-7.29634018721501 -0.0003346219128567852
-7.22409919526238 -0.0003412676954511879
-7.15257346065582 -0.0003480454956026365
-7.08175590163943 -0.0003549579546724271
-7.01163950657369 -0.0003620077682075
-6.94221733324128 -0.0003691976871261275
-6.87348250815968 -0.0003765305189334501
-6.80542822590068 -0.0003840091289678001
-6.73804774841651 -0.0003916364416788454
-6.67133440437278 -0.0003994154419385679
-6.60528158848791 -0.0004073491763862009
-6.53988276087911 -0.0004154407548082467
-6.47513144641496 -0.0004236933515547471
-6.41102123407422 -0.0004321102069930781
-6.34754577631111 -0.000440694629000522
-6.28469878842684 -0.0004494499944969729
-6.22247404794737 -0.0004583797510191735
-6.16086539400729 -0.000467487418337937
-6.0998667267399 -0.0004767765901198544
-6.03947200667316 -0.0004862509356350958
-5.97967525413184 -0.0004959142015128888
-5.92047054864539 -0.0005057702135464352
-5.86185202836177 -0.0005158228785489892
-5.8038138894671 -0.0005260761862629387
-5.74635038561099 -0.0005365342113238062
-5.68945582733762 -0.000547201115281112
-5.63312458152239 -0.0005580811486781604
-5.57735107081425 -0.0005691786531928187
-5.52212977308341 -0.0005804980638415154
-5.46745522087467 -0.0005920439112486388
-5.41332200086601 -0.0006038208239837104
-5.35972475333268 -0.0006158335309686599
-5.30665817161651 -0.0006280868639576953
-5.25411700160051 -0.0006405857600922685
-5.20209604118862 -0.0006533352645337432
-5.15059013979072 -0.000666340533176395
-5.09959419781259 -0.0006796068354435288
-5.04910316615108 -0.0006931395571694483
-4.99911204569414 -0.0007069442035702183
-4.94961588682588 -0.0007210264023061175
-4.90060978893651 -0.000735391906638821
-4.85208889993714 -0.0007500465986864023
-4.80404841577935 -0.0007649964927793378
-4.75648357997955 -0.000780247738920743
-4.70938968314807 -0.0007958066263541715
-4.66276206252284 -0.000811679587242423
-4.61659610150777 -0.0008278732004608057
-4.57088722921561 -0.0008443941955084974
-4.52563092001545 -0.0008612494565416164
-4.48082269308461 -0.0008784460265318382
-4.43645811196496 -0.0008959911115544049
-4.39253278412372 -0.0009138920852094567
-4.34904236051854 -0.0009321564931808126
-4.30598253516687 -0.0009507920579363664
-4.26334904471967 -0.0009698066835743358
-4.22113766803928 -0.0009892084608198253
-4.17934422578146 -0.001009005672176194
-4.13796457998165 -0.001029206797235813
-4.09699463364519 -0.001049820518155065
-4.05643033034178 -0.001070855725298316
-4.01626765380374 -0.001092321523056047
-3.97650262752845 -0.001114227235842077
-3.93713131438461 -0.001136582414275327
-3.89814981622238 -0.001159396841551475
-3.85955427348751 -0.001182680540010007
-3.82134086483912 -0.001206443777902566
-3.7835058067714 -0.001230697076368321
-3.74604535323901 -0.001255451216622568
-3.70895579528615 -0.001280717247364857
-3.67223346067936 -0.001306506492413081
-3.63587471354392 -0.001332830558570386
-3.59987595400388 -0.001359701343731859
-3.56423361782562 -0.001387131045238394
-3.52894417606497 -0.00141513216848535
-3.4940041347178 -0.001443717535794109
-3.45941003437406 -0.001472900295554994
-3.4251584498753 -0.001502693931650461
-3.39124598997555 -0.001533112273168127
-3.35766929700549 -0.001564169504413808
-3.32442504654009 -0.001595880175235165
-3.2915099470694 -0.001628259211667805
-3.25892073967267 -0.001661321926916101
-3.22665419769571 -0.001695084032682246
-3.1947071264314 -0.001729561650858108
-3.16307636280337 -0.00176477132559567
-3.13175877505284 -0.00180073003577317
-3.10075126242855 -0.001837455207875742
-3.07005075487975 -0.001874964729311013
-3.03965421275223 -0.001913276962182091
-3.00955862648736 -0.001952410757542637
-2.97976101632412 -0.00199238547016128
-2.95025843200408 -0.002033220973826094
-2.92104795247928 -0.00207493767722486
-2.89212668562305 -0.002117556540447841
-2.86349176794362 -0.002161099092199353
-2.83514036430061 -0.002205587448060856
-2.80706966762437 -0.002251044336516497
-2.77927689863799 -0.00229749300074117
-2.76551810211008 -0.002321037739020141
-2.75175930558217 -0.002344957568029934
-2.74494802017232 -0.002356940388319121
-2.73813673476246 -0.002369018157101208
-2.7313254493526 -0.002381191901147348
-2.72451416394274 -0.002393462665035707
-2.71777031700229 -0.002405708559595431
-2.71102647006184 -0.0024180516421358
-2.70428262312138 -0.002430492968838675
-2.69753877618093 -0.002443033610506299
-2.69086170000226 -0.002455548998369718
-2.6841846238236 -0.00246816387705494
-2.67750754764494 -0.002480879329701396
-2.67083047146627 -0.00249369645447922
-2.66421950495273 -0.002506487937556464
-2.6576085384392 -0.002519381276795785
-2.65099757192567 -0.002532377583124399
-2.64438660541214 -0.002545477982920707
-2.6378410940126 -0.002558552349931336
-2.63129558261307 -0.002571731003028208
-2.62475007121354 -0.002585015081782319
-2.618204559814 -0.002598405741651299
-2.61172385545802 -0.002611769974690403
-2.60524315110205 -0.002625240990489293
-2.59876244674607 -0.002638819958154206
-2.5922817423901 -0.002652508063129499
-2.58586520342379 -0.002666169344533196
-2.57944866445748 -0.002679939974387811
-2.57303212549117 -0.002693821152264842
-2.56661558652486 -0.002707814094542686
-2.56026257764732 -0.002721779814110199
-2.55390956876979 -0.002735857519217764
-2.54755655989225 -0.002750048440873694
-2.54120355101471 -0.002764353827379943
-2.53491344321516 -0.002778631589984456
-2.52862333541562 -0.002793024049117618
-2.52233322761608 -0.00280753246824012
-2.51604311981654 -0.002822158128612324
-2.50981529031205 -0.002836755762231552
-2.50358746080755 -0.002851470879898697
-2.49735963130306 -0.002866304778589522
-2.49113180179856 -0.002881258773605863
-2.48496563397233 -0.002896184337804347
-2.47879946614609 -0.002911230252870924
-2.47263329831986 -0.002926397850409463
-2.46646713049362 -0.002941688480897691
-2.46036201383399 -0.00295695027579397
-2.45425689717435 -0.002972335370598806
-2.44815178051471 -0.002987845132710718
-2.44204666385507 -0.003003480948972518
-2.43600199389503 -0.003019087524727041
-2.429957323935 -0.003034820434729602
-2.42391265397496 -0.003050681083396943
-2.41786798401492 -0.003066670895184598
-2.41188316227231 -0.003082631062045023
-2.4058983405297 -0.003098720686041223
-2.39991351878709 -0.003114941209892244
-2.39392869704448 -0.003131294096976084
-2.38800313096269 -0.003147616935919101
-2.38207756488089 -0.003164072446864652
-2.3761519987991 -0.003180662112182802
-2.3702264327173 -0.003197387435549711
-2.36435953560661 -0.003214082309559123
-2.35849263849593 -0.003230913166041129
-2.35262574138524 -0.003247881528434183
-2.34675884427456 -0.003264988942158121
-2.34095003525408 -0.003282065508180497
-2.33514122623359 -0.00329928146657903
-2.32933241721311 -0.003316638383350136
-2.32352360819263 -0.003334137847177399
-2.31777231213275 -0.003351606068797518
-2.31202101607286 -0.003369217196178716
-2.30626972001298 -0.003386972839442076
-2.3005184239531 -0.003404874632133164
-2.29482407141857 -0.003422744793011267
-2.28912971888403 -0.003440761480795279
-2.28343536634949 -0.003458926351378652
-2.27774101381495 -0.003477241084849978
-2.27210304100848 -0.003495523802963217
-2.26646506820201 -0.003513956781408467
-2.26082709539553 -0.003532541723584614
-2.25518912258906 -0.003551280357891394
-2.24960697129552 -0.003569986600620478
-2.24402482000198 -0.003588846954165467
-2.23844266870845 -0.003607863171253227
-2.23286051741491 -0.003627037030454334
-2.22733363494606 -0.003646178130555092
-2.22180675247721 -0.003665477314056682
-2.21627987000837 -0.003684936384930454
-2.21075298753952 -0.003704557173872726
-2.20528082667927 -0.003724144846369544
-2.19980866581902 -0.003743894702274191
-2.19433650495878 -0.003763808598816732
-2.18886434409853 -0.003783888420873716
-2.18344636304878 -0.003803934780907848
-2.17802838199903 -0.00382414755738765
-2.17261040094929 -0.003844528662917629
-2.16719241989954 -0.003865080038712183
-2.16182808222652 -0.003885597620373416
-2.1564637445535 -0.003906285990454063
-2.15109940688048 -0.003927147119153679
-2.14573506920746 -0.003948183006288456
-2.14042384378863 -0.003969184782451659
-2.1351126183698 -0.003990361864151993
-2.12980139295097 -0.004011716281512302
-2.12449016753214 -0.004033250095323803
-2.11923152850359 -0.004054749498504194
-2.11397288947505 -0.004076428875998935
-2.10871425044651 -0.0040982903202924
-2.10345561141796 -0.004120335955635206
-2.09824903812237 -0.004142346899865766
-2.09304246482678 -0.004164542645672216
-2.08783589153119 -0.004186925350449943
-2.0826293182356 -0.004209497204505634
-2.07747429517066 -0.004232034108228592
-2.07231927210572 -0.004254760806405251
-2.06716424904078 -0.004277679524003482
-2.06200922597584 -0.004300792520095452
-2.05690524274323 -0.004323870330044556
-2.05180125951061 -0.004347143100375215
-2.046697276278 -0.004370613126400275
-2.04159329304539 -0.004394282738778407
-2.03653984430023 -0.004417916954812501
-2.03148639555507 -0.004441751477930604
-2.0264329468099 -0.004465788676672452
-2.02137949806474 -0.004490030956213175
-2.01637608346557 -0.004514237657041145
-2.0113726688664 -0.004538650200429872
-2.00636925426723 -0.004563271031132946
-2.00136583966806 -0.00458810263187734
-1.9964119638273 -0.004612898501592104
-1.99145808798653 -0.004637905946370553
-1.98650421214577 -0.004663127490267123
-1.98155033630501 -0.004688565696694689
-1.9766455087399 -0.004713968052007617
-1.97174068117479 -0.004739587920387449
-1.96683585360968 -0.004765427908368986
-1.96193102604457 -0.004791490663275601
-1.95707476112862 -0.004817517481312856
-1.95221849621266 -0.004843767964579191
-1.94736223129671 -0.004870244805350985
-1.94250596638076 -0.004896950738166689
-1.93769778329566 -0.004923620684656167
-1.93288960021056 -0.00495052067149066
-1.92808141712546 -0.004977653480019045
-1.92327323404036 -0.005005021935365271
-1.91851265672838 -0.005032354393005075
-1.91375207941639 -0.0050599234979334
-1.90899150210441 -0.005087732123955401
-1.90423092479243 -0.00511578319020031
-1.89951748190928 -0.005143798286958922
-1.89480403902613 -0.005172056878659443
-1.89009059614298 -0.005200561934981478
-1.88537715325983 -0.005229316472507818
-1.880710378128 -0.005258035109560466
-1.87604360299617 -0.005287004338727682
-1.87137682786434 -0.005316227228992127
-1.86671005273251 -0.005345706897842965
-1.86208948329505 -0.005375150776799668
-1.85746891385759 -0.005404852603202565
-1.85284834442013 -0.005434815548749568
-1.84822777498268 -0.005465042835264698
-1.84365295375747 -0.005495234484291436
-1.83907813253227 -0.005525691702614028
-1.83450331130707 -0.005556417768009628
-1.82992849008186 -0.005587416010008421
-1.82539896411632 -0.00561837880838597
-1.82086943815077 -0.005649615072378673
-1.81633991218522 -0.005681128189121719
-1.81181038621967 -0.005712921599126796
-1.80732570704586 -0.005744679799730738
-1.80284102787205 -0.005776719644137509
-1.79835634869824 -0.00580904463199285
-1.79387166952442 -0.00584165831792658
-1.78943139311471 -0.005874237067045658
-1.78499111670499 -0.005907105926708497
-1.78055084029528 -0.005940268512049516
-1.77611056388557 -0.005973728494764982
-1.77171425060862 -0.006007153848610456
-1.76731793733168 -0.00604087807408208
-1.76292162405473 -0.006074904904554713
-1.75852531077779 -0.006109238131496229
-1.75417252535507 -0.006143537068681437
-1.74981973993235 -0.006178143937608696
-1.74546695450964 -0.006213062592358064
-1.74111416908692 -0.006248296946570891
-1.73680448054958 -0.006283497375771396
-1.73249479201223 -0.006319015099236801
-1.72818510347488 -0.006354854093866598
-1.72387541493754 -0.006391018397505071
-1.71960839658373 -0.006427149159435158
-1.71534137822993 -0.006463606882374001
-1.71107435987613 -0.006500395667731914
-1.70680734152232 -0.006537519679141537
-1.70258257087499 -0.006574610541910681
-1.69835780022766 -0.006612038336647307
-1.69413302958033 -0.006649807290462841
-1.68990825893299 -0.006687921693838085
-1.68572531769801 -0.006726003340681595
-1.68154237646303 -0.006764432192556693
-1.67735943522804 -0.006803212602881786
-1.67317649399306 -0.006842348989434109
-1.66903496801783 -0.006881452997740938
-1.6648934420426 -0.006920914781736507
-1.66075191606737 -0.006960738821076547
-1.65661039009214 -0.007000929660579821
-1.65250986932458 -0.007041088471078628
-1.64840934855703 -0.007081615918281836
-1.64430882778947 -0.007122516607241935
-1.64020830702192 -0.007163795208761206
-1.63614838546988 -0.007205042083666196
-1.63208846391785 -0.007246668736358261
-1.62802854236581 -0.007288679895572563
-1.62396862081378 -0.007331080356131473
-1.61994889650483 -0.007373449324999641
-1.61592917219589 -0.007416209479106034
-1.61190944788694 -0.007459365668174929
-1.607889723578 -0.007502922808070621
-1.60390979851964 -0.007546448600080396
-1.59992987346128 -0.007590377233681749
-1.59594994840292 -0.007634713675803793
-1.59197002334456 -0.007679462959247658
-1.58802950348479 -0.007724180920580913
-1.58408898362503 -0.007769313607157062
-1.58014846376527 -0.007814866098121587
-1.5762079439055 -0.007860843537864131
-1.57230643909386 -0.007906789532856742
-1.56840493428221 -0.007953162337926431
-1.56450342947056 -0.007999967138124633
-1.56060192465891 -0.008047209182720297
-1.55673904860778 -0.008094419477451318
-1.55287617255664 -0.008142068837274176
-1.54901329650551 -0.00819016254539732
-1.54515042045437 -0.008238705947781035
-1.54132579070077 -0.008287217074785639
-1.53750116094717 -0.008336179655820331
-1.53367653119357 -0.008385599062945545
-1.52985190143997 -0.008435480729026754
-1.52606513930769 -0.008485329331863757
-1.52227837717541 -0.008535641869721477
-1.51849161504314 -0.008586423792534681
-1.51470485291086 -0.008637680608575921
-1.51095558347297 -0.008688903265042677
-1.50720631403507 -0.008740602381745977
-1.50345704459717 -0.008792783473733995
-1.49970777515927 -0.008845452111362763
-1.49599562720095 -0.008898085134241757
-1.49228347924264 -0.008951207132697033
-1.48857133128433 -0.009004823672239391
-1.48485918332601 -0.009058940370055975
-1.48118378930787 -0.009113019584392253
-1.47750839528974 -0.009167600219109026
-1.4738330012716 -0.009222687873540209
-1.47015760725347 -0.009278288194424354
-1.46651860327512 -0.009333848690488571
-1.46287959929677 -0.009389922913737853
-1.45924059531842 -0.009446516478614197
-1.45560159134007 -0.009503635042019476
-1.45199861710408 -0.009560710903304124
-1.44839564286809 -0.009618312586130945
-1.4447926686321 -0.00967644569920329
-1.44118969439611 -0.009735115888055262
-1.43762239317236 -0.009793739894135836
-1.43405509194861 -0.009852901522536357
-1.43048779072485 -0.009912606354349521
-1.4269204895011 -0.009972860014283534
-1.42338850809145 -0.01003306318214756
-1.42162251738662 -0.01006337034682142
-1.41985652668179 -0.01009381549670773
-1.41809053597696 -0.01012439928224154
-1.41632454527213 -0.01015512240088859
-1.4145585545673 -0.01018598554797908
-1.41279256386247 -0.01021698941936553
-1.41104405821413 -0.01024782564826858
-1.40929555256578 -0.01027880119138296
-1.40754704691743 -0.01030991672756829
-1.40579854126909 -0.01034117293725064
-1.40405003562074 -0.01037257050185388
-1.4023015299724 -0.01040411010377495
-1.40055302432406 -0.01043579242636205
-1.39880451867572 -0.01046761815329362
-1.39707332496448 -0.01049927072862261
-1.39534213125325 -0.01053106522046594
-1.39361093754202 -0.01056300229448571
-1.39187974383079 -0.01059508261742216
-1.39014855011956 -0.01062730685647968
-1.38841735640833 -0.01065967567929431
-1.38668616269709 -0.01069218975390282
-1.38495496898586 -0.01072484974807838
-1.38324091580642 -0.01075733079244652
-1.38152686262698 -0.01078995618639435
-1.37981280944755 -0.0108227265784617
-1.37809875626811 -0.01085564261772094
-1.37638470308867 -0.01088870495311967
-1.37467064990923 -0.01092191423344186
-1.37295659672979 -0.01095527110726939
-1.37124254355036 -0.0109887762222748
-1.36954546119448 -0.01102209628689111
-1.3678483788386 -0.0110555629360205
-1.36615129648272 -0.01108917679685821
-1.36445421412684 -0.01112293849653568
-1.36275713177096 -0.01115684866142156
-1.36106004941508 -0.01119090791707481
-1.3593629670592 -0.01122511688819927
-1.35766588470332 -0.01125947619789221
-1.35598560514305 -0.0112936440414297
-1.35430532558277 -0.01132796047573534
-1.35262504602249 -0.01136242610216848
-1.35094476646222 -0.01139704152138004
-1.34926448690195 -0.01143180733257042
-1.34758420734167 -0.01146672413343485
-1.34590392778139 -0.01150179252011019
-1.34422364822111 -0.01153701308637924
-1.34256000509213 -0.01157203544353497
-1.34089636196314 -0.0116072081370101
-1.33923271883415 -0.01164253173758346
-1.33756907570517 -0.01167800681463285
-1.33590543257618 -0.01171363393534919
-1.33424178944719 -0.01174941366467367
-1.3325781463182 -0.01178534656523838
-1.33091450318922 -0.01182143319652458
-1.32926733177438 -0.0118573145375816
-1.32762016035954 -0.01189334766645419
-1.3259729889447 -0.01192953311836005
-1.32432581752987 -0.01196587142637679
-1.32267864611503 -0.01200236312061223
-1.32103147470019 -0.01203900872813449
-1.31938430328535 -0.01207580877290594
-1.31773713187051 -0.01211276377489798
-1.31610626908354 -0.01214950605773724
-1.31447540629657 -0.01218640125138293
-1.3128445435096 -0.0122234498503614
-1.31121368072264 -0.01226065234645888
-1.30958281793567 -0.01229800923027859
-1.30795195514871 -0.01233552095168635
-1.30713652375523 -0.01235433504494343
-1.30632109236174 -0.0123731880517779
-1.30469022957477 -0.01241101097243344
-1.30388287175944 -0.01242979299131858
-1.30307551394411 -0.01244861338050587
-1.30226815612878 -0.0124674721863861
-1.30146079831344 -0.01248636946581308
-1.30065344049811 -0.01250530527480828
-1.29984608268278 -0.01252427966908722
-1.29903872486745 -0.01254329270407591
-1.29823136705212 -0.01256234443491026
-1.29742400923679 -0.01258143491643271
-1.29661665142146 -0.01260056420318837
-1.29580929360613 -0.01261973234942093
-1.2950019357908 -0.01263893940906848
-1.29419457797547 -0.01265818543575929
-1.29338722016014 -0.01267747048280796
-1.29257986234481 -0.01269679460321744
-1.29177250452947 -0.01271615784957036
-1.29097314035588 -0.01273536797887558
-1.29017377618228 -0.01275461656514666
-1.28937441200868 -0.01277390365845685
-1.28857504783509 -0.01279322930864763
-1.28777568366149 -0.01281259356522248
-1.2869763194879 -0.01283199647734721
-1.2861769553143 -0.01285143809384784
-1.28537759114071 -0.01287091846320425
-1.28457822696712 -0.01289043763354754
-1.28377886279352 -0.01290999565265471
-1.28297949861992 -0.01292959256794373
-1.28218013444633 -0.01294922842646944
-1.28138077027273 -0.01296890327491982
-1.28058140609914 -0.01298861715961004
-1.27978204192555 -0.01300837012648625
-1.27898267775195 -0.01302816222101131
-1.27819122807513 -0.01304779694710524
-1.2773997783983 -0.0130674701177883
-1.27660832872147 -0.01308718177605164
-1.27581687904464 -0.01310693196460128
-1.27502542936781 -0.01312672072574666
-1.27423397969098 -0.01314654810140276
-1.27344253001415 -0.01316641413308621
-1.27265108033733 -0.01318631886191157
-1.27185963066051 -0.0132062623285913
-1.27106818098368 -0.01322624457345048
-1.27027673130686 -0.01324626563676368
-1.26948528163003 -0.01326632555318421
-1.26908955679161 -0.01327637009612568
-1.2686938319532 -0.01328642437039467
-1.26790238227637 -0.01330656212222214
-1.26750665743795 -0.01331664560943779
-1.26711093259954 -0.01332673884602965
-1.26671520776113 -0.01333684183526722
-1.26631948292272 -0.01334695458189354
-1.26592767615201 -0.01335697681984668
-1.26553586938131 -0.01336700863198859
-1.2651440626106 -0.01337705002276078
-1.2647522558399 -0.01338710099658894
-1.2643604490692 -0.01339716155787088
-1.26396864229849 -0.01340723171097651
-1.26357683552778 -0.01341731146024723
-1.26318502875707 -0.01342740080999663
-1.26279322198637 -0.01343749976450974
-1.26240141521566 -0.01344760832804399
-1.26200960844495 -0.01345772650482744
-1.26161780167424 -0.01346785429905976
-1.26122599490354 -0.01347799171491148
-1.26083418813283 -0.01348813875652488
-1.26044238136212 -0.01349829542801232
-1.26005057459142 -0.01350846173345683
-1.25965876782071 -0.01351863767691271
-1.25926696105 -0.01352882326240389
-1.25887515427929 -0.01353901849392475
-1.25848334750859 -0.01354922337543944
-1.25809154073788 -0.01355943791088277
-1.25769973396718 -0.0135696621041583
-1.25730792719648 -0.01357989595913985
-1.25691612042577 -0.0135901394796707
-1.25652431365507 -0.01360039266956256
-1.25613250688436 -0.01361065553259725
-1.25574070011365 -0.01362092807252474
-1.25534889334295 -0.01363121029306369
-1.25495708657224 -0.01364150219790209
-1.25456527980153 -0.01365180379069556
-1.25417347303082 -0.01366211507506906
-1.25378166626012 -0.01367243605460139
-1.25339373876437 -0.01368266440137056
-1.25300581126862 -0.0136929022591989
-1.25261788377287 -0.01370314963146173
-1.25222995627712 -0.01371340652150574
-1.25184202878137 -0.01372367293253873
-1.25145410128563 -0.01373394886906819
-1.25067824629413 -0.01375452933074707
-1.24990239130263 -0.01377514792450227
-1.24912653631114 -0.01379580468052212
-1.24835068131964 -0.01381649962310751
-1.24757482632814 -0.01383723277640982
-1.24679897133664 -0.01385800416407111
-1.24602311634515 -0.01387881380919232
-1.24524726135365 -0.01389966173430938
-1.24447140636215 -0.01392054796132283
-1.24369555137065 -0.01394147251069492
-1.24291969637915 -0.01396243541347443
-1.24136798639616 -0.01400447635184461
-1.23983163987835 -0.0140462523470585
-1.23829529336053 -0.01408817907781884
-1.23675894684271 -0.01413025667332061
-1.23522260032489 -0.01417248525754059
-1.23368625380707 -0.01421486494519666
-1.23214990728926 -0.01425739584146366
-1.23061356077144 -0.01430007804183026
-1.22907721425363 -0.01434291163091832
-1.22755607908748 -0.01438547034762873
-1.22603494392132 -0.01442817760868364
-1.22451380875517 -0.01447103346635194
-1.22299267358901 -0.01451403796355739
-1.22147153842285 -0.01455719113272675
-1.2199504032567 -0.01460049299567418
-1.21842926809054 -0.01464394356348664
-1.21690813292438 -0.01468754283532142
-1.21540205850244 -0.01473085692389979
-1.21389598408051 -0.01477431675532368
-1.21238990965857 -0.0148179222958671
-1.21088383523663 -0.01486167350144774
-1.20937776081469 -0.01490557031642813
-1.20787168639276 -0.01494961267344734
-1.20636561197083 -0.01499380049316547
-1.20485953754889 -0.01503813368248137
-1.20336837475489 -0.01508217103774065
-1.2018772119609 -0.01512635076375322
-1.1988948863729 -0.01521513675649869
-1.19591256078491 -0.01530448995920716
-1.19293023519692 -0.01539440937366238
-1.18997743758504 -0.01548399478078066
-1.18702463997317 -0.01557413198936728
-1.1840718423613 -0.01566481906638299
-1.18111904474943 -0.0157560538608196
-1.17819548275747 -0.01584692263182488
-1.17527192076552 -0.01593832349882695
-1.17234835877357 -0.01603025370659083
-1.16942479678161 -0.01612271026610533
-1.166530180948 -0.01621476681813268
-1.16363556511438 -0.01630733284158515
-1.16074094928076 -0.01640040472289075
-1.15784633344714 -0.01649397859988175
-1.15498037717623 -0.01658711653951905
-1.15211442090532 -0.01668073832806137
-1.14924846463441 -0.01677483946166513
-1.14638250836351 -0.01686941517384001
-1.14354492789726 -0.01696351711658462
-1.14070734743101 -0.01705807422648199
-1.13786976696477 -0.01715308108165512
-1.13503218649852 -0.01724853198445553
-1.13222270088837 -0.01734346944646026
-1.12941321527823 -0.01743883029180215
-1.12660372966808 -0.01753460815748916
-1.12379424405794 -0.01763079639271654
-1.12101257513701 -0.01772642975961499
-1.11823090621607 -0.01782245160123827
-1.11544923729514 -0.01791885459557455
-1.1126675683742 -0.0180156311220122
-1.10991344072971 -0.01811180970051417
-1.10715931308522 -0.01820833871925142
-1.10440518544073 -0.01830520988495157
-1.10165105779624 -0.01840241459635855
-1.09892419874229 -0.01849897675381491
-1.09619733968833 -0.01859584821314238
-1.09347048063438 -0.01869301970366997
-1.09074362158043 -0.01879048163892073
-1.08804376113098 -0.01888725503541913
-1.08534390068152 -0.01898429353788321
-1.08264404023206 -0.01908158689861987
-1.07994417978261 -0.01917912454800817
-1.07727105062473 -0.01927592646479251
-1.07459792146686 -0.01937294630582089
-1.07192479230898 -0.01947017285362366
-1.0692516631511 -0.01956759456451697
-1.06660500061855 -0.01966423233166173
-1.063958338086 -0.01976103795346465
-1.06131167555345 -0.01985799925709399
-1.05866501302089 -0.01995510374117506
-1.05604455506787 -0.02005137526649681
-1.05342409711485 -0.02014776181378671
-1.05080363916182 -0.02024425027667828
-1.0481831812088 -0.02034082721999043
-1.04558866838402 -0.0204365216201274
-1.04299415555925 -0.02053227559832744
-1.04039964273447 -0.02062807514409534
-1.0378051299097 -0.02072390591999819
-1.03523630533071 -0.02081880425348114
-1.03266748075173 -0.0209137042889517
-1.03009865617274 -0.02100859114886569
-1.02752983159376 -0.02110344963283445
-1.0249864409215 -0.02119732573379605
-1.02244305024924 -0.0212911434344202
-1.01989965957698 -0.02138488703488169
-1.01735626890472 -0.02147854051886929
-1.01483806031832 -0.02157116192881419
-1.01231985173192 -0.02166366284204878
-1.00980164314553 -0.02175602678885485
-1.00728343455913 -0.02184823699167583
-1.00479015873101 -0.02193936598548218
-1.00229688290289 -0.02203031064972264
-0.999803607074774 -0.02212105380463785
-0.997310331246659 -0.02221157797356833
-0.994841741317831 -0.0223009726746436
-0.992373151389002 -0.02239011775850495
-0.989904561460173 -0.02247899540243447
-0.987435971531345 -0.0225675875000408
-0.984991823086961 -0.02265500307848811
-0.982547674642576 -0.02274210260185645
-0.980103526198191 -0.02282886767938897
-0.977659377753807 -0.02291527966316944
-0.975239428798971 -0.02300046949068805
-0.974029454321553 -0.02304292187072415
-0.972819479844135 -0.02308527610279351
-0.971609505366717 -0.02312752978410443
-0.970399530889299 -0.02316968053513094
-0.969189556411881 -0.0232117259574989
-0.967979581934463 -0.02325366363658712
-0.966781587402366 -0.02329507755703435
-0.965583592870269 -0.0233363811023895
-0.9643855983381719 -0.02337757188423895
-0.963187603806074 -0.02341864749984654
-0.961989609273977 -0.02345960553187994
-0.96079161474188 -0.02350044354852398
-0.959593620209783 -0.02354115910359082
-0.958395625677686 -0.02358174973633149
-0.95720949247759 -0.02362181297870009
-0.956023359277493 -0.02366174891917975
-0.954837226077397 -0.023701555128545
-0.953651092877301 -0.0237412291644824
-0.952464959677205 -0.02378076857141798
-0.951278826477109 -0.02382017088064389
-0.950092693277013 -0.02385943361044288
-0.948906560076917 -0.02389855426600883
-0.947732170769891 -0.02393714515521343
-0.946557781462865 -0.02397559186598999
-0.945383392155839 -0.0240138919402063
-0.944209002848813 -0.0240520429079775
-0.943034613541788 -0.0240900422876008
-0.941860224234762 -0.02412788758569702
-0.9406858349277361 -0.02416557629734952
-0.93951144562071 -0.02420310590613605
-0.938348683930585 -0.02424010470504936
-0.93718592224046 -0.02427694259442096
-0.936023160550336 -0.02431361709960005
-0.934860398860211 -0.02435012573561938
-0.933697637170086 -0.02438646600723828
-0.9325348754799621 -0.024422635409098
-0.931372113789837 -0.02445863142587461
-0.930209352099712 -0.02449445153242214
-0.929058102901569 -0.0245297411891589
-0.927906853703426 -0.02456485344758293
-0.926755604505283 -0.02459978582931986
-0.92560435530714 -0.02463453584720515
-0.924453106108997 -0.02466910100543585
-0.923301856910854 -0.0247034787997387
-0.922150607712711 -0.02473766671753529
-0.920999358514567 -0.02477166223819659
-0.919859507823336 -0.02480512913734913
-0.918719657132105 -0.02483840248963776
-0.917579806440874 -0.02487147982606047
-0.916439955749644 -0.02490435867042927
-0.915300105058413 -0.02493703653963023
-0.914160254367182 -0.02496951094380241
-0.9130204036759511 -0.02500177938651389
-0.91188055298472 -0.02503383936512524
-0.910751987943897 -0.02506537407612639
-0.909623422903075 -0.02509669952984987
-0.908494857862252 -0.02512781327987449
-0.907366292821429 -0.02515871287349142
-0.906237727780606 -0.02518939586350048
-0.905673445260194 -0.0252046553577875
-0.905109162739783 -0.02521985977319776
-0.904544880219372 -0.02523500880367487
-0.903980597698961 -0.02525010214021482
-0.903416315178549 -0.02526513947373624
-0.902852032658138 -0.02528012049493646
-0.902293337093374 -0.02529489740640991
-0.90173464152861 -0.02530961851086458
-0.901175945963847 -0.02532428350735547
-0.900617250399083 -0.02533889209467264
-0.90005855483432 -0.02535344397137989
-0.899499859269556 -0.02536793883581934
-0.898941163704792 -0.02538237638611773
-0.898382468140029 -0.025396756320193
-0.897823772575265 -0.02541107833576105
-0.897265077010502 -0.02542534213034225
-0.896706381445738 -0.02543954740126838
-0.896147685880974 -0.02545369384568928
-0.895588990316211 -0.02546778116057973
-0.895030294751447 -0.02548180904274627
-0.894471599186683 -0.02549577718883121
-0.893912903621919 -0.02550968529536431
-0.89335973969641 -0.02552339624884828
-0.8928065757709019 -0.0255370477531964
-0.892253411845394 -0.02555063951345821
-0.891700247919885 -0.02556417123452152
-0.891147083994376 -0.02557764262116296
-0.890593920068868 -0.02559105337805222
-0.890040756143359 -0.02560440320975902
-0.88948759221785 -0.02561769182075987
-0.888934428292341 -0.02563091891544525
-0.888381264366833 -0.02564408419812663
-0.887828100441324 -0.0256571873730438
-0.887274936515815 -0.02567022814437172
-0.886721772590306 -0.02568320621622802
-0.886168608664798 -0.02569612129267983
-0.885615444739289 -0.02570897307774785
-0.885062280813781 -0.02572176127546924
-0.884514593758822 -0.02573435992053942
-0.883966906703863 -0.02574689565354258
-0.883419219648904 -0.02575936818716097
-0.882871532593945 -0.02577177723402045
-0.882323845538986 -0.02578412250675221
-0.881776158484027 -0.02579640371799669
-0.881228471429068 -0.02580862058041074
-0.880680784374109 -0.02582077280667487
-0.88013309731915 -0.02583286010950061
-0.879585410264191 -0.02584488220163796
-0.879037723209232 -0.02585683879588281
-0.878490036154273 -0.02586872960508442
-0.877942349099314 -0.02588055434215296
-0.877394662044355 -0.02589231272006681
-0.876846974989396 -0.02590400445187607
-0.876299287934437 -0.02591562925077667
-0.875757023523587 -0.02592707272887992
-0.8752147591127361 -0.02593845003345699
-0.874672494701886 -0.02594976088642695
-0.874130230291035 -0.0259610050097584
-0.8735879658801849 -0.02597218212554197
-0.873045701469334 -0.02598329195599411
-0.872503437058483 -0.02599433422346424
-0.871961172647633 -0.02600530865044247
-0.871418908236782 -0.02601621495956744
-0.870876643825931 -0.02602705287363411
-0.870334379415081 -0.02603782211560181
-0.86979211500423 -0.02604852240860293
-0.869249850593379 -0.02605915347595207
-0.868707586182529 -0.02606971504115733
-0.868165321771678 -0.02608020682793392
-0.867623057360828 -0.02609062856033066
-0.86708616190454 -0.0261008778195441
-0.866549266448253 -0.02611105786084382
-0.8654754755356771 -0.02613120922484618
-0.864401684623102 -0.02615108055820195
-0.863327893710527 -0.02617066970236378
-0.862254102797952 -0.02618997453136416
-0.861180311885376 -0.02620899292157728
-0.860106520972801 -0.02622772275379332
-0.859032730060226 -0.02624616191427509
-0.857969570740844 -0.02626413006806413
-0.856906411421463 -0.02628180916675585
-0.855843252102081 -0.026299197174334
-0.8547800927827 -0.02631629205980915
-0.853716933463318 -0.02633309179815116
-0.8526537741439369 -0.02634959437049968
-0.851590614824555 -0.02636579776437131
-0.8505274555051739 -0.02638169997468636
-0.849474822515687 -0.02639714604879028
-0.848422189526201 -0.02641229298022936
-0.847369556536715 -0.02642713884384083
-0.846316923547228 -0.0264416817214165
-0.845264290557741 -0.0264559197071133
-0.844211657568255 -0.02646985081455985
-0.842106391589282 -0.02649678520669237
-0.841064180708603 -0.02650965756876028
-0.840021969827923 -0.02652222167490509
-0.837937548066563 -0.02654641820129119
-0.835853126305203 -0.02656936099017899
-0.833768704543843 -0.02659103558640021
-0.831704920621705 -0.02661123242297035
-0.829641136699567 -0.02663015890174747
-0.8275773527774281 -0.02664780176723735
-0.82551356885529 -0.02666414794412662
-0.823470218437331 -0.02667904211652653
-0.821426868019373 -0.02669264017397024
-0.819383517601415 -0.02670492999388052
-0.817340167183456 -0.02671589965848379
-0.8153170479577549 -0.02672544859211683
-0.813293928732053 -0.02673368073674313
-0.811270809506351 -0.02674058521271072
-0.809247690280649 -0.02674615046581146
-0.805241513596092 -0.02675318215130155
-0.8032384252538129 -0.0267546907607847
-0.801235336911534 -0.0267548465314606
-0.797268825342665 -0.02675113035399006
-0.793302313773796 -0.02674201359242537
-0.789375074596698 -0.02672760061296256
-0.7854478354195999 -0.02670777008785376
-0.781559479798711 -0.02668274611937408
-0.777671124177822 -0.02665231171340264
-0.773821267127436 -0.02661680644728221
-0.7699714100770511 -0.02657591895667242
-0.766159670423204 -0.02653010254472773
-0.762347930769357 -0.02647895286753272
-0.758573931112083 -0.02642303471460668
-0.7547999314548089 -0.02636185246860469
-0.751063298130775 -0.02629607971827859
-0.747326664806742 -0.02622513162982346
-0.743627027852253 -0.02614978797674066
-0.739927390897764 -0.02606937105586465
-0.732601377126499 -0.02589521059328434
-0.725347898145049 -0.02570339882586176
-0.718166235787177 -0.02549468133235636
-0.711055678997205 -0.02526987947473973
-0.704015523759609 -0.02502985724597864
-0.697045073029316 -0.02477551654323159
-0.690143636662689 -0.02450779064710551
-0.6833105313491969 -0.02422763745721386
-0.6765450805437589 -0.02393603261476816
-0.669846614399762 -0.0236339625885075
-0.663214469702734 -0.02332241779253678
-0.656647989804688 -0.02300238580214502
-0.650146524559097 -0.02267484473160821
-0.643709430256531 -0.02234075683549851
-0.637336069560922 -0.02200106239193538
-0.631025811446457 -0.02165667392250812
-0.624778031135106 -0.02130847079929599
-0.618592110034759 -0.02095729428455749
-0.612467435677979 -0.02060394304331266
-0.606403401661365 -0.02024916916326524
-0.60039940758551 -0.01989367471037478
-0.5944548589955549 -0.01953810884197263
-0.588569167322331 -0.01918306549269561
-0.582741749824091 -0.01882908164177661
-0.576972029528803 -0.01847663616346131
-0.571259435177032 -0.01812614925561365
-0.565603401165378 -0.01777798243500412
-0.560003367490474 -0.0174324390814433
-0.554458779693538 -0.01708976550690558
-0.548969088805484 -0.01675015252017155
-0.543533751292558 -0.01641373745236885
-0.538152229002533 -0.01608060660419693
-0.532823989111418 -0.01575079807162239
-0.527548504070711 -0.01542430490350154
-0.52232525155516 -0.01510107854195361
-0.517153714411049 -0.01478103249441504
-0.512033380604999 -0.01446404618516474
-0.506963743173267 -0.01414996893373391
-0.501944300171551 -0.01383862400799818
-0.496974554625298 -0.0135298127008722
-0.492054014480493 -0.0132233183813578
-0.487182192554944 -0.01291891047319764
-0.482358606490043 -0.01261634831749404
-0.477582778703013 -0.01231538487930829
-0.472854236339617 -0.01201577026237983
-0.468172511227344 -0.01171725500061967
-0.463537139829053 -0.01141959309984301
-0.458947663197082 -0.0111225448082254
-0.454403626927804 -0.01082587909909482
-0.449904581116638 -0.01052937585481945
-0.445450080313503 -0.01023282774561795
-0.441039683478716 -0.009936041802021801
-0.436672953939322 -0.009638840684372109
-0.432349459345864 -0.009341063657061721
-0.428068771629568 -0.009042567279168275
-0.423830466959968 -0.008743225826616663
-0.419634125702939 -0.008442931464003583
-0.415479332379147 -0.00814159418669232
-0.411365675622918 -0.007839141555716769
-0.407292748141503 -0.007535518249410999
-0.403260146674756 -0.00723068545651637
-0.399267471955204 -0.006924620135820425
-0.395314328668518 -0.006617314167187667
-0.391400325414375 -0.006308773418180297
-0.387525074667698 -0.005999016749387349
-0.383688192740295 -0.005688074980140344
-0.379889299742866 -0.005375989834538061
-0.376128019547392 -0.005062812885707706
-0.372403979749893 -0.004748604514048689
-0.368716811633558 -0.004433432892906792
-0.365066150132235 -0.004117373012767462
-0.361451633794292 -0.003800505752706556
-0.357872904746824 -0.003482917005533637
-0.354329608660222 -0.00316469686087677
-0.350821394713091 -0.002845938848413614
-0.347347915557516 -0.002526739241598521
-0.343908827284669 -0.002207196420593822
-0.340503789390762 -0.001887410291709957
-0.337132464743328 -0.001567481759501231
-0.33379451954785 -0.00124751224676462
-0.330489623314703 -0.0009276032570386463
-0.327217448826438 -0.0006078559738037794
-0.323977672105385 -0.0002883708904111772
-0.320769972381569 3.075253518345318e-05
-0.317594032060959 0.0003494162065655807
-0.314449536694019 0.0006675237011708633
-0.311336174944573 0.0009849805734938812
-0.308253638558984 0.001301694653279622
-0.305201622335627 0.001617576342046239
-0.30217982409468 0.001932538910495727
-0.299187944648198 0.002246498798557021
-0.296225687770494 0.002559375918984429
-0.293292760168805 0.002871093964642081
-0.290388871454263 0.003181580718845195
-0.287513734113132 0.00349076836743513
-0.284667063478348 0.003798593810628341
-0.281848577701335 0.004104998972137104
-0.279057997724094 0.004409931102593211
-0.276295047251578 0.004713343073930301
-0.273559452724335 0.005015193661100419
-0.27085094329142 0.005315447807304398
-0.268169250783585 0.005614076868801276
-0.265514109686717 0.005911058835335515
-0.262885257115562 0.006206378522252205
-0.260282432787685 0.0065000277304779
-0.257705378997708 0.006792005370689285
-0.25515384059179 0.007082317548193197
-0.252627564942366 0.007370977605259381
-0.250126301923135 0.007658006117890904
-0.247649803884292 0.007943430844253484
-0.245197825628012 0.008227286622209926
-0.24277012438417 0.008509615213583007
-0.240366459786307 0.008790465092868256
-0.237986593847829 0.009069891178094116
-0.235630290938444 0.00934795450128909
-0.233297317760836 0.009624721815451619
-0.23098744332756 0.00990026513382657
-0.228700438938179 0.01017466119530941
-0.226436078156613 0.0104479908463389
-0.224194136788725 0.01072033832356384
-0.221974392860124 0.01099179041077221
-0.219776626594182 0.01126243542381297
-0.217600620390279 0.01153236193963784
-0.215446158802257 0.01180165711026347
-0.213313028517086 0.01207040424155221
-0.211201018333748 0.01233867894449697
-0.209109919142325 0.01260654221659505
-0.207039523903292 0.01287402608541662
-0.204989627627022 0.01314109895808623
-0.202960027353487 0.01340763645345541
-0.200950522132166 0.01366996477994631
-0.198960913002144 0.01393852269271412
-0.19699100297242 0.01421335555629602
-0.195040597002396 0.01448439987205829
-0.19310950198257 0.01475534565760094
-0.191197526715416 0.01502645947682883
-0.189304481896452 0.01529791138605346
-0.187430180095497 0.01556980464791613
-0.185574435738115 0.0158422079015782
-0.183737065087243 0.01611516773738089
-0.181917886224993 0.01638871421952687
-0.180116719034647 0.01666286358043323
-0.178333385182818 0.01693761966927284
-0.1765677081018 0.01721297482184506
-0.17481951297208 0.01748891046157849
-0.173088626705029 0.01776539758706173
-0.171374877925772 0.01804239722886899
-0.169678096956209 0.01831986092169665
-0.167998115798227 0.01859773121795736
-0.166334768117057 0.01887594225756297
-0.164687889224809 0.01915442040163941
-0.163057316064167 0.01943308493339225
-0.161442887192244 0.01971184882621589
-0.159844442764598 0.01999061957687742
-0.158261824519404 0.02026930009987971
-0.156694875761787 0.0205477896777385
-0.155143441348303 0.02082598496080048
-0.153607367671588 0.02110378100930338
-0.152086502645136 0.02138107236963409
-0.150580695688254 0.02165775417610384
-0.149089797711142 0.02193372326907611
-0.147613661100141 0.02220887931988072
-0.14615213970311 0.0224831259526896
-0.14470508881496 0.02275637185334985
-0.143272365163327 0.02302853185511421
-0.141853826894383 0.02329952799124613
-0.140449333558795 0.0235692905046155
-0.139058746097817 0.0238377588046436
-0.137681926829522 0.02410488236228574
-0.13631873943517 0.02437062153417148
-0.134969048945713 0.024634948307536
-0.133632721728429 0.02489784695817995
-0.132309625473692 0.02515931461437864
-0.130999629181873 0.02541936172042123
-0.129702603150369 0.02567801239428877
-0.128418418960762 0.02593530467487435
-0.127146949466101 0.02619129065510344
-0.125888068778317 0.02644603649830982
-0.12464165225576 0.02669962233626832
-0.123407576490851 0.02695214204836544
-0.122185719297873 0.02720370292248479
-0.120975959700864 0.0274544251993129
-0.119778177921647 0.02770444150287788
-0.118592255367968 0.0279538961612634
-0.11741807462175 0.0282029444225314
-0.116255519427476 0.02845175157195877
-0.115104474680669 0.02870049195773213
-0.113964826416504 0.02894934793321122
-0.112836461798519 0.0291985087248042
-0.111719269107444 0.02944816923533041
-0.110613137730143 0.02969852879350914
-0.109517958148656 0.02994978986087854
-0.108433621929363 0.03020215670800095
-0.10736002171224 0.03045583407226549
-0.106297051200238 0.03071102580991184
-0.10524460514875 0.03096793355511043
-0.104202579355198 0.03122675539898541
-0.103170870648711 0.03148768460141065
-0.102149376879912 0.03175090834819531
-0.101137996910804 0.03201660656593884
-0.100136630604756 0.03228495080635821
-0.0991451788165905 0.03255610321128768
-0.0981635433827629 0.03283021556882373
-0.0971916271116464 0.03310742847023999
-0.0962293337739073 0.0333878705763538
-0.0952765680929776 0.03367165800097164
-0.0943332357356213 0.03395889381791641
-0.0933992433025954 0.03424966769693519
-0.0924744983194014 0.03454405567253111
-0.0915589092271301 0.03484212004846215
-0.09065238537339609 0.03514390943932483
-0.08975483700336249 0.03544945894930304
-0.0888661752508539 0.03575879048682985
-0.0879863121295584 0.03607191321258981
-0.0871151605243152 0.03638882411701016
-0.0862526341824903 0.03670950872214517
-0.085398647705436 0.03703394190167843
-0.0845531165400356 0.03736208881164702
-0.08371595697033229 0.03769390592345773
-0.08288708610923989 0.03802934214980902
-0.0820664218903365 0.03836834005326572
-0.0812538830597391 0.03871083712647602
-0.08044938916805849 0.03905676713234616
-0.0796528605624342 0.03940606149193387
-0.0788642183786477 0.03975865070736252
-0.07808338453331461 0.04011446580670883
-0.07731028171615301 0.04047343979757764
-0.0765448333823297 0.04083550911593625
-0.07578696374488091 0.041200615056752
-0.07503659776720881 0.04156870517304527
-0.07429366115565229 0.04193973463014648
-0.073558080352131 0.04231366750221527
-0.0728297825268624 0.04269047799845182
-0.0721086955711509 0.04307015160689783
-0.0713947480902484 0.04345268614428603
-0.0706878693962855 0.04383809270104738
-0.0699879895012728 0.04422639647133692
-0.0692950391101711 0.04461763745876519
-0.0686089496140308 0.04501187104944807
-0.0679296530831988 0.04540916844499106
-0.06725708226059279 0.04580961694910574
-0.06659117055504241 0.04621332010272913
-0.0659318520346955 0.0466203976637426
-0.0652790614204906 0.04703098542869785
-0.0646327340796936 0.04744523489532299
-0.0639928060194986 0.04786331276599455
-0.0633592138806917 0.04828540029382841
-0.0627318949313779 0.04871169247454332
-0.0621107870607702 0.04914239708874355
-0.0614958287730398 0.04957773360082453
-0.0608869591812276 0.05001793192220808
-0.0602841180012154 0.05046323104810404
-0.0596872455457578 0.05091387757843929
-0.0590962827185721 0.05137012413502531
-0.0585111710084872 0.05183222768833951
-0.0579318524836507 0.05230044780849091
-0.0573582697857928 0.05277504485610592
-0.0567903661245473 0.05325627812981253
-0.056228085271829 0.05374440398784673
-0.0556713715562664 0.05423967396195652
-0.0551201698576895 0.05474233288228513
-0.0545744256016727 0.05525261703219184
-0.0540340847541314 0.05577075235205036
-0.0534990938159717 0.05629695271095515
-0.0529693998177938 0.05683141826491117
-0.0524449503146473 0.05737433391952294
-0.0519256933808389 0.05792586791440514
-0.051411577604791 0.05848617054555053
-0.0509025520839515 0.05905537304066156
-0.0503985664197539 0.05963358660104649
-0.0498995707126277 0.06022090162208209
-0.0494055155570571 0.0608173871024679
-0.0489163520366902 0.06142309025057122
-0.0484320317194952 0.06203803629411012
-0.0479525066529656 0.06266222849724516
-0.0474777293593719 0.06329564838691189
-0.0470076528310613 0.06393825618790723
-0.0465422305258032 0.06458999146391228
-0.0460814163621814 0.06525077395930108
-0.0456251647150311 0.06592050463426473
-0.0451734304109219 0.06659906688354179
-0.044726168723685 0.06728632792686871
-0.0442833353699852 0.06798214035721388
-0.0438448865049358 0.06868634383095393
-0.0434107787177582 0.06939876688239152
-0.0429809690274834 0.07011922884346344
-0.0425554148786964 0.07084754184811251
-0.0421340741373232 0.07158351289970304
-0.0417169050864586 0.07232694597896275
-0.0413038664222363 0.07307764416929421
-0.0408949172497389 0.07383541177595696
-0.0404900170789494 0.07460005641552052
-0.0400891258207419 0.07537139105218781
-0.0396922037829128 0.07614923595804275
-0.0392992116662503 0.07693342057501357
-0.0389101105606439 0.07772378525735774
-0.0385248619412316 0.07852018287473247
-0.0381434276645857 0.07932248025741245
-0.0377657699649363 0.08013055946697187
-0.037391851450432 0.08094431887767789
-0.0370216350994376 0.08176367405597923
-0.036655084256869 0.08258855842777776
-0.0362921626305633 0.08341892372560152
-0.0359328342876865 0.08425474021033162
-0.0355770636511747 0.08509599666478465
-0.0352248154962126 0.08594270015908335
-0.0348760549467451 0.08679487559046573
-0.0345307474720249 0.08765256500282055
-0.0341888588831929 0.08851582669387194
-0.033850355329894 0.08938473412043688
-0.0335152032969248 0.09025937461461389
-0.0331833696009156 0.09113984792599958
-0.0328548213870451 0.09202626460711585
-0.0325295261257873 0.09291874426112003
-0.0322074516096904 0.09381741367249334
-0.0318885659501885 0.09472240484279675
-0.031572837574444 0.09563385295470588
-0.0312602352222218 0.09655189428836844
-0.0309507279427939 0.09747666411463685
-0.0306442850918751 0.09840829458995841
-0.0303408763285892 0.09934691267761479
-0.0300404716124646 0.100292638119591
-0.02974304120046 0.1012455814826452
-0.0294485556440198 0.1022058423011329
-0.0291569857861582 0.103173507337855
-0.0288683027585725 0.1041486489826368
-0.0285824779787846 0.1051313238065391
-0.0282994831473115 0.1061215712875596
-0.0280192902448629 0.1071194127214887
-0.0277418715295672 0.108124850329191
-0.027467199534225 0.1091378665690617
-0.0271952470635891 0.1101584236608126
-0.0269259871916724 0.1111864633240796
-0.0266593932590815 0.112221906732659
-0.0263954388703778 0.1132646546824791
-0.0261340978914631 0.1143145879688437
-0.0258753444469932 0.1153715679659103
-0.025619152917815 0.1164354373989656
-0.0253654979384307 0.1175060212977937
-0.0251143543944859 0.118583128117376
-0.024865697420283 0.1196665510102513
-0.0246195023963198 0.1207560692332561
-0.0243757449468513 0.1218514496699641
-0.0241344009374766 0.1229524484490056
-0.0238954464727491 0.1240588126376239
-0.023658857893811 0.1251702819892394
-0.0234246117760505 0.1262865907235418
-0.0231926849267826 0.1274074693176075
-0.0229630543829531 0.1285326462868658
-0.0227356974088645 0.1296618499352862
-0.0225105914939252 0.1307948100549753
-0.022287714350421 0.1319312595564467
-0.0220670439113079 0.1330709360121252
-0.0218485583280276 0.1342135830971155
-0.0216322359683442 0.1353589519129472
-0.0214180554142022 0.1365068021818187
-0.0212059954596061 0.1376569033007925
-0.0209960351085209 0.1388090352474365
-0.020788153572793 0.139962989330473
-0.0205823302700921 0.1411185687811414
-0.0203785448218733 0.1422755891830864
-0.0201767770513597 0.1434338787406753
-0.0199770069815443 0.1445932783877047
-0.0197792148332122 0.1457536417403953
-0.0195833810229823 0.1469148349004287
-0.0193894861613687 0.1480767361155013
-0.0191975110508601 0.1492392353064531
-0.0190074366840199 0.1504022334714003
-0.0188192442416038 0.1515656419785658
-0.0186329150906968 0.1527293817605105
-0.0184484307828682 0.1538933824233009
-0.0182657730523447 0.1550575812847739
-0.0180849238142027 0.1562219223564856
-0.0179058651625769 0.1573863552841383
-0.017728579368888 0.1585508342612748
-0.0175530488800872 0.1597153169308647
-0.017379256316918 0.1608797632890121
-0.017207184472196 0.1620441346044733
-0.017036816309105 0.163208392366958
-0.0168681349595099 0.164372497276335
-0.016701123722287 0.1655364082838784
-0.0165357660616703 0.1667000816955836
-0.0163720456056142 0.1678634703464223
-0.0162099461441724 0.1690265228531203
-0.0160494516278935 0.1701891829517537
-0.0158905461662312 0.1713513889251506
-0.0157332140259715 0.1725130731236649
-0.0155774396296747 0.1736741615816496
-0.0154232075541334 0.1748345737305816
-0.0152705025288449 0.1759942222085484
-0.0151193094344999 0.1771530127646141
-0.0149696133014851 0.1783108442554478
-0.0148213993084011 0.179467608730555
-0.0146746527805951 0.1806231916015127
-0.014529359188708 0.1817774718897683
-0.0143855041472357 0.1829303225468512
-0.0142430734131046 0.1840816108402264
-0.014102052884262 0.1852311987975246
-0.0139624285982792 0.1863789437015437
-0.0138241867309695 0.1875246986281514
-0.0136873135950193 0.1886683130190789
-0.013551795638633 0.1898096332815953
-0.0134176194441911 0.1909485034071449
-0.0132847717269219 0.1920847656011831
-0.013153239333586 0.1932182609167614
-0.0130230092411743 0.1943488298847549
-0.0128940685556181 0.1954763131340597
-0.012766404510513 0.1966005519955642
-0.0126400044658544 0.1977213890842836
-0.0125148559067866 0.1988386688545951
-0.0123909464423629 0.1999522381241312
-0.0122682638043197 0.2010619465625203
-0.0121467958458611 0.2021676471418392
-0.0120265305404566 0.2032691965461865
-0.0119074559806501 0.2043664555384825
-0.0117895603768812 0.2054592892830747
-0.0116728320563181 0.2065475676231232
-0.0115572594617011 0.2076311653116413
-0.0114428311501991 0.2087099621932761
-0.0113295357922763 0.2097838433248289
-0.0112173621705706 0.2108526989704725
-0.0111062991787828 0.2119164239580038
-0.010996335820577 0.2129749017257888
-0.0108874612084921 0.214028314204218
-0.0107796645628634 0.2150756563204944
-0.0106729352107559 0.2161181738180107
-0.0105672625849068 0.2171548604233803
-0.01046263622268 0.2181859256736208
-0.0103590457650297 0.2192112839876873
-0.010256480955475 0.2202308717623374
-0.0101549316390841 0.2212446308722574
-0.0100543877614694 0.222252507747215
-0.00995483936779152 0.2232544530563266
-0.009856276601773781 0.2242504214719154
-0.009758689704726511 0.2252403714479451
-0.00966206901458071 0.2262242650020322
-0.009566404964931391 0.2272020674998081
-0.00947168808409049 0.2281737474425753
-0.009377908994149 0.2291392762597428
-0.00928505841004851 0.2300986281075001
-0.00919312713866189 0.2310517796750775
-0.00910210607788306 0.2319987099997714
-0.0090119862157258 0.2329394002917097
-0.008922758629431491 0.2338738337691419
-0.008834414484585631 0.2348019955048445
-0.008746945034243199 0.2357238722840537
-0.008660341618062581 0.2366394524741689
-0.0085745956614481 0.2375487259063098
-0.00848969867470108 0.2384516837686548
-0.008405642252179289 0.2393483185113705
-0.00832241807146464 0.240238623762819
-0.00824001789253925 0.2411225942566333
-0.00815843355696956 0.2420002257691473
-0.00807765698709857 0.2428715150666053
-0.00799768018524611 0.2437364598615238
-0.00791849523291694 0.2445950587775145
-0.00784009429001677 0.2454473113218494
-0.00776246959407601 0.2462932178650324
-0.0076856134594812 0.2471327796266274
-0.00760951827671406 0.2479659986665887
-0.00753417651159808 0.2487928778813477
-0.00745958070455255 0.2496134210039296
-0.00738572346985401 0.2504276326073946
-0.00731259749490496 0.2512355181109293
-0.00724019553950986 0.2520370837879353
-0.00716851043515828 0.2528323367755261
-0.00709753508431513 0.2536212850848631
-0.00702726245971795 0.2544039376118078
-0.00695768560368114 0.2551803041474288
-0.00688879762740707 0.255950395387937
-0.00682059171030403 0.2567142229436651
-0.00675306109931092 0.2574717993467743
-0.00668619910822863 0.2582231380574022
-0.00661999911705805 0.2589682534680103
-0.0065544545713446 0.2597071609057493
-0.00648955898152931 0.2604398766326805
-0.00642530592230625 0.2611664178437579
-0.00636168903198638 0.2618868026624938
-0.00629870201186771 0.2626010501342554
-0.00623633862561159 0.2633091802172206
-0.00617459269862534 0.2640112137709859
-0.00611345811745083 0.2647071725428986
-0.00605292882915924 0.2653970791521747
-0.00599299884075172 0.2660809570719104
-0.00593366221856606 0.2667588306090985
-0.00587491308768917 0.2674307248827671
-0.00581674563137541 0.2680966658004015
-0.0057591540904707 0.268756680032786
-0.00570213276284228 0.2694107949874358
-0.00564567600281414 0.2700590387807757
-0.00558977822060806 0.2707014402092445
-0.00553443388179016 0.2713380287194835
-0.00547963750672293 0.2719688343777869
-0.0054253836700227 0.2725938878389816
-0.00537166700002248 0.2732132203148934
-0.00531848217824008 0.27382686354257
-0.00526582393885156 0.2744348497524043
-0.00521368706816986 0.2750372116363098
-0.00516206640412858 0.2756339823160904
-0.00511095683577087 0.2762251953121234
-0.00506035330274343 0.2768108845124888
-0.00501025079479548 0.2773910841426568
-0.00496064435128265 0.277965828735827
-0.00491152906067589 0.2785351531040197
-0.00486290006007514 0.2790990923100035
-0.00481475253472786 0.279657681640123
-0.00476708171755234 0.2802109565780969
-0.00471988288866568 0.280758952779843
-0.00467315137491651 0.2813017060493659
-0.00462688254942229 0.2818392523157432
-0.00458107183111118 0.2823716276112461
-0.00453571468426849 0.2828988680506004
-0.00449080661808762 0.2834210098114041
-0.00444634318622536 0.2839380891157043
-0.00440231998636175 0.2844501422127248
-0.00435873265976411 0.2849572053627418
-0.00431557689085555 0.2854593148220804
-0.00427284840678767 0.2859565068292188
-0.0042305429770175 0.2864488175919693
-0.00418865641288861 0.2869362832757045
-0.00414718456721645 0.2874189399925985
-0.00410612333387767 0.2878968237918365
-0.00406546864740364 0.2883699706507618
-0.00402521648257786 0.2888384164669114
-0.00398536285403748 0.2893021970508904
-0.0039459038158787 0.2897613481200509
-0.00390683546126603 0.2902159052929191
-0.00386815392204558 0.2906659040843216
-0.00382985536836196 0.2911113799011699
-0.00379193600827917 0.2915523680388465
-0.00375439208740512 0.2919889036781493
-0.00371721988851992 0.2924210218827485
-0.00368041573120784 0.2928487575971044
-0.00364397597149291 0.293272145644803
-0.00360789700147813 0.2936912207272683
-0.00357217524898825 0.2941060174228069
-0.00353680717721609 0.2945165701859411
-0.00350178928437236 0.2949229133469955
-0.00346711810333897 0.2953250811118963
-0.00343279020132572 0.2957231075621573
-0.00339880217953041 0.2961170266550043
-0.00336515067280239 0.2965068722236179
-0.00333183234930929 0.296892677977466
-0.00329884391020722 0.2972744775026903
-0.00326618208931408 0.2976523042625324
-0.00323384365278622 0.2980261915977706
-0.00320182539879824 0.2983961727271456
-0.00317012415722598 0.2987622807477632
-0.00313873678933265 0.2991245486354506
-0.00310766018745807 0.2994830092450564
-0.00307689127471096 0.2998376953106773
-0.00304642700466432 0.3001886394458024
-0.00301626436105378 0.3005358741433659
-0.00298640035747899 0.3008794317757003
-0.00295683203710791 0.3012193445943867
-0.00292755647238407 0.3015556447299866
-0.0028985707647367 0.3018883641916651
-0.00286987204429376 0.3022175348666959
-0.00284145746959779 0.3025431885198495
-0.00281332422732454 0.3028653567926624
-0.0027854695320045 0.3031840712025859
-0.00275789062574703 0.3034993631420293
-0.00273058477796735 0.3038112638772795
-0.00270354928511619 0.3041198045473205
-0.00267678147041207 0.304425016162544
-0.00265027868357631 0.3047269296033603
-0.0026240383005706 0.305025575618715
-0.00259805772333723 0.3053209848245133
-0.00257233437954181 0.3056131877019671
-0.00254686572231862 0.305902214595857
-0.00252164923001844 0.306188095712728
-0.00249668240595885 0.3064708611190243
-0.00247196277817708 0.3067505407391585
-0.00244748789918523 0.3070271643535369
-0.00242325534572795 0.3073007615965399
-0.00239926271854252 0.3075713619544617
-0.00237550764212131 0.3078389947634276
-0.00235198776447654 0.3081036892072835
-0.00232870075690747 0.3083654743154685
-0.00230564431376977 0.3086243789608806
-0.0022828161522473 0.3088804318577359
-0.00226021401212604 0.3091336615594373
-0.00223783565557034 0.3093840964564432
-0.00221567886690132 0.3096317647741524
-0.00219374145237755 0.3098766945708188
-0.00217202123997777 0.3101189137354791
-0.00215051607918591 0.3103584499859148
-0.00212922384077813 0.3105953308666564
-0.00210814241661201 0.3108295837470158
-0.00208726971941783 0.3110612358191723
-0.00206660368259191 0.311290314096299
-0.00204614225999199 0.3115168454107458
-0.00202588342573464 0.3117408564122765
-0.0020058251739947 0.3119623735663616
-0.00198596551880663 0.3121814231525342
-0.00196630249386795 0.3123980312628067
-0.00194683415234451 0.3126122238001572
-0.00192755856667773 0.3128240264770802
-0.00190847382839379 0.3130334648142104
-0.00188957804791465 0.3132405641390117
-0.00187086935437094 0.3134453495845447
-0.00185234589541677 0.3136478460883079
-0.0018340058370463 0.3138480783911488
-0.00181584736341218 0.3140460710362525
-0.00179786867664573 0.3142418483682092
-0.00178006799667894 0.3144354345321526
-0.00176244356106825 0.3146268534729793
-0.00174499362482005 0.3148161289346404
-0.00172771646021787 0.3150032844595114
-0.00171061035665136 0.3151883433878384
-0.00169367362044689 0.3153713288572564
-0.00167690457469989 0.3155522638023864
-0.00166030155910881 0.3157311709545037
-0.0016438629298107 0.3159080728412774
-0.00162758705921851 0.3160829917865857
-0.00161147233585991 0.3162559499104011
-0.00159551716421774 0.3164269691287448
-0.00157971996457202 0.3165960711537065
-0.00156407917284358 0.3167632774935384
-0.00154859324043919 0.3169286094528096
-0.00153326063409821 0.3170920881326257
-0.0015180798357408 0.3172537344309143
-0.00150304934231762 0.3174135690427658
-0.00148816766566101 0.3175716124608414
-0.00147343333233764 0.3177278849758351
-0.00145884488350261 0.3178824066769922
-0.00144440087475506 0.3180351974526831
-0.00143009987599511 0.3181862769910291
-0.00141594047128228 0.3183356647805849
-0.00140192125869533 0.3184833801110634
-0.0013880408501934 0.3186294420741134
-0.00137429787147861 0.3187738695641434
-0.00136069096186001 0.3189166812791875
-0.00134721877411882 0.3190578957218153
-0.00133387997437507 0.3191975312000845
-0.00132067324195552 0.319335605828531
-0.00130759726926289 0.3194721375291979
-0.00129465076164642 0.3196071440326992
-0.00128183243727369 0.3197406428793211
-0.00126914102700365 0.3198726514201534
-0.00125657527426104 0.3200031868182523
-0.00124413393491192 0.3201322660498323
-0.00123181577714052 0.3202599059054909
-0.00121961958132724 0.3203861229914546
-0.00120754413992796 0.3205109337308506
-0.00119558825735442 0.3206343543650055
-0.00118375074985586 0.3207564009547638
-0.00117203044540184 0.3208770893818276
-0.00116042618356618 0.3209964353501151
-0.00114893681541206 0.3211144543871395
-0.00113756120337828 0.3212311618454008
-0.00112629822116661 0.3213465729037975
-0.00111514675363031 0.3214607025690517
-0.00110410569666367 0.3215735656771443
-0.00109317395709274 0.3216851768947637
-0.00108235045256707 0.3217955507207682
-0.00107163411145255 0.321904701487655
-0.00106102387272529 0.3220126433630374
-0.00105051868586663 0.3221193903511317
-0.00104011751075904 0.3222249562942507
-0.00102981931758321 0.3223293548743021
-0.00101962308671605 0.3224325996142904
-0.00100952780862975 0.3225347038798256
-0.00099953248379183 0.3226356808806322
-0.0009896361225661681 0.322735543672061
-0.000979837745115018 0.3228343051566054
-0.000970136381301998 0.322931978085414
-0.000960531070596037 0.3230285750598034
-0.000951020861976275 0.3231241085327732
-0.000941604813837896 0.3232185908105183
-0.0009322819938989071 0.3233120340539368
-0.000923051479107828 0.3234044502801376
-0.000913912355552305 0.3234958513639442
-0.000904863718368619 0.3235862490393929
-0.000895904671652098 0.3236756549012287
-0.000887034328368414 0.3237640804063952
-0.000878251810265756 0.3238515368755191
-0.000869556247787878 0.3239380354943865
-0.000860946779987997 0.3240235873154176
-0.0008524225544435619 0.3241082032591286
-0.000843982727171843 0.3241918941155929
-0.00083562646254638 0.3242746705458894
-0.000827352933214237 0.3243565430835417
-0.000819161320014096 0.3244375221359569
-0.000811050811895145 0.3245176179858474
-0.000803020605836777 0.3245968407926463
-0.000795069906769086 0.324675200593917
-0.000787197927494145 0.3247527073067457
-0.000779403888608064 0.324829370729135
-0.000771687018423826 0.3249052005413744
-0.000764046552894877 0.3249802063074114
-0.000756481735539482 0.3250543974762085
-0.000748991817365824 0.3251277833830852
-0.000741576056797845 0.3252003732510583
-0.000734233719601827 0.3252721761921629
-0.00072696407881369 0.3253432012087645
-0.00071976641466702 0.3254134571948624
-0.000712640014521802 0.3254829529373806
-0.000705584172793863 0.3255516971174473
-0.000698598190885013 0.3256196983116594
-0.000691681377113875 0.3256869649933395
-0.0006848330466474 0.3257535055337809
-0.00067805252143307 0.325819328203479
-0.000671339130131752 0.3258844411733513
-0.00066469220805124 0.3259488525159455
-0.000658111097080435 0.3260125702066378
-0.0006515951456241939 0.3260756021248145
-0.000645143708538805 0.3261379560550445
-0.000638756147068124 0.326199639688244
-0.000632431828780321 0.3262606606228203
-0.000626170127505268 0.326321026365809
-0.000619970423272543 0.3263807443339986
-0.000613832102250043 0.3264398218550442
-0.00060775455668321 0.3264982661685666
-0.000601737184834862 0.3265560844272392
-0.000595779390925606 0.3266132836978668
-0.000589880585074857 0.3266698709624483
-0.000584040183242433 0.3267258531192304
-0.000578257607170726 0.3267812369837483
-0.000572532284327451 0.3268360292898523
-0.000566863647848961 0.3268902366907288
-0.00056125113648412 0.3269438657599045
-0.000555694194538733 0.3269969229922371
-0.000550192271820528 0.3270494148049017
-0.000544744823584681 0.3271013475383617
-0.000539351310479882 0.3271527274573258
-0.000534011198494933 0.3272035607516975
-0.000528723958905874 0.3272538535375121
-0.0005234890682236369 0.3273036118578619
-0.000518306008142215 0.3273528416838108
-0.000513174265487342 0.327401548915299
-0.000508093332165685 0.3274497393820349
-0.00050306270511454 0.3274974188443744
-0.0004980818862520199 0.3275445929941969
-0.000493150382427742 0.3275912674557626
-0.000488267705374002 0.3276374477865614
-0.000483433371657428 0.3276831394781535
-0.000478646902631117 0.3277283479569988
-0.000473907824387244 0.3277730785852745
-0.000469215667710143 0.3278173366616827
-0.000464569968029844 0.3278611274222514
-0.000459970265376083 0.3279044560411188
-0.000455416104332756 0.3279473276313137
-0.000450907033992828 0.3279897472455242
-0.000446442607913691 0.328031719876856
-0.000442022384072961 0.3280732504595811
-0.000437645924824714 0.3281143438698781
-0.000433312796856152 0.3281550049265614
-0.000429022571144705 0.3281952383918023
-0.00042477482291555 0.3282350489718404
-0.000420569131599554 0.3282744413176863
-0.000416405080791638 0.3283134200258163
-0.000412282258209542 0.3283519896388539
-0.000408200255653012 0.3283901546462476
-0.000404158668963379 0.3284279194849384
-0.000400157097983543 0.3284652885400155
-0.00039619514651836 0.3285022661453674
-0.000392272422295405 0.3285388565843245
-0.000388388536926144 0.3285750640902897
-0.000384543105867469 0.3286108928473663
-0.000380735748383633 0.3286463469909718
-0.000376966087508547 0.3286814306084449
-0.000373233750008463 0.3287161477396526
-0.000369538366345013 0.3287505023775772
-0.000365879570638626 0.3287844984689024
-0.000362257000632303 0.3288181399145933
-0.000358670297655746 0.3288514305704621
-0.000355119106589847 0.3288843742477339
-0.000351603075831532 0.328916974713601
-0.000348121857258943 0.3289492356917686
-0.000344675106196973 0.3289811608629986
-0.000341262481383142 0.3290127538656389
-0.000337883644933803 0.3290440182961526
-0.000334538262310697 0.3290749577096389
-0.000331226002287818 0.3291055756203412
-0.000327946536918632 0.3291358755021561
-0.000324699541503596 0.3291658607891324
-0.000321484694558016 0.329195534875963
-0.000318301677780214 0.3292249011184714
-0.000315150176020014 0.3292539628340919
-0.000312029877247538 0.3292827233023413
-0.000308940472522315 0.3293111857652886
-0.000305881655962688 0.329339353428015
-0.000302853124715533 0.3293672294590677
-0.00029985457892627 0.3293948169909097
-0.000296885721709178 0.3294221191203638
-0.000293946259117998 0.3294491389090495
-0.00029103590011683 0.3294758793838131
-0.000288154356551317 0.3295023435371544
-0.000285301343120116 0.3295285343276474
-0.000282476577346649 0.329554454680355
-0.000279679779551138 0.3295801074872369
-0.000276910672822909 0.3296054956075542
-0.000274168982992979 0.3296306218682694
-0.00027145443860691 0.3296554890644364
-0.00026876677089793 0.329680099959591
-0.000266105713760327 0.3297044572861342
-0.000263471003723096 0.3297285637457085
-0.000260862379923858 0.3297524220095725
-0.000258279584083027 0.329776034718969
-0.000255722360478245 0.3297994044854864
-0.000253190455919054 0.3298225338914182
-0.000250683619721836 0.3298454254901187
-0.000248201603684986 0.3298680818063509
-0.000245744162064343 0.3298905053366308
-0.000243311051548854 0.3299126985495671
-0.000240902031236489 0.3299346638861984
-0.000238516862610385 0.3299564037603241
-0.000236155309515233 0.3299779205588301
-0.000233817138133894 0.3299992166420145
-0.000231502116964252 0.3300202943439032
-0.000229210016796289 0.3300411559725651
-0.000226940610689395 0.3300618038104243
-0.000224693673949896 0.3300822401145642
-0.000222468984108808 0.3301024671170304
-0.00022026632089981 0.3301224870251299
-0.000218085466237435 0.3301423020217244
-0.000215926204195481 0.3301619142655216
-0.000213788320985624 0.330181325891364
-0.000211671604936262 0.3302005390105089
-0.000209575846471546 0.3302195557109098
-0.00020750083809064 0.3302383780574923
-0.000205446374347168 0.3302570080924271
-0.000203412251828879 0.3302754478353973
-0.000201398269137504 0.3302936992838661
-0.000199404226868816 0.3303117644133368
-0.000197429927592887 0.3303296451776118
-0.000195475175834542 0.3303473435090498
-0.000193539778054002 0.3303648613188164
-0.000191623542627725 0.3303822004971329
-0.00018972627982943 0.3303993629135228
-0.000187847801811317 0.330416350417053
-0.000185987922585462 0.330433164836575
-0.000184146458005408 0.3304498079809612
-0.000182323225747929 0.3304662816393365
-0.000180518045294979 0.3304825875813107
-0.000178730737915821 0.3304987275572047
-0.000176961126649328 0.3305147032982755
-0.000175209036286463 0.3305305165169388
-0.000173474293352934 0.3305461689069865
-0.000171756726092014 0.3305616621438051
-0.000170056164447538 0.3305769978845861
-0.000168372440047068 0.3305921777685391
-0.000166705386185215 0.3306072034171
-0.000165054837807144 0.3306220764341347
-0.000163420631492222 0.3306367984061431
-0.000161802605437843 0.3306513709024598
-0.000160200599443409 0.3306657954754517
-0.000158614454894465 0.3306800736607132
-0.000157044014746995 0.3306942069772587
-0.000155489123511876 0.3307081969277135
-0.000153949627239481 0.3307220449985025
-0.000152425373504437 0.3307357526600352
-0.000150916211390531 0.3307493213668897
-0.000149421991475774 0.3307627525579928
-0.000147942565817598 0.3307760476568003
-0.000146477787938216 0.3307892080714726
-0.000145027512810114 0.3308022351950503
-0.000143591596841697 0.3308151304056254
-0.000142169897863067 0.3308278950665129
-0.000140762275111947 0.3308405305264165
-0.00013936858921975 0.3308530381195973
-0.000137988702197772 0.3308654191660369
-0.000136622477423537 0.3308776749715984
-0.000135269779627264 0.3308898068281875
-0.000133930474878479 0.3309018160139092
-0.000132604430572752 0.330913703793227
-0.000131291515418566 0.3309254714171123
-0.000129991599424323 0.3309371201231997
-0.000128704553885468 0.3309486511359381
-0.000127430251371751 0.330960065666737
-0.000126168565714605 0.3309713649141143
-0.000124919371994658 0.3309825500638418
-0.000123682546529364 0.3309936222890868
-0.000122457966860757 0.3310045827505557
-0.000121245511743324 0.3310154325966322
-0.000120045061132003 0.331026172963515
-0.0001188564961703 0.3310368049753563
-0.000117679699178515 0.3310473297443943
-0.000116514553642094 0.3310577483710865
-0.000115360944200093 0.331068061944243
-0.000114218756633756 0.3310782715411554
-0.000113087877855204 0.3310883782277237
-0.000111968195896241 0.3310983830585845
-0.000110859599897269 0.3311082870772365
-0.000109761980096306 0.3311180913161647
-0.000108675227818124 0.3311277967969607
-0.00010759923546349 0.3311374045304446
-0.000106533896498505 0.3311469155167853
-0.000105479105444064 0.3311563307456168
-0.00010443475786541 0.331165651196155
-0.000103400750361792 0.3311748778373154
-0.00010237698055623 0.331184011627823
-0.000101363347085376 0.3311930535163269
-0.000100359749589481 0.3312020044415115
-9.93660887024564e-05 0.3312108653322057
-9.838226604203611e-05 0.3312196371074919
-9.74081842000357e-05 0.3312283206768112
-9.64437467327086e-05 0.3312369169400724
-9.548885815119661e-05 0.3312454267877555
-9.45434239120759e-05 0.3312538511010138
-9.36073504079959e-05 0.331262190751777
-9.26805449584118e-05 0.331270446602854
-9.17629158004077e-05 0.3312786195080297
-9.08543720796116e-05 0.3312867103121653
-8.995482384119961e-05 0.3312947198512955
-8.90641820209897e-05 0.3313026489527249
-8.81823584366235e-05 0.3313104984351244
-8.730926577883521e-05 0.3313182691086231
-8.64448176028071e-05 0.3313259617749016
-8.5588928319611e-05 0.3313335772272865
-8.474151318773359e-05 0.3313411162508394
-8.39024883046868e-05 0.3313485796224461
-8.307177059869981e-05 0.3313559681109061
-8.22492778204948e-05 0.3313632824770201
-8.143492853514339e-05 0.3313705234736775
-8.062864211400339e-05 0.3313776918459419
-7.9830338726736e-05 0.3313847883311354
-7.9039939333402e-05 0.3313918136589221
-7.82573656766356e-05 0.3313987685513907
-7.74825402738966e-05 0.3314056537231382
-7.671538640979859e-05 0.3314124698813489
-7.59558281285135e-05 0.3314192177258746
-7.5203790226251e-05 0.331425897949314
-7.44591982438129e-05 0.3314325112370911
-7.37219784592207e-05 0.3314390582675324
-7.299205788041651e-05 0.3314455397119416
-7.22693642380361e-05 0.3314519562346785
-7.155382597825361e-05 0.3314583084932303
-7.084537225569659e-05 0.3314645971382859
-7.01439329264323e-05 0.3314708228138107
-6.944943854102211e-05 0.3314769861571177
-6.876182033764561e-05 0.3314830877989374
-6.80810102352927e-05 0.3314891283634904
-6.74069408270225e-05 0.3314951084685558
-6.673954537328961e-05 0.3315010287255404
-6.607875779533621e-05 0.3315068897395467
-6.54245126686497e-05 0.3315126921094402
-6.477674521648491e-05 0.331518436427916
-6.41353913034504e-05 0.3315241232815648
-6.350038742915879e-05 0.3315297532509374
-6.28716707219394e-05 0.3315353269106097
-6.22491789326132e-05 0.3315408448292461
-6.16328504283299e-05 0.3315463075696624
-6.10226241864653e-05 0.3315517156888871
-6.04184397885795e-05 0.3315570697382235
-5.98202374144351e-05 0.3315623702633124
-5.92279578360744e-05 0.3315676178041885
-5.86415424119548e-05 0.3315728128953421
-5.80609330811434e-05 0.3315779560657789
-5.74860723575677e-05 0.3315830478390752
-5.69169033243245e-05 0.331588088733437
-5.6353369628044e-05 0.3315930792617577
-5.57954154733109e-05 0.3315980199316721
-5.52429856171395e-05 0.331602911245614
-5.46960253635045e-05 0.3316077537008701
-5.41544805579252e-05 0.3316125477896345
-5.36182975821042e-05 0.3316172939990623
-5.3087423348618e-05 0.3316219928113225
-5.25618052956614e-05 0.3316266447036519
-5.2041391381843e-05 0.3316312501484059
-5.15261300810327e-05 0.331635809613109
-5.10159703772601e-05 0.331640323560508
-5.05108617596634e-05 0.3316447924486202
-5.00107542174885e-05 0.3316492167307835
-4.95155982351372e-05 0.3316535968557071
-4.90253447872645e-05 0.3316579332675176
-4.85399453339253e-05 0.3316622264058091
-4.80593518157676e-05 0.3316664767056902
-4.75835166492748e-05 0.3316706845978301
-4.71123927220543e-05 0.3316748505085056
-4.66459333881726e-05 0.3316789748596491
-4.61840924635372e-05 0.3316830580688913
-4.5726824221324e-05 0.3316871005496062
-4.52740833874495e-05 0.3316911027109576
-4.48258251360886e-05 0.3316950649579421
-4.43820050852362e-05 0.3316989876914332
-4.39425792923131e-05 0.3317028713082228
-4.35075042498149e-05 0.3317067162010652
-4.30767368810049e-05 0.3317105227587197
-4.26502345356484e-05 0.3317142913659892
-4.22279549857905e-05 0.3317180224037654
-4.18098564215747e-05 0.3317217162490684
-4.13958974471037e-05 0.3317253732750847
-4.09860370763403e-05 0.3317289938512089
-4.05802347290498e-05 0.3317325783430841
-4.0178450226782e-05 0.3317361271126397
-3.97806437888931e-05 0.3317396405181291
-3.9386776028607e-05 0.3317431189141693
-3.89968079491158e-05 0.3317465626517793
-3.86107009397186e-05 0.3317499720784154
-3.82284167719987e-05 0.3317533475380091
-3.78499175960383e-05 0.3317566893710041
-3.74751659366716e-05 0.3317599979143928
-3.71041246897738e-05 0.3317632735017504
-3.67367571185879e-05 0.3317665164632713
-3.63730268500871e-05 0.3317697271258043
-3.60128978713733e-05 0.3317729058128872
-3.56563345261122e-05 0.3317760528447816
-3.53033015110022e-05 0.3317791685385043
-3.49537638722794e-05 0.3317822532078631
-3.46076870022568e-05 0.3317853071634911
-3.42650366358979e-05 0.3317883307128755
-3.39257788474236e-05 0.3317913241603935
-3.35898800469541e-05 0.3317942878073438
-3.32573069771823e-05 0.3317972219519774
-3.29280267100814e-05 0.331800126889529
-3.2602006643645e-05 0.3318030029122493
-3.22792144986584e-05 0.331805850309435
-3.19596183155034e-05 0.331808669367459
-3.16431864509934e-05 0.3318114603698009
-3.1329887575241e-05 0.3318142235970767
-3.10196906685555e-05 0.331816959327069
-3.07125650183718e-05 0.3318196678347539
-3.04084802162097e-05 0.3318223493923322
-3.0107406154663e-05 0.331825004269258
-2.98093130244188e-05 0.3318276327322644
-2.95141713113058e-05 0.3318302350453937
-2.92219517933721e-05 0.331832811470025
-2.89326255379921e-05 0.3318353622649006
-2.86461638990021e-05 0.3318378876861526
-2.83625385138635e-05 0.3318403879873316
-2.80817213008549e-05 0.3318428634194313
-2.7803684456292e-05 0.3318453142309158
-2.75284004517743e-05 0.3318477406677455
-2.72558420314597e-05 0.3318501429734024
-2.6985982209366e-05 0.3318525213889152
-2.6718794266699e-05 0.3318548761528842
-2.64542517492069e-05 0.3318572075015083
-2.61923284645613e-05 0.3318595156686068
-2.59329984797637e-05 0.3318618008856447
-2.56762361185779e-05 0.3318640633817579
-2.5422015958988e-05 0.3318663033837758
-2.51703128306812e-05 0.3318685211162456
-2.49211018125557e-05 0.3318707168014541
-2.46743582302531e-05 0.3318728906594524
-2.4430057653716e-05 0.331875042908079
-2.41881758947683e-05 0.331877173762981
-2.39486890047211e-05 0.3318792834376373
-2.37115732720011e-05 0.3318813721433792
-2.3476805219803e-05 0.3318834400894157
-2.32443616037654e-05 0.3318854874828523
-2.30142194096687e-05 0.331887514528712
-2.27863558511571e-05 0.3318895214299588
-2.25607483674823e-05 0.3318915083875188
-2.23373746212696e-05 0.3318934756002974
-2.21162124963065e-05 0.3318954232652029
-2.1897240095353e-05 0.3318973515771678
-2.16804357379733e-05 0.3318992607291651
-2.14657779583894e-05 0.331901150912231
-2.12532455033558e-05 0.331903022315485
-2.10428173300553e-05 0.3319048751261478
-2.08344726040151e-05 0.3319067095295611
-2.06281906970447e-05 0.3319085257092065
-2.04239511851927e-05 0.3319103238467253
-2.02217338467255e-05 0.3319121041219364
-2.00215186601242e-05 0.3319138667128551
-1.98232858021032e-05 0.3319156117957114
-1.96270156456467e-05 0.3319173395449677
-1.94326887580661e-05 0.3319190501333372
-1.92402858990753e-05 0.3319207437318019
-1.90497880188865e-05 0.3319224205096294
-1.88611762563232e-05 0.3319240806343903
-1.86744319369537e-05 0.3319257242719774
-1.84895365712413e-05 0.3319273515866202
-1.83064718527141e-05 0.3319289627409022
-1.81252196561526e-05 0.3319305578957786
-1.79457620357947e-05 0.3319321372105922
-1.77680812235591e-05 0.331933700843089
-1.75921596272862e-05 0.3319352489494368
-1.74179798289962e-05 0.3319367816842383
-1.72455245831646e-05 0.3319382992005491
-1.70747768150145e-05 0.3319398016498908
-1.69057196188262e-05 0.3319412891822701
-1.67383362562636e-05 0.3319427619461912
-1.65726101547164e-05 0.3319442200886715
-1.64085249056598e-05 0.331945663755259
-1.62460642630295e-05 0.3319470930900433
-1.60852121416134e-05 0.3319485082356723
-1.59259526154588e-05 0.3319499093333683
-1.57682699162958e-05 0.3319512965229407
-1.56121484319761e-05 0.3319526699427992
-1.54575727049268e-05 0.33195402972997
-1.53045274306206e-05 0.3319553760201088
-1.515299745606e-05 0.3319567089475154
-1.50029677782772e-05 0.3319580286451462
-1.48544235428487e-05 0.3319593352446278
-1.47073500424245e-05 0.3319606288762723
-1.45617327152718e-05 0.3319619096690887
-1.44175571438334e-05 0.3319631777507965
-1.42748090533004e-05 0.3319644332478383
-1.41334743101984e-05 0.3319656762853939
-1.39935389209886e-05 0.3319669069873923
-1.38549890306817e-05 0.331968125476524
-1.37178109214671e-05 0.3319693318742539
-1.35819910113535e-05 0.3319705263008326
-1.34475158528253e-05 0.3319717088753117
-1.33143721315102e-05 0.3319728797155522
-1.31825466648616e-05 0.3319740389382387
-1.3052026400853e-05 0.3319751866588896
-1.29227984166862e-05 0.3319763229918702
-1.27948499175111e-05 0.3319774480504054
-1.26681682351595e-05 0.3319785619465879
-1.25427408268906e-05 0.3319796647913921
-1.24185552741491e-05 0.3319807566946848
-1.22955992813357e-05 0.3319818377652363
-1.21738606745898e-05 0.3319829081107306
-1.2053327400584e-05 0.3319839678377773
-1.19339875253307e-05 0.3319850170519233
-1.18158292330007e-05 0.3319860558576614
-1.16988408247531e-05 0.3319870843584415
-1.15830107175774e-05 0.3319881026566817
-1.14683274431459e-05 0.3319891108537789
-1.13547796466791e-05 0.3319901090501177
-1.12423560858209e-05 0.3319910973450829
-1.11310456295256e-05 0.331992075837067
-1.10208372569561e-05 0.3319930446234807
-1.09117200563922e-05 0.3319940038007645
-1.08036832241506e-05 0.3319949534643968
-1.06967160635155e-05 0.3319958937089036
-1.05908079836787e-05 0.3319968246278688
-1.04859484986918e-05 0.331997746313944
-1.03821272264275e-05 0.3319986588588557
-1.0279333887552e-05 0.3319995623534164
-1.01775583045069e-05 0.3320004568875354
-1.00767904005019e-05 0.3320013425502238
-9.977020198516739e-06 0.3320022194296057
-9.878237820313601e-06 0.3320030876129283
-9.780433485459009e-06 0.3320039471865683
-9.68359751035546e-06 0.3320047982360416
-9.587720307282629e-06 0.332005640846013
-9.492792383448151e-06 0.332006475100303
-9.39880434004767e-06 0.3320073010818976
-9.30574687133433e-06 0.3320081188729557
-9.21361076369735e-06 0.3320089285548176
-9.12238689474986e-06 0.3320097302080139
-9.0320662324256e-06 0.3320105239122733
-8.942639834084751e-06 0.3320113097465301
-8.85409884562847e-06 0.3320120877889321
-8.76643450062225e-06 0.3320128581168491
-8.679638119427971e-06 0.3320136208068809
-8.593701108344519e-06 0.3320143759348645
-8.508614958756951e-06 0.3320151235758815
-8.42437124629401e-06 0.332015863804266
-8.34096162999407e-06 0.3320165966936128
-8.25837785147928e-06 0.332017322316783
-8.1766117341379e-06 0.3320180407459128
-8.09565518231475e-06 0.3320187520524204
-8.01550018050966e-06 0.3320194563070141
-7.93613879258382e-06 0.3320201535796968
-7.85756316097408e-06 0.3320208439397748
-7.77976550591493e-06 0.3320215274558658
-7.702738124668249e-06 0.3320222041959046
-7.62647339076064e-06 0.3320228742271497
-7.55096375322836e-06 0.3320235376161891
-7.47620173586966e-06 0.33202419442895
-7.40217993650461e-06 0.3320248447307031
-7.32889102624219e-06 0.33202548858607
-7.25632774875465e-06 0.3320261260590285
-7.18448291955906e-06 0.3320267572129206
-7.113349425306e-06 0.332027382110458
-7.04292022307524e-06 0.3320280008137292
-6.97318833967846e-06 0.3320286133842046
-6.90414687096877e-06 0.3320292198827424
-6.8357889811572e-06 0.3320298203695971
-6.76810790213584e-06 0.3320304149044236
-6.70109693280776e-06 0.3320310035462823
-6.63474943842353e-06 0.332031586353647
-6.56905884992428e-06 0.3320321633844112
-6.50401866329137e-06 0.3320327346958911
-6.43962243890235e-06 0.3320333003448335
-6.37586380089341e-06 0.3320338603874212
-6.31273643652813e-06 0.3320344148792784
-6.25023409557241e-06 0.3320349638754758
-6.18835058967565e-06 0.3320355074305375
-6.12707979175807e-06 0.3320360455984449
-6.06641563540403e-06 0.3320365784326428
-6.00635211426141e-06 0.3320371059860447
-5.94688328144694e-06 0.3320376283110391
-5.88800324895737e-06 0.3320381454594926
-5.82970618708651e-06 0.3320386574827562
-5.77198632384803e-06 0.332039164431672
-5.71483794440399e-06 0.3320396663565747
-5.658255390499e-06 0.3320401633073007
-5.6022330599e-06 0.33204065533319
-5.54676540584158e-06 0.3320411424830928
-5.49184693647681e-06 0.3320416248053737
-5.43747221433348e-06 0.3320421023479167
-5.38363585577572e-06 0.3320425751581303
-5.33033253047101e-06 0.3320430432829513
-5.27755696086239e-06 0.3320435067688509
-5.22530392164593e-06 0.3320439656618376
-5.17356823925339e-06 0.3320444200074643
-5.12234479133999e-06 0.3320448698508304
-5.07162850627722e-06 0.3320453152365867
-5.02141436265071e-06 0.3320457562089416
-4.97169738876308e-06 0.3320461928116638
-4.92247266214166e-06 0.3320466250880876
-4.87373530905115e-06 0.3320470530811161
-4.82548050401104e-06 0.3320474768332268
-4.77770346931786e-06 0.3320478963864758
-4.73039947457214e-06 0.3320483117825004
-4.68356383621004e-06 0.3320487230625249
-4.63719191703965e-06 0.3320491302673646
-4.59127912578183e-06 0.3320495334374285
-4.54582091661567e-06 0.3320499326127249
-4.50081278872839e-06 0.3320503278328654
-4.45625028586969e-06 0.3320507191370668
-4.41212899591058e-06 0.3320511065641575
-4.36844455040652e-06 0.3320514901525808
-4.32519262416487e-06 0.3320518699403964
-4.2823689348167e-06 0.3320522459652882
-4.23996924239277e-06 0.3320526182645649
-4.19798934890374e-06 0.3320529868751644
-4.15642509792449e-06 0.3320533518336591
-4.11527237418267e-06 0.3320537131762577
-4.07452710315115e-06 0.3320540709388084
-4.03418525064471e-06 0.3320544251568053
-3.9942428224205e-06 0.3320547758653891
-3.95469586378268e-06 0.3320551230993516
-3.91554045919077e-06 0.3320554668931395
-3.87677273187205e-06 0.3320558072808578
-3.83838884343767e-06 0.3320561442962733
-3.80038499350264e-06 0.3320564779728157
-3.76275741930955e-06 0.332056808343585
-3.72550239535599e-06 0.3320571354413524
-3.68861623302573e-06 0.3320574592985623
-3.6520952802235e-06 0.3320577799473385
-3.61593592101336e-06 0.3320580974194862
-3.58013457526076e-06 0.3320584117464944
-3.54468769827798e-06 0.3320587229595385
-3.50959178047324e-06 0.3320590310894861
-3.47484334700321e-06 0.3320593361668988
-3.44043895742892e-06 0.3320596382220331
-3.40637520537517e-06 0.3320599372848459
-3.37264871819324e-06 0.332060233384998
-3.33925615662697e-06 0.3320605265518554
-3.30619421448215e-06 0.3320608168144912
-3.27345961829915e-06 0.3320611042016915
-3.24104912702887e-06 0.332061388741957
-3.20895953171175e-06 0.3320616704635049
-3.17718765516015e-06 0.3320619493942725
-3.14573035164371e-06 0.3320622255619193
-3.11458450657793e-06 0.3320624989938322
-3.08374703621577e-06 0.332062769717125
-3.05321488734235e-06 0.332063037758642
-3.02298503697262e-06 0.3320633031449629
-2.9930544920521e-06 0.3320635659024025
-2.9634202891605e-06 0.3320638260570146
-2.93407949421831e-06 0.3320640836345953
-2.90502920219635e-06 0.3320643386606835
-2.87626653682807e-06 0.332064591160566
-2.84778865032482e-06 0.3320648411592783
-2.81959272309388e-06 0.3320650886816072
-2.79167596345929e-06 0.3320653337520945
-2.76403560738544e-06 0.3320655763950375
-2.7366689182034e-06 0.3320658166344934
-2.70957318634e-06 0.3320660544942802
-2.68274572904951e-06 0.3320662899979798
-2.65618389014803e-06 0.3320665231689409
-2.62988503975052e-06 0.3320667540302793
-2.60384657401042e-06 0.3320669826048824
-2.5780659148618e-06 0.3320672089154109
-2.55254050976416e-06 0.3320674329842992
-2.52726783144966e-06 0.3320676548337612
-2.50224537767293e-06 0.3320678744857899
-2.4774706709633e-06 0.3320680919621589
-2.4529412583795e-06 0.3320683072844275
-2.42865471126683e-06 0.3320685204739405
-2.40460862501667e-06 0.332068731551831
-2.38080061882838e-06 0.3320689405390226
-2.35722833547365e-06 0.3320691474562311
-2.33388944106302e-06 0.3320693523239677
-2.31078162481487e-06 0.3320695551625395
-2.2879025988266e-06 0.3320697559920521
-2.26525009784812e-06 0.3320699548324126
-2.24282187905755e-06 0.3320701517033303
-2.22061572183915e-06 0.3320703466243184
-2.19862942756352e-06 0.3320705396146974
-2.17686081936982e-06 0.3320707306935962
-2.15530774195032e-06 0.3320709198799536
-2.13396806133695e-06 0.3320711071925211
-2.11283966469005e-06 0.3320712926498636
-2.09192046008916e-06 0.3320714762703625
-2.0712083763259e-06 0.3320716580722171
-2.05070136269891e-06 0.3320718380734457
-2.0303973888108e-06 0.3320720162918885
-2.01029444436713e-06 0.3320721927452083
-1.99039053897736e-06 0.3320723674508928
-1.97068370195778e-06 0.3320725404262574
-1.95117198213641e-06 0.3320727116884452
-1.93185344765982e-06 0.3320728812544281
-1.9127261858018e-06 0.3320730491410112
-1.89378830277406e-06 0.332073215364833
-1.87503792353867e-06 0.332073379942367
-1.85647319162245e-06 0.3320735428899222
-1.83809226893311e-06 0.3320737042236468
-1.81989333557734e-06 0.3320738639595296
-1.80187458968054e-06 0.3320740221134
-1.78403424720845e-06 0.3320741787009306
-1.76637054179055e-06 0.3320743337376387
-1.74888172454509e-06 0.3320744872388884
-1.73156606390603e-06 0.3320746392198904
-1.71442184545152e-06 0.3320747896957054
-1.69744737173418e-06 0.3320749386812446
-1.68064096211305e-06 0.3320750861912715
-1.66400095258717e-06 0.3320752322404028
-1.64752569563087e-06 0.332075376843111
-1.63121356003056e-06 0.3320755200137254
-1.61506293072333e-06 0.3320756617664317
-1.59907220863696e-06 0.3320758021152764
-1.58323981053164e-06 0.3320759410741664
-1.56756416884321e-06 0.3320760786568708
-1.55204373152793e-06 0.3320762148770222
-1.53667696190884e-06 0.3320763497481182
-1.52146233852361e-06 0.3320764832835224
-1.50639835497387e-06 0.3320766154964658
-1.49148351977611e-06 0.3320767464000491
-1.47671635621397e-06 0.3320768760072421
-1.46209540219205e-06 0.3320770043308867
-1.44761921009113e-06 0.3320771313836974
-1.43328634662489e-06 0.3320772571782626
-1.41909539269791e-06 0.3320773817270465
-1.40504494326525e-06 0.3320775050423889
-1.39113360719332e-06 0.3320776271365075
-1.3773600071221e-06 0.3320777480214996
-1.36372277932881e-06 0.3320778677093416
-1.35022057359288e-06 0.3320779862118918
-1.33685205306226e-06 0.3320781035408917
-1.32361589412105e-06 0.3320782197079652
-1.31051078625847e-06 0.3320783347246214
-1.29753543193907e-06 0.3320784486022558
-1.28468854647433e-06 0.3320785613521506
-1.27196885789538e-06 0.3320786729854758
-1.25937510682711e-06 0.3320787835132907
-1.24690604636347e-06 0.3320788929465474
-1.23456044194403e-06 0.3320790012960863
-1.22233707123171e-06 0.3320791085726408
-1.2102347239918e-06 0.3320792147868397
-1.19825220197208e-06 0.3320793199492058
-1.18638831878423e-06 0.3320794240701567
-1.17464189978637e-06 0.3320795271600078
-1.1630117819667e-06 0.3320796292289719
-1.15149681382842e-06 0.3320797302871609
-1.14009585527566e-06 0.3320798303445859
-1.12880777750065e-06 0.3320799294111592
-1.11763146287194e-06 0.3320800274966946
-1.1065658048237e-06 0.3320801246109092
-1.09560970774624e-06 0.3320802207634237
-1.08476208687746e-06 0.332080315963763
-1.07402186819551e-06 0.332080410221358
-1.06338798831238e-06 0.3320805035455465
-1.0528593943687e-06 0.332080595945573
-1.0424350439294e-06 0.3320806874305904
-1.0321139048806e-06 0.3320807780096615
-1.02189495532732e-06 0.3320808676917594
-1.0117771834924e-06 0.3320809564857676
-1.00175958761624e-06 0.3320810444004826
-9.918411758576589e-07 0.3320811314446129
-9.82020966195702e-07 0.3320812176267804
-9.722979863323779e-07 0.3320813029555227
-9.626712735964141e-07 0.332081387439292
-9.53139874847935e-07 0.3320814710864574
-9.43702846384094e-07 0.3320815539053039
-9.34359253845637e-07 0.332081635904036
-9.25108172124393e-07 0.3320817170907756
-9.15948685271677e-07 0.332081797473565
-9.06879886407601e-07 0.3320818770603663
-8.97900877631288e-07 0.3320819558590629
-8.89010769931968e-07 0.3320820338774607
-8.80208683100958e-07 0.3320821111232867
-8.71493745644513e-07 0.3320821876041927
-8.62865094697538e-07 0.3320822633277548
-8.54321875938156e-07 0.3320823383014733
-8.45863243503125e-07 0.3320824125327742
-8.374883599040841e-07 0.3320824860290102
-8.29196395944638e-07 0.3320825587974616
-8.20986530638255e-07 0.332082630845336
-8.12857951126986e-07 0.3320827021797695
-8.04809852600976e-07 0.3320827728078277
-7.96841438218788e-07 0.3320828427365064
-7.88951919028503e-07 0.3320829119727324
-7.81140513889607e-07 0.3320829805233629
-7.7340644939565e-07 0.3320830483951882
-7.65748959797673e-07 0.3320831155949303
-7.5816728692839e-07 0.3320831821292449
-7.50660680127118e-07 0.3320832480047228
-7.43228396165464e-07 0.3320833132278885
-7.35869699173726e-07 0.3320833778052023
-7.28583860568046e-07 0.3320834417430596
-7.21370158978263e-07 0.3320835050477936
-7.142278801764981e-07 0.3320835677256747
-7.07156317006434e-07 0.3320836297829103
-7.00154769313301e-07 0.3320836912256471
-6.93222543874555e-07 0.3320837520599705
-6.86358954331243e-07 0.3320838122919058
-6.795633211200431e-07 0.3320838719274182
-6.728349714059829e-07 0.3320839309724151
-6.66173239015824e-07 0.3320839894327437
-6.59577464372103e-07 0.3320840473141943
-6.530469944278249e-07 0.3320841046224997
-6.46581182601807e-07 0.3320841613633357
-6.40179388714661e-07 0.3320842175423221
-6.33840978925406e-07 0.332084273165023
-6.27565325668719e-07 0.3320843282369472
-6.21351807592791e-07 0.3320843827635486
-6.15199809497813e-07 0.3320844367502283
-6.09108722275063e-07 0.3320844902023328
-6.03077942846597e-07 0.3320845431251558
-5.97106874105541e-07 0.3320845955239393
-5.91194924856971e-07 0.3320846474038722
-5.85341509759378e-07 0.3320846987700929
-5.79546049266711e-07 0.3320847496276889
-5.73807969571e-07 0.3320847999816964
-5.68126702545545e-07 0.3320848498371031
-5.62501685688658e-07 0.3320848991988458
-5.56932362067979e-07 0.3320849480718137
-5.51418180265325e-07 0.332084996460847
-5.45958594322104e-07 0.3320850443707377
-5.40553063685252e-07 0.3320850918062309
-5.35201053153715e-07 0.3320851387720243
-5.2990203282546e-07 0.3320851852727697
-5.246554780450099e-07 0.3320852313130715
-5.19460869351495e-07 0.3320852768974899
-5.14317692427223e-07 0.3320853220305396
-5.09225438046755e-07 0.3320853667166894
-5.0418360202649e-07 0.3320854109603652
-4.99191685174743e-07 0.3320854547659492
-4.9424919324232e-07 0.3320854981377794
-4.89355636873584e-07 0.3320855410801507
-4.84510531558004e-07 0.3320855835973159
-4.79713397582182e-07 0.3320856256934862
-4.74963759982358e-07 0.3320856673728295
-4.70261148497384e-07 0.3320857086394745
-4.65605097522163e-07 0.3320857494975076
-4.60995146061547e-07 0.332085789950975
-4.564308376847e-07 0.3320858300038829
-4.51911720479901e-07 0.3320858696601975
-4.47437347009803e-07 0.3320859089238468
-4.43007274267132e-07 0.3320859477987185
-4.38621063630824e-07 0.3320859862886626
-4.34278280822598e-07 0.332086024397491
-4.29978495863958e-07 0.3320860621289781
-4.25721283033622e-07 0.3320860994868596
-4.21506220825368e-07 0.3320861364748351
-4.17332891906305e-07 0.3320861730965685
-4.1320088307555e-07 0.3320862093556853
-4.09109785223316e-07 0.3320862452557768
-4.05059193290412e-07 0.3320862808003983
-4.01048706228131e-07 0.3320863159930696
-3.97077926958546e-07 0.3320863508372759
-3.93146462335194e-07 0.3320863853364673
-3.89253923104152e-07 0.332086419494061
-3.85399923865497e-07 0.3320864533134394
-3.81584083035146e-07 0.3320864867979511
-3.77806022807075e-07 0.3320865199509122
-3.74065369115916e-07 0.3320865527756062
-3.70361751599916e-07 0.3320865852752837
-3.66694803564274e-07 0.3320866174531625
-3.63064161944825e-07 0.3320866493124293
-3.59469467272104e-07 0.3320866808562391
-3.55910363635747e-07 0.3320867120877159
-3.52386498649254e-07 0.3320867430099523
-3.48897523415103e-07 0.3320867736260103
-3.45443092490201e-07 0.3320868039389216
-3.42022863851684e-07 0.3320868339516876
-3.38636498863054e-07 0.3320868636672816
-3.35283662240647e-07 0.3320868930886458
-3.31964022020443e-07 0.3320869222186932
-3.28677249525191e-07 0.3320869510603086
-3.25423019331872e-07 0.3320869796163483
-3.22201009239478e-07 0.3320870078896399
-3.19010900237107e-07 0.3320870358829829
-3.15852376472383e-07 0.3320870635991501
-3.12725125220181e-07 0.3320870910408855
-3.09628836851664e-07 0.3320871182109066
-3.06563204803628e-07 0.3320871451119041
-3.03527925548147e-07 0.3320871717465415
-3.00522698562521e-07 0.3320871981174568
-2.97547226299526e-07 0.3320872242272615
-2.94601214157947e-07 0.3320872500785407
-2.91684370453412e-07 0.332087275673854
-2.88796406389517e-07 0.3320873010157362
-2.85937036029225e-07 0.3320873261066971
-2.83105976266559e-07 0.3320873509492208
-2.80302946798574e-07 0.3320873755457679
-2.77527670097598e-07 0.3320873998987734
-2.7477987138376e-07 0.3320874240106488
-2.72059278597782e-07 0.3320874478837827
-2.69365622374042e-07 0.3320874715205387
-2.66698636013903e-07 0.3320874949232566
-2.6405805545931e-07 0.3320875180942545
-2.61443619266643e-07 0.332087541035827
-2.58855068580835e-07 0.3320875637502452
-2.56292147109738e-07 0.3320875862397584
-2.5375460109875e-07 0.3320876085065942
-2.51242179305693e-07 0.3320876305529574
-2.48754632975934e-07 0.3320876523810303
-2.46291715817756e-07 0.3320876739929753
-2.43853183977976e-07 0.3320876953909324
-2.41438796017798e-07 0.3320877165770195
-2.39048312888909e-07 0.3320877375533353
-2.36681497909811e-07 0.3320877583219564
-2.34338116742387e-07 0.3320877788849401
-2.320179373687e-07 0.332087799244322
-2.2972073006802e-07 0.3320878194021177
-2.27446267394079e-07 0.3320878393603248
-2.25194324152554e-07 0.3320878591209181
-2.22964677378766e-07 0.3320878786858545
-2.2075710631561e-07 0.3320878980570717
-2.18571392391693e-07 0.332087917236488
-2.16407319199696e-07 0.3320879362260024
-2.14264672474947e-07 0.3320879550274952
-2.12143240074205e-07 0.3320879736428278
-2.10042811954658e-07 0.3320879920738437
-2.07963180153127e-07 0.3320880103223685
-2.05904138765472e-07 0.3320880283902084
-2.0386548392621e-07 0.3320880462791528
-2.01847013788327e-07 0.3320880639909731
-1.99848528503294e-07 0.3320880815274231
-1.97869830201281e-07 0.3320880988902393
-1.95910722971565e-07 0.3320881160811406
-1.93971012843134e-07 0.3320881331018298
-1.92050507765479e-07 0.332088149953992
-1.90149017589583e-07 0.332088166639296
-1.88266354049092e-07 0.3320881831593937
-1.86402330741676e-07 0.3320881995159207
-1.8455676311057e-07 0.3320882157104974
-1.82729468426307e-07 0.3320882317447269
-1.80920265768621e-07 0.3320882476201968
-1.79128976008535e-07 0.3320882633384794
-1.77355421790629e-07 0.3320882789011308
-1.75599427515474e-07 0.3320882943096921
-1.73860819322252e-07 0.3320883095656889
-1.72139425071536e-07 0.3320883246706318
-1.70435074328254e-07 0.3320883396260166
-1.68747598344806e-07 0.3320883544333246
-1.67076830044362e-07 0.3320883690940213
-1.65422604004319e-07 0.3320883836095584
-1.6378475643992e-07 0.3320883979813739
-1.62163125188039e-07 0.3320884122108906
-1.60557549691128e-07 0.3320884262995167
-1.58967870981315e-07 0.3320884402486477
-1.57393931664668e-07 0.3320884540596653
-1.55835575905612e-07 0.3320884677339365
-1.54292649411497e-07 0.3320884812728154
-1.52764999417324e-07 0.3320884946776427
-1.51252474670618e-07 0.3320885079497461
-1.49754925416453e-07 0.3320885210904387
-1.48272203382627e-07 0.3320885341010222
-1.46804161764977e-07 0.3320885469827853
-1.45350655212849e-07 0.332088559737003
-1.43911539814702e-07 0.3320885723649384
-1.42486673083863e-07 0.3320885848678419
-1.41075913944419e-07 0.3320885972469511
-1.39679122717246e-07 0.3320886095034923
-1.38296161106185e-07 0.3320886216386787
-1.36926892184341e-07 0.3320886336537113
-1.35571180380536e-07 0.3320886455497818
-1.34228891465877e-07 0.3320886573280669
-1.32899892540472e-07 0.332088668989732
-1.3158405202027e-07 0.3320886805359329
-1.30281239624029e-07 0.3320886919678123
-1.28991326360425e-07 0.3320887032865025
-1.27714184515272e-07 0.332088714493124
-1.26449687638883e-07 0.3320887255887867
-1.25197710533548e-07 0.3320887365745891
-1.23958129241137e-07 0.3320887474516189
-1.22730821030828e-07 0.3320887582209527
-1.21515664386959e-07 0.3320887688836578
-1.20312538996989e-07 0.3320887794407896
-1.19121325739593e-07 0.3320887898933929
-1.17941906672864e-07 0.3320888002425032
-1.16774165022638e-07 0.3320888104891455
-1.15617985170929e-07 0.3320888206343339
-1.14473252644484e-07 0.3320888306790726
-1.13339854103449e-07 0.3320888406243567
-1.12217677330148e-07 0.3320888504711711
-1.11106611217968e-07 0.3320888602204905
-1.10006545760365e-07 0.3320888698732801
-1.08917372039965e-07 0.332088879430496
-1.07838982217787e-07 0.3320888888930844
-1.06771269522561e-07 0.3320888982619819
-1.0571412824016e-07 0.3320889075381163
-1.04667453703129e-07 0.3320889167224064
-1.03631142280325e-07 0.3320889258157618
-1.02605091366659e-07 0.3320889348190825
-1.01589199372929e-07 0.33208894373326
-1.00583365715772e-07 0.3320889525591769
1.00583365715772e-07 0.3320907177131057
1.01589199372929e-07 0.3320907265387298
1.02605091366659e-07 0.3320907354526089
1.03631142280325e-07 0.3320907444556249
1.04667453703129e-07 0.332090753548669
1.0571412824016e-07 0.3320907627326426
1.06771269522561e-07 0.3320907720084545
1.07838982217787e-07 0.3320907813770225
1.08917372039965e-07 0.3320907908392746
1.10006545760365e-07 0.3320908003961474
1.11106611217968e-07 0.332090810048587
1.12217677330148e-07 0.3320908197975497
1.13339854103449e-07 0.332090829644
1.14473252644484e-07 0.3320908395889128
1.15617985170929e-07 0.3320908496332732
1.16774165022638e-07 0.3320908597780751
1.17941906672864e-07 0.332090870024323
1.19121325739593e-07 0.3320908803730314
1.20312538996989e-07 0.3320908908252247
1.21515664386959e-07 0.332090901381938
1.22730821030828e-07 0.332090912044216
1.23958129241137e-07 0.332090922813115
1.25197710533548e-07 0.3320909336897007
1.26449687638883e-07 0.3320909446750501
1.27714184515272e-07 0.3320909557702505
1.28991326360425e-07 0.3320909669764007
1.30281239624029e-07 0.3320909782946103
1.3158405202027e-07 0.3320909897259989
1.32899892540472e-07 0.3320910012716994
1.34228891465877e-07 0.3320910129328544
1.35571180380536e-07 0.3320910247106184
1.36926892184341e-07 0.3320910366061569
1.38296161106185e-07 0.3320910486206483
1.39679122717246e-07 0.3320910607552822
1.41075913944419e-07 0.3320910730112592
1.42486673083863e-07 0.3320910853897936
1.43911539814702e-07 0.3320910978921102
1.45350655212849e-07 0.332091110519447
1.46804161764977e-07 0.3320911232730543
1.48272203382627e-07 0.3320911361541943
1.49754925416453e-07 0.3320911491641427
1.51252474670618e-07 0.3320911623041871
1.52764999417324e-07 0.3320911755756288
1.54292649411497e-07 0.3320911889797816
1.55835575905612e-07 0.3320912025179728
1.57393931664668e-07 0.3320912161915423
1.58967870981315e-07 0.3320912300018439
1.60557549691128e-07 0.3320912439502452
1.62163125188039e-07 0.3320912580381265
1.6378475643992e-07 0.3320912722668828
1.65422604004319e-07 0.3320912866379225
1.67076830044362e-07 0.3320913011526689
1.68747598344806e-07 0.3320913158125592
1.70435074328254e-07 0.3320913306190444
1.72139425071536e-07 0.3320913455735903
1.73860819322252e-07 0.3320913606776766
1.75599427515474e-07 0.3320913759327999
1.77355421790629e-07 0.3320913913404701
1.79128976008535e-07 0.3320914069022123
1.80920265768621e-07 0.3320914226195675
1.82729468426307e-07 0.332091438494092
1.8455676311057e-07 0.3320914545273564
1.86402330741676e-07 0.3320914707209485
1.88266354049092e-07 0.3320914870764717
1.90149017589583e-07 0.3320915035955452
1.92050507765479e-07 0.3320915202798041
1.93971012843134e-07 0.3320915371309001
1.95910722971565e-07 0.3320915541505021
1.97869830201281e-07 0.3320915713402943
1.99848528503294e-07 0.332091588701979
2.01847013788327e-07 0.3320916062372751
2.0386548392621e-07 0.3320916239479179
2.05904138765472e-07 0.3320916418356611
2.07963180153127e-07 0.3320916599022757
2.10042811954658e-07 0.3320916781495508
2.12143240074205e-07 0.3320916965792924
2.14264672474947e-07 0.3320917151933241
2.16407319199696e-07 0.33209173399349
2.18571392391693e-07 0.3320917529816514
2.2075710631561e-07 0.3320917721596867
2.22964677378766e-07 0.3320917915294957
2.25194324152554e-07 0.332091811092996
2.27446267394079e-07 0.3320918308521236
2.2972073006802e-07 0.3320918508088349
2.320179373687e-07 0.3320918709651059
2.34338116742387e-07 0.3320918913229322
2.36681497909811e-07 0.3320919118843289
2.39048312888909e-07 0.3320919326513315
2.41438796017798e-07 0.3320919536259961
2.43853183977976e-07 0.3320919748103988
2.46291715817756e-07 0.3320919962066366
2.48754632975934e-07 0.3320920178168286
2.51242179305693e-07 0.3320920396431137
2.5375460109875e-07 0.3320920616876526
2.56292147109738e-07 0.3320920839526275
2.58855068580835e-07 0.3320921064402431
2.61443619266643e-07 0.3320921291527248
2.6405805545931e-07 0.3320921520923212
2.66698636013903e-07 0.3320921752613045
2.69365622374042e-07 0.3320921986619675
2.72059278597782e-07 0.332092222296626
2.7477987138376e-07 0.3320922461676208
2.77527670097598e-07 0.3320922702773149
2.80302946798574e-07 0.3320922946280947
2.83105976266559e-07 0.3320923192223711
2.85937036029225e-07 0.3320923440625785
2.88796406389517e-07 0.3320923691511766
2.91684370453412e-07 0.3320923944906492
2.94601214157947e-07 0.3320924200835043
2.97547226299526e-07 0.3320924459322749
3.00522698562521e-07 0.3320924720395205
3.03527925548147e-07 0.332092498407826
3.06563204803628e-07 0.3320925250398014
3.09628836851664e-07 0.332092551938083
3.12725125220181e-07 0.3320925791053337
3.15852376472383e-07 0.3320926065442427
3.19010900237107e-07 0.3320926342575269
3.22201009239478e-07 0.3320926622479292
3.25423019331872e-07 0.3320926905182208
3.28677249525191e-07 0.3320927190712004
3.31964022020443e-07 0.3320927479096939
3.35283662240647e-07 0.3320927770365562
3.38636498863054e-07 0.3320928064546714
3.42022863851684e-07 0.3320928361669517
3.45443092490201e-07 0.3320928661763379
3.48897523415103e-07 0.3320928964858008
3.52386498649254e-07 0.3320929270983409
3.55910363635747e-07 0.3320929580169886
3.59469467272104e-07 0.3320929892448044
3.63064161944825e-07 0.33209302078488
3.66694803564274e-07 0.332093052640338
3.70361751599916e-07 0.3320930848143314
3.74065369115916e-07 0.3320931173100448
3.77806022807075e-07 0.3320931501306951
3.81584083035146e-07 0.3320931832795315
3.85399923865497e-07 0.3320932167598356
3.89253923104152e-07 0.3320932505749214
3.93146462335194e-07 0.3320932847281364
3.97077926958546e-07 0.3320933192228614
4.01048706228131e-07 0.3320933540625112
4.05059193290412e-07 0.3320933892505349
4.09109785223316e-07 0.3320934247904148
4.1320088307555e-07 0.3320934606856696
4.17332891906305e-07 0.3320934969398525
4.21506220825368e-07 0.3320935335565522
4.25721283033622e-07 0.332093570539394
4.29978495863958e-07 0.3320936078920377
4.34278280822598e-07 0.3320936456181818
4.38621063630824e-07 0.3320936837215603
4.43007274267132e-07 0.3320937222059448
4.47437347009803e-07 0.3320937610751454
4.51911720479901e-07 0.3320938003330092
4.564308376847e-07 0.3320938399834225
4.60995146061547e-07 0.33209388003031
4.65605097522163e-07 0.3320939204776354
4.70261148497384e-07 0.3320939613294039
4.74963759982358e-07 0.3320940025896583
4.79713397582182e-07 0.3320940442624826
4.84510531558004e-07 0.3320940863520025
4.89355636873584e-07 0.3320941288623841
4.9424919324232e-07 0.332094171797835
4.99191685174743e-07 0.3320942151626056
5.0418360202649e-07 0.3320942589609887
5.09225438046755e-07 0.3320943031973186
5.14317692427223e-07 0.3320943478759746
5.19460869351495e-07 0.3320943930013798
5.246554780450099e-07 0.3320944385780005
5.2990203282546e-07 0.3320944846103477
5.35201053153715e-07 0.3320945311029786
5.40553063685252e-07 0.3320945780604948
5.45958594322104e-07 0.3320946254875437
5.51418180265325e-07 0.3320946733888205
5.56932362067979e-07 0.3320947217690674
5.62501685688658e-07 0.3320947706330717
5.68126702545545e-07 0.3320948199856705
5.73807969571e-07 0.3320948698317496
5.79546049266711e-07 0.3320949201762426
5.85341509759378e-07 0.3320949710241327
5.91194924856971e-07 0.3320950223804522
5.97106874105541e-07 0.3320950742502848
6.03077942846597e-07 0.332095126638765
6.09108722275063e-07 0.3320951795510776
6.15199809497813e-07 0.3320952329924606
6.21351807592791e-07 0.3320952869682032
6.27565325668719e-07 0.3320953414836479
6.33840978925406e-07 0.3320953965441907
6.40179388714661e-07 0.3320954521552812
6.46581182601807e-07 0.3320955083224246
6.530469944278249e-07 0.3320955650511794
6.59577464372103e-07 0.3320956223471604
6.66173239015824e-07 0.3320956802160392
6.728349714059829e-07 0.3320957386635434
6.795633211200431e-07 0.3320957976954574
6.86358954331243e-07 0.3320958573176249
6.93222543874555e-07 0.3320959175359467
7.00154769313301e-07 0.3320959783563828
7.07156317006434e-07 0.3320960397849532
7.142278801764981e-07 0.3320961018277377
7.21370158978263e-07 0.332096164490877
7.28583860568046e-07 0.3320962277805733
7.35869699173726e-07 0.3320962917030907
7.43228396165464e-07 0.3320963562647559
7.50660680127118e-07 0.3320964214719585
7.5816728692839e-07 0.3320964873311525
7.65748959797673e-07 0.3320965538488563
7.7340644939565e-07 0.3320966210316531
7.81140513889607e-07 0.3320966888861923
7.88951919028503e-07 0.3320967574191898
7.96841438218788e-07 0.332096826637428
8.04809852600976e-07 0.3320968965477579
8.12857951126986e-07 0.3320969671570986
8.20986530638255e-07 0.3320970384724383
8.29196395944638e-07 0.3320971105008346
8.374883599040841e-07 0.3320971832494161
8.45863243503125e-07 0.3320972567253838
8.54321875938156e-07 0.3320973309360088
8.62865094697538e-07 0.3320974058886352
8.71493745644513e-07 0.3320974815906813
8.80208683100958e-07 0.3320975580496392
8.89010769931968e-07 0.3320976352730758
8.97900877631288e-07 0.3320977132686342
9.06879886407601e-07 0.3320977920440326
9.15948685271677e-07 0.3320978716070671
9.25108172124393e-07 0.3320979519656122
9.34359253845637e-07 0.3320980331276199
9.43702846384094e-07 0.3320981151011231
9.53139874847935e-07 0.332098197894234
9.626712735964141e-07 0.332098281515146
9.722979863323779e-07 0.3320983659721343
9.82020966195702e-07 0.332098451273557
9.918411758576589e-07 0.3320985374278563
1.00175958761624e-06 0.3320986244435581
1.0117771834924e-06 0.3320987123292732
1.02189495532732e-06 0.3320988010936985
1.0321139048806e-06 0.332098890745619
1.0424350439294e-06 0.3320989812939065
1.0528593943687e-06 0.3320990727475213
1.06338798831238e-06 0.3320991651155135
1.07402186819551e-06 0.3320992584070239
1.08476208687746e-06 0.3320993526312844
1.09560970774624e-06 0.3320994477976189
1.1065658048237e-06 0.3320995439154452
1.11763146287194e-06 0.3320996409942744
1.12880777750065e-06 0.3320997390437133
1.14009585527566e-06 0.3320998380734642
1.15149681382842e-06 0.3320999380933268
1.1630117819667e-06 0.3321000391131988
1.17464189978637e-06 0.3321001411430755
1.18638831878423e-06 0.3321002441930532
1.19825220197208e-06 0.3321003482733295
1.2102347239918e-06 0.3321004533942034
1.22233707123171e-06 0.3321005595660764
1.23456044194403e-06 0.332100666799454
1.24690604636347e-06 0.3321007751049478
1.25937510682711e-06 0.3321008844932738
1.27196885789538e-06 0.3321009949752557
1.28468854647433e-06 0.3321011065618267
1.29753543193907e-06 0.3321012192640269
1.31051078625847e-06 0.3321013330930082
1.32361589412105e-06 0.3321014480600338
1.33685205306226e-06 0.3321015641764788
1.35022057359288e-06 0.3321016814538326
1.36372277932881e-06 0.3321017999036994
1.3773600071221e-06 0.3321019195377988
1.39113360719332e-06 0.3321020403679672
1.40504494326525e-06 0.3321021624061604
1.41909539269791e-06 0.3321022856644532
1.43328634662489e-06 0.3321024101550409
1.44761921009113e-06 0.3321025358902408
1.46209540219205e-06 0.3321026628824926
1.47671635621397e-06 0.3321027911443609
1.49148351977611e-06 0.3321029206885363
1.50639835497387e-06 0.332103051527835
1.52146233852361e-06 0.3321031836752017
1.53667696190884e-06 0.3321033171437108
1.55204373152793e-06 0.3321034519465676
1.56756416884321e-06 0.3321035880971082
1.58323981053164e-06 0.3321037256088022
1.59907220863696e-06 0.3321038644952549
1.61506293072333e-06 0.332104004770206
1.63121356003056e-06 0.3321041464475338
1.64752569563087e-06 0.3321042895412538
1.66400095258717e-06 0.3321044340655227
1.68064096211305e-06 0.3321045800346385
1.69744737173418e-06 0.3321047274630409
1.71442184545152e-06 0.3321048763653149
1.73156606390603e-06 0.3321050267561911
1.74888172454509e-06 0.3321051786505471
1.76637054179055e-06 0.3321053320634092
1.78403424720845e-06 0.3321054870099535
1.80187458968054e-06 0.3321056435055076
1.81989333557734e-06 0.3321058015655527
1.83809226893311e-06 0.3321059612057248
1.85647319162245e-06 0.3321061224418153
1.87503792353867e-06 0.3321062852897732
1.89378830277406e-06 0.3321064497657074
1.9127261858018e-06 0.3321066158858879
1.93185344765982e-06 0.332106783666747
1.95117198213641e-06 0.3321069531248804
1.97068370195778e-06 0.3321071242770501
1.99039053897736e-06 0.3321072971401861
2.01029444436713e-06 0.3321074717313868
2.0303973888108e-06 0.332107648067921
2.05070136269891e-06 0.3321078261672308
2.0712083763259e-06 0.3321080060469318
2.09192046008916e-06 0.3321081877248163
2.11283966469005e-06 0.3321083712188534
2.13396806133695e-06 0.3321085565471918
2.15530774195032e-06 0.3321087437281618
2.17686081936982e-06 0.3321089327802771
2.19862942756352e-06 0.3321091237222357
2.22061572183915e-06 0.3321093165729221
2.24282187905755e-06 0.3321095113514096
2.26525009784812e-06 0.332109708076962
2.2879025988266e-06 0.3321099067690363
2.31078162481487e-06 0.3321101074472821
2.33388944106302e-06 0.3321103101315458
2.35722833547365e-06 0.3321105148418734
2.38080061882838e-06 0.3321107215985089
2.40460862501667e-06 0.3321109304218993
2.42865471126683e-06 0.3321111413326967
2.4529412583795e-06 0.332111354351758
2.4774706709633e-06 0.3321115695001488
2.50224537767293e-06 0.3321117867991452
2.52726783144966e-06 0.3321120062702355
2.55254050976416e-06 0.3321122279351227
2.5780659148618e-06 0.3321124518157267
2.60384657401042e-06 0.3321126779341857
2.62988503975052e-06 0.332112906312859
2.65618389014803e-06 0.332113136974329
2.68274572904951e-06 0.3321133699414042
2.70957318634e-06 0.3321136052371206
2.7366689182034e-06 0.3321138428847436
2.76403560738544e-06 0.3321140829077711
2.79167596345929e-06 0.3321143253299358
2.81959272309388e-06 0.3321145701752065
2.84778865032482e-06 0.3321148174677921
2.87626653682807e-06 0.3321150672321434
2.90502920219635e-06 0.3321153194929544
2.93407949421831e-06 0.3321155742751659
2.9634202891605e-06 0.3321158316039671
2.9930544920521e-06 0.3321160915048001
3.02298503697262e-06 0.3321163540033592
3.05321488734235e-06 0.3321166191255961
3.08374703621577e-06 0.3321168868977215
3.11458450657793e-06 0.3321171573462071
3.14573035164371e-06 0.3321174304977898
3.17718765516015e-06 0.3321177063794723
3.20895953171175e-06 0.3321179850185269
3.24104912702887e-06 0.3321182664424982
3.27345961829915e-06 0.332118550679206
3.30619421448215e-06 0.3321188377567476
3.33925615662697e-06 0.3321191277035004
3.37264871819324e-06 0.3321194205481247
3.40637520537517e-06 0.3321197163195674
3.44043895742892e-06 0.3321200150470647
3.47484334700321e-06 0.3321203167601426
3.50959178047324e-06 0.3321206214886233
3.54468769827798e-06 0.3321209292626263
3.58013457526076e-06 0.3321212401125708
3.61593592101336e-06 0.3321215540691807
3.6520952802235e-06 0.3321218711634855
3.68861623302573e-06 0.3321221914268245
3.72550239535599e-06 0.3321225148908498
3.76275741930955e-06 0.3321228415875287
3.80038499350264e-06 0.3321231715491488
3.83838884343767e-06 0.3321235048083179
3.87677273187205e-06 0.3321238413979698
3.91554045919077e-06 0.332124181351368
3.95469586378268e-06 0.3321245247021054
3.9942428224205e-06 0.332124871484112
4.03418525064471e-06 0.3321252217316558
4.07452710315115e-06 0.3321255754793457
4.11527237418267e-06 0.3321259327621365
4.15642509792449e-06 0.3321262936153317
4.19798934890374e-06 0.3321266580745861
4.23996924239277e-06 0.3321270261759107
4.2823689348167e-06 0.3321273979556759
4.32519262416487e-06 0.332127773450614
4.36844455040652e-06 0.3321281526978239
4.41212899591058e-06 0.3321285357347749
4.45625028586969e-06 0.3321289225993096
4.50081278872839e-06 0.3321293133296473
4.54582091661567e-06 0.332129707964389
4.59127912578183e-06 0.3321301065425203
4.63719191703965e-06 0.3321305091034163
4.68356383621004e-06 0.3321309156868438
4.73039947457214e-06 0.3321313263329655
4.77770346931786e-06 0.3321317410823456
4.82548050401104e-06 0.3321321599759529
4.87373530905115e-06 0.3321325830551639
4.92247266214166e-06 0.332133010361767
4.97169738876308e-06 0.3321334419379677
5.02141436265071e-06 0.3321338778263929
5.07162850627722e-06 0.3321343180700932
5.12234479133999e-06 0.3321347627125489
5.17356823925339e-06 0.3321352117976736
5.22530392164593e-06 0.3321356653698191
5.27755696086239e-06 0.3321361234737775
5.33033253047101e-06 0.3321365861547886
5.38363585577572e-06 0.3321370534585437
5.43747221433348e-06 0.3321375254311874
5.49184693647681e-06 0.3321380021193257
5.54676540584158e-06 0.3321384835700285
5.6022330599e-06 0.3321389698308341
5.658255390499e-06 0.3321394609497557
5.71483794440399e-06 0.332139956975284
5.77198632384803e-06 0.3321404579563926
5.82970618708651e-06 0.3321409639425433
5.88800324895737e-06 0.3321414749836908
5.94688328144694e-06 0.3321419911302876
6.00635211426141e-06 0.3321425124332878
6.06641563540403e-06 0.3321430389441538
6.12707979175807e-06 0.3321435707148612
6.18835058967565e-06 0.3321441077979017
6.25023409557241e-06 0.3321446502462902
6.31273643652813e-06 0.3321451981135708
6.37586380089341e-06 0.3321457514538194
6.43962243890235e-06 0.3321463103216518
6.50401866329137e-06 0.3321468747722267
6.56905884992428e-06 0.3321474448612511
6.63474943842353e-06 0.3321480206449884
6.70109693280776e-06 0.3321486021802618
6.76810790213584e-06 0.3321491895244598
6.8357889811572e-06 0.3321497827355421
6.90414687096877e-06 0.3321503818720458
6.97318833967846e-06 0.3321509869930913
7.04292022307524e-06 0.3321515981583862
7.113349425306e-06 0.3321522154282328
7.18448291955906e-06 0.3321528388635342
7.25632774875465e-06 0.3321534685257992
7.32889102624219e-06 0.3321541044771485
7.40217993650461e-06 0.332154746780322
7.47620173586966e-06 0.3321553954986832
7.55096375322836e-06 0.3321560506962262
7.62647339076064e-06 0.3321567124375818
7.702738124668249e-06 0.3321573807880237
7.77976550591493e-06 0.3321580558134761
7.85756316097408e-06 0.3321587375805174
7.93613879258382e-06 0.3321594261563897
8.01550018050966e-06 0.3321601216090042
8.09565518231475e-06 0.3321608240069461
8.1766117341379e-06 0.3321615334194838
8.25837785147928e-06 0.3321622499165753
8.34096162999407e-06 0.3321629735688732
8.42437124629401e-06 0.3321637044477326
8.508614958756951e-06 0.3321644426252197
8.593701108344519e-06 0.3321651881741159
8.679638119427971e-06 0.3321659411679271
8.76643450062225e-06 0.3321667016808902
8.85409884562847e-06 0.3321674697879795
8.942639834084751e-06 0.3321682455649149
9.0320662324256e-06 0.3321690290881688
9.12238689474986e-06 0.3321698204349748
9.21361076369735e-06 0.3321706196833339
9.30574687133433e-06 0.3321714269120208
9.39880434004767e-06 0.3321722422005945
9.492792383448151e-06 0.3321730656294058
9.587720307282629e-06 0.3321738972796014
9.68359751035546e-06 0.3321747372331362
9.780433485459009e-06 0.3321755855727788
9.878237820313601e-06 0.3321764423821205
9.977020198516739e-06 0.3321773077455827
1.00767904005019e-05 0.3321781817484253
1.01775583045069e-05 0.3321790644767557
1.0279333887552e-05 0.3321799560175366
1.03821272264275e-05 0.3321808564585944
1.04859484986918e-05 0.3321817658886269
1.05908079836787e-05 0.3321826843972129
1.06967160635155e-05 0.3321836120748229
1.08036832241506e-05 0.3321845490128232
1.09117200563922e-05 0.3321854953034885
1.10208372569561e-05 0.3321864510400093
1.11310456295256e-05 0.3321874163165002
1.12423560858209e-05 0.3321883912280129
1.13547796466791e-05 0.3321893758705394
1.14683274431459e-05 0.3321903703410258
1.15830107175774e-05 0.3321913747373814
1.16988408247531e-05 0.332192389158485
1.18158292330007e-05 0.3321934137041985
1.19339875253307e-05 0.3321944484753735
1.2053327400584e-05 0.3321954935738619
1.21738606745898e-05 0.3321965491025272
1.22955992813357e-05 0.3321976151652526
1.24185552741491e-05 0.3321986918669517
1.25427408268906e-05 0.3321997793135786
1.26681682351595e-05 0.3322008776121386
1.27948499175111e-05 0.3322019868706978
1.29227984166862e-05 0.3322031071983941
1.3052026400853e-05 0.3322042387054467
1.31825466648616e-05 0.3322053815031684
1.33143721315102e-05 0.3322065357039752
1.34475158528253e-05 0.3322077014213969
1.35819910113535e-05 0.3322088787700893
1.37178109214671e-05 0.3322100678658444
1.38549890306817e-05 0.3322112688256006
1.39935389209886e-05 0.3322124817674562
1.41334743101984e-05 0.3322137068106796
1.42748090533004e-05 0.3322149440757187
1.44175571438334e-05 0.3322161936842171
1.45617327152718e-05 0.3322174557590229
1.47073500424245e-05 0.3322187304241993
1.48544235428487e-05 0.332220017805039
1.50029677782772e-05 0.3322213180280755
1.515299745606e-05 0.3322226312210953
1.53045274306206e-05 0.3322239575131499
1.54575727049268e-05 0.3322252970345672
1.56121484319761e-05 0.332226649916965
1.57682699162958e-05 0.3322280162932659
1.59259526154588e-05 0.3322293962977064
1.60852121416134e-05 0.332230790065851
1.62460642630295e-05 0.3322321977346059
1.64085249056598e-05 0.3322336194422308
1.65726101547164e-05 0.3322350553283547
1.67383362562636e-05 0.3322365055339867
1.69057196188262e-05 0.332237970201529
1.70747768150145e-05 0.3322394494747938
1.72455245831646e-05 0.3322409434990147
1.74179798289962e-05 0.3322424524208609
1.75921596272862e-05 0.3322439763884508
1.77680812235591e-05 0.3322455155513681
1.79457620357947e-05 0.3322470700606735
1.81252196561526e-05 0.33224864006892
1.83064718527141e-05 0.3322502257301697
1.84895365712413e-05 0.3322518272000054
1.86744319369537e-05 0.3322534446355464
1.88611762563232e-05 0.3322550781954642
1.90497880188865e-05 0.3322567280399971
1.92402858990753e-05 0.3322583943309657
1.94326887580661e-05 0.3322600772317883
1.96270156456467e-05 0.3322617769074954
1.98232858021032e-05 0.3322634935247468
2.00215186601242e-05 0.3322652272518481
2.02217338467255e-05 0.332266978258764
2.04239511851927e-05 0.3322687467171369
2.06281906970447e-05 0.3322705328003022
2.08344726040151e-05 0.3322723366833044
2.10428173300553e-05 0.3322741585429153
2.12532455033558e-05 0.3322759985576488
2.14657779583894e-05 0.3322778569077789
2.16804357379733e-05 0.3322797337753576
2.1897240095353e-05 0.3322816293442293
2.21162124963065e-05 0.3322835438000512
2.23373746212696e-05 0.3322854773303106
2.25607483674823e-05 0.3322874301243404
2.27863558511571e-05 0.3322894023733389
2.30142194096687e-05 0.3322913942703876
2.32443616037654e-05 0.3322934060104699
2.3476805219803e-05 0.3322954377904873
2.37115732720011e-05 0.3322974898092802
2.39486890047211e-05 0.3322995622676474
2.41881758947683e-05 0.3323016553683614
2.4430057653716e-05 0.3323037693161911
2.46743582302531e-05 0.3323059043179195
2.49211018125557e-05 0.3323080605823637
2.51703128306812e-05 0.3323102383203945
2.5422015958988e-05 0.3323124377449547
2.56762361185779e-05 0.3323146590710819
2.59329984797637e-05 0.3323169025159264
2.61923284645613e-05 0.3323191682987732
2.64542517492069e-05 0.332321456641061
2.6718794266699e-05 0.332323767766404
2.6985982209366e-05 0.3323261019006138
2.72558420314597e-05 0.3323284592717179
2.75284004517743e-05 0.332330840109983
2.7803684456292e-05 0.3323332446479371
2.80817213008549e-05 0.3323356731203894
2.83625385138635e-05 0.3323381257644522
2.86461638990021e-05 0.3323406028195656
2.89326255379921e-05 0.3323431045275181
2.92219517933721e-05 0.3323456311324688
2.95141713113058e-05 0.3323481828809713
2.98093130244188e-05 0.3323507600219951
3.0107406154663e-05 0.3323533628069499
3.04084802162097e-05 0.3323559914897096
3.07125650183718e-05 0.3323586463266343
3.10196906685555e-05 0.3323613275765961
3.1329887575241e-05 0.3323640355010005
3.16431864509934e-05 0.3323667703638127
3.19596183155034e-05 0.3323695324315835
3.22792144986584e-05 0.3323723219734698
3.2602006643645e-05 0.3323751392612619
3.29280267100814e-05 0.3323779845694096
3.32573069771823e-05 0.3323808581750464
3.35898800469541e-05 0.3323837603580143
3.39257788474236e-05 0.3323866914008922
3.42650366358979e-05 0.3323896515890197
3.46076870022568e-05 0.3323926412105233
3.49537638722794e-05 0.3323956605563445
3.53033015110022e-05 0.3323987099202667
3.56563345261122e-05 0.33240178959894
3.60128978713733e-05 0.3324048998919099
3.63730268500871e-05 0.3324080411016461
3.67367571185879e-05 0.3324112135335688
3.71041246897738e-05 0.3324144174960753
3.74751659366716e-05 0.332417653300571
3.78499175960383e-05 0.3324209212614969
3.82284167719987e-05 0.3324242216963577
3.86107009397186e-05 0.332427554925752
3.89968079491158e-05 0.3324309212734001
3.9386776028607e-05 0.3324343210661746
3.97806437888931e-05 0.3324377546341303
4.0178450226782e-05 0.3324412223105344
4.05802347290498e-05 0.3324447244318955
4.09860370763403e-05 0.3324482613379952
4.13958974471037e-05 0.332451833371919
4.18098564215747e-05 0.3324554408800873
4.22279549857905e-05 0.3324590842122872
4.26502345356484e-05 0.3324627637217029
4.30767368810049e-05 0.332466479764949
4.35075042498149e-05 0.3324702327021031
4.39425792923131e-05 0.3324740228967358
4.43820050852362e-05 0.3324778507159463
4.48258251360886e-05 0.332481716530395
4.52740833874495e-05 0.3324856207143353
4.5726824221324e-05 0.3324895636456478
4.61840924635372e-05 0.3324935457058761
4.66459333881726e-05 0.3324975672802596
4.71123927220543e-05 0.3325016287577668
4.75835166492748e-05 0.3325057305311319
4.80593518157676e-05 0.3325098729968901
4.85399453339253e-05 0.3325140565554124
4.90253447872645e-05 0.3325182816109412
4.95155982351372e-05 0.3325225485716259
5.00107542174885e-05 0.3325268578495609
5.05108617596634e-05 0.3325312098608202
5.10159703772601e-05 0.3325356050254963
5.15261300810327e-05 0.3325400437677365
5.2041391381843e-05 0.3325445265157804
5.25618052956614e-05 0.3325490537019981
5.3087423348618e-05 0.3325536257629282
5.36182975821042e-05 0.332558243139316
5.41544805579252e-05 0.3325629062761541
5.46960253635045e-05 0.3325676156227205
5.52429856171395e-05 0.3325723716326162
5.57954154733109e-05 0.3325771747638086
5.6353369628044e-05 0.3325820254786692
5.69169033243245e-05 0.3325869242440148
5.74860723575677e-05 0.3325918715311488
5.80609330811434e-05 0.3325968678159028
5.86415424119548e-05 0.3326019135786757
5.92279578360744e-05 0.3326070093044785
5.98202374144351e-05 0.3326121554829743
6.04184397885795e-05 0.3326173526085215
6.10226241864653e-05 0.332622601180219
6.16328504283299e-05 0.3326279017019452
6.22491789326132e-05 0.3326332546824052
6.28716707219394e-05 0.3326386606351723
6.350038742915879e-05 0.3326441200787333
6.41353913034504e-05 0.3326496335365345
6.477674521648491e-05 0.3326552015370246
6.54245126686497e-05 0.3326608246137001
6.607875779533621e-05 0.3326665033051524
6.673954537328961e-05 0.3326722381551133
6.74069408270225e-05 0.3326780297125015
6.80810102352927e-05 0.3326838785314685
6.876182033764561e-05 0.3326897851714469
6.944943854102211e-05 0.3326957501971982
7.01439329264323e-05 0.3327017741788591
7.084537225569659e-05 0.3327078576919913
7.155382597825361e-05 0.3327140013176296
7.22693642380361e-05 0.3327202056423299
7.299205788041651e-05 0.332726471258221
7.37219784592207e-05 0.3327327987630527
7.44591982438129e-05 0.3327391887602451
7.5203790226251e-05 0.3327456418589409
7.59558281285135e-05 0.3327521586740564
7.671538640979859e-05 0.3327587398263311
7.74825402738966e-05 0.3327653859423803
7.82573656766356e-05 0.3327720976547477
7.9039939333402e-05 0.3327788756019568
7.9830338726736e-05 0.3327857204285638
8.062864211400339e-05 0.3327926327852122
8.143492853514339e-05 0.3327996133286854
8.22492778204948e-05 0.3328066627219595
8.307177059869981e-05 0.3328137816342596
8.39024883046868e-05 0.332820970741114
8.474151318773359e-05 0.3328282307244089
8.5588928319611e-05 0.332835562272444
8.64448176028071e-05 0.3328429660799893
8.730926577883521e-05 0.3328504428483405
8.81823584366235e-05 0.332857993285376
8.90641820209897e-05 0.3328656181056133
8.995482384119961e-05 0.3328733180302688
9.08543720796116e-05 0.332881093787313
9.17629158004077e-05 0.3328889461115298
9.26805449584118e-05 0.3328968757445764
9.36073504079959e-05 0.3329048834350408
9.45434239120759e-05 0.3329129699385021
9.548885815119661e-05 0.3329211360175899
9.64437467327086e-05 0.3329293824420446
9.74081842000357e-05 0.3329377099887789
9.838226604203611e-05 0.3329461194419382
9.93660887024564e-05 0.332954611592962
0.000100359749589481 0.3329631872406455
0.000101363347085376 0.3329718471912033
0.00010237698055623 0.3329805922583305
0.000103400750361792 0.3329894232632659
0.00010443475786541 0.3329983410348562
0.000105479105444064 0.3330073464096196
0.000106533896498505 0.3330164402318099
0.00010759923546349 0.3330256233534804
0.000108675227818124 0.3330348966345506
0.000109761980096306 0.33304426094287
0.000110859599897269 0.3330537171542842
0.000111968195896241 0.3330632661527015
0.000113087877855204 0.3330729088301593
0.000114218756633756 0.3330826460868909
0.000115360944200093 0.3330924788313923
0.000116514553642094 0.333102407980491
0.000117679699178515 0.3331124344594129
0.0001188564961703 0.333122559201851
0.000120045061132003 0.3331327831500351
0.000121245511743324 0.3331431072547995
0.000122457966860757 0.3331535324756536
0.000123682546529364 0.333164059780851
0.000124919371994658 0.3331746901474601
0.000126168565714605 0.3331854245614352
0.000127430251371751 0.333196264017686
0.000128704553885468 0.3332072095201492
0.000129991599424323 0.3332182620818618
0.000131291515418566 0.3332294227250326
0.000132604430572752 0.3332406924811114
0.000133930474878479 0.3332520723908645
0.000135269779627264 0.3332635635044483
0.000136622477423537 0.3332751668814799
0.000137988702197772 0.3332868835911125
0.00013936858921975 0.3332987147121086
0.000140762275111947 0.3333106613329155
0.000142169897863067 0.3333227245517367
0.000143591596841697 0.3333349054766092
0.000145027512810114 0.3333472052254788
0.000146477787938216 0.3333596249262729
0.000147942565817598 0.3333721657169789
0.000149421991475774 0.3333848287457187
0.000150916211390531 0.3333976151708243
0.000152425373504437 0.3334105261609154
0.000153949627239481 0.3334235628949752
0.000155489123511876 0.3334367265624272
0.000157044014746995 0.3334500183632125
0.000158614454894465 0.3334634395078676
0.000160200599443409 0.3334769912175997
0.000161802605437843 0.3334906747243681
0.000163420631492222 0.3335044912709592
0.000165054837807144 0.3335184421110641
0.000166705386185215 0.3335325285093595
0.000168372440047068 0.3335467517415839
0.000170056164447538 0.3335611130946168
0.000171756726092014 0.3335756138665574
0.000173474293352934 0.3335902553668033
0.000175209036286463 0.3336050389161287
0.000176961126649328 0.3336199658467655
0.000178730737915821 0.3336350375024799
0.000180518045294979 0.3336502552386518
0.000182323225747929 0.3336656204223559
0.000184146458005408 0.3336811344324391
0.000185987922585462 0.3336967986596008
0.000187847801811317 0.3337126145064719
0.00018972627982943 0.333728583387693
0.000191623542627725 0.333744706729995
0.000193539778054002 0.333760985972279
0.000195475175834542 0.3337774225656928
0.000197429927592887 0.3337940179737121
0.000199404226868816 0.3338107736722195
0.000201398269137504 0.3338276911495819
0.000203412251828879 0.333844771906731
0.000205446374347168 0.3338620174572414
0.00020750083809064 0.3338794293274088
0.000209575846471546 0.3338970090563271
0.000211671604936262 0.3339147581959694
0.000213788320985624 0.3339326783112632
0.000215926204195481 0.3339507709801697
0.000218085466237435 0.3339690377937602
0.00022026632089981 0.3339874803562927
0.000222468984108808 0.3340061002852903
0.000224693673949896 0.334024899211616
0.000226940610689395 0.3340438787795495
0.000229210016796289 0.3340630406468622
0.000231502116964252 0.3340823864848931
0.000233817138133894 0.3341019179786229
0.000236155309515233 0.3341216368267486
0.000238516862610385 0.3341415447417569
0.000240902031236489 0.3341616434499979
0.000243311051548854 0.334181934691757
0.000245744162064343 0.3342024202213273
0.000248201603684986 0.3342231018070814
0.000250683619721836 0.3342439812315408
0.000253190455919054 0.3342650602914479
0.000255722360478245 0.334286340797833
0.000258279584083027 0.3343078245760843
0.000260862379923858 0.3343295134660157
0.000263471003723096 0.3343514093219319
0.000266105713760327 0.3343735140126958
0.00026876677089793 0.3343958294217942
0.00027145443860691 0.3344183574474003
0.000274168982992979 0.3344411000024365
0.000276910672822909 0.3344640590146379
0.000279679779551138 0.3344872364266125
0.000282476577346649 0.3345106341958998
0.000285301343120116 0.3345342542950314
0.000288154356551317 0.3345580987115878
0.00029103590011683 0.3345821694482529
0.000293946259117998 0.3346064685228697
0.000296885721709178 0.334630997968494
0.00029985457892627 0.3346557598334464
0.000302853124715533 0.3346807561813619
0.000305881655962688 0.3347059890912391
0.000308940472522315 0.3347314606574868
0.000312029877247538 0.3347571729899715
0.000315150176020014 0.3347831282140604
0.000318301677780214 0.3348093284706616
0.000321484694558016 0.3348357759162681
0.000324699541503596 0.3348624727229929
0.000327946536918632 0.3348894210786066
0.000331226002287818 0.3349166231865737
0.000334538262310697 0.3349440812660822
0.000337883644933803 0.3349717975520746
0.000341262481383142 0.3349997742952776
0.000344675106196973 0.335028013762225
0.000348121857258943 0.3350565182352837
0.000351603075831532 0.335085290012673
0.000355119106589847 0.3351143314084832
0.000358670297655746 0.3351436447526918
0.000362257000632303 0.3351732323911766
0.000365879570638626 0.3352030966857263
0.000369538366345013 0.3352332400140464
0.000373233750008463 0.3352636647697664
0.000376966087508547 0.3352943733624403
0.000380735748383633 0.3353253682175439
0.000384543105867469 0.3353566517764709
0.000388388536926144 0.3353882264965277
0.000392272422295405 0.3354200948509174
0.00039619514651836 0.3354522593287284
0.000400157097983543 0.3354847224349143
0.000404158668963379 0.3355174866902734
0.000408200255653012 0.3355505546314229
0.000412282258209542 0.3355839288107674
0.000416405080791638 0.3356176117964674
0.000420569131599554 0.335651606172401
0.00042477482291555 0.3356859145381212
0.000429022571144705 0.3357205395088113
0.000433312796856152 0.3357554837152334
0.000437645924824714 0.3357907498036735
0.000442022384072961 0.3358263404358818
0.000446442607913691 0.3358622582890079
0.000450907033992828 0.3358985060555318
0.000455416104332756 0.3359350864431896
0.000459970265376083 0.3359720021748935
0.000464569968029844 0.3360092559886468
0.000469215667710143 0.3360468506374537
0.000473907824387244 0.3360847888892236
0.000478646902631117 0.3361230735266701
0.000483433371657428 0.3361617073472019
0.000488267705374002 0.3362006931628108
0.000493150382427742 0.3362400337999521
0.0004980818862520199 0.3362797320994179
0.00050306270511454 0.3363197909162052
0.000508093332165685 0.3363602131193776
0.000513174265487342 0.3364010015919193
0.000518306008142215 0.3364421592305813
0.0005234890682236369 0.3364836889457234
0.000528723958905874 0.3365255936611471
0.000534011198494933 0.3365678763139197
0.000539351310479882 0.3366105398541939
0.000544744823584681 0.3366535872450171
0.000550192271820528 0.3366970214621343
0.000555694194538733 0.336740845493782
0.00056125113648412 0.3367850623404732
0.000566863647848961 0.336829675014776
0.000572532284327451 0.3368746865410799
0.000578257607170726 0.3369200999553577
0.000584040183242433 0.3369659183049147
0.000589880585074857 0.3370121446481293
0.000595779390925606 0.337058782054184
0.000601737184834862 0.33710583360279
0.00060775455668321 0.3371533023838958
0.000613832102250043 0.3372011914973899
0.000619970423272543 0.3372495040527904
0.000626170127505268 0.3372982431689275
0.000632431828780321 0.3373474119736124
0.000638756147068124 0.3373970136032937
0.000645143708538805 0.3374470512027064
0.0006515951456241939 0.3374975279245057
0.000658111097080435 0.3375484469288912
0.00066469220805124 0.3375998113832177
0.000671339130131752 0.3376516244615937
0.00067805252143307 0.3377038893444676
0.0006848330466474 0.3377566092182013
0.000691681377113875 0.3378097872746295
0.000698598190885013 0.3378634267106057
0.000705584172793863 0.3379175307275349
0.000712640014521802 0.3379721025308934
0.00071976641466702 0.3380271453297313
0.00072696407881369 0.3380826623361627
0.000734233719601827 0.3381386567648392
0.000741576056797845 0.3381951318324103
0.000748991817365824 0.3382520907569661
0.000756481735539482 0.3383095367574656
0.000764046552894877 0.3383674730531467
0.000771687018423826 0.3384259028629223
0.000779403888608064 0.3384848294047563
0.000787197927494145 0.3385442558950257
0.000795069906769086 0.3386041855478641
0.000803020605836777 0.3386646215744841
0.000811050811895145 0.338725567182485
0.000819161320014096 0.3387870255751414
0.000827352933214237 0.3388489999506707
0.00083562646254638 0.3389114935014818
0.000843982727171843 0.3389745094134058
0.0008524225544435619 0.3390380508649051
0.000860946779987997 0.3391021210262592
0.000869556247787878 0.339166723058735
0.000878251810265756 0.3392318601137307
0.000887034328368414 0.3392975353318992
0.000895904671652098 0.3393637518422506
0.000904863718368619 0.3394305127612302
0.000913912355552305 0.3394978211917731
0.000923051479107828 0.3395656802223368
0.0009322819938989071 0.3396340929259069
0.000941604813837896 0.3397030623589799
0.000951020861976275 0.3397725915605226
0.000960531070596037 0.3398426835509002
0.000970136381301998 0.3399133413307835
0.000979837745115018 0.3399845678800287
0.0009896361225661681 0.340056366156526
0.00099953248379183 0.3401287390950239
0.00100952780862975 0.3402016896059262
0.00101962308671605 0.3402752205740555
0.00102981931758321 0.3403493348573918
0.00104011751075904 0.3404240352857778
0.00105051868586663 0.3404993246595946
0.00106102387272529 0.3405752057484073
0.00107163411145255 0.3406516812895759
0.00108235045256707 0.3407287539868359
0.00109317395709274 0.3408064265088442
0.00110410569666367 0.3408847014876913
0.00111514675363031 0.3409635815173815
0.00112629822116661 0.3410430691522711
0.00113756120337828 0.3411231669054761
0.00114893681541206 0.3412038772472433
0.00116042618356618 0.3412852026032796
0.00117203044540184 0.3413671453530451
0.00118375074985586 0.3414497078280079
0.00119558825735442 0.3415328923098568
0.00120754413992796 0.3416167010286736
0.00121961958132724 0.3417011361610634
0.00123181577714052 0.3417861998282438
0.00124413393491192 0.3418718940940869
0.00125657527426104 0.3419582209631195
0.00126914102700365 0.3420451823784771
0.00128183243727369 0.342132780219809
0.00129465076164642 0.3422210163011374
0.00130759726926289 0.3423098923686685
0.00132067324195552 0.3423994100985506
0.00133387997437507 0.3424895710945837
0.00134721877411882 0.3425803768858751
0.00136069096186001 0.3426718289244419
0.00137429787147861 0.3427639285827574
0.0013880408501934 0.3428566771512433
0.00140192125869533 0.3429500758357021
0.00141594047128228 0.343044125754692
0.00143009987599511 0.34313882793684
0.00144440087475506 0.3432341833180917
0.00145884488350261 0.3433301927389028
0.00147343333233764 0.3434268569413576
0.00148816766566101 0.3435241765662256
0.00150304934231762 0.3436221521499487
0.0015180798357408 0.3437207841215549
0.00153326063409821 0.3438200727995023
0.00154859324043919 0.3439200183884498
0.00156407917284358 0.3440206209759456
0.00157971996457202 0.3441218805290416
0.00159551716421774 0.3442237968908277
0.00161147233585991 0.3443263697768796
0.00162758705921851 0.3444295987716201
0.0016438629298107 0.3445334833245994
0.00166030155910881 0.3446380227466778
0.00167690457469989 0.3447432162061146
0.00169367362044689 0.3448490627245684
0.00171061035665136 0.3449555611729915
0.00172771646021787 0.3450627102674244
0.00174499362482005 0.3451705085646862
0.00176244356106825 0.3452789544579558
0.00178006799667894 0.3453880461722422
0.00179786867664573 0.3454977817597386
0.00181584736341218 0.3456081590950582
0.0018340058370463 0.3457191758703478
0.00185234589541677 0.3458308295902747
0.00187086935437094 0.3459431175668818
0.00188957804791465 0.3460560369143107
0.00190847382839379 0.3461695845433823
0.00192755856667773 0.346283757156036
0.00194683415234451 0.3463985512396185
0.00196630249386795 0.3465139630610199
0.00198596551880663 0.3466299886606525
0.0020058251739947 0.3467466238462622
0.00202588342573464 0.3468638641865726
0.00204614225999199 0.3469817050047551
0.00206660368259191 0.3471001413717137
0.00208726971941783 0.3472191680991856
0.00210814241661201 0.3473387797326489
0.00212922384077813 0.3474589705440247
0.00215051607918591 0.3475797345241767
0.00217202123997777 0.3477010653751964
0.00219374145237755 0.3478229565024633
0.00221567886690132 0.3479454010064771
0.00223783565557034 0.3480683916744549
0.00226021401212604 0.3481919209716802
0.0022828161522473 0.3483159810326003
0.00230564431376977 0.3484405636516612
0.00232870075690747 0.3485656602738708
0.00235198776447654 0.348691261985083
0.00237550764212131 0.3488173595019933
0.00239926271854252 0.3489439431618332
0.00242325534572795 0.3490710029117581
0.00244748789918523 0.3491985282979165
0.00247196277817708 0.3493265084541891
0.00249668240595885 0.3494549320905905
0.00252164923001844 0.3495837874813199
0.00254686572231862 0.3497130624524504
0.00257233437954181 0.3498427443692507
0.00259805772333723 0.3499728201231181
0.0026240383005706 0.3501032761181228
0.00265027868357631 0.3502340982571464
0.00267678147041207 0.3503652719276019
0.00270354928511619 0.3504967819867278
0.00273058477796735 0.350628612746443
0.00275789062574703 0.3507607479577526
0.0027854695320045 0.3508931707946899
0.00281332422732454 0.3510258638377888
0.00284145746959779 0.351158809057074
0.00286987204429376 0.3512919877945547
0.0028985707647367 0.3514253807462189
0.00292755647238407 0.3515589679435123
0.00295683203710791 0.3516927287342967
0.00298640035747899 0.3518266417632808
0.00301626436105378 0.3519606849519081
0.00304642700466432 0.3520948354777038
0.00307689127471096 0.3522290697530707
0.00310766018745807 0.3523633634035295
0.00313873678933265 0.3524976912454008
0.00317012415722598 0.3526320272629247
0.00320182539879824 0.3527663445848179
0.00323384365278622 0.3529006154602712
0.00326618208931408 0.3530348112343873
0.00329884391020722 0.3531689023230631
0.00333183234930929 0.3533028581873258
0.00336515067280239 0.3534366473071288
0.00339880217953041 0.3535702371546217
0.00343279020132572 0.3537035941669054
0.00346711810333897 0.3538366837182915
0.00350178928437236 0.3539694700920859
0.00353680717721609 0.3541019164519203
0.00357217524898825 0.3542339848126571
0.00360789700147813 0.3543656360109011
0.00364397597149291 0.3544968296751499
0.00368041573120784 0.3546275241956262
0.00371721988851992 0.3547576766938328
0.00375439208740512 0.3548872429918783
0.00379193600827917 0.3550161775816301
0.00382985536836196 0.3551444335937505
0.00386815392204558 0.3552719627666814
0.00390683546126603 0.3553987154156469
0.0039459038158787 0.3555246404017493
0.00398536285403748 0.3556496851012413
0.00402521648257786 0.3557737953750605
0.00406546864740364 0.3558969155387218
0.00410612333387767 0.3560189883326683
0.00414718456721645 0.3561399548931869
0.00418865641288861 0.3562597547240058
0.0042305429770175 0.3563783256686904
0.00427284840678767 0.3564956038839701
0.00431557689085555 0.3566115238141263
0.00435873265976411 0.3567260181665858
0.00440231998636175 0.3568390178888679
0.00444634318622536 0.3569504521470346
0.00449080661808762 0.3570602483058119
0.00453571468426849 0.3571683319105452
0.00458107183111118 0.3572746266711597
0.00462688254942229 0.3573790544483058
0.00467315137491651 0.3574815352418764
0.00471988288866568 0.3575819871820744
0.00476708171755234 0.3576803265232282
0.00481475253472786 0.3577764676405509
0.00486290006007514 0.3578703230300352
0.00491152906067589 0.3579618033116848
0.00496064435128265 0.3580508172362856
0.00501025079479548 0.3581372716959116
0.00506035330274343 0.3582210717383676
0.00511095683577087 0.3583021205857644
0.00516206640412858 0.3583803196574197
0.00521368706816986 0.3584555685972764
0.00526582393885156 0.3585277653060171
0.00531848217824008 0.3585968059780582
0.00537166700002248 0.358662585143586
0.0054253836700227 0.3587249957157956
0.00547963750672293 0.3587839290434831
0.00553443388179016 0.3588392749691185
0.00558977822060806 0.3588909218925282
0.00564567600281414 0.358938756840287
0.00570213276284228 0.3589826655409069
0.0057591540904707 0.3590225325058953
0.00581674563137541 0.3590582411167295
0.00587491308768917 0.3590896737177735
0.00593366221856606 0.3591167117151451
0.00599299884075172 0.3591392356815106
0.00605292882915924 0.3591571254667641
0.00611345811745083 0.3591702603145182
0.00617459269862534 0.359178518984311
0.00623633862561159 0.3591817798793986
0.00629870201186771 0.3591799211799805
0.00636168903198638 0.3591728209816721
0.00642530592230625 0.3591603574390099
0.00648955898152931 0.3591424089137472
0.0065544545713446 0.3591188541276663
0.00661999911705805 0.3590895723196049
0.00668619910822863 0.3590544434063688
0.00675306109931092 0.3590133481471711
0.00682059171030403 0.3589661683112167
0.00688879762740707 0.3589127868480236
0.00695768560368114 0.3588530880600495
0.00702726245971795 0.3587869577771733
0.00709753508431513 0.3587142835325627
0.00716851043515828 0.358634954739439
0.00724019553950986 0.3585488628682446
0.00731259749490496 0.3584559016237022
0.00738572346985401 0.3583559671212518
0.00745958070455255 0.3582489580623464
0.00753417651159808 0.358134775908092
0.00760951827671406 0.3580133250507155
0.0076856134594812 0.3578845129823593
0.00776246959407601 0.3577482504607111
0.00784009429001677 0.3576044516709909
0.00791849523291694 0.3574530343838447
0.00799768018524611 0.3572939201087146
0.00807765698709857 0.3571270342422817
0.00815843355696956 0.3569523062116169
0.00824001789253925 0.3567696696117035
0.00832241807146464 0.35657906233704
0.008405642252179289 0.3563804267070682
0.00848969867470108 0.3561737095852198
0.0085745956614481 0.3559588624914201
0.008660341618062581 0.3557358417079319
0.008746945034243199 0.3555046083784767
0.008834414484585631 0.3552651286006135
0.008922758629431491 0.3550173735114096
0.0090119862157258 0.3547613193664817
0.00910210607788306 0.3544969476125334
0.00919312713866189 0.3542242449535595
0.00928505841004851 0.3539432034109281
0.009377908994149 0.3536538203775878
0.00947168808409049 0.3533560986666847
0.009566404964931391 0.3530500465548956
0.00966206901458071 0.3527356778208134
0.009758689704726511 0.3524130117787329
0.009856276601773781 0.3520820733081967
0.00995483936779152 0.3517428928796681
0.0100543877614694 0.3513955065766883
0.0101549316390841 0.3510399561148677
0.010256480955475 0.350676288858047
0.0103590457650297 0.3503045578319289
0.01046263622268 0.3499248217354551
0.0105672625849068 0.3495371449501671
0.0106729352107559 0.3491415975477319
0.0107796645628634 0.3487382552957724
0.0108874612084921 0.3483271996620786
0.010996335820577 0.3479085178172211
0.0111062991787828 0.3474823026355069
0.0112173621705706 0.3470486526941736
0.0113295357922763 0.3466076722706221
0.0114428311501991 0.3461594713374386
0.0115572594617011 0.3457041655548734
0.0116728320563181 0.3452418762603822
0.0117895603768812 0.3447727304547705
0.0119074559806501 0.3442968607844183
0.0120265305404566 0.343814405519017
0.0121467958458611 0.3433255085241844
0.0122682638043197 0.3428303192283051
0.0123909464423629 0.3423289925829006
0.0125148559067866 0.3418216890158093
0.0126400044658544 0.341308574376457
0.012766404510513 0.340789819872485
0.0128940685556181 0.3402656019970291
0.0130230092411743 0.3397361024459479
0.013153239333586 0.3392015080243519
0.0132847717269219 0.3386620105418126
0.0134176194441911 0.3381178066957017
0.013551795638633 0.3375690979421639
0.0136873135950193 0.3370160903543131
0.0138241867309695 0.3364589944673152
0.0139624285982792 0.3358980251101188
0.014102052884262 0.3353334012236838
0.0142430734131046 0.3347653456656602
0.0143855041472357 0.3341940850015693
0.014529359188708 0.3336198492826415
0.0146746527805951 0.3330428718105578
0.0148213993084011 0.3324633888894486
0.0149696133014851 0.3318816395655815
0.0151193094344999 0.3312978653552558
0.0152705025288449 0.3307123099614988
0.0154232075541334 0.3301252189802127
0.0155774396296747 0.329536839596475
0.0157332140259715 0.3289474202717249
0.0158905461662312 0.3283572104225985
0.0160494516278935 0.3277664600921621
0.0162099461441724 0.3271754196142983
0.0163720456056142 0.3265843392719532
0.0165357660616703 0.3259934689499195
0.016701123722287 0.3254030577827467
0.0168681349595099 0.324813353798312
0.017036816309105 0.3242246035574677
0.017207184472196 0.3236370517900777
0.017379256316918 0.32305094102763
0.0175530488800872 0.3224665112324774
0.017728579368888 0.3218839994236034
0.0179058651625769 0.3213036392986667
0.0180849238142027 0.3207256608519145
0.0182657730523447 0.3201502899873895
0.0184484307828682 0.319577748126701
0.0186329150906968 0.3190082518104699
0.0188192442416038 0.3184420122924007
0.0190074366840199 0.3178792351248012
0.0191975110508601 0.3173201197342292
0.0193894861613687 0.3167648589858342
0.0195833810229823 0.3162136387348665
0.0197792148332122 0.3156666373637433
0.0199770069815443 0.3151240253030165
0.0201767770513597 0.3145859645345435
0.0203785448218733 0.3140526080751831
0.0205823302700921 0.3135240994393535
0.020788153572793 0.3130005720788585
0.0209960351085209 0.3124821487984845
0.0212059954596061 0.3119689411460064
0.0214180554142022 0.3114610487754012
0.0216322359683442 0.3109585587822821
0.0218485583280276 0.3104615450108028
0.0220670439113079 0.3099700673315645
0.022287714350421 0.3094841708903771
0.0225105914939252 0.3090038853280734
0.0227356974088645 0.3085292239719721
0.0229630543829531 0.3080601830000022
0.0231926849267826 0.3075967405789572
0.0234246117760505 0.3071388559788344
0.023658857893811 0.3066864686657224
0.0238954464727491 0.3062394973762328
0.0241344009374766 0.3057978391770363
0.0243757449468513 0.3053613685136225
0.0246195023963198 0.304929936252994
0.024865697420283 0.3045033687255941
0.0251143543944859 0.3040814667723543
0.0253654979384307 0.303664004803343
0.025619152917815 0.3032507298750666
0.0258753444469932 0.3028413607940405
0.0261340978914631 0.3024355872547835
0.0263954388703778 0.3020330690208913
0.0266593932590815 0.3016334351583225
0.0269259871916724 0.3012362833304419
0.0271952470635891 0.3008411791647456
0.027467199534225 0.3004476557014891
0.0277418715295672 0.3000552129346854
0.0280192902448629 0.2996633174560932
0.0282994831473115 0.2992714022128917
0.0285824779787846 0.2988788663897163
0.0288683027585725 0.2984850754256107
0.0291569857861582 0.2980893611762221
0.0294485556440198 0.297691022231221
0.02974304120046 0.2972893243964734
0.0300404716124646 0.2968835013499024
0.0303408763285892 0.2964727554792688
0.0306442850918751 0.296056258909261
0.0309507279427939 0.2956331547243164
0.0312602352222218 0.295202558392496
0.031572837574444 0.2947635593945127
0.0318885659501885 0.294315223060669
0.0322074516096904 0.2938565926169944
0.0325295261257873 0.2933866914403023
0.0328548213870451 0.2929045255202221
0.0331833696009156 0.2924090861244981
0.0335152032969248 0.2918993526620274
0.033850355329894 0.2913742957362121
0.0341888588831929 0.2908328803792846
0.0345307474720249 0.2902740694563138
0.0348760549467451 0.2896968272256532
0.0352248154962126 0.2891001230406665
0.0355770636511747 0.2884829351756955
0.0359328342876865 0.2878442547574122
0.0362921626305633 0.2871830897809978
0.036655084256869 0.2864984691889778
0.0370216350994376 0.2857894469891064
0.037391851450432 0.2850551063863894
0.0377657699649363 0.2842945639032542
0.0381434276645857 0.2835069734609749
0.0385248619412316 0.2826915303948177
0.0389101105606439 0.2818474753749554
0.0392992116662503 0.2809740982050588
0.0396922037829128 0.2800707414706023
0.0400891258207419 0.2791368040093321
0.0404900170789494 0.2781717441770398
0.0408949172497389 0.2771750828827831
0.0413038664222363 0.2761464063689512
0.0417169050864586 0.2750853687131393
0.0421340741373232 0.2739916940306032
0.0425554148786964 0.2728651783581434
0.0429809690274834 0.271705691202564
0.0434107787177582 0.2705131767393741
0.0438448865049358 0.2692876546500893
0.0442833353699852 0.2680292205893551
0.044726168723685 0.2667380462760826
0.0451734304109219 0.2654143792058575
0.0456251647150311 0.2640585419850097
0.0460814163621814 0.2626709312898584
0.0465422305258032 0.2612520164577735
0.0470076528310613 0.2598023377197489
0.0474777293593719 0.258322504087149
0.0479525066529656 0.2568131909081183
0.0484320317194952 0.2552751371118194
0.0489163520366902 0.2537091421611285
0.0494055155570571 0.2521160627366717
0.0498995707126277 0.2504968091770683
0.0503985664197539 0.2488523417019885
0.0509025520839515 0.2471836664460448
0.051411577604791 0.2454918313326839
0.0519256933808389 0.2437779218180433
0.0524449503146473 0.2420430565352512
0.0529693998177938 0.2402883828698159
0.0534990938159717 0.2385150724966242
0.0540340847541314 0.2367243169086296
0.0545744256016727 0.234917322966585
0.0551201698576895 0.2330953084981668
0.0556713715562664 0.231259497973587
0.056228085271829 0.2294111182832931
0.0567903661245473 0.2275513946416706
0.0573582697857928 0.2256815466387869
0.0579318524836507 0.2238027844601917
0.0585111710084872 0.2219163052926565
0.0590962827185721 0.2200232899315065
0.0596872455457578 0.2181248996029126
0.0602841180012154 0.2162222730121998
0.0608869591812276 0.2143165236269201
0.0614958287730398 0.2124087372011508
0.0621107870607702 0.2104999695452494
0.0627318949313779 0.2085912445431497
0.0633592138806917 0.2066835524172158
0.0639928060194986 0.204777848238737
0.0646327340796936 0.2028750506803295
0.0652790614204906 0.2009760410048427
0.0659318520346955 0.1990816622838452
0.06659117055504241 0.1971927188374085
0.06725708226059279 0.1953099758857089
0.0679296530831988 0.1934341594019438
0.0686089496140308 0.1915659561552078
0.0692950391101711 0.1897060139313141
0.0699879895012728 0.1878549419191218
0.0706878693962855 0.1860133112498217
0.0713947480902484 0.1841816556771391
0.0721086955711509 0.1823604723883641
0.0728297825268624 0.1805502229423948
0.073558080352131 0.1787513343527276
0.07429366115565229 0.1769642004232959
0.07503659776720881 0.1751891839326057
0.07578696374488091 0.1734266244110172
0.0765448333823297 0.1716769854263053
0.07731028171615301 0.1699380249984847
0.07808338453331461 0.1682182271964879
0.0788642183786477 0.1665060965226667
0.0796528605624342 0.1648098665638792
0.08044938916805849 0.163127309471253
0.0812538830597391 0.1614587286538741
0.0820664218903365 0.1598042607654009
0.08288708610923989 0.1581640157369008
0.08371595697033229 0.1565380841392746
0.0845531165400356 0.1549265393281167
0.085398647705436 0.1533294388286235
0.0862526341824903 0.1517468255214054
0.0871151605243152 0.1501787287379125
0.0879863121295584 0.1486251652923826
0.0888661752508539 0.1470861404582473
0.08975483700336249 0.1455616488919866
0.09065238537339609 0.1440516755062279
0.0915589092271301 0.1425561962938059
0.0924744983194014 0.1410751791047928
0.0933992433025954 0.1396085843788642
0.0943332357356213 0.1381563658357216
0.0952765680929776 0.1367184711265845
0.0962293337739073 0.135294842449982
0.0971916271116464 0.1338854171351974
0.0981635433827629 0.132490128196763
0.0991451788165905 0.1311089048633292
0.100136630604756 0.1297416730840901
0.101137996910804 0.128388356015686
0.102149376879912 0.127048874492195
0.103170870648711 0.1257231474803762
0.104202579355198 0.1244110925218885
0.10524460514875 0.1231126261636353
0.106297051200238 0.1218276643768165
0.10736002171224 0.1205561229646457
0.108433621929363 0.1192979179580461
0.109517958148656 0.118052965998032
0.110613137730143 0.116821184702811
0.111719269107444 0.1156024930171219
0.112836461798519 0.11439681154071
0.113964826416504 0.113204062832443
0.115104474680669 0.1120241716861075
0.116255519427476 0.1108570653736854
0.11741807462175 0.1097026738516744
0.118592255367968 0.1085609299259478
0.119778177921647 0.1074317693707136
0.120975959700864 0.1063151309972512
0.122185719297873 0.1052109566684681
0.123407576490851 0.104119191255681
0.12464165225576 0.103039782534621
0.125888068778317 0.1019726810183203
0.127146949466101 0.1009178397252875
0.128418418960762 0.09987521388230523
0.129702603150369 0.0988447605620723
0.130999629181873 0.09782643825698775
0.132309625473692 0.09682020639140539
0.133632721728429 0.09582602477577946
0.134969048945713 0.09484385300722833
0.13631873943517 0.09387364982210332
0.137681926829522 0.09291537240719239
0.139058746097817 0.09196897567715498
0.140449333558795 0.09103441152667051
0.141853826894383 0.09011162806657191
0.143272365163327 0.0892005688538854
0.14470508881496 0.08830117212622184
0.14615213970311 0.08741337005132616
0.147613661100141 0.08653708800279448
0.149089797711142 0.08567224387297444
0.150580695688254 0.08481874743391987
0.152086502645136 0.08397649975691372
0.153607367671588 0.08314539270053184
0.155143441348303 0.0823253084765268
0.156694875761787 0.08151611930187432
0.158261824519404 0.08071768714430393
0.159844442764598 0.07992986356734751
0.161442887192244 0.07915248967959884
0.163057316064167 0.07838539619129081
0.164687889224809 0.07762840357963535
0.166334768117057 0.07688132236250186
0.167998115798227 0.0761439534779831
0.169678096956209 0.07541608876512451
0.171374877925772 0.07469751153849399
0.173088626705029 0.07398799724614678
0.17481951297208 0.07328731419655042
0.1765677081018 0.07259522433459806
0.178333385182818 0.07191148403872144
0.180116719034647 0.07123584489818545
0.181917886224993 0.0705680544072867
0.183737065087243 0.06990785647193239
0.185574435738115 0.06925499154241806
0.187430180095497 0.06860919601214892
0.189304481896452 0.06797020011816086
0.191197526715416 0.06733772254228794
0.19310950198257 0.06671145691416065
0.195040597002396 0.06609103596264397
0.19699100297242 0.06547599879671878
0.198960913002144 0.06486198810519243
0.200950522132166 0.06426044052027372
0.202960027353487 0.06367110230217574
0.204989627627022 0.06308185274992908
0.207039523903292 0.06249687523305186
0.209109919142325 0.06191625479254701
0.211201018333748 0.06133998204213439
0.213313028517086 0.06076798717586246
0.215446158802257 0.06020017970874541
0.217600620390279 0.05963646440228607
0.219776626594182 0.05907674838024095
0.221974392860124 0.05852094454663965
0.224194136788725 0.05796897323869468
0.226436078156613 0.05742076293773275
0.228700438938179 0.05687625042632198
0.23098744332756 0.05633538059172603
0.233297317760836 0.05579810598783663
0.235630290938444 0.05526438622382208
0.237986593847829 0.05473418722461789
0.240366459786307 0.05420748039565743
0.24277012438417 0.05368424171689536
0.245197825628012 0.05316445078677022
0.247649803884292 0.05264808983392671
0.250126301923135 0.05213514271259466
0.252627564942366 0.05162559389608252
0.25515384059179 0.05111942748166114
0.257705378997708 0.05061662621906055
0.260282432787685 0.0501171705737937
0.262885257115562 0.04962103783552507
0.265514109686717 0.0491282012806875
0.268169250783585 0.04863862939751248
0.27085094329142 0.04815228518058708
0.273559452724335 0.04766912550096481
0.276295047251578 0.04718910055679158
0.279057997724094 0.04671215340831161
0.281848577701335 0.04623821960006921
0.284667063478348 0.04576722687207651
0.287513734113132 0.04529909496072381
0.290388871454263 0.04483373548925951
0.293292760168805 0.04437105194677342
0.296225687770494 0.04391093975379886
0.299187944648198 0.04345328641189376
0.30217982409468 0.04299797173388417
0.305201622335627 0.04254486815087002
0.308253638558984 0.04209384109156634
0.311336174944573 0.04164474942913046
0.314449536694019 0.04119744599026268
0.317594032060959 0.04075177812109131
0.320769972381569 0.04030758830413174
0.323977672105385 0.03986471482046189
0.327217448826438 0.0394229924511535
0.330489623314703 0.03898225321194755
0.33379451954785 0.03854232711515029
0.337132464743328 0.03810304295273723
0.340503789390762 0.03766422909469795
0.343908827284669 0.03722571429670726
0.347347915557516 0.03678732851127131
0.350821394713091 0.03634890369657492
0.354329608660222 0.03591027461732098
0.357872904746824 0.03547127963193353
0.361451633794292 0.0350317614605646
0.365066150132235 0.0345915679284217
0.368716811633558 0.03415055267901311
0.372403979749893 0.03370857585199694
0.376128019547392 0.03326550472042456
0.379889299742866 0.03282121428230152
0.383688192740295 0.03237558780154324
0.387525074667698 0.03192851729360983
0.391400325414375 0.03147990395135079
0.395314328668518 0.03102965850690052
0.399267471955204 0.03057770152584011
0.403260146674756 0.03012396363029239
0.407292748141503 0.02966838564813908
0.411365675622918 0.02921091868616555
0.415479332379147 0.02875152412562797
0.419634125702939 0.02829017353951242
0.423830466959968 0.02782684853160969
0.428068771629568 0.02736154049844553
0.432349459345864 0.0268942503160888
0.436672953939322 0.02642498795487557
0.441039683478716 0.02595377202613564
0.445450080313503 0.0254806292660595
0.449904581116638 0.02500559396287078
0.454403626927804 0.0245287073344642
0.458947663197082 0.02405001686458175
0.463537139829053 0.02356957560642524
0.468172511227344 0.02308744146329771
0.472854236339617 0.02260367645641429
0.477582778703013 0.02211834599039298
0.482358606490043 0.0216315181271138
0.487182192554944 0.02114326287859105
0.492054014480493 0.02065365152923911
0.496974554625298 0.02016275599740486
0.501944300171551 0.01967064824529927
0.506963743173267 0.01917739974547957
0.512033380604999 0.0186830810108334
0.517153714411049 0.01818776119360704
0.52232525155516 0.01769150775743433
0.527548504070711 0.01719438622458289
0.532823989111418 0.01669645999879107
0.538152229002533 0.01619779026215933
0.543533751292558 0.01569843594263053
0.548969088805484 0.01519845374670826
0.554458779693538 0.01469789825026962
0.560003367490474 0.01419682203868185
0.565603401165378 0.01369527588600384
0.571259435177032 0.01319330896187373
0.576972029528803 0.01269096905383121
0.582741749824091 0.01218830279231391
0.588569167322331 0.01168535586546341
0.5944548589955549 0.01118217321118988
0.60039940758551 0.01067879917470027
0.606403401661365 0.01017527762089472
0.612467435677979 0.009671651992682518
0.618592110034759 0.009167965308325721
0.624778031135106 0.008664260093370169
0.631025811446457 0.008160578245508776
0.637336069560922 0.007656960833788808
0.643709430256531 0.007153447836844791
0.650146524559097 0.00665007782823261
0.656647989804688 0.006146887620365099
0.663214469702734 0.005643911881899985
0.669846614399762 0.005141182746611045
0.6765450805437589 0.004638729434670137
0.6833105313491969 0.004136577909774039
0.690143636662689 0.003634750597573671
0.697045073029316 0.003133266192287093
0.704015523759609 0.002632139579125028
0.711055678997205 0.002131381900084912
0.718166235787177 0.00163100078944507
0.725347898145049 0.001131000800493145
0.732601377126499 0.0006313839643848325
0.739927390897764 0.0001321520987696811
0.743627027852253 -0.0001179403866423037
0.747326664806742 -0.0003666961314051781
0.751063298130775 -0.0006165959862946037
0.7547999314548089 -0.0008651592067572646
0.758573931112083 -0.001114864646624946
0.762347930769357 -0.001363232954227532
0.766159670423204 -0.00161274039067285
0.7699714100770511 -0.001860908789286977
0.773821267127436 -0.002110211485356746
0.777671124177822 -0.002358171265788875
0.781559479798711 -0.002607258137697537
0.7854478354195999 -0.002854995624122911
0.789375074596698 -0.003103849924989255
0.793302313773796 -0.003351345115165713
0.797268825342665 -0.003599943057618201
0.801235336911534 -0.003847167781778875
0.8032384252538129 -0.003971496335497466
0.805241513596092 -0.004095476879407611
0.809247690280649 -0.004342394743350718
0.811270809506351 -0.004466560367345372
0.813293928732053 -0.004590372260746245
0.8153170479577549 -0.004713830409690875
0.817340167183456 -0.004836934863962875
0.819383517601415 -0.004960911293459711
0.821426868019373 -0.005084526721150263
0.823470218437331 -0.005207780907821345
0.82551356885529 -0.00533067351838312
0.8275773527774281 -0.005454427595020059
0.829641136699567 -0.005577811837486579
0.831704920621705 -0.005700825599366257
0.833768704543843 -0.005823468132594979
0.835853126305203 -0.005946959407379934
0.837937548066563 -0.006070070143731365
0.840021969827923 -0.006192799185852292
0.841064180708603 -0.006254020239253946
0.842106391589282 -0.006315145461068281
0.844211657568255 -0.00643832527555098
0.845264290557741 -0.00649976777046408
0.846316923547228 -0.006561111768288241
0.847369556536715 -0.006622357050001933
0.848422189526201 -0.00668350341124278
0.849474822515687 -0.006744550639666529
0.8505274555051739 -0.006805498516219779
0.851590614824555 -0.006866954794035258
0.8526537741439369 -0.00692830925215302
0.853716933463318 -0.006989561643741964
0.8547800927827 -0.007050711714753352
0.855843252102081 -0.007111759204142075
0.856906411421463 -0.007172703843880278
0.857969570740844 -0.007233545358972307
0.859032730060226 -0.007294283467670938
0.860106520972801 -0.00735552370050189
0.861180311885376 -0.007416657848892092
0.862254102797952 -0.007477685601238889
0.863327893710527 -0.007538606638698938
0.864401684623102 -0.007599420635449355
0.8654754755356771 -0.007660127259258171
0.866549266448253 -0.007720726162669661
0.86708616190454 -0.007750985115515818
0.867623057360828 -0.007781217011068294
0.868165321771678 -0.00781172371393266
0.868707586182529 -0.00784220272240739
0.869249850593379 -0.007872653989895265
0.86979211500423 -0.007903077469320827
0.870334379415081 -0.007933473113166162
0.870876643825931 -0.007963840873474227
0.871418908236782 -0.007994180701851605
0.871961172647633 -0.008024492549470279
0.872503437058483 -0.008054776367069772
0.873045701469334 -0.008085032104959006
0.8735879658801849 -0.008115259713017913
0.874130230291035 -0.008145459140699203
0.874672494701886 -0.00817563033703044
0.8752147591127361 -0.008205773250615439
0.875757023523587 -0.008235887829635219
0.876299287934437 -0.008265974021869484
0.876846974989396 -0.008296332208376405
0.877394662044355 -0.008326661329095476
0.877942349099314 -0.008356961328931729
0.878490036154273 -0.008387232152342149
0.879037723209232 -0.008417473743358252
0.879585410264191 -0.00844768604558686
0.88013309731915 -0.008477869002212299
0.880680784374109 -0.008508022555998312
0.881228471429068 -0.008538146649290208
0.881776158484027 -0.008568241224017149
0.882323845538986 -0.008598306221694321
0.882871532593945 -0.008628341583425084
0.883419219648904 -0.008658347249903223
0.883966906703863 -0.008688323161415074
0.884514593758822 -0.008718269257840819
0.885062280813781 -0.008748185478674377
0.885615444739289 -0.008778370474436551
0.886168608664798 -0.008808524868752724
0.886721772590306 -0.008838648598046573
0.887274936515815 -0.00886874159831611
0.887828100441324 -0.008898803805153718
0.888381264366833 -0.008928835153747657
0.888934428292341 -0.008958835578884656
0.88948759221785 -0.008988805014952595
0.890040756143359 -0.009018743395942743
0.890593920068868 -0.009048650655452711
0.891147083994376 -0.009078526726689011
0.891700247919885 -0.009108371542469722
0.892253411845394 -0.009138185035227175
0.8928065757709019 -0.009167967137010541
0.89335973969641 -0.009197717779487771
0.893912903621919 -0.00922743689396289
0.894471599186683 -0.009257421126714634
0.895030294751447 -0.009287373055694209
0.895588990316211 -0.009317292608968341
0.896147685880974 -0.009347179714208812
0.896706381445738 -0.009377034298710417
0.897265077010502 -0.0094068562893926
0.897823772575265 -0.009436645612802752
0.898382468140029 -0.009466402195119331
0.898941163704792 -0.009496125962154543
0.899499859269556 -0.009525816839357834
0.90005855483432 -0.009555474751818706
0.900617250399083 -0.009585099624269814
0.901175945963847 -0.009614691381090414
0.90173464152861 -0.009644249946309051
0.902293337093374 -0.009673775243606363
0.902852032658138 -0.009703267196328658
0.903416315178549 -0.00973302014373407
0.903980597698961 -0.009762738918081736
0.904544880219372 -0.009792423439343653
0.905109162739783 -0.009822073627131341
0.905673445260194 -0.009851689400651431
0.906237727780606 -0.009881270679628591
0.907366292821429 -0.009940329427137141
0.908494857862252 -0.009999249209889153
0.909623422903075 -0.01005802937077358
0.910751987943897 -0.0101166692441912
0.91188055298472 -0.01017516815988749
0.9130204036759511 -0.01023410829798394
0.914160254367182 -0.01029290325588144
0.915300105058413 -0.01035155232838217
0.916439955749644 -0.01041005480557671
0.917579806440874 -0.01046840997301935
0.918719657132105 -0.01052661711185002
0.919859507823336 -0.01058467549891951
0.920999358514567 -0.0106425844069261
0.922150607712711 -0.01070091993043482
0.923301856910854 -0.01075910146673418
0.924453106108997 -0.01081712825435279
0.92560435530714 -0.01087499952801638
0.926755604505283 -0.01093271451879448
0.927906853703426 -0.01099027245423692
0.929058102901569 -0.01104767255851362
0.930209352099712 -0.01110491405251717
0.931372113789837 -0.01116256616750935
0.9325348754799621 -0.01122005487735195
0.933697637170086 -0.01127737937011641
0.934860398860211 -0.01133453883111397
0.936023160550336 -0.01139153244300642
0.93718592224046 -0.01144835938595602
0.938348683930585 -0.01150501883777869
0.93951144562071 -0.01156150997400614
0.9406858349277361 -0.01161839433121339
0.941860224234762 -0.0116751052932801
0.943034613541788 -0.01173164200483061
0.944209002848813 -0.01178800360889617
0.945383392155839 -0.01184418924698407
0.946557781462865 -0.01190019805923881
0.947732170769891 -0.01195602918460716
0.948906560076917 -0.01201168176085423
0.950092693277013 -0.01206770874775183
0.951278826477109 -0.01212355182662446
0.952464959677205 -0.01217921010681331
0.953651092877301 -0.0122346826973479
0.954837226077397 -0.01228996870696632
0.956023359277493 -0.01234506724428687
0.95720949247759 -0.01239997741798281
0.958395625677686 -0.01245469833674601
0.959593620209783 -0.01250977345442433
0.96079161474188 -0.01256465368755894
0.961989609273977 -0.01261933811946851
0.963187603806074 -0.0126738258345427
0.9643855983381719 -0.01272811591820832
0.965583592870269 -0.01278220745710965
0.966781587402366 -0.01283609953929281
0.967979581934463 -0.01288979125411469
0.969189556411881 -0.01294381557793936
0.970399530889299 -0.01299763364620823
0.971609505366717 -0.01305124452662569
0.972819479844135 -0.01310464728968077
0.974029454321553 -0.0131578410106647
0.975239428798971 -0.01321082473921211
0.977659377753807 -0.01331615854367187
0.980103526198191 -0.01342168204576837
0.982547674642576 -0.0135263300225522
0.984991823086961 -0.01363009503308692
0.987435971531345 -0.01373296969345775
0.989904561460173 -0.01383596190696205
0.992373151389002 -0.01393803096709959
0.994841741317831 -0.01403916950161242
0.997310331246659 -0.01413937022744012
0.999803607074774 -0.01423961372292487
1.00229688290289 -0.01433888593632917
1.00479015873101 -0.01443717967408529
1.00728343455913 -0.01453448785627403
1.00980164314553 -0.01463176164970371
1.01231985173192 -0.01472801594726423
1.01483806031832 -0.01482324383912645
1.01735626890472 -0.01491743855349404
1.01989965957698 -0.01501151974504334
1.02244305024924 -0.01510453356909544
1.0249864409215 -0.0151964735069825
1.02752983159376 -0.01528733320203958
1.03009865617274 -0.01537799869812662
1.03266748075173 -0.01546754974059753
1.03523630533071 -0.0155559803103545
1.0378051299097 -0.01564328457349065
1.04039964273447 -0.01573031288269823
1.04299415555925 -0.01581618089170471
1.04558866838402 -0.01590088318891303
1.0481831812088 -0.01598441456995657
1.05080363916182 -0.01606758765120977
1.05342409711485 -0.01614955628415619
1.05604455506787 -0.01623031577065976
1.05866501302089 -0.01630986164034987
1.06131167555345 -0.01638896678044698
1.063958338086 -0.01646682548053162
1.06660500061855 -0.0165434338584272
1.0692516631511 -0.01661878827841098
1.07192479230898 -0.01669361997517709
1.07459792146686 -0.01676716584749597
1.07727105062473 -0.01683942292671687
1.07994417978261 -0.01691038850716671
1.08264404023206 -0.01698075033408377
1.08534390068152 -0.01704978999719811
1.08804376113098 -0.01711750553260671
1.09074362158043 -0.01718389525344517
1.09347048063438 -0.01724960168159745
1.09619733968833 -0.01731395307053349
1.09892419874229 -0.01737694854463147
1.10165105779624 -0.01743858751664694
1.10440518544073 -0.01749946567022568
1.10715931308522 -0.01755895976737036
1.10991344072971 -0.01761707009534218
1.1126675683742 -0.01767379723817266
1.11544923729514 -0.01772968856058757
1.11823090621607 -0.01778417103184435
1.12101257513701 -0.01783724616663691
1.12379424405794 -0.01788891578169041
1.12660372966808 -0.01793967759051775
1.12941321527823 -0.01798901030536444
1.13222270088837 -0.01803691672186815
1.13503218649852 -0.01808339993969162
1.13786976696477 -0.01812890685023985
1.14070734743101 -0.01817296926595345
1.14354492789726 -0.01821559130506292
1.14638250836351 -0.01825677738845327
1.14924846463441 -0.01829692258759465
1.15211442090532 -0.01833561297986096
1.15498037717623 -0.01837285403519796
1.15784633344714 -0.0184086515214319
1.16074094928076 -0.01844334787551904
1.16363556511438 -0.01847658439985587
1.166530180948 -0.01850836793222256
1.16942479678161 -0.01853870560010437
1.17234835877357 -0.01856788658317887
1.17527192076552 -0.0185956081540496
1.17819548275747 -0.01862187852114095
1.18111904474943 -0.01864670617105203
1.1840718423613 -0.01867032660204858
1.18702463997317 -0.01869249357893735
1.18997743758504 -0.01871321666998913
1.19293023519692 -0.01873250570648163
1.19591256078491 -0.01875054228240481
1.1988948863729 -0.0187671369177718
1.2018772119609 -0.01878230087717841
1.20336837475489 -0.01878934962318561
1.20485953754889 -0.01879604474402054
1.20636561197083 -0.01880244941679271
1.20787168639276 -0.01880849638890363
1.20937776081469 -0.0188141871629388
1.21088383523663 -0.01881952325778687
1.21238990965857 -0.01882450620677067
1.21389598408051 -0.01882913755733065
1.21540205850244 -0.01883341887079591
1.21690813292438 -0.01883735172112805
1.21842926809054 -0.01884097181068273
1.2199504032567 -0.01884423970439065
1.22147153842285 -0.01884715706446952
1.22299267358901 -0.01884972556715086
1.22451380875517 -0.01885194690141131
1.22603494392132 -0.01885382276878231
1.22755607908748 -0.01885535488315537
1.22907721425363 -0.01885654496958706
1.23061356077144 -0.01885740155188998
1.23214990728926 -0.01885791280782433
1.23368625380707 -0.01885808055054441
1.23522260032489 -0.01885790660556132
1.23675894684271 -0.01885739280950957
1.23829529336053 -0.01885654100991353
1.23983163987835 -0.01885535306482146
1.24136798639616 -0.01885383083895807
1.24291969637915 -0.01885195603166695
1.24369555137065 -0.01885089207258534
1.24447140636215 -0.01884974406613576
1.24524726135365 -0.01884851226648997
1.24602311634515 -0.01884719691811024
1.24679897133664 -0.01884579826688291
1.24757482632814 -0.01884431655936743
1.24835068131964 -0.01884275204272874
1.24912653631114 -0.01884110496471048
1.24990239130263 -0.01883937557360296
1.25067824629413 -0.01883756411791597
1.25145410128563 -0.01883567085152183
1.25184202878137 -0.01883469361487611
1.25222995627712 -0.01883369601738517
1.25261788377287 -0.01883267809146196
1.25300581126862 -0.01883163986835847
1.25339373876437 -0.01883058137945571
1.25378166626012 -0.01882950265616471
1.25417347303082 -0.01882839263877172
1.25456527980153 -0.01882726204483237
1.25495708657224 -0.01882611090681274
1.25534889334295 -0.01882493925722366
1.25574070011365 -0.01882374712860749
1.25613250688436 -0.01882253455353838
1.25652431365507 -0.01882130156462227
1.25691612042577 -0.01882004819449641
1.25730792719648 -0.01881877447582906
1.25769973396718 -0.01881748044131941
1.25809154073788 -0.0188161661236971
1.25848334750859 -0.01881483155572199
1.25887515427929 -0.01881347677018401
1.25926696105 -0.01881210179990269
1.25965876782071 -0.01881070667772708
1.26005057459142 -0.01880929143653536
1.26044238136212 -0.01880785610923462
1.26083418813283 -0.01880640072876049
1.26122599490354 -0.01880492532807707
1.26161780167424 -0.01880342994017652
1.26200960844495 -0.01880191459807871
1.26240141521566 -0.01880037933483122
1.26279322198637 -0.01879882418350878
1.26318502875707 -0.01879724917721326
1.26357683552778 -0.01879565434907316
1.26396864229849 -0.01879403973224358
1.2643604490692 -0.0187924053599058
1.2647522558399 -0.01879075126526711
1.2651440626106 -0.01878907748156046
1.26553586938131 -0.01878738404204435
1.26592767615201 -0.01878567098000336
1.26631948292272 -0.01878393832873618
1.26671520776113 -0.01878216850086996
1.26711093259954 -0.01878037875842874
1.26750665743795 -0.0187785691358647
1.26790238227637 -0.01877673966641012
1.2686938319532 -0.01877302133009486
1.26908955679161 -0.01877113253227666
1.26948528163003 -0.01876922402464247
1.27027673130686 -0.01876534802237515
1.27106818098368 -0.01876139360697294
1.27185963066051 -0.01875736105143771
1.27265108033733 -0.01875325063339782
1.27344253001415 -0.01874906263052294
1.27423397969098 -0.01874479732079742
1.27502542936781 -0.01874045498252836
1.27581687904464 -0.0187360358943401
1.27660832872147 -0.01873154033516675
1.2773997783983 -0.0187269685842444
1.27819122807513 -0.01872232092110785
1.27898267775195 -0.01871759762549954
1.27978204192555 -0.01871275061151455
1.28058140609914 -0.01870782701955128
1.28138077027273 -0.01870282713866222
1.28218013444633 -0.01869775125824016
1.28297949861992 -0.01869259966792533
1.28377886279352 -0.01868737265760153
1.28457822696712 -0.01868207051738822
1.28537759114071 -0.01867669353763186
1.2861769553143 -0.01867124200889723
1.2869763194879 -0.01866571622195902
1.28777568366149 -0.0186601164677936
1.28857504783509 -0.01865444303757011
1.28937441200868 -0.01864869622264262
1.29017377618228 -0.01864287631454145
1.29097314035588 -0.01863698360496986
1.29177250452947 -0.01863101838572314
1.29257986234481 -0.01862492021078789
1.29338722016014 -0.01861874866773085
1.29419457797547 -0.0186125040576339
1.2950019357908 -0.01860618668177951
1.29580929360613 -0.01859979684156837
1.29661665142146 -0.01859333483851552
1.29742400923679 -0.01858680097424217
1.29823136705212 -0.01858019555046737
1.29903872486745 -0.01857351886899972
1.29984608268278 -0.01856677123172908
1.30065344049811 -0.01855995294061853
1.30146079831344 -0.01855306429769647
1.30226815612878 -0.0185461056050504
1.30307551394411 -0.01853907716483199
1.30388287175944 -0.0185319792795751
1.30469022957477 -0.01852481224516907
1.30632109236174 -0.01851012518178401
1.30713652375523 -0.01850267709760846
1.30795195514871 -0.01849515971266904
1.30958281793567 -0.01847991830927133
1.31121368072264 -0.01846440349890278
1.3128445435096 -0.01844861775160349
1.31447540629657 -0.01843256355876036
1.31610626908354 -0.01841624340916515
1.31773713187051 -0.01839965978983185
1.31938430328535 -0.01838264543129317
1.32103147470019 -0.01836536740290813
1.32267864611503 -0.01834782826145833
1.32432581752987 -0.01833003056173324
1.3259729889447 -0.01831197685587508
1.32762016035954 -0.01829366969315896
1.32926733177438 -0.01827511161977053
1.33091450318922 -0.01825630517826149
1.3325781463182 -0.01823706115256737
1.33424178944719 -0.01821756896951144
1.33590543257618 -0.01819783123682633
1.33756907570517 -0.01817785055807933
1.33923271883415 -0.01815762953212668
1.34089636196314 -0.01813717075290154
1.34256000509213 -0.01811647680920007
1.34422364822111 -0.01809555028424744
1.34590392778139 -0.01807418103794737
1.34758420734167 -0.01805257981535293
1.34926448690195 -0.0180307492599018
1.35094476646222 -0.01800869200873115
1.35262504602249 -0.01798641069224571
1.35430532558277 -0.01796390793391711
1.35598560514305 -0.01794118635008014
1.35766588470332 -0.01791824854961298
1.3593629670592 -0.01789486454991736
1.36106004941508 -0.01787126531372388
1.36275713177096 -0.01784745350487114
1.36445421412684 -0.0178234317788229
1.36615129648272 -0.01779920278235409
1.3678483788386 -0.0177747691533625
1.36954546119448 -0.01775013352067783
1.37124254355036 -0.01772529850385814
1.37295659672979 -0.01770001541026163
1.37467064990923 -0.01767453426676805
1.37638470308867 -0.01764885774242245
1.37809875626811 -0.01762298849590239
1.37981280944755 -0.01759692917532361
1.38152686262698 -0.01757068241806646
1.38324091580642 -0.01754425085059922
1.38495496898586 -0.0175176370883925
1.38668616269709 -0.01749057490389554
1.38841735640833 -0.01746333219018179
1.39014855011956 -0.01743591160657546
1.39187974383079 -0.01740831580014091
1.39361093754202 -0.01738054740560923
1.39534213125325 -0.01735260904522058
1.39707332496448 -0.01732450332856445
1.39880451867572 -0.01729623285261015
1.40055302432406 -0.01726751506435035
1.4023015299724 -0.01723863448932975
1.40405003562074 -0.01720959376263795
1.40579854126909 -0.01718039550532945
1.40754704691743 -0.01715104232446992
1.40929555256578 -0.01712153681299405
1.41104405821413 -0.01709188154956295
1.41279256386247 -0.01706207909870669
1.4145585545673 -0.01703183181731954
1.41632454527213 -0.01700143960254297
1.41809053597696 -0.01697090505112328
1.41985652668179 -0.01694023074385539
1.42162251738662 -0.01690941924342901
1.42338850809145 -0.0168784731276739
1.4269204895011 -0.01681618716333805
1.43048779072485 -0.01675276229913994
1.43405509194861 -0.0166888393018299
1.43762239317236 -0.0166244383227559
1.44118969439611 -0.01655957925074995
1.4447926686321 -0.016493626571579
1.44839564286809 -0.01642724651318454
1.45199861710408 -0.0163604587098686
1.45560159134007 -0.016293282505366
1.45924059531842 -0.0162250596873138
1.46287959929677 -0.01615647940529238
1.46651860327512 -0.01608756067633486
1.47015760725347 -0.01601832221011865
1.4738330012716 -0.01594808554205376
1.47750839528974 -0.01587756010373769
1.48118378930787 -0.01580676421199576
1.48485918332601 -0.01573571586217258
1.48857133128433 -0.01566371876140309
1.49228347924264 -0.0155915000152066
1.49599562720095 -0.01551907716566078
1.49970777515927 -0.01544646742193552
1.50345704459717 -0.0153729590516082
1.50720631403507 -0.01529929427200179
1.51095558347297 -0.01522548978467128
1.51470485291086 -0.01515156194954351
1.51849161504314 -0.01507678593587649
1.52227837717541 -0.01500191657008016
1.52606513930769 -0.01492696965643272
1.52985190143997 -0.01485196065155027
1.53367653119357 -0.01477615390884536
1.53750116094717 -0.0147003144327537
1.54132579070077 -0.0146244570826849
1.54515042045437 -0.01454859636698609
1.54901329650551 -0.01447198803665974
1.55287617255664 -0.01439540492579118
1.55673904860778 -0.01431886091051077
1.56060192465891 -0.01424236951504216
1.56450342947056 -0.0141651800231701
1.56840493428221 -0.01408807084268559
1.57230643909386 -0.01401105483712476
1.5762079439055 -0.01393414451972055
1.58014846376527 -0.01385658475587952
1.58408898362503 -0.0137791573720359
1.58802950348479 -0.01370187419871781
1.59197002334456 -0.01362474672007515
1.59594994840292 -0.01354701733862734
1.59992987346128 -0.01346946925240492
1.60390979851964 -0.01339211324713256
1.607889723578 -0.01331495976825475
1.61190944788694 -0.01323725061166557
1.61592917219589 -0.01315976841379588
1.61994889650483 -0.01308252291201906
1.62396862081378 -0.01300552351153393
1.62802854236581 -0.01292801315387471
1.63208846391785 -0.01285077209907853
1.63614838546988 -0.01277380904042368
1.64020830702192 -0.01269713234895081
1.64430882778947 -0.01261998775641539
1.64840934855703 -0.01254315145338
1.65250986932458 -0.01246663110058317
1.65661039009214 -0.01239043404810523
1.66075191606737 -0.01231381035218682
1.6648934420426 -0.01223753056466711
1.66903496801783 -0.01216160133204095
1.67317649399306 -0.01208602900317257
1.67735943522804 -0.01201006938110867
1.68154237646303 -0.01193448593453492
1.68572531769801 -0.01185928432014254
1.68990825893299 -0.01178446991126686
1.69413302958033 -0.01170930556746873
1.69835780022766 -0.01163454635459806
1.70258257087499 -0.01156019696949574
1.70680734152232 -0.01148626184097121
1.71107435987613 -0.01141201208242134
1.71534137822993 -0.01133819316086779
1.71960839658373 -0.0112648088481239
1.72387541493754 -0.011191862664145
1.72818510347488 -0.01111863506215645
1.73249479201223 -0.01104586083609622
1.73680448054958 -0.01097354287178457
1.74111416908692 -0.01090168382001291
1.74546695450964 -0.01082957445031418
1.74981973993235 -0.01075793792826082
1.75417252535507 -0.01068677629626953
1.75852531077779 -0.0106160913790255
1.76292162405473 -0.01054518513184215
1.76731793733168 -0.01047476825212934
1.77171425060862 -0.01040484198440145
1.77611056388557 -0.01033540737302482
1.78055084029528 -0.01026577832467189
1.78499111670499 -0.01019665234016894
1.78943139311471 -0.01012802991390697
1.79387166952442 -0.01005991135783266
1.79835634869824 -0.009991623195310793
1.80284102787205 -0.009923849108888145
1.80732570704586 -0.009856588892287039
1.81181038621967 -0.009789842174447349
1.81633991218522 -0.009722948664622767
1.82086943815077 -0.0096565777070144
1.82539896411632 -0.009590728445228344
1.82992849008186 -0.009525399875564057
1.83450331130707 -0.009459945370708225
1.83907813253227 -0.009395019512630184
1.84365295375747 -0.009330620845928806
1.84822777498268 -0.009266747785052985
1.85284834442013 -0.009202767756813049
1.85746891385759 -0.009139320247511826
1.86208948329505 -0.009076403253905456
1.86671005273251 -0.009014014659319064
1.87137682786434 -0.008951536253553551
1.87604360299617 -0.008889592178346317
1.880710378128 -0.008828179933369153
1.88537715325983 -0.00876729692103986
1.89009059614298 -0.008706339526399567
1.89480403902613 -0.008645916376216763
1.89951748190928 -0.008586024523016803
1.90423092479243 -0.008526660937615607
1.90899150210441 -0.008467236761236251
1.91375207941639 -0.00840834500768492
1.91851265672838 -0.008349982331087141
1.92327323404036 -0.008292145318695671
1.92808141712546 -0.008234259962907935
1.93288960021056 -0.008176903632912555
1.93769778329566 -0.008120072631667447
1.94250596638076 -0.008063763209323368
1.94736223129671 -0.008007416243849411
1.95221849621266 -0.007951593488498596
1.95707476112862 -0.007896290940500619
1.96193102604457 -0.007841504557525348
1.96683585360968 -0.007786690082214048
1.97174068117479 -0.007732393735025094
1.9766455087399 -0.007678611250875123
1.98155033630501 -0.00762533833751272
1.98650421214577 -0.007572045531257888
1.99145808798653 -0.007519263651662085
1.9964119638273 -0.007466988212530484
2.00136583966806 -0.007415214712013938
2.00636925426723 -0.007363428364088691
2.0113726688664 -0.007312144762526055
2.01637608346557 -0.007261359238862239
2.02137949806474 -0.007211067119600793
2.0264329468099 -0.007160768140221043
2.03148639555507 -0.007110962881807601
2.03653984430023 -0.007061646530003707
2.04159329304539 -0.007012814275147754
2.046697276278 -0.006963980182638192
2.05180125951061 -0.006915630066922881
2.05690524274323 -0.006867759001591353
2.06200922597584 -0.006820362073769877
2.06716424904078 -0.006772967456243301
2.07231927210572 -0.006726046471098883
2.07747429517066 -0.006679594111140641
2.0826293182356 -0.006633605390677991
2.08783589153119 -0.006587622340645412
2.09304246482678 -0.006542102088838219
2.09824903812237 -0.006497039575965864
2.10345561141796 -0.006452429771362343
2.10871425044651 -0.006407828292163632
2.11397288947505 -0.006363678389605743
2.11923152850359 -0.006319974978440655
2.12449016753214 -0.006276713008342697
2.12980139295097 -0.006233461391723915
2.1351126183698 -0.006190649836838371
2.14042384378863 -0.006148273256111404
2.14573506920746 -0.006106326602400845
2.15109940688048 -0.006064391776958819
2.1564637445535 -0.00602288529097289
2.16182808222652 -0.005981802075734324
2.16719241989954 -0.005941137107727341
2.17261040094929 -0.005900484958298357
2.17802838199903 -0.005860249296622089
2.18344636304878 -0.005820425091696736
2.18886434409853 -0.005781007361765745
2.19433650495878 -0.005741603020146785
2.19980866581902 -0.005702603255296966
2.20528082667927 -0.005664003090512649
2.21075298753952 -0.005625797601722876
2.21627987000837 -0.00558760570938692
2.22180675247721 -0.005549806486178221
2.22733363494606 -0.005512395024145623
2.23286051741491 -0.005475366470738886
2.23844266870845 -0.005438351414436257
2.24402482000198 -0.005401717178380297
2.24960697129552 -0.005365458935812349
2.25518912258906 -0.005329571917570171
2.26082709539553 -0.005293698038901192
2.26646506820201 -0.005258193238938505
2.27210304100848 -0.005223052782670984
2.27774101381495 -0.005188271994353044
2.28343536634949 -0.005153503774551353
2.28912971888403 -0.005119093041386446
2.29482407141857 -0.005085035160397159
2.3005184239531 -0.005051325557578049
2.30626972001298 -0.005017627778865682
2.31202101607286 -0.004984276080286226
2.31777231213275 -0.004951265935114706
2.32352360819263 -0.004918592877838007
2.32933241721311 -0.004885930762799699
2.33514122623359 -0.004853603537442917
2.34095003525408 -0.00482160678848391
2.34675884427456 -0.004789936164217331
2.35262574138524 -0.004758275494701858
2.35849263849593 -0.004726938765781158
2.36435953560661 -0.004695921681970622
2.3702264327173 -0.004665220009383603
2.3761519987991 -0.004634527226470129
2.38207756488089 -0.00460414769700111
2.38800313096269 -0.004574077246432292
2.39392869704448 -0.00454431176153202
2.39991351878709 -0.004514554048109325
2.4058983405297 -0.004485099179176707
2.41188316227231 -0.004455943103182815
2.41786798401492 -0.004427081829336002
2.42391265397496 -0.004398227176827777
2.429957323935 -0.004369665250418426
2.43600199389503 -0.004341392122633987
2.44204666385507 -0.004313403925976968
2.44815178051471 -0.004285421186718595
2.45425689717435 -0.00425772135461039
2.46036201383399 -0.004230300626488267
2.46646713049362 -0.00420315525818533
2.47263329831986 -0.004176014184909776
2.47879946614609 -0.004149146505058159
2.48496563397233 -0.004122548539265945
2.49113180179856 -0.004096216666021613
2.49735963130306 -0.004069887939856008
2.50358746080755 -0.004043823401659563
2.50981529031205 -0.004018019494716347
2.51604311981654 -0.003992472718883271
2.52233322761608 -0.003966927967189112
2.52862333541562 -0.003941638506946159
2.53491344321516 -0.003916600902390145
2.54120355101471 -0.003891811772939872
2.54755655989225 -0.003867023578255295
2.55390956876979 -0.003842482086046785
2.56026257764732 -0.003818183979346057
2.56661558652486 -0.003794125994892761
2.57303212549117 -0.003770067896154574
2.57944866445748 -0.003746248215307122
2.58586520342379 -0.00372266375164361
2.5922817423901 -0.00369931135662625
2.59876244674607 -0.003675957843764666
2.60524315110205 -0.003652834763962783
2.61172385545802 -0.003629939029934635
2.618204559814 -0.003607267604979198
2.62475007121354 -0.003584594107892375
2.63129558261307 -0.003562143352922589
2.6378410940126 -0.003539912363122409
2.64438660541214 -0.003517898210517496
2.65099757192567 -0.003495881083343873
2.6576085384392 -0.003474079294362978
2.66421950495273 -0.003452489973699962
2.67083047146627 -0.003431110298827215
2.67750754764494 -0.003409726800338271
2.6841846238236 -0.003388551515460824
2.69086170000226 -0.00336758167798959
2.69753877618093 -0.003346814567436714
2.70428262312138 -0.003326042838241711
2.71102647006184 -0.003305472469079283
2.71777031700229 -0.003285100793884974
2.72451416394274 -0.003264925190654011
2.7313254493526 -0.003244744227368466
2.73813673476246 -0.003224758032027358
2.74494802017232 -0.003204964032043971
2.75175930558217 -0.003185359730603269
2.76551810211008 -0.003146327491719152
2.77927689863799 -0.003108039204082893
2.80706966762437 -0.003032887799623881
2.83514036430061 -0.002959831278419555
2.86349176794362 -0.002888800473817615
2.89212668562305 -0.002819728021543013
2.92104795247928 -0.002752549313067297
2.95025843200408 -0.002687202311628436
2.97976101632412 -0.002623627435270158
3.00955862648736 -0.00256176744639352
3.03965421275223 -0.002501567345472622
3.07005075487975 -0.00244297426880588
3.10075126242855 -0.002385937390410328
3.13175877505284 -0.002330407828156295
3.16307636280337 -0.002276338554190013
3.1947071264314 -0.00222368430963964
3.22665419769571 -0.00217240152355427
3.25892073967267 -0.002122448235987252
3.2915099470694 -0.002073784025104721
3.32442504654009 -0.002026369938176594
3.35766929700549 -0.001980168426290174
3.39124598997555 -0.001935143282614541
3.4251584498753 -0.001891259584036509
3.45941003437406 -0.001848483635985418
3.4940041347178 -0.001806782920264189
3.52894417606497 -0.001766126045705734
3.56423361782562 -0.00172648270147895
3.59987595400388 -0.001687823612874233
3.63587471354392 -0.001650120499405672
3.67223346067936 -0.001613346035075451
3.70895579528615 -0.001577473810654547
3.74604535323901 -0.00154247829784285
3.7835058067714 -0.001508334815181033
3.82134086483912 -0.001475019495595445
3.85955427348751 -0.001442509255466333
3.89814981622238 -0.00141078176511808
3.93713131438461 -0.001379815420638551
3.97650262752845 -0.001349589316942244
4.01626765380374 -0.001320083221999131
4.05643033034178 -0.001291277552158172
4.09699463364519 -0.001263153348500305
4.13796457998165 -0.001235692254161779
4.17934422578146 -0.001208876492573925
4.22113766803928 -0.001182688846569921
4.26334904471967 -0.001157112638313917
4.30598253516687 -0.001132131710011229
4.34904236051854 -0.001107730405362242
4.39253278412372 -0.0010838935517254
4.43645811196496 -0.001060606442957631
4.48082269308461 -0.001037854822902957
4.52563092001545 -0.001015624869502063
4.57088722921561 -0.0009939031794976741
4.61659610150777 -0.0009726767537121899
4.66276206252284 -0.0009519329828754234
4.70938968314807 -0.0009316596339816961
4.75648357997955 -0.0009118448371566699
4.80404841577935 -0.0008924770730151717
4.85208889993714 -0.0008735451604923347
4.90060978893651 -0.0008550382451309925
4.94961588682588 -0.0008369457878091143
4.99911204569414 -0.0008192575538915727
5.04910316615108 -0.0008019636027911529
5.09959419781259 -0.000785054277924242
5.15059013979072 -0.0007685201970470736
5.20209604118862 -0.0007523522429588599
5.25411700160051 -0.0007365415545585118
5.30665817161651 -0.0007210795182421337
5.35972475333268 -0.0007059577596286807
5.41332200086601 -0.0006911681356017078
5.46745522087467 -0.0006767027266553126
5.52212977308341 -0.0006625538295328195
5.57735107081425 -0.0006487139501470225
5.63312458152239 -0.0006351757967711644
5.68945582733762 -0.0006219322734900703
5.74635038561099 -0.0006089764739012918
5.8038138894671 -0.0005963016750562833
5.86185202836177 -0.0005839013316320888
5.92047054864539 -0.0005717690703241952
5.97967525413184 -0.0005598986844516112
6.03947200667316 -0.0005482841287654699
6.0998667267399 -0.0005369195144528079
6.16086539400729 -0.0005257991043274312
6.22247404794737 -0.0005149173082000729
6.28469878842684 -0.0005042686784204154
6.34754577631111 -0.0004938479055837043
6.41102123407422 -0.0004836498143951239
6.47513144641496 -0.0004736693596853076
6.53988276087911 -0.0004639016225709236
6.60528158848791 -0.0004543418067563908
6.67133440437278 -0.0004449852350291764
6.73804774841651 -0.0004358273446295607
6.80542822590068 -0.0004268636892546103
6.87348250815968 -0.0004180899244530363
6.94221733324128 -0.0004095018182502428
7.01163950657369 -0.0004010952385322027
7.08175590163943 -0.0003928661539633265
7.15257346065582 -0.0003848106304834228
7.22409919526238 -0.0003769248286365048
7.29634018721501 -0.0003692050013166
7.36930358908716 -0.0003616474895105304
7.44299662497803 -0.0003542487241527146
7.51742659122781 -0.000347005217848639
7.59260085714009 -0.0003399135674120617
7.66852686571149 -0.0003329704494662383
7.7452121343686 -0.0003261726187994979
7.82266425571229 -0.0003195169062789187
7.90089089826941 -0.0003130002168537078
7.97989980725211 -0.0003066195276220156
8.059698805324629 -0.0003003718859578772
8.14029579337787 -0.0002942544076958036
8.221698751311649 -0.0002882642753707696
8.30391573882477 -0.0002823987365114457
8.38695489621302 -0.0002766551019846274
8.47082444517515 -0.0002710307443889049
8.555532689626901 -0.0002655230964957165
8.64108801652317 -0.0002601296497360003
8.727498896688401 -0.0002548479527307502
8.81477388565529 -0.0002496756098638557
8.902921624511841 -0.0002446102798956878
8.99195084075696 -0.0002396496746159523
9.081870349164531 -0.0002347915575344214
9.172689052656169 -0.0002300337426082012
9.26441594318274 -0.0002253740930042676
9.357060102614559 -0.0002208105198960717
9.45063070364071 -0.0002163409812930442
9.54513701067712 -0.0002119634809019319
9.640588380783891 -0.0002076760670189002
9.736994264591729 -0.0002034768314514255
9.834364207237639 -0.000199363908469028
9.93270784931002 -0.0001953354737819449
10.0320349278031 -0.0001913897435468918
10.1323552770812 -0.0001875249733990784
10.233678829852 -0.0001837394575097326
10.3360156181505 -0.0001800315276683233
10.439375774332 -0.0001763995523888339
10.5437695320753 -0.0001728419360393565
10.6492072273961 -0.0001693571179943527
10.75569929967 -0.0001659435718089685
10.8632562926667 -0.0001625998044147414
10.9718888555934 -0.0001593243553361771
11.0816077441493 -0.0001561157959275643
11.1924238215908 -0.0001529727286294908
11.3043480598067 -0.0001498937862445454
11.4173915404048 -0.0001468776312316453
11.5315654558088 -0.0001439229550185128
11.6468811103669 -0.0001410284773317701
11.7633499214706 -0.0001381929455442119
11.8809834206853 -0.0001354151340387414
11.9997932548922 -0.0001326938435885284
12.1197911874411 -0.0001300279007529463
12.2409890993155 -0.0001274161572888201
12.3633989903086 -0.000124857489576589
12.4870329802117 -0.0001223507980609315
12.6119033100138 -0.000119895006705472
12.738022343114 -0.0001174890624611366
12.8654025665451 -0.000115131934747803
12.9940565922106 -0.0001128226149488222
13.1239971581327 -0.000110560115918091
13.255237129714 -0.0001083434714992663
13.3877895010112 -0.0001061717360568036
13.5216673960213 -0.0001040439840184747
13.6568840699815 -0.0001019593094290159
13.7934529106813 -9.991682551461432e-05
13.9313874397881 -9.791566425790617e-05
14.070701314186 -9.595497598319297e-05
14.2114083273278 -9.403392895159043e-05
14.3535224106011 -9.215170896582019e-05
14.4970576347071 -9.030751898439681e-05
14.6420282110542 -8.850057874492364e-05
14.7884484931648 -8.673012439627138e-05
14.9363329780964 -8.499540813938487e-05
15.0856963078774 -8.329569787648355e-05
15.2365532709561 -8.163027686845071e-05
15.3889188036657 -7.999844340016449e-05
15.5428079917024 -7.839951045359743e-05
15.6982360716194 -7.683280538845292e-05
15.8552184323356 -7.529766963016049e-05
16.0137706166589 -7.379345836504404e-05
16.1739083228255 -7.231954024246898e-05
16.3356474060538 -7.087529708380836e-05
16.4990038801143 -6.946012359804567e-05
16.6639939189155 -6.807342710385196e-05
16.8306338581046 -6.671462725798835e-05
16.9989401966857 -6.538315578985792e-05
17.1689295986525 -6.407845624208231e-05
17.340618894639 -6.279998371692895e-05
17.5140250835854 -6.154720462847074e-05
17.6891653344213 -6.031959646032363e-05
17.8660569877655 -5.911664752883385e-05
18.0447175576431 -5.793785675157921e-05
18.2251647332196 -5.678273342105999e-05
18.4074163805518 -5.565079698345582e-05
18.5914905443573 -5.454157682231664e-05
18.7774054498009 -5.345461204708113e-05
18.9651795042989 -5.238945128630095e-05
19.1548312993419 -5.134565248545581e-05
19.3463796123353 -5.032278270925484e-05
19.5398434084586 -4.932041794831199e-05
19.7352418425432 -4.833814293009354e-05
19.9325942609687 -4.737555093403706e-05
20.1319202035783 -4.643224361074033e-05
20.3332394056141 -4.55078308051214e-05
20.5365717996703 -4.46019303834661e-05
20.741937517667 -4.37141680642597e-05
20.9493568928436 -4.284417725272022e-05
21.1588504617721 -4.199159887894584e-05
21.3704389663898 -4.115608123959578e-05
21.5841433560537 -4.033727984301384e-05
21.7999847896142 -3.953485725772666e-05
22.0179846375104 -3.874848296423003e-05
22.2381644838855 -3.797783320999556e-05
22.4605461287243 -3.722259086761773e-05
22.6851515900116 -3.648244529603523e-05
22.9120031059117 -3.575709220475755e-05
23.1411231369708 -3.504623352102397e-05
23.3725343683405 -3.434957725983618e-05
23.6062597120239 -3.366683739679621e-05
23.8423223091442 -3.29977337436885e-05
24.0807455322356 -3.234199182674642e-05
24.321552987558 -3.169934276754028e-05
24.5647685174336 -3.10695231664348e-05
24.8104162026079 -3.04522749885531e-05
25.058520364634 -2.984734545219564e-05
25.3091055682803 -2.925448691965995e-05
25.5621966239631 -2.867345679040533e-05
25.8178185902027 -2.810401739651449e-05
26.0759967761048 -2.754593590039787e-05
26.3367567438658 -2.699898419469445e-05
26.6001243113045 -2.646293880431566e-05
26.8661255544175 -2.593758079059101e-05
27.1347868099617 -2.542269565746201e-05
27.4061346780613 -2.491807325968475e-05
27.6801960248419 -2.442350771299167e-05
27.9569979850903 -2.393879730617243e-05
28.2365679649412 -2.346374441503179e-05
28.5189336445907 -2.299815541820366e-05
28.8041229810366 -2.254184061534821e-05
29.0921642108469 -2.209461413459811e-05
29.3830858529554 -2.165629390906841e-05
29.676916711485 -2.122670147491005e-05
29.9736858785998 -2.080566205395408e-05
30.2734227373858 -2.039300436154089e-05
30.5761569647597 -1.998856058387929e-05
30.8819185344073 -1.959216629692111e-05
31.1907377197513 -1.920366039740381e-05
31.5026450969488 -1.882288503486061e-05
31.8176715479183 -1.844968554503952e-05
32.1358482633975 -1.808391038471452e-05
32.4572067460315 -1.772541106786091e-05
32.7817788134918 -1.737404210316475e-05
33.1095966016267 -1.702966093283661e-05
33.440692567643 -1.669212787270158e-05
33.7750994933194 -1.636130605353703e-05
34.1128504882526 -1.603706136363022e-05
34.4539789931351 -1.571926239253006e-05
34.7985187830665 -1.540778037596546e-05
35.1465039708972 -1.510248914190522e-05
35.4979690106061 -1.480326505773312e-05
35.8529487007122 -1.450998697851223e-05
36.2114781877193 -1.422253619631307e-05
36.5735929695965 -1.394079639057517e-05
36.9393288992925 -1.366465357947107e-05
37.3087221882854 -1.339399607222947e-05
37.6818094101683 -1.312871442235245e-05
38.0586275042699 -1.286870138160497e-05
38.4392137793127 -1.26138518544863e-05
38.8236059171058 -1.236406285232851e-05
39.2118419762768 -1.211923344362526e-05
39.6039603960396 -1.187926467900367e-05
40 -1.164406227340811e-05
