-40 1.72667914904748784e-10
-39.6039603960395965 1.8238429407110856e-10
-39.2118419762768013 1.92449309298091827e-10
-38.8236059171058017 2.02867642436521758e-10
-38.439213779312702 2.13644508184998986e-10
-38.0586275042699 2.2478582469601267e-10
-37.6818094101682988 2.36298404324795399e-10
-37.308722188285401 2.48190165709092214e-10
-36.939328899292498 2.60470368381140049e-10
-36.573592969596497 2.73149871118353381e-10
-36.211478187719301 2.86241415234101297e-10
-35.8529487007121972 2.99759933993931682e-10
-35.4979690106060985 3.13722889313382116e-10
-35.1465039708972 3.28150636850115363e-10
-34.7985187830664984 3.43066820543830085e-10
-34.4539789931351024 3.58498797580647341e-10
-34.1128504882525974 3.74478094663479431e-10
-33.7750994933194022 3.91040896354241675e-10
-33.4406925676429978 4.08228566116759291e-10
-33.1095966016266985 4.26088200529270656e-10
-32.7817788134917976 4.44673216950941847e-10
-32.4572067460315026 4.64043974716647376e-10
-32.1358482633974987 4.84268429696414023e-10
-31.8176715479183017 5.05422821789136189e-10
-31.5026450969488003 5.27592394622424572e-10
-31.1907377197513007 5.50872146399833224e-10
-30.8819185344073013 5.75367610471514614e-10
-30.5761569647597007 6.01195663802286599e-10
-30.2734227373858005 6.28485361070200256e-10
-29.9736858785997988 6.57378791647260547e-10
-29.6769167114849992 6.88031956189779136e-10
-29.3830858529554 7.2061565899789141e-10
-29.0921642108468994 7.55316411690818969e-10
-28.8041229810365991 7.92337343086603069e-10
-28.5189336445906996 8.31899109472323865e-10
-28.2365679649412016 8.74240798705450677e-10
-27.9569979850903003 9.19620820802277624e-10
-27.6801960248419014 9.68317776849656434e-10
-27.4061346780612993 1.02063129722829977e-09
-27.1347868099616996 1.07688283926942513e-09
-26.8661255544175006 1.13741643359178366e-09
-26.6001243113045014 1.20259936749757066e-09
-26.3367567438657986 1.27282279296042066e-09
-26.0759967761048017 1.34850224593481854e-09
-25.8178185902027018 1.43007806297864712e-09
-25.5621966239631 1.51801568053058124e-09
-25.3091055682803017 1.61280580165457468e-09
-25.0585203646339991 1.71496441467848706e-09
-24.8104162026079003 1.825032647951783e-09
-24.564768517433599 1.94357644495537506e-09
-24.3215529875580003 2.07118604425481141e-09
-24.0807455322355999 2.20847524932547965e-09
-23.8423223091442011 2.35608047413404007e-09
-23.6062597120238991 2.51465955156197543e-09
-23.3725343683404994 2.68489029333523986e-09
-23.1411231369708013 2.86746879210873651e-09
-22.9120031059117011 3.06310745875802268e-09
-22.6851515900115999 3.27253279077919037e-09
-22.4605461287242996 3.49648287099228511e-09
-22.2381644838855017 3.73570459948845543e-09
-22.0179846375103985 3.990950665951336e-09
-21.7999847896142001 4.26297627409485198e-09
-21.5841433560537013 4.5525356349797752e-09
-21.3704389663897985 4.86037825135216814e-09
-21.1588504617721007 5.18724502084746018e-09
-20.9493568928435998 5.53386419187620859e-09
-20.7419375176670009 5.90094721217235967e-09
-20.5365717996702983 6.28918451628906745e-09
-20.3332394056141013 6.69924130466714339e-09
-20.1319202035783 7.13175337322040957e-09
-19.932594260968699 7.58732305856218287e-09
-19.7352418425431999 8.06651536996451088e-09
-19.5398434084586015 8.56985438479161762e-09
-19.3463796123353013 9.09781998940820405e-09
-19.1548312993419003 9.65084505231076636e-09
-18.9651795042988986 1.0229313120423851e-08
-18.7774054498008987 1.08335567330437667e-08
-18.5914905443572991 1.14638564507471069e-08
-18.4074163805518012 1.21204406986578153e-08
-18.2251647332196001 1.28034865247607104e-08
-18.0447175576431 1.35131213744210416e-08
-17.8660569877655 1.42494259819431808e-08
-17.6891653344213005 1.50124384788761645e-08
-17.5140250835853983 1.58021598168770052e-08
-17.3406188946390003 1.66185606003593905e-08
-17.1689295986525003 1.74615894209144868e-08
-16.9989401966857017 1.83311827816967653e-08
-16.8306338581046013 1.9227276695726591e-08
-16.6639939189155015 2.01498200374572269e-08
-16.4990038801143015 2.1098789722144568e-08
-16.3356474060537984 2.20742077825992464e-08
-16.1739083228255005 2.30761604080232772e-08
-16.0137706166588991 2.41048190048277917e-08
-15.8552184323355991 2.5160463334850286e-08
-15.6982360716193998 2.6243506782229515e-08
-15.5428079917024 2.73545237965229028e-08
-15.3889188036656996 2.84942795565273443e-08
-15.2365532709560991 2.9663761896705828e-08
-15.0856963078774005 3.08642155362335666e-08
-14.9363329780964005 3.20971786493963147e-08
-14.7884484931648004 3.33645218154023919e-08
-14.6420282110541997 3.46684893856023758e-08
-14.4970576347070992 3.60117433064328358e-08
-14.3535224106010997 3.73974094371634999e-08
-14.2114083273277991 3.88291264024047302e-08
-14.0707013141859996 4.03110970202613364e-08
-13.9313874397881001 4.18481423477190066e-08
-13.7934529106812995 4.34457583850357334e-08
-13.6568840699814995 4.51101754803910149e-08
-13.5216673960213001 4.68484204743513597e-08
-13.3877895010112002 4.86683816206318088e-08
-13.2552371297140006 5.05788763146797736e-08
-13.1239971581327008 5.25897216544104124e-08
-12.9940565922105993 5.47118078475631785e-08
-12.8654025665451002 5.69571744670706043e-08
-12.7380223431140003 5.9339089539187377e-08
-12.6119033100137994 6.18721314282898204e-08
-12.4870329802116995 6.45722734567117363e-08
-12.3633989903085997 6.74569711673586032e-08
-12.2409890993155006 7.05452521002946583e-08
-12.1197911874411002 7.38578079118766678e-08
-11.9997932548922002 7.74170886154125812e-08
-11.8809834206853004 8.12473986656180121e-08
-11.7633499214705992 8.53749945445469467e-08
-11.6468811103669001 8.98281834341240302e-08
-11.5315654558087992 9.46374224792408633e-08
-11.4173915404048003 9.98354180557685181e-08
-11.3043480598066992 1.05457224359352849e-07
-11.1924238215908005 1.11540340523762076e-07
-11.0816077441493004 1.1812480536219342e-07
-10.9718888555934004 1.25253288701409643e-07
-10.8632562926666996 1.32971178148130833e-07
-10.7556992996700007 1.41326659990173163e-07
-10.6492072273961007 1.50370792793268276e-07
-10.5437695320753004 1.60157572109371098e-07
-10.4393757743319995 1.70743984565932257e-07
-10.3360156181504994 1.82190049460522534e-07
-10.2336788298519998 1.94558845843236051e-07
-10.1323552770811993 2.0791652293478893e-07
-10.0320349278030996 2.22332291603330959e-07
-9.93270784931002026 2.37878394512225183e-07
-9.83436420723763938 2.54630052458311926e-07
-9.73699426459172912 2.72665384348920615e-07
-9.6405883807838908 2.92065298222023096e-07
-9.54513701067712006 3.12913350700120472e-07
-9.45063070364071045 3.35295572290557682e-07
-9.35706010261455923 3.59300256006453091e-07
-9.26441594318274042 3.85017706887713907e-07
-9.1726890526561693 4.12539950154298107e-07
-9.08187034916453051 4.41960395926976365e-07
-8.99195084075696016 4.73373458707388667e-07
-8.90292162451184055 5.06874130120122333e-07
-8.81477388565529019 5.42557503786738287e-07
-8.72749889668840062 5.80518251624158271e-07
-8.64108801652317027 6.20850051336825117e-07
-8.55553268962690083 6.63644965401163317e-07
-8.47082444517515043 7.08992772417955644e-07
-8.38695489621301959 7.5698025232904462e-07
-8.30391573882477019 8.07690427652218137e-07
-8.22169875131164929 8.61201763575393556e-07
-8.14029579337787013 9.17587330458930606e-07
-8.05969880532462923 9.76913933013646287e-07
-7.97989980725211012 1.03924121114056769e-06
-7.90089089826941038 1.10462071812521832e-06
-7.82266425571229007 1.1730949825617199e-06
-7.74521213436860023 1.2446965610274041e-06
-7.66852686571149 1.31944708912362621e-06
-7.59260085714008959 1.39735633903084838e-06
-7.51742659122781021 1.47842129218180932e-06
-7.44299662497803016 1.56262523602507253e-06
-7.36930358908715988 1.64993689411994905e-06
-7.29634018721501043 1.74030959896346543e-06
-7.22409919526238031 1.8336805169915363e-06
-7.15257346065581956 1.9299699351128909e-06
-7.08175590163943003 2.02908061792045342e-06
-7.01163950657369028 2.1308972443771363e-06
-6.94221733324128021 2.23528593229101872e-06
-6.87348250815967976 2.34209385827938741e-06
-6.80542822590068042 2.45114898017568684e-06
-6.73804774841651 2.56225986796466276e-06
-6.67133440437277958 2.67521564834595138e-06
-6.60528158848790969 2.78978606693772182e-06
-6.53988276087911036 2.90572167095002794e-06
-6.4751314464149603 3.02275411389906531e-06
-6.41102123407422031 3.14059658261534671e-06
-6.34754577631110983 3.25894434543706272e-06
-6.28469878842683993 3.37747541909770455e-06
-6.22247404794736969 3.4958513504328713e-06
-6.16086539400729016 3.61371810766821958e-06
-6.09986672673989982 3.7307070747304475e-06
-6.03947200667315975 3.84643614077052676e-06
-5.97967525413184031 3.96051087592221325e-06
-5.92047054864539035 4.07252578326697166e-06
-5.86185202836176966 4.18206561605414399e-06
-5.80381388946709986 4.28870674845849177e-06
-5.74635038561098987 4.39201858756196933e-06
-5.68945582733762034 4.49156501384100752e-06
-5.63312458152238982 4.58690583724098847e-06
-5.57735107081424974 4.67759825593696077e-06
-5.52212977308341024 4.76319830512676661e-06
-5.46745522087466984 4.84326228368356697e-06
-5.41332200086601034 4.91734814721705111e-06
-5.35972475333267973 4.98501685705249251e-06
-5.30665817161650999 5.04583367583446415e-06
-5.25411700160050987 5.09936940188703334e-06
-5.20209604118861968 5.14520153610440947e-06
-5.15059013979071967 5.18291537698811713e-06
-5.09959419781259005 5.21210504146891109e-06
-5.04910316615108012 5.23237441132775062e-06
-4.99911204569414025 5.24333800733189013e-06
-4.94961588682587994 5.24462179559399892e-06
-4.90060978893651011 5.23586393310870446e-06
-4.8520888999371401 5.21671546187825928e-06
-4.80404841577935038 5.1868409634642796e-06
-4.75648357997954996 5.14591918814771564e-06
-4.70938968314807038 5.09364367509510058e-06
-4.66276206252284009 5.0297233819652689e-06
-4.61659610150776967 4.95388334419718996e-06
-4.57088722921560997 4.86586538574449323e-06
-4.52563092001545009 4.76542890421960003e-06
-4.48082269308461001 4.65235175423243752e-06
-4.43645811196495998 4.52643125311530676e-06
-4.39253278412371984 4.38748533318056283e-06
-4.34904236051854021 4.23535386412910187e-06
-4.30598253516687013 4.06990016819578697e-06
-4.26334904471966958 3.89101274906740696e-06
-4.22113766803927959 3.69860725353372689e-06
-4.1793442257814597 3.49262868224196882e-06
-4.13796457998164957 3.27305386283427936e-06
-4.09699463364519012 3.03989419518385794e-06
-4.05643033034178035 2.79319867445450756e-06
-4.01626765380374007 2.53305719333218089e-06
-3.97650262752845007 2.25960412009416089e-06
-3.93713131438460984 1.9730221442493977e-06
-3.89814981622237999 1.67354637640300095e-06
-3.85955427348751012 1.36146868385476976e-06
-3.82134086483912006 1.03714223833592342e-06
-3.7835058067713998 7.0098624734009921e-07
-3.74604535323901011 3.53490835811082522e-07
-3.70895579528614983 -4.77795936131513027e-09
-3.67223346067935985 -3.73173123404061184e-07
-3.63587471354391978 -7.50961570864414196e-07
-3.59987595400387983 -1.1373190730335668e-06
-3.5642336178256202 -1.53132525435480683e-06
-3.5289441760649698 -1.93195870735560404e-06
-3.49400413471779991 -2.33809227543368483e-06
-3.45941003437406014 -2.74848855156361117e-06
-3.42515844987529983 -3.16179563862346877e-06
-3.39124598997555005 -3.57654321354330676e-06
-3.35766929700548999 -3.99113893282751136e-06
-3.32442504654009019 -4.40386521121039917e-06
-3.29150994706939981 -4.81287639830547422e-06
-3.25892073967267004 -5.21619637012955484e-06
-3.22665419769570994 -5.6117165434118007e-06
-3.1947071264314002 -5.99719431070620679e-06
-3.16307636280336979 -6.37025188361825768e-06
-3.13175877505284017 -6.72837552005109722e-06
-3.10075126242854981 -7.0689150993997191e-06
-3.07005075487974999 -7.38908399720691615e-06
-3.03965421275223013 -7.68595919808315935e-06
-3.00955862648735994 -7.95648157282136408e-06
-2.97976101632412016 -8.19745623273921616e-06
-2.95025843200407989 -8.40555286147596013e-06
-2.92104795247928006 -8.57730591185883548e-06
-2.89212668562305009 -8.70911454311305444e-06
-2.86349176794362004 -8.7972421616651633e-06
-2.83514036430061012 -8.83781541708198413e-06
-2.80706966762436982 -8.8268224932586001e-06
-2.7792768986379901 -8.76011052371393394e-06
-2.75175930558217008 -8.6333819486056679e-06
-2.72451416394273993 -8.44218961959855326e-06
-2.69753877618092996 -8.18193044668251212e-06
-2.67083047146627006 -7.84783736801800843e-06
-2.64438660541213988 -7.43496940935904822e-06
-2.61820455981400002 -6.93819958292432246e-06
-2.5922817423900999 -6.35220035597309903e-06
-2.56661558652485988 -5.67142639589646892e-06
-2.54120355101471018 -4.89009427026359385e-06
-2.51604311981654005 -4.00215874576263304e-06
-2.4911318017985602 -3.0012852879037749e-06
-2.4664671304936201 -1.880818312136475e-06
-2.44204666385506997 -6.33744674859140565e-07
-2.41786798401491998 7.47348182366296117e-07
-2.39392869704448019 2.2703201124226129e-06
-2.37022643271729994 3.9435329511371806e-06
-2.34675884427455994 5.77591292810685525e-06
-2.32352360819262982 7.77702186497101903e-06
-2.30051842395310002 9.95713840429611923e-06
-2.27774101381494987 1.23273507201400305e-05
-2.2551891225890599 1.48996624024993755e-05
-2.2328605174149101 1.76871134860748282e-05
-2.21075298753952021 2.07039189128217584e-05
-2.18886434409852981 2.3965627081563581e-05
-2.16719241989954003 2.74893015503370593e-05
-2.14573506920745993 3.12937294220436333e-05
-2.12449016753213993 3.53996604647914301e-05
-2.10345561141796011 3.98300815986347872e-05
-2.08262931823559994 4.46105320227222654e-05
-2.06200922597584002 4.97694649637077851e-05
-2.04159329304538995 5.53386627988118989e-05
-2.02137949806474015 6.13537131456171379e-05
-2.00136583966805981 6.78545544146144419e-05
-1.98155033630500998 7.48861002873308496e-05
-1.96193102604456993 8.24989536081885573e-05
-1.94250596638076001 9.07502212560022995e-05
-1.92327323404035999 9.9704442682278075e-05
-1.90423092479243006 0.000109434645957181715
-1.88537715325983002 0.000120023546335381895
-1.86671005273251001 0.00013156490352594051
-1.84822777498268009 0.000144165055001170447
-1.82992849008185998 0.000157944643784496284
-1.81181038621966994 0.00017304056018786678
-1.7938716695244199 0.00018960811789197135
-1.77611056388557009 0.000207823485540645632
-1.75852531077779006 0.000227886395613736086
-1.74111416908692007 0.00025002315270414386
-1.72387541493753993 0.000274489963408314382
-1.70680734152231994 0.000301576609791343519
-1.6899082589329899 0.00033161048775594607
-1.67317649399306001 0.000364961030571300934
-1.65661039009214006 0.000402044536248190385
-1.64020830702192 0.000443329415323033408
-1.62396862081378002 0.000489341872881889181
-1.60788972357800009 0.000540672035264144648
-1.59197002334455995 0.000597980527787682825
-1.5762079439054999 0.000662005504992871537
-1.56060192465891001 0.000733570129279356221
-1.54515042045437001 0.000813590487388186662
-1.52985190143997007 0.000903083926950101041
-1.51470485291085999 0.0010031777872888132
-1.49970777515927001 0.0011151184898564833
-1.48485918332601008 0.00124028094412853606
-1.47015760725346989 0.00138017821455853579
-1.45560159134006994 0.00153647138337516384
-1.44118969439611 0.00171097953269763498
-1.42692048950110006 0.00190568975778117452
-1.4127925638624701 0.00212276711133939757
-1.39880451867572009 0.00236456436699524191
-1.38495496898586001 0.00263363147819521085
-1.3712425435503599 0.00293272459758926176
-1.35766588470332006 0.00326481451119410614
-1.34422364822111007 0.00363309433184277756
-1.33091450318922 0.00404098628778411587
-1.31773713187051 0.00449214743506584722
-1.30469022957476999 0.00499047411682801249
-1.2917725045294699 0.00554010498910435627
-1.27898267775194996 0.00614542243142819633
-1.26631948292272001 0.00681105216176702052
-1.25378166626012 0.00754186087921182753
-1.24136798639615997 0.00834295176470227322
-1.22907721425362992 0.0092196576799650435
-1.21690813292438005 0.0101775319179467864
-1.20485953754888997 0.0112223363743512595
-1.19293023519691999 0.0123600270295152644
-1.18111904474942997 0.0135967366526352149
-1.16942479678161004 0.0149387546662795197
-1.15784633344714005 0.0163925041379015604
-1.14638250836350997 0.0179645158965602049
-1.13503218649852 0.0196613998068264594
-1.12379424405794004 0.0214898132676291341
-1.1126675683742 0.0234564270410888565
-1.10165105779623995 0.0255678885546485844
-1.09074362158043003 0.0278307828586045643
-1.07994417978260993 0.0302515914597697964
-1.06925166315109998 0.0328366492899586915
-1.05866501302088989 0.0355921001044567017
-1.04818318120880005 0.0385238506402661995
-1.03780512990969997 0.0416375238957553823
-1.02752983159375999 0.044938411922001778
-1.01735626890471997 0.0484314285409204806
-1.00728343455912994 0.0521210624257132243
-0.997310331246659021 0.0560113309947061142
-0.987435971531344991 0.0601057355800548171
-0.977659377753806957 0.0644072183375041518
-0.967979581934462985 0.068918121362324114
-0.958395625677685992 0.0736401484695777819
-0.948906560076916983 0.0785743300838454145
-0.939511445620709984 0.0837209916646118046
-0.930209352099712006 0.0890797260688019066
-0.920999358514567046 0.09464937022173249
-0.911880552984720039 0.100427986432368596
-0.90285203265813796 0.10641284864863168
-0.893912903621918997 0.112600433904206543
-0.885062280813781022 0.11898641916031584
-0.87629928793443701 0.125565683694956243
-0.867623057360828009 0.132332317138816768
-0.859032730060225957 0.139279633202143566
-0.850527455505173946 0.146400189081008186
-0.842106391589282022 0.153685810475336943
-0.833768704543842998 0.161127622095549206
-0.825513568855290036 0.168716083480191847
-0.817340167183456034 0.176441029894404161
-0.809247690280649024 0.184291718028780888
-0.801235336911534035 0.192256876170904978
-0.793302313773796008 0.200324758477932019
-0.785447835419599949 0.208483202938472223
-0.777671124177822026 0.216719692576123363
-0.769971410077051055 0.225021419415511514
-0.762347930769357029 0.233375350704911277
-0.754799931454808948 0.241768296867612337
-0.747326664806742036 0.250186980637236434
-0.739927390897764048 0.25861810682033648
-0.732601377126498976 0.267048432122799384
-0.725347898145048964 0.275464834474877129
-0.718166235787176976 0.283854381292983626
-0.71105567899720501 0.292204396124695509
-0.704015523759608963 0.300502523136631339
-0.697045073029315954 0.30873678892283446
-0.690143636662688964 0.316895661133963669
-0.683310531349196948 0.324968103454739865
-0.676545080543758948 0.332943626488603373
-0.669846614399762008 0.340812334144189544
-0.663214469702734011 0.348564965157829532
-0.65664798980468797 0.356192929429510641
-0.65014652455909705 0.363688338896475227
-0.643709430256531046 0.371044032718270689
-0.637336069560922036 0.378253596599601727
-0.631025811446456975 0.385311376132014882
-0.624778031135105993 0.392212484091988056
-0.618592110034759002 0.39895280169089592
-0.612467435677979011 0.405528973830877659
-0.606403401661364971 0.411938398479390788
-0.600399407585510025 0.418179210333440798
-0.594454858995554947 0.424250259001482832
-0.588569167322330999 0.430151081986103134
-0.582741749824090993 0.435881872803045689
-0.576972029528802999 0.441443444621333447
-0.571259435177032038 0.446837189854236039
-0.565603401165377995 0.452065036171301449
-0.560003367490473969 0.457129399436640826
-0.554458779693537962 0.462033134107805665
-0.548969088805484007 0.466779481652344896
-0.543533751292557987 0.471372017555104883
-0.538152229002533011 0.475814597498219471
-0.532823989111418039 0.480111303297417025
-0.527548504070710966 0.484266389172597234
-0.522325251555159964 0.488284228917783114
-0.517153714411048959 0.492169264515584459
-0.512033380604999033 0.495925956714671767
-0.506963743173266979 0.499558738055795482
-0.501944300171551006 0.503071968793125102
-0.496974554625297993 0.506469896113833307
-0.492054014480493018 0.509756617010561963
-0.487182192554943994 0.512936045109460781
-0.482358606490042974 0.516011881701762154
-0.477582778703013022 0.518987591170159135
-0.472854236339616985 0.521866380943474262
-0.46817251122734399 0.52465118605508998
-0.46353713982905298 0.52734465832322952
-0.458947663197082023 0.529949160115145146
-0.454403626927804005 0.532466762603432731
-0.449904581116638003 0.534899248371564218
-0.445450080313503027 0.537248118178056067
-0.441039683478716027 0.539514601644838443
-0.436672953939321984 0.5416996715958593
-0.432349459345863996 0.543804061736963606
-0.428068771629568023 0.545828287338037899
-0.423830466959968011 0.547772668553177633
-0.419634125702939009 0.549637355994577415
-0.415479332379147026 0.551422358160720938
-0.411365675622917981 0.553127570309329464
-0.407292748141503014 0.554752804360208573
-0.403260146674756015 0.556297819412504779
-0.399267471955204012 0.557762352464703626
-0.395314328668518011 0.559146148933772791
-0.391400325414375028 0.56044899258190084
-0.387525074667697977 0.561670734475143929
-0.383688192740294975 0.562811320617510047
-0.379889299742866005 0.563870817926654055
-0.376128019547392001 0.564849438242778223
-0.372403979749892977 0.565747560090591906
-0.368716811633558017 0.56656574794488912
-0.365066150132234979 0.567304768783108981
-0.361451633794292015 0.567965605743065316
-0.357872904746823983 0.568549468740415342
-0.354329608660222006 0.569057801938167795
-0.350821394713090984 0.569492287999231128
-0.347347915557515985 0.569854849092411908
-0.343908827284668983 0.570147644661869846
-0.340503789390761979 0.5703730660096058
-0.337132464743327975 0.570533727779508615
-0.333794519547849999 0.570632456469465477
-0.330489623314702996 0.570672276134574941
-0.327217448826437995 0.57065639147905256
-0.323977672105384973 0.570588168566602549
-0.320769972381569013 0.570471113408267394
-0.317594032060958986 0.570308848712680616
-0.314449536694018983 0.570105089105777285
-0.311336174944572996 0.569863615144947988
-0.308253638558984022 0.56958824646610362
-0.305201622335626976 0.569282814410737248
-0.302179824094680027 0.568951134483803078
-0.299187944648197979 0.568596978991820046
-0.296225687770494017 0.568224050204113151
-0.293292760168805011 0.567835954368563822
-0.290388871454263009 0.567436176896847222
-0.287513734113132025 0.56702805901315656
-0.284667063478348026 0.566614776135174414
-0.281848577701334979 0.56619931822706604
-0.279057997724094009 0.565784472332026445
-0.276295047251577996 0.565372807456990478
-0.273559452724335017 0.564966661945257131
-0.27085094329142001 0.564568133434516395
-0.268169250783585 0.564179071459019466
-0.265514109686717015 0.563801072715885199
-0.262885257115561988 0.563435478977744153
-0.260282432787684981 0.56308337759751248
-0.257705378997708012 0.562745604516887266
-0.255153840591790027 0.562422749658641363
-0.25262756494236599 0.562115164554451985
-0.250126301923135008 0.561822972035294188
-0.247649803884292002 0.561546077790639031
-0.245197825628012012 0.561284183586015728
-0.242770124384170005 0.561036801916141026
-0.240366459786306996 0.560803271862661767
-0.237986593847828998 0.560582775921641185
-0.235630290938444009 0.560374357565999293
-0.233297317760836009 0.56017693931195689
-0.230987443327559994 0.559989341065809443
-0.228700438938179013 0.559810298537657625
-0.226436078156613013 0.559638481521655851
-0.22419413678872499 0.55947251185734459
-0.221974392860123992 0.559310980903375499
-0.219776626594182012 0.559152466372749735
-0.217600620390278998 0.558995548397252295
-0.21544615880225701 0.558838824707515558
-0.213313028517086001 0.558680924833748982
-0.211201018333747992 0.558520523250180201
-0.20910991914232499 0.558356351403433648
-0.207039523903292 0.558187208581116256
-0.204989627627021997 0.558011971591564127
-0.202960027353487005 0.55782960323904196
-0.200950522132165993 0.557639159590371025
-0.198960913002143996 0.557429555653959796
-0.196991002972420004 0.557218884724401731
-0.19504059700239601 0.556998048057688488
-0.193109501982569987 0.556766536991561978
-0.191197526715416011 0.556523953730161502
-0.189304481896451993 0.55627001163815426
-0.187430180095497001 0.556004534514311088
-0.185574435738114996 0.555727454888410577
-0.183737065087242996 0.555438811388166642
-0.181917886224992997 0.555138745225519203
-0.180116719034646988 0.554827495854105068
-0.178333385182817994 0.554505395852319949
-0.176567708101800003 0.554172865089117894
-0.17481951297208001 0.553830404232594775
-0.173088626705029003 0.553478587664422594
-0.171374877925771996 0.553118055866292702
-0.169678096956209001 0.552749507347826907
-0.167998115798226988 0.552373690188580069
-0.166334768117056997 0.551991393269817499
-0.164687889224809009 0.551603437274581498
-0.163057316064167013 0.551210665536917666
-0.161442887192244006 0.550813934823045526
-0.159844442764597999 0.550414106128502612
-0.158261824519403987 0.550012035575686564
-0.156694875761787006 0.54960856549578696
-0.155143441348302991 0.549204515777655278
-0.153607367671588002 0.548800675563700602
-0.152086502645136012 0.548397795369395702
-0.150580695688253996 0.547996579698399322
-0.149089797711142003 0.547597680219654381
-0.147613661100141014 0.547201689566288674
-0.146152139703110001 0.546809135808687508
-0.144705088814959998 0.546420477645936264
-0.143272365163327003 0.546036100350992482
-0.141853826894383001 0.545656312495770957
-0.140449333558794992 0.545281343472766578
-0.139058746097816988 0.54491134182026213
-0.137681926829521989 0.544546374348674145
-0.136318739435170005 0.544186426056353367
-0.134969048945712988 0.543831400814390409
-0.133632721728428994 0.543481122791793281
-0.132309625473691989 0.543135338584983529
-0.130999629181872995 0.542793720008946434
-0.129702603150368995 0.542455867501749456
-0.128418418960762004 0.542121314089484274
-0.127146949466101 0.541789529855079555
-0.125888068778317014 0.541459926851826423
-0.124641652255760002 0.541131864400904883
-0.123407576490851004 0.540804654711550259
-0.122185719297873002 0.540477568762801508
-0.120975959700864 0.540149842386757117
-0.119778177921646994 0.539820682495073645
-0.118592255367967997 0.539489273392675495
-0.117418074621749996 0.539154783125437631
-0.116255519427476001 0.538816369811632723
-0.115104474680669006 0.53847318791019072
-0.113964826416504003 0.53812439438217996
-0.112836461798519 0.537769154705199814
-0.111719269107443994 0.537406648703639411
-0.110613137730143002 0.537036076160735121
-0.109517958148656003 0.536656662181230315
-0.108433621929362997 0.536267662275947798
-0.107360021712240003 0.53586836714188768
-0.106297051200237996 0.535458107113501058
-0.105244605148750003 0.535036256262543586
-0.104202579355198 0.534602236125558239
-0.103170870648710999 0.534155519039445137
-0.102149376879912004 0.533695631067004905
-0.101137996910803996 0.533222154495683331
-0.100136630604756 0.532734729894232761
-0.099145178816590504 0.532233057713564217
-0.0981635433827628967 0.531716899419864331
-0.0971916271116464031 0.531186078150126417
-0.0962293337739072996 0.530640478882600686
-0.0952765680929776038 0.530080048117362979
-0.0943332357356213014 0.529504793065314505
-0.0933992433025954 0.528914780347301328
-0.0924744983194013964 0.528310134208867743
-0.0915589092271301003 0.527691034260192926
-0.0906523853733960938 0.527057712755122032
-0.0897548370033624948 0.52641045142773002
-0.0888661752508538988 0.525749577909469634
-0.0879863121295584028 0.525075461754652695
-0.0871151605243151994 0.524388510106593264
-0.0862526341824902953 0.523689163041120231
-0.0853986477054359955 0.522977888628376464
-0.0845531165400355972 0.52225517775754593
-0.0837159569703322948 0.521521538772486526
-0.0828870861092398936 0.520777491968989925
-0.0820664218903364995 0.520023564006586447
-0.0812538830597391015 0.519260282289244479
-0.0804493891680584938 0.518488169370123209
-0.0796528605624342023 0.517707737435559645
-0.0788642183786476964 0.516919482922765905
-0.0780833845333146065 0.516123881324276779
-0.0773102817161530065 0.515321382230082281
-0.0765448333823297022 0.51451240465552206
-0.0757869637448809058 0.513697332699719511
-0.0750365977672088069 0.512876511575323213
-0.0742936611556522936 0.512050244046011849
-0.0735580803521310028 0.511218787303451494
-0.0728297825268623966 0.510382350310390254
-0.0721086955711509048 0.509541091631370957
-0.0713947480902484 0.508695117767226757
-0.0706878693962855048 0.507844482004245923
-0.0699879895012728015 0.506989183783601693
-0.0692950391101710972 0.506129168591548217
-0.0686089496140308008 0.505264328365967685
-0.0679296530831988016 0.504394502410136392
-0.0672570822605927932 0.50351947880022152
-0.066591170555042406 0.502638996268898186
-0.0659318520346954956 0.501752746543728034
-0.0652790614204906 0.500860377115475042
-0.0646327340796935962 0.499961494408469431
-0.0639928060194985965 0.499055667322283736
-0.0633592138806916977 0.498142431111586848
-0.0627318949313779017 0.497221291568750112
-0.062110787060770202 0.49629172947193595
-0.0614958287730398012 0.495353205259680462
-0.0608869591812275998 0.494405163891560306
-0.0602841180012154004 0.493447039853305069
-0.0596872455457577999 0.492478262263744249
-0.0590962827185720976 0.491498260040127311
-0.0585111710084871978 0.490506467077796715
-0.0579318524836507018 0.489502327399902015
-0.0573582697857928023 0.488485300232597341
-0.0567903661245472979 0.487454864961443524
-0.0562280852718290008 0.486410525925071724
-0.0556713715562663983 0.48535181700294
-0.0551201698576894994 0.484278305955141153
-0.0545744256016727006 0.483189598473608872
-0.0540340847541313993 0.482085341905977405
-0.0534990938159716975 0.480965228615616414
-0.0529693998177937983 0.479828998944073326
-0.0524449503146472984 0.478676443745305824
-0.0519256933808388971 0.477507406464709738
-0.051411577604791002 0.476321784739940302
-0.0509025520839515022 0.475119531505020287
-0.0503985664197538971 0.473900655583971042
-0.0498995707126276972 0.472665221765426802
-0.0494055155570570989 0.471413350355023686
-0.0489163520366902027 0.4701452162080621
-0.0484320317194951999 0.468861047250632434
-0.0479525066529655972 0.467561122503221904
-0.0474777293593718966 0.466245769626582873
-0.0470076528310613001 0.46491536201529593
-0.0465422305258032035 0.463570315469822636
-0.046081416362181403 0.462211084483011958
-0.0456251647150310996 0.460838158181653468
-0.0451734304109219012 0.459452055967932815
-0.0447261687236849975 0.458053322909305449
-0.0442833353699852023 0.456642524928316917
-0.0438448865049358011 0.45522024384627463
-0.0434107787177581972 0.453787072336370834
-0.0429809690274833983 0.452343608842728562
-0.0425554148786964001 0.450890452522003438
-0.0421340741373232019 0.449428198263648604
-0.0417169050864586027 0.447957431843532539
-0.0413038664222363031 0.446478725263657505
-0.0408949172497388991 0.444992632327947557
-0.0404900170789493988 0.443499684500796465
-0.0400891258207419013 0.442000387091157687
-0.0396922037829127994 0.440495215800581041
-0.0392992116662502985 0.438984613668821633
-0.0389101105606438971 0.437468988445460283
-0.0385248619412316001 0.435948710410643148
-0.0381434276645856996 0.434424110662399332
-0.0377657699649363021 0.432895479882344447
-0.037391851450432001 0.431363067585879834
-0.0370216350994376012 0.429827081857318383
-0.0366550842568690027 0.428287689564864571
-0.0362921626305632988 0.426745017045040642
-0.0359328342876865034 0.425199151241011708
-0.0355770636511746965 0.423650141274512337
-0.0352248154962125984 0.422098000426624875
-0.0348760549467451025 0.420542708498539974
-0.0345307474720248989 0.418984214519869336
-0.0341888588831929033 0.417422439768757314
-0.0338503553298939996 0.415857281065437123
-0.0335152032969247976 0.41428861429844055
-0.0331833696009155993 0.412716298141072357
-0.0328548213870450967 0.411140177914317118
-0.0325295261257873003 0.409560089551653239
-0.0322074516096904004 0.407975863620897661
-0.031888565950188498 0.40638732935839067
-0.0315728375744439987 0.404794318671471254
-0.0312602352222218008 0.403196670066296114
-0.0309507279427938993 0.40159423245955489
-0.0306442850918751016 0.399986868834656561
-0.0303408763285892003 0.398374459705184814
-0.030040471612464599 0.396756906351241168
-0.0297430412004600006 0.395134133797208409
-0.0294485556440198006 0.393506093502866194
-0.0291569857861582009 0.391872765743366436
-0.0288683027585724984 0.390234161657302292
-0.0285824779787846005 0.388590324946205323
-0.0282994831473115001 0.386941333212809768
-0.0280192902448628996 0.385287298929661404
-0.0277418715295672004 0.383628370033871402
-0.0274671995342249987 0.381964730148064091
-0.0271952470635891015 0.3802965984316512
-0.0269259871916723986 0.378624229070668172
-0.0266593932590814993 0.376947910418293008
-0.0263954388703778013 0.375267963801795945
-0.0261340978914630997 0.373584742015130922
-0.0258753444469932009 0.37189862751952707
-0.0256191529178150003 0.370210030377206845
-0.0253654979384306985 0.368519385945849653
-0.0251143543944859007 0.366827152363452091
-0.0248656974202829985 0.36513380785492805
-0.0246195023963198013 0.363439847893003098
-0.0243757449468513 0.361745782246807757
-0.0241344009374766001 0.360052131951907772
-0.023895446472749101 0.358359426235512757
-0.0236588578938109993 0.356668199430123289
-0.0234246117760504996 0.354978987908060428
-0.0231926849267826002 0.353292327067997569
-0.0229630543829530999 0.351608748403198113
-0.0227356974088645004 0.349928776679097442
-0.0225105914939251993 0.348252927245822519
-0.0222877143504210014 0.346581703508817118
-0.0220670439113078987 0.344915594578013851
-0.0218485583280275987 0.343255073113411913
-0.0216322359683441996 0.341600593381892303
-0.0214180554142021987 0.339952589537188543
-0.0212059954596061015 0.338311474131972989
-0.0209960351085209003 0.336677636868057462
-0.0207881535727930007 0.335051443587691511
-0.0205823302700921008 0.333433235506276238
-0.0203785448218733005 0.331823328683946539
-0.0201767770513597011 0.330222013730981256
-0.0199770069815442992 0.328629555739676837
-0.0197792148332122004 0.327046194432983939
-0.0195833810229823005 0.325472144518440976
-0.0193894861613687006 0.32390759623400589
-0.0191975110508601013 0.322352716071077794
-0.0190074366840198988 0.320807647658623518
-0.0188192442416037983 0.319272512791408003
-0.0186329150906968007 0.317747412584589051
-0.0184484307828681991 0.316232428736408555
-0.0182657730523447005 0.314727624880484169
-0.0180849238142027011 0.313233048009209758
-0.0179058651625768998 0.311748729949926862
-0.0177285793688880013 0.310274688875946891
-0.0175530488800871992 0.308810930835100472
-0.0173792563169180014 0.307357451279238858
-0.0172071844721960014 0.305914236579018672
-0.0170368163091049983 0.304481265509344845
-0.0168681349595098985 0.303058510691981087
-0.0167011237222869993 0.301645939983101796
-0.0165357660616703012 0.300243517794863468
-0.0163720456056141994 0.298851206341405273
-0.0162099461441723991 0.297468966801136658
-0.0160494516278935004 0.296096760388502633
-0.0158905461662312009 0.294734549329908557
-0.0157332140259715016 0.293382297739777975
-0.0155774396296746998 0.292039972394099956
-0.0154232075541334002 0.290707543400126833
-0.0152705025288449002 0.289384984762035335
-0.0151193094344999005 0.288072274843654386
-0.0149696133014851004 0.286769396730229165
-0.0148213993084011005 0.285476338492365034
-0.0146746527805951005 0.284193093356039872
-0.0145293591887079993 0.282919659783374577
-0.0143855041472356997 0.281656041469545537
-0.0142430734131045993 0.280402247261758109
-0.0141020528842620008 0.279158291006642911
-0.0139624285982791994 0.277924191332778681
-0.0138241867309695007 0.276699971375354681
-0.0136873135950193008 0.275485658449991622
-0.0135517956386330008 0.274281283682939525
-0.0134176194441910993 0.27308688160472816
-0.0132847717269219002 0.271902489714271722
-0.0131532393335859997 0.270728148020191017
-0.0130230092411742996 0.269563898565969462
-0.0128940685556181 0.268409784945045582
-0.0127664045105130002 0.26726585181179402
-0.0126400044658544 0.266132144393790959
-0.0125148559067866007 0.265008708010363025
-0.0123909464423628997 0.263895587601986503
-0.0122682638043197009 0.262792827274590579
-0.0121467958458611001 0.261700469862312934
-0.0120265305404566002 0.260618556511825916
-0.0119074559806501001 0.25954712629082044
-0.0117895603768811991 0.258486215822759158
-0.0116728320563181005 0.257435858949612573
-0.0115572594617010995 0.256396086423729463
-0.0114428311501991002 0.255366925629761765
-0.0113295357922763001 0.254348400337014779
-0.0112173621705706009 0.25334053048233246
-0.0111062991787827994 0.252343331983263752
-0.0109963358205769999 0.25135681658101533
-0.0108874612084920996 0.250380991712391088
-0.0107796645628633996 0.249415860409719303
-0.0106729352107559003 0.248461421227594875
-0.0105672625849067992 0.247517668195096519
-0.0104626362226800003 0.246584590792011837
-0.0103590457650297001 0.245662173947521184
-0.0102564809554749996 0.244750398059736002
-0.0101549316390841006 0.243849239034403975
-0.0100543877614693994 0.242958668341158146
-0.00995483936779151951 0.242078653085578882
-0.00985627660177378073 0.241209156095494148
-0.00975868970472651073 0.240350136019867211
-0.00966206901458071046 0.239501547438742551
-0.00956640496493139057 0.23866334098276909
-0.00947168808409049046 0.2378354634608843
-0.009377908994149 0.237017857994839126
-0.00928505841004850958 0.236210464159316402
-0.00919312713866188985 0.235413218126507007
-0.00910210607788305981 0.234626052814056463
-0.00901198621572579968 0.233848898035454833
-0.00892275862943149069 0.233081680651946288
-0.00883441448458563081 0.232324324725212722
-0.00874694503424319932 0.231576751670085512
-0.0086603416180625805 0.23083888040670289
-0.00857459566144810025 0.230110627511522947
-0.00848969867470108011 0.229391907366749026
-0.00840564225217928923 0.228682632307736805
-0.00832241807146463959 0.22798271276803847
-0.00824001789253924963 0.227292057421786708
-0.00815843355696956041 0.226610573323177994
-0.00807765698709857032 0.225938166042836036
-0.00799768018524611018 0.225274739800916529
-0.0079184952329169403 0.224620197596801352
-0.00784009429001676986 0.22397444133528871
-0.00776246959407600988 0.223337371949221847
-0.00768561345948119961 0.222708889518471009
-0.00760951827671405966 0.222088893385265163
-0.00753417651159807994 0.221477282265838238
-0.00745958070455255036 0.220873954358385277
-0.00738572346985401015 0.220278807447333164
-0.00731259749490495957 0.219691739003933767
-0.00724019553950986001 0.219112646283212142
-0.0071685104351582804 0.218541426417264872
-0.00709753508431512983 0.217977976504973026
-0.00702726245971794974 0.21742219369812063
-0.00695768560368113971 0.216873975283987691
-0.0068887976274070702 0.216333218764428403
-0.00682059171030402998 0.215799821931489083
-0.00675306109931092004 0.215273682939590399
-0.00668619910822863036 0.214754700374330837
-0.00661999911705805043 0.214242773317939672
-0.00655445457134459959 0.213737801411437806
-0.00648955898152931039 0.21323968491354009
-0.00642530592230624968 0.212748324756365598
-0.00636168903198637992 0.212263622597984841
-0.00629870201186770971 0.211785480871876014
-0.00623633862561158957 0.211313802833340475
-0.00617459269862534032 0.210848492602931176
-0.00611345811745082988 0.21038945520696023
-0.00605292882915924035 0.209936596615154236
-0.00599299884075172023 0.209489823775503042
-0.00593366221856606035 0.209049044646402893
-0.00587491308768917 0.208614168226127078
-0.00581674563137541019 0.208185104579732772
-0.00575915409047070021 0.207761764863450549
-0.00570213276284228018 0.207344061346655756
-0.00564567600281414006 0.206931907431478934
-0.00558977822060805971 0.206525217670149891
-0.00553443388179016005 0.206123907780156795
-0.00547963750672292998 0.205727894657282417
-0.00542538367002270028 0.205337096386634416
-0.00537166700002248039 0.204951432251705923
-0.00531848217824008006 0.20457082274159194
-0.00526582393885156007 0.204195189556420548
-0.00521368706816986022 0.203824455611074984
-0.0051620664041285803 0.203458545037310395
-0.00511095683577086988 0.20309738318432094
-0.00506035330274343022 0.202740896617847915
-0.00501025079479548024 0.202389013117903555
-0.00496064435128264983 0.202041661675186279
-0.00491152906067589008 0.201698772486258004
-0.00486290006007514004 0.201360276947556704
-0.00481475253472786035 0.201026107648319075
-0.00476708171755233986 0.200696198362468631
-0.00471988288866568 0.200370484039552349
-0.00467315137491650968 0.200048900794774831
-0.00462688254942229035 0.199731385898194308
-0.00458107183111117981 0.199417877763146678
-0.00453571468426848968 0.19910831593394962
-0.00449080661808762011 0.198802641072940961
-0.00444634318622535996 0.198500794946903508
-0.00440231998636175011 0.198202720412933187
-0.00435873265976411024 0.197908361403792893
-0.00431557689085554971 0.197617662912802305
-0.00427284840678766962 0.197330570978304642
-0.00423054297701750022 0.197047032667756722
-0.00418865641288861026 0.19676699606148762
-0.00414718456721644996 0.196490410236151825
-0.00410612333387767002 0.196217225247927868
-0.00406546864740364028 0.195947392115495916
-0.00402521648257786035 0.195680862802820377
-0.00398536285403747973 0.195417590201782093
-0.00394590381587870027 0.195157528114682566
-0.00390683546126602971 0.194900631236657323
-0.00386815392204558012 0.194646855138023489
-0.00382985536836195992 0.194396156246585489
-0.00379193600827916998 0.194148491829935044
-0.00375439208740512009 0.193903819977761183
-0.00371721988851991987 0.193662099584200248
-0.00368041573120784019 0.19342329033024272
-0.00364397597149290981 0.193187352666225748
-0.00360789700147812979 0.192954247794429712
-0.00357217524898825007 0.192723937651785054
-0.00353680717721609021 0.192496384892740319
-0.0035017892843723598 0.192271552872268298
-0.00346711810333897013 0.192049405629058756
-0.00343279020132571978 0.191829907868897059
-0.00339880217953040988 0.1916130249482485
-0.0033651506728023901 0.191398722858061032
-0.00333183234930929011 0.19118696820780115
-0.00329884391020722001 0.190977728209726444
-0.00326618208931407986 0.190770970663420025
-0.00323384365278622018 0.190566663940584441
-0.00320182539879823981 0.190364776970107868
-0.00317012415722597992 0.190165279223413614
-0.00313873678933265007 0.189968140700101762
-0.00310766018745806984 0.189773331913875187
-0.00307689127471096014 0.189580823878779309
-0.00304642700466432013 0.189390588095742607
-0.00301626436105378003 0.189202596539423507
-0.00298640035747899015 0.189016821645381333
-0.00295683203710791001 0.188833236297554413
-0.00292755647238406979 0.188651813816061192
-0.0028985707647366998 0.188472527945323653
-0.00286987204429375994 0.188295352842507285
-0.00284145746959778983 0.188120263066284821
-0.00281332422732454013 0.187947233565919941
-0.00278546953200449997 0.187776239670668615
-0.00275789062574702997 0.187607257079504514
-0.00273058477796735014 0.18744026185115123
-0.00270354928511619018 0.187275230394429365
-0.00267678147041207001 0.187112139458922688
-0.00265027868357630998 0.186950966125937423
-0.00262403830057060007 0.186791687799767792
-0.00259805772333722993 0.186634282199267865
-0.00257233437954181021 0.186478727349700696
-0.00254686572231862 0.186325001574889848
-0.00252164923001844 0.186173083489640706
-0.00249668240595884994 0.18602295199245214
-0.00247196277817707992 0.185874586258482688
-0.00244748789918523011 0.185727965732797845
-0.0024232553457279502 0.185583070123863075
-0.00239926271854251985 0.185439879397292867
-0.00237550764212130991 0.185298373769850144
-0.00235198776447654006 0.185158533703671968
-0.00232870075690746981 0.185020339900741987
-0.00230564431376977007 0.184883773297572968
-0.00228281615224729985 0.184748815060114924
-0.00226021401212604016 0.184615446578875991
-0.00223783565557033985 0.184483649464238231
-0.00221567886690131983 0.184353405541977988
-0.00219374145237754984 0.184224696848973218
-0.00217202123997776997 0.184097505629089081
-0.00215051607918590989 0.183971814329247668
-0.00212922384077812981 0.183847605595660796
-0.00210814241661201 0.183724862270227995
-0.0020872697194178301 0.183603567387081168
-0.00206660368259190983 0.183483704169295769
-0.0020461422599919901 0.183365256025727369
-0.00202588342573463984 0.183248206547991094
-0.00200582517399469987 0.183132539507575492
-0.00198596551880663016 0.183018238853072834
-0.00196630249386795007 0.182905288707531505
-0.00194683415234450999 0.182793673365917481
-0.00192755856667772992 0.182683377292691324
-0.00190847382839378992 0.182574385119473132
-0.00188957804791464994 0.182466681642817624
-0.00187086935437093997 0.182360251822065084
-0.00185234589541677006 0.182255080777292217
-0.00183400583704629999 0.182151153787339037
-0.0018158473634121799 0.182048456287907973
-0.00179786867664573011 0.181946973869741457
-0.00178006799667894009 0.181846692276863731
-0.00176244356106825006 0.181747597404888744
-0.0017449936248200501 0.181649675299387248
-0.00172771646021786991 0.181552912154309354
-0.00171061035665135992 0.181457294310458955
-0.00169367362044688997 0.18136280825401993
-0.00167690457469989 0.181269440615126814
-0.00166030155910880991 0.18117717816647641
-0.00164386292981070006 0.181086007821980866
-0.00162758705921851009 0.180995916635460247
-0.00161147233585991006 0.18090689179936234
-0.00159551716421773996 0.180818920643521425
-0.00157971996457201996 0.180731990633939077
-0.00156407917284358006 0.180646089371604007
-0.00154859324043919006 0.180561204591316027
-0.00153326063409820997 0.180477324160558117
-0.0015180798357408 0.180394436078371356
-0.00150304934231762 0.180312528474249972
-0.00148816766566100991 0.180231589607065562
-0.00147343333233763995 0.180151607863996505
-0.00145884488350260999 0.180072571759474304
-0.00144440087475506003 0.179994469934145029
-0.00143009987599511 0.179917291153840087
-0.00141594047128227999 0.179841024308561637
-0.0014019212586953299 0.179765658411471213
-0.00138804085019339995 0.17969118259789299
-0.00137429787147861 0.179617586124319994
-0.00136069096186000995 0.179544858367434418
-0.0013472187741188199 0.179472988823120599
-0.00133387997437507005 0.179401967105496774
-0.00132067324195551993 0.179331782945948176
-0.00130759726926288995 0.179262426192159791
-0.00129465076164642003 0.179193886807151065
-0.00128183243727369002 0.179126154868327253
-0.00126914102700365007 0.179059220566517269
-0.0012565752742610401 0.178993074205023639
-0.00124413393491191993 0.178927706198671904
-0.00123181577714051994 0.178863107072859601
-0.00121961958132723995 0.178799267462611849
-0.00120754413992795991 0.178736178111634919
-0.00119558825735441993 0.178673829871369094
-0.00118375074985586004 0.178612213700047262
-0.0011720304454018401 0.178551320661753582
-0.00116042618356618004 0.178491141925477853
-0.00114893681541206006 0.178431668764179152
-0.00113756120337827997 0.178372892553842505
-0.00112629822116660995 0.178314804772541274
-0.00111514675363031009 0.17825739699950105
-0.00110410569666367009 0.178200660914157982
-0.00109317395709273993 0.178144588295228001
-0.00108235045256706991 0.178089171019767761
-0.00107163411145255001 0.17803440106224358
-0.00106102387272528995 0.177980270493596271
-0.00105051868586663005 0.177926771480311635
-0.00104011751075904 0.177873896283492289
-0.00102981931758320991 0.177821637257926352
-0.00101962308671605002 0.177769986851166101
-0.00100952780862975005 0.177718937602597105
-0.000999532483791829972 0.17766848214252276
-0.000989636122566168053 0.177618613191240809
-0.000979837745115017976 0.177569323558126546
-0.000970136381301998029 0.177520606140718462
-0.000960531070596036974 0.177472453923805534
-0.000951020861976274983 0.17742485997851698
-0.00094160481383789602 0.17737781746141934
-0.000932281993898907051 0.177331319613609512
-0.000923051479107827992 0.177285359759817684
-0.000913912355552304952 0.177239931307510312
-0.000904863718368619039 0.177195027745997602
-0.000895904671652097973 0.177150642645545447
-0.000887034328368414035 0.17710676965648986
-0.000878251810265755998 0.177063402508358697
-0.000869556247787877951 0.177020535008992452
-0.000860946779987996954 0.176978161043676641
-0.000852422554443561949 0.176936274574270386
-0.000843982727171842988 0.176894869638349495
-0.000835626462546380008 0.176853940348342231
-0.000827352933214236955 0.176813480890685382
-0.000819161320014095951 0.176773485524968826
-0.000811050811895144982 0.176733948583100431
-0.000803020605836777005 0.176694864468464191
-0.000795069906769085952 0.176656227655093645
-0.000787197927494144968 0.176618032686843812
-0.000779403888608063995 0.17658027417657296
-0.000771687018423826009 0.176542946805328838
-0.000764046552894877013 0.176506045321537991
-0.000756481735539482007 0.176469564540208235
-0.000748991817365823962 0.176433499342129402
-0.000741576056797845049 0.176397844673088
-0.000734233719601826954 0.176362595543077844
-0.000726964078813690032 0.176327747025528558
-0.000719766414667019952 0.17629329425653209
-0.000712640014521802008 0.176259232434079233
-0.000705584172793862971 0.176225556817303036
-0.000698598190885013019 0.1761922627257268
-0.000691681377113875047 0.176159345538518808
-0.000684833046647399953 0.176126800693758162
-0.000678052521433069959 0.176094623687699237
-0.000671339130131752017 0.176062810074050641
-0.000664692208051240012 0.176031355463257405
-0.000658111097080435014 0.176000255521787941
-0.000651595145624193949 0.175969505971434959
-0.000645143708538805033 0.175939102588612978
-0.000638756147068124044 0.175909041203673594
-0.000632431828780320986 0.175879317700218751
-0.000626170127505267958 0.175849928014425283
-0.000619970423272542953 0.175820868134376473
-0.000613832102250042987 0.175792134099400282
-0.000607754556683210009 0.17576372199941101
-0.000601737184834862018 0.175735627974263509
-0.000595779390925605962 0.175707848213112472
-0.000589880585074857035 0.175680378953773197
-0.000584040183242433026 0.175653216482096697
-0.000578257607170726013 0.175626357131351635
-0.00057253228432745096 0.175599797281603687
-0.000566863647848961025 0.175573533359113659
-0.000561251136484120037 0.175547561835735028
-0.000555694194538733019 0.175521879228321576
-0.000550192271820528021 0.175496482098137313
-0.000544744823584681031 0.175471367050281019
-0.000539351310479882018 0.175446530733109424
-0.000534011198494932981 0.175421969837672082
-0.000528723958905874016 0.175397681097151731
-0.000523489068223636947 0.175373661286308907
-0.000518306008142215046 0.17534990722093724
-0.000513174265487341993 0.175326415757322496
-0.000508093332165684974 0.175303183791709283
-0.000503062705114539974 0.175280208259772335
-0.00049808188625201995 0.175257486136097984
-0.00049315038242774196 0.175235014433666625
-0.000488267705374002012 0.175212790203348207
-0.000483433371657427996 0.175190810533396829
-0.000478646902631116983 0.175169072548958582
-0.00047390782438724399 0.175147573411579216
-0.000469215667710143022 0.175126310318722417
-0.000464569968029844018 0.175105280503292215
-0.000459970265376083009 0.175084481233162281
-0.000455416104332756022 0.17506390981071035
-0.000450907033992827987 0.175043563572358896
-0.000446442607913690977 0.175023439888123328
-0.00044202238407296102 0.175003536161160739
-0.000437645924824714005 0.174983849827333143
-0.000433312796856152014 0.174964378354768718
-0.000429022571144704976 0.174945119243431924
-0.000424774822915549989 0.174926070024697428
-0.000420569131599553986 0.174907228260934661
-0.000416405080791637983 0.174888591545090843
-0.000412282258209541999 0.174870157500283979
-0.000408200255653012 0.174851923779400786
-0.000404158668963378997 0.174833888064697657
-0.000400157097983542989 0.174816048067410384
-0.00039619514651836001 0.174798401527366226
-0.000392272422295405012 0.174780946212601818
-0.00038838853692614399 0.174763679918987058
-0.000384543105867468974 0.174746600469853519
-0.000380735748383632998 0.174729705715628542
-0.000376966087508547021 0.174712993533472055
-0.000373233750008462992 0.174696461826920862
-0.000369538366345013012 0.174680108525535699
-0.000365879570638625977 0.174663931584557203
-0.000362257000632303019 0.174647928984558359
-0.000358670297655745978 0.174632098731111018
-0.000355119106589847015 0.174616438854451578
-0.000351603075831532 0.174600947409151164
-0.000348121857258942987 0.174585622473792362
-0.000344675106196972998 0.174570462150649419
-0.000341262481383142007 0.174555464565374269
-0.000337883644933803008 0.17454062786668309
-0.000334538262310696982 0.174525950226051219
-0.000331226002287817996 0.174511429837409693
-0.000327946536918632026 0.17449706491684891
-0.000324699541503595994 0.174482853702322388
-0.000321484694558016001 0.174468794453358028
-0.000318301677780214007 0.174454885450769703
-0.000315150176020013984 0.174441124996378372
-0.000312029877247537975 0.174427511412731412
-0.000308940472522315011 0.17441404304283098
-0.000305881655962688011 0.174400718249859144
-0.000302853124715532994 0.174387535416913847
-0.000299854578926269993 0.174374492946747589
-0.000296885721709177976 0.174361589261503663
-0.000293946259117998008 0.17434882280246336
-0.000291035900116830011 0.174336192029793058
-0.000288154356551317001 0.174323695422295782
-0.00028530134312011599 0.174311331477164544
-0.000282476577346648988 0.174299098709742001
-0.000279679779551138014 0.174286995653280319
-0.00027691067282290899 0.174275020858709356
-0.000274168982992978988 0.174263172894400492
-0.000271454438606909981 0.174251450345940528
-0.000268766770897929999 0.174239851815906344
-0.00026610571376032698 0.174228375923641432
-0.000263471003723095981 0.174217021305037606
-0.000260862379923857996 0.174205786612318281
-0.000258279584083026992 0.174194670513825839
-0.000255722360478245021 0.174183671693811215
-0.000253190455919054009 0.174172788852226396
-0.000250683619721835994 0.174162020704522802
-0.000248201603684985984 0.174151365981443318
-0.000245744162064343008 0.174140823428831915
-0.000243311051548853987 0.174130391807431451
-0.000240902031236488987 0.174120069892693741
-0.000238516862610385009 0.17410985647458907
-0.000236155309515232988 0.17409975035741565
-0.000233817138133894013 0.174089750359618795
-0.000231502116964251998 0.174079855313604037
-0.000229210016796289006 0.174070064065560359
-0.000226940610689394987 0.174060375475280665
-0.000224693673949896011 0.174050788415988977
-0.000222468984108808006 0.174041301774163798
-0.000220266320899810002 0.174031914449373326
-0.000218085466237434995 0.174022625354102928
-0.000215926204195480991 0.174013433413591989
-0.000213788320985624006 0.174004337565671768
-0.000211671604936261999 0.173995336760600111
-0.000209575846471545999 0.173986429960908295
-0.000207500838090639994 0.173977616141240715
-0.000205446374347168008 0.173968894288201587
-0.000203412251828878995 0.173960263400203791
-0.000201398269137503989 0.173951722487317245
-0.000199404226868816001 0.173943270571121716
-0.000197429927592886992 0.17393490668456088
-0.000195475175834541989 0.173926629871799743
-0.000193539778054002009 0.173918439188079477
-0.000191623542627725012 0.1739103336995792
-0.000189726279829430006 0.173902312483279503
-0.000187847801811316987 0.173894374626824277
-0.000185987922585461999 0.17388651922838641
-0.000184146458005408009 0.173878745396537554
-0.000182323225747928999 0.173871052250113428
-0.000180518045294979012 0.17386343891808928
-0.000178730737915820995 0.1738559045394521
-0.00017696112664932799 0.173848448263071831
-0.000175209036286462993 0.173841069247583135
-0.000173474293352933999 0.173833766661258465
-0.000171756726092014002 0.173826539681891712
-0.000170056164447537997 0.17381938749667708
-0.000168372440047068005 0.173812309302092849
-0.000166705386185215002 0.173805304303788266
-0.000165054837807144009 0.173798371716465089
-0.000163420631492221989 0.173791510763770751
-0.000161802605437842988 0.173784720678182847
-0.000160200599443408991 0.173778000700903323
-0.000158614454894464988 0.173771350081749182
-0.000157044014746995003 0.173764768079046034
-0.000155489123511875994 0.173758253959525072
-0.000153949627239480989 0.173751806998217739
-0.000152425373504436992 0.173745426478352893
-0.000150916211390530992 0.173739111691260606
-0.000149421991475773991 0.173732861936267635
-0.00014794256581759799 0.173726676520602447
-0.000146477787938216003 0.173720554759299567
-0.000145027512810113999 0.173714495975099803
-0.000143591596841697011 0.173708499498360813
-0.000142169897863067004 0.173702564666964321
-0.000140762275111947009 0.17369669082621883
-0.000139368589219749988 0.173690877328776444
-0.00013798870219777201 0.173685123534540076
-0.000136622477423536991 0.173679428810575548
-0.000135269779627263987 0.173673792531026189
-0.000133930474878479001 0.173668214077026622
-0.000132604430572751992 0.173662692836616839
-0.000131291515418565996 0.173657228204662201
-0.000129991599424323013 0.173651819582767736
-0.000128704553885468001 0.173646466379199588
-0.000127430251371750988 0.173641168008803665
-0.000126168565714605005 0.173635923892926619
-0.000124919371994658006 0.173630733459339631
-0.000123682546529363987 0.173625596142156474
-0.000122457966860757008 0.173620511381766207
-0.000121245511743323995 0.173615478624748631
-0.000120045061132003004 0.173610497323808177
-0.000118856496170299998 0.173605566937696715
-0.000117679699178514994 0.173600686931141557
-0.000116514553642094006 0.173595856774776874
-0.000115360944200092996 0.173591075945071338
-0.000114218756633755998 0.17358634392425934
-0.000113087877855203999 0.173581660200274268
-0.000111968195896240997 0.173577024266678842
-0.000110859599897269003 0.173572435622599774
-0.000109761980096306002 0.17356789377266188
-0.000108675227818123997 0.173563398226922738
-0.000107599235463489999 0.17355894850080994
-0.000106533896498504994 0.173554544115057136
-0.000105479105444064 0.173550184595642087
-0.000104434757865410005 0.173545869473721664
-0.000103400750361791995 0.173541598285579163
-0.00010237698055623 0.173537370572555305
-0.000101363347085375996 0.173533185880994562
-0.000100359749589481 0.173529043762185448
-9.93660887024564013e-05 0.173524943772302764
-9.83822660420361058e-05 0.173520885472349645
-9.74081842000357038e-05 0.173516868428102294
-9.64437467327085974e-05 0.173512892210054531
-9.54888581511966058e-05 0.173508956393363334
-9.45434239120758989e-05 0.173505060557793134
-9.36073504079959002e-05 0.173501204287664995
-9.26805449584117982e-05 0.173497387171800854
-9.17629158004076964e-05 0.173493608803472948
-9.08543720796115955e-05 0.173489868780353468
-8.99548238411996051e-05 0.173486166704462236
-8.90641820209896976e-05 0.173482502182117027
-8.81823584366234984e-05 0.1734788748238833
-8.73092657788352062e-05 0.173475284244527878
-8.64448176028071e-05 0.173471730062967622
-8.55889283196109959e-05 0.17346821190222389
-8.47415131877335946e-05 0.173464729389374434
-8.39024883046868031e-05 0.173461282155506241
-8.30717705986998051e-05 0.173457869835672546
-8.22492778204948045e-05 0.173454492068843946
-8.14349285351433934e-05 0.173451148497866553
-8.0628642114003395e-05 0.173447838769415802
-7.98303387267360043e-05 0.173444562533954072
-7.90399393334019956e-05 0.173441319445687553
-7.82573656766355984e-05 0.173438109162521753
-7.74825402738965992e-05 0.173434931346022447
-7.67153864097985946e-05 0.173431785661372351
-7.59558281285135044e-05 0.17342867177732918
-7.52037902262510036e-05 0.173425589366189153
-7.44591982438128991e-05 0.173422538103741697
-7.37219784592207044e-05 0.173419517669234413
-7.29920578804165056e-05 0.173416527745330479
-7.22693642380361036e-05 0.173413568018073283
-7.15538259782536051e-05 0.173410638176846182
-7.08453722556965949e-05 0.17340773791433578
-7.01439329264322964e-05 0.173404866926495593
-6.94494385410221053e-05 0.173402024912506059
-6.87618203376456059e-05 0.173399211574743584
-6.80810102352927033e-05 0.173396426618738636
-6.74069408270225014e-05 0.173393669753146823
-6.67395453732896052e-05 0.17339094068970845
-6.60787577953362063e-05 0.173388239143216688
-6.54245126686496954e-05 0.173385564831484401
-6.47767452164849068e-05 0.173382917475306736
-6.41353913034503983e-05 0.173380296798433475
-6.35003874291587944e-05 0.173377702527529126
-6.28716707219394025e-05 0.173375134392146524
-6.2249178932613199e-05 0.17337259212469372
-6.16328504283298982e-05 0.173370075460397316
-6.10226241864652975e-05 0.173367584137278236
-6.04184397885794991e-05 0.173365117896116361
-5.98202374144351029e-05 0.173362676480420447
-5.92279578360743994e-05 0.173360259636399505
-5.86415424119547982e-05 0.173357867112930442
-5.80609330811434002e-05 0.173355498661532742
-5.74860723575677031e-05 0.173353154036333557
-5.69169033243245028e-05 0.17335083299404383
-5.63533696280440002e-05 0.173348535293927714
-5.57954154733108967e-05 0.173346260697775228
-5.52429856171395031e-05 0.173344008969873092
-5.46960253635045022e-05 0.173341779876978935
-5.41544805579252032e-05 0.173339573188294516
-5.36182975821042023e-05 0.173337388675434689
-5.30874233486179975e-05 0.173335226112407259
-5.25618052956613996e-05 0.173333085275581611
-5.20413913818430031e-05 0.173330965943667231
-5.15261300810326977e-05 0.173328867897683508
-5.10159703772600979e-05 0.173326790920937585
-5.05108617596634006e-05 0.173324734798999819
-5.00107542174885026e-05 0.173322699319674783
-4.95155982351371985e-05 0.173320684272982722
-4.90253447872645001e-05 0.173318689451131686
-4.85399453339252997e-05 0.173316714648495379
-4.80593518157676011e-05 0.173314759661587298
-4.75835166492748028e-05 0.173312824289041933
-4.71123927220542976e-05 0.173310908331585717
-4.66459333881725978e-05 0.173309011592020279
-4.61840924635371967e-05 0.173307133875195363
-4.57268242213239998e-05 0.173305274987989005
-4.52740833874495e-05 0.173303434739286
-4.4825825136088598e-05 0.173301612939954247
-4.4382005085236197e-05 0.173299809402825078
-4.39425792923131005e-05 0.173298023942669882
-4.35075042498148993e-05 0.173296256376182845
-4.30767368810049033e-05 0.173294506521956188
-4.26502345356484028e-05 0.173292774200461408
-4.22279549857905003e-05 0.173291059234031763
-4.1809856421574702e-05 0.173289361446835377
-4.13958974471036981e-05 0.17328768066486383
-4.09860370763402994e-05 0.173286016715906405
-4.0580234729049797e-05 0.173284369429532126
-4.01784502267819974e-05 0.173282738637073525
-3.97806437888931013e-05 0.173281124171603601
-3.9386776028607001e-05 0.173279525867920808
-3.89968079491157977e-05 0.17327794356252757
-3.86107009397185986e-05 0.17327637709361482
-3.82284167719987015e-05 0.173274826301041379
-3.78499175960382992e-05 0.173273291026317167
-3.74751659366715989e-05 0.173271771112586737
-3.71041246897738013e-05 0.173270266404611073
-3.67367571185878985e-05 0.173268776748747022
-3.63730268500871007e-05 0.173267301992936634
-3.60128978713733001e-05 0.173265841986686597
-3.56563345261122001e-05 0.173264396581050972
-3.53033015110021977e-05 0.173262965628614624
-3.49537638722793973e-05 0.173261548983479813
-3.46076870022568025e-05 0.173260146501248435
-3.42650366358978996e-05 0.173258758039004646
-3.39257788474235983e-05 0.173257383455301339
-3.35898800469540995e-05 0.173256022610143362
-3.32573069771822978e-05 0.173254675364971439
-3.29280267100813992e-05 0.173253341582650572
-3.26020066436450023e-05 0.173252021127448752
-3.22792144986583986e-05 0.173250713865029687
-3.19596183155034021e-05 0.173249419662430515
-3.16431864509933997e-05 0.173248138388051587
-3.1329887575240997e-05 0.173246869911643953
-3.10196906685554987e-05 0.173245614104288764
-3.07125650183717979e-05 0.173244370838388645
-3.04084802162097005e-05 0.173243139987653838
-3.01074061546630007e-05 0.173241921427082501
-2.98093130244187994e-05 0.173240715032954601
-2.9514171311305801e-05 0.173239520682813036
-2.92219517933721006e-05 0.173238338255454927
-2.89326255379920987e-05 0.173237167630912708
-2.86461638990021005e-05 0.173236008690446253
-2.83625385138635003e-05 0.173234861316528543
-2.80817213008549016e-05 0.17323372539283069
-2.78036844562919992e-05 0.173232600804212405
-2.75284004517743014e-05 0.173231487436707354
-2.72558420314597006e-05 0.173230385177512686
-2.69859822093659985e-05 0.173229293914976074
-2.67187942666989987e-05 0.173228213538581532
-2.64542517492069008e-05 0.173227143938941147
-2.61923284645613015e-05 0.1732260850077815
-2.59329984797637017e-05 0.17322503663793179
-2.56762361185778991e-05 0.173223998723312289
-2.54220159589880016e-05 0.173222971158923711
-2.51703128306812012e-05 0.173221953840836107
-2.49211018125557014e-05 0.173220946666175768
-2.46743582302531001e-05 0.173219949533116424
-2.44300576537160009e-05 0.173218962340868254
-2.41881758947683003e-05 0.173217984989663371
-2.39486890047211006e-05 0.173217017380751709
-2.37115732720010983e-05 0.173216059416384571
-2.34768052198029989e-05 0.173215110999805688
-2.32443616037654005e-05 0.173214172035244973
-2.30142194096687006e-05 0.173213242427901259
-2.27863558511570993e-05 0.173212322083938303
-2.25607483674823002e-05 0.173211410910471375
-2.23373746212695995e-05 0.173210508815558079
-2.21162124963065003e-05 0.173209615708190545
-2.18972400953529997e-05 0.173208731498281976
-2.16804357379733005e-05 0.173207856096659896
-2.14657779583894016e-05 0.173206989415055856
-2.12532455033557984e-05 0.173206131366096805
-2.10428173300552997e-05 0.17320528186329473
-2.08344726040151004e-05 0.173204440821038114
-2.06281906970446994e-05 0.173203608154582078
-2.04239511851927007e-05 0.173202783780040281
-2.02217338467255015e-05 0.173201967614376506
-2.00215186601242013e-05 0.173201159575393809
-1.98232858021031986e-05 0.173200359581727581
-1.96270156456467014e-05 0.173199567552838413
-1.94326887580661003e-05 0.173198783408998858
-1.92402858990753004e-05 0.173198007071289878
-1.90497880188864993e-05 0.173197238461589326
-1.88611762563232009e-05 0.173196477502565421
-1.86744319369537008e-05 0.173195724117669009
-1.84895365712413014e-05 0.17319497823112287
-1.83064718527141012e-05 0.173194239767917008
-1.81252196561526013e-05 0.173193508653798067
-1.79457620357947005e-05 0.173192784815263595
-1.77680812235591014e-05 0.173192068179552988
-1.7592159627286199e-05 0.173191358674640611
-1.74179798289962014e-05 0.173190656229227052
-1.72455245831646016e-05 0.173189960772734186
-1.7074776815014501e-05 0.173189272235294955
-1.69057196188261997e-05 0.173188590547747101
-1.67383362562636014e-05 0.173187915641626416
-1.65726101547164007e-05 0.173187247449159615
-1.64085249056598003e-05 0.173186585903255447
-1.62460642630294986e-05 0.173185930937501509
-1.60852121416134014e-05 0.173185282486152087
-1.59259526154587999e-05 0.173184640484126628
-1.57682699162957983e-05 0.173184004866998614
-1.56121484319761005e-05 0.173183375570991865
-1.54575727049268015e-05 0.173182752532971329
-1.53045274306205994e-05 0.173182135690438471
-1.51529974560600001e-05 0.173181524981525614
-1.50029677782772008e-05 0.173180920344985861
-1.48544235428487004e-05 0.17318032172018985
-1.47073500424244997e-05 0.17317972904711823
-1.45617327152717994e-05 0.173179142266355612
-1.44175571438334007e-05 0.173178561319085572
-1.42748090533003992e-05 0.173177986147081103
-1.41334743101984002e-05 0.173177416692703839
-1.39935389209885998e-05 0.17317685289889248
-1.38549890306817003e-05 0.173176294709161349
-1.37178109214670992e-05 0.173175742067591898
-1.35819910113534993e-05 0.173175194918827824
-1.34475158528252997e-05 0.173174653208070017
-1.33143721315102007e-05 0.173174116881068318
-1.31825466648616005e-05 0.173173585884119491
-1.30520264008530001e-05 0.173173060164059062
-1.29227984166862004e-05 0.173172539668256437
-1.27948499175111001e-05 0.173172024344611153
-1.26681682351594999e-05 0.173171514141543387
-1.25427408268906008e-05 0.173171009007993565
-1.24185552741491e-05 0.173170508893414621
-1.22955992813357002e-05 0.173170013747764667
-1.21738606745897999e-05 0.173169523521506913
-1.20533274005839993e-05 0.173169038165599948
-1.19339875253307003e-05 0.173168557631496134
-1.18158292330007006e-05 0.17316808187113239
-1.16988408247531008e-05 0.173167610836930691
-1.15830107175774e-05 0.173167144481787744
-1.14683274431459002e-05 0.173166682759075208
-1.13547796466791004e-05 0.173166225622629455
-1.12423560858208994e-05 0.173165773026752734
-1.11310456295256001e-05 0.173165324926203096
-1.10208372569561003e-05 0.173164881276193949
-1.09117200563921999e-05 0.173164442032386456
-1.08036832241505996e-05 0.173164007150885674
-1.06967160635155e-05 0.173163576588238416
-1.05908079836787005e-05 0.173163150301426039
-1.04859484986918e-05 0.173162728247859998
-1.03821272264274996e-05 0.173162310385379409
-1.02793338875520001e-05 0.173161896672245186
-1.01775583045069002e-05 0.173161487067136827
-1.00767904005018998e-05 0.173161081529147054
-9.97702019851673937e-06 0.173160680017778928
-9.87823782031360051e-06 0.173160282492940548
-9.7804334854590095e-06 0.173159888914940219
-9.68359751035546033e-06 0.173159499244486509
-9.58772030728262926e-06 0.173159113442677925
-9.49279238344815072e-06 0.173158731471004634
-9.39880434004766994e-06 0.173158353291340633
-9.30574687133432982e-06 0.173157978865942863
-9.21361076369734989e-06 0.173157608157444881
-9.12238689474985984e-06 0.173157241128854417
-9.03206623242559996e-06 0.173156877743549098
-8.94263983408475075e-06 0.173156517965272511
-8.85409884562847008e-06 0.173156161758131477
-8.76643450062224971e-06 0.173155809086591866
-8.67963811942797079e-06 0.17315545991547357
-8.59370110834451941e-06 0.173155114209950195
-8.50861495875695056e-06 0.17315477193554113
-8.42437124629401049e-06 0.173154433058113066
-8.34096162999407013e-06 0.173154097543871233
-8.25837785147927984e-06 0.173153765359360889
-8.17661173413789971e-06 0.173153436471459782
-8.0956551823147495e-06 0.173153110847378444
-8.0155001805096597e-06 0.173152788454653095
-7.93613879258382024e-06 0.173152469261146136
-7.85756316097407956e-06 0.17315215323503938
-7.77976550591492957e-06 0.173151840344833691
-7.70273812466824947e-06 0.173151530559342959
-7.62647339076063981e-06 0.17315122384769574
-7.55096375322836041e-06 0.173150920179324624
-7.4762017358696603e-06 0.173150619523970428
-7.40217993650460982e-06 0.173150321851675809
-7.32889102624219011e-06 0.173150027132781853
-7.25632774875465019e-06 0.173149735337924493
-7.18448291955906035e-06 0.173149446438035787
-7.11334942530600015e-06 0.173149160404335756
-7.04292022307524038e-06 0.173148877208331664
-6.97318833967846042e-06 0.173148596821815742
-6.90414687096876987e-06 0.173148319216862107
-6.83578898115720042e-06 0.173148044365822984
-6.76810790213584007e-06 0.173147772241326409
-6.70109693280775982e-06 0.17314750281627278
-6.63474943842353019e-06 0.173147236063835391
-6.56905884992428028e-06 0.173146971957451906
-6.50401866329137038e-06 0.173146710470827248
-6.43962243890234972e-06 0.173146451577926935
-6.3758638008934099e-06 0.173146195252977697
-6.3127364365281303e-06 0.173145941470462528
-6.25023409557241005e-06 0.173145690205119412
-6.18835058967565036e-06 0.173145441431937025
-6.12707979175807016e-06 0.173145195126153784
-6.06641563540402976e-06 0.173144951263256075
-6.00635211426140997e-06 0.17314470981897373
-5.94688328144693989e-06 0.17314447076927833
-5.88800324895737013e-06 0.173144234090382099
-5.82970618708650997e-06 0.173143999758732653
-5.77198632384803034e-06 0.173143767751014588
-5.71483794440399015e-06 0.173143538044141149
-5.65825539049899967e-06 0.173143310615260337
-5.6022330598999997e-06 0.173143085441744865
-5.54676540584158034e-06 0.17314286250119304
-5.49184693647680976e-06 0.173142641771427519
-5.43747221433347966e-06 0.173142423230491588
-5.38363585577572013e-06 0.173142206856645303
-5.33033253047101011e-06 0.173141992628369212
-5.27755696086239032e-06 0.173141780524354
-5.22530392164593029e-06 0.173141570523506233
-5.17356823925339032e-06 0.17314136260493973
-5.12234479133999015e-06 0.173141156747977393
-5.07162850627722005e-06 0.173140952932149289
-5.02141436265071031e-06 0.173140751137187271
-4.97169738876307973e-06 0.173140551343025167
-4.92247266214166036e-06 0.173140353529798424
-4.8737353090511503e-06 0.173140157677838691
-4.8254805040110396e-06 0.173139963767674571
-4.77770346931785991e-06 0.173139771780027207
-4.73039947457214032e-06 0.173139581695809591
-4.68356383621003964e-06 0.173139393496127614
-4.63719191703965009e-06 0.173139207162270242
-4.59127912578183001e-06 0.173139022675717708
-4.54582091661566994e-06 0.173138840018130985
-4.50081278872839029e-06 0.173138659171355486
-4.45625028586969021e-06 0.173138480117416088
-4.4121289959105798e-06 0.173138302838517777
-4.36844455040652034e-06 0.173138127317041507
-4.32519262416486992e-06 0.173137953535544703
-4.28236893481669989e-06 0.173137781476756847
-4.23996924239277011e-06 0.173137611123580865
-4.1979893489037403e-06 0.173137442459087826
-4.15642509792449031e-06 0.173137275466518942
-4.1152723741826696e-06 0.173137110129281874
-4.07452710315114993e-06 0.173136946430948263
-4.03418525064470973e-06 0.173136784355254508
-3.99424282242049969e-06 0.173136623886098073
-3.95469586378267998e-06 0.173136465007536294
-3.91554045919076998e-06 0.173136307703784936
-3.87677273187205024e-06 0.173136151959218693
-3.83838884343767022e-06 0.173135997758365329
-3.8003849935026401e-06 0.173135845085907375
-3.7627574193095499e-06 0.173135693926679129
-3.7255023953559898e-06 0.17313554426566688
-3.68861623302572995e-06 0.173135396088005739
-3.6520952802235002e-06 0.173135249378977368
-3.61593592101335998e-06 0.173135104124011091
-3.58013457526075993e-06 0.173134960308681446
-3.54468769827797988e-06 0.173134817918704803
-3.50959178047323992e-06 0.17313467693994114
-3.4748433470032098e-06 0.173134537358389601
-3.44043895742892e-06 0.17313439916018955
-3.4063752053751698e-06 0.173134262331617494
-3.37264871819324e-06 0.173134126859086024
-3.33925615662697012e-06 0.173133992729144981
-3.30619421448214997e-06 0.173133859928474687
-3.27345961829914994e-06 0.173133728443890328
-3.24104912702886983e-06 0.173133598262336097
-3.20895953171174988e-06 0.17313346937088836
-3.17718765516014984e-06 0.173133341756749576
-3.1457303516437102e-06 0.173133215407250629
-3.11458450657792986e-06 0.173133090309848359
-3.08374703621576995e-06 0.173132966452122672
-3.05321488734235012e-06 0.173132843821779542
-3.02298503697262002e-06 0.173132722406644762
-2.99305449205210001e-06 0.173132602194666502
-2.96342028916050013e-06 0.173132483173911639
-2.93407949421830997e-06 0.173132365332566179
-2.90502920219634984e-06 0.173132248658933507
-2.87626653682807004e-06 0.173132133141432693
-2.84778865032481997e-06 0.173132018768599016
-2.81959272309388009e-06 0.173131905529079727
-2.7916759634592901e-06 0.173131793411636953
-2.76403560738544003e-06 0.173131682405142734
-2.73666891820339982e-06 0.173131572498581049
-2.70957318634000008e-06 0.173131463681043762
-2.68274572904950985e-06 0.173131355941733095
-2.65618389014802989e-06 0.173131249269955573
-2.62988503975051995e-06 0.17313114365512669
-2.60384657401041991e-06 0.173131039086765859
-2.57806591486179986e-06 0.173130935554496657
-2.5525405097641601e-06 0.173130833048046245
-2.52726783144965995e-06 0.173130731557242568
-2.5022453776729301e-06 0.173130631072015873
-2.47747067096330019e-06 0.173130531582394553
-2.4529412583795002e-06 0.173130433078509532
-2.42865471126683006e-06 0.173130335550585379
-2.40460862501667011e-06 0.173130238988946888
-2.38080061882838007e-06 0.173130143384013446
-2.35722833547364985e-06 0.173130048726299918
-2.33388944106302003e-06 0.173129955006416064
-2.31078162481487006e-06 0.173129862215063129
-2.28790259882660002e-06 0.173129770343035699
-2.26525009784811997e-06 0.173129679381221147
-2.24282187905755017e-06 0.173129589320593663
-2.22061572183915017e-06 0.173129500152220978
-2.19862942756352014e-06 0.173129411867257971
-2.1768608193698198e-06 0.173129324456945538
-2.1553077419503201e-06 0.173129237912614281
-2.13396806133695002e-06 0.173129152225678568
-2.11283966469005001e-06 0.173129067387640445
-2.09192046008915989e-06 0.173128983390083924
-2.07120837632589981e-06 0.173128900224678167
-2.05070136269890994e-06 0.173128817883173747
-2.03039738881080018e-06 0.17312873635740389
-2.01029444436713014e-06 0.173128655639283591
-1.99039053897736021e-06 0.173128575720805367
-1.97068370195778006e-06 0.173128496594045139
-1.95117198213640985e-06 0.173128418251153854
-1.93185344765981991e-06 0.173128340684362364
-1.91272618580180004e-06 0.17312826388597799
-1.89378830277405989e-06 0.173128187848384574
-1.87503792353867004e-06 0.17312811256404087
-1.85647319162244998e-06 0.173128038025482628
-1.83809226893311006e-06 0.173127964225316122
-1.81989333557733999e-06 0.17312789115622354
-1.80187458968054004e-06 0.173127818810959871
-1.78403424720844996e-06 0.173127747182350189
-1.76637054179054994e-06 0.173127676263292729
-1.74888172454508993e-06 0.173127606046754062
-1.73156606390602996e-06 0.173127536525772452
-1.71442184545152001e-06 0.173127467693454135
-1.69744737173418004e-06 0.17312739954297357
-1.68064096211305009e-06 0.173127332067574108
-1.66400095258716995e-06 0.173127265260564878
-1.64752569563086996e-06 0.173127199115322705
-1.6312135600305601e-06 0.173127133625288199
-1.61506293072332992e-06 0.173127068783969162
-1.59907220863695994e-06 0.173127004584936073
-1.58323981053163994e-06 0.173126941021824188
-1.56756416884320994e-06 0.173126878088331659
-1.55204373152793007e-06 0.173126815778218202
-1.5366769619088401e-06 0.17312675408530806
-1.52146233852361007e-06 0.173126693003483823
-1.50639835497387004e-06 0.173126632526689944
-1.4914835197761101e-06 0.17312657264893147
-1.47671635621397007e-06 0.17312651336427165
-1.4620954021920501e-06 0.173126454666832796
-1.44761921009113009e-06 0.173126396550797812
-1.43328634662489001e-06 0.173126339010404418
-1.41909539269790995e-06 0.173126282039948065
-1.40504494326525003e-06 0.17312622563378216
-1.39113360719331997e-06 0.173126169786315176
-1.37736000712210003e-06 0.173126114492010347
-1.36372277932881004e-06 0.173126059745386862
-1.35022057359288007e-06 0.173126005541017924
-1.33685205306225998e-06 0.173125951873530914
-1.32361589412105009e-06 0.173125898737605782
-1.31051078625846993e-06 0.17312584612797588
-1.29753543193907002e-06 0.173125794039426101
-1.2846885464743301e-06 0.173125742466794047
-1.27196885789537996e-06 0.173125691404967086
-1.25937510682710996e-06 0.173125640848884238
-1.24690604636347009e-06 0.173125590793534651
-1.23456044194403005e-06 0.173125541233957958
-1.22233707123170993e-06 0.173125492165241174
-1.21023472399179992e-06 0.173125443582520605
-1.19825220197207996e-06 0.173125395480981992
-1.18638831878423007e-06 0.173125347855857398
-1.17464189978636992e-06 0.173125300702426238
-1.16301178196670005e-06 0.173125254016016222
-1.15149681382841992e-06 0.173125207791999969
-1.14009585527566009e-06 0.173125162025795892
-1.12880777750065009e-06 0.173125116712869176
-1.11763146287194005e-06 0.173125071848727358
-1.1065658048236999e-06 0.173125027428925465
-1.09560970774623994e-06 0.173124983449061964
-1.08476208687745994e-06 0.173124939904776731
-1.07402186819550995e-06 0.173124896791754884
-1.06338798831237993e-06 0.173124854105725062
-1.05285939436870009e-06 0.173124811842456344
-1.04243504392940005e-06 0.173124769997759526
-1.03211390488060009e-06 0.173124728567488728
-1.02189495532731992e-06 0.173124687547538375
-1.01177718349240007e-06 0.173124646933843329
-1.0017595876162399e-06 0.173124606722379476
1.0017595876162399e-06 0.173116566729252436
1.01177718349240007e-06 0.173116526540785715
1.02189495532731992e-06 0.173116485950550569
1.03211390488060009e-06 0.173116444954532073
1.04243504392940005e-06 0.173116403548673858
1.05285939436870009e-06 0.173116361728880841
1.06338798831237993e-06 0.173116319491014359
1.07402186819550995e-06 0.173116276830898669
1.08476208687745994e-06 0.173116233744312842
1.09560970774623994e-06 0.173116190226994315
1.1065658048236999e-06 0.17311614627463856
1.11763146287194005e-06 0.173116101882898249
1.12880777750065009e-06 0.173116057047382477
1.14009585527566009e-06 0.173116011763656152
1.15149681382841992e-06 0.173115966027239943
1.16301178196670005e-06 0.173115919833610105
1.17464189978636992e-06 0.173115873178197044
1.18638831878423007e-06 0.173115826056386757
1.19825220197207996e-06 0.173115778463518472
1.21023472399179992e-06 0.173115730394883538
1.22233707123170993e-06 0.173115681845729036
1.23456044194403005e-06 0.173115632811252501
1.24690604636347009e-06 0.173115583286604202
1.25937510682710996e-06 0.173115533266885641
1.27196885789537996e-06 0.173115482747149663
1.2846885464743301e-06 0.173115431722399848
1.29753543193907002e-06 0.17311538018759029
1.31051078625846993e-06 0.173115328137623176
1.32361589412105009e-06 0.173115275567351568
1.33685205306225998e-06 0.173115222471575958
1.35022057359288007e-06 0.17311516884504588
1.36372277932881004e-06 0.173115114682456411
1.37736000712210003e-06 0.173115059978452696
1.39113360719331997e-06 0.173115004727623728
1.40504494326525003e-06 0.173114948924506212
1.41909539269790995e-06 0.173114892563582312
1.43328634662489001e-06 0.173114835639276349
1.44761921009113009e-06 0.173114778145961101
1.4620954021920501e-06 0.173114720077950618
1.47671635621397007e-06 0.173114661429502298
1.4914835197761101e-06 0.173114602194817613
1.50639835497387004e-06 0.173114542368037638
1.52146233852361007e-06 0.173114481943247522
1.5366769619088401e-06 0.173114420914472489
1.55204373152793007e-06 0.173114359275677226
1.56756416884320994e-06 0.17311429702076786
1.58323981053163994e-06 0.173114234143587536
1.59907220863695994e-06 0.173114170637920589
1.61506293072332992e-06 0.173114106497487236
1.6312135600305601e-06 0.173114041715944744
1.64752569563086996e-06 0.173113976286888904
1.66400095258716995e-06 0.173113910203850835
1.68064096211305009e-06 0.173113843460296235
1.69744737173418004e-06 0.173113776049626411
1.71442184545152001e-06 0.173113707965177527
1.73156606390602996e-06 0.173113639200216857
1.74888172454508993e-06 0.173113569747947643
1.76637054179054994e-06 0.17311349960150213
1.78403424720844996e-06 0.173113428753946752
1.80187458968054004e-06 0.173113357198276641
1.81989333557733999e-06 0.173113284927418176
1.83809226893311006e-06 0.173113211934227074
1.85647319162244998e-06 0.173113138211487688
1.87503792353867004e-06 0.173113063751911739
1.89378830277405989e-06 0.17311298854813878
1.91272618580180004e-06 0.173112912592735452
1.93185344765981991e-06 0.173112835878193122
1.95117198213640985e-06 0.173112758396927913
1.97068370195778006e-06 0.173112680141283282
1.99039053897736021e-06 0.17311260110352264
2.01029444436713014e-06 0.173112521275834041
2.03039738881080018e-06 0.173112440650326604
2.05070136269890994e-06 0.173112359219032175
2.07120837632589981e-06 0.173112276973902107
2.09192046008915989e-06 0.173112193906807404
2.11283966469005001e-06 0.173112110009538328
2.13396806133695002e-06 0.173112025273803011
2.1553077419503201e-06 0.173111939691227068
2.1768608193698198e-06 0.173111853253352765
2.19862942756352014e-06 0.173111765951637242
2.22061572183915017e-06 0.173111677777453288
2.24282187905755017e-06 0.173111588722087539
2.26525009784811997e-06 0.173111498776737843
2.28790259882660002e-06 0.173111407932517558
2.31078162481487006e-06 0.17311131618044856
2.33388944106302003e-06 0.173111223511465739
2.35722833547364985e-06 0.173111129916410811
2.38080061882838007e-06 0.173111035386035395
2.40460862501667011e-06 0.173110939910999406
2.42865471126683006e-06 0.173110843481869614
2.4529412583795002e-06 0.173110746089118195
2.47747067096330019e-06 0.173110647723121736
2.5022453776729301e-06 0.173110548374161982
2.52726783144965995e-06 0.17311044803242287
2.5525405097641601e-06 0.173110346687991107
2.57806591486179986e-06 0.173110244330854562
2.60384657401041991e-06 0.173110140950900715
2.62988503975051995e-06 0.173110036537917095
2.65618389014802989e-06 0.173109931081588037
2.68274572904950985e-06 0.17310982457149654
2.70957318634000008e-06 0.173109716997120994
2.73666891820339982e-06 0.173109608347834926
2.76403560738544003e-06 0.173109498612905671
2.7916759634592901e-06 0.173109387781494595
2.81959272309388009e-06 0.17310927584265326
2.84778865032481997e-06 0.173109162785325926
2.87626653682807004e-06 0.173109048598345611
2.90502920219634984e-06 0.173108933270434695
2.93407949421830997e-06 0.173108816790201708
2.96342028916050013e-06 0.173108699146143796
2.99305449205210001e-06 0.173108580326641837
3.02298503697262002e-06 0.173108460319961494
3.05321488734235012e-06 0.173108339114251497
3.08374703621576995e-06 0.173108216697542144
3.11458450657792986e-06 0.173108093057745382
3.1457303516437102e-06 0.173107968182650368
3.17718765516014984e-06 0.173107842059928768
3.20895953171174988e-06 0.173107714677124991
3.24104912702886983e-06 0.173107586021661403
3.27345961829914994e-06 0.173107456080835831
3.30619421448214997e-06 0.173107324841817983
3.33925615662697012e-06 0.173107192291650891
3.37264871819324e-06 0.173107058417246606
3.4063752053751698e-06 0.173106923205390062
3.44043895742892e-06 0.173106786642731686
3.4748433470032098e-06 0.173106648715789679
3.50959178047323992e-06 0.173106509410948795
3.54468769827797988e-06 0.173106368714457559
3.58013457526075993e-06 0.173106226612427111
3.61593592101335998e-06 0.17310608309083142
3.6520952802235002e-06 0.173105938135502985
3.68861623302572995e-06 0.173105791732136166
3.7255023953559898e-06 0.173105643866279274
3.7627574193095499e-06 0.173105494523338066
3.8003849935026401e-06 0.173105343688575858
3.83838884343767022e-06 0.17310519134710442
3.87677273187205024e-06 0.173105037483890417
3.91554045919076998e-06 0.173104882083750355
3.95469586378267998e-06 0.173104725131348725
3.99424282242049969e-06 0.17310456661119808
4.03418525064470973e-06 0.173104406507657155
4.07452710315114993e-06 0.173104244804927088
4.1152723741826696e-06 0.173104081487054362
4.15642509792449031e-06 0.173103916537925534
4.1979893489037403e-06 0.173103749941265928
4.23996924239277011e-06 0.173103581680639357
4.28236893481669989e-06 0.173103411739447238
4.32519262416486992e-06 0.173103240100924843
4.36844455040652034e-06 0.173103066748140605
4.4121289959105798e-06 0.173102891663994229
4.45625028586969021e-06 0.173102714831216531
4.50081278872839029e-06 0.173102536232364074
4.54582091661566994e-06 0.173102355849822809
4.59127912578183001e-06 0.173102173665801495
4.63719191703965009e-06 0.173101989662332589
4.68356383621003964e-06 0.173101803821270245
4.73039947457214032e-06 0.173101616124286373
4.77770346931785991e-06 0.173101426552872834
4.8254805040110396e-06 0.173101235088336886
4.8737353090511503e-06 0.173101041711796994
4.92247266214166036e-06 0.173100846404188768
4.97169738876307973e-06 0.173100649146254809
5.02141436265071031e-06 0.173100449918547089
5.07162850627722005e-06 0.173100248701424569
5.12234479133999015e-06 0.173100045475050285
5.17356823925339032e-06 0.173099840219390511
5.22530392164593029e-06 0.173099632914212431
5.27755696086239032e-06 0.173099423539081754
5.33033253047101011e-06 0.173099212073361347
5.38363585577572013e-06 0.1730989984962088
5.43747221433347966e-06 0.173098782786574923
5.49184693647680976e-06 0.173098564923200915
5.54676540584158034e-06 0.17309834488461659
5.6022330598999997e-06 0.173098122649138958
5.65825539049899967e-06 0.173097898194869509
5.71483794440399015e-06 0.173097671499691658
5.77198632384803034e-06 0.173097442541269353
5.82970618708650997e-06 0.173097211297044279
5.88800324895737013e-06 0.173096977744235186
5.94688328144693989e-06 0.173096741859833647
6.00635211426140997e-06 0.173096503620602693
6.06641563540402976e-06 0.173096263003074763
6.12707979175807016e-06 0.173096019983549537
6.18835058967565036e-06 0.173095774538090413
6.25023409557241005e-06 0.173095526642524256
6.3127364365281303e-06 0.173095276272437204
6.3758638008934099e-06 0.173095023403173315
6.43962243890234972e-06 0.173094768009831645
6.50401866329137038e-06 0.173094510067264729
6.56905884992428028e-06 0.173094249550073964
6.63474943842353019e-06 0.173093986432610342
6.70109693280775982e-06 0.173093720688969693
6.76810790213584007e-06 0.173093452292991223
6.83578898115720042e-06 0.173093181218252901
6.90414687096876987e-06 0.173092907438071653
6.97318833967846042e-06 0.173092630925500396
7.04292022307524038e-06 0.173092351653324122
7.11334942530600015e-06 0.17309206959405754
7.18448291955906035e-06 0.173091784719943576
7.25632774875465019e-06 0.17309149700294818
7.32889102624219011e-06 0.173091206414761362
7.40217993650460982e-06 0.173090912926790408
7.4762017358696603e-06 0.173090616510160722
7.55096375322836041e-06 0.173090317135711019
7.62647339076063981e-06 0.17309001477399022
7.70273812466824947e-06 0.173089709395255781
7.77976550591492957e-06 0.173089400969471119
7.85756316097407956e-06 0.173089089466300555
7.93613879258382024e-06 0.173088774855108068
8.0155001805096597e-06 0.173088457104954963
8.0956551823147495e-06 0.173088136184595398
8.17661173413789971e-06 0.17308781206247334
8.25837785147927984e-06 0.173087484706722278
8.34096162999407013e-06 0.17308715408515693
8.42437124629401049e-06 0.173086820165275407
8.50861495875695056e-06 0.173086482914254103
8.59370110834451941e-06 0.173086142298943091
8.67963811942797079e-06 0.173085798285864373
8.76643450062224971e-06 0.173085450841209798
8.85409884562847008e-06 0.173085099930834985
8.94263983408475075e-06 0.173084745520258598
9.03206623242559996e-06 0.1730843875746573
9.12238689474985984e-06 0.173084026058863694
9.21361076369734989e-06 0.173083660937362077
9.30574687133432982e-06 0.173083292174285086
9.39880434004766994e-06 0.173082919733410917
9.49279238344815072e-06 0.173082543578159803
9.58772030728262926e-06 0.17308216367158949
9.68359751035546033e-06 0.17308177997639243
9.7804334854590095e-06 0.173081392454892624
9.87823782031360051e-06 0.173081001069040646
9.97702019851673937e-06 0.173080605780411595
1.00767904005018998e-05 0.173080206550201093
1.01775583045069002e-05 0.173079803339220156
1.02793338875520001e-05 0.173079396107893108
1.03821272264274996e-05 0.173078984816252973
1.04859484986918e-05 0.173078569423937484
1.05908079836787005e-05 0.173078149890187216
1.06967160635155e-05 0.173077726173838681
1.08036832241505996e-05 0.173077298233320825
1.09117200563921999e-05 0.173076866026654869
1.10208372569561003e-05 0.173076429511445362
1.11310456295256001e-05 0.173075988644878442
1.12423560858208994e-05 0.173075543383718555
1.13547796466791004e-05 0.173075093684302017
1.14683274431459002e-05 0.173074639502535876
1.15830107175774e-05 0.173074180793890448
1.16988408247531008e-05 0.173073717513398367
1.18158292330007006e-05 0.173073249615646019
1.19339875253307003e-05 0.173072777054774585
1.20533274005839993e-05 0.173072299784472361
1.21738606745897999e-05 0.173071817757968927
1.22955992813357002e-05 0.173071330928035283
1.24185552741491e-05 0.173070839246975555
1.25427408268906008e-05 0.173070342666623411
1.26681682351594999e-05 0.173069841138338593
1.27948499175111001e-05 0.173069334613000975
1.29227984166862004e-05 0.173068823041007375
1.30520264008530001e-05 0.173068306372264086
1.31825466648616005e-05 0.173067784556185988
1.33143721315102007e-05 0.173067257541688613
1.34475158528252997e-05 0.173066725277185529
1.35819910113534993e-05 0.173066187710581049
1.37178109214670992e-05 0.173065644789268253
1.38549890306817003e-05 0.173065096460119888
1.39935389209885998e-05 0.173064542669489257
1.41334743101984002e-05 0.173063983363199059
1.42748090533003992e-05 0.173063418486541026
1.44175571438334007e-05 0.173062847984268048
1.45617327152717994e-05 0.173062271800588141
1.47073500424244997e-05 0.173061689879164426
1.48544235428487004e-05 0.173061102163102554
1.50029677782772008e-05 0.173060508594950785
1.51529974560600001e-05 0.173059909116693389
1.53045274306205994e-05 0.173059303669742537
1.54575727049268015e-05 0.173058692194936553
1.56121484319761005e-05 0.173058074632532866
1.57682699162957983e-05 0.173057450922200651
1.59259526154587999e-05 0.173056821003018363
1.60852121416134014e-05 0.173056184813464992
1.62460642630294986e-05 0.173055542291418119
1.64085249056598003e-05 0.173054893374143509
1.65726101547164007e-05 0.17305423799829156
1.67383362562636014e-05 0.173053576099892831
1.69057196188261997e-05 0.173052907614349466
1.7074776815014501e-05 0.173052232476430395
1.72455245831646016e-05 0.173051550620264782
1.74179798289962014e-05 0.173050861979337833
1.7592159627286199e-05 0.173050166486481194
1.77680812235591014e-05 0.173049464073869702
1.79457620357947005e-05 0.173048754673012672
1.81252196561526013e-05 0.173048038214750149
1.83064718527141012e-05 0.173047314629244109
1.84895365712413014e-05 0.173046583845973351
1.86744319369537008e-05 0.173045845793725894
1.88611762563232009e-05 0.173045100400595397
1.90497880188864993e-05 0.173044347593969056
1.92402858990753004e-05 0.173043587300525881
1.94326887580661003e-05 0.17304281944622793
1.96270156456467014e-05 0.173042043956312119
1.98232858021031986e-05 0.173041260755286697
2.00215186601242013e-05 0.173040469766922445
2.02217338467255015e-05 0.173039670914243771
2.04239511851927007e-05 0.17303886411952385
2.06281906970446994e-05 0.173038049304278962
2.08344726040151004e-05 0.173037226389256976
2.10428173300552997e-05 0.173036395294432765
2.12532455033557984e-05 0.173035555939003022
2.14657779583894016e-05 0.173034708241374041
2.16804357379733005e-05 0.173033852119157283
2.18972400953529997e-05 0.173032987489159823
2.21162124963065003e-05 0.173032114267380022
2.23373746212695995e-05 0.173031232368997284
2.25607483674823002e-05 0.173030341708363844
2.27863558511570993e-05 0.173029442198999545
2.30142194096687006e-05 0.173028533753581265
2.32443616037654005e-05 0.173027616283936841
2.34768052198029989e-05 0.173026689701035657
2.37115732720010983e-05 0.173025753914981456
2.39486890047211006e-05 0.173024808835003985
2.41881758947683003e-05 0.173023854369450586
2.44300576537160009e-05 0.173022890425778536
2.46743582302531001e-05 0.173021916910545054
2.49211018125557014e-05 0.17302093372940025
2.51703128306812012e-05 0.173019940787078913
2.54220159589880016e-05 0.173018937987390653
2.56762361185778991e-05 0.173017925233212189
2.59329984797637017e-05 0.173016902426477021
2.61923284645613015e-05 0.173015869468170325
2.64542517492069008e-05 0.173014826258313326
2.67187942666989987e-05 0.173013772695963464
2.69859822093659985e-05 0.173012708679196492
2.72558420314597006e-05 0.173011634105102785
2.75284004517743014e-05 0.173010548869777625
2.78036844562919992e-05 0.173009452868307129
2.80817213008549016e-05 0.173008345994766916
2.83625385138635003e-05 0.173007228142206038
2.86461638990021005e-05 0.173006099202639485
2.89326255379920987e-05 0.173004959067038944
2.92219517933721006e-05 0.17300380762532408
2.9514171311305801e-05 0.173002644766350772
2.98093130244187994e-05 0.173001470377901256
3.01074061546630007e-05 0.173000284346676192
3.04084802162097005e-05 0.172999086558283055
3.07125650183717979e-05 0.172997876897226649
3.10196906685554987e-05 0.172996655246897751
3.1329887575240997e-05 0.172995421489565177
3.16431864509933997e-05 0.172994175506361314
3.19596183155034021e-05 0.17299291717727816
3.22792144986583986e-05 0.172991646381148972
3.26020066436450023e-05 0.172990362995644603
3.29280267100813992e-05 0.172989066897258376
3.32573069771822978e-05 0.172987757961295785
3.35898800469540995e-05 0.172986436061866783
3.39257788474235983e-05 0.172985101071869957
3.42650366358978996e-05 0.172983752862986395
3.46076870022568025e-05 0.172982391305663674
3.49537638722793973e-05 0.172981016269108084
3.53033015110021977e-05 0.172979627621273085
3.56563345261122001e-05 0.172978225228844595
3.60128978713733001e-05 0.172976808957235273
3.63730268500871007e-05 0.172975378670566587
3.67367571185878985e-05 0.172973934231660686
3.71041246897738013e-05 0.172972475502027712
3.74751659366715989e-05 0.172971002341854974
3.78499175960382992e-05 0.172969514609992658
3.82284167719987015e-05 0.172968012163944529
3.86107009397185986e-05 0.172966494859852771
3.89968079491157977e-05 0.172964962552487889
3.9386776028607001e-05 0.172963415095236134
3.97806437888931013e-05 0.17296185234008532
4.01784502267819974e-05 0.172960274137614334
4.0580234729049797e-05 0.172958680336980086
4.09860370763402994e-05 0.172957070785901862
4.13958974471036981e-05 0.172955445330653795
4.1809856421574702e-05 0.17295380381604622
4.22279549857905003e-05 0.17295214608541612
4.26502345356484028e-05 0.172950471980614751
4.30767368810049033e-05 0.172948781341990682
4.35075042498148993e-05 0.172947074008378471
4.39425792923131005e-05 0.172945349817086619
4.4382005085236197e-05 0.172943608603880611
4.4825825136088598e-05 0.172941850202972924
4.52740833874495e-05 0.172940074447006681
4.57268242213239998e-05 0.172938281167041491
4.61840924635371967e-05 0.172936470192542491
4.66459333881725978e-05 0.172934641351363383
4.71123927220542976e-05 0.172932794469733225
4.75835166492748028e-05 0.17293092937224136
4.80593518157676011e-05 0.172929045881824728
4.85399453339252997e-05 0.17292714381975216
4.90253447872645001e-05 0.172925223005609391
4.95155982351371985e-05 0.172923283257285704
5.00107542174885026e-05 0.172921324390957698
5.05108617596634006e-05 0.172919346221075104
5.10159703772600979e-05 0.172917348560346407
5.15261300810326977e-05 0.172915331219721302
5.20413913818430031e-05 0.172913294008379514
5.25618052956613996e-05 0.172911236733711143
5.30874233486179975e-05 0.17290915920130423
5.36182975821042023e-05 0.172907061214926355
5.41544805579252032e-05 0.172904942576513926
5.46960253635045022e-05 0.17290280308615022
5.52429856171395031e-05 0.172900642542054367
5.57954154733108967e-05 0.17289846074056231
5.63533696280440002e-05 0.172896257476113951
5.69169033243245028e-05 0.172894032541232645
5.74860723575677031e-05 0.172891785726512232
5.80609330811434002e-05 0.172889516820600359
5.86415424119547982e-05 0.172887225610181355
5.92279578360743994e-05 0.172884911879957692
5.98202374144351029e-05 0.172882575412636963
6.04184397885794991e-05 0.172880215988913039
6.10226241864652975e-05 0.172877833387449054
6.16328504283298982e-05 0.172875427384860891
6.2249178932613199e-05 0.172872997755700114
6.28716707219394025e-05 0.172870544272435755
6.35003874291587944e-05 0.172868066705438722
6.41353913034503983e-05 0.172865564822961643
6.47767452164849068e-05 0.172863038391126905
6.54245126686496954e-05 0.172860487173900818
6.60787577953362063e-05 0.172857910933082282
6.67395453732896052e-05 0.172855309428282616
6.74069408270225014e-05 0.172852682416909875
6.80810102352927033e-05 0.17285002965414567
6.87618203376456059e-05 0.172847350892932183
6.94494385410221053e-05 0.172844645883950987
7.01439329264322964e-05 0.172841914375606559
7.08453722556965949e-05 0.172839156114006381
7.15538259782536051e-05 0.17283637084294351
7.22693642380361036e-05 0.172833558303877033
7.29920578804165056e-05 0.172830718235914116
7.37219784592207044e-05 0.172827850375790903
7.44591982438128991e-05 0.17282495445785373
7.52037902262510036e-05 0.172822030214038358
7.59558281285135044e-05 0.172819077373855323
7.67153864097985946e-05 0.172816095664365371
7.74825402738965992e-05 0.172813084810163664
7.82573656766355984e-05 0.172810044533360102
7.90399393334019956e-05 0.172806974553558979
7.98303387267360043e-05 0.172803874587839357
8.0628642114003395e-05 0.172800744350735974
8.14349285351433934e-05 0.172797583554219952
8.22492778204948045e-05 0.172794391907677591
8.30717705986998051e-05 0.17279116911789319
8.39024883046868031e-05 0.172787914889024646
8.47415131877335946e-05 0.172784628922588307
8.55889283196109959e-05 0.172781310917437009
8.64448176028071e-05 0.17277796056973907
8.73092657788352062e-05 0.172774577572957194
8.81823584366234984e-05 0.17277116161783293
8.90641820209896976e-05 0.172767712392360051
8.99548238411996051e-05 0.172764229581767986
9.08543720796115955e-05 0.172760712868502336
9.17629158004076964e-05 0.172757161932200171
9.26805449584117982e-05 0.172753576449672347
9.36073504079959002e-05 0.172749956094883084
9.45434239120758989e-05 0.172746300538928504
9.54888581511966058e-05 0.172742609450014351
9.64437467327085974e-05 0.172738882493438745
9.74081842000357038e-05 0.172735119331567377
9.83822660420361058e-05 0.172731319623815105
9.93660887024564013e-05 0.172727483026625189
0.000100359749589481 0.172723609193446898
0.000101363347085375996 0.172719697774715186
0.00010237698055623 0.172715748417829523
0.000103400750361791995 0.17271176076713371
0.000104434757865410005 0.172707734463892593
0.000105479105444064 0.172703669146274663
0.000106533896498504994 0.172699564449326604
0.000107599235463489999 0.172695420004955691
0.000108675227818123997 0.172691235441905677
0.000109761980096306002 0.172687010385739914
0.000110859599897269003 0.172682744458814291
0.000111968195896240997 0.172678437280262609
0.000113087877855203999 0.172674088465969516
0.000114218756633755998 0.172669697628553359
0.000115360944200092996 0.172665264377344363
0.000116514553642094006 0.172660788318362152
0.000117679699178514994 0.172656269054295458
0.000118856496170299998 0.172651706184482306
0.000120045061132003004 0.172647099304887114
0.000121245511743323995 0.172642448008080179
0.000122457966860757008 0.172637751883220364
0.000123682546529363987 0.172633010516025698
0.000124919371994658006 0.172628223488762972
0.000126168565714605005 0.172623390380221176
0.000127430251371750988 0.172618510765689903
0.000128704553885468001 0.172613584216943422
0.000129991599424323013 0.172608610302215582
0.000131291515418565996 0.172603588586182466
0.000132604430572751992 0.1725985186299408
0.000133930474878479001 0.172593399990988161
0.000135269779627263987 0.172588232223202576
0.000136622477423536991 0.172583014876824425
0.00013798870219777201 0.17257774749843291
0.000139368589219749988 0.172572429630929836
0.000140762275111947009 0.17256706081351908
0.000142169897863067004 0.172561640581686465
0.000143591596841697011 0.172556168467181192
0.000145027512810113999 0.172550643997996578
0.000146477787938216003 0.172545066698351901
0.00014794256581759799 0.17253943608867256
0.000149421991475773991 0.172533751685571779
0.000150916211390530992 0.172528013001834041
0.000152425373504436992 0.172522219546394684
0.000153949627239480989 0.172516370824323945
0.000155489123511875994 0.172510466336806223
0.000157044014746995003 0.172504505581128037
0.000158614454894464988 0.172498488050656512
0.000160200599443408991 0.172492413234825004
0.000161802605437842988 0.172486280619112892
0.000163420631492221989 0.172480089685035254
0.000165054837807144009 0.172473839910120219
0.000166705386185215002 0.172467530767900362
0.000168372440047068005 0.172461161727890333
0.000170056164447537997 0.172454732255577947
0.000171756726092014002 0.172448241812405229
0.000173474293352933999 0.172441689855756836
0.000175209036286462993 0.172435075838943935
0.00017696112664932799 0.172428399211193989
0.000178730737915820995 0.17242165941763396
0.000180518045294979012 0.172414855899280267
0.000182323225747928999 0.172407988093024961
0.000184146458005408009 0.17240105543162515
0.000185987922585461999 0.172394057343691981
0.000187847801811316987 0.172386993253678067
0.000189726279829430006 0.172379862581868742
0.000191623542627725012 0.172372664744371684
0.000193539778054002009 0.172365399153108612
0.000195475175834541989 0.172358065215803324
0.000197429927592886992 0.172350662335978955
0.000199404226868816001 0.17234318991294667
0.000201398269137503989 0.17233564734179771
0.000203412251828878995 0.172328034013402076
0.000205446374347168008 0.172320349314397298
0.000207500838090639994 0.172312592627186734
0.000209575846471545999 0.172304763329935079
0.000211671604936261999 0.172296860796563422
0.000213788320985624006 0.172288884396747582
0.000215926204195480991 0.172280833495915942
0.000218085466237434995 0.172272707455246393
0.000220266320899810002 0.172264505631668008
0.000222468984108808006 0.172256227377860893
0.000224693673949896011 0.172247872042257388
0.000226940610689394987 0.172239438969041342
0.000229210016796289006 0.172230927498154385
0.000231502116964251998 0.172222336965300621
0.000233817138133894013 0.172213666701945961
0.000236155309515232988 0.172204916035329281
0.000238516862610385009 0.172196084288467721
0.000240902031236488987 0.172187170780161131
0.000243311051548853987 0.172178174825006136
0.000245744162064343008 0.172169095733402361
0.000248201603684985984 0.17215993281156361
0.000250683619721835994 0.172150685361532607
0.000253190455919054009 0.172141352681191989
0.000255722360478245021 0.172131934064277209
0.000258279584083026992 0.172122428800398103
0.000260862379923857996 0.172112836175049022
0.000263471003723095981 0.172103155469631758
0.00026610571376032698 0.17209338596147189
0.000268766770897929999 0.172083526923844626
0.000271454438606909981 0.172073577625991042
0.000274168982992978988 0.172063537333145278
0.00027691067282290899 0.172053405306561463
0.000279679779551138014 0.172043180803536061
0.000282476577346648988 0.172032863077439951
0.00028530134312011599 0.172022451377745189
0.000288154356551317001 0.172011944950060142
0.000291035900116830011 0.172001343036160936
0.000293946259117998008 0.171990644874022436
0.000296885721709177976 0.171979849697863535
0.000299854578926269993 0.171968956738177192
0.000302853124715532994 0.171957965221774978
0.000305881655962688011 0.171946874371828345
0.000308940472522315011 0.171935683407911682
0.000312029877247537975 0.171924391546048411
0.000315150176020013984 0.171912997998761863
0.000318301677780214007 0.171901501975119803
0.000321484694558016001 0.171889902680790907
0.000324699541503595994 0.171878199318098029
0.000327946536918632026 0.171866391086072323
0.000331226002287817996 0.17185447718051497
0.000334538262310696982 0.171842456794055437
0.000337883644933803008 0.171830329116215846
0.000341262481383142007 0.171818093333477917
0.000344675106196972998 0.171805748629347471
0.000348121857258942987 0.171793294184428652
0.000351603075831532 0.171780729176494229
0.000355119106589847015 0.171768052780562619
0.000358670297655745978 0.17175526416897588
0.000362257000632303019 0.171742362511480506
0.000365879570638625977 0.171729346975310782
0.000369538366345013012 0.171716216725276039
0.000373233750008462992 0.171702970923850035
0.000376966087508547021 0.171689608731262933
0.000380735748383632998 0.171676129305596115
0.000384543105867468974 0.171662531802880575
0.00038838853692614399 0.171648815377201475
0.000392272422295405012 0.17163497918079626
0.00039619514651836001 0.171621022364170317
0.000400157097983542989 0.171606944076202028
0.000404158668963378997 0.171592743464257985
0.000408200255653012 0.171578419674316612
0.000412282258209541999 0.171563971851081937
0.000416405080791637983 0.171549399138113651
0.000420569131599553986 0.17153470067795229
0.000424774822915549989 0.171519875612254652
0.000429022571144704976 0.171504923081927718
0.000433312796856152014 0.171489842227268069
0.000437645924824714005 0.171474632188109044
0.00044202238407296102 0.171459292103961269
0.000446442607913690977 0.17144382111417461
0.000450907033992827987 0.171428218358081585
0.000455416104332756022 0.171412482975167868
0.000459970265376083009 0.17139661410523116
0.000464569968029844018 0.17138061088855
0.000469215667710143022 0.171364472466055989
0.00047390782438724399 0.171348197979514616
0.000478646902631116983 0.171331786571700173
0.000483433371657427996 0.171315237386589492
0.000488267705374002012 0.17129854956954732
0.00049315038242774196 0.171281722267523251
0.00049808188625201995 0.171264754629254251
0.000503062705114539974 0.171247645805466003
0.000508093332165684974 0.171230394949086068
0.000513174265487341993 0.171213001215457433
0.000518306008142215046 0.171195463762559591
0.000523489068223636947 0.1711777817512323
0.000528723958905874016 0.171159954345408122
0.000534011198494932981 0.17114198071234496
0.000539351310479882018 0.171123860022870722
0.000544744823584681031 0.171105591451627626
0.000550192271820528021 0.171087174177322249
0.000555694194538733019 0.171068607382988513
0.000561251136484120037 0.171049890256244452
0.000566863647848961025 0.171031021989563742
0.00057253228432745096 0.171012001780550482
0.000578257607170726013 0.170992828832217614
0.000584040183242433026 0.170973502353273021
0.000589880585074857035 0.170954021558413105
0.000595779390925605962 0.170934385668618377
0.000601737184834862018 0.170914593911456969
0.000607754556683210009 0.170894645521397298
0.000613832102250042987 0.170874539740119985
0.000619970423272542953 0.170854275816841261
0.000626170127505267958 0.170833853008642456
0.000632431828780320986 0.170813270580802701
0.000638756147068124044 0.170792527807138134
0.000645143708538805033 0.170771623970352976
0.000651595145624193949 0.170750558362388422
0.000658111097080435014 0.170729330284784153
0.000664692208051240012 0.170707939049043078
0.000671339130131752017 0.170686383977005141
0.000678052521433069959 0.170664664401225269
0.000684833046647399953 0.170642779665357153
0.000691681377113875047 0.170620729124546816
0.000698598190885013019 0.170598512145829051
0.000705584172793862971 0.170576128108533648
0.000712640014521802008 0.170553576404693097
0.000719766414667019952 0.170530856439462974
0.000726964078813690032 0.170507967631544743
0.000734233719601826954 0.17048490941361491
0.000741576056797845049 0.170461681232762619
0.000748991817365823962 0.170438282550931075
0.000756481735539482007 0.170414712845367966
0.000764046552894877013 0.170390971609081676
0.000771687018423826009 0.170367058351300116
0.000779403888608063995 0.170342972597939873
0.000787197927494144968 0.170318713892080031
0.000795069906769085952 0.170294281794443836
0.000803020605836777005 0.170269675883879035
0.000811050811895144982 0.170244895757856701
0.000819161320014095951 0.170219941032962618
0.000827352933214236955 0.170194811345402292
0.000835626462546380008 0.170169506351511512
0.000843982727171842988 0.17014402572826709
0.000852422554443561949 0.17011836917380585
0.000860946779987996954 0.170092536407953909
0.000869556247787877951 0.170066527172750309
0.000878251810265755998 0.170040341232982978
0.000887034328368414035 0.170013978376727826
0.000895904671652097973 0.169987438415893921
0.000904863718368619039 0.169960721186767111
0.000913912355552304952 0.169933826550563105
0.000923051479107827992 0.169906754393986004
0.000932281993898907051 0.169879504629782407
0.00094160481383789602 0.169852077197306467
0.000951020861976274983 0.169824472063087428
0.000960531070596036974 0.169796689221394292
0.000970136381301998029 0.169768728694809634
0.000979837745115017976 0.169740590534802421
0.000989636122566168053 0.16971227482230461
0.000999532483791829972 0.169683781668286071
0.00100952780862975005 0.169655111214337517
0.00101962308671605002 0.169626263633245872
0.00102981931758320991 0.169597239129579302
0.00104011751075904 0.169568037940265093
0.00105051868586663005 0.169538660335174063
0.00106102387272528995 0.169509106617699051
0.00107163411145255001 0.169479377125336284
0.00108235045256706991 0.169449472230266296
0.00109317395709273993 0.16941939233992917
0.00110410569666367009 0.169389137897602682
0.00111514675363031009 0.169358709382975037
0.00112629822116660995 0.169328107312718357
0.00113756120337827997 0.16929733224105209
0.00114893681541206006 0.169266384760313499
0.00116042618356618004 0.169235265501513965
0.0011720304454018401 0.169203975134896434
0.00118375074985586004 0.16917251437048908
0.00119558825735441993 0.169140883958647709
0.00120754413992795991 0.169109084690596934
0.00121961958132723995 0.169077117398967691
0.00123181577714051994 0.169044982958321072
0.00124413393491191993 0.169012682285670013
0.0012565752742610401 0.168980216340993361
0.00126914102700365007 0.16894758612773933
0.00128183243727369002 0.168914792693322935
0.00129465076164642003 0.168881837129615964
0.00130759726926288995 0.168848720573421568
0.00132067324195551993 0.16881544420694819
0.00133387997437507005 0.168782009258268056
0.0013472187741188199 0.16874841700176485
0.00136069096186000995 0.168714668758574576
0.00137429787147861 0.168680765897015278
0.00138804085019339995 0.168646709833001313
0.0014019212586953299 0.168612502030452055
0.00141594047128227999 0.168578144001687774
0.00143009987599511 0.168543637307811717
0.00144440087475506003 0.168508983559082726
0.00145884488350260999 0.168474184415277839
0.00147343333233763995 0.168439241586040955
0.00148816766566100991 0.168404156831221896
0.00150304934231762 0.168368931961203727
0.0015180798357408 0.168333568837218006
0.00153326063409820997 0.16829806937165509
0.00154859324043919006 0.168262435528355431
0.00156407917284358006 0.168226669322903644
0.00157971996457201996 0.168190772822899848
0.00159551716421773996 0.168154748148234695
0.00161147233585991006 0.168118597471351466
0.00162758705921851009 0.168082323017503671
0.00164386292981070006 0.168045927065007095
0.00166030155910880991 0.168009411945489157
0.00167690457469989 0.167972780044135434
0.00169367362044688997 0.167936033799934076
0.00171061035665135992 0.167899175705926301
0.00172771646021786991 0.167862208309450922
0.0017449936248200501 0.167825134212405636
0.00176244356106825006 0.167787956071503902
0.00178006799667894009 0.167750676598551945
0.00179786867664573011 0.167713298560730889
0.0018158473634121799 0.167675824780899263
0.00183400583704629999 0.167638258137909585
0.00185234589541677006 0.167600601566954444
0.00187086935437093997 0.16756285805993143
0.00188957804791464994 0.167525030665838681
0.00190847382839378992 0.16748712249121217
0.00192755856667772992 0.167449136700587892
0.00194683415234450999 0.167411076517022389
0.00196630249386795007 0.16737294522265006
0.00198596551880663016 0.167334746159300551
0.00200582517399469987 0.16729648272917258
0.00202588342573463984 0.167258158395576062
0.0020461422599919901 0.167219776683746685
0.00206660368259190983 0.167181341181732973
0.0020872697194178301 0.167142855541378088
0.00210814241661201 0.167104323479390388
0.00212922384077812981 0.167065748778514239
0.00215051607918590989 0.16702713528881416
0.00217202123997776997 0.166988486929073504
0.00219374145237754984 0.166949807688323626
0.00221567886690131983 0.166911101627504638
0.00223783565557033985 0.166872372881278624
0.00226021401212604016 0.166833625659995183
0.00228281615224729985 0.166794864251823799
0.00230564431376977007 0.166756093025068358
0.00232870075690746981 0.16671731643066387
0.00235198776447654006 0.166678539004882997
0.00237550764212130991 0.166639765372246257
0.00239926271854251985 0.166601000248665143
0.0024232553457279502 0.166562248444820177
0.00244748789918523011 0.166523514869788974
0.00247196277817707992 0.166484804534943825
0.00249668240595884994 0.166446122558121495
0.00252164923001844 0.166407474168089653
0.00254686572231862 0.166368864709321385
0.00257233437954181021 0.166330299647085511
0.00259805772333722993 0.166291784572877632
0.00262403830057060007 0.16625332521020042
0.00265027868357630998 0.166214927420709896
0.00267678147041207001 0.166176597210743737
0.00270354928511619018 0.16613834073824188
0.00273058477796735014 0.166100164320085952
0.00275789062574702997 0.166062074439856433
0.00278546953200449997 0.166024077756040278
0.00281332422732454013 0.165986181110688497
0.00284145746959778983 0.165948391538549872
0.00286987204429375994 0.165910716276687742
0.0028985707647366998 0.165873162774600763
0.00292755647238406979 0.165835738704854685
0.00295683203710791001 0.165798451974244004
0.00298640035747899015 0.165761310735495687
0.00301626436105378003 0.165724323399522311
0.00304642700466432013 0.165687498648247583
0.00307689127471096014 0.165650845447998407
0.00310766018745806984 0.165614373063493497
0.00313873678933265007 0.165578091072423411
0.00317012415722597992 0.165542009380632155
0.00320182539879823981 0.165506138237918737
0.00323384365278622018 0.165470488254449377
0.00326618208931407986 0.165435070417796676
0.00329884391020722001 0.165399896110605793
0.00333183234930929011 0.165364977128889978
0.0033651506728023901 0.165330325700955849
0.00339880217953040988 0.165295954506958026
0.00343279020132571978 0.165261876699084514
0.00346711810333897013 0.165228105922361174
0.0035017892843723598 0.165194656336077966
0.00353680717721609021 0.16516154263582189
0.00357217524898825007 0.16512878007611409
0.00360789700147812979 0.165096384493631509
0.00364397597149290981 0.165064372331008125
0.00368041573120784019 0.165032760661193878
0.00371721988851991987 0.165001567212352346
0.00375439208740512009 0.164970810393283207
0.00379193600827916998 0.164940509319341982
0.00382985536836195992 0.164910683838831368
0.00386815392204558012 0.164881354559841625
0.00390683546126602971 0.16485254287750381
0.00394590381587870027 0.164824271001631606
0.00398536285403747973 0.164796561984709711
0.00402521648257786035 0.164769439750195729
0.00406546864740364028 0.164742929121095227
0.00410612333387767002 0.164717055848771998
0.00414718456721644996 0.16469184664194092
0.00418865641288861026 0.164667329195805817
0.00423054297701750022 0.164643532221287692
0.00427284840678766962 0.164620485474297862
0.00431557689085554971 0.164598219784997196
0.00435873265976411024 0.164576767086989595
0.00440231998636175011 0.164556160446394623
0.00444634318622535996 0.164536434090736594
0.00449080661808762011 0.164517623437592242
0.00453571468426848968 0.164499765122933628
0.00458107183111117981 0.164482897029101877
0.00462688254942229035 0.164467058312354086
0.00467315137491650968 0.164452289429903559
0.00471988288866568 0.164438632166402421
0.00476708171755233986 0.164426129659787645
0.00481475253472786035 0.16441482642642799
0.00486290006007514004 0.164404768385499944
0.00491152906067589008 0.164396002882531728
0.00496064435128264983 0.164388578712035993
0.00501025079479548024 0.164382546139174718
0.00506035330274343022 0.164377956920383234
0.00511095683577086988 0.164374864322886977
0.0051620664041285803 0.164373323143052669
0.00521368706816986022 0.164373389723505514
0.00526582393885156007 0.164375121968953902
0.00531848217824008006 0.164378579360663801
0.00537166700002248039 0.164383822969528887
0.00542538367002270028 0.164390915467680698
0.00547963750672292998 0.164399921138594279
0.00553443388179016005 0.164410905885640973
0.00558977822060805971 0.164423937239052215
0.00564567600281414006 0.164439084361255761
0.00570213276284228018 0.164456418050555386
0.00575915409047070021 0.164476010743129036
0.00581674563137541019 0.164497936513326781
0.00587491308768917 0.16452227107225878
0.00593366221856606035 0.164549091764661259
0.00599299884075172023 0.16457847756405411
0.00605292882915924035 0.164610509066182104
0.00611345811745082988 0.164645268480774376
0.00617459269862534032 0.164682839621636462
0.00623633862561158957 0.164723307895108306
0.00629870201186770971 0.164766760286933794
0.00636168903198637992 0.164813285347589156
0.00642530592230624968 0.16486297317612611
0.00648955898152931039 0.164915915402599839
0.00655445457134459959 0.164972205169151453
0.00661999911705805043 0.165031937109828025
0.00668619910822863036 0.165095207329228777
0.00675306109931092004 0.165162113380069725
0.00682059171030402998 0.165232754239768215
0.0068887976274070702 0.165307230286151574
0.00695768560368113971 0.16538564327239394
0.00702726245971794974 0.165468096301296302
0.00709753508431512983 0.165554693799014413
0.0071685104351582804 0.165645541488341486
0.00724019553950986001 0.165740746361658836
0.00731259749490495957 0.165840416653639355
0.00738572346985401015 0.165944661813811706
0.00745958070455255036 0.166053592479048773
0.00753417651159807994 0.166167320446063221
0.00760951827671405966 0.166285958643951653
0.00768561345948119961 0.166409621106824029
0.00776246959407600988 0.166538422946529097
0.00784009429001676986 0.166672480325464167
0.0079184952329169403 0.166811910429423199
0.00799768018524611018 0.166956831440413123
0.00807765698709857032 0.167107362509334556
0.00815843355696956041 0.167263623728378524
0.00824001789253924963 0.16742573610296041
0.00832241807146463959 0.167593821522971392
0.00840564225217928923 0.167768002733072852
0.00848969867470108011 0.167948403301730692
0.00857459566144810025 0.168135147588632072
0.0086603416180625805 0.168328360710079922
0.00874694503424319932 0.168528168501929559
0.00883441448458563081 0.168734697479564322
0.00892275862943149069 0.168948074794393777
0.00901198621572579968 0.169168428186301401
0.00910210607788305981 0.169395885931439394
0.00919312713866188985 0.169630576784743275
0.00928505841004850958 0.169872629916519691
0.009377908994149 0.170122174842436275
0.00947168808409049046 0.170379341346248464
0.00956640496493139057 0.170644259394601094
0.00966206901458071046 0.170917059043251829
0.00975868970472651073 0.171197870334103941
0.00985627660177378073 0.171486823182470688
0.00995483936779151951 0.171784047254050581
0.0100543877614693994 0.172089671831172353
0.0101549316390841006 0.172403825667947652
0.0102564809554749996 0.172726636834082736
0.0103590457650297001 0.173058232547217611
0.0104626362226800003 0.173398738993806451
0.0105672625849067992 0.173748281138698751
0.0106729352107559003 0.174106982523768661
0.0107796645628633996 0.174474965056113485
0.0108874612084920996 0.174852348786558448
0.0109963358205769999 0.175239251679407654
0.0111062991787827994 0.175635789374625761
0.0112173621705706009 0.176042074943851601
0.0113295357922763001 0.176458218641904252
0.0114428311501991002 0.176884327655679519
0.0115572594617010995 0.17732050585258094
0.0116728320563181005 0.17776685353087876
0.0117895603768811991 0.178223467174613737
0.0119074559806501001 0.178690439215896224
0.0120265305404566002 0.17916785780764255
0.0121467958458611001 0.179655806609995139
0.0122682638043197009 0.180154364593806599
0.0123909464423628997 0.180663605864707033
0.0125148559067866007 0.181183599511360011
0.0126400044658544 0.181714409481561062
0.0127664045105130002 0.182256094489830711
0.0128940685556181 0.182808707960097627
0.0130230092411742996 0.183372298006980849
0.0131532393335859997 0.183946907458993891
0.0132847717269219002 0.184532573926783766
0.0134176194441910993 0.185129329919219154
0.0135517956386330008 0.185737203009795265
0.0136873135950193008 0.186356216055387491
0.0138241867309695007 0.186986387468913523
0.0139624285982791994 0.187627731546896048
0.0141020528842620008 0.188280258852313587
0.0142430734131045993 0.188943976652442752
0.0143855041472356997 0.189618889410674257
0.0145293591887079993 0.190304999330492802
0.0146746527805951005 0.19100230694901546
0.0148213993084011005 0.191710811776597018
0.0149696133014851004 0.192430512978167934
0.0151193094344999005 0.193161410091058472
0.0152705025288449002 0.193903503773173891
0.0154232075541334002 0.194656796574519453
0.0155774396296746998 0.195421293724197642
0.0157332140259715016 0.196197003924201308
0.0158905461662312009 0.196983940140540131
0.0160494516278935004 0.197782120381563425
0.0162099461441723991 0.198591568452699374
0.0163720456056141994 0.199412314676332802
0.0165357660616703012 0.200244396565114585
0.0167011237222869993 0.201087859436729327
0.0168681349595098985 0.201942756957972924
0.0170368163091049983 0.202809151606016091
0.0172071844721960014 0.20368711503487133
0.0173792563169180014 0.204576728335410074
0.0175530488800871992 0.205478082177775412
0.0177285793688880013 0.206391276825719172
0.0179058651625768998 0.207316422013244961
0.0180849238142027011 0.208253636674986059
0.0182657730523447005 0.209203048522974777
0.0184484307828681991 0.210164793463855609
0.0186329150906968007 0.211139014852156803
0.0188192442416037983 0.212125862576977076
0.0190074366840198988 0.213125491981297599
0.0191975110508601013 0.214138062615137625
0.0193894861613687006 0.21516373682588999
0.0195833810229823005 0.21620267819134889
0.0197792148332122004 0.217255049803237871
0.0199770069815442992 0.218321012411313076
0.0201767770513597011 0.219400722440468959
0.0203785448218733005 0.220494329895529945
0.0205823302700921008 0.22160197617067573
0.0207881535727930007 0.222723791782596853
0.0209960351085209003 0.223859894048519581
0.0212059954596061015 0.22501038473210877
0.0214180554142021987 0.226175347681979111
0.0216322359683441996 0.227354846489002865
0.0218485583280275987 0.228548922189842074
0.0220670439113078987 0.229757591045065129
0.0222877143504210014 0.230980842420852567
0.0225105914939251993 0.2322186368035839
0.0227356974088645004 0.23347090397655007
0.0229630543829530999 0.234737541387583515
0.0231926849267826002 0.236018412735595401
0.0234246117760504996 0.237313346802775299
0.0236588578938109993 0.23862213655759193
0.023895446472749101 0.239944538551727871
0.0241344009374766001 0.241280272631662601
0.0243757449468513 0.2426290219828455
0.0246195023963198013 0.243990433521277222
0.0248656974202829985 0.245364118643844387
0.0251143543944859007 0.246749654345015335
0.0253654979384306985 0.2481465847034873
0.0256191529178150003 0.249554422738170495
0.0258753444469932009 0.250972652628487947
0.0261340978914630997 0.252400732289505547
0.0263954388703778013 0.253838096287838766
0.0266593932590814993 0.255284159079734285
0.0269259871916723986 0.256738318548268951
0.0271952470635891015 0.258199959812207336
0.0274671995342249987 0.259668459274944918
0.0277418715295672004 0.261143188877984433
0.0280192902448628996 0.262623520519822184
0.0282994831473115001 0.2641088305978323
0.0285824779787846005 0.265598504627925225
0.0288683027585724984 0.267091941894347429
0.0291569857861582009 0.268588560080138761
0.0294485556440198006 0.270087799827418928
0.0297430412004600006 0.27158912917591127
0.030040471612464599 0.273092047827955653
0.0303408763285892003 0.274596091188692604
0.0306442850918751016 0.276100834131182971
0.0309507279427938993 0.277605894437894685
0.0312602352222218008 0.27911093587230984
0.0315728375744439987 0.280615670837302045
0.031888565950188498 0.282119862580412994
0.0322074516096904004 0.28362332691020592
0.0325295261257873003 0.285125933392428588
0.0328548213870450967 0.286627605999749013
0.0331833696009155993 0.288128323194293823
0.0335152032969247976 0.289628117428053333
0.0338503553298939996 0.291127074052391244
0.0341888588831929033 0.292625329634307596
0.0345307474720248989 0.294123069683700444
0.0348760549467451025 0.295620525802618939
0.0352248154962125984 0.297117972274279496
0.0355770636511746965 0.298615722116330862
0.0359328342876865034 0.300114122629552338
0.0362921626305632988 0.301613550479578274
0.0366550842568690027 0.303114406355480981
0.0370216350994376012 0.304617109254872731
0.037391851450432001 0.306122090450649698
0.0377657699649363021 0.307629787199425242
0.0381434276645856996 0.309140636256108381
0.0385248619412316001 0.310655067262779916
0.0389101105606438971 0.312173496083120117
0.0392992116662502985 0.31369631815588056
0.0396922037829127994 0.31522390194238803
0.0400891258207419013 0.316756582543699594
0.0404900170789493988 0.318294655562758377
0.0408949172497388991 0.319838371285737832
0.0413038664222363031 0.321387929254681737
0.0417169050864586027 0.322943473300521311
0.0421340741373232019 0.324505087101668643
0.0425554148786964001 0.326072790328564677
0.0429809690274833983 0.327646535428947006
0.0434107787177581972 0.329226205102170488
0.0438448865049358011 0.330811610503778331
0.0442833353699852023 0.332402490213731583
0.0447261687236849975 0.333998509993365444
0.0451734304109219012 0.335599263347362786
0.0456251647150310996 0.337204272897880297
0.046081416362181403 0.338812992568633953
0.0465422305258032035 0.340424810567258929
0.0470076528310613001 0.342039053144853389
0.0474777293593718966 0.343654989102299913
0.0479525066529655972 0.345271835003973071
0.0484320317194951999 0.346888761050811401
0.0489163520366902027 0.348504897556645876
0.0494055155570570989 0.35011934196420702
0.0498995707126276972 0.351731166330480627
0.0503985664197538971 0.353339425205145274
0.0509025520839515022 0.354943163820794882
0.051411577604791002 0.356541426509522807
0.0519256933808388971 0.358133265257364164
0.0524449503146472984 0.359717748306003504
0.0529693998177937983 0.361293968710106661
0.0534990938159716975 0.362861052758667757
0.0540340847541313993 0.364418168169763079
0.0545744256016727006 0.365964531970159657
0.0551201698576894994 0.367499417974217923
0.0556713715562663983 0.369022163780431456
0.0562280852718290008 0.370532177208727054
0.0567903661245472979 0.372028942107179295
0.0573582697857928023 0.373512023463082099
0.0579318524836507018 0.37498107176021328
0.0585111710084871978 0.376435826531599294
0.0590962827185720976 0.377876119065035487
0.0596872455457577999 0.379301874226952773
0.0602841180012154004 0.380713111378904734
0.0608869591812275998 0.382109944369822374
0.0614958287730398012 0.383492580596296428
0.062110787060770202 0.384861319132258073
0.0627318949313779017 0.386216547938648402
0.0633592138806916977 0.387558740172770866
0.0639928060194985965 0.388888449626030808
0.0646327340796935962 0.390206305327586989
0.0652790614204906 0.391513005359996447
0.0659318520346954956 0.392809309941175633
0.066591170555042406 0.394096033834838544
0.0672570822605927932 0.395374038158961383
0.0679296530831988016 0.396644221668666142
0.0686089496140308008 0.397907511596157837
0.0692950391101710972 0.399164854135923342
0.0699879895012728015 0.400417204668200633
0.0706878693962855048 0.401665517817724194
0.0713947480902484 0.402910737447845002
0.0721086955711509048 0.404153786692262373
0.0728297825268623966 0.405395558127710443
0.0735580803521310028 0.406636904190987525
0.0742936611556522936 0.407878627942630745
0.0750365977672088069 0.409121474277307329
0.0757869637448809058 0.410366121677577522
0.0765448333823297022 0.411613174603124576
0.0773102817161530065 0.412863156601769921
0.0780833845333146065 0.414116504221753501
0.0788642183786476964 0.41537356179677315
0.0796528605624342023 0.416634577166339726
0.0804493891680584938 0.41789969838411628
0.0812538830597391015 0.419168971456217787
0.0820664218903364995 0.420442339140105981
0.0828870861092398936 0.421719640822799557
0.0837159569703322948 0.423000613484856347
0.0845531165400355972 0.424284893744114711
0.0853986477054359955 0.425572020960672925
0.0862526341824902953 0.42686144137224008
0.0871151605243151994 0.428152513216984443
0.0879863121295584028 0.429444512789513289
0.0888661752508538988 0.430736641364804884
0.0897548370033624948 0.432028032914970939
0.0906523853733960938 0.433317762534740691
0.0915589092271301003 0.434604855483735064
0.0924744983194013964 0.435888296746960058
0.0933992433025954 0.437167041009648982
0.0943332357356213014 0.438440022938628382
0.0952765680929776038 0.439706167659830227
0.0962293337739072996 0.440964401320438348
0.0971916271116464031 0.442213661624380805
0.0981635433827628967 0.443452908231469489
0.099145178816590504 0.444681132913332888
0.100136630604756 0.4458973693633424
0.101137996910803996 0.447100702562860275
0.102149376879912004 0.448290277612225063
0.103170870648710999 0.449465307941879666
0.104202579355198 0.450625082826662027
0.105244605148750003 0.451768974134559465
0.106297051200237996 0.452896442249902775
0.107360021712240003 0.454007041119979027
0.108433621929362997 0.45510042238326226
0.109517958148656003 0.456176338546719906
0.110613137730143002 0.457234645188955624
0.111719269107443994 0.458275302175072841
0.112836461798519 0.459298373878175181
0.113964826416504003 0.46030402841112189
0.115104474680669006 0.461292535880664212
0.116255519427476001 0.462264265684200149
0.117418074621749996 0.463219682877214156
0.118592255367967997 0.46415934364690753
0.119778177921646994 0.465083889934602646
0.120975959700864 0.465994043256254487
0.122185719297873002 0.46689059777669184
0.123407576490851004 0.467774412699255127
0.124641652255760002 0.468646404038036479
0.125888068778317014 0.469507535845139434
0.127146949466101 0.470358810970194996
0.128418418960762004 0.471201261433668528
0.129702603150368995 0.472035938499433649
0.130999629181872995 0.472863902535404057
0.132309625473691989 0.473686212753826996
0.133632721728428994 0.474503916925017089
0.134969048945712988 0.475318041159794757
0.136318739435170005 0.47612957985661436
0.137681926829521989 0.476939485909289085
0.139058746097816988 0.477748661270244235
0.140449333558794992 0.47855794796235207
0.141853826894383001 0.479368119629492162
0.143272365163327003 0.480179873712113126
0.144705088814959998 0.480993824329121133
0.146152139703110001 0.481810495941497885
0.147613661100141014 0.482630317866043657
0.149089797711142003 0.483453619699754866
0.150580695688253996 0.484280627706477562
0.152086502645136012 0.485111462207845623
0.153607367671588002 0.485946136010175056
0.155143441348302991 0.486784553888035043
0.156694875761787006 0.48762651313391947
0.158261824519403987 0.488471705171762638
0.159844442764597999 0.489319718220443345
0.161442887192244006 0.490170040981753541
0.163057316064167013 0.491022067316024657
0.164687889224809009 0.491875101857757679
0.166334768117056997 0.492728366513407068
0.167998115798226988 0.493581007774065383
0.169678096956209001 0.494432104767350389
0.171374877925771996 0.495280677965424188
0.173088626705029003 0.496125698459898234
0.17481951297208001 0.496966097709523325
0.176567708101800003 0.497800777662861127
0.178333385182817994 0.498628621155943308
0.180116719034646988 0.499448502483909096
0.181917886224992997 0.500259298045918177
0.183737065087242996 0.50105989696422315
0.185574435738114996 0.501849211580839727
0.187430180095497001 0.502626187738873575
0.189304481896451993 0.503389814760053733
0.191197526715416011 0.504139135035239772
0.193109501982569987 0.504873253150413315
0.19504059700239601 0.50559134447677323
0.196991002972420004 0.506292663160005985
0.198960913002143996 0.506976549450358971
0.200950522132165993 0.507675207460497324
0.202960027353487005 0.508322068423814111
0.204989627627021997 0.508949921531268279
0.207039523903292 0.509558516117945892
0.20910991914232499 0.510147713912489142
0.211201018333747992 0.510717491395414891
0.213313028517086001 0.511267941256712821
0.21544615880225701 0.511799272939992722
0.217600620390278998 0.512311812264411248
0.219776626594182012 0.512806000119372163
0.221974392860123992 0.513282390230688557
0.22419413678872499 0.513741646000587471
0.226436078156613013 0.514184536427770622
0.228700438938179013 0.514611931117794463
0.230987443327559994 0.515024794398417085
0.233297317760836009 0.515424178559360735
0.235630290938444009 0.51581121624122972
0.237986593847828998 0.516187112004144244
0.240366459786306996 0.516553133113036633
0.242770124384170005 0.516910599583493613
0.245197825628012012 0.517260873539501675
0.247649803884292002 0.517605347942365124
0.250126301923135008 0.517945434758366297
0.25262756494236599 0.518282552641278427
0.255153840591790027 0.518618114214475234
0.257705378997708012 0.518953513045965487
0.260282432787684981 0.519290110417996886
0.262885257115561988 0.519629222000757895
0.265514109686717015 0.519972104546913672
0.268169250783585 0.520319942730073093
0.27085094329142001 0.520673836255595823
0.273559452724335017 0.521034787376176367
0.276295047251577996 0.521403688947276067
0.279057997724094009 0.521781313158536153
0.281848577701334979 0.522168301076624819
0.284667063478348026 0.522565153132564575
0.287513734113132025 0.522972220682291877
0.290388871454263009 0.52338969876299668
0.293292760168805011 0.523817620159821251
0.296225687770494017 0.524255850887597519
0.299187944648197979 0.52470408718074657
0.302179824094680027 0.525161854071268808
0.305201622335626976 0.525628505620060915
0.308253638558984022 0.526103226850857197
0.311336174944572996 0.526585037418974777
0.314449536694018983 0.52707279702909704
0.317594032060958986 0.527565212597647437
0.320769972381569013 0.52806084713621837
0.323977672105384973 0.528558130313186991
0.327217448826437995 0.529055370631347444
0.330489623314702996 0.529550769140306743
0.333794519547849999 0.530042434583761213
0.337132464743327975 0.530528399863793965
0.340503789390761979 0.53100663968717321
0.343908827284668983 0.531475089242504639
0.347347915557515985 0.531931663742080674
0.350821394713090984 0.532374278648629962
0.354329608660222006 0.532800870394863568
0.357872904746823983 0.533209417393077145
0.361451633794292015 0.533597961122949216
0.365066150132234979 0.533964627078405085
0.368716811633558017 0.534307645348924387
0.372403979749892977 0.534625370607143324
0.376128019547392001 0.53491630127304679
0.379889299742866005 0.535179097625590905
0.383688192740294975 0.535412598635375492
0.387525074667697977 0.535615837296900099
0.391400325414375028 0.535788054246323919
0.395314328668518011 0.535928709460344321
0.399267471955204012 0.536037491843991631
0.403260146674756015 0.536114326529914864
0.407292748141503014 0.536159379728953112
0.411365675622917981 0.536173060991666506
0.415479332379147026 0.536156022762888873
0.419634125702939009 0.536109157136242631
0.423830466959968011 0.536033589742853644
0.428068771629568023 0.535930670738025361
0.432349459345863996 0.535801962881235827
0.436672953939321984 0.535649226738197037
0.441039683478716027 0.535474403068603277
0.445450080313503027 0.535279592499191548
0.449904581116638003 0.535067032618368521
0.454403626927804005 0.534839072665557413
0.458947663197082023 0.534598146024854337
0.46353713982905298 0.534346740768137929
0.46817251122734399 0.534087368526719786
0.472854236339616985 0.533822532002311112
0.477582778703013022 0.533554691456893382
0.482358606490042974 0.533286230546287321
0.487182192554943994 0.533019421883226374
0.492054014480493018 0.532756392731905226
0.496974554625297993 0.532499091246749434
0.501944300171551006 0.532249253673069633
0.506963743173266979 0.532008372925873441
0.512033380604999033 0.531777668955193739
0.517153714411048959 0.531558061291575235
0.522325251555159964 0.531350144143931558
0.527548504070710966 0.531154164393760397
0.532823989111418039 0.530970002795140839
0.538152229002533011 0.530797158649190748
0.543533751292557987 0.530634738175496556
0.548969088805484007 0.530481446751913888
0.554458779693537962 0.53033558513907253
0.560003367490473969 0.530195049747697267
0.565603401165377995 0.530057336946567204
0.571259435177032038 0.52991955134773927
0.576972029528802999 0.529778417944644309
0.582741749824090993 0.529630297919110871
0.588569167322330999 0.5294712078764785
0.594454858995554947 0.529296842214895369
0.600399407585510025 0.529102598286876002
0.606403401661364971 0.528883603969148464
0.612467435677979011 0.528634747221882528
0.618592110034759002 0.5283507071911967
0.624778031135105993 0.52802598639021614
0.631025811446456975 0.527654943484264338
0.637336069560922036 0.52723182620539899
0.643709430256531046 0.526750803930531752
0.65014652455909705 0.526205999475628405
0.65664798980468797 0.525591519685816855
0.663214469702734011 0.524901484436900212
0.669846614399762008 0.524130053707320021
0.676545080543758948 0.523271452429926676
0.683310531349196948 0.522319992889152873
0.690143636662688964 0.521270094489990177
0.697045073029315954 0.520116300789421615
0.704015523759608963 0.518853293747133293
0.71105567899720501 0.517475905219127674
0.718166235787176976 0.515979125783782022
0.725347898145048964 0.514358111053502487
0.732601377126498976 0.512608185685092588
0.739927390897764048 0.510724845356911872
0.747326664806742036 0.508703757029706827
0.754799931454808948 0.506540757849499257
0.762347930769357029 0.504231853084272541
0.769971410077051055 0.501773213510603333
0.777671124177822026 0.499161172681269361
0.785447835419599949 0.496392224509882907
0.793302313773796008 0.493463021603564977
0.801235336911534035 0.490370374759599992
0.809247690280649024 0.487111254017189133
0.817340167183456034 0.483682791621197594
0.825513568855290036 0.480082287211887282
0.833768704543842998 0.476307215503730952
0.842106391589282022 0.472355236658565159
0.850527455505173946 0.468224209494553678
0.859032730060225957 0.463912207603976889
0.867623057360828009 0.45941753838101701
0.87629928793443701 0.454738764886785163
0.885062280813781022 0.449874730404384693
0.893912903621918997 0.444824585463085176
0.90285203265813796 0.439587817039302664
0.911880552984720039 0.43416427957428938
0.920999358514567046 0.42855422738569704
0.930209352099712006 0.422758347993647199
0.939511445620709984 0.416777795832909026
0.948906560076916983 0.410614225782158837
0.958395625677685992 0.404269825910061498
0.967979581934462985 0.397747348816831159
0.977659377753806957 0.391050140939478152
0.987435971531344991 0.384182169189616618
0.997310331246659021 0.377148044304644048
1.00728343455912994 0.369953040316296888
1.01735626890471997 0.36260310957491565
1.02752983159375999 0.355104892812632023
1.03780512990969997 0.347465723783838942
1.04818318120880005 0.339693628085625254
1.05866501302088989 0.331797315833439466
1.06925166315109998 0.323786167947316295
1.07994417978260993 0.315670215889760797
1.09074362158043003 0.307460114786840488
1.10165105779623995 0.299167109957535926
1.1126675683742 0.290802996971514516
1.12379424405794004 0.282380075450210988
1.13503218649852 0.273911096919647989
1.14638250836350997 0.265409207113071477
1.15784633344714005 0.256887883206654732
1.16942479678161004 0.248360866550101728
1.18111904474942997 0.239842091525056894
1.19293023519691999 0.231345611225956954
1.20485953754888997 0.222885520709892954
1.21690813292438005 0.214475878602983699
1.22907721425362992 0.206130627879686334
1.24136798639615997 0.197863516648598081
1.25378166626012 0.189688019782554396
1.26631948292272001 0.18161726222296648
1.27898267775194996 0.17366394476764313
1.2917725045294699 0.165840273119180454
1.30469022957476999 0.158157890927172057
1.31773713187051 0.150627817503427713
1.33091450318922 0.143260390825566325
1.34422364822111007 0.136065216372629555
1.35766588470332006 0.12905112225705101
1.3712425435503599 0.12222612103308142
1.38495496898586001 0.115597378472893031
1.39880451867572009 0.109171189510386388
1.4127925638624701 0.102952961460619816
1.42692048950110006 0.0969472045308557989
1.44118969439611 0.0911575295497524113
1.45560159134006994 0.0855866527547130967
1.47015760725346989 0.0802364073960810387
1.48485918332601008 0.0751077618410729286
1.49970777515927001 0.0702008437917462785
1.51470485291085999 0.0655149701703745674
1.52985190143997007 0.0610486821733310578
1.54515042045437001 0.0567997849512383024
1.56060192465891001 0.0527653913392340454
1.5762079439054999 0.0489419690368420174
1.59197002334455995 0.0453253906220527358
1.60788972357800009 0.0419109857786312476
1.62396862081378002 0.0386935951190600577
1.64020830702192 0.0356676249973952725
1.65661039009214006 0.0328271027259126741
1.67317649399306001 0.0301657316362354197
1.6899082589329899 0.0276769454586501505
1.70680734152231994 0.0253539615317528548
1.72387541493753993 0.0231898323974571961
1.74111416908692007 0.0211774953828059997
1.75852531077779006 0.0193098198190012164
1.77611056388557009 0.0175796515986245162
1.7938716695244199 0.0159798548233522179
1.81181038621966994 0.0145033503455879748
1.82992849008185998 0.0131431510576906375
1.84822777498268009 0.0118923938309953865
1.86671005273251001 0.0107443680531484741
1.88537715325983002 0.00969254075565826115
1.90423092479243006 0.00873057836372607803
1.92327323404035999 0.00785236513688968019
1.94250596638076001 0.00705201840154437258
1.96193102604456993 0.0063239007048588123
1.98155033630500998 0.00566262904384699263
2.00136583966805981 0.00506308134338536407
2.02137949806474015 0.00452040037287940524
2.04159329304538995 0.00402999530315955451
2.06200922597584002 0.00358754111326645315
2.08262931823559994 0.00318897606126502349
2.10345561141796011 0.00283049743441253412
2.12449016753213993 0.00250855579218010492
2.14573506920745993 0.00221984791113963601
2.16719241989954003 0.00196130863390491482
2.18886434409852981 0.00173010181550882296
2.21075298753952021 0.00152361055014993288
2.2328605174149101 0.00133942684949358995
2.2551891225890599 0.00117534093097042226
2.27774101381494987 0.00102933026110452815
2.30051842395310002 0.000899548485081359318
2.32352360819262982 0.000784314359806799954
2.34675884427455994 0.000682100793828951404
2.37022643271729994 0.000591524083900943983
2.39392869704448019 0.000511333424823225201
2.41786798401491998 0.000440400756664937872
2.44204666385506997 0.00037771100163530157
2.4664671304936201 0.000322352731854223253
2.4911318017985602 0.000273509299111990669
2.51604311981654005 0.000230450448459711414
2.54120355101471018 0.000192524429150036215
2.56661558652485988 0.00015915060905754495
2.5922817423900999 0.000129812592233042348
2.61820455981400002 0.00010405183366134079
2.64438660541213988 8.14617405570119382e-05
2.67083047146627006 6.16822456002844504e-05
2.69753877618092996 4.43948343318750747e-05
2.72451416394273993 2.93180064305386504e-05
2.75175930558217008 1.6203148729528673e-05
2.7792768986379901 4.83079652294151552e-06
2.80706966762436982 -4.99274109265488781e-06
2.83514036430061012 -1.34384164652273257e-05
2.86349176794362004 -2.06571638402348825e-05
2.89212668562305009 -2.67823293118302282e-05
2.92104795247928006 -3.19318339755046926e-05
2.95025843200407989 -3.62100931819609272e-05
2.97976101632412016 -3.97097138204102605e-05
3.00955862648735994 -4.25129904607256386e-05
3.03965421275223013 -4.46932199949298935e-05
3.07005075487974999 -4.63158531716925141e-05
3.10075126242854981 -4.74395001407764815e-05
3.13175877505284017 -4.81168058416755589e-05
3.16307636280336979 -4.83952098019640504e-05
3.1947071264314002 -4.83176036725290435e-05
3.22665419769570994 -4.7922898631970397e-05
3.25892073967267004 -4.72465136511332996e-05
3.29150994706939981 -4.63207945284554827e-05
3.32442504654009019 -4.51753725926927358e-05
3.35766929700548999 -4.38374710247656194e-05
3.39124598997555005 -4.23321658763465606e-05
3.42515844987529983 -4.06826080593464734e-05
3.45941003437406014 -3.89102118464527795e-05
3.49400413471779991 -3.70348147561845351e-05
3.5289441760649698 -3.50748130936110597e-05
3.5642336178256202 -3.30472768765915025e-05
3.59987595400387983 -3.09680473932214128e-05
3.63587471354391978 -2.88518202051101515e-05
3.67223346067935985 -2.67122160289897385e-05
3.70895579528614983 -2.45618415917386617e-05
3.74604535323901011 -2.241234225708007e-05
3.7835058067713998 -2.02744479619774108e-05
3.82134086483912006 -1.81580137732562117e-05
3.85955427348751012 -1.60720561766403197e-05
3.89814981622237999 -1.40247860378136379e-05
3.93713131438460984 -1.2023639025233023e-05
3.97650262752845007 -1.00753041543559753e-05
4.01626765380374007 -8.1857510001622794e-06
4.05643033034178035 -6.36025602708704169e-06
4.09699463364519012 -4.60342840062529025e-06
4.13796457998164957 -2.91923557124428293e-06
4.1793442257814597 -1.31102885721975379e-06
4.22113766803927959 2.18430802714588866e-07
4.26334904471966958 1.66694680452297575e-06
4.30598253516687013 3.03286046179232631e-06
4.34904236051854021 4.31502417323967104e-06
4.39253278412371984 5.51277416372681902e-06
4.43645811196495998 6.62590281552426268e-06
4.48082269308461001 7.65463063056101098e-06
4.52563092001545009 8.59957788489193208e-06
4.57088722921560997 9.46173605386535236e-06
4.61659610150776967 1.02424391007154603e-05
4.66276206252284009 1.09433347327027342e-05
4.70938968314807038 1.15663557376181542e-05
4.75648357997954996 1.21136915196001516e-05
4.80404841577935038 1.25877599569036876e-05
4.8520888999371401 1.29911797056222429e-05
4.90060978893651011 1.33267430725438216e-05
4.94961588682587994 1.35973895774428223e-05
4.99911204569414025 1.38061803203393382e-05
5.04910316615108012 1.3956273262755868e-05
5.09959419781259005 1.40508995239560754e-05
5.15059013979071967 1.40933407837626257e-05
5.20209604118861968 1.4086907873028112e-05
5.25411700160050987 1.40349206214011525e-05
5.30665817161650999 1.39406890199137312e-05
5.35972475333267973 1.3807495743348531e-05
5.41332200086601034 1.36385800645561896e-05
5.46745522087466984 1.34371231801032519e-05
5.52212977308341024 1.32062349540604428e-05
5.57735107081424974 1.2948942074582683e-05
5.63312458152238982 1.26681776063738028e-05
5.68945582733762034 1.23667719113269549e-05
5.74635038561098987 1.20474448997310339e-05
5.80381388946709986 1.17127995655375033e-05
5.86185202836176966 1.1365316751388599e-05
5.92047054864539035 1.10073510824631839e-05
5.97967525413184031 1.06411280027449835e-05
6.03947200667315975 1.026874184305447e-05
6.09986672673989982 9.89215484710070219e-06
6.16086539400729016 9.51319707985335088e-06
6.22247404794736969 9.13356714165114919e-06
6.28469878842683993 8.75483361157414569e-06
6.34754577631110983 8.37843714460891268e-06
6.41102123407422031 8.00569314894335879e-06
6.4751314464149603 7.63779497220914337e-06
6.53988276087911036 7.27581752854693756e-06
6.60528158848790969 6.92072130187666105e-06
6.67133440437277958 6.57335666460211417e-06
6.73804774841651 6.234468455057493e-06
6.80542822590068042 5.9047007612137802e-06
6.87348250815967976 5.58460186240656824e-06
6.94221733324128021 5.27462928505254707e-06
7.01163950657369028 4.97515493241305034e-06
7.08175590163943003 4.68647025238289195e-06
7.15257346065581956 4.40879141099304449e-06
7.22409919526238031 4.14226444277572093e-06
7.29634018721501043 3.88697035233799096e-06
7.36930358908715988 3.64293014440889495e-06
7.44299662497803016 3.41010976227079751e-06
7.51742659122781021 3.18842491686384401e-06
7.59260085714008959 2.97774579097935153e-06
7.66852686571149 2.77790160485551768e-06
7.74521213436860023 2.58868503118101677e-06
7.82266425571229007 2.40985644902701515e-06
7.90089089826941038 2.24114802759375852e-06
7.97989980725211012 2.08226763190215399e-06
8.05969880532462923 1.93290254371186657e-06
8.14029579337787013 1.79272299202739006e-06
8.22169875131164929 1.66138548858659824e-06
8.30391573882477019 1.53853596472809172e-06
8.38695489621301959 1.4238127070193679e-06
8.47082444517515043 1.31684909000741156e-06
8.55553268962690083 1.21727610543233283e-06
8.64108801652317027 1.12472468822540435e-06
8.72749889668840062 1.03882784059429959e-06
8.81477388565529019 9.59222556475640066e-07
8.90292162451184055 8.85551549601690535e-07
8.99195084075696016 8.17464789374503412e-07
9.08187034916453051 7.54620849657836359e-07
9.1726890526561693 6.96688076472022433e-07
9.26441594318274042 6.43345581399713588e-07
9.35706010261455923 5.94284068268911876e-07
9.45063070364071045 5.49206501363553574e-07
9.54513701067712006 5.07828624012745199e-07
9.6405883807838908 4.69879336918094031e-07
9.73699426459172912 4.35100945990167339e-07
9.83436420723763938 4.03249289774296775e-07
9.93270784931002026 3.74093756751247765e-07
10.0320349278030996 3.47417202899393386e-07
10.1323552770811993 3.23015779903336052e-07
10.2336788298519998 3.00698684293810825e-07
10.3360156181504994 2.80287837608916917e-07
10.4393757743319995 2.61617507386430611e-07
10.5437695320753004 2.44533878436196152e-07
10.6492072273961007 2.28894583411847148e-07
10.7556992996700007 2.14568201210891332e-07
10.8632562926666996 2.01433731191508544e-07
10.9718888555934004 1.89380050614958058e-07
11.0816077441493004 1.78305362112745032e-07
11.1924238215908005 1.68116637349807669e-07
11.3043480598066992 1.58729062417455958e-07
11.4173915404048003 1.50065489851921903e-07
11.5315654558087992 1.42055901545288097e-07
11.6468811103669001 1.3463688620188493e-07
11.7633499214705992 1.27751134402608895e-07
11.8809834206853004 1.21346953776834612e-07
11.9997932548922002 1.15377806252284595e-07
12.1197911874411002 1.09801868860547904e-07
12.2409890993155006 1.04581619122899687e-07
12.3633989903085997 9.96834456298406297e-08
12.4870329802116995 9.50772840589200977e-08
12.6119033100137994 9.07362785497634276e-08
12.7380223431140003 8.66364680718746227e-08
12.8654025665451002 8.27564971791757046e-08
12.9940565922105993 7.90773503433103015e-08
13.1239971581327008 7.55821088940294878e-08
13.2552371297140006 7.22557294665069608e-08
13.3877895010112002 6.90848427601841401e-08
13.5216673960213001 6.60575713483614907e-08
13.6568840699814995 6.31633652395421832e-08
13.7934529106812995 6.03928538774626188e-08
13.9313874397881001 5.77377132735924775e-08
14.0707013141859996 5.51905469908843229e-08
14.2114083273277991 5.27447797376653427e-08
14.3535224106010997 5.03945623830589193e-08
14.4970576347070992 4.81346872676509467e-08
14.6420282110541997 4.59605127526996824e-08
14.7884484931648004 4.3867896026015412e-08
14.9363329780964005 4.18531332604610269e-08
15.0856963078774005 3.9912906300214567e-08
15.2365532709560991 3.80442351288557128e-08
15.3889188036656996 3.62444354505443552e-08
15.5428079917024 3.45110807901070751e-08
15.6982360716193998 3.28419685885236735e-08
15.8552184323355991 3.12350898366356774e-08
16.0137706166588991 2.96886018511286995e-08
16.1739083228255005 2.82008038526563218e-08
16.3356474060537984 2.6770115056182416e-08
16.4990038801143015 2.5395055028031994e-08
16.6639939189155015 2.40742261028980756e-08
16.8306338581046013 2.28062976872456093e-08
16.9989401966857017 2.15899923033941497e-08
17.1689295986525003 2.04240732514814201e-08
17.3406188946390003 1.93073337847158192e-08
17.5140250835853983 1.82385877074425887e-08
17.6891653344213005 1.72166613158487284e-08
17.8660569877655 1.62403866082440089e-08
18.0447175576431 1.53085956961719406e-08
18.2251647332196001 1.44201163496672857e-08
18.4074163805518012 1.35737686102222818e-08
18.5914905443572991 1.27683624039120914e-08
18.7774054498008987 1.20026960851094494e-08
18.9651795042988986 1.12755558386212665e-08
19.1548312993419003 1.05857158652971148e-08
19.3463796123353013 9.93193927348103595e-09
19.5398434084586015 9.31297959634485153e-09
19.7352418425431999 8.72758285338942947e-09
19.932594260968699 8.1744900733754549e-09
20.1319202035783 7.65244019577030723e-09
20.3332394056141013 7.16017326855392242e-09
20.5365717996702983 6.69643386195037115e-09
20.7419375176670009 6.25997462031684755e-09
20.9493568928435998 5.84955987803545028e-09
21.1588504617721007 5.46396926971223375e-09
21.3704389663897985 5.10200127022706773e-09
21.5841433560537013 4.76247660607514491e-09
21.7999847896142001 4.44424148589652425e-09
22.0179846375103985 4.14617060494026688e-09
22.2381644838855017 3.86716988535071693e-09
22.4605461287242996 3.60617892142958916e-09
22.6851515900115999 3.36217310630600472e-09
22.9120031059117011 3.13416542359101025e-09
23.1411231369708013 2.92120789449151917e-09
23.3725343683404994 2.72239267740726243e-09
23.6062597120238991 2.53685282312560589e-09
23.8423223091442011 2.36376269429613943e-09
24.0807455322355999 2.20233806283882483e-09
24.3215529875580003 2.05183590326926858e-09
24.564768517433599 1.91155390358592027e-09
24.8104162026079003 1.78082971833211203e-09
25.0585203646339991 1.65903999073168824e-09
25.3091055682803017 1.54559917240459165e-09
25.5621966239631 1.4399581701285455e-09
25.8178185902027018 1.34160284946298326e-09
26.0759967761048017 1.25005242483347013e-09
26.3367567438657986 1.16485776494803167e-09
26.6001243113045014 1.08559964123524029e-09
26.8661255544175006 1.01188694542661555e-09
27.1347868099616996 9.43354900511453388e-10
27.4061346780612993 8.79663287144305568e-10
27.6801960248419014 8.20494705241754078e-10
27.9569979850903003 7.65552888034823653e-10
28.2365679649412016 7.14561083301362832e-10
28.5189336445906996 6.6726051394706913e-10
28.8041229810365991 6.23408927583079798e-10
29.0921642108468994 5.82779242306970388e-10
29.3830858529554 5.45158293571714124e-10
29.6769167114849992 5.10345684854424598e-10
29.9736858785997988 4.78152742840532384e-10
30.2734227373858005 4.48401576038926657e-10
30.5761569647597007 4.20924234153002803e-10
30.8819185344073013 3.95561964159613235e-10
31.1907377197513007 3.72164557896312954e-10
31.5026450969488003 3.50589785024650085e-10
31.8176715479183017 3.30702904518258667e-10
32.1358482633974987 3.12376247309585136e-10
32.4572067460315026 2.95488862406390482e-10
32.7817788134917976 2.79926218643637465e-10
33.1095966016266985 2.65579954251831455e-10
33.4406925676429978 2.5234766658163101e-10
33.7750994933194022 2.40132734607939354e-10
34.1128504882525974 2.28844167226073001e-10
34.4539789931351024 2.18396470829275998e-10
34.7985187830664984 2.08709530202303041e-10
35.1465039708972 1.99708497362824842e-10
35.4979690106060985 1.91323683614117658e-10
35.8529487007121972 1.83490450723776928e-10
36.211478187719301 1.76149097799863253e-10
36.573592969596497 1.69244741085258945e-10
36.939328899292498 1.62727184522273638e-10
37.308722188285401 1.56550779542716129e-10
37.6818094101682988 1.50674273105993618e-10
38.0586275042699 1.45060643532608184e-10
38.439213779312702 1.39676924157508434e-10
38.8236059171058017 1.34494015253556387e-10
39.2118419762768013 1.29486485047062251e-10
39.6039603960395965 1.24632360964032325e-10
40 1.19912912506815736e-10
