-40 1.97076043145503e-09
-39.6039603960396 2.01019308216315e-09
-39.2118419762768 2.05041110331081e-09
-38.8236059171058 2.09143213434788e-09
-38.4392137793127 2.13327210419613e-09
-38.0586275042699 2.1759472939511e-09
-37.6818094101683 2.21947431646314e-09
-37.3087221882854 2.26387011709563e-09
-36.9393288992925 2.30915197841251e-09
-36.5735929695965 2.35533752606708e-09
-36.2114781877193 2.40244473520705e-09
-35.8529487007122 2.45049193717584e-09
-35.4979690106061 2.49949782642686e-09
-35.1465039708972 2.54948146761648e-09
-34.7985187830665 2.60046230286078e-09
-34.4539789931351 2.6524601591498e-09
-34.1128504882526 2.70549525591754e-09
-33.7750994933194 2.75958821276788e-09
-33.440692567643 2.81476005735764e-09
-33.1095966016267 2.87103223343919e-09
-32.7817788134918 2.92842660906495e-09
-32.4572067460315 2.98696548495686e-09
-32.1358482633975 3.04667160304356e-09
-31.8176715479183 3.10756815516885e-09
-31.5026450969488 3.16967879197454e-09
-31.1907377197513 3.23302763196137e-09
-30.8819185344073 3.29763927073146e-09
-30.5761569647597 3.36353879041607e-09
-30.2734227373858 3.43075176929249e-09
-29.9736858785998 3.49930429159405e-09
-29.676916711485 3.56922295751739e-09
-29.3830858529554 3.64053489343111e-09
-29.0921642108469 3.71326776229013e-09
-28.8041229810366 3.78744977426058e-09
-28.5189336445907 3.86310969755963e-09
-28.2365679649412 3.94027686951509e-09
-27.9569979850903 4.01898120785e-09
-27.6801960248419 4.09925322219748e-09
-27.4061346780613 4.18112402585088e-09
-27.1347868099617 4.26462534775513e-09
-26.8661255544175 4.34978954474497e-09
-26.6001243113045 4.43664961403595e-09
-26.3367567438658 4.52523920597455e-09
-26.0759967761048 4.61559263705329e-09
-25.8178185902027 4.70774490319791e-09
-25.5621966239631 4.80173169333252e-09
-25.3091055682803 4.89758940323026e-09
-25.058520364634 4.99535514965554e-09
-24.8104162026079 5.09506678480536e-09
-24.5647685174336 5.19676291105636e-09
-24.321552987558 5.30048289602491e-09
-24.0807455322356 5.40626688794689e-09
-23.8423223091442 5.51415583138444e-09
-23.6062597120239 5.62419148326651e-09
-23.3725343683405 5.73641642926965e-09
-23.1411231369708 5.85087410054631e-09
-22.9120031059117 5.96760879080644e-09
-22.6851515900116 6.08666567375901e-09
-22.4605461287243 6.20809082091943e-09
-22.2381644838855 6.33193121978818e-09
-22.0179846375104 6.45823479240708e-09
-21.7999847896142 6.58705041429714e-09
-21.5841433560537 6.71842793378378e-09
-21.3704389663898 6.85241819171419e-09
-21.1588504617721 6.9890730415707e-09
-20.9493568928436 7.12844536998465e-09
-20.741937517667 7.27058911765561e-09
-20.5365717996703 7.41555930067981e-09
-20.3332394056141 7.56341203229172e-09
-20.1319202035783 7.71420454502384e-09
-19.9325942609687 7.86799521329031e-09
-19.7352418425432 8.02484357639889e-09
-19.5398434084586 8.18481036199768e-09
-19.3463796123353 8.34795750996472e-09
-19.1548312993419 8.51434819674871e-09
-18.9651795042989 8.68404686016905e-09
-18.7774054498009 8.85711922468922e-09
-18.5914905443573 9.03363232717472e-09
-18.4074163805518 9.21365454315188e-09
-18.2251647332196 9.39725561358457e-09
-18.0447175576431 9.58450667218941e-09
-17.8660569877655 9.77548027331156e-09
-17.6891653344213 9.9702504203882e-09
-17.5140250835854 1.01688925950248e-08
-17.340618894639 1.03714837867189e-08
-17.1689295986525 1.05781025232638e-08
-16.9989401966857 1.07888289018686e-08
-16.8306338581046 1.10037446210363e-08
-16.6639939189155 1.1222933013237e-08
-16.4990038801143 1.1446479078428e-08
-16.3356474060538 1.16744695184573e-08
-16.1739083228255 1.19069927724045e-08
-16.0137706166589 1.21441390529012e-08
-15.8552184323356 1.23860003834824e-08
-15.6982360716194 1.2632670637008e-08
-15.5428079917024 1.28842455752075e-08
-15.3889188036657 1.31408228893816e-08
-15.2365532709561 1.3402502242303e-08
-15.0856963078774 1.36693853113471e-08
-14.9363329780964 1.39415758328822e-08
-14.7884484931648 1.42191796479375e-08
-14.6420282110542 1.45023047491641e-08
-14.4970576347071 1.47910613290922e-08
-14.3535224106011 1.50855618296809e-08
-14.2114083273278 1.53859209931447e-08
-14.070701314186 1.56922559140302e-08
-13.9313874397881 1.60046860925077e-08
-13.7934529106813 1.63233334888308e-08
-13.6568840699815 1.66483225784606e-08
-13.5216673960213 1.69797804103765e-08
-13.3877895010112 1.73178366620825e-08
-13.255237129714 1.76626236996797e-08
-13.1239971581327 1.80142766366263e-08
-12.9940565922106 1.83729333935232e-08
-12.8654025665451 1.87387347584335e-08
-12.738022343114 1.91118244476036e-08
-12.6119033100138 1.9492349166461e-08
-12.4870329802117 1.98804586707291e-08
-12.3633989903086 2.02763058275616e-08
-12.2409890993155 2.06800466765467e-08
-12.1197911874411 2.10918404904653e-08
-11.9997932548922 2.15118498356803e-08
-11.8809834206853 2.19402406320464e-08
-11.7633499214706 2.237718221225e-08
-11.6468811103669 2.2822847380483e-08
-11.5315654558088 2.32774124703867e-08
-11.4173915404048 2.37410574022115e-08
-11.3043480598067 2.42139657391564e-08
-11.1924238215908 2.46963247428546e-08
-11.0816077441493 2.51883254280994e-08
-10.9718888555934 2.56901626165794e-08
-10.8632562926667 2.62020349900773e-08
-10.75569929967 2.672414514278e-08
-10.6492072273961 2.72566996330266e-08
-10.5437695320753 2.77999090345145e-08
-10.439375774332 2.83539879870479e-08
-10.3360156181505 2.89191552470014e-08
-10.233678829852 2.94956337375715e-08
-10.1323552770812 3.00836505989826e-08
-10.0320349278031 3.06834372387501e-08
-9.93270784931002 3.12952293821557e-08
-9.834364207237639 3.19192671230338e-08
-9.736994264591729 3.2555794974992e-08
-9.640588380783891 3.32050619230254e-08
-9.54513701067712 3.3867321476349e-08
-9.45063070364071 3.45428317206656e-08
-9.357060102614559 3.52318553723222e-08
-9.26441594318274 3.59346598325457e-08
-9.172689052656169 3.66515172428733e-08
-9.081870349164531 3.73827045391706e-08
-8.99195084075696 3.81285035101092e-08
-8.902921624511841 3.88892008521389e-08
-8.81477388565529 3.96650882266567e-08
-8.727498896688401 4.0456462316853e-08
-8.64108801652317 4.12636248844914e-08
-8.555532689626901 4.20868828263867e-08
-8.47082444517515 4.2926548230405e-08
-8.38695489621302 4.37829384307431e-08
-8.30391573882477 4.46563760626438e-08
-8.221698751311649 4.55471891154534e-08
-8.14029579337787 4.6455710981622e-08
-8.059698805324629 4.73822805232616e-08
-7.97989980725211 4.83272420996347e-08
-7.90089089826941 4.92909456318005e-08
-7.82266425571229 5.02737466478955e-08
-7.7452121343686 5.12760063321383e-08
-7.66852686571149 5.22980915745441e-08
-7.59260085714009 5.33403750222862e-08
-7.51742659122781 5.4403235133959e-08
-7.44299662497803 5.54870562383118e-08
-7.36930358908716 5.65922285995755e-08
-7.29634018721501 5.77191484915849e-08
-7.22409919526238 5.88682182840857e-08
-7.15257346065582 6.0039846544634e-08
-7.08175590163943 6.1234448160635e-08
-7.01163950657369 6.2452444486793e-08
-6.94221733324128 6.36942635242527e-08
-6.87348250815968 6.4960340138969e-08
-6.80542822590068 6.62511163279363e-08
-6.73804774841651 6.75670415438095e-08
-6.67133440437278 6.89085730898584e-08
-6.60528158848791 7.02761765994451e-08
-6.53988276087911 7.1670326616442e-08
-6.47513144641496 7.30915072958137e-08
-6.41102123407422 7.45402132456197e-08
-6.34754577631111 7.60169505380259e-08
-6.28469878842684 7.75222379157193e-08
-6.22247404794737 7.90566082304119e-08
-6.16086539400729 8.06206101500179e-08
-6.0998667267399 8.22148101799966e-08
-6.03947200667316 8.38397950489478e-08
-5.97967525413184 8.54961745182574e-08
-5.92047054864539 8.71845846676597e-08
-5.86185202836177 8.89056917652491e-08
-5.8038138894671 9.06601967575023e-08
-5.74635038561099 9.2448840522432e-08
-5.68945582733762 9.42724099139344e-08
-5.63312458152239 9.61317448703285e-08
-5.57735107081425 9.80277465213935e-08
-5.52212977308341 9.99613865914566e-08
-5.46745522087467 1.01933718204674e-07
-5.41332200086601 1.03945888288164e-07
-5.35972475333268 1.05999151767775e-07
-5.30665817161651 1.08094887827254e-07
-5.25411700160051 1.10234618424591e-07
-5.20209604118862 1.12420029319671e-07
-5.15059013979072 1.14652994059055e-07
-5.09959419781259 1.16935601097781e-07
-5.04910316615108 1.19270184515337e-07
-4.99911204569414 1.21659358678386e-07
-4.94961588682588 1.24106057344015e-07
-4.90060978893651 1.26613577643526e-07
-4.85208889993714 1.29185629491574e-07
-4.80404841577935 1.31826390995536e-07
-4.75648357997955 1.34540570475146e-07
-4.70938968314807 1.37333475784473e-07
-4.66276206252284 1.40211091682613e-07
-4.61659610150777 1.43180165881765e-07
-4.57088722921561 1.46248305164684e-07
-4.52563092001545 1.49424081597596e-07
-4.48082269308461 1.52717150743419e-07
-4.43645811196496 1.5613838251875e-07
-4.39253278412372 1.59700005771001e-07
-4.34904236051854 1.63415768171641e-07
-4.30598253516687 1.67301112544928e-07
-4.26334904471967 1.71373371072599e-07
-4.22113766803928 1.75651979275229e-07
-4.17934422578146 1.80158710817598e-07
-4.13796457998165 1.8491793583481e-07
-4.09699463364519 1.89956903567541e-07
-4.05643033034178 1.95306053102209e-07
-4.01626765380374 2.00999351950208e-07
-3.97650262752845 2.07074667911563e-07
-3.93713131438461 2.13574173827776e-07
-3.89814981622238 2.20544790175197e-07
-3.85955427348751 2.28038667285466e-07
-3.82134086483912 2.36113710611998e-07
-3.7835058067714 2.44834152443555e-07
-3.74604535323901 2.54271173638505e-07
-3.70895579528615 2.64503578740629e-07
-3.67223346067936 2.75618529514083e-07
-3.63587471354392 2.87712340243101e-07
-3.59987595400388 3.00891339148312e-07
-3.56423361782562 3.15272802553738e-07
-3.52894417606497 3.30985964314779e-07
-3.4940041347178 3.48173108230883e-07
-3.45941003437406 3.66990747929316e-07
-3.4251584498753 3.87610899745031e-07
-3.39124598997555 4.10222458034233e-07
-3.35766929700549 4.35032675521075e-07
-3.32442504654009 4.62268755739716e-07
-3.2915099470694 4.92179573600197e-07
-3.25892073967267 5.25037516363881e-07
-3.22665419769571 5.61140468523396e-07
-3.1947071264314 6.00813938593458e-07
-3.16307636280337 6.44413339807034e-07
-3.13175877505284 6.92326440211171e-07
-3.10075126242855 7.44975976631849e-07
-3.07005075487975 8.02822459850663e-07
-3.03965421275223 8.66367167953156e-07
-3.00955862648736 9.36155342728444e-07
-2.97976101632412 1.01277960956857e-06
-2.95025843200408 1.09688360636924e-06
-2.92104795247928 1.18916587243798e-06
-2.89212668562305 1.29038396708182e-06
-2.86349176794362 1.40135886254201e-06
-2.83514036430061 1.52297961367772e-06
-2.80706966762437 1.65620830511012e-06
-2.77927689863799 1.80208532150752e-06
-2.75175930558217 1.96173491477281e-06
-2.72451416394274 2.1363711246555e-06
-2.69753877618093 2.32730405967997e-06
-2.67083047146627 2.53594649732756e-06
-2.64438660541214 2.7638209377364e-06
-2.618204559814 3.01256698902692e-06
-2.5922817423901 3.28394930559016e-06
-2.56661558652486 3.57986582366878e-06
-2.54120355101471 3.90235660735485e-06
-2.51604311981654 4.25361310025231e-06
-2.49113180179856 4.63598797234797e-06
-2.46646713049362 5.05200558902036e-06
-2.44204666385507 5.50437293480709e-06
-2.41786798401492 5.99599123688227e-06
-2.39392869704448 6.52996848015631e-06
-2.3702264327173 7.10963228784185e-06
-2.34675884427456 7.73854392603906e-06
-2.32352360819263 8.4205130893748e-06
-2.3005184239531 9.15961343322957e-06
-2.27774101381495 9.9601987445691e-06
-2.25518912258906 1.08269222896743e-05
-2.23286051741491 1.17647542203404e-05
-2.21075298753952 1.27835169897169e-05
-2.18886434409853 1.3936907759538e-05
-2.16719241989954 1.51856096711072e-05
-2.14573506920746 1.65368564396844e-05
-2.12449016753214 1.79984800065468e-05
-2.10345561141796 1.95786061834261e-05
-2.0826293182356 2.12860718572195e-05
-2.06200922597584 2.31303352272943e-05
-2.04159329304539 2.51215209011325e-05
-2.02137949806474 2.72704693233245e-05
-2.00136583966806 2.95887845269125e-05
-1.98155033630501 3.2088897131874e-05
-1.96193102604457 3.47841205021719e-05
-1.94250596638076 3.76887199159367e-05
-1.92327323404036 4.08179842053609e-05
-1.90423092479243 4.4188305272916e-05
-1.88537715325983 4.78172587890647e-05
-1.86671005273251 5.17243142104283e-05
-1.84822777498268 5.59278822203294e-05
-1.82992849008186 6.0451521183633e-05
-1.81181038621967 6.53179622465221e-05
-1.79387166952442 7.05522813034246e-05
-1.77611056388557 7.61814375325815e-05
-1.75852531077779 8.22344261813587e-05
-1.74111416908692 8.87424386376412e-05
-1.72387541493754 9.57390490181899e-05
-1.70680734152232 0.000103260412794678
-1.68990825893299 0.000111345482411553
-1.67317649399306 0.000120036226753179
-1.65661039009214 0.000129377909410198
-1.64020830702192 0.000139419343788604
-1.62396862081378 0.000150213207095419
-1.607889723578 0.00016181634001104
-1.59197002334456 0.000174290152470797
-1.5762079439055 0.000187700963524052
-1.56060192465891 0.000202120439684992
-1.54515042045437 0.000217626051153292
-1.52985190143997 0.000234301563542523
-1.51470485291086 0.000252237602182779
-1.49970777515927 0.000271532222980864
-1.48485918332601 0.000292291564648923
-1.47015760725347 0.00031463055215664
-1.45560159134007 0.000338673698532188
-1.44118969439611 0.000364555866155455
-1.4269204895011 0.000392423340407824
-1.41279256386247 0.000422434679256607
-1.39880451867572 0.000454762024288258
-1.38495496898586 0.00048959187826307
-1.37124254355036 0.000527127753104321
-1.36445421412684 0.000546928060028021
-1.35766588470332 0.000567589698390868
-1.35094476646222 0.000588937834263616
-1.34422364822111 0.000611217553537219
-1.33756907570517 0.000634240847376422
-1.33091450318922 0.00065827229082296
-1.32432581752987 0.000683109490759345
-1.31773713187051 0.00070903819893555
-1.31121368072264 0.00073584049102481
-1.30469022957477 0.000763825136393987
-1.29823136705212 0.000792757410822533
-1.29177250452947 0.000822971074662033
-1.28537759114071 0.000854213619685053
-1.28218013444633 0.000870351484505705
-1.27898267775195 0.00088684580257435
-1.27581687904464 0.000903536863650835
-1.27265108033733 0.00092059531713951
-1.26948528163003 0.00093803078844866
-1.26631948292272 0.000955852997043248
-1.26318502875707 0.000973889639263215
-1.26005057459142 0.000992325209455151
-1.25691612042577 0.00101117024956807
-1.25534889334295 0.0010207496196726
-1.25378166626012 0.0010304354102457
-1.25067824629413 0.00104993436497654
-1.24757482632814 0.00106986689382679
-1.24447140636215 0.00109024428964512
-1.24136798639616 0.00111107826061538
-1.23522260032489 0.00115372889981511
-1.22907721425363 0.00119831517164495
-1.22299267358901 0.00124447057471897
-1.21690813292438 0.00129273316251574
-1.20485953754889 0.00139498103282575
-1.19293023519692 0.00150577157152358
-1.18111904474943 0.00162590128103362
-1.16942479678161 0.00175625061462109
-1.15784633344714 0.00189780214754779
-1.14638250836351 0.00205165450899005
-1.13503218649852 0.00221904028383881
-1.12379424405794 0.00240134816162397
-1.1126675683742 0.00260014898984119
-1.10165105779624 0.00281722819154664
-1.09074362158043 0.00305462568326434
-1.07994417978261 0.00331468429187725
-1.0692516631511 0.00360011367808439
-1.05866501302089 0.00391406668730682
-1.0481831812088 0.00426023866202066
-1.0378051299097 0.00464300068064305
-1.02752983159376 0.00506756748839221
-1.01735626890472 0.00554022148167193
-1.00728343455913 0.00606862295368378
-0.997310331246659 0.00666222333085537
-0.987435971531345 0.0073328614172356
-0.977659377753807 0.00809559679641758
-0.967979581934463 0.00896995553863231
-0.958395625677686 0.00998179034000619
-0.948906560076917 0.0111661931414068
-0.93951144562071 0.0125724425794018
-0.930209352099712 0.0142713008888913
-0.92560435530714 0.0152598662075537
-0.920999358514567 0.0163706983300852
-0.916439955749644 0.0176172432791402
-0.91188055298472 0.0190417953826399
-0.907366292821429 0.020671221646605
-0.902852032658138 0.0225759136828176
-0.898382468140029 0.0248130295818062
-0.893912903621919 0.0275092285603744
-0.891700247919885 0.0290628777644979
-0.88948759221785 0.030791359775833
-0.887274936515815 0.0327291620388592
-0.885062280813781 0.0349118176159124
-0.882871532593945 0.0373611180193603
-0.880680784374109 0.0401455130318948
-0.878490036154273 0.043325456885966
-0.876299287934437 0.0469599999816405
-0.874130230291035 0.0510655165692408
-0.871961172647633 0.0557187645984546
-0.867623057360828 0.0666528820510863
-0.863327893710527 0.0791657372914526
-0.859032730060226 0.0923902558099473
-0.8547800927827 0.105416730452862
-0.8505274555051739 0.117868929750085
-0.842106391589282 0.140533642245349
-0.833768704543843 0.160487871051891
-0.82551356885529 0.17830697407928
-0.817340167183456 0.194407901402906
-0.809247690280649 0.209114905243579
-0.801235336911534 0.222722417668767
-0.793302313773796 0.235413727213127
-0.7854478354195999 0.247159667516752
-0.777671124177822 0.25818145679244
-0.7699714100770511 0.268555281926744
-0.762347930769357 0.278357878453915
-0.7547999314548089 0.28764652700835
-0.747326664806742 0.296474139934469
-0.739927390897764 0.304882071985913
-0.732601377126499 0.312906631382354
-0.725347898145049 0.320579127200474
-0.718166235787177 0.327926790404544
-0.711055678997205 0.334973577177824
-0.704015523759609 0.341740870701277
-0.697045073029316 0.348247332545036
-0.690143636662689 0.354509941744458
-0.6833105313491969 0.360543976476746
-0.6765450805437589 0.366363097697788
-0.669846614399762 0.371979737150166
-0.663214469702734 0.377405553898502
-0.656647989804688 0.382650348953904
-0.650146524559097 0.387724152252045
-0.643709430256531 0.392635568678535
-0.637336069560922 0.397392671396677
-0.631025811446457 0.402002942191897
-0.624778031135106 0.406473412725834
-0.618592110034759 0.410810356585076
-0.612467435677979 0.415019858827134
-0.606403401661365 0.419107502240049
-0.60039940758551 0.423078545559406
-0.5944548589955549 0.426938044351269
-0.588569167322331 0.43069000924164
-0.582741749824091 0.434339385454781
-0.576972029528803 0.437889904498388
-0.571259435177032 0.441345521994643
-0.565603401165378 0.444709804472025
-0.560003367490474 0.447986037391876
-0.554458779693538 0.451177588424708
-0.548969088805484 0.454287388219552
-0.543533751292558 0.457318313676058
-0.538152229002533 0.460273079160105
-0.532823989111418 0.46315433303167
-0.527548504070711 0.465964514849288
-0.52232525155516 0.46870589146599
-0.517153714411049 0.471380743991713
-0.512033380604999 0.473991136934297
-0.506963743173267 0.476539125586751
-0.501944300171551 0.479026588714546
-0.496974554625298 0.48145536680424
-0.492054014480493 0.483827297172749
-0.487182192554944 0.486143855371665
-0.482358606490043 0.488406731391486
-0.477582778703013 0.490617456072987
-0.472854236339617 0.492777393199507
-0.468172511227344 0.494888168399052
-0.463537139829053 0.496950915377278
-0.458947663197082 0.498967074552008
-0.454403626927804 0.500937745341914
-0.449904581116638 0.502864199492872
-0.445450080313503 0.50474755747311
-0.441039683478716 0.506588911624205
-0.436672953939322 0.508389312215034
-0.432349459345864 0.510149889919256
-0.428068771629568 0.511871505395874
-0.423830466959968 0.513555152193701
-0.419634125702939 0.5152017691821
-0.415479332379147 0.516812241985379
-0.411365675622918 0.518387444431284
-0.407292748141503 0.519928215699105
-0.403260146674756 0.521435377137143
-0.399267471955204 0.522909696147002
-0.395314328668518 0.524351971622992
-0.391400325414375 0.525762946216633
-0.387525074667698 0.527143347260308
-0.383688192740295 0.52849388535701
-0.379889299742866 0.529815262215406
-0.376128019547392 0.531108126889347
-0.372403979749893 0.532373160862795
-0.368716811633558 0.533611018254336
-0.365066150132235 0.53482231702755
-0.361451633794292 0.536007672706562
-0.357872904746824 0.537167679665176
-0.354329608660222 0.538302923724458
-0.350821394713091 0.53941401613595
-0.347347915557516 0.540501470748171
-0.343908827284669 0.541565854747766
-0.340503789390762 0.542607711569466
-0.337132464743328 0.543627556744653
-0.33379451954785 0.544625904893442
-0.330489623314703 0.545603275050461
-0.327217448826438 0.546560132950091
-0.323977672105385 0.547496963378895
-0.320769972381569 0.548414244221726
-0.317594032060959 0.549312414904318
-0.314449536694019 0.550191921667564
-0.311336174944573 0.551053214781613
-0.308253638558984 0.551896693957932
-0.305201622335627 0.552722788346155
-0.30217982409468 0.553531879699914
-0.299187944648198 0.55432436631736
-0.296225687770494 0.555100624100821
-0.293292760168805 0.555861019834861
-0.290388871454263 0.556605887444378
-0.287513734113132 0.557335622611745
-0.284667063478348 0.558050527548201
-0.281848577701335 0.558750930619256
-0.279057997724094 0.559437157378009
-0.276295047251578 0.560109497937454
-0.273559452724335 0.56076825652276
-0.27085094329142 0.56141371548073
-0.268169250783585 0.562046153596506
-0.265514109686717 0.562665835826061
-0.262885257115562 0.563273031179311
-0.260282432787685 0.5638679823963
-0.257705378997708 0.564450934714042
-0.25515384059179 0.565022131178916
-0.252627564942366 0.565581794277333
-0.250126301923135 0.566130143920288
-0.247649803884292 0.566667409367227
-0.245197825628012 0.567193788540454
-0.24277012438417 0.567709491675462
-0.240366459786307 0.568214714360314
-0.237986593847829 0.56870966733332
-0.235630290938444 0.5691945126053
-0.233297317760836 0.569669447719506
-0.23098744332756 0.570134658911764
-0.228700438938179 0.570590318875795
-0.226436078156613 0.57103660482326
-0.224194136788725 0.571473689439395
-0.221974392860124 0.571901741892279
-0.219776626594182 0.572320929580358
-0.217600620390279 0.572731417420034
-0.215446158802257 0.573133372275796
-0.213313028517086 0.573526956927283
-0.211201018333748 0.573912336142907
-0.209109919142325 0.574289676113706
-0.207039523903292 0.574659164464957
-0.204989627627022 0.575020895909478
-0.202960027353487 0.575375308371888
-0.200950522132166 0.575723378439997
-0.198960913002144 0.576059997680462
-0.19699100297242 0.57638981436541
-0.195040597002396 0.57671413310233
-0.19310950198257 0.577031555907315
-0.191197526715416 0.577342365754199
-0.189304481896452 0.577646617450166
-0.187430180095497 0.577944433873203
-0.185574435738115 0.578235943889419
-0.183737065087243 0.578521269847878
-0.181917886224993 0.578800547332168
-0.180116719034647 0.579073897510203
-0.178333385182818 0.579341449867995
-0.1765677081018 0.579603325503503
-0.17481951297208 0.57985964698535
-0.173088626705029 0.580110534640105
-0.171374877925772 0.580356102376452
-0.169678096956209 0.580596468711818
-0.167998115798227 0.580831738594503
-0.166334768117057 0.581062026680872
-0.164687889224809 0.581287431335049
-0.163057316064167 0.581508057570704
-0.161442887192244 0.581724000225644
-0.159844442764598 0.581935355738109
-0.158261824519404 0.582142214437771
-0.156694875761787 0.582344663393327
-0.155143441348303 0.582542785325543
-0.153607367671588 0.582736662184759
-0.152086502645136 0.582926366885924
-0.150580695688254 0.583111972883866
-0.149089797711142 0.583293549669239
-0.147613661100141 0.583471160896166
-0.14615213970311 0.583644868708796
-0.14470508881496 0.583814730348603
-0.143272365163327 0.58398080768418
-0.141853826894383 0.584143130652482
-0.140449333558795 0.584301766676919
-0.139058746097817 0.584456749255064
-0.137681926829522 0.584608133086077
-0.13631873943517 0.584755937629944
-0.134969048945713 0.584900207110205
-0.133632721728429 0.585040970124684
-0.132309625473692 0.585178261552319
-0.130999629181873 0.585312102194342
-0.129702603150369 0.585442526973032
-0.128418418960762 0.58556952478124
-0.127146949466101 0.58569317082449
-0.125888068778317 0.585813441667987
-0.12464165225576 0.585930367476225
-0.123407576490851 0.586043963990325
-0.122185719297873 0.586154243891859
-0.120975959700864 0.586261219153703
-0.119778177921647 0.586364900804608
-0.118592255367968 0.586465301247079
-0.11741807462175 0.586562432728737
-0.116255519427476 0.586656292497375
-0.115104474680669 0.586746898614471
-0.113964826416504 0.586834282377436
-0.112836461798519 0.586918388900036
-0.111719269107444 0.586999284218975
-0.110613137730143 0.587076956988484
-0.109517958148656 0.587151413590919
-0.108433621929363 0.587222662137766
-0.10736002171224 0.587290722819168
-0.106297051200238 0.587355574454234
-0.10524460514875 0.587417249436776
-0.104202579355198 0.587475749578556
-0.103170870648711 0.587531085677465
-0.102149376879912 0.58758326225262
-0.101137996910804 0.587632294939582
-0.100136630604756 0.587678181730263
-0.0991451788165905 0.587720939652958
-0.0981635433827629 0.587760577930984
-0.0971916271116464 0.587797104844595
-0.0962293337739073 0.587830527113282
-0.0952765680929776 0.587860856904389
-0.0943332357356213 0.587888099976105
-0.0933992433025954 0.587912260716193
-0.0924744983194014 0.587933358755109
-0.0915589092271301 0.58795139472267
-0.09065238537339609 0.587966368370903
-0.08975483700336249 0.587978287490013
-0.0888661752508539 0.58798714916117
-0.0879863121295584 0.587992993583997
-0.0871151605243152 0.587995784618733
-0.0862526341824903 0.587995535012012
-0.085398647705436 0.587992238274375
-0.0845531165400356 0.587985902882316
-0.08371595697033229 0.58797651054853
-0.08288708610923989 0.587964064031579
-0.0820664218903365 0.587948554071864
-0.0812538830597391 0.587929969949216
-0.08044938916805849 0.587908296169945
-0.0796528605624342 0.587883518915645
-0.0788642183786477 0.58785562385039
-0.07808338453331461 0.587824587091393
-0.07731028171615301 0.587790388886217
-0.0765448333823297 0.587753002353336
-0.07578696374488091 0.587712398172116
-0.07503659776720881 0.587668550500748
-0.07429366115565229 0.587621423984672
-0.073558080352131 0.587570983807257
-0.0728297825268624 0.587517193820499
-0.0721086955711509 0.587460013290405
-0.0713947480902484 0.587399398999235
-0.0706878693962855 0.587335308947733
-0.0699879895012728 0.587267696640245
-0.0692950391101711 0.587196510018984
-0.0686089496140308 0.587121703457644
-0.0679296530831988 0.587043225382098
-0.06725708226059279 0.586961019728947
-0.06659117055504241 0.586875045475502
-0.0659318520346955 0.586785231608433
-0.0652790614204906 0.586691529705803
-0.0646327340796936 0.586593881636396
-0.0639928060194986 0.586492241804057
-0.0633592138806917 0.586386549224079
-0.0627318949313779 0.586276744924982
-0.0621107870607702 0.586162783302411
-0.0614958287730398 0.586044598183671
-0.0608869591812276 0.585922155605167
-0.0602841180012154 0.585795381087522
-0.0596872455457578 0.585664244182885
-0.0590962827185721 0.585528688791387
-0.0585111710084872 0.585388667558719
-0.0579318524836507 0.585244140249769
-0.0573582697857928 0.58509506371635
-0.0567903661245473 0.584941395051226
-0.056228085271829 0.584783097824673
-0.0556713715562664 0.584620136233381
-0.0551201698576895 0.584452485275447
-0.0545744256016727 0.584280092186684
-0.0540340847541314 0.584102945736865
-0.0534990938159717 0.58392102161543
-0.0529693998177938 0.583734289175398
-0.0524449503146473 0.583542720521677
-0.0519256933808389 0.583346312581724
-0.051411577604791 0.583145041757371
-0.0509025520839515 0.582938876196076
-0.0503985664197539 0.582727826331139
-0.0498995707126277 0.582511860689986
-0.0494055155570571 0.582290966737062
-0.0489163520366902 0.582065149568028
-0.0484320317194952 0.581834372251828
-0.0479525066529656 0.581598670444463
-0.0474777293593719 0.581358000231485
-0.0470076528310613 0.581112356434359
-0.0465422305258032 0.580861740554657
-0.0460814163621814 0.580606150551853
-0.0456251647150311 0.58034556135882
-0.0451734304109219 0.580079953923276
-0.044726168723685 0.579809344221284
-0.0442833353699852 0.579533706486893
-0.0438448865049358 0.579253041363905
-0.0434107787177582 0.578967316743908
-0.0429809690274834 0.578676534257128
-0.0425554148786964 0.57838067984061
-0.0421340741373232 0.578079722013927
-0.0417169050864586 0.577773647296249
-0.0413038664222363 0.577462443890874
-0.0408949172497389 0.577146079383043
-0.0404900170789494 0.576824531574586
-0.0400891258207419 0.576497776928647
-0.0396922037829128 0.576165802601884
-0.0392992116662503 0.575828564253377
-0.0389101105606439 0.5754860430522
-0.0385248619412316 0.575138209948477
-0.0381434276645857 0.574785018229566
-0.0377657699649363 0.57442647645228
-0.037391851450432 0.574062517347358
-0.0370216350994376 0.57369314908811
-0.036655084256869 0.573318275159458
-0.0362921626305633 0.572937939636769
-0.0359328342876865 0.572552062586471
-0.0355770636511747 0.572160637224602
-0.0352248154962126 0.571763573743675
-0.0348760549467451 0.571361094501644
-0.0345307474720249 0.570952868508171
-0.0341888588831929 0.570539036303747
-0.033850355329894 0.570119489790842
-0.0335152032969248 0.569694291501612
-0.0331833696009156 0.569263422273589
-0.0328548213870451 0.568826813183862
-0.0325295261257873 0.568384512386573
-0.0322074516096904 0.567936497882503
-0.0318885659501885 0.567482771945156
-0.031572837574444 0.567023346849851
-0.0312602352222218 0.566558186489588
-0.0309507279427939 0.566087367202754
-0.0306442850918751 0.565610855535182
-0.0303408763285892 0.565128685569015
-0.0300404716124646 0.564640874106687
-0.02974304120046 0.564147447144102
-0.0294485556440198 0.563648434895083
-0.0291569857861582 0.563143860913832
-0.0288683027585725 0.562633767101951
-0.0285824779787846 0.562118198501804
-0.0282994831473115 0.561597168130297
-0.0280192902448629 0.56107077273387
-0.0277418715295672 0.56053901344074
-0.027467199534225 0.560001938940801
-0.0271952470635891 0.559459584221391
-0.0269259871916724 0.558912054873916
-0.0266593932590815 0.558359382468916
-0.0263954388703778 0.55780158179358
-0.0261340978914631 0.557238753710149
-0.0258753444469932 0.556670917551477
-0.025619152917815 0.556098165579712
-0.0253654979384307 0.555520436979812
-0.0251143543944859 0.554938011202215
-0.024865697420283 0.554350780314006
-0.0246195023963198 0.553758788065153
-0.0243757449468513 0.553162146341447
-0.0241344009374766 0.552560896136519
-0.0238954464727491 0.551955068156842
-0.023658857893811 0.551344723944747
-0.0234246117760505 0.550729910328517
-0.0231926849267826 0.550110691669361
-0.0229630543829531 0.549487085776043
-0.0227356974088645 0.548859152064277
-0.0225105914939252 0.54822692464548
-0.022287714350421 0.547590446167093
-0.0220670439113079 0.546949765348441
-0.0218485583280276 0.546304920931604
-0.0216322359683442 0.54565594146822
-0.0214180554142022 0.545002868047317
-0.0212059954596061 0.544345750638078
-0.0209960351085209 0.543684593356324
-0.020788153572793 0.543019466149964
-0.0205823302700921 0.542350390936559
-0.0203785448218733 0.541677392045831
-0.0201767770513597 0.541000532314088
-0.0199770069815443 0.540319806275144
-0.0197792148332122 0.539635325437175
-0.0195833810229823 0.538947042959254
-0.0193894861613687 0.538255036807888
-0.0191975110508601 0.537559331530669
-0.0190074366840199 0.536859982651513
-0.0188192442416038 0.53615702304567
-0.0186329150906968 0.535450507929094
-0.0184484307828682 0.534740473015432
-0.0182657730523447 0.534026944691964
-0.0180849238142027 0.533310032985635
-0.0179058651625769 0.53258973595775
-0.017728579368888 0.53186611928617
-0.0175530488800872 0.531139214992463
-0.017379256316918 0.530409167822254
-0.017207184472196 0.529675944117536
-0.017036816309105 0.52893963840164
-0.0168681349595099 0.52820031554804
-0.016701123722287 0.527458037899979
-0.0165357660616703 0.526712885925762
-0.0163720456056142 0.525964913847509
-0.0162099461441724 0.525214201031938
-0.0160494516278935 0.524460819495635
-0.0158905461662312 0.523704841337334
-0.0157332140259715 0.522946334330327
-0.0155774396296747 0.522185415049054
-0.0154232075541334 0.521422113337988
-0.0152705025288449 0.520656549480164
-0.0151193094344999 0.519888797815614
-0.0149696133014851 0.519118904698303
-0.0148213993084011 0.518346969768112
-0.0146746527805951 0.517573109997347
-0.014529359188708 0.516797354067286
-0.0143855041472357 0.516019841922951
-0.0142430734131046 0.515240629490096
-0.014102052884262 0.514459796872816
-0.0139624285982792 0.513677433695451
-0.0138241867309695 0.512893619013062
-0.0136873135950193 0.512108403782392
-0.013551795638633 0.511321972158684
-0.0134176194441911 0.510534331249734
-0.0132847717269219 0.509745543259052
-0.013153239333586 0.508955739711448
-0.0130230092411743 0.508164978117476
-0.0128940685556181 0.507373341930361
-0.012766404510513 0.506580895232882
-0.0126400044658544 0.505787745470456
-0.0125148559067866 0.504993954186057
-0.0123909464423629 0.504199604059697
-0.0122682638043197 0.503404766128235
-0.0121467958458611 0.502609513746443
-0.0120265305404566 0.501813934804718
-0.0119074559806501 0.501018076217676
-0.0117895603768812 0.500222038395764
-0.0116728320563181 0.499425886057953
-0.0115572594617011 0.498629688887444
-0.0114428311501991 0.497833524586338
-0.0113295357922763 0.497037424661994
-0.0112173621705706 0.496241522755246
-0.0111062991787828 0.495445840689779
-0.010996335820577 0.494650462488781
-0.0108874612084921 0.493855468808726
-0.0107796645628634 0.493060899794934
-0.0106729352107559 0.492266835620205
-0.0105672625849068 0.491473338951144
-0.01046263622268 0.490680481813468
-0.0103590457650297 0.489888323592753
-0.010256480955475 0.48909693119903
-0.0101549316390841 0.488306369635817
-0.0100543877614694 0.487516700286695
-0.00995483936779152 0.486727985967795
-0.009856276601773781 0.485940280220153
-0.009758689704726511 0.485153663572826
-0.00966206901458071 0.484368181086549
-0.009566404964931391 0.483583907959378
-0.00947168808409049 0.482800888846895
-0.009377908994149 0.482019194644364
-0.00928505841004851 0.48123886358614
-0.00919312713866189 0.480459992717209
-0.00910210607788306 0.479682603513803
-0.0090119862157258 0.478906766553542
-0.008922758629431491 0.478132535916835
-0.008834414484585631 0.477359964430978
-0.008746945034243199 0.476589114874886
-0.008660341618062581 0.475820031207506
-0.0085745956614481 0.475052764353621
-0.00848969867470108 0.474287376621674
-0.008405642252179289 0.473523904120186
-0.00832241807146464 0.472762399881857
-0.00824001789253925 0.472002929770232
-0.00815843355696956 0.471245517437984
-0.00807765698709857 0.47049022689328
-0.00799768018524611 0.469737089127377
-0.00791849523291694 0.468986160976073
-0.00784009429001677 0.468237486417705
-0.00776246959407601 0.467491086580777
-0.0076856134594812 0.466747026508281
-0.00760951827671406 0.466005334667153
-0.00753417651159808 0.465266045076702
-0.00745958070455255 0.464529205712923
-0.00738572346985401 0.463794848578512
-0.00731259749490496 0.463062999493249
-0.00724019553950986 0.462333715543218
-0.00716851043515828 0.461607005193423
-0.00709753508431513 0.46088291270668
-0.00702726245971795 0.460161476157674
-0.00695768560368114 0.459442704663294
-0.00688879762740707 0.458726633676259
-0.00682059171030403 0.458013293233591
-0.00675306109931092 0.457302719483928
-0.00668619910822863 0.456594919283364
-0.00661999911705805 0.455889937909358
-0.0065544545713446 0.455187775589347
-0.00648955898152931 0.454488468286903
-0.00642530592230625 0.453792035626208
-0.00636168903198638 0.453098496237634
-0.00629870201186771 0.452407869337628
-0.00623633862561159 0.451720171409658
-0.00617459269862534 0.451035424513006
-0.00611345811745083 0.450353643344003
-0.00605292882915924 0.449674842175935
-0.00599299884075172 0.448999036200826
-0.00593366221856606 0.44832625738068
-0.00587491308768917 0.447656494264954
-0.00581674563137541 0.446989766177223
-0.0057591540904707 0.446326091525193
-0.00570213276284228 0.44566547869736
-0.00564567600281414 0.445007938936364
-0.00558977822060806 0.444353484894093
-0.00553443388179016 0.443702125233316
-0.00547963750672293 0.443053866703906
-0.0054253836700227 0.442408720587149
-0.00537166700002248 0.441766695984217
-0.00531848217824008 0.44112779919566
-0.00526582393885156 0.440492038136777
-0.00521368706816986 0.439859432508674
-0.00516206640412858 0.439229950120048
-0.00511095683577087 0.438603634208576
-0.00506035330274343 0.437980478679549
-0.00501025079479548 0.437360494337706
-0.00496064435128265 0.436743670943651
-0.00491152906067589 0.436130032621125
-0.00486290006007514 0.435519568254398
-0.00481475253472786 0.434912278316445
-0.00476708171755234 0.434308194536812
-0.00471988288866568 0.433707284893856
-0.00467315137491651 0.433109567644221
-0.00462688254942229 0.432515007345205
-0.00458107183111118 0.431923690024231
-0.00453571468426849 0.431335561846091
-0.00449080661808762 0.430750631070646
-0.00444634318622536 0.430168879616243
-0.00440231998636175 0.429590352827917
-0.00435873265976411 0.429015027511634
-0.00431557689085555 0.428442904223534
-0.00427284840678767 0.427873983523795
-0.0042305429770175 0.427308272726759
-0.00418865641288861 0.426745756956459
-0.00414718456721645 0.426186469637862
-0.00410612333387767 0.425630368671311
-0.00406546864740364 0.425077517258786
-0.00402521648257786 0.424527803208583
-0.00398536285403748 0.423981291523493
-0.0039459038158787 0.423437984169987
-0.00390683546126603 0.422897871176131
-0.00386815392204558 0.422360950896167
-0.00382985536836196 0.421827221706413
-0.00379193600827917 0.42129668011167
-0.00375439208740512 0.42076932498605
-0.00371721988851992 0.420245154485951
-0.00368041573120784 0.419724159833743
-0.00364397597149291 0.419206341726519
-0.00360789700147813 0.418691696039687
-0.00357217524898825 0.418180219338777
-0.00353680717721609 0.417671907280503
-0.00350178928437236 0.417166755944195
-0.00346711810333897 0.416664760661561
-0.00343279020132572 0.41616591666975
-0.00339880217953041 0.415670220007651
-0.00336515067280239 0.41517766739436
-0.00333183234930929 0.414688249905043
-0.00329884391020722 0.41420196386318
-0.00326618208931408 0.413718803786397
-0.00323384365278622 0.413238762977748
-0.00320182539879824 0.412761837384128
-0.00317012415722598 0.412288020131247
-0.00313873678933265 0.411817305460671
-0.00310766018745807 0.411349683601684
-0.00307689127471096 0.410885151094777
-0.00304642700466432 0.410423701090871
-0.00301626436105378 0.409965327683461
-0.00298640035747899 0.409510021458654
-0.00295683203710791 0.40905777176469
-0.00292755647238407 0.408608580535655
-0.0028985707647367 0.408162421139338
-0.00286987204429376 0.4077193220991
-0.00284145746959779 0.407279230868342
-0.00281332422732454 0.406842174204996
-0.0027854695320045 0.406408128962177
-0.00275789062574703 0.405977084499814
-0.00273058477796735 0.405549035019631
-0.00270354928511619 0.405123971415003
-0.00267678147041207 0.404701886256558
-0.00265027868357631 0.404282771250209
-0.0026240383005706 0.403866610990945
-0.00259805772333723 0.403453401311621
-0.00257233437954181 0.403043130302498
-0.00254686572231862 0.402635787363723
-0.00252164923001844 0.402231366116036
-0.00249668240595885 0.40182985440003
-0.00247196277817708 0.40143124229908
-0.00244748789918523 0.401035519050608
-0.00242325534572795 0.400642674373781
-0.00239926271854252 0.400252697806169
-0.00237550764212131 0.399865578252145
-0.00235198776447654 0.39948130522744
-0.00232870075690747 0.399099867352171
-0.00230564431376977 0.39872125376504
-0.0022828161522473 0.398345452985453
-0.00226021401212604 0.397972453795444
-0.00223783565557034 0.397602244733735
-0.00221567886690132 0.397234814030691
-0.00219374145237755 0.396870150058587
-0.00217202123997777 0.396508240904498
-0.00215051607918591 0.396149074161098
-0.00212922384077813 0.395792638959121
-0.00210814241661201 0.395438923222636
-0.00208726971941783 0.395087914344301
-0.00206660368259191 0.39473960419776
-0.00204614225999199 0.394393963071522
-0.00202588342573464 0.394050993282236
-0.0020058251739947 0.393710675905093
-0.00198596551880663 0.393373020509397
-0.00196630249386795 0.39303798568609
-0.00194683415234451 0.392705568308588
-0.00192755856667773 0.392375755749689
-0.00190847382839379 0.392048540472049
-0.00188957804791465 0.391723904088739
-0.00187086935437094 0.391401832088503
-0.00185234589541677 0.391082310275204
-0.0018340058370463 0.390765332850875
-0.00181584736341218 0.390450879743652
-0.00179786867664573 0.390138939387676
-0.00178006799667894 0.38982949835993
-0.00176244356106825 0.389522543383459
-0.00174499362482005 0.389218060762508
-0.00172771646021787 0.388916036943599
-0.00171061035665136 0.3886164582422
-0.00169367362044689 0.388319310894055
-0.00167690457469989 0.388024581269829
-0.00166030155910881 0.387732255578004
-0.0016438629298107 0.387442319968965
-0.00162758705921851 0.387154760594088
-0.00161147233585991 0.386869563571607
-0.00159551716421774 0.386586714989268
-0.00157971996457202 0.386306200914158
-0.00156407917284358 0.386028007374799
-0.00154859324043919 0.385752120392698
-0.00153326063409821 0.385478525879851
-0.0015180798357408 0.385207209969702
-0.00150304934231762 0.384938158598303
-0.00148816766566101 0.384671357688858
-0.00147343333233764 0.384406791483038
-0.00145884488350261 0.384144450389228
-0.00144440087475506 0.38388431503056
-0.00143009987599511 0.383626374801202
-0.00141594047128228 0.383370615533612
-0.00140192125869533 0.383117021538177
-0.0013880408501934 0.382865579514808
-0.00137429787147861 0.382616275241398
-0.00136069096186001 0.382369094647755
-0.00134721877411882 0.382124023680441
-0.00133387997437507 0.38188104826414
-0.00132067324195552 0.381640154323771
-0.00130759726926289 0.381401327752226
-0.00129465076164642 0.381164554352709
-0.00128183243727369 0.380929818975196
-0.00126914102700365 0.38069711263334
-0.00125657527426104 0.380466419206032
-0.00124413393491192 0.380237718294991
-0.00123181577714052 0.380011004895591
-0.00121961958132724 0.3797862599486
-0.00120754413992796 0.379563470759208
-0.00119558825735442 0.379342623605008
-0.00118375074985586 0.379123704707646
-0.00117203044540184 0.378906700300065
-0.00116042618356618 0.378691596639961
-0.00114893681541206 0.37847838002305
-0.00113756120337828 0.378267036773599
-0.00112629822116661 0.378057553254724
-0.00111514675363031 0.377849915867768
-0.00110410569666367 0.377644111053641
-0.00109317395709274 0.377440125294932
-0.00108235045256707 0.377237945116391
-0.00107163411145255 0.377037557211236
-0.00106102387272529 0.37683894782388
-0.00105051868586663 0.376642103992696
-0.00104011751075904 0.376447012321566
-0.00102981931758321 0.376253659913113
-0.00101962308671605 0.376062027141297
-0.00100952780862975 0.375872112106358
-0.00099953248379183 0.375683896753827
-0.0009896361225661681 0.375497367708191
-0.000979837745115018 0.375312512228738
-0.000970136381301998 0.375129317052873
-0.000960531070596037 0.374947768528051
-0.000951020861976275 0.374767855734474
-0.000941604813837896 0.374589564757304
-0.0009322819938989071 0.3744128831194
-0.000923051479107828 0.374237798033665
-0.000913912355552305 0.374064296897723
-0.000904863718368619 0.373892367168959
-0.000895904671652098 0.373721996362605
-0.000887034328368414 0.373553172056333
-0.000878251810265756 0.373385881887671
-0.000869556247787878 0.373220113555538
-0.000860946779987997 0.373055854821057
-0.0008524225544435619 0.372893093507959
-0.000843982727171843 0.372731817503087
-0.00083562646254638 0.372572014756897
-0.000827352933214237 0.372413673283806
-0.000819161320014096 0.372256781163006
-0.000811050811895145 0.372101326536837
-0.000803020605836777 0.371947297617181
-0.000795069906769086 0.371794682677538
-0.000787197927494145 0.371643470058567
-0.000779403888608064 0.371493648167278
-0.000771687018423826 0.371345205476438
-0.000764046552894877 0.371198130525856
-0.000756481735539482 0.37105241192167
-0.000748991817365824 0.370908038336445
-0.000741576056797845 0.370764998505174
-0.000734233719601827 0.370623281238828
-0.00072696407881369 0.370482875402564
-0.00071976641466702 0.370343769926921
-0.000712640014521802 0.370205956376054
-0.000705584172793863 0.370069419322843
-0.000698598190885013 0.369934149965456
-0.000691681377113875 0.369800137526017
-0.0006848330466474 0.369667371291203
-0.00067805252143307 0.369535840604063
-0.000671339130131752 0.369405534827202
-0.00066469220805124 0.369276443018483
-0.000658111097080435 0.369148563628066
-0.0006515951456241939 0.36902186583143
-0.000645143708538805 0.368896354754515
-0.000638756147068124 0.368772018390374
-0.000632431828780321 0.368648844160321
-0.000626170127505268 0.368526831465074
-0.000619970423272543 0.368405947454228
-0.000613832102250043 0.368286203754265
-0.00060775455668321 0.368167582284723
-0.000601737184834862 0.368050078362755
-0.000595779390925606 0.367933673867107
-0.000589880585074857 0.367818363408861
-0.000584040183242433 0.367704137380184
-0.000578257607170726 0.367590986245201
-0.000572532284327451 0.36747890053906
-0.000566863647848961 0.367367870866745
-0.00056125113648412 0.367257887902999
-0.000555694194538733 0.367148942391768
-0.000550192271820528 0.367041025145399
-0.000544744823584681 0.3669341270447
-0.000539351310479882 0.366828239038789
-0.000534011198494933 0.366723352143413
-0.000528723958905874 0.366619457443061
-0.0005234890682236369 0.36651654608874
-0.000518306008142215 0.366414609299301
-0.000513174265487342 0.366313638359518
-0.000508093332165685 0.3662136246208
-0.00050306270511454 0.366114559500952
-0.0004980818862520199 0.366016434483665
-0.000493150382427742 0.365919241118496
-0.000488267705374002 0.365822971016648
-0.000483433371657428 0.365727615865803
-0.000478646902631117 0.365633167407125
-0.000473907824387244 0.365539617450324
-0.000469215667710143 0.365446957869478
-0.000464569968029844 0.365355180602755
-0.000459970265376083 0.36526427765213
-0.000455416104332756 0.365174241083084
-0.000450907033992828 0.365085063024311
-0.000446442607913691 0.364996735328958
-0.000442022384072961 0.364909250955361
-0.000437645924824714 0.364822601862985
-0.000433312796856152 0.364736780412395
-0.000429022571144705 0.364651779053244
-0.00042477482291555 0.364567590286611
-0.000420569131599554 0.364484206675781
-0.000416405080791638 0.364401625659059
-0.000412282258209542 0.364319830289077
-0.000408200255653012 0.364238818125756
-0.000404158668963379 0.364158581972388
-0.000400157097983543 0.364079114692144
-0.00039619514651836 0.364000409207108
-0.000392272422295405 0.363922458498094
-0.000388388536926144 0.363845255604314
-0.000384543105867469 0.363768793623034
-0.000380735748383633 0.363693065709239
-0.000376966087508547 0.363618065075288
-0.000373233750008463 0.36354378499056
-0.000369538366345013 0.363470218781118
-0.000365879570638626 0.363397359829347
-0.000362257000632303 0.363325201573616
-0.000358670297655746 0.363253737507906
-0.000355119106589847 0.363182961181491
-0.000351603075831532 0.363112866198487
-0.000348121857258943 0.363043446217546
-0.000344675106196973 0.36297469495123
-0.000341262481383142 0.362906606165728
-0.000337883644933803 0.362839173678945
-0.000334538262310697 0.362772391354777
-0.000331226002287818 0.362706252764006
-0.000327946536918632 0.362640752420483
-0.000324699541503596 0.36257588427223
-0.000321484694558016 0.362511642487216
-0.000318301677780214 0.362448020940708
-0.000315150176020014 0.362385013910053
-0.000312029877247538 0.362322615628818
-0.000308940472522315 0.362260820382178
-0.000305881655962688 0.362199622505655
-0.000302853124715533 0.362139016384577
-0.00029985457892627 0.362078996453441
-0.000296885721709178 0.362019557196072
-0.000293946259117998 0.361960693144504
-0.00029103590011683 0.36190239887901
-0.000288154356551317 0.361844669027735
-0.000285301343120116 0.361787498266212
-0.000282476577346649 0.361730881317123
-0.000279679779551138 0.361674812949628
-0.000276910672822909 0.361619287979294
-0.000274168982992979 0.361564301267421
-0.00027145443860691 0.361509847720542
-0.00026876677089793 0.361455922289766
-0.000266105713760327 0.361402519969692
-0.000263471003723096 0.361349635796912
-0.000260862379923858 0.361297264847002
-0.000258279584083027 0.361245402224668
-0.000255722360478245 0.361194043041193
-0.000253190455919054 0.361143182303166
-0.000250683619721836 0.36109281395623
-0.000248201603684986 0.361042940327501
-0.000245744162064343 0.360993551559411
-0.000243311051548854 0.360944638624451
-0.000240902031236489 0.360896201807779
-0.000238516862610385 0.360848236165459
-0.000236155309515233 0.360800737106009
-0.000233817138133894 0.360753700144902
-0.000231502116964252 0.36070712085927
-0.000229210016796289 0.360660994874688
-0.000226940610689395 0.360615317860385
-0.000224693673949896 0.360570086014945
-0.000222468984108808 0.360525294071533
-0.00022026632089981 0.360480938357015
-0.000218085466237435 0.360437014699264
-0.000215926204195481 0.360393518964814
-0.000213788320985624 0.360350447058592
-0.000211671604936262 0.360307794923431
-0.000209575846471546 0.360265558539631
-0.00020750083809064 0.360223733924593
-0.000205446374347168 0.360182317132482
-0.000203412251828879 0.360141304253879
-0.000201398269137504 0.360100691415474
-0.000199404226868816 0.36006047477972
-0.000197429927592887 0.360020650544557
-0.000195475175834542 0.359981214943088
-0.000193539778054002 0.359942164243279
-0.000191623542627725 0.35990349474766
-0.00018972627982943 0.359865202793035
-0.000187847801811317 0.359827284750182
-0.000185987922585462 0.359789737023573
-0.000184146458005408 0.359752556051074
-0.000182323225747929 0.359715738303665
-0.000180518045294979 0.359679280285163
-0.000178730737915821 0.359643178531922
-0.000176961126649328 0.359607429612579
-0.000175209036286463 0.35957203012775
-0.000173474293352934 0.359536976709775
-0.000171756726092014 0.359502266022437
-0.000170056164447538 0.359467894760685
-0.000168372440047068 0.359433859650372
-0.000166705386185215 0.359400157447982
-0.000165054837807144 0.359366784940371
-0.000163420631492222 0.359333738944485
-0.000161802605437843 0.35930101630713
-0.000160200599443409 0.359268613904672
-0.000158614454894465 0.359236528642812
-0.000157044014746995 0.359204757456312
-0.000155489123511876 0.359173297308737
-0.000153949627239481 0.359142145192214
-0.000152425373504437 0.359111298127178
-0.000150916211390531 0.359080753162147
-0.000149421991475774 0.359050507373317
-0.000147942565817598 0.359020557864642
-0.000146477787938216 0.358990901767261
-0.000145027512810114 0.358961536239445
-0.000143591596841697 0.358932458466274
-0.000142169897863067 0.358903665659419
-0.000140762275111947 0.358875155056921
-0.00013936858921975 0.358846923922965
-0.000137988702197772 0.358818969546728
-0.000136622477423537 0.358791289245727
-0.000135269779627264 0.358763880360188
-0.000133930474878479 0.358736740256493
-0.000132604430572752 0.358709866325982
-0.000131291515418566 0.358683255984714
-0.000129991599424323 0.358656906673355
-0.000128704553885468 0.358630815856804
-0.000127430251371751 0.358604981024228
-0.000126168565714605 0.358579399688817
-0.000124919371994658 0.358554069389701
-0.000123682546529364 0.358528987666425
-0.000122457966860757 0.358504152137801
-0.000121245511743324 0.358479560387854
-0.000120045061132003 0.358455210049022
-0.0001188564961703 0.358431098773304
-0.000117679699178515 0.35840722423483
-0.000116514553642094 0.358383584129881
-0.000115360944200093 0.358360176176667
-0.000114218756633756 0.35833699811523
-0.000113087877855204 0.358314047707172
-0.000111968195896241 0.358291322735469
-0.000110859599897269 0.358268821004318
-0.000109761980096306 0.358246540338912
-0.000108675227818124 0.35822447858525
-0.00010759923546349 0.358202633609947
-0.000106533896498505 0.358181003300041
-0.000105479105444064 0.358159585562835
-0.00010443475786541 0.358138378325661
-0.000103400750361792 0.358117379535735
-0.00010237698055623 0.358096587159949
-0.000101363347085376 0.358075999184719
-0.000100359749589481 0.358055613615756
-9.93660887024564e-05 0.358035428477946
-9.838226604203611e-05 0.358015441815123
-9.74081842000357e-05 0.357995651689928
-9.64437467327086e-05 0.35797605618361
-9.548885815119661e-05 0.357956653395861
-9.45434239120759e-05 0.357937441444663
-9.36073504079959e-05 0.357918418466092
-9.26805449584118e-05 0.357899582614157
-9.17629158004077e-05 0.357880932060651
-9.08543720796116e-05 0.357862464994951
-8.995482384119961e-05 0.35784417962389
-8.90641820209897e-05 0.357826074171572
-8.81823584366235e-05 0.357808146879213
-8.730926577883521e-05 0.357790396004992
-8.64448176028071e-05 0.35777281982388
-8.5588928319611e-05 0.357755416627493
-8.474151318773359e-05 0.357738184723926
-8.39024883046868e-05 0.357721122437606
-8.307177059869981e-05 0.357704228109143
-8.22492778204948e-05 0.357687500095164
-8.143492853514339e-05 0.357670936768173
-8.062864211400339e-05 0.357654536516402
-7.9830338726736e-05 0.357638297743665
-7.9039939333402e-05 0.357622218869142
-7.82573656766356e-05 0.357606298327526
-7.74825402738966e-05 0.357590534568319
-7.671538640979859e-05 0.357574926056254
-7.59558281285135e-05 0.357559471270853
-7.5203790226251e-05 0.357544168706367
-7.44591982438129e-05 0.357529016871614
-7.37219784592207e-05 0.357514014289872
-7.299205788041651e-05 0.357499159498705
-7.22693642380361e-05 0.357484451049863
-7.155382597825361e-05 0.357469887509125
-7.084537225569659e-05 0.357455467456176
-7.01439329264323e-05 0.357441189484464
-6.944943854102211e-05 0.35742705220109
-6.876182033764561e-05 0.357413054226667
-6.80810102352927e-05 0.357399194195185
-6.74069408270225e-05 0.35738547075389
-6.673954537328961e-05 0.357371882563168
-6.607875779533621e-05 0.357358428296404
-6.54245126686497e-05 0.357345106639869
-6.477674521648491e-05 0.357331916292597
-6.41353913034504e-05 0.357318855966254
-6.350038742915879e-05 0.357305924385031
-6.28716707219394e-05 0.357293120285528
-6.22491789326132e-05 0.357280442416605
-6.16328504283299e-05 0.357267889539296
-6.10226241864653e-05 0.357255460426693
-6.04184397885795e-05 0.357243153863811
-5.98202374144351e-05 0.357230968647493
-5.92279578360744e-05 0.357218903586286
-5.86415424119548e-05 0.35720695750033
-5.80609330811434e-05 0.357195129221332
-5.74860723575677e-05 0.357183417592141
-5.69169033243245e-05 0.357171821467094
-5.6353369628044e-05 0.357160339711629
-5.57954154733109e-05 0.357148971202225
-5.52429856171395e-05 0.357137714826304
-5.46960253635045e-05 0.357126569482129
-5.41544805579252e-05 0.357115534078722
-5.36182975821042e-05 0.357104607535702
-5.3087423348618e-05 0.357093788783254
-5.25618052956614e-05 0.357083076761985
-5.2041391381843e-05 0.357072470422818
-5.15261300810327e-05 0.357061968726944
-5.10159703772601e-05 0.357051570645647
-5.05108617596634e-05 0.357041275160254
-5.00107542174885e-05 0.3570310812621
-4.95155982351372e-05 0.35702098795226
-4.90253447872645e-05 0.357010994241641
-4.85399453339253e-05 0.357001099150747
-4.80593518157676e-05 0.356991301709701
-4.75835166492748e-05 0.356981600958076
-4.71123927220543e-05 0.356971995944817
-4.66459333881726e-05 0.356962485728142
-4.61840924635372e-05 0.356953069375514
-4.5726824221324e-05 0.3569437459635
-4.52740833874495e-05 0.356934514577063
-4.48258251360886e-05 0.356925374311803
-4.43820050852362e-05 0.356916324270472
-4.39425792923131e-05 0.356907363565276
-4.35075042498149e-05 0.356898491316808
-4.30767368810049e-05 0.356889706654082
-4.26502345356484e-05 0.356881008714612
-4.22279549857905e-05 0.356872396641898
-4.18098564215747e-05 0.356863869646316
-4.13958974471037e-05 0.35685542679818
-4.09860370763403e-05 0.356847067286892
-4.05802347290498e-05 0.3568387903281
-4.0178450226782e-05 0.35683059509883
-3.97806437888931e-05 0.356822480792152
-3.9386776028607e-05 0.356814446610386
-3.89968079491158e-05 0.35680649176461
-3.86107009397186e-05 0.356798615473338
-3.82284167719987e-05 0.356790816962934
-3.78499175960383e-05 0.356783095467161
-3.74751659366716e-05 0.356775450227443
-3.71041246897738e-05 0.356767880492669
-3.67367571185879e-05 0.356760385518974
-3.63730268500871e-05 0.356752964569954
-3.60128978713733e-05 0.356745616916246
-3.56563345261122e-05 0.356738341835742
-3.53033015110022e-05 0.356731138613407
-3.49537638722794e-05 0.35672400654116
-3.46076870022568e-05 0.356716944917919
-3.42650366358979e-05 0.356709953049435
-3.39257788474236e-05 0.356703030248333
-3.35898800469541e-05 0.3566961758339
-3.32573069771823e-05 0.356689389132158
-3.29280267100814e-05 0.356682669475714
-3.2602006643645e-05 0.356676016203727
-3.22792144986584e-05 0.356669428661816
-3.19596183155034e-05 0.356662906202061
-3.16431864509934e-05 0.356656448182885
-3.1329887575241e-05 0.356650053969003
-3.10196906685555e-05 0.356643722931369
-3.07125650183718e-05 0.356637454447111
-3.04084802162097e-05 0.356631247899484
-3.0107406154663e-05 0.356625102677764
-2.98093130244188e-05 0.356619018177262
-2.95141713113058e-05 0.3566129937992
-2.92219517933721e-05 0.356607028950693
-2.89326255379921e-05 0.35660112304468
-2.86461638990021e-05 0.356595275499855
-2.83625385138635e-05 0.356589485740639
-2.80817213008549e-05 0.356583753197074
-2.7803684456292e-05 0.356578077304845
-2.75284004517743e-05 0.356572457505159
-2.72558420314597e-05 0.356566893244699
-2.6985982209366e-05 0.35656138397562
-2.6718794266699e-05 0.356555929155432
-2.64542517492069e-05 0.356550528246988
-2.61923284645613e-05 0.356545180718421
-2.59329984797637e-05 0.356539886043089
-2.56762361185779e-05 0.356534643699532
-2.5422015958988e-05 0.356529453171406
-2.51703128306812e-05 0.356524313947452
-2.49211018125557e-05 0.356519225521426
-2.46743582302531e-05 0.356514187392101
-2.4430057653716e-05 0.356509199063133
-2.41881758947683e-05 0.356504260043066
-2.39486890047211e-05 0.35649936984529
-2.37115732720011e-05 0.356494527988008
-2.3476805219803e-05 0.356489733994107
-2.32443616037654e-05 0.356484987391194
-2.30142194096687e-05 0.356480287711519
-2.27863558511571e-05 0.35647563449197
-2.25607483674823e-05 0.356471027273939
-2.23373746212696e-05 0.35646646560335
-2.21162124963065e-05 0.356461949030561
-2.1897240095353e-05 0.356457477110469
-2.16804357379733e-05 0.356453049402224
-2.14657779583894e-05 0.356448665469374
-2.12532455033558e-05 0.356444324879749
-2.10428173300553e-05 0.356440027205592
-2.08344726040151e-05 0.356435772021035
-2.06281906970447e-05 0.356431558911872
-2.04239511851927e-05 0.356427387457895
-2.02217338467255e-05 0.356423257249433
-2.00215186601242e-05 0.356419167879021
-1.98232858021032e-05 0.3564151189434
-1.96270156456467e-05 0.356411110043447
-1.94326887580661e-05 0.356407140783725
-1.92402858990753e-05 0.35640321077279
-1.90497880188865e-05 0.356399319623064
-1.88611762563232e-05 0.356395466950759
-1.86744319369537e-05 0.356391652375863
-1.84895365712413e-05 0.356387875522153
-1.83064718527141e-05 0.356384136017053
-1.81252196561526e-05 0.356380433491695
-1.79457620357947e-05 0.356376767580836
-1.77680812235591e-05 0.356373137922828
-1.75921596272862e-05 0.356369544159593
-1.74179798289962e-05 0.35636598593656
-1.72455245831646e-05 0.356362462902685
-1.70747768150145e-05 0.356358974710371
-1.69057196188262e-05 0.35635552101543
-1.67383362562636e-05 0.35635210147708
-1.65726101547164e-05 0.356348715757908
-1.64085249056598e-05 0.356345363523806
-1.62460642630295e-05 0.356342044443976
-1.60852121416134e-05 0.356338758190857
-1.59259526154588e-05 0.356335504440154
-1.57682699162958e-05 0.356332282870738
-1.56121484319761e-05 0.356329093164653
-1.54575727049268e-05 0.356325935007085
-1.53045274306206e-05 0.356322808086323
-1.515299745606e-05 0.356319712093723
-1.50029677782772e-05 0.356316646723683
-1.48544235428487e-05 0.356313611673627
-1.47073500424245e-05 0.356310606643951
-1.45617327152718e-05 0.356307631338005
-1.44175571438334e-05 0.356304685462075
-1.42748090533004e-05 0.356301768725341
-1.41334743101984e-05 0.356298880839834
-1.39935389209886e-05 0.356296021520449
-1.38549890306817e-05 0.356293190484883
-1.37178109214671e-05 0.356290387453614
-1.35819910113535e-05 0.356287612149882
-1.34475158528253e-05 0.356284864299661
-1.33143721315102e-05 0.356282143631612
-1.31825466648616e-05 0.356279449877096
-1.3052026400853e-05 0.356276782770104
-1.29227984166862e-05 0.356274142047266
-1.27948499175111e-05 0.356271527447796
-1.26681682351595e-05 0.356268938713502
-1.25427408268906e-05 0.356266375588713
-1.24185552741491e-05 0.356263837820302
-1.22955992813357e-05 0.356261325157642
-1.21738606745898e-05 0.356258837352555
-1.2053327400584e-05 0.356256374159327
-1.19339875253307e-05 0.356253935334677
-1.18158292330007e-05 0.356251520637715
-1.16988408247531e-05 0.35624912982993
-1.15830107175774e-05 0.356246762675163
-1.14683274431459e-05 0.35624441893959
-1.13547796466791e-05 0.356242098391698
-1.12423560858209e-05 0.356239800802239
-1.11310456295256e-05 0.356237525944257
-1.10208372569561e-05 0.356235273593024
-1.09117200563922e-05 0.356233043526018
-1.08036832241506e-05 0.356230835522932
-1.06967160635155e-05 0.356228649365626
-1.05908079836787e-05 0.356226484838109
-1.04859484986918e-05 0.356224341726533
-1.03821272264275e-05 0.356222219819155
-1.0279333887552e-05 0.356220118906321
-1.01775583045069e-05 0.356218038780452
-1.00767904005019e-05 0.356215979236017
-9.977020198516739e-06 0.356213940069506
-9.878237820313601e-06 0.356211921079436
-9.780433485459009e-06 0.356209922066297
-9.68359751035546e-06 0.356207942832556
-9.587720307282629e-06 0.356205983182634
-9.492792383448151e-06 0.356204042922876
-9.39880434004767e-06 0.356202121861546
-9.30574687133433e-06 0.356200219808798
-9.21361076369735e-06 0.356198336576661
-9.12238689474986e-06 0.356196471979026
-9.0320662324256e-06 0.356194625831606
-8.942639834084751e-06 0.356192797951956
-8.85409884562847e-06 0.35619098815942
-8.76643450062225e-06 0.356189196275159
-8.679638119427971e-06 0.356187422121978
-8.593701108344519e-06 0.356185665524617
-8.508614958756951e-06 0.356183926309428
-8.42437124629401e-06 0.356182204304501
-8.34096162999407e-06 0.356180499339627
-8.25837785147928e-06 0.356178811246286
-8.1766117341379e-06 0.356177139857613
-8.09565518231475e-06 0.356175485008398
-8.01550018050966e-06 0.35617384653506
-7.93613879258382e-06 0.356172224275633
-7.85756316097408e-06 0.356170618069754
-7.77976550591493e-06 0.356169027758642
-7.702738124668249e-06 0.356167453185085
-7.62647339076064e-06 0.356165894193432
-7.55096375322836e-06 0.356164350629558
-7.47620173586966e-06 0.356162822340866
-7.40217993650461e-06 0.356161309176271
-7.32889102624219e-06 0.356159810986174
-7.25632774875465e-06 0.356158327622457
-7.18448291955906e-06 0.356156858938466
-7.113349425306e-06 0.356155404788998
-7.04292022307524e-06 0.356153965030281
-6.97318833967846e-06 0.35615253951997
-6.90414687096877e-06 0.356151128117119
-6.8357889811572e-06 0.356149730682179
-6.76810790213584e-06 0.356148347076978
-6.70109693280776e-06 0.356146977164715
-6.63474943842353e-06 0.356145620809935
-6.56905884992428e-06 0.356144277878524
-6.50401866329137e-06 0.356142948237693
-6.43962243890235e-06 0.356141631755968
-6.37586380089341e-06 0.356140328303171
-6.31273643652813e-06 0.356139037750411
-6.25023409557241e-06 0.356137759970075
-6.18835058967565e-06 0.356136494835807
-6.12707979175807e-06 0.356135242222501
-6.06641563540403e-06 0.356134002006289
-6.00635211426141e-06 0.356132774064525
-5.94688328144694e-06 0.356131558275779
-5.88800324895737e-06 0.356130354519819
-5.82970618708651e-06 0.356129162677598
-5.77198632384803e-06 0.356127982631255
-5.71483794440399e-06 0.356126814264085
-5.658255390499e-06 0.356125657460543
-5.6022330599e-06 0.356124512106221
-5.54676540584158e-06 0.356123378087847
-5.49184693647681e-06 0.356122255293268
-5.43747221433348e-06 0.356121143611433
-5.38363585577572e-06 0.356120042932401
-5.33033253047101e-06 0.356118953147307
-5.27755696086239e-06 0.356117874148367
-5.22530392164593e-06 0.356116805828863
-5.17356823925339e-06 0.356115748083133
-5.12234479133999e-06 0.356114700806556
-5.07162850627722e-06 0.356113663895548
-5.02141436265071e-06 0.356112637247549
-4.97169738876308e-06 0.356111620761013
-4.92247266214166e-06 0.356110614335397
-4.87373530905115e-06 0.356109617871155
-4.82548050401104e-06 0.356108631269722
-4.77770346931786e-06 0.356107654433509
-4.73039947457214e-06 0.356106687265892
-4.68356383621004e-06 0.356105729671203
-4.63719191703965e-06 0.356104781554718
-4.59127912578183e-06 0.356103842822654
-4.54582091661567e-06 0.356102913382151
-4.50081278872839e-06 0.356101993141268
-4.45625028586969e-06 0.356101082008977
-4.41212899591058e-06 0.356100179895143
-4.36844455040652e-06 0.35609928671053
-4.32519262416487e-06 0.35609840236678
-4.2823689348167e-06 0.356097526776411
-4.23996924239277e-06 0.356096659852803
-4.19798934890374e-06 0.356095801510197
-4.15642509792449e-06 0.356094951663679
-4.11527237418267e-06 0.356094110229175
-4.07452710315115e-06 0.356093277123445
-4.03418525064471e-06 0.356092452264068
-3.9942428224205e-06 0.356091635569444
-3.95469586378268e-06 0.356090826958773
-3.91554045919077e-06 0.356090026352062
-3.87677273187205e-06 0.356089233670101
-3.83838884343767e-06 0.35608844883447
-3.80038499350264e-06 0.356087671767521
-3.76275741930955e-06 0.356086902392376
-3.72550239535599e-06 0.356086140632916
-3.68861623302573e-06 0.356085386413776
-3.6520952802235e-06 0.356084639660336
-3.61593592101336e-06 0.356083900298713
-3.58013457526076e-06 0.356083168255757
-3.54468769827798e-06 0.35608244345904
-3.50959178047324e-06 0.356081725836849
-3.47484334700321e-06 0.356081015318184
-3.44043895742892e-06 0.356080311832746
-3.40637520537517e-06 0.356079615310931
-3.37264871819324e-06 0.35607892568382
-3.33925615662697e-06 0.356078242883185
-3.30619421448215e-06 0.356077566841461
-3.27345961829915e-06 0.356076897491761
-3.24104912702887e-06 0.356076234767854
-3.20895953171175e-06 0.35607557860417
-3.17718765516015e-06 0.35607492893578
-3.14573035164371e-06 0.356074285698404
-3.11458450657793e-06 0.356073648828392
-3.08374703621577e-06 0.356073018262731
-3.05321488734235e-06 0.356072393939025
-3.02298503697262e-06 0.356071775795496
-2.9930544920521e-06 0.356071163770981
-2.9634202891605e-06 0.356070557804918
-2.93407949421831e-06 0.356069957837348
-2.90502920219635e-06 0.356069363808901
-2.87626653682807e-06 0.356068775660799
-2.84778865032482e-06 0.356068193334841
-2.81959272309388e-06 0.356067616773402
-2.79167596345929e-06 0.356067045919432
-2.76403560738544e-06 0.356066480716442
-2.7366689182034e-06 0.356065921108502
-2.70957318634e-06 0.356065367040234
-2.68274572904951e-06 0.35606481845681
-2.65618389014803e-06 0.356064275303946
-2.62988503975052e-06 0.356063737527893
-2.60384657401042e-06 0.35606320507543
-2.5780659148618e-06 0.356062677893869
-2.55254050976416e-06 0.356062155931041
-2.52726783144966e-06 0.356061639135294
-2.50224537767293e-06 0.356061127455481
-2.4774706709633e-06 0.356060620840971
-2.4529412583795e-06 0.356060119241628
-2.42865471126683e-06 0.35605962260781
-2.40460862501667e-06 0.356059130890373
-2.38080061882838e-06 0.356058644040653
-2.35722833547365e-06 0.356058162010471
-2.33388944106302e-06 0.356057684752125
-2.31078162481487e-06 0.356057212218382
-2.2879025988266e-06 0.356056744362477
-2.26525009784812e-06 0.356056281138112
-2.24282187905755e-06 0.356055822499441
-2.22061572183915e-06 0.356055368401076
-2.19862942756352e-06 0.356054918798077
-2.17686081936982e-06 0.356054473645947
-2.15530774195032e-06 0.356054032900632
-2.13396806133695e-06 0.356053596518512
-2.11283966469005e-06 0.3560531644564
-2.09192046008916e-06 0.356052736671534
-2.0712083763259e-06 0.356052313121579
-2.05070136269891e-06 0.356051893764615
-2.0303973888108e-06 0.35605147855914
-2.01029444436713e-06 0.356051067464058
-1.99039053897736e-06 0.356050660438688
-1.97068370195778e-06 0.356050257442742
-1.95117198213641e-06 0.356049858436337
-1.93185344765982e-06 0.356049463379983
-1.9127261858018e-06 0.35604907223458
-1.89378830277406e-06 0.356048684961415
-1.87503792353867e-06 0.356048301522161
-1.85647319162245e-06 0.356047921878864
-1.83809226893311e-06 0.356047545993954
-1.81989333557734e-06 0.356047173830225
-1.80187458968054e-06 0.356046805350844
-1.78403424720845e-06 0.35604644051934
-1.76637054179055e-06 0.356046079299604
-1.74888172454509e-06 0.356045721655887
-1.73156606390603e-06 0.356045367552786
-1.71442184545152e-06 0.356045016955258
-1.69744737173418e-06 0.356044669828601
-1.68064096211305e-06 0.356044326138456
-1.66400095258717e-06 0.356043985850807
-1.64752569563087e-06 0.356043648931975
-1.63121356003056e-06 0.35604331534861
-1.61506293072333e-06 0.356042985067695
-1.59907220863696e-06 0.356042658056541
-1.58323981053164e-06 0.356042334282779
-1.56756416884321e-06 0.356042013714365
-1.55204373152793e-06 0.356041696319567
-1.53667696190884e-06 0.35604138206697
-1.52146233852361e-06 0.356041070925471
-1.50639835497387e-06 0.356040762864271
-1.49148351977611e-06 0.356040457852881
-1.47671635621397e-06 0.356040155861107
-1.46209540219205e-06 0.356039856859061
-1.44761921009113e-06 0.356039560817145
-1.43328634662489e-06 0.35603926770606
-1.41909539269791e-06 0.356038977496788
-1.40504494326525e-06 0.356038690160608
-1.39113360719332e-06 0.356038405669078
-1.3773600071221e-06 0.356038123994037
-1.36372277932881e-06 0.356037845107605
-1.35022057359288e-06 0.356037568982176
-1.33685205306226e-06 0.35603729559042
-1.32361589412105e-06 0.356037024905274
-1.31051078625847e-06 0.356036756899945
-1.29753543193907e-06 0.356036491547905
-1.28468854647433e-06 0.35603622882289
-1.27196885789538e-06 0.356035968698892
-1.25937510682711e-06 0.356035711150162
-1.24690604636347e-06 0.356035456151209
-1.23456044194403e-06 0.356035203676791
-1.22233707123171e-06 0.356034953701915
-1.2102347239918e-06 0.356034706201841
-1.19825220197208e-06 0.356034461152066
-1.18638831878423e-06 0.356034218528335
-1.17464189978637e-06 0.356033978306632
-1.1630117819667e-06 0.356033740463177
-1.15149681382842e-06 0.356033504974427
-1.14009585527566e-06 0.356033271817073
-1.12880777750065e-06 0.356033040968033
-1.11763146287194e-06 0.356032812404458
-1.1065658048237e-06 0.356032586103722
-1.09560970774624e-06 0.356032362043424
-1.08476208687746e-06 0.356032140201385
-1.07402186819551e-06 0.356031920555645
-1.06338798831238e-06 0.35603170308446
-1.0528593943687e-06 0.356031487766306
-1.0424350439294e-06 0.356031274579868
-1.0321139048806e-06 0.356031063504039
-1.02189495532732e-06 0.356030854517929
-1.0117771834924e-06 0.356030647600849
-1.00175958761624e-06 0.356030442732317
1.00175958761624e-06 0.355989466296617
1.0117771834924e-06 0.355989261400797
1.02189495532732e-06 0.355989054455881
1.0321139048806e-06 0.355988845441374
1.0424350439294e-06 0.35598863433658
1.0528593943687e-06 0.355988421120592
1.06338798831238e-06 0.355988205772294
1.07402186819551e-06 0.355987988270362
1.08476208687746e-06 0.355987768593256
1.09560970774624e-06 0.355987546719219
1.1065658048237e-06 0.355987322626281
1.11763146287194e-06 0.355987096292248
1.12880777750065e-06 0.355986867694707
1.14009585527566e-06 0.35598663681102
1.15149681382842e-06 0.35598640361832
1.1630117819667e-06 0.355986168093515
1.17464189978637e-06 0.355985930213281
1.18638831878423e-06 0.355985689954057
1.19825220197208e-06 0.355985447292054
1.2102347239918e-06 0.355985202203235
1.22233707123171e-06 0.355984954663332
1.23456044194403e-06 0.355984704647829
1.24690604636347e-06 0.355984452131967
1.25937510682711e-06 0.355984197090736
1.27196885789538e-06 0.35598393949888
1.28468854647433e-06 0.355983679330888
1.29753543193907e-06 0.355983416560993
1.31051078625847e-06 0.355983151163173
1.32361589412105e-06 0.355982883111143
1.33685205306226e-06 0.355982612378359
1.35022057359288e-06 0.355982338938006
1.36372277932881e-06 0.355982062763003
1.3773600071221e-06 0.355981783826
1.39113360719332e-06 0.355981502099373
1.40504494326525e-06 0.355981217555218
1.41909539269791e-06 0.355980930165357
1.43328634662489e-06 0.355980639901325
1.44761921009113e-06 0.355980346734377
1.46209540219205e-06 0.355980050635478
1.47671635621397e-06 0.355979751575304
1.49148351977611e-06 0.355979449524232
1.50639835497387e-06 0.355979144452353
1.52146233852361e-06 0.355978836329448
1.53667696190884e-06 0.355978525125003
1.55204373152793e-06 0.355978210808195
1.56756416884321e-06 0.355977893347895
1.58323981053164e-06 0.355977572712664
1.59907220863696e-06 0.355977248870742
1.61506293072333e-06 0.355976921790056
1.63121356003056e-06 0.355976591438212
1.64752569563087e-06 0.355976257782493
1.66400095258717e-06 0.355975920789852
1.68064096211305e-06 0.35597558042691
1.69744737173418e-06 0.355975236659962
1.71442184545152e-06 0.355974889454954
1.73156606390603e-06 0.355974538777502
1.74888172454509e-06 0.355974184592872
1.76637054179055e-06 0.355973826865983
1.78403424720845e-06 0.355973465561407
1.80187458968054e-06 0.355973100643356
1.81989333557734e-06 0.355972732075689
1.83809226893311e-06 0.355972359821899
1.85647319162245e-06 0.355971983845118
1.87503792353867e-06 0.355971604108104
1.89378830277406e-06 0.355971220573249
1.9127261858018e-06 0.355970833202562
1.93185344765982e-06 0.355970441957675
1.95117198213641e-06 0.355970046799839
1.97068370195778e-06 0.355969647689912
1.99039053897736e-06 0.355969244588362
2.01029444436713e-06 0.355968837455266
2.0303973888108e-06 0.355968426250294
2.05070136269891e-06 0.355968010932718
2.0712083763259e-06 0.355967591461402
2.09192046008916e-06 0.355967167794795
2.11283966469005e-06 0.355966739890934
2.13396806133695e-06 0.355966307707434
2.15530774195032e-06 0.355965871201485
2.17686081936982e-06 0.355965430329854
2.19862942756352e-06 0.355964985048869
2.22061572183915e-06 0.355964535314423
2.24282187905755e-06 0.35596408108197
2.26525009784812e-06 0.355963622306516
2.2879025988266e-06 0.355963158942618
2.31078162481487e-06 0.355962690944378
2.33388944106302e-06 0.355962218265436
2.35722833547365e-06 0.355961740858971
2.38080061882838e-06 0.355961258677696
2.40460862501667e-06 0.355960771673846
2.42865471126683e-06 0.35596027979918
2.4529412583795e-06 0.355959783004975
2.4774706709633e-06 0.355959281242018
2.50224537767293e-06 0.355958774460607
2.52726783144966e-06 0.355958262610539
2.55254050976416e-06 0.355957745641112
2.5780659148618e-06 0.355957223501115
2.60384657401042e-06 0.355956696138824
2.62988503975052e-06 0.355956163501999
2.65618389014803e-06 0.355955625537875
2.68274572904951e-06 0.355955082193163
2.70957318634e-06 0.355954533414035
2.7366689182034e-06 0.35595397914613
2.76403560738544e-06 0.355953419334537
2.79167596345929e-06 0.355952853923803
2.81959272309388e-06 0.355952282857913
2.84778865032482e-06 0.355951706080294
2.87626653682807e-06 0.35595112353381
2.90502920219635e-06 0.35595053516075
2.93407949421831e-06 0.355949940902824
2.9634202891605e-06 0.355949340701161
2.9930544920521e-06 0.355948734496302
3.02298503697262e-06 0.355948122228189
3.05321488734235e-06 0.355947503836168
3.08374703621577e-06 0.355946879258973
3.11458450657793e-06 0.355946248434729
3.14573035164371e-06 0.355945611300936
3.17718765516015e-06 0.355944967794477
3.20895953171175e-06 0.355944317851596
3.24104912702887e-06 0.355943661407902
3.27345961829915e-06 0.35594299839836
3.30619421448215e-06 0.355942328757283
3.33925615662697e-06 0.355941652418324
3.37264871819324e-06 0.35594096931448
3.40637520537517e-06 0.355940279378066
3.44043895742892e-06 0.355939582540729
3.47484334700321e-06 0.355938878733429
3.50959178047324e-06 0.355938167886432
3.54468769827798e-06 0.35593744992931
3.58013457526076e-06 0.355936724790929
3.61593592101336e-06 0.35593599239944
3.6520952802235e-06 0.355935252682282
3.68861623302573e-06 0.355934505566158
3.72550239535599e-06 0.355933750977047
3.76275741930955e-06 0.355932988840178
3.80038499350264e-06 0.355932219080037
3.83838884343767e-06 0.355931441620354
3.87677273187205e-06 0.355930656384095
3.91554045919077e-06 0.355929863293456
3.95469586378268e-06 0.35592906226985
3.9942428224205e-06 0.355928253233906
4.03418525064471e-06 0.35592743610546
4.07452710315115e-06 0.35592661080354
4.11527237418267e-06 0.355925777246373
4.15642509792449e-06 0.355924935351359
4.19798934890374e-06 0.355924085035074
4.23996924239277e-06 0.355923226213258
4.2823689348167e-06 0.35592235880081
4.32519262416487e-06 0.355921482711772
4.36844455040652e-06 0.355920597859332
4.41212899591058e-06 0.355919704155804
4.45625028586969e-06 0.355918801512626
4.50081278872839e-06 0.355917889840349
4.54582091661567e-06 0.355916969048629
4.59127912578183e-06 0.355916039046212
4.63719191703965e-06 0.355915099740944
4.68356383621004e-06 0.355914151039733
4.73039947457214e-06 0.355913192848566
4.77770346931786e-06 0.35591222507248
4.82548050401104e-06 0.355911247615568
4.87373530905115e-06 0.35591026038096
4.92247266214166e-06 0.355909263270816
4.97169738876308e-06 0.355908256186317
5.02141436265071e-06 0.355907239027652
5.07162850627722e-06 0.355906211694015
5.12234479133999e-06 0.355905174083589
5.17356823925339e-06 0.355904126093534
5.22530392164593e-06 0.355903067619986
5.27755696086239e-06 0.355901998558035
5.33033253047101e-06 0.355900918801726
5.38363585577572e-06 0.355899828244038
5.43747221433348e-06 0.355898726776883
5.49184693647681e-06 0.355897614291085
5.54676540584158e-06 0.35589649067638
5.6022330599e-06 0.355895355821401
5.658255390499e-06 0.355894209613654
5.71483794440399e-06 0.355893051939535
5.77198632384803e-06 0.355891882684289
5.82970618708651e-06 0.355890701732018
5.88800324895737e-06 0.355889508965666
5.94688328144694e-06 0.355888304266993
6.00635211426141e-06 0.355887087516588
6.06641563540403e-06 0.355885858593835
6.12707979175807e-06 0.355884617376917
6.18835058967565e-06 0.355883363742791
6.25023409557241e-06 0.355882097567184
6.31273643652813e-06 0.355880818724576
6.37586380089341e-06 0.355879527088196
6.43962243890235e-06 0.355878222529997
6.50401866329137e-06 0.355876904920652
6.56905884992428e-06 0.355875574129538
6.63474943842353e-06 0.355874230024719
6.70109693280776e-06 0.355872872472946
6.76810790213584e-06 0.355871501339631
6.8357889811572e-06 0.355870116488839
6.90414687096877e-06 0.355868717783266
6.97318833967846e-06 0.355867305084245
7.04292022307524e-06 0.355865878251708
7.113349425306e-06 0.355864437144193
7.18448291955906e-06 0.355862981618813
7.25632774875465e-06 0.355861511531257
7.32889102624219e-06 0.355860026735763
7.40217993650461e-06 0.355858527085108
7.47620173586966e-06 0.355857012430598
7.55096375322836e-06 0.355855482622046
7.62647339076064e-06 0.355853937507761
7.702738124668249e-06 0.355852376934534
7.77976550591493e-06 0.355850800747614
7.85756316097408e-06 0.355849208790712
7.93613879258382e-06 0.355847600905962
8.01550018050966e-06 0.355845976933916
8.09565518231475e-06 0.355844336713537
8.1766117341379e-06 0.355842680082165
8.25837785147928e-06 0.355841006875515
8.34096162999407e-06 0.355839316927655
8.42437124629401e-06 0.355837610070987
8.508614958756951e-06 0.355835886136241
8.593701108344519e-06 0.355834144952441
8.679638119427971e-06 0.355832386346906
8.76643450062225e-06 0.355830610145215
8.85409884562847e-06 0.355828816171206
8.942639834084751e-06 0.355827004246949
9.0320662324256e-06 0.35582517419273
9.12238689474986e-06 0.355823325827036
9.21361076369735e-06 0.355821458966535
9.30574687133433e-06 0.355819573426052
9.39880434004767e-06 0.355817669018557
9.492792383448151e-06 0.355815745555153
9.587720307282629e-06 0.355813802845044
9.68359751035546e-06 0.355811840695508
9.780433485459009e-06 0.355809858911919
9.878237820313601e-06 0.355807857297676
9.977020198516739e-06 0.355805835654219
1.00767904005019e-05 0.355803793780996
1.01775583045069e-05 0.355801731475442
1.0279333887552e-05 0.35579964853295
1.03821272264275e-05 0.355797544746883
1.04859484986918e-05 0.35579541990852
1.05908079836787e-05 0.355793273807046
1.06967160635155e-05 0.355791106229535
1.08036832241506e-05 0.355788916960923
1.09117200563922e-05 0.355786705784005
1.10208372569561e-05 0.35578447247937
1.11310456295256e-05 0.355782216825426
1.12423560858209e-05 0.355779938598357
1.13547796466791e-05 0.355777637572095
1.14683274431459e-05 0.355775313518309
1.15830107175774e-05 0.355772966206381
1.16988408247531e-05 0.355770595403376
1.18158292330007e-05 0.355768200874022
1.19339875253307e-05 0.355765782380688
1.2053327400584e-05 0.355763339683362
1.21738606745898e-05 0.355760872539618
1.22955992813357e-05 0.355758380704608
1.24185552741491e-05 0.355755863931013
1.25427408268906e-05 0.355753321969049
1.26681682351595e-05 0.35575075456642
1.27948499175111e-05 0.355748161468295
1.29227984166862e-05 0.355745542417286
1.3052026400853e-05 0.355742897153433
1.31825466648616e-05 0.355740225414153
1.33143721315102e-05 0.355737526934238
1.34475158528253e-05 0.35573480144581
1.35819910113535e-05 0.355732048678318
1.37178109214671e-05 0.355729268358485
1.38549890306817e-05 0.355726460210295
1.39935389209886e-05 0.355723623954942
1.41334743101984e-05 0.355720759310871
1.42748090533004e-05 0.355717865993659
1.44175571438334e-05 0.355714943716015
1.45617327152718e-05 0.355711992187819
1.47073500424245e-05 0.355709011116003
1.48544235428487e-05 0.355706000204558
1.50029677782772e-05 0.355702959154515
1.515299745606e-05 0.355699887663884
1.53045274306206e-05 0.355696785427671
1.54575727049268e-05 0.3556936521378
1.56121484319761e-05 0.355690487483114
1.57682699162958e-05 0.355687291149313
1.59259526154588e-05 0.355684062818969
1.60852121416134e-05 0.355680802171435
1.62460642630295e-05 0.355677508882875
1.64085249056598e-05 0.355674182626174
1.65726101547164e-05 0.355670823070971
1.67383362562636e-05 0.355667429883529
1.69057196188262e-05 0.355664002726805
1.70747768150145e-05 0.355660541260374
1.72455245831646e-05 0.355657045140338
1.74179798289962e-05 0.355653514019422
1.75921596272862e-05 0.355649947546791
1.77680812235591e-05 0.355646345368121
1.79457620357947e-05 0.355642707125552
1.81252196561526e-05 0.355639032457587
1.83064718527141e-05 0.355635320999103
1.84895365712413e-05 0.355631572381333
1.86744319369537e-05 0.355627786231773
1.88611762563232e-05 0.35562396217423
1.90497880188865e-05 0.355620099828609
1.92402858990753e-05 0.3556161988112
1.94326887580661e-05 0.355612258734226
1.96270156456467e-05 0.355608279206146
1.98232858021032e-05 0.355604259831434
2.00215186601242e-05 0.355600200210584
2.02217338467255e-05 0.355596099940113
2.04239511851927e-05 0.355591958612559
2.06281906970447e-05 0.355587775816453
2.08344726040151e-05 0.355583549837007
2.10428173300553e-05 0.35557928414694
2.12532455033558e-05 0.355574974432845
2.14657779583894e-05 0.355570621560938
2.16804357379733e-05 0.355566225098851
2.1897240095353e-05 0.355561784609482
2.21162124963065e-05 0.355557299651338
2.23373746212696e-05 0.355552769778461
2.25607483674823e-05 0.355548194540437
2.27863558511571e-05 0.355543573482266
2.30142194096687e-05 0.355538906144384
2.32443616037654e-05 0.355534192062639
2.3476805219803e-05 0.355529430768151
2.37115732720011e-05 0.355524621787372
2.39486890047211e-05 0.35551976464198
2.41881758947683e-05 0.355514858848835
2.4430057653716e-05 0.355509903919925
2.46743582302531e-05 0.355504899362345
2.49211018125557e-05 0.355499844678227
2.51703128306812e-05 0.355494739364675
2.5422015958988e-05 0.355489582913745
2.56762361185779e-05 0.355484374812398
2.59329984797637e-05 0.355479114542404
2.61923284645613e-05 0.355473801580331
2.64542517492069e-05 0.355468435397468
2.6718794266699e-05 0.355463015459771
2.6985982209366e-05 0.355457541227867
2.72558420314597e-05 0.355452012156901
2.75284004517743e-05 0.355446427696562
2.7803684456292e-05 0.355440787290975
2.80817213008549e-05 0.355435090378682
2.83625385138635e-05 0.355429336392568
2.86461638990021e-05 0.355423524759818
2.89326255379921e-05 0.355417654901818
2.92219517933721e-05 0.355411726234133
2.95141713113058e-05 0.355405738166479
2.98093130244188e-05 0.355399690102577
3.0107406154663e-05 0.355393581440155
3.04084802162097e-05 0.355387411570885
3.07125650183718e-05 0.355381179880301
3.10196906685555e-05 0.355374885747737
3.1329887575241e-05 0.355368528546287
3.16431864509934e-05 0.355362107642707
3.19596183155034e-05 0.355355622397388
3.22792144986584e-05 0.355349072164273
3.2602006643645e-05 0.355342456290764
3.29280267100814e-05 0.355335774117727
3.32573069771823e-05 0.355329024979336
3.35898800469541e-05 0.355322208203107
3.39257788474236e-05 0.355315323109709
3.42650366358979e-05 0.355308369012998
3.46076870022568e-05 0.355301345219911
3.49537638722794e-05 0.355294251030383
3.53033015110022e-05 0.355287085737295
3.56563345261122e-05 0.355279848626357
3.60128978713733e-05 0.355272538976125
3.63730268500871e-05 0.35526515605786
3.67367571185879e-05 0.35525769913541
3.71041246897738e-05 0.355250167465268
3.74751659366716e-05 0.355242558989874
3.78499175960383e-05 0.355234875563571
3.82284167719987e-05 0.355227115113606
3.86107009397186e-05 0.355219276865824
3.89968079491158e-05 0.355211360038349
3.9386776028607e-05 0.355203363841209
3.97806437888931e-05 0.355195287476508
4.0178450226782e-05 0.355187130137618
4.05802347290498e-05 0.355178891008308
4.09860370763403e-05 0.355170569260659
4.13958974471037e-05 0.35516216401557
4.18098564215747e-05 0.355153674617729
4.22279549857905e-05 0.355145100177241
4.26502345356484e-05 0.355136439606398
4.30767368810049e-05 0.355127692200788
4.35075042498149e-05 0.355118857080917
4.39425792923131e-05 0.355109933362062
4.43820050852362e-05 0.355100920153004
4.48258251360886e-05 0.355091816552936
4.52740833874495e-05 0.355082621654111
4.5726824221324e-05 0.355073334534164
4.61840924635372e-05 0.355063954269388
4.66459333881726e-05 0.35505447992149
4.71123927220543e-05 0.355044910544069
4.75835166492748e-05 0.355035245181087
4.80593518157676e-05 0.355025482866893
4.85399453339253e-05 0.355015622626045
4.90253447872645e-05 0.355005663472625
4.95155982351372e-05 0.354995604412617
5.00107542174885e-05 0.354985444440046
5.05108617596634e-05 0.354975182539389
5.10159703772601e-05 0.354964817684832
5.15261300810327e-05 0.354954348840193
5.2041391381843e-05 0.354943774958794
5.25618052956614e-05 0.354933094983375
5.3087423348618e-05 0.354922307845936
5.36182975821042e-05 0.354911412467675
5.41544805579252e-05 0.354900407759004
5.46960253635045e-05 0.35488929261885
5.52429856171395e-05 0.354878065935442
5.57954154733109e-05 0.354866726585582
5.6353369628044e-05 0.354855273434685
5.69169033243245e-05 0.354843705336664
5.74860723575677e-05 0.354832021133825
5.80609330811434e-05 0.354820219656719
5.86415424119548e-05 0.354808299724039
5.92279578360744e-05 0.354796260142529
5.98202374144351e-05 0.354784099706772
6.04184397885795e-05 0.354771817199175
6.10226241864653e-05 0.354759411389765
6.16328504283299e-05 0.354746881036091
6.22491789326132e-05 0.354734224883092
6.28716707219394e-05 0.354721441662976
6.350038742915879e-05 0.354708530095071
6.41353913034504e-05 0.354695488885709
6.477674521648491e-05 0.354682316728085
6.54245126686497e-05 0.354669012302113
6.607875779533621e-05 0.354655574274313
6.673954537328961e-05 0.354642001297655
6.74069408270225e-05 0.354628292011416
6.80810102352927e-05 0.354614445041049
6.876182033764561e-05 0.354600458998048
6.944943854102211e-05 0.354586332479773
7.01439329264323e-05 0.354572064069348
7.084537225569659e-05 0.354557652335475
7.155382597825361e-05 0.354543095832311
7.22693642380361e-05 0.3545283930993
7.299205788041651e-05 0.354513542661038
7.37219784592207e-05 0.354498543027102
7.44591982438129e-05 0.354483392691915
7.5203790226251e-05 0.35446809013457
7.59558281285135e-05 0.354452633818684
7.671538640979859e-05 0.354437022192232
7.74825402738966e-05 0.35442125368739
7.82573656766356e-05 0.354405326720368
7.9039939333402e-05 0.354389239691242
7.9830338726736e-05 0.354372990983863
8.062864211400339e-05 0.354356578965273
8.143492853514339e-05 0.354340001986467
8.22492778204948e-05 0.354323258381273
8.307177059869981e-05 0.354306346466529
8.39024883046868e-05 0.354289264541966
8.474151318773359e-05 0.354272010889983
8.5588928319611e-05 0.354254583775459
8.64448176028071e-05 0.354236981445587
8.730926577883521e-05 0.354219202129663
8.81823584366235e-05 0.354201244038931
8.90641820209897e-05 0.354183105366365
8.995482384119961e-05 0.354164784286517
9.08543720796116e-05 0.35414627895537
9.17629158004077e-05 0.354127586892592
9.26805449584118e-05 0.354108707450837
9.36073504079959e-05 0.354089638111661
9.45434239120759e-05 0.354070376954482
9.548885815119661e-05 0.354050922039085
9.64437467327086e-05 0.354031271405429
9.74081842000357e-05 0.354011423073444
9.838226604203611e-05 0.353991375042813
9.93660887024564e-05 0.353971125292761
0.000100359749589481 0.353950671781864
0.000101363347085376 0.353930012447804
0.00010237698055623 0.353909145207163
0.000103400750361792 0.353888067955212
0.00010443475786541 0.353866778565679
0.000105479105444064 0.353845274890522
0.000106533896498505 0.353823554759708
0.00010759923546349 0.353801615980996
0.000108675227818124 0.353779456339659
0.000109761980096306 0.353757073598324
0.000110859599897269 0.353734465496651
0.000111968195896241 0.353711629751171
0.000113087877855204 0.353688564054982
0.000114218756633756 0.35366526607755
0.000115360944200093 0.353641733464422
0.000116514553642094 0.353617963837032
0.000117679699178515 0.353593954792359
0.0001188564961703 0.35356970390281
0.000120045061132003 0.353545208715778
0.000121245511743324 0.353520466753666
0.000122457966860757 0.35349547551351
0.000123682546529364 0.353470232468801
0.000124919371994658 0.353444735049362
0.000126168565714605 0.353418980698457
0.000127430251371751 0.353392966794564
0.000128704553885468 0.353366690704982
0.000129991599424323 0.353340149768413
0.000131291515418566 0.353313341296058
0.000132604430572752 0.353286262571367
0.000133930474878479 0.353258910849857
0.000135269779627264 0.353231283358842
0.000136622477423537 0.353203377297054
0.000137988702197772 0.353175189834384
0.00013936858921975 0.353146718111612
0.000140762275111947 0.353117959240061
0.000142169897863067 0.353088910301277
0.000143591596841697 0.353059568346773
0.000145027512810114 0.35302993039766
0.000146477787938216 0.352999993444327
0.000147942565817598 0.352969754446164
0.000149421991475774 0.352939210331186
0.000150916211390531 0.352908357995732
0.000152425373504437 0.352877194304107
0.000153949627239481 0.352845716088274
0.000155489123511876 0.35281392014749
0.000157044014746995 0.352781803247961
0.000158614454894465 0.352749362122505
0.000160200599443409 0.352716593470202
0.000161802605437843 0.352683493956008
0.000163420631492222 0.352650060210433
0.000165054837807144 0.352616288829161
0.000166705386185215 0.352582176372669
0.000168372440047068 0.352547719365874
0.000170056164447538 0.352512914297747
0.000171756726092014 0.352477757620936
0.000173474293352934 0.352442245751377
0.000175209036286463 0.352406375067919
0.000176961126649328 0.352370141911905
0.000178730737915821 0.352333542586804
0.000180518045294979 0.352296573357791
0.000182323225747929 0.352259230451348
0.000184146458005408 0.352221510054859
0.000185987922585462 0.352183408316177
0.000187847801811317 0.352144921343228
0.00018972627982943 0.352106045203573
0.000191623542627725 0.352066775924303
0.000193539778054002 0.352027109490349
0.000195475175834542 0.35198704184591
0.000197429927592887 0.351946568892774
0.000199404226868816 0.351905686490182
0.000201398269137504 0.351864390454389
0.000203412251828879 0.351822676393038
0.000205446374347168 0.351780540354205
0.00020750083809064 0.351737977867186
0.000209575846471546 0.351694984571449
0.000211671604936262 0.351651556061054
0.000213788320985624 0.351607687884222
0.000215926204195481 0.351563375542771
0.000218085466237435 0.351518614491663
0.00022026632089981 0.351473400138424
0.000222468984108808 0.351427727842577
0.000224693673949896 0.351381592915095
0.000226940610689395 0.351334990617696
0.000229210016796289 0.351287916162059
0.000231502116964252 0.351240364708873
0.000233817138133894 0.351192331366358
0.000236155309515233 0.351143811187262
0.000238516862610385 0.351094799165829
0.000240902031236489 0.351045290220842
0.000243311051548854 0.350995279150364
0.000245744162064343 0.350944760373215
0.000248201603684986 0.350893734220072
0.000250683619721836 0.350842189275159
0.000253190455919054 0.350790116556394
0.000255722360478245 0.35073751730364
0.000258279584083027 0.350684384762659
0.000260862379923858 0.350630713239814
0.000263471003723096 0.35057649713432
0.000266105713760327 0.350521730826665
0.00026876677089793 0.350466408652003
0.00027145443860691 0.350410524895635
0.000274168982992979 0.350354073781078
0.000276910672822909 0.350297049475436
0.000279679779551138 0.350239446086416
0.000282476577346649 0.350181257659955
0.000285301343120116 0.350122478180064
0.000288154356551317 0.350063101568031
0.00029103590011683 0.350003121681662
0.000293946259117998 0.349942532314564
0.000296885721709178 0.349881327195459
0.00029985457892627 0.349819499987426
0.000302853124715533 0.349757044287219
0.000305881655962688 0.349693953624531
0.000308940472522315 0.349630221461285
0.000312029877247538 0.349565841190915
0.000315150176020014 0.349500806137603
0.000318301677780214 0.349435109555521
0.000321484694558016 0.349368744628025
0.000324699541503596 0.349301704466707
0.000327946536918632 0.349233982107365
0.000331226002287818 0.349165570553111
0.000334538262310697 0.349096462629456
0.000337883644933803 0.349026651200146
0.000341262481383142 0.348956129000325
0.000344675106196973 0.348884888696299
0.000348121857258943 0.348812922877958
0.000351603075831532 0.34874022405762
0.000355119106589847 0.348666784668985
0.000358670297655746 0.348592597066369
0.000362257000632303 0.348517653523876
0.000365879570638626 0.348441946234476
0.000369538366345013 0.348365467309204
0.000373233750008463 0.34828820877628
0.000376966087508547 0.348210162580231
0.000380735748383633 0.348131320581002
0.000384543105867469 0.348051674553094
0.000388388536926144 0.347971216184649
0.000392272422295405 0.347889937076504
0.00039619514651836 0.347807828741379
0.000400157097983543 0.347724882602731
0.000404158668963379 0.347641089994281
0.000408200255653012 0.347556442158493
0.000412282258209542 0.347470930245997
0.000416405080791638 0.347384545314515
0.000420569131599554 0.347297278327917
0.00042477482291555 0.347209120155224
0.000429022571144705 0.347120061569639
0.000433312796856152 0.347030093247534
0.000437645924824714 0.346939205767458
0.000442022384072961 0.346847389609113
0.000446442607913691 0.346754635152335
0.000450907033992828 0.346660932676064
0.000455416104332756 0.346566272357293
0.000459970265376083 0.346470644270017
0.000464569968029844 0.346374038384192
0.000469215667710143 0.346276444564641
0.000473907824387244 0.346177852569982
0.000478646902631117 0.346078252051542
0.000483433371657428 0.345977632552261
0.000488267705374002 0.345875983505574
0.000493150382427742 0.345773294234314
0.0004980818862520199 0.345669553949554
0.00050306270511454 0.345564751749502
0.000508093332165685 0.345458876618338
0.000513174265487342 0.345351917425066
0.000518306008142215 0.345243862922339
0.0005234890682236369 0.345134701745303
0.000528723958905874 0.345024422410393
0.000534011198494933 0.344913013277285
0.000539351310479882 0.344800462691506
0.000544744823584681 0.34468675877264
0.000550192271820528 0.344571889550189
0.000555694194538733 0.344455842928872
0.00056125113648412 0.344338606687329
0.000566863647848961 0.344220168476864
0.000572532284327451 0.344100515820147
0.000578257607170726 0.343979636109865
0.000584040183242433 0.343857516607395
0.000589880585074857 0.343734144441305
0.000595779390925606 0.343609506605919
0.000601737184834862 0.343483589959575
0.00060775455668321 0.343356381222776
0.000613832102250043 0.343227866975798
0.000619970423272543 0.343098033655895
0.000626170127505268 0.342966867450831
0.000632431828780321 0.342834354883742
0.000638756147068124 0.342700481225415
0.000645143708538805 0.342565232643529
0.0006515951456241939 0.34242859426227
0.000658111097080435 0.34229057034998
0.00066469220805124 0.34215110151987
0.000671339130131752 0.342010218351438
0.00067805252143307 0.341867878104581
0.0006848330466474 0.341724076825659
0.000691681377113875 0.341578798386107
0.000698598190885013 0.341432027217797
0.000705584172793863 0.341283747739861
0.000712640014521802 0.341133944268115
0.00071976641466702 0.340982600981346
0.00072696407881369 0.340829701908161
0.000734233719601827 0.340675230920399
0.000741576056797845 0.340519171729254
0.000748991817365824 0.340361507882566
0.000756481735539482 0.340202222762661
0.000764046552894877 0.340041299584486
0.000771687018423826 0.339878721393904
0.000779403888608064 0.339714471066059
0.000787197927494145 0.339548531303795
0.000795069906769086 0.339380884636135
0.000803020605836777 0.339211513416867
0.000811050811895145 0.339040399822478
0.000819161320014096 0.338867525851534
0.000827352933214237 0.338692873322564
0.00083562646254638 0.338516423311496
0.000843982727171843 0.338338158172887
0.0008524225544435619 0.338158059077927
0.000860946779987997 0.337976106869565
0.000869556247787878 0.337792282444596
0.000878251810265756 0.337606566510925
0.000887034328368414 0.337418939586116
0.000895904671652098 0.337229381995884
0.000904863718368619 0.337037873872183
0.000913912355552305 0.336844395155066
0.000923051479107828 0.336648925581672
0.0009322819938989071 0.336451444697277
0.000941604813837896 0.336251931972041
0.000951020861976275 0.33605036629688
0.000960531070596037 0.335846726740603
0.000970136381301998 0.335640992035283
0.000979837745115018 0.33543314071475
0.0009896361225661681 0.335223151100856
0.00099953248379183 0.335011001038978
0.00100952780862975 0.334796668987636
0.00101962308671605 0.334580132566
0.00102981931758321 0.334361368845207
0.00104011751075904 0.334140355337224
0.00105051868586663 0.33391706907977
0.00106102387272529 0.333691486905782
0.00107163411145255 0.333463585433133
0.00108235045256707 0.33323334106074
0.00109317395709274 0.333000729966626
0.00110410569666367 0.332765728106329
0.00111514675363031 0.332528311211398
0.00112629822116661 0.332288454787974
0.00113756120337828 0.332046134115363
0.00114893681541206 0.331801324244674
0.00116042618356618 0.331553999997471
0.00117203044540184 0.331304135964551
0.00118375074985586 0.331051706504827
0.00119558825735442 0.330796685744817
0.00120754413992796 0.330539047579396
0.00121961958132724 0.330278765677329
0.00123181577714052 0.33001581351108
0.00124413393491192 0.329750164356504
0.00125657527426104 0.329481796941412
0.00126914102700365 0.329210670669644
0.00128183243727369 0.328936760881846
0.00129465076164642 0.328660049137471
0.00130759726926289 0.328380502746988
0.00132067324195552 0.32809809318243
0.00133387997437507 0.327812791856649
0.00134721877411882 0.32752456996391
0.00136069096186001 0.327233398454909
0.00137429787147861 0.32693924802974
0.0013880408501934 0.326642089134823
0.00140192125869533 0.32634189196072
0.00141594047128228 0.326038626440357
0.00143009987599511 0.325732262247006
0.00144440087475506 0.325422768707549
0.00145884488350261 0.325110115331072
0.00147343333233764 0.324794270532582
0.00148816766566101 0.32447520309474
0.00150304934231762 0.324152881476542
0.0015180798357408 0.323827273702796
0.00153326063409821 0.32349834758989
0.00154859324043919 0.323166070682467
0.00156407917284358 0.322830410251657
0.00157971996457202 0.322491333293267
0.00159551716421774 0.322148806525999
0.00161147233585991 0.321802796389563
0.00162758705921851 0.321453269042794
0.0016438629298107 0.321100190361591
0.00166030155910881 0.320743525937002
0.00167690457469989 0.32038324107271
0.00169367362044689 0.320019300783856
0.00171061035665136 0.319651669793755
0.00172771646021787 0.319280312531837
0.00174499362482005 0.31890519313115
0.00176244356106825 0.318526275425697
0.00178006799667894 0.318143522947555
0.00179786867664573 0.317756898924009
0.00181584736341218 0.317366366272864
0.0018340058370463 0.31697188755384
0.00185234589541677 0.316573425109406
0.00187086935437094 0.316170941105102
0.00188957804791465 0.315764396626474
0.00190847382839379 0.315353753497594
0.00192755856667773 0.314938972309928
0.00194683415234451 0.314520015253452
0.00196630249386795 0.31409683876735
0.00198596551880663 0.313669416763144
0.0020058251739947 0.313237689811935
0.00202588342573464 0.312801621366993
0.00204614225999199 0.312361181424411
0.00206660368259191 0.311916329231794
0.00208726971941783 0.311467002661416
0.00210814241661201 0.311013173269694
0.00212922384077813 0.310554798295062
0.00215051607918591 0.310091834718856
0.00217202123997777 0.309624239249893
0.00219374145237755 0.309151968274045
0.00221567886690132 0.308674977504668
0.00223783565557034 0.308193223131346
0.00226021401212604 0.307706660018027
0.0022828161522473 0.307215243241644
0.00230564431376977 0.306718928026259
0.00232870075690747 0.306217666429055
0.00235198776447654 0.305711413182483
0.00237550764212131 0.30520012140364
0.00239926271854252 0.304683743640727
0.00242325534572795 0.304162234460208
0.00244748789918523 0.303635539470494
0.00247196277817708 0.303103617386786
0.00249668240595885 0.302566414027626
0.00252164923001844 0.302023883030441
0.00254686572231862 0.30147597328518
0.00257233437954181 0.300922634256101
0.00259805772333723 0.300363815106823
0.0026240383005706 0.299799464372921
0.00265027868357631 0.299229530156592
0.00267678147041207 0.298653960051909
0.00270354928511619 0.298072701159394
0.00273058477796735 0.297485699396709
0.00275789062574703 0.29689290196614
0.0027854695320045 0.296294254068349
0.00281332422732454 0.295689700080497
0.00284145746959779 0.29507918621194
0.00286987204429376 0.294462655862302
0.0028985707647367 0.293840053886038
0.00292755647238407 0.293211313894142
0.00295683203710791 0.292576389463432
0.00298640035747899 0.291935216752143
0.00301626436105378 0.291287744336466
0.00304642700466432 0.290633902746952
0.00307689127471096 0.28997364300478
0.00310766018745807 0.28930689800109
0.00313873678933265 0.288633609473497
0.00317012415722598 0.287953716217979
0.00320182539879824 0.287267156861434
0.00323384365278622 0.286573869522316
0.00326618208931408 0.285873792147114
0.00329884391020722 0.28516686194264
0.00333183234930929 0.284453015994514
0.00336515067280239 0.283732191002352
0.00339880217953041 0.283004324456485
0.00343279020132572 0.282269361308769
0.00346711810333897 0.281527203972792
0.00350178928437236 0.280777824219924
0.00353680717721609 0.280021145043362
0.00357217524898825 0.279257101985951
0.00360789700147813 0.278485630467164
0.00364397597149291 0.277706665829286
0.00368041573120784 0.276920143899139
0.00371721988851992 0.276126000505958
0.00375439208740512 0.275324171822373
0.00379193600827917 0.274514592120436
0.00382985536836196 0.273697201230954
0.00386815392204558 0.272871935931535
0.00390683546126603 0.272038735928433
0.0039459038158787 0.271197523993574
0.00398536285403748 0.27034825614568
0.00402521648257786 0.269490870921055
0.00406546864740364 0.268625307652399
0.00410612333387767 0.267751502249072
0.00414718456721645 0.266869406359919
0.00418865641288861 0.265978961916777
0.0042305429770175 0.265080115496488
0.00427284840678767 0.264172820328893
0.00431557689085555 0.263257015154361
0.00435873265976411 0.262332659724448
0.00440231998636175 0.261399711285472
0.00444634318622536 0.260458125341374
0.00449080661808762 0.259507858168191
0.00453571468426849 0.258548874377583
0.00458107183111118 0.257581139309164
0.00462688254942229 0.256604621667811
0.00467315137491651 0.255619293255221
0.00471988288866568 0.254625139533122
0.00476708171755234 0.253622145501309
0.00481475253472786 0.252610259460765
0.00486290006007514 0.251589504153823
0.00491152906067589 0.250559868630745
0.00496064435128265 0.249521324596361
0.00501025079479548 0.248473916633602
0.00506035330274343 0.247417637377699
0.00511095683577087 0.246352499508355
0.00516206640412858 0.245278528381389
0.00521368706816986 0.244195746476188
0.00526582393885156 0.243104189796214
0.00531848217824008 0.242003902428747
0.00537166700002248 0.240894937467992
0.0054253836700227 0.239777327914838
0.00547963750672293 0.238651151626875
0.00553443388179016 0.237516481741448
0.00558977822060806 0.236373408837446
0.00564567600281414 0.235222001852577
0.00570213276284228 0.234062356959173
0.0057591540904707 0.232894568318522
0.00581674563137541 0.23171877658962
0.00587491308768917 0.230535140867454
0.00593366221856606 0.229343657373487
0.00599299884075172 0.228144606326566
0.00605292882915924 0.226938070052619
0.00611345811745083 0.225724227945721
0.00617459269862534 0.224503239733171
0.00623633862561159 0.223275308449382
0.00629870201186771 0.222040622348024
0.00636168903198638 0.220799330585041
0.00642530592230625 0.219551709327854
0.00648955898152931 0.218297930945604
0.0065544545713446 0.217038231197233
0.00661999911705805 0.215772873211865
0.00668619910822863 0.214502065334017
0.00675306109931092 0.213226140859841
0.00682059171030403 0.211945378237326
0.00688879762740707 0.210659801742568
0.00695768560368114 0.209369949725488
0.00702726245971795 0.208076077767541
0.00709753508431513 0.206778435807221
0.00716851043515828 0.205477347608104
0.00724019553950986 0.204173149739181
0.00731259749490496 0.202866115772722
0.00738572346985401 0.201556602131589
0.00745958070455255 0.200244940187996
0.00753417651159808 0.198931465394066
0.00760951827671406 0.197616515951211
0.0076856134594812 0.196300461466677
0.00776246959407601 0.19498363797889
0.00784009429001677 0.193666434982639
0.00791849523291694 0.192349122658851
0.00799768018524611 0.19103214360202
0.00807765698709857 0.189715826156794
0.00815843355696956 0.188400528285073
0.00824001789253925 0.187086638100051
0.00832241807146464 0.185774502725079
0.008405642252179289 0.184464480618326
0.00848969867470108 0.183156932671295
0.0085745956614481 0.181852208014227
0.008660341618062581 0.180550675815285
0.008746945034243199 0.179252688756249
0.008834414484585631 0.177958588892304
0.008922758629431491 0.176668706430027
0.0090119862157258 0.175383388999362
0.00910210607788306 0.174102956761836
0.00919312713866189 0.172827756369683
0.00928505841004851 0.171558106034468
0.009377908994149 0.170294324768715
0.00947168808409049 0.169036691012399
0.009566404964931391 0.167785525133273
0.00966206901458071 0.166541132494614
0.009758689704726511 0.165303781431174
0.009856276601773781 0.164073745955369
0.00995483936779152 0.162851307334903
0.0100543877614694 0.161636714338587
0.0101549316390841 0.160430228294704
0.010256480955475 0.159232109548001
0.0103590457650297 0.158042565997813
0.01046263622268 0.156861836523002
0.0105672625849068 0.155690152192601
0.0106729352107559 0.154527721582292
0.0107796645628634 0.153374749213726
0.0108874612084921 0.152231438293501
0.010996335820577 0.151097973611044
0.0111062991787828 0.149974560518338
0.0112173621705706 0.148861355374475
0.0113295357922763 0.147758528083441
0.0114428311501991 0.146666272508012
0.0115572594617011 0.145584738426971
0.0116728320563181 0.144514082064055
0.0117895603768812 0.143454452490627
0.0119074559806501 0.142406004725281
0.0120265305404566 0.141368888372561
0.0121467958458611 0.140343238799238
0.0122682638043197 0.139329193582094
0.0123909464423629 0.138326899382875
0.0125148559067866 0.137336493592083
0.0126400044658544 0.136358109004669
0.012766404510513 0.135391875913909
0.0128940685556181 0.134437933692059
0.0130230092411743 0.13349641316998
0.013153239333586 0.132567455261155
0.0132847717269219 0.1316511828596
0.0134176194441911 0.130747775702387
0.013551795638633 0.129857336370765
0.0136873135950193 0.128980013440918
0.0138241867309695 0.128115973789349
0.0139624285982792 0.127265353786885
0.014102052884262 0.126428310656275
0.0142430734131046 0.125605012204227
0.0143855041472357 0.124795607911863
0.014529359188708 0.124000280707554
0.0146746527805951 0.123219188490876
0.0148213993084011 0.122452532374186
0.0149696133014851 0.121700489253804
0.0151193094344999 0.120963250523388
0.0152705025288449 0.120241015869683
0.0154232075541334 0.119533992590772
0.0155774396296747 0.118842394095941
0.0157332140259715 0.118166436395314
0.0158905461662312 0.117506353335919
0.0160494516278935 0.116862384125506
0.0162099461441724 0.116234764177766
0.0163720456056142 0.115623752636048
0.0165357660616703 0.115029605876406
0.016701123722287 0.114452593400521
0.0168681349595099 0.113892997388814
0.017036816309105 0.113351104934421
0.017207184472196 0.112827211547508
0.017379256316918 0.112321624613691
0.0175530488800872 0.111834661715146
0.017728579368888 0.111366640708574
0.0179058651625769 0.110917910003764
0.0180849238142027 0.110488810608718
0.0182657730523447 0.110079701641578
0.0184484307828682 0.109690951790712
0.0186329150906968 0.109322938315837
0.0188192442416038 0.108976055503526
0.0190074366840199 0.108650711785708
0.0191975110508601 0.108347321744151
0.0193894861613687 0.108066309577871
0.0195833810229823 0.107808123784244
0.0197792148332122 0.10757322245721
0.0199770069815443 0.107362072444786
0.0201767770513597 0.107175159046182
0.0203785448218733 0.107012993183515
0.0205823302700921 0.106876083779596
0.020788153572793 0.106764969309128
0.0209960351085209 0.106680202770707
0.0212059954596061 0.106622351449058
0.0214180554142022 0.106592011589057
0.0216322359683442 0.106589788097753
0.0218485583280276 0.106616311182365
0.0220670439113079 0.106672239534523
0.022287714350421 0.106758244920218
0.0225105914939252 0.106875028407684
0.0227356974088645 0.10702331653758
0.0229630543829531 0.107203857602852
0.0231926849267826 0.107417430939423
0.0234246117760505 0.107664843890205
0.023658857893811 0.107946933791465
0.0238954464727491 0.108264573081393
0.0241344009374766 0.108618663972505
0.0243757449468513 0.109010109228971
0.0246195023963198 0.109439975911539
0.024865697420283 0.109909172441606
0.0251143543944859 0.11041879393736
0.0253654979384307 0.110969923542578
0.025619152917815 0.111563695728187
0.0258753444469932 0.112201287248021
0.0261340978914631 0.112883923205573
0.0263954388703778 0.113612869573889
0.0266593932590815 0.114389441906458
0.0269259871916724 0.115215023304477
0.0271952470635891 0.116091032169611
0.027467199534225 0.117018947634779
0.0277418715295672 0.118000290653762
0.0280192902448629 0.119036658759708
0.0282994831473115 0.120129696611396
0.0285824779787846 0.12128110488602
0.0288683027585725 0.122492646960859
0.0291569857861582 0.123766142270608
0.0294485556440198 0.125103467816898
0.02974304120046 0.126506552451317
0.0300404716124646 0.127977386984377
0.0303408763285892 0.129518006382831
0.0306442850918751 0.131130505234301
0.0309507279427939 0.132817007742553
0.0312602352222218 0.134579688968703
0.031572837574444 0.136420743374878
0.0318885659501885 0.138342401103387
0.0322074516096904 0.140346889110137
0.0325295261257873 0.142436446419328
0.0328548213870451 0.144613304194619
0.0331833696009156 0.146879641322529
0.0335152032969248 0.149237619980528
0.033850355329894 0.151689303767768
0.0341888588831929 0.15423667968864
0.0345307474720249 0.156881627922072
0.0348760549467451 0.159625859333576
0.0352248154962126 0.162470928543224
0.0355770636511747 0.165418126655305
0.0359328342876865 0.168468695803203
0.0362921626305633 0.171623295617288
0.036655084256869 0.174882373200343
0.0370216350994376 0.178246185603837
0.037391851450432 0.181714530765759
0.0377657699649363 0.185286672428998
0.0381434276645857 0.188961368512295
0.0385248619412316 0.192737237169861
0.0389101105606439 0.196611910316548
0.0392992116662503 0.20058287909715
0.0396922037829128 0.204646892414741
0.0400891258207419 0.208800225041766
0.0404900170789494 0.213038604296082
0.0408949172497389 0.217357219889916
0.0413038664222363 0.221750882414287
0.0417169050864586 0.226214056588936
0.0421340741373232 0.23073997803857
0.0425554148786964 0.235322770539232
0.0429809690274834 0.239955917021984
0.0434107787177582 0.244631717938894
0.0438448865049358 0.249343391421729
0.0442833353699852 0.254083660426786
0.044726168723685 0.258845333112768
0.0451734304109219 0.263621142928543
0.0456251647150311 0.268403971321556
0.0460814163621814 0.273187261551998
0.0465422305258032 0.277963979977327
0.0470076528310613 0.282727936996166
0.0474777293593719 0.287472949158159
0.0479525066529656 0.29219345399599
0.0484320317194952 0.296883987784404
0.0489163520366902 0.301539716479645
0.0494055155570571 0.306156012706636
0.0498995707126277 0.310728784039333
0.0503985664197539 0.315254337151488
0.0509025520839515 0.319729507393656
0.051411577604791 0.324151073079625
0.0519256933808389 0.328516634238427
0.0524449503146473 0.33282406192706
0.0529693998177938 0.337071470749719
0.0534990938159717 0.341257326090047
0.0540340847541314 0.345380459410455
0.0545744256016727 0.349439974484517
0.0551201698576895 0.353435165018582
0.0556713715562664 0.357365721408477
0.056228085271829 0.361231233687561
0.0567903661245473 0.365031906248181
0.0573582697857928 0.36876778280587
0.0579318524836507 0.372439525951581
0.0585111710084872 0.376047241787835
0.0590962827185721 0.379591813782108
0.0596872455457578 0.383073992971354
0.0602841180012154 0.386494434943587
0.0608869591812276 0.389854305340641
0.0614958287730398 0.393154373333716
0.0621107870607702 0.396395898304183
0.0627318949313779 0.399579938652414
0.0633592138806917 0.402707686840084
0.0639928060194986 0.405780321122354
0.0646327340796936 0.408799082733214
0.0652790614204906 0.411765218235116
0.0659318520346955 0.414679966622257
0.06659117055504241 0.417544614622713
0.06725708226059279 0.420360346463584
0.0679296530831988 0.423128548124031
0.0686089496140308 0.4258502996832
0.0692950391101711 0.428527006104415
0.0699879895012728 0.431159795532145
0.0706878693962855 0.43374985073776
0.0713947480902484 0.436298384662239
0.0721086955711509 0.438806454163711
0.0728297825268624 0.44127537722483
0.073558080352131 0.443706070679622
0.07429366115565229 0.446099536670928
0.07503659776720881 0.448457063184506
0.07578696374488091 0.450779333148534
0.0765448333823297 0.453067470963578
0.07731028171615301 0.455322386276097
0.07808338453331461 0.457544973871176
0.0788642183786477 0.459735998186267
0.0796528605624342 0.461896432340144
0.08044938916805849 0.46402683957081
0.0812538830597391 0.466128094626707
0.0820664218903365 0.468200908288482
0.08288708610923989 0.470245899369348
0.08371595697033229 0.472263708681859
0.0845531165400356 0.474254958124124
0.085398647705436 0.476220223997539
0.0862526341824903 0.478159918202539
0.0871151605243152 0.48007463527554
0.0879863121295584 0.481964878294095
0.0888661752508539 0.48383100156459
0.08975483700336249 0.485673481196951
0.09065238537339609 0.487492707146555
0.0915589092271301 0.489288846454838
0.0924744983194014 0.491062475298941
0.0933992433025954 0.49281362183372
0.0943332357356213 0.494542917067958
0.0952765680929776 0.496250273232784
0.0962293337739073 0.497936187135188
0.0971916271116464 0.499600712048208
0.0981635433827629 0.501244177391574
0.0991451788165905 0.502866680417062
0.100136630604756 0.504468450535035
0.101137996910804 0.506049621407336
0.102149376879912 0.507610347983541
0.103170870648711 0.509150798477979
0.104202579355198 0.510671101207917
0.10524460514875 0.512171431155577
0.106297051200238 0.513651822296019
0.10736002171224 0.515112432178448
0.108433621929363 0.516553375252043
0.109517958148656 0.51797473039297
0.110613137730143 0.519376790216372
0.111719269107444 0.520759496368905
0.112836461798519 0.522123035169247
0.113964826416504 0.523467530822194
0.115104474680669 0.524793103714195
0.116255519427476 0.526099877764052
0.11741807462175 0.527388052755949
0.118592255367968 0.528657722852371
0.119778177921647 0.529908989298434
0.120975959700864 0.531142161082287
0.122185719297873 0.532357267519608
0.123407576490851 0.533554528039541
0.12464165225576 0.534734119077122
0.125888068778317 0.535896206107309
0.127146949466101 0.537041014271765
0.128418418960762 0.538168719329808
0.129702603150369 0.539279535024664
0.130999629181873 0.540373682652887
0.132309625473692 0.541451348628891
0.133632721728429 0.542512784374522
0.134969048945713 0.543558199656292
0.13631873943517 0.544587861598917
0.137681926829522 0.545601972696826
0.139058746097817 0.546600777664508
0.140449333558795 0.547584521657805
0.141853826894383 0.548553471169246
0.143272365163327 0.549507843507281
0.14470508881496 0.550447889882667
0.14615213970311 0.551373874464512
0.147613661100141 0.552286017439655
0.149089797711142 0.553184595212138
0.150580695688254 0.554069842090654
0.152086502645136 0.554942028320108
0.153607367671588 0.555801305836593
0.155143441348303 0.556648001360798
0.156694875761787 0.557482309753858
0.158261824519404 0.5583044625519
0.159844442764598 0.559114709831441
0.161442887192244 0.559913222524701
0.163057316064167 0.560700261028735
0.164687889224809 0.561475991066431
0.166334768117057 0.562240652021815
0.167998115798227 0.562994413730999
0.169678096956209 0.5637374793322
0.171374877925772 0.564470028758848
0.173088626705029 0.565192233813418
0.17481951297208 0.565904264245822
0.1765677081018 0.566606278387175
0.178333385182818 0.567298432423408
0.180116719034647 0.567980875795579
0.181917886224993 0.568653754228843
0.183737065087243 0.569317198185525
0.185574435738115 0.569971337932425
0.187430180095497 0.570616294424296
0.189304481896452 0.57125218532142
0.191197526715416 0.571879140674259
0.19310950198257 0.572497284384998
0.195040597002396 0.573106722198633
0.19699100297242 0.573707539724069
0.198960913002144 0.574301433637148
0.200950522132166 0.574893765157294
0.202960027353487 0.57546487102874
0.204989627627022 0.576030443165156
0.207039523903292 0.576587477416593
0.209109919142325 0.577136420919663
0.211201018333748 0.577677199847465
0.213313028517086 0.578209835980956
0.215446158802257 0.578734354687003
0.217600620390279 0.579250779498693
0.219776626594182 0.579759138343862
0.221974392860124 0.580259448062393
0.224194136788725 0.580751729850152
0.226436078156613 0.581236000373053
0.228700438938179 0.581712271070057
0.23098744332756 0.582180553257134
0.233297317760836 0.582640848843009
0.235630290938444 0.583093164085522
0.237986593847829 0.583537496547712
0.240366459786307 0.583973831371285
0.24277012438417 0.584402173911157
0.245197825628012 0.584822510745317
0.247649803884292 0.585234819331834
0.250126301923135 0.585639075544472
0.252627564942366 0.586035268118403
0.25515384059179 0.586423362451053
0.257705378997708 0.586803319259667
0.260282432787685 0.587175119168777
0.262885257115562 0.587538701142653
0.265514109686717 0.5878940395445
0.268169250783585 0.588241077553573
0.27085094329142 0.588579760244489
0.273559452724335 0.588910034312003
0.276295047251578 0.589231836043269
0.279057997724094 0.58954509733096
0.281848577701335 0.589849746235191
0.284667063478348 0.590145698953722
0.287513734113132 0.590432882649141
0.290388871454263 0.590711198825993
0.293292760168805 0.590980560416275
0.296225687770494 0.591240859592166
0.299187944648198 0.591491989021073
0.30217982409468 0.591733843793696
0.305201622335627 0.591966297638169
0.308253638558984 0.59218921878274
0.311336174944573 0.592402482210613
0.314449536694019 0.592605943519068
0.317594032060959 0.592799454099361
0.320769972381569 0.59298285834232
0.323977672105385 0.593155995635368
0.327217448826438 0.593318689791095
0.330489623314703 0.593470758068818
0.33379451954785 0.593612022289455
0.337132464743328 0.593742284143519
0.340503789390762 0.593861336732841
0.343908827284669 0.593968969332606
0.347347915557516 0.594064961982463
0.350821394713091 0.594149086817302
0.354329608660222 0.594221106120909
0.357872904746824 0.594280775792276
0.361451633794292 0.594327840677751
0.365066150132235 0.594362049263398
0.368716811633558 0.59438311842758
0.372403979749893 0.594390783402709
0.376128019547392 0.59438474796924
0.379889299742866 0.59436472732999
0.383688192740295 0.594330425361842
0.387525074667698 0.59428152423684
0.391400325414375 0.594217715024528
0.395314328668518 0.594138673455645
0.399267471955204 0.594044071992844
0.403260146674756 0.593933572971801
0.407292748141503 0.593806826400393
0.411365675622918 0.593663485944417
0.415479332379147 0.593503187711306
0.419634125702939 0.59332556923401
0.423830466959968 0.593130250834637
0.428068771629568 0.592916853046412
0.432349459345864 0.592685078580082
0.436672953939322 0.592434234027417
0.441039683478716 0.592164206295988
0.445450080313503 0.591874471458142
0.449904581116638 0.591564599039095
0.454403626927804 0.59123415174363
0.458947663197082 0.590882675480046
0.463537139829053 0.590509706179907
0.468172511227344 0.590114765112696
0.472854236339617 0.589697365635386
0.477582778703013 0.589256997319324
0.482358606490043 0.588793143165419
0.487182192554944 0.588305265051737
0.492054014480493 0.587792811424502
0.496974554625298 0.587255207488952
0.501944300171551 0.586691873846334
0.506963743173267 0.586102195483666
0.512033380604999 0.585485551458574
0.517153714411049 0.58484127630161
0.52232525155516 0.584168719316595
0.527548504070711 0.58346716834031
0.532823989111418 0.582735919761837
0.538152229002533 0.581974223533215
0.543533751292558 0.581181309284172
0.548969088805484 0.580356392383464
0.554458779693538 0.579498646651778
0.560003367490474 0.578607220494298
0.565603401165378 0.577681238513001
0.571259435177032 0.576719795171391
0.576972029528803 0.57572193423591
0.582741749824091 0.574686706037808
0.588569167322331 0.573613111639191
0.5944548589955549 0.572500073689895
0.60039940758551 0.571346548504219
0.606403401661365 0.570151392431089
0.612467435677979 0.568913500862442
0.618592110034759 0.567631645686698
0.624778031135106 0.56630462646692
0.631025811446457 0.564931146741092
0.637336069560922 0.56350991101964
0.643709430256531 0.562039526944584
0.650146524559097 0.560518619042689
0.656647989804688 0.558945698500685
0.663214469702734 0.557319253738211
0.669846614399762 0.555637716753067
0.6765450805437589 0.553899454716362
0.6833105313491969 0.552102832775479
0.690143636662689 0.550245953147409
0.697045073029316 0.548327108008613
0.704015523759609 0.546344382154386
0.711055678997205 0.544295792193538
0.718166235787177 0.542179278485048
0.725347898145049 0.539992712436403
0.732601377126499 0.5377338856798
0.739927390897764 0.535400379033296
0.747326664806742 0.532989838936937
0.7547999314548089 0.530499699813605
0.762347930769357 0.527927289033412
0.7699714100770511 0.525269823463187
0.777671124177822 0.522524359947319
0.7854478354195999 0.519687865257887
0.793302313773796 0.516756988019948
0.801235336911534 0.513728443326833
0.809247690280649 0.510598598747523
0.817340167183456 0.507363664125393
0.82551356885529 0.504019642137086
0.833768704543843 0.500562163112119
0.842106391589282 0.496988375042227
0.8505274555051739 0.493289396877138
0.8547800927827 0.491388927882489
0.859032730060226 0.489464319495644
0.863327893710527 0.487497266846789
0.867623057360828 0.485506575347004
0.871961172647633 0.483470338454845
0.874130230291035 0.482443155657291
0.876299287934437 0.481409332356949
0.878490036154273 0.480358830028389
0.880680784374109 0.479301738405499
0.882871532593945 0.478238041074247
0.885062280813781 0.477167695466344
0.887274936515815 0.476079825230982
0.88948759221785 0.474985104065346
0.891700247919885 0.473883348647831
0.893912903621919 0.472774775901448
0.898382468140029 0.470513219011074
0.902852032658138 0.46822347419733
0.907366292821429 0.465880222422609
0.91188055298472 0.463506263132512
0.916439955749644 0.461077112211908
0.920999358514567 0.458615593932661
0.92560435530714 0.456095257571699
0.930209352099712 0.453542470799562
0.93951144562071 0.448274575307205
0.948906560076917 0.442809651346324
0.958395625677686 0.437129163712687
0.967979581934463 0.431223995133459
0.977659377753807 0.425080911797946
0.987435971531345 0.418685541682031
0.997310331246659 0.412022392008392
1.00728343455913 0.405073971119203
1.01735626890472 0.397821251944677
1.02752983159376 0.390242814956773
1.0378051299097 0.382314870208428
1.0481831812088 0.374010683324051
1.05866501302089 0.365299775015086
1.0692516631511 0.356147457631538
1.07994417978261 0.346513996198091
1.09074362158043 0.336352965624278
1.10165105779624 0.325610429302006
1.1126675683742 0.314222069298578
1.12379424405794 0.30211065347124
1.13503218649852 0.289181919383619
1.14638250836351 0.275318735888275
1.15784633344714 0.260372217851395
1.16942479678161 0.244148101008422
1.18111904474943 0.226384615941482
1.19293023519692 0.206713922320198
1.20485953754889 0.184579556349907
1.21690813292438 0.159332827951303
1.22299267358901 0.145198240095965
1.22907721425363 0.129881760551539
1.23522260032489 0.113159831998446
1.24136798639616 0.0952746341207061
1.24447140636215 0.0860894208134258
1.24757482632814 0.0770756547558108
1.25067824629413 0.0685387081801583
1.25378166626012 0.0607926229823511
1.25534889334295 0.0572526689803821
1.25691612042577 0.0539739343975451
1.26005057459142 0.0481912584097034
1.26318502875707 0.0433501564402691
1.26631948292272 0.0393091428136415
1.26948528163003 0.0358893190232122
1.27265108033733 0.0329978242320267
1.27581687904464 0.0305274346838679
1.27898267775195 0.0283942560489581
1.28218013444633 0.0265184856246481
1.28537759114071 0.0248689764110446
1.29177250452947 0.0221022370450291
1.29823136705212 0.0198468623803245
1.30469022957477 0.0179850734352934
1.31121368072264 0.0164041693912087
1.31773713187051 0.0150544407297257
1.32432581752987 0.0138762015249736
1.33091450318922 0.0128467778074711
1.33756907570517 0.0119304131821219
1.34422364822111 0.0111163477483795
1.35094476646222 0.0103811961976558
1.35766588470332 0.00971992908437764
1.36445421412684 0.00911622148536738
1.37124254355036 0.0085678960403136
1.38495496898586 0.0076010332740493
1.39880451867572 0.00677830104209995
1.41279256386247 0.00607045761540316
1.4269204895011 0.00545582604688813
1.44118969439611 0.00491804741648607
1.45560159134007 0.00444447887335077
1.47015760725347 0.00402517195411827
1.48485918332601 0.00365217310357356
1.49970777515927 0.00331903009870198
1.51470485291086 0.00302044849793059
1.52985190143997 0.0027520325788689
1.54515042045437 0.00251009752383282
1.56060192465891 0.00229152654911533
1.5762079439055 0.00209366270665007
1.59197002334456 0.00191422511638598
1.607889723578 0.00175124103264344
1.62396862081378 0.00160299628369586
1.64020830702192 0.00146799224838396
1.65661039009214 0.00134491253721868
1.67317649399306 0.00123259498787944
1.68990825893299 0.00113001282140653
1.70680734152232 0.00103624926214343
1.72387541493754 0.000950488930492283
1.74111416908692 0.000872001713773078
1.75852531077779 0.000800132512597652
1.77611056388557 0.000734292096393465
1.79387166952442 0.000673949337285772
1.81181038621967 0.000618624214680082
1.82992849008186 0.000567883045671217
1.84822777498268 0.000521331772832765
1.86671005273251 0.000478613242765699
1.88537715325983 0.000439402696464588
1.90423092479243 0.000403404535166362
1.92327323404036 0.000370349442931105
1.94250596638076 0.000339991860413238
1.96193102604457 0.000312107612328903
1.98155033630501 0.000286491973251347
2.00136583966806 0.000262957776088807
2.02137949806474 0.00024133387169345
2.04159329304539 0.000221463629209191
2.06200922597584 0.000203203656322798
2.0826293182356 0.000186422577247384
2.10345561141796 0.000171000152294686
2.12449016753214 0.000156825977306881
2.14573506920746 0.000143798949070236
2.16719241989954 0.00013182631414227
2.18886434409853 0.000120822966526089
2.21075298753952 0.000110710819840074
2.23286051741491 0.000101418193398828
2.25518912258906 9.28792774445406e-05
2.27774101381495 8.50336362778654e-05
2.3005184239531 7.78257558926047e-05
2.32352360819263 7.12046318314019e-05
2.34675884427456 6.5123385911732e-05
2.3702264327173 5.95389321060586e-05
2.39392869704448 5.44116508259383e-05
2.41786798401492 4.97051044112244e-05
2.44204666385507 4.53857724404814e-05
2.46646713049362 4.1422810170312e-05
2.49113180179856 3.77878290061511e-05
2.51604311981654 3.44546934362896e-05
2.54120355101471 3.13993340730362e-05
2.56661558652486 2.8599582806754e-05
2.5922817423901 2.60350177989898e-05
2.618204559814 2.36868173748224e-05
2.64438660541214 2.15376365084782e-05
2.67083047146627 1.95714858716488e-05
2.69753877618093 1.77736239733235e-05
2.72451416394274 1.61304585592811e-05
2.75175930558217 1.46295022957297e-05
2.77927689863799 1.32592451680895e-05
2.80706966762437 1.20384141805415e-05
2.83514036430061 1.0942260289598e-05
2.86349176794362 9.94120374655742e-06
2.89212668562305 9.0275478415962e-06
2.92104795247928 8.19417894374627e-06
2.95025843200408 7.4345234507583e-06
2.97976101632412 6.74250841700429e-06
3.00955862648736 6.11252512018748e-06
3.03965421275223 5.53939561258472e-06
3.07005075487975 5.01834147923045e-06
3.10075126242855 4.54495487065714e-06
3.13175877505284 4.11517182364697e-06
3.16307636280337 3.72524726635417e-06
3.1947071264314 3.37173197827914e-06
3.22665419769571 3.05145099555142e-06
3.25892073967267 2.76148370394714e-06
3.2915099470694 2.49914508190182e-06
3.32442504654009 2.2619683693336e-06
3.35766929700549 2.04768903339664e-06
3.39124598997555 1.85422957053996e-06
3.4251584498753 1.67968556136079e-06
3.45941003437406 1.52231257229199e-06
3.4940041347178 1.38051399749754e-06
3.52894417606497 1.25282971660506e-06
3.56423361782562 1.13792553262799e-06
3.59987595400388 1.03458334787821e-06
3.63587471354392 9.4169202796546e-07
3.67223346067936 8.58238895034929e-07
3.70895579528615 7.83301831218074e-07
3.74604535323901 7.16041933289667e-07
3.7835058067714 6.55696715463947e-07
3.82134086483912 6.01573784220911e-07
3.85955427348751 5.53044990031995e-07
3.89814981622238 5.09541012470009e-07
3.93713131438461 4.70546342005003e-07
3.97650262752845 4.35594655969409e-07
4.01626765380374 4.04264536387791e-07
4.05643033034178 3.76175529679851e-07
4.09699463364519 3.50984509551398e-07
4.13796457998165 3.2838233182711e-07
4.17934422578146 3.08090756715785e-07
4.22113766803928 2.89859622035757e-07
4.26334904471967 2.73464248479402e-07
4.30598253516687 2.5870306094509e-07
4.34904236051854 2.45395410090873e-07
4.39253278412372 2.33379578960857e-07
4.43645811196496 2.22510961908747e-07
4.48082269308461 2.12660401253648e-07
4.52563092001545 2.03712670906258e-07
4.57088722921561 1.95565094655362e-07
4.61659610150777 1.88126288910152e-07
4.66276206252284 1.81315019581383e-07
4.70938968314807 1.75059164426123e-07
4.75648357997955 1.69294771239947e-07
4.80404841577935 1.63965205214508e-07
4.85208889993714 1.59020376404747e-07
4.90060978893651 1.54416042129876e-07
4.94961588682588 1.50113176362845e-07
4.99911204569414 1.46077401295291e-07
5.04910316615108 1.42278475094385e-07
5.09959419781259 1.38689830976383e-07
5.15059013979072 1.35288162943868e-07
5.20209604118862 1.32053053928427e-07
5.25411700160051 1.2896664241481e-07
5.30665817161651 1.26013324012005e-07
5.35972475333268 1.23179484538845e-07
5.41332200086601 1.20453261802834e-07
5.46745522087467 1.17824333132209e-07
5.52212977308341 1.15283726251571e-07
5.57735107081425 1.12823651130408e-07
5.63312458152239 1.10437350838358e-07
5.68945582733762 1.08118969207477e-07
5.74635038561099 1.05863433944085e-07
5.8038138894671 1.03666353320238e-07
5.86185202836177 1.01523925129666e-07
5.92047054864539 9.94328565916308e-08
5.97967525413184 9.73902940205111e-08
6.03947200667316 9.53937611995075e-08
6.0998667267399 9.34411055041978e-08
6.16086539400729 9.15304509172826e-08
6.22247404794737 8.96601570343309e-08
6.28469878842684 8.78287837012558e-08
6.34754577631111 8.60350601527038e-08
6.41102123407422 8.42778585303634e-08
6.47513144641496 8.25561710172067e-08
6.53988276087911 8.08690902432939e-08
6.60528158848791 7.92157925296291e-08
6.67133440437278 7.75955236182212e-08
6.73804774841651 7.60075865605905e-08
6.80542822590068 7.4451331495822e-08
6.87348250815968 7.29261470572564e-08
6.94221733324128 7.14314531910925e-08
7.01163950657369 6.99666951912739e-08
7.08175590163943 6.85313387791948e-08
7.15257346065582 6.7124866077751e-08
7.22409919526238 6.57467723480578e-08
7.29634018721501 6.4396563373806e-08
7.36930358908716 6.30737533929977e-08
7.44299662497803 6.17778634900361e-08
7.51742659122781 6.05084203728145e-08
7.59260085714009 5.92649554695194e-08
7.66852686571149 5.80470042893195e-08
7.7452121343686 5.68541059988053e-08
7.82266425571229 5.56858031727931e-08
7.90089089826941 5.45416416852986e-08
7.97989980725211 5.3421170708253e-08
8.059698805324629 5.23239427992902e-08
8.14029579337787 5.1249514049137e-08
8.221698751311649 5.01974442773885e-08
8.30391573882477 4.91672972595935e-08
8.38695489621302 4.8158640974059e-08
8.47082444517515 4.71710478586052e-08
8.555532689626901 4.62040950693506e-08
8.64108801652317 4.52573647352942e-08
8.727498896688401 4.43304442035711e-08
8.81477388565529 4.34229262717881e-08
8.902921624511841 4.25344094044051e-08
8.99195084075696 4.1664497931186e-08
9.081870349164531 4.08128022262679e-08
9.172689052656169 3.99789388670743e-08
9.26441594318274 3.91625307725484e-08
9.357060102614559 3.83632073207631e-08
9.45063070364071 3.75806044460852e-08
9.54513701067712 3.68143647164193e-08
9.640588380783891 3.60641373911475e-08
9.736994264591729 3.53295784605884e-08
9.834364207237639 3.4610350667869e-08
9.93270784931002 3.39061235142018e-08
10.0320349278031 3.32165732485418e-08
10.1323552770812 3.25413828428172e-08
10.233678829852 3.18802419536383e-08
10.3360156181505 3.12328468717154e-08
10.439375774332 3.05989004599676e-08
10.5437695320753 2.99781120814553e-08
10.6492072273961 2.93701975181069e-08
10.75569929967 2.8774878881304e-08
10.8632562926667 2.81918845152369e-08
10.9718888555934 2.76209488940561e-08
11.0816077441493 2.70618125136227e-08
11.1924238215908 2.65142217787708e-08
11.3043480598067 2.59779288868718e-08
11.4173915404048 2.54526917084691e-08
11.5315654558088 2.49382736656814e-08
11.6468811103669 2.44344436090618e-08
11.7633499214706 2.39409756935231e-08
11.8809834206853 2.34576492538888e-08
11.9997932548922 2.29842486805999e-08
12.1197911874411 2.25205632960458e-08
12.2409890993155 2.20663872319445e-08
12.3633989903086 2.16215193081419e-08
12.4870329802117 2.1185762913176e-08
12.6119033100138 2.07589258868872e-08
12.738022343114 2.03408204052968e-08
12.8654025665451 1.99312628680356e-08
12.9940565922106 1.95300737883845e-08
13.1239971581327 1.91370776861542e-08
13.255237129714 1.87521029834375e-08
13.3877895010112 1.83749819033575e-08
13.5216673960213 1.8005550371813e-08
13.6568840699815 1.76436479222552e-08
13.7934529106813 1.72891176034896e-08
13.9313874397881 1.69418058904721e-08
14.070701314186 1.66015625980614e-08
14.2114083273278 1.62682407976585e-08
14.3535224106011 1.59416967366789e-08
14.4970576347071 1.56217897607598e-08
14.6420282110542 1.53083822386202e-08
14.7884484931648 1.50013394894781e-08
14.9363329780964 1.47005297129211e-08
15.0856963078774 1.44058239211286e-08
15.2365532709561 1.41170958733402e-08
15.3889188036657 1.38342220124646e-08
15.5428079917024 1.35570814037256e-08
15.6982360716194 1.32855556752407e-08
15.8552184323356 1.30195289604348e-08
16.0137706166589 1.27588878421904e-08
16.1739083228255 1.25035212986442e-08
16.3356474060538 1.22533206505356e-08
16.4990038801143 1.20081795100342e-08
16.6639939189155 1.17679937309535e-08
16.8306338581046 1.15326613602873e-08
16.9989401966857 1.13020825909928e-08
17.1689295986525 1.10761597159599e-08
17.340618894639 1.08547970831008e-08
17.5140250835854 1.06379010518492e-08
17.6891653344213 1.04253799489819e-08
17.8660569877655 1.02171440288228e-08
18.0447175576431 1.00131054309378e-08
18.2251647332196 9.81317814045267e-09
18.4074163805518 9.61727794887693e-09
18.5914905443573 9.42532241574923e-09
18.7774054498009 9.2372308310784e-09
18.9651795042989 9.05292417855357e-09
19.1548312993419 8.87232509949889e-09
19.3463796123353 8.69535785755458e-09
19.5398434084586 8.52194830406448e-09
19.7352418425432 8.35202384415261e-09
19.9325942609687 8.18551340347742e-09
20.1319202035783 8.02234739564614e-09
20.3332394056141 7.86245769029468e-09
20.5365717996703 7.70577758173446e-09
20.741937517667 7.55224175837567e-09
20.9493568928436 7.40178627262202e-09
21.1588504617721 7.25434851145368e-09
21.3704389663898 7.10986716759884e-09
21.5841433560537 6.9682822113019e-09
21.7999847896142 6.82953486268047e-09
22.0179846375104 6.69356756466549e-09
22.2381644838855 6.56032395651567e-09
22.4605461287243 6.42974884789958e-09
22.6851515900116 6.30178819353825e-09
22.9120031059117 6.17638906840119e-09
23.1411231369708 6.05349964344691e-09
23.3725343683405 5.93306916190151e-09
23.6062597120239 5.81504791606633e-09
23.8423223091442 5.69938722464647e-09
24.0807455322356 5.58603941059175e-09
24.321552987558 5.47495777944072e-09
24.5647685174336 5.36609659815918e-09
24.8104162026079 5.25941107446354e-09
25.058520364634 5.15485733661918e-09
25.3091055682803 5.05239241370486e-09
25.5621966239631 4.9519742163324e-09
25.8178185902027 4.85356151781243e-09
26.0759967761048 4.75711393575565e-09
26.3367567438658 4.66259191409994e-09
26.6001243113045 4.56995670555262e-09
26.8661255544175 4.47917035443873e-09
27.1347868099617 4.3901956799443e-09
27.4061346780613 4.30299625974564e-09
27.6801960248419 4.21753641401406e-09
27.9569979850903 4.13378118978703e-09
28.2365679649412 4.05169634569586e-09
28.5189336445907 3.97124833704067e-09
28.8041229810366 3.89240430120389e-09
29.0921642108469 3.81513204339269e-09
29.3830858529554 3.73940002270237e-09
29.676916711485 3.66517733849194e-09
29.9736858785998 3.59243371706369e-09
30.2734227373858 3.52113949863862e-09
30.5761569647597 3.45126562462046e-09
30.8819185344073 3.38278362514036e-09
31.1907377197513 3.31566560687514e-09
31.5026450969488 3.24988424113212e-09
31.8176715479183 3.18541275219377e-09
32.1358482633975 3.12222490591559e-09
32.4572067460315 3.06029499857089e-09
32.7817788134918 2.99959784593642e-09
33.1095966016267 2.94010877261298e-09
33.440692567643 2.88180360157536e-09
33.7750994933194 2.82465864394621e-09
34.1128504882526 2.76865068898856e-09
34.4539789931351 2.71375699431238e-09
34.7985187830665 2.65995527629018e-09
35.1465039708972 2.60722370067788e-09
35.4979690106061 2.55554087343692e-09
35.8529487007122 2.504885831755e-09
36.2114781877193 2.45523803526394e-09
36.5735929695965 2.40657735745524e-09
36.9393288992925 2.3588840772987e-09
37.3087221882854 2.3121388710783e-09
37.6818094101683 2.2663228044796e-09
38.0586275042699 2.22141732501344e-09
38.4392137793127 2.17740425500166e-09
38.8236059171058 2.13426578582894e-09
39.2118419762768 2.09198447626952e-09
39.6039603960396 2.05054327264936e-09
40 2.00992338346648e-09
