-40 -1e-06
-39.6039603960396 -1e-06
-39.2118419762768 -1e-06
-38.8236059171058 -1e-06
-38.4392137793127 -1e-06
-38.0586275042699 -1e-06
-37.6818094101683 -1e-06
-37.3087221882854 -1e-06
-36.9393288992925 -1e-06
-36.5735929695965 -1e-06
-36.2114781877193 -1e-06
-35.8529487007122 -1e-06
-35.4979690106061 -1e-06
-35.1465039708972 -1e-06
-34.7985187830665 -1e-06
-34.4539789931351 -1e-06
-34.1128504882526 -1e-06
-33.7750994933194 -1e-06
-33.440692567643 -1e-06
-33.1095966016267 -1e-06
-32.7817788134918 -1e-06
-32.4572067460315 -1e-06
-32.1358482633975 -1e-06
-31.8176715479183 -1e-06
-31.5026450969488 -1e-06
-31.1907377197513 -1e-06
-30.8819185344073 -1e-06
-30.5761569647597 -1e-06
-30.2734227373858 -1e-06
-29.9736858785998 -1e-06
-29.676916711485 -1e-06
-29.3830858529554 -1e-06
-29.0921642108469 -1e-06
-28.8041229810366 -1e-06
-28.5189336445907 -1e-06
-28.2365679649412 -1e-06
-27.9569979850903 -1e-06
-27.6801960248419 -1e-06
-27.4061346780613 -1e-06
-27.1347868099617 -1e-06
-26.8661255544175 -1e-06
-26.6001243113045 -1e-06
-26.3367567438658 -1e-06
-26.0759967761048 -1e-06
-25.8178185902027 -1e-06
-25.5621966239631 -1e-06
-25.3091055682803 -1e-06
-25.058520364634 -1e-06
-24.8104162026079 -1e-06
-24.5647685174336 -1e-06
-24.321552987558 -1e-06
-24.0807455322356 -1e-06
-23.8423223091442 -1e-06
-23.6062597120239 -1e-06
-23.3725343683405 -1e-06
-23.1411231369708 -1e-06
-22.9120031059117 -1e-06
-22.6851515900116 -1e-06
-22.4605461287243 -1e-06
-22.2381644838855 -1e-06
-22.0179846375104 -1e-06
-21.7999847896142 -1e-06
-21.5841433560537 -1e-06
-21.3704389663898 -1e-06
-21.1588504617721 -1e-06
-20.9493568928436 -1e-06
-20.741937517667 -1e-06
-20.5365717996703 -1e-06
-20.3332394056141 -1e-06
-20.1319202035783 -1e-06
-19.9325942609687 -1e-06
-19.7352418425432 -1e-06
-19.5398434084586 -1e-06
-19.3463796123353 -1e-06
-19.1548312993419 -1e-06
-18.9651795042989 -1e-06
-18.7774054498009 -1e-06
-18.5914905443573 -1e-06
-18.4074163805518 -1e-06
-18.2251647332196 -1e-06
-18.0447175576431 -1e-06
-17.8660569877655 -1e-06
-17.6891653344213 -1e-06
-17.5140250835854 -1e-06
-17.340618894639 -1e-06
-17.1689295986525 -1e-06
-16.9989401966857 -1e-06
-16.8306338581046 -1e-06
-16.6639939189155 -1e-06
-16.4990038801143 -1e-06
-16.3356474060538 -1e-06
-16.1739083228255 -1e-06
-16.0137706166589 -1e-06
-15.8552184323356 -1e-06
-15.6982360716194 -1e-06
-15.5428079917024 -1e-06
-15.3889188036657 -1e-06
-15.2365532709561 -1e-06
-15.0856963078774 -1e-06
-14.9363329780964 -1e-06
-14.7884484931648 -1e-06
-14.6420282110542 -1e-06
-14.4970576347071 -1e-06
-14.3535224106011 -1e-06
-14.2114083273278 -1e-06
-14.070701314186 -1e-06
-13.9313874397881 -1e-06
-13.7934529106813 -1e-06
-13.6568840699815 -1e-06
-13.5216673960213 -1e-06
-13.3877895010112 -1e-06
-13.255237129714 -1e-06
-13.1239971581327 -1e-06
-12.9940565922106 -1e-06
-12.8654025665451 -1e-06
-12.738022343114 -1e-06
-12.6119033100138 -1e-06
-12.4870329802117 -1e-06
-12.3633989903086 -1e-06
-12.2409890993155 -1e-06
-12.1197911874411 -1e-06
-11.9997932548922 -1e-06
-11.8809834206853 -1e-06
-11.7633499214706 -1e-06
-11.6468811103669 -1e-06
-11.5315654558088 -1e-06
-11.4173915404048 -1e-06
-11.3043480598067 -1e-06
-11.1924238215908 -1e-06
-11.0816077441493 -1e-06
-10.9718888555934 -1e-06
-10.8632562926667 -1e-06
-10.75569929967 -1e-06
-10.6492072273961 -1e-06
-10.5437695320753 -1e-06
-10.439375774332 -1e-06
-10.3360156181505 -1e-06
-10.233678829852 -1e-06
-10.1323552770812 -1e-06
-10.0320349278031 -1e-06
-9.93270784931002 -1e-06
-9.834364207237639 -1e-06
-9.736994264591729 -1e-06
-9.640588380783891 -1e-06
-9.54513701067712 -1e-06
-9.45063070364071 -1e-06
-9.357060102614559 -1e-06
-9.26441594318274 -1e-06
-9.172689052656169 -1e-06
-9.081870349164531 -1e-06
-8.99195084075696 -1e-06
-8.902921624511841 -1e-06
-8.81477388565529 -1e-06
-8.727498896688401 -1e-06
-8.64108801652317 -1e-06
-8.555532689626901 -1e-06
-8.47082444517515 -1e-06
-8.38695489621302 -1e-06
-8.30391573882477 -1e-06
-8.221698751311649 -1e-06
-8.14029579337787 -1e-06
-8.059698805324629 -1e-06
-7.97989980725211 -1e-06
-7.90089089826941 -1e-06
-7.82266425571229 -1e-06
-7.7452121343686 -1e-06
-7.66852686571149 -1e-06
-7.59260085714009 -1e-06
-7.51742659122781 -1e-06
-7.44299662497803 -1e-06
-7.36930358908716 -1e-06
-7.29634018721501 -1e-06
-7.22409919526238 -1e-06
-7.15257346065582 -1e-06
-7.08175590163943 -1e-06
-7.01163950657369 -1e-06
-6.94221733324128 -1e-06
-6.87348250815968 -1e-06
-6.80542822590068 -1e-06
-6.73804774841651 -1e-06
-6.67133440437278 -1e-06
-6.60528158848791 -1e-06
-6.53988276087911 -1e-06
-6.47513144641496 -1e-06
-6.41102123407422 -1e-06
-6.34754577631111 -1e-06
-6.28469878842684 -1e-06
-6.22247404794737 -1e-06
-6.16086539400729 -1e-06
-6.0998667267399 -1e-06
-6.03947200667316 -1e-06
-5.97967525413184 -1e-06
-5.92047054864539 -1e-06
-5.86185202836177 -1e-06
-5.8038138894671 -1e-06
-5.74635038561099 -1e-06
-5.68945582733762 -1e-06
-5.63312458152239 -1e-06
-5.57735107081425 -1e-06
-5.52212977308341 -1e-06
-5.46745522087467 -1e-06
-5.41332200086601 -1e-06
-5.35972475333268 -1e-06
-5.30665817161651 -1e-06
-5.25411700160051 -1e-06
-5.20209604118862 -1e-06
-5.15059013979072 -1e-06
-5.09959419781259 -1e-06
-5.04910316615108 -1e-06
-4.99911204569414 -1e-06
-4.94961588682588 -1e-06
-4.90060978893651 -1e-06
-4.85208889993714 -1e-06
-4.80404841577935 -1e-06
-4.75648357997955 -1e-06
-4.70938968314807 -1e-06
-4.66276206252284 -1e-06
-4.61659610150777 -1e-06
-4.57088722921561 -1e-06
-4.52563092001545 -1e-06
-4.48082269308461 -1e-06
-4.43645811196496 -1e-06
-4.39253278412372 -1e-06
-4.34904236051854 -1e-06
-4.30598253516687 -1e-06
-4.26334904471967 -1e-06
-4.22113766803928 -1e-06
-4.17934422578146 -1e-06
-4.13796457998165 -1e-06
-4.09699463364519 -1e-06
-4.05643033034178 -1e-06
-4.01626765380374 -1e-06
-3.97650262752845 -1e-06
-3.93713131438461 -1.0518033755881e-06
-3.89814981622238 -1.19017943675095e-06
-3.85955427348751 -1.34494070062133e-06
-3.82134086483912 -1.51770602865471e-06
-3.7835058067714 -1.71022631328363e-06
-3.74604535323901 -1.92439302029362e-06
-3.70895579528615 -2.1622471255185e-06
-3.67223346067936 -2.42598845873673e-06
-3.63587471354392 -2.71798546296435e-06
-3.59987595400388 -3.04078537453561e-06
-3.56423361782562 -3.39712483548044e-06
-3.52894417606497 -3.78994093925709e-06
-3.4940041347178 -4.22238272237354e-06
-3.45941003437406 -4.69782309647114e-06
-3.4251584498753 -5.21987123054295e-06
-3.39124598997555 -5.79238538026972e-06
-3.35766929700549 -6.4194861848893e-06
-3.32442504654009 -7.10557030365333e-06
-3.2915099470694 -7.85532468069933e-06
-3.25892073967267 -8.67374105165511e-06
-3.22665419769571 -9.56613098037429e-06
-3.1947071264314 -1.05381412211446e-05
-3.16307636280337 -1.1595769485055e-05
-3.13175877505284 -1.27453806118915e-05
-3.10075126242855 -1.39937230078127e-05
-3.07005075487975 -1.5347945393003e-05
-3.03965421275223 -1.68156139362383e-05
-3.00955862648736 -1.84047293901916e-05
-2.97976101632412 -2.01237446692999e-05
-2.95025843200408 -2.19815823454048e-05
-2.92104795247928 -2.39876525147835e-05
-2.89212668562305 -2.61518704796252e-05
-2.86349176794362 -2.84846745618776e-05
-2.83514036430061 -3.09970438790545e-05
-2.80706966762437 -3.37005159072063e-05
-2.77927689863799 -3.6607204082027e-05
-2.75175930558217 -3.97298151276862e-05
-2.72451416394274 -4.30816660445159e-05
-2.69753877618093 -4.66767010329292e-05
-2.67083047146627 -5.05295079086065e-05
-2.64438660541214 -5.46553344813315e-05
-2.618204559814 -5.90701037222655e-05
-2.5922817423901 -6.3790430049413e-05
-2.56661558652486 -6.88336344433239e-05
-2.54120355101471 -7.42177587112241e-05
-2.51604311981654 -7.9961579316374e-05
-2.49113180179856 -8.6084622682078e-05
-2.46646713049362 -9.26071794150625e-05
-2.44204666385507 -9.95503171789458e-05
-2.41786798401492 -0.000106935893953041
-2.39392869704448 -0.00011478657448704
-2.3702264327173 -0.000123125842199781
-2.34675884427456 -0.000131978014544734
-2.32352360819263 -0.000141368259557625
-2.3005184239531 -0.000151322608750803
-2.27774101381495 -0.000161867978116981
-2.25518912258906 -0.000173032184315111
-2.23286051741491 -0.000184843966424452
-2.21075298753952 -0.00019733300554483
-2.18886434409853 -0.000210529950624065
-2.16719241989954 -0.00022446644282222
-2.14573506920746 -0.000239175157839699
-2.12449016753214 -0.000254689817626951
-2.10345561141796 -0.000271045241436182
-2.0826293182356 -0.000288277383025013
-2.06200922597584 -0.00030642337539034
-2.04159329304539 -0.000325521574421091
-2.02137949806474 -0.000345611642454228
-2.00136583966806 -0.000366734548532598
-1.98155033630501 -0.000388932695074136
-1.96193102604457 -0.000412249956772918
-1.94250596638076 -0.000436731767210627
-1.92327323404036 -0.000462425196680549
-1.90423092479243 -0.000489379051020482
-1.88537715325983 -0.000517643967275148
-1.86671005273251 -0.00054727249762966
-1.84822777498268 -0.000578319232366624
-1.82992849008186 -0.000610840936318818
-1.81181038621967 -0.000644896655260459
-1.79387166952442 -0.000680547783683937
-1.77611056388557 -0.000717858288373511
-1.75852531077779 -0.000756894819101465
-1.74111416908692 -0.000797726793119285
-1.72387541493754 -0.000840426583008551
-1.70680734152232 -0.000885069666165509
-1.68990825893299 -0.000931734781487331
-1.67317649399306 -0.00098050394174404
-1.65661039009214 -0.00103146278495956
-1.64020830702192 -0.00108470053226867
-1.62396862081378 -0.00114031020571439
-1.607889723578 -0.00119838865331205
-1.59197002334456 -0.00125903681928209
-1.5762079439055 -0.00132235966938275
-1.56060192465891 -0.00138846641444534
-1.54515042045437 -0.00145747041363872
-1.52985190143997 -0.00152948931428281
-1.51470485291086 -0.00160464519222774
-1.49970777515927 -0.00168306427867003
-1.48485918332601 -0.00176487712845637
-1.47015760725347 -0.00185021848789592
-1.45560159134007 -0.00193922725639271
-1.44118969439611 -0.00203204603291744
-1.4269204895011 -0.00212882172714655
-1.41279256386247 -0.00222970427298795
-1.39880451867572 -0.0023348476580227
-1.38495496898586 -0.00244440626380662
-1.37124254355036 -0.00255854481096072
-1.36445421412684 -0.00261723112580003
-1.35766588470332 -0.00267741971887426
-1.35094476646222 -0.00273853121566182
-1.34422364822111 -0.00280119670651565
-1.33756907570517 -0.00286481476938839
-1.33091450318922 -0.00293004081387985
-1.32432581752987 -0.00299624811882865
-1.31773713187051 -0.00306411802669274
-1.31121368072264 -0.00313299756755185
-1.30469022957477 -0.00320359488422515
-1.29823136705212 -0.00327522971712473
-1.29177250452947 -0.00334863669387955
-1.28537759114071 -0.00342311024647019
-1.28218013444633 -0.00346102898657882
-1.27898267775195 -0.00349941129666429
-1.27581687904464 -0.00353787511082557
-1.27265108033733 -0.00357680381525287
-1.26948528163003 -0.00361620361851871
-1.26631948292272 -0.00365608028312502
-1.26318502875707 -0.00369603750607493
-1.26005057459142 -0.0037364733354356
-1.25691612042577 -0.00377739460665284
-1.25534889334295 -0.00379803855816264
-1.25378166626012 -0.00381880613923405
-1.25067824629413 -0.00386029666225795
-1.24757482632814 -0.00390227971376301
-1.24447140636215 -0.0039447617037467
-1.24136798639616 -0.0039877470786824
-1.23522260032489 -0.00407438035845207
-1.22907721425363 -0.00416305854854408
-1.22299267358901 -0.00425292601174216
-1.21690813292438 -0.00434489023917628
-1.20485953754889 -0.00453339413276547
-1.19293023519692 -0.00472868930606627
-1.18111904474943 -0.00493092578804974
-1.16942479678161 -0.00514021955142826
-1.15784633344714 -0.00535668515371517
-1.14638250836351 -0.00558042673619514
-1.13503218649852 -0.00581153748667798
-1.12379424405794 -0.00605009903373405
-1.1126675683742 -0.00629618034911868
-1.10165105779624 -0.00654983701328353
-1.09074362158043 -0.00681111036169819
-1.07994417978261 -0.00708002685942332
-1.0692516631511 -0.00735659750920858
-1.05866501302089 -0.00764081665413507
-1.0481831812088 -0.0079326623460649
-1.0378051299097 -0.00823209480001707
-1.02752983159376 -0.00853905737204889
-1.01735626890472 -0.00885347483750014
-1.00728343455913 -0.0091752543477415
-0.997310331246659 -0.00950428315646925
-0.987435971531345 -0.00984043330999885
-0.977659377753807 -0.0101835560399383
-0.967979581934463 -0.0105334858135967
-0.958395625677686 -0.0108900396974836
-0.948906560076917 -0.0112530172779696
-0.93951144562071 -0.0116221899861056
-0.930209352099712 -0.0119973650938241
-0.92560435530714 -0.012186629237154
-0.920999358514567 -0.012378251465502
-0.916439955749644 -0.0125702808741468
-0.91188055298472 -0.0127646047495456
-0.907366292821429 -0.012959259559576
-0.902852032658138 -0.0131561518068767
-0.898382468140029 -0.0133532867507043
-0.893912903621919 -0.0135526047881646
-0.891700247919885 -0.0136520764971965
-0.88948759221785 -0.0137520793937317
-0.887274936515815 -0.0138526094167548
-0.885062280813781 -0.0139536661973879
-0.882871532593945 -0.0140542395892876
-0.880680784374109 -0.0141553259061591
-0.878490036154273 -0.0142569237396889
-0.876299287934437 -0.0143590312630751
-0.874130230291035 -0.0144606283190247
-0.871961172647633 -0.0145627193858215
-0.867623057360828 -0.0147683866140162
-0.863327893710527 -0.0149739415208441
-0.859032730060226 -0.0151814033688858
-0.8547800927827 -0.0153886714269365
-0.8505274555051739 -0.0155977608100722
-0.842106391589282 -0.0160171388553239
-0.833768704543843 -0.0164391705203169
-0.82551356885529 -0.0168635542679137
-0.817340167183456 -0.0172899420584218
-0.809247690280649 -0.017718002195948
-0.801235336911534 -0.0181474031918191
-0.793302313773796 -0.0185778203846927
-0.7854478354195999 -0.0190089327105603
-0.777671124177822 -0.0194404267847923
-0.7699714100770511 -0.0198719949967718
-0.762347930769357 -0.0203033422254837
-0.7547999314548089 -0.0207341788260425
-0.747326664806742 -0.0211642294560615
-0.739927390897764 -0.0215932276833341
-0.732601377126499 -0.0220209205924063
-0.725347898145049 -0.0224470672265868
-0.718166235787177 -0.0228714384904269
-0.711055678997205 -0.0232938154654358
-0.704015523759609 -0.0237140186425509
-0.697045073029316 -0.0241318333515901
-0.690143636662689 -0.0245471009957165
-0.6833105313491969 -0.0249596591999174
-0.6765450805437589 -0.0253693678120112
-0.669846614399762 -0.0257760936584132
-0.663214469702734 -0.0261797198848128
-0.656647989804688 -0.0265801427277151
-0.650146524559097 -0.0269772720332104
-0.643709430256531 -0.0273710305773735
-0.637336069560922 -0.0277613550963744
-0.631025811446457 -0.0281481885965452
-0.624778031135106 -0.028531493330923
-0.618592110034759 -0.0289112386297227
-0.612467435677979 -0.0292874064658713
-0.606403401661365 -0.0296599818274874
-0.60039940758551 -0.0300289731345133
-0.5944548589955549 -0.0303943859127894
-0.588569167322331 -0.0307562478153597
-0.582741749824091 -0.0311145748507533
-0.576972029528803 -0.0314694084324066
-0.571259435177032 -0.0318207895051525
-0.565603401165378 -0.0321687707770621
-0.560003367490474 -0.032513406966185
-0.554458779693538 -0.0328547594063348
-0.548969088805484 -0.0331928989479784
-0.543533751292558 -0.033527896113823
-0.538152229002533 -0.0338598312292417
-0.532823989111418 -0.0341887869270709
-0.527548504070711 -0.0345148480156811
-0.52232525155516 -0.0348381048848155
-0.517153714411049 -0.0351586505816352
-0.512033380604999 -0.0354765760826357
-0.506963743173267 -0.0357919908723396
-0.501944300171551 -0.0361049829289098
-0.496974554625298 -0.0364156561994511
-0.492054014480493 -0.0367241142040429
-0.487182192554944 -0.0370304476724659
-0.482358606490043 -0.0373347719899717
-0.477582778703013 -0.0376371902451147
-0.472854236339617 -0.0379377846788241
-0.468172511227344 -0.0382366674877175
-0.463537139829053 -0.0385339312877013
-0.458947663197082 -0.0388296721752999
-0.454403626927804 -0.0391239698034276
-0.449904581116638 -0.0394169422852408
-0.445450080313503 -0.0397086488835157
-0.441039683478716 -0.03999917860871
-0.436672953939322 -0.0402886091606587
-0.432349459345864 -0.0405770133210584
-0.428068771629568 -0.0408644622341711
-0.423830466959968 -0.0411510149458156
-0.419634125702939 -0.0414367358300317
-0.415479332379147 -0.041721672570531
-0.411365675622918 -0.0420058787720814
-0.407292748141503 -0.0422893939512402
-0.403260146674756 -0.0425722534666272
-0.399267471955204 -0.0428544959236217
-0.395314328668518 -0.0431361427933975
-0.391400325414375 -0.0434172172187434
-0.387525074667698 -0.0436977336641561
-0.383688192740295 -0.0439777034202375
-0.379889299742866 -0.044257134252374
-0.376128019547392 -0.0445360238180005
-0.372403979749893 -0.0448143732059006
-0.368716811633558 -0.0450921732594678
-0.365066150132235 -0.0453694132308303
-0.361451633794292 -0.0456460773845871
-0.357872904746824 -0.0459221513414999
-0.354329608660222 -0.0461976092697997
-0.350821394713091 -0.0464724347989934
-0.347347915557516 -0.0467465982519174
-0.343908827284669 -0.0470200727836241
-0.340503789390762 -0.0472928364443955
-0.337132464743328 -0.0475648516761631
-0.33379451954785 -0.0478360950012852
-0.330489623314703 -0.0481065356494905
-0.327217448826438 -0.0483761446756012
-0.323977672105385 -0.0486448915548373
-0.320769972381569 -0.0489127548903897
-0.317594032060959 -0.0491797004981556
-0.314449536694019 -0.0494457095091412
-0.311336174944573 -0.0497107539011558
-0.308253638558984 -0.0499748175041342
-0.305201622335627 -0.0502378765318637
-0.30217982409468 -0.0504999215243851
-0.299187944648198 -0.0507609311919555
-0.296225687770494 -0.0510209006799579
-0.293292760168805 -0.0512798167553392
-0.290388871454263 -0.051537678923251
-0.287513734113132 -0.0517944798906799
-0.284667063478348 -0.0520502212136884
-0.281848577701335 -0.0523049084189169
-0.279057997724094 -0.0525585420919034
-0.276295047251578 -0.0528111356451817
-0.273559452724335 -0.0530626964673497
-0.27085094329142 -0.0533132386875107
-0.268169250783585 -0.0535627767839338
-0.265514109686717 -0.0538113263891559
-0.262885257115562 -0.0540589098485454
-0.260282432787685 -0.0543055413501956
-0.257705378997708 -0.0545512505541006
-0.25515384059179 -0.0547960500926639
-0.252627564942366 -0.055039965979032
-0.250126301923135 -0.0552830229019195
-0.247649803884292 -0.0555252444344142
-0.245197825628012 -0.0557666478165354
-0.24277012438417 -0.0560072577538276
-0.240366459786307 -0.0562470979594949
-0.237986593847829 -0.0564861877628752
-0.235630290938444 -0.0567245408491962
-0.233297317760836 -0.0569621798360018
-0.23098744332756 -0.0571991183578532
-0.228700438938179 -0.0574353649054326
-0.226436078156613 -0.0576709383691007
-0.224194136788725 -0.0579058396382827
-0.221974392860124 -0.058140076902445
-0.219776626594182 -0.0583736503130378
-0.217600620390279 -0.0586065621911732
-0.215446158802257 -0.0588388021736346
-0.213313028517086 -0.0590703650031968
-0.211201018333748 -0.0593012318817891
-0.209109919142325 -0.059531381540954
-0.207039523903292 -0.0597607742205692
-0.204989627627022 -0.0599893371981954
-0.202960027353487 -0.0602171449376977
-0.200950522132166 -0.0604422655326008
-0.198960913002144 -0.0606749763136209
-0.19699100297242 -0.0609031975703918
-0.195040597002396 -0.0611292177513375
-0.19310950198257 -0.0613542432021172
-0.191197526715416 -0.0615783140144214
-0.189304481896452 -0.0618014468486697
-0.187430180095497 -0.0620236317231177
-0.185574435738115 -0.0622448553398881
-0.183737065087243 -0.0624650917531284
-0.181917886224993 -0.062684321979982
-0.180116719034647 -0.06290251147411
-0.178333385182818 -0.0631196410280498
-0.1765677081018 -0.0633356789429994
-0.17481951297208 -0.0635506024466676
-0.173088626705029 -0.0637643833397993
-0.171374877925772 -0.0639769985607256
-0.169678096956209 -0.0641884261310431
-0.167998115798227 -0.064398641023237
-0.166334768117057 -0.0646076289920122
-0.164687889224809 -0.0648153709821621
-0.163057316064167 -0.0650218514682915
-0.161442887192244 -0.0652270592518312
-0.159844442764598 -0.0654309780503728
-0.158261824519404 -0.0656336163799993
-0.156694875761787 -0.0658349536578434
-0.155143441348303 -0.0660349962636233
-0.153607367671588 -0.0662337366607882
-0.152086502645136 -0.0664311897470665
-0.150580695688254 -0.0666273520257906
-0.149089797711142 -0.0668222361229788
-0.147613661100141 -0.0670158574875829
-0.14615213970311 -0.0672082257766466
-0.14470508881496 -0.0673993616580619
-0.143272365163327 -0.0675892753532579
-0.141853826894383 -0.0677780150818335
-0.140449333558795 -0.0679655748955641
-0.139058746097817 -0.0681519972843944
-0.137681926829522 -0.0683373059437947
-0.13631873943517 -0.0685215408474563
-0.134969048945713 -0.0687047174064729
-0.133632721728429 -0.0688868764601497
-0.132309625473692 -0.0690680606627802
-0.130999629181873 -0.0692482955321508
-0.129702603150369 -0.0694276224974388
-0.128418418960762 -0.0696060795182357
-0.127146949466101 -0.0697837042326287
-0.125888068778317 -0.0699605145665453
-0.12464165225576 -0.0701366126584063
-0.123407576490851 -0.0703119740301446
-0.122185719297873 -0.0704866567846932
-0.120975959700864 -0.0706607017815856
-0.119778177921647 -0.0708341460123563
-0.118592255367968 -0.0710070250241222
-0.11741807462175 -0.0711793786184648
-0.116255519427476 -0.0713512349749846
-0.115104474680669 -0.0715226401724186
-0.113964826416504 -0.0716936129184002
-0.112836461798519 -0.0718641896306845
-0.111719269107444 -0.0720344025571711
-0.110613137730143 -0.0722042794049172
-0.109517958148656 -0.0723738460093343
-0.108433621929363 -0.0725431310291124
-0.10736002171224 -0.0727121480615252
-0.106297051200238 -0.0728809344775914
-0.10524460514875 -0.0730495042930466
-0.104202579355198 -0.0732178716318574
-0.103170870648711 -0.0733860579941514
-0.102149376879912 -0.0735540791111854
-0.101137996910804 -0.0737219486500325
-0.100136630604756 -0.073889682908286
-0.0991451788165905 -0.0740572911583755
-0.0981635433827629 -0.0742247838831003
-0.0971916271116464 -0.0743921719613125
-0.0962293337739073 -0.0745594674061049
-0.0952765680929776 -0.0747266779973043
-0.0943332357356213 -0.0748938111749351
-0.0933992433025954 -0.0750608773952793
-0.0924744983194014 -0.0752278769790795
-0.0915589092271301 -0.075394830461779
-0.09065238537339609 -0.0755617427015867
-0.08975483700336249 -0.0757286239003529
-0.0888661752508539 -0.0758954820832601
-0.0879863121295584 -0.076062325499241
-0.0871151605243152 -0.0762291761466266
-0.0862526341824903 -0.0763960391980143
-0.085398647705436 -0.0765629388707735
-0.0845531165400356 -0.0767298878308491
-0.08371595697033229 -0.0768969116826759
-0.08288708610923989 -0.0770640281480119
-0.0820664218903365 -0.0772312666193572
-0.0812538830597391 -0.0773986516182197
-0.08044938916805849 -0.0775662169107281
-0.0796528605624342 -0.0777339935948253
-0.0788642183786477 -0.0779020180510369
-0.07808338453331461 -0.0780703414485394
-0.07731028171615301 -0.0782389949299353
-0.0765448333823297 -0.0784080257545825
-0.07578696374488091 -0.0785774947116171
-0.07503659776720881 -0.0787474450890524
-0.07429366115565229 -0.0789179388552667
-0.073558080352131 -0.0790890354740694
-0.0728297825268624 -0.0792607952892274
-0.0721086955711509 -0.0794332940894594
-0.0713947480902484 -0.0796065908582917
-0.0706878693962855 -0.0797807603407052
-0.0699879895012728 -0.0799558771922283
-0.0692950391101711 -0.0801320222426607
-0.0686089496140308 -0.0803092713384769
-0.0679296530831988 -0.0804877053409432
-0.06725708226059279 -0.0806674104642836
-0.06659117055504241 -0.08084845579044
-0.0659318520346955 -0.0810309471695525
-0.0652790614204906 -0.0812149611450061
-0.0646327340796936 -0.0814005801088363
-0.0639928060194986 -0.0815878857083613
-0.0633592138806917 -0.0817769672119886
-0.0627318949313779 -0.081967913035564
-0.0621107870607702 -0.0821607963539708
-0.0614958287730398 -0.0823557104670044
-0.0608869591812276 -0.0825527138043237
-0.0602841180012154 -0.0827519167284153
-0.0596872455457578 -0.0829533661275396
-0.0590962827185721 -0.0831571409244918
-0.0585111710084872 -0.0833633177486532
-0.0579318524836507 -0.0835719590851625
-0.0573582697857928 -0.0837831270295983
-0.0567903661245473 -0.0839968828273773
-0.056228085271829 -0.0842132830275424
-0.0556713715562664 -0.0844323794855879
-0.0551201698576895 -0.0846542176423232
-0.0545744256016727 -0.0848788599348126
-0.0540340847541314 -0.0851063242757231
-0.0534990938159717 -0.0853366589759451
-0.0529693998177938 -0.0855699017413025
-0.0524449503146473 -0.0858060815346969
-0.0519256933808389 -0.0860452235263122
-0.051411577604791 -0.0862873475920782
-0.0509025520839515 -0.08653249421238
-0.0503985664197539 -0.0867806573509194
-0.0498995707126277 -0.0870318762915458
-0.0494055155570571 -0.0872861607271872
-0.0489163520366902 -0.0875435220284042
-0.0484320317194952 -0.0878039597704223
-0.0479525066529656 -0.0880674876705204
-0.0474777293593719 -0.0883341264967648
-0.0470076528310613 -0.0886038807675205
-0.0465422305258032 -0.0888767535221397
-0.0460814163621814 -0.0891527507220553
-0.0456251647150311 -0.0894318956943134
-0.0451734304109219 -0.0897142005446859
-0.044726168723685 -0.0899996575961167
-0.0442833353699852 -0.0902882893989232
-0.0438448865049358 -0.0905801082444186
-0.0434107787177582 -0.0908751343498533
-0.0429809690274834 -0.091173383721133
-0.0425554148786964 -0.0914748598899518
-0.0421340741373232 -0.0917796116403872
-0.0417169050864586 -0.0920876526546886
-0.0413038664222363 -0.0923990192600601
-0.0408949172497389 -0.0927137299085552
-0.0404900170789494 -0.0930318225557984
-0.0400891258207419 -0.09335333162618
-0.0396922037829128 -0.093678300724722
-0.0392992116662503 -0.0940067640730121
-0.0389101105606439 -0.094338768552307
-0.0385248619412316 -0.0946743512294854
-0.0381434276645857 -0.0950135843756097
-0.0377657699649363 -0.0953564802652498
-0.037391851450432 -0.0957031297379845
-0.0370216350994376 -0.0960535284344057
-0.036655084256869 -0.0964078024922953
-0.0362921626305633 -0.0967659381712524
-0.0359328342876865 -0.0971280293130453
-0.0355770636511747 -0.0974940997348024
-0.0352248154962126 -0.0978642122908532
-0.0348760549467451 -0.098238401626459
-0.0345307474720249 -0.0986167511870932
-0.0341888588831929 -0.0989992504791073
-0.033850355329894 -0.0993860274630126
-0.0335152032969248 -0.0997770467968182
-0.0331833696009156 -0.100172361430022
-0.0328548213870451 -0.100572036906
-0.0325295261257873 -0.100976071320039
-0.0322074516096904 -0.101384503384981
-0.0318885659501885 -0.101797345386685
-0.031572837574444 -0.102214630211617
-0.0312602352222218 -0.102636369936727
-0.0309507279427939 -0.103062550939025
-0.0306442850918751 -0.103493199631186
-0.0303408763285892 -0.103928299530521
-0.0300404716124646 -0.10436785115909
-0.02974304120046 -0.104811841751964
-0.0294485556440198 -0.105260255026927
-0.0291569857861582 -0.105713070200844
-0.0288683027585725 -0.106170260295062
-0.0285824779787846 -0.106631787278376
-0.0282994831473115 -0.107097640806312
-0.0280192902448629 -0.107567735568759
-0.0277418715295672 -0.108042072057391
-0.027467199534225 -0.108520603856039
-0.0271952470635891 -0.109003275676932
-0.0269259871916724 -0.109490029554343
-0.0266593932590815 -0.10998080250414
-0.0263954388703778 -0.110475585779608
-0.0261340978914631 -0.110974286902954
-0.0258753444469932 -0.111476860793119
-0.025619152917815 -0.111983263874919
-0.0253654979384307 -0.112493431720873
-0.0251143543944859 -0.113007265944241
-0.024865697420283 -0.113524774663549
-0.0246195023963198 -0.114045890154151
-0.0243757449468513 -0.114570544022244
-0.0241344009374766 -0.115098687911004
-0.0238954464727491 -0.115630280715643
-0.023658857893811 -0.116165274984382
-0.0234246117760505 -0.116703626855903
-0.0231926849267826 -0.117245272347247
-0.0229630543829531 -0.117790209363311
-0.0227356974088645 -0.118338385096991
-0.0225105914939252 -0.118889763940108
-0.022287714350421 -0.119444316903045
-0.0220670439113079 -0.120002015159309
-0.0218485583280276 -0.120562832695652
-0.0216322359683442 -0.12112675028261
-0.0214180554142022 -0.121693745919369
-0.0212059954596061 -0.122263799625586
-0.0209960351085209 -0.122836899049132
-0.020788153572793 -0.123413016506485
-0.0205823302700921 -0.123992167330915
-0.0203785448218733 -0.124574320407124
-0.0201767770513597 -0.125159461915472
-0.0199770069815443 -0.125747594916373
-0.0197792148332122 -0.126338697946706
-0.0195833810229823 -0.126932770671589
-0.0193894861613687 -0.12752980745699
-0.0191975110508601 -0.12812979220723
-0.0190074366840199 -0.128732717046988
-0.0188192442416038 -0.129338568716144
-0.0186329150906968 -0.129947336606813
-0.0184484307828682 -0.130559008746757
-0.0182657730523447 -0.131173578713423
-0.0180849238142027 -0.131790997088793
-0.0179058651625769 -0.132411273924233
-0.017728579368888 -0.133034378216555
-0.0175530488800872 -0.13366028821592
-0.017379256316918 -0.134288974132296
-0.017207184472196 -0.134920406267353
-0.017036816309105 -0.135554552618859
-0.0168681349595099 -0.136191377980048
-0.016701123722287 -0.136830844777453
-0.0165357660616703 -0.137472909250765
-0.0163720456056142 -0.138117532695141
-0.0162099461441724 -0.138764666225809
-0.0160494516278935 -0.139414260741979
-0.0158905461662312 -0.140066266827203
-0.0157332140259715 -0.140720632244898
-0.0155774396296747 -0.141377287128861
-0.0154232075541334 -0.142036193031769
-0.0152705025288449 -0.142697279061355
-0.0151193094344999 -0.14336048488255
-0.0149696133014851 -0.144025757413391
-0.0148213993084011 -0.144693001100845
-0.0146746527805951 -0.145362176937695
-0.014529359188708 -0.146033222113469
-0.0143855041472357 -0.146706026539747
-0.0142430734131046 -0.147380563566982
-0.014102052884262 -0.14805674870804
-0.0139624285982792 -0.14873451343434
-0.0138241867309695 -0.14941378543973
-0.0136873135950193 -0.150094505889977
-0.013551795638633 -0.150776553526025
-0.0134176194441911 -0.151459911460937
-0.0132847717269219 -0.152144491629847
-0.013153239333586 -0.152830220738531
-0.0130230092411743 -0.153517027838413
-0.0128940685556181 -0.154204843479681
-0.012766404510513 -0.154893596085011
-0.0126400044658544 -0.155583221164423
-0.0125148559067866 -0.156273645637662
-0.0123909464423629 -0.15696479799257
-0.0122682638043197 -0.157656613438977
-0.0121467958458611 -0.15834902587099
-0.0120265305404566 -0.159041964779003
-0.0119074559806501 -0.159735373549224
-0.0117895603768812 -0.160429177140905
-0.0116728320563181 -0.16112330560235
-0.0115572594617011 -0.161817707127563
-0.0114428311501991 -0.162512312898508
-0.0113295357922763 -0.16320706251407
-0.0112173621705706 -0.163901880437748
-0.0111062991787828 -0.164596718092442
-0.010996335820577 -0.165291505378444
-0.0108874612084921 -0.165986179523599
-0.0107796645628634 -0.166680685652536
-0.0106729352107559 -0.16737495618027
-0.0105672625849068 -0.168068935695199
-0.01046263622268 -0.16876255315204
-0.0103590457650297 -0.169455761787856
-0.010256480955475 -0.17014848890175
-0.0101549316390841 -0.170840678911575
-0.0100543877614694 -0.171532273244668
-0.00995483936779152 -0.172223214189401
-0.009856276601773781 -0.172913431477931
-0.009758689704726511 -0.173602875944954
-0.00966206901458071 -0.174291488608804
-0.009566404964931391 -0.174979207099441
-0.00947168808409049 -0.175665971569286
-0.009377908994149 -0.176351727920213
-0.00928505841004851 -0.177036418468083
-0.00919312713866189 -0.177719980674217
-0.00910210607788306 -0.178402362496271
-0.0090119862157258 -0.179083507679173
-0.008922758629431491 -0.179763359063882
-0.008834414484585631 -0.180441861904678
-0.008746945034243199 -0.181118959193562
-0.008660341618062581 -0.181794605130804
-0.0085745956614481 -0.182468738281593
-0.00848969867470108 -0.183141304885814
-0.008405642252179289 -0.183812263453697
-0.00832241807146464 -0.184481555011603
-0.00824001789253925 -0.185149130650504
-0.00815843355696956 -0.185814944885436
-0.00807765698709857 -0.186478949753168
-0.00799768018524611 -0.187141096200528
-0.00791849523291694 -0.187801339184269
-0.00784009429001677 -0.18845963429166
-0.00776246959407601 -0.189115941038542
-0.0076856134594812 -0.189770211918071
-0.00760951827671406 -0.190422410328035
-0.00753417651159808 -0.191072494682413
-0.00745958070455255 -0.191720427937324
-0.00738572346985401 -0.192366171701869
-0.00731259749490496 -0.193009693271152
-0.00724019553950986 -0.193650951180575
-0.00716851043515828 -0.194289919210542
-0.00709753508431513 -0.194926560939948
-0.00702726245971795 -0.195560845160971
-0.00695768560368114 -0.196192746150537
-0.00688879762740707 -0.196822234275143
-0.00682059171030403 -0.197449284889461
-0.00675306109931092 -0.198073865184207
-0.00668619910822863 -0.198695957919593
-0.00661999911705805 -0.19931553614897
-0.0065544545713446 -0.199932580697825
-0.00648955898152931 -0.200547068343368
-0.00642530592230625 -0.201158981815453
-0.00636168903198638 -0.201768300272875
-0.00629870201186771 -0.202375008128673
-0.00623633862561159 -0.202979091224922
-0.00617459269862534 -0.203580530493106
-0.00611345811745083 -0.204179313637822
-0.00605292882915924 -0.204775427609563
-0.00599299884075172 -0.205368860591921
-0.00593366221856606 -0.205959601561802
-0.00587491308768917 -0.206547636976755
-0.00581674563137541 -0.207132963618602
-0.0057591540904707 -0.207715569085888
-0.00570213276284228 -0.208295446060777
-0.00564567600281414 -0.208872588362575
-0.00558977822060806 -0.209446989507749
-0.00553443388179016 -0.210018644103305
-0.00547963750672293 -0.210587548439727
-0.0054253836700227 -0.21115369596741
-0.00537166700002248 -0.211717085201991
-0.00531848217824008 -0.212277712815965
-0.00526582393885156 -0.212835576492052
-0.00521368706816986 -0.213390666218088
-0.00516206640412858 -0.213943005687755
-0.00511095683577087 -0.214492569077086
-0.00506035330274343 -0.215039364485202
-0.00501025079479548 -0.215583388960916
-0.00496064435128265 -0.216124652884697
-0.00491152906067589 -0.216663146097013
-0.00486290006007514 -0.217198873531969
-0.00481475253472786 -0.217731840566371
-0.00476708171755234 -0.218262044601013
-0.00471988288866568 -0.218789489174936
-0.00467315137491651 -0.219314176919975
-0.00462688254942229 -0.21983611209351
-0.00458107183111118 -0.220355296257968
-0.00453571468426849 -0.220871732634779
-0.00449080661808762 -0.221385454857372
-0.00444634318622536 -0.221896407221118
-0.00440231998636175 -0.22240462271533
-0.00435873265976411 -0.222910106818176
-0.00431557689085555 -0.223412863110548
-0.00427284840678767 -0.223912896021747
-0.0042305429770175 -0.224410210216346
-0.00418865641288861 -0.224904810299015
-0.00414718456721645 -0.225396701202831
-0.00410612333387767 -0.225885887897121
-0.00406546864740364 -0.226372375473342
-0.00402521648257786 -0.226856169127878
-0.00398536285403748 -0.227337243641313
-0.0039459038158787 -0.227815665802674
-0.00390683546126603 -0.22829140985931
-0.00386815392204558 -0.228764481201868
-0.00382985536836196 -0.229234887006976
-0.00379193600827917 -0.229702631496117
-0.00375439208740512 -0.23016772116826
-0.00371721988851992 -0.230630161498194
-0.00368041573120784 -0.231089957880455
-0.00364397597149291 -0.231547117731493
-0.00360789700147813 -0.232001646355582
-0.00357217524898825 -0.232453549838357
-0.00353680717721609 -0.232902834320296
-0.00350178928437236 -0.233349505999204
-0.00346711810333897 -0.233793571162393
-0.00343279020132572 -0.23423503581241
-0.00339880217953041 -0.234673907011404
-0.00336515067280239 -0.235110190300452
-0.00333183234930929 -0.235543891586279
-0.00329884391020722 -0.235975018860751
-0.00326618208931408 -0.236403577892977
-0.00323384365278622 -0.236829575224904
-0.00320182539879824 -0.237253017436829
-0.00317012415722598 -0.237673911148573
-0.00313873678933265 -0.238092263769789
-0.00310766018745807 -0.238508080505139
-0.00307689127471096 -0.238921368850033
-0.00304642700466432 -0.239332135497705
-0.00301626436105378 -0.23974038724573
-0.00298640035747899 -0.240146130528883
-0.00295683203710791 -0.240549373390992
-0.00292755647238407 -0.2409501236961
-0.0028985707647367 -0.241348382779929
-0.00286987204429376 -0.241744159638826
-0.00284145746959779 -0.242137469986479
-0.00281332422732454 -0.242528311607542
-0.0027854695320045 -0.24291669423424
-0.00275789062574703 -0.243302625028054
-0.00273058477796735 -0.243686111189325
-0.00270354928511619 -0.244067159958562
-0.00267678147041207 -0.244445778617017
-0.00265027868357631 -0.244821974487177
-0.0026240383005706 -0.245195754933088
-0.00259805772333723 -0.245567127360791
-0.00257233437954181 -0.245936099218642
-0.00254686572231862 -0.246302677997705
-0.00252164923001844 -0.246666871232092
-0.00249668240595885 -0.247028686499293
-0.00247196277817708 -0.247388131420546
-0.00244748789918523 -0.247745213661116
-0.00242325534572795 -0.248099940930657
-0.00239926271854252 -0.248452320983461
-0.00237550764212131 -0.248802361618751
-0.00235198776447654 -0.249150070680955
-0.00232870075690747 -0.249495456059934
-0.00230564431376977 -0.249838525691206
-0.0022828161522473 -0.250179287556143
-0.00226021401212604 -0.250517749682157
-0.00223783565557034 -0.250853920142838
-0.00221567886690132 -0.251187807058105
-0.00219374145237755 -0.251519418594296
-0.00217202123997777 -0.251848762964266
-0.00215051607918591 -0.252175848427477
-0.00212922384077813 -0.252500683290076
-0.00210814241661201 -0.252823275842212
-0.00208726971941783 -0.253143635409688
-0.00206660368259191 -0.253461765838433
-0.00204614225999199 -0.253777681000805
-0.00202588342573464 -0.254091392451189
-0.0020058251739947 -0.254402904536562
-0.00198596551880663 -0.254712219710042
-0.00196630249386795 -0.255019353320615
-0.00194683415234451 -0.255324314988641
-0.00192755856667773 -0.255627110570276
-0.00190847382839379 -0.255927750179422
-0.00188957804791465 -0.256226241532724
-0.00187086935437094 -0.256522595316297
-0.00185234589541677 -0.256816819627666
-0.0018340058370463 -0.257108924492024
-0.00181584736341218 -0.257398915990765
-0.00179786867664573 -0.257686805906456
-0.00178006799667894 -0.257972602531577
-0.00176244356106825 -0.258256315015108
-0.00174499362482005 -0.258537952547769
-0.00172771646021787 -0.258817524360836
-0.00171061035665136 -0.25909503972524
-0.00169367362044689 -0.259370507950719
-0.00167690457469989 -0.259643938384997
-0.00166030155910881 -0.259915340413053
-0.0016438629298107 -0.260184723456276
-0.00162758705921851 -0.260452096971669
-0.00161147233585991 -0.260717470451033
-0.00159551716421774 -0.260980853420126
-0.00157971996457202 -0.261242255437723
-0.00156407917284358 -0.261501686094747
-0.00154859324043919 -0.261759155013202
-0.00153326063409821 -0.26201467184499
-0.0015180798357408 -0.262268246270345
-0.00150304934231762 -0.262519887995076
-0.00148816766566101 -0.26276960674367
-0.00147343333233764 -0.263017413062358
-0.00145884488350261 -0.263263314857481
-0.00144440087475506 -0.263507324667105
-0.00143009987599511 -0.263749448840681
-0.00141594047128228 -0.263989699735268
-0.00140192125869533 -0.26422808674247
-0.0013880408501934 -0.264464619702027
-0.00137429787147861 -0.264699308522128
-0.00136069096186001 -0.264932163140552
-0.00134721877411882 -0.26516319351646
-0.00133387997437507 -0.265392409627473
-0.00132067324195552 -0.265619821468472
-0.00130759726926289 -0.265845439051788
-0.00129465076164642 -0.266069272411403
-0.00128183243727369 -0.266291331628093
-0.00126914102700365 -0.266511627134567
-0.00125657527426104 -0.266730165817572
-0.00124413393491192 -0.266946963387419
-0.00123181577714052 -0.267162026293989
-0.00121961958132724 -0.267375365207602
-0.00120754413992796 -0.267586990269915
-0.00119558825735442 -0.267796911584166
-0.00118375074985586 -0.268005139247472
-0.00117203044540184 -0.26821168335624
-0.00116042618356618 -0.268416554006918
-0.00114893681541206 -0.268619761295613
-0.00113756120337828 -0.268821315317301
-0.00112629822116661 -0.269021226164903
-0.00111514675363031 -0.269219503928264
-0.00110410569666367 -0.269416158693133
-0.00109317395709274 -0.269611200540053
-0.00108235045256707 -0.269804639543233
-0.00107163411145255 -0.269996485769252
-0.00106102387272529 -0.270186749275426
-0.00105051868586663 -0.270375440107255
-0.00104011751075904 -0.270562568292629
-0.00102981931758321 -0.270748143820778
-0.00101962308671605 -0.270932177478624
-0.00100952780862975 -0.271114678015193
-0.00099953248379183 -0.271295655987816
-0.0009896361225661681 -0.271475121427642
-0.000979837745115018 -0.27165308402176
-0.000970136381301998 -0.271829553975155
-0.000960531070596037 -0.272004541182956
-0.000951020861976275 -0.27217805554263
-0.000941604813837896 -0.272350106938457
-0.0009322819938989071 -0.272520705236994
-0.000923051479107828 -0.272689860284845
-0.000913912355552305 -0.272857581907391
-0.000904863718368619 -0.273023879907671
-0.000895904671652098 -0.273188764065479
-0.000887034328368414 -0.273352244136556
-0.000878251810265756 -0.273514329851691
-0.000869556247787878 -0.273675030916017
-0.000860946779987997 -0.273834357008201
-0.0008524225544435619 -0.273992317779738
-0.000843982727171843 -0.27414892285421
-0.00083562646254638 -0.274304181826607
-0.000827352933214237 -0.274458104262591
-0.000819161320014096 -0.274610699697877
-0.000811050811895145 -0.274761977637525
-0.000803020605836777 -0.274911947555344
-0.000795069906769086 -0.27506061889323
-0.000787197927494145 -0.275208001060573
-0.000779403888608064 -0.27535410343366
-0.000771687018423826 -0.275498935355074
-0.000764046552894877 -0.275642506133161
-0.000756481735539482 -0.275784825041438
-0.000748991817365824 -0.275925901318108
-0.000741576056797845 -0.276065744165496
-0.000734233719601827 -0.27620436274958
-0.00072696407881369 -0.276341766199499
-0.00071976641466702 -0.276477963607097
-0.000712640014521802 -0.276612964026519
-0.000705584172793863 -0.276746776473815
-0.000698598190885013 -0.276879409926686
-0.000691681377113875 -0.277010873324455
-0.0006848330466474 -0.277141175568574
-0.00067805252143307 -0.277270325525277
-0.000671339130131752 -0.277398332038491
-0.00066469220805124 -0.277525204050104
-0.000658111097080435 -0.277650947984607
-0.0006515951456241939 -0.277775577551907
-0.000645143708538805 -0.277899097580104
-0.000638756147068124 -0.278021517617576
-0.000632431828780321 -0.278142845696597
-0.000626170127505268 -0.27826309117449
-0.000619970423272543 -0.278382261924964
-0.000613832102250043 -0.278500367045381
-0.00060775455668321 -0.27861741451416
-0.000601737184834862 -0.278733412713945
-0.000595779390925606 -0.278848369962699
-0.000589880585074857 -0.278962294528645
-0.000584040183242433 -0.279075194633644
-0.000578257607170726 -0.279187078454108
-0.000572532284327451 -0.279297954121234
-0.000566863647848961 -0.279407829721087
-0.00056125113648412 -0.279516713294415
-0.000555694194538733 -0.279624612836678
-0.000550192271820528 -0.279731536297864
-0.000544744823584681 -0.279837491582343
-0.000539351310479882 -0.279942486548846
-0.000534011198494933 -0.280046529010265
-0.000528723958905874 -0.280149626733622
-0.0005234890682236369 -0.280251787439912
-0.000518306008142215 -0.28035301880408
-0.000513174265487342 -0.280453328454908
-0.000508093332165685 -0.280552723974958
-0.00050306270511454 -0.280651212900516
-0.0004980818862520199 -0.28074880272154
-0.000493150382427742 -0.280845500881593
-0.000488267705374002 -0.280941314777878
-0.000483433371657428 -0.28103625176113
-0.000478646902631117 -0.281130319135652
-0.000473907824387244 -0.281223524159277
-0.000469215667710143 -0.281315874043379
-0.000464569968029844 -0.281407375952885
-0.000459970265376083 -0.281498037006265
-0.000455416104332756 -0.281587864275568
-0.000450907033992828 -0.281676864786438
-0.000446442607913691 -0.281765045518161
-0.000442022384072961 -0.281852413403686
-0.000437645924824714 -0.281938975329695
-0.000433312796856152 -0.282024738136623
-0.000429022571144705 -0.282109708618756
-0.00042477482291555 -0.282193893524264
-0.000420569131599554 -0.282277299555276
-0.000416405080791638 -0.282359933367975
-0.000412282258209542 -0.28244180157267
-0.000408200255653012 -0.282522910733877
-0.000404158668963379 -0.28260326737041
-0.000400157097983543 -0.282682877955498
-0.00039619514651836 -0.28276174891688
-0.000392272422295405 -0.282839886636894
-0.000388388536926144 -0.282917297452627
-0.000384543105867469 -0.282993987655993
-0.000380735748383633 -0.283069963493882
-0.000376966087508547 -0.283145231168288
-0.000373233750008463 -0.283219796836418
-0.000369538366345013 -0.283293666610858
-0.000365879570638626 -0.283366846559684
-0.000362257000632303 -0.283439342706637
-0.000358670297655746 -0.283511161031254
-0.000355119106589847 -0.283582307469035
-0.000351603075831532 -0.283652787911629
-0.000348121857258943 -0.283722608207021
-0.000344675106196973 -0.283791774159799
-0.000341262481383142 -0.283860291531604
-0.000337883644933803 -0.283928166042318
-0.000334538262310697 -0.283995403375469
-0.000331226002287818 -0.284062009263969
-0.000327946536918632 -0.284127988725656
-0.000324699541503596 -0.28419334816025
-0.000321484694558016 -0.284258092613569
-0.000318301677780214 -0.284322227597693
-0.000315150176020014 -0.28438575853885
-0.000312029877247538 -0.284448690816713
-0.000308940472522315 -0.284511029768188
-0.000305881655962688 -0.284572780688354
-0.000302853124715533 -0.284633948830887
-0.00029985457892627 -0.284694539408322
-0.000296885721709178 -0.284754557592342
-0.000293946259117998 -0.284814008513925
-0.00029103590011683 -0.284872897263609
-0.000288154356551317 -0.284931228891672
-0.000285301343120116 -0.284989008408364
-0.000282476577346649 -0.285046240784096
-0.000279679779551138 -0.285102930949669
-0.000276910672822909 -0.285159083796463
-0.000274168982992979 -0.285214704176668
-0.00027145443860691 -0.285269796903495
-0.00026876677089793 -0.285324366751385
-0.000266105713760327 -0.285378418456218
-0.000263471003723096 -0.285431956715579
-0.000260862379923858 -0.285484986188949
-0.000258279584083027 -0.285537511498007
-0.000255722360478245 -0.285589537227011
-0.000253190455919054 -0.285641067923732
-0.000250683619721836 -0.285692108105053
-0.000248201603684986 -0.285742661986539
-0.000245744162064343 -0.285792734663662
-0.000243311051548854 -0.285842329949101
-0.000240902031236489 -0.285891452370621
-0.000238516862610385 -0.285940106259149
-0.000236155309515233 -0.285988295905874
-0.000233817138133894 -0.286036025565719
-0.000231502116964252 -0.286083299457869
-0.000229210016796289 -0.286130121766156
-0.000226940610689395 -0.286176496639419
-0.000224693673949896 -0.286222428191607
-0.000222468984108808 -0.286267920502117
-0.00022026632089981 -0.286312977615945
-0.000218085466237435 -0.286357603544003
-0.000215926204195481 -0.286401802263258
-0.000213788320985624 -0.286445577716979
-0.000211671604936262 -0.286488933815008
-0.000209575846471546 -0.286531874433917
-0.00020750083809064 -0.28657440341729
-0.000205446374347168 -0.286616524575904
-0.000203412251828879 -0.286658241687956
-0.000201398269137504 -0.286699558499328
-0.000199404226868816 -0.286740478723754
-0.000197429927592887 -0.286781006043077
-0.000195475175834542 -0.28682114410747
-0.000193539778054002 -0.286860896535622
-0.000191623542627725 -0.286900266915005
-0.00018972627982943 -0.286939258802077
-0.000187847801811317 -0.286977875722488
-0.000185987922585462 -0.287016121171327
-0.000184146458005408 -0.287053998613295
-0.000182323225747929 -0.287091511482986
-0.000180518045294979 -0.287128663185048
-0.000178730737915821 -0.287165457094439
-0.000176961126649328 -0.287201896556618
-0.000175209036286463 -0.287237984887779
-0.000173474293352934 -0.287273725375047
-0.000171756726092014 -0.287309121276723
-0.000170056164447538 -0.287344175822456
-0.000168372440047068 -0.287378892213493
-0.000166705386185215 -0.287413273622867
-0.000165054837807144 -0.287447323195628
-0.000163420631492222 -0.28748104404904
-0.000161802605437843 -0.287514439272784
-0.000160200599443409 -0.287547511929189
-0.000158614454894465 -0.287580265053422
-0.000157044014746995 -0.28761270165371
-0.000155489123511876 -0.287644824711535
-0.000153949627239481 -0.287676637181826
-0.000152425373504437 -0.287708141993212
-0.000150916211390531 -0.287739342048167
-0.000149421991475774 -0.287770240223246
-0.000147942565817598 -0.2878008393693
-0.000146477787938216 -0.287831142311627
-0.000145027512810114 -0.287861151850225
-0.000143591596841697 -0.287890870759966
-0.000142169897863067 -0.287920301790784
-0.000140762275111947 -0.287949447667905
-0.00013936858921975 -0.287978311091998
-0.000137988702197772 -0.288006894739419
-0.000136622477423537 -0.288035201262365
-0.000135269779627264 -0.288063233289089
-0.000133930474878479 -0.288090993424079
-0.000132604430572752 -0.288118484248259
-0.000131291515418566 -0.288145708319172
-0.000129991599424323 -0.288172668171155
-0.000128704553885468 -0.288199366315505
-0.000127430251371751 -0.288225805240643
-0.000126168565714605 -0.288251987411894
-0.000124919371994658 -0.288277915267979
-0.000123682546529364 -0.288303591266935
-0.000122457966860757 -0.288329017743867
-0.000121245511743324 -0.288354197116131
-0.000120045061132003 -0.288379131732969
-0.0001188564961703 -0.288403823927795
-0.000117679699178515 -0.288428276013066
-0.000116514553642094 -0.288452490280177
-0.000115360944200093 -0.288476468999593
-0.000114218756633756 -0.288500214420917
-0.000113087877855204 -0.288523728773123
-0.000111968195896241 -0.288547014264721
-0.000110859599897269 -0.288570073083898
-0.000109761980096306 -0.288592907398702
-0.000108675227818124 -0.288615519357211
-0.00010759923546349 -0.288637911087717
-0.000106533896498505 -0.288660084698869
-0.000105479105444064 -0.288682042279851
-0.00010443475786541 -0.288703785900537
-0.000103400750361792 -0.288725317611668
-0.00010237698055623 -0.28874663944501
-0.000101363347085376 -0.288767753413525
-0.000100359749589481 -0.288788661511505
-9.93660887024564e-05 -0.288809365714758
-9.838226604203611e-05 -0.288829867980748
-9.74081842000357e-05 -0.288850170248782
-9.64437467327086e-05 -0.288870274440127
-9.548885815119661e-05 -0.288890182458192
-9.45434239120759e-05 -0.288909896188686
-9.36073504079959e-05 -0.288929417499733
-9.26805449584118e-05 -0.288948748242073
-9.17629158004077e-05 -0.288967890249183
-9.08543720796116e-05 -0.288986845337439
-8.995482384119961e-05 -0.289005615306249
-8.90641820209897e-05 -0.289024201938227
-8.81823584366235e-05 -0.289042606999318
-8.730926577883521e-05 -0.289060832238956
-8.64448176028071e-05 -0.289078879390193
-8.5588928319611e-05 -0.289096750169861
-8.474151318773359e-05 -0.289114446278701
-8.39024883046868e-05 -0.289131969401513
-8.307177059869981e-05 -0.289149321207289
-8.22492778204948e-05 -0.289166503349362
-8.143492853514339e-05 -0.289183517465536
-8.062864211400339e-05 -0.289200365178222
-7.9830338726736e-05 -0.289217048094575
-7.9039939333402e-05 -0.289233567806641
-7.82573656766356e-05 -0.289249925891479
-7.74825402738966e-05 -0.289266123911291
-7.671538640979859e-05 -0.289282163413568
-7.59558281285135e-05 -0.289298045931206
-7.5203790226251e-05 -0.289313772982653
-7.44591982438129e-05 -0.28932934607201
-7.37219784592207e-05 -0.289344766689195
-7.299205788041651e-05 -0.289360036310043
-7.22693642380361e-05 -0.289375156396445
-7.155382597825361e-05 -0.289390128396472
-7.084537225569659e-05 -0.289404953744485
-7.01439329264323e-05 -0.289419633861286
-6.944943854102211e-05 -0.289434170154197
-6.876182033764561e-05 -0.28944856401724
-6.80810102352927e-05 -0.289462816831205
-6.74069408270225e-05 -0.289476929963792
-6.673954537328961e-05 -0.289490904769728
-6.607875779533621e-05 -0.289504742590884
-6.54245126686497e-05 -0.289518444756386
-6.477674521648491e-05 -0.289532012582744
-6.41353913034504e-05 -0.289545447373942
-6.350038742915879e-05 -0.289558750421574
-6.28716707219394e-05 -0.289571923004954
-6.22491789326132e-05 -0.28958496639122
-6.16328504283299e-05 -0.289597881835443
-6.10226241864653e-05 -0.28961067058075
-6.04184397885795e-05 -0.289623333858414
-5.98202374144351e-05 -0.289635872887976
-5.92279578360744e-05 -0.289648288877365
-5.86415424119548e-05 -0.289660583022962
-5.80609330811434e-05 -0.289672756509757
-5.74860723575677e-05 -0.289684810511411
-5.69169033243245e-05 -0.289696746190383
-5.6353369628044e-05 -0.289708564698029
-5.57954154733109e-05 -0.289720267174696
-5.52429856171395e-05 -0.289731854749836
-5.46960253635045e-05 -0.2897433285421
-5.41544805579252e-05 -0.289754689659434
-5.36182975821042e-05 -0.289765939199175
-5.3087423348618e-05 -0.289777078248163
-5.25618052956614e-05 -0.28978810788283
-5.2041391381843e-05 -0.289799029169287
-5.15261300810327e-05 -0.289809843163431
-5.10159703772601e-05 -0.289820550911045
-5.05108617596634e-05 -0.289831153447868
-5.00107542174885e-05 -0.289841651799718
-4.95155982351372e-05 -0.289852046982554
-4.90253447872645e-05 -0.289862340002596
-4.85399453339253e-05 -0.289872531856393
-4.80593518157676e-05 -0.289882623530925
-4.75835166492748e-05 -0.289892616003697
-4.71123927220543e-05 -0.28990251024279
-4.66459333881726e-05 -0.289912307207008
-4.61840924635372e-05 -0.289922007845939
-4.5726824221324e-05 -0.289931613099997
-4.52740833874495e-05 -0.289941123900563
-4.48258251360886e-05 -0.289950541170073
-4.43820050852362e-05 -0.289959865822078
-4.39425792923131e-05 -0.289969098761305
-4.35075042498149e-05 -0.289978240883755
-4.30767368810049e-05 -0.289987293076894
-4.26502345356484e-05 -0.28999625621944
-4.22279549857905e-05 -0.290005131181739
-4.18098564215747e-05 -0.290013918825385
-4.13958974471037e-05 -0.290022620006401
-4.09860370763403e-05 -0.290031235566586
-4.05802347290498e-05 -0.290039766345268
-4.0178450226782e-05 -0.2900482131712
-3.97806437888931e-05 -0.290056576865651
-3.9386776028607e-05 -0.290064858241752
-3.89968079491158e-05 -0.29007305810495
-3.86107009397186e-05 -0.290081177252783
-3.82284167719987e-05 -0.290089216475153
-3.78499175960383e-05 -0.290097176554278
-3.74751659366716e-05 -0.290105058264842
-3.71041246897738e-05 -0.29011286237403
-3.67367571185879e-05 -0.290120589641601
-3.63730268500871e-05 -0.290128240819937
-3.60128978713733e-05 -0.290135816654185
-3.56563345261122e-05 -0.290143317882232
-3.53033015110022e-05 -0.290150745234834
-3.49537638722794e-05 -0.290158099435675
-3.46076870022568e-05 -0.290165381201414
-3.42650366358979e-05 -0.290172591241774
-3.39257788474236e-05 -0.290179730259591
-3.35898800469541e-05 -0.29018679895089
-3.32573069771823e-05 -0.290193798004951
-3.29280267100814e-05 -0.290200728104359
-3.2602006643645e-05 -0.29020758992507
-3.22792144986584e-05 -0.2902143841365
-3.19596183155034e-05 -0.290221111401548
-3.16431864509934e-05 -0.290227772376715
-3.1329887575241e-05 -0.290234367712059
-3.10196906685555e-05 -0.290240898051388
-3.07125650183718e-05 -0.290247364032226
-3.04084802162097e-05 -0.290253766285916
-3.0107406154663e-05 -0.290260105437652
-2.98093130244188e-05 -0.290266382106561
-2.95141713113058e-05 -0.29027259690575
-2.92219517933721e-05 -0.290278750442361
-2.89326255379921e-05 -0.29028484331764
-2.86461638990021e-05 -0.290290876126976
-2.83625385138635e-05 -0.290296849459974
-2.80817213008549e-05 -0.290302763900484
-2.7803684456292e-05 -0.290308620026692
-2.75284004517743e-05 -0.290314418411157
-2.72558420314597e-05 -0.290320159620859
-2.6985982209366e-05 -0.290325844217238
-2.6718794266699e-05 -0.290331472756308
-2.64542517492069e-05 -0.290337045788626
-2.61923284645613e-05 -0.290342563859414
-2.59329984797637e-05 -0.290348027508574
-2.56762361185779e-05 -0.290353437270732
-2.5422015958988e-05 -0.290358793675323
-2.51703128306812e-05 -0.290364097246606
-2.49211018125557e-05 -0.29036934850374
-2.46743582302531e-05 -0.290374547960822
-2.4430057653716e-05 -0.290379696126919
-2.41881758947683e-05 -0.290384793506154
-2.39486890047211e-05 -0.290389840597712
-2.37115732720011e-05 -0.29039483789592
-2.3476805219803e-05 -0.290399785890279
-2.32443616037654e-05 -0.290404685065521
-2.30142194096687e-05 -0.290409535901623
-2.27863558511571e-05 -0.290414338873877
-2.25607483674823e-05 -0.290419094452974
-2.23373746212696e-05 -0.290423803104969
-2.21162124963065e-05 -0.290428465291359
-2.1897240095353e-05 -0.290433081469162
-2.16804357379733e-05 -0.290437652090911
-2.14657779583894e-05 -0.290442177604701
-2.12532455033558e-05 -0.290446658454169
-2.10428173300553e-05 -0.290451095078237
-2.08344726040151e-05 -0.290455487926235
-2.06281906970447e-05 -0.290459837392986
-2.04239511851927e-05 -0.290464143936734
-2.02217338467255e-05 -0.29046840797121
-2.00215186601242e-05 -0.290472629914407
-1.98232858021032e-05 -0.290476810180558
-1.96270156456467e-05 -0.290480949179834
-1.94326887580661e-05 -0.290485047318395
-1.92402858990753e-05 -0.290489104998446
-1.90497880188865e-05 -0.290493122618267
-1.88611762563232e-05 -0.29049710057222
-1.86744319369537e-05 -0.290501039250815
-1.84895365712413e-05 -0.290504939040753
-1.83064718527141e-05 -0.290508800324947
-1.81252196561526e-05 -0.290512623482545
-1.79457620357947e-05 -0.290516408888977
-1.77680812235591e-05 -0.290520156916027
-1.75921596272862e-05 -0.290523867931811
-1.74179798289962e-05 -0.290527542300844
-1.72455245831646e-05 -0.290531180384092
-1.70747768150145e-05 -0.290534782538952
-1.69057196188262e-05 -0.290538349119336
-1.67383362562636e-05 -0.290541880475679
-1.65726101547164e-05 -0.290545376954995
-1.64085249056598e-05 -0.290548838900898
-1.62460642630295e-05 -0.290552266653605
-1.60852121416134e-05 -0.290555660550031
-1.59259526154588e-05 -0.290559020923775
-1.57682699162958e-05 -0.290562348105152
-1.56121484319761e-05 -0.290565642421264
-1.54575727049268e-05 -0.290568904195978
-1.53045274306206e-05 -0.290572133750008
-1.515299745606e-05 -0.2905753314009
-1.50029677782772e-05 -0.290578497463099
-1.48544235428487e-05 -0.290581632247963
-1.47073500424245e-05 -0.290584736063788
-1.45617327152718e-05 -0.290587809215861
-1.44175571438334e-05 -0.29059085200645
-1.42748090533004e-05 -0.290593864734877
-1.41334743101984e-05 -0.290596847697514
-1.39935389209886e-05 -0.290599801187821
-1.38549890306817e-05 -0.29060272549639
-1.37178109214671e-05 -0.290605620910951
-1.35819910113535e-05 -0.290608487716412
-1.34475158528253e-05 -0.290611326194871
-1.33143721315102e-05 -0.290614136625674
-1.31825466648616e-05 -0.290616919285416
-1.3052026400853e-05 -0.290619674447986
-1.29227984166862e-05 -0.29062240238454
-1.27948499175111e-05 -0.290625103363635
-1.26681682351595e-05 -0.290627777651134
-1.25427408268906e-05 -0.290630425510313
-1.24185552741491e-05 -0.29063304720187
-1.22955992813357e-05 -0.290635642983919
-1.21738606745898e-05 -0.290638213112051
-1.2053327400584e-05 -0.290640757839344
-1.19339875253307e-05 -0.290643277416378
-1.18158292330007e-05 -0.290645772091284
-1.16988408247531e-05 -0.290648242109736
-1.15830107175774e-05 -0.290650687715017
-1.14683274431459e-05 -0.290653109148002
-1.13547796466791e-05 -0.290655506647194
-1.12423560858209e-05 -0.290657880448772
-1.11310456295256e-05 -0.290660230786567
-1.10208372569561e-05 -0.290662557892119
-1.09117200563922e-05 -0.290664861994706
-1.08036832241506e-05 -0.290667143321323
-1.06967160635155e-05 -0.290669402096753
-1.05908079836787e-05 -0.290671638543566
-1.04859484986918e-05 -0.290673852882127
-1.03821272264275e-05 -0.290676045330658
-1.0279333887552e-05 -0.290678216105216
-1.01775583045069e-05 -0.290680365419729
-1.00767904005019e-05 -0.290682493486029
-9.977020198516739e-06 -0.290684600513867
-9.878237820313601e-06 -0.290686686710911
-9.780433485459009e-06 -0.290688752282822
-9.68359751035546e-06 -0.290690797433187
-9.587720307282629e-06 -0.290692822363634
-9.492792383448151e-06 -0.290694827273783
-9.39880434004767e-06 -0.290696812361281
-9.30574687133433e-06 -0.290698777821854
-9.21361076369735e-06 -0.290700723849284
-9.12238689474986e-06 -0.290702650635445
-9.0320662324256e-06 -0.290704558370336
-8.942639834084751e-06 -0.290706447242064
-8.85409884562847e-06 -0.2907083174369
-8.76643450062225e-06 -0.290710169139275
-8.679638119427971e-06 -0.290712002531804
-8.593701108344519e-06 -0.2907138177953
-8.508614958756951e-06 -0.290715615108793
-8.42437124629401e-06 -0.290717394649571
-8.34096162999407e-06 -0.290719156593142
-8.25837785147928e-06 -0.290720901113315
-8.1766117341379e-06 -0.290722628382155
-8.09565518231475e-06 -0.290724338570074
-8.01550018050966e-06 -0.290726031845775
-7.93613879258382e-06 -0.290727708376291
-7.85756316097408e-06 -0.290729368327037
-7.77976550591493e-06 -0.290731011861774
-7.702738124668249e-06 -0.290732639142675
-7.62647339076064e-06 -0.290734250330284
-7.55096375322836e-06 -0.290735845583583
-7.47620173586966e-06 -0.290737425059981
-7.40217993650461e-06 -0.290738988915338
-7.32889102624219e-06 -0.290740537303981
-7.25632774875465e-06 -0.290742070378703
-7.18448291955906e-06 -0.2907435882908
-7.113349425306e-06 -0.29074509119008
-7.04292022307524e-06 -0.290746579224863
-6.97318833967846e-06 -0.290748052542015
-6.90414687096877e-06 -0.290749511286956
-6.8357889811572e-06 -0.290750955603663
-6.76810790213584e-06 -0.290752385634699
-6.70109693280776e-06 -0.290753801521226
-6.63474943842353e-06 -0.290755203403003
-6.56905884992428e-06 -0.290756591418413
-6.50401866329137e-06 -0.290757965704492
-6.43962243890235e-06 -0.290759326396896
-6.37586380089341e-06 -0.290760673629968
-6.31273643652813e-06 -0.290762007536701
-6.25023409557241e-06 -0.290763328248802
-6.18835058967565e-06 -0.290764635896668
-6.12707979175807e-06 -0.290765930609399
-6.06641563540403e-06 -0.290767212514853
-6.00635211426141e-06 -0.290768481739577
-5.94688328144694e-06 -0.290769738408911
-5.88800324895737e-06 -0.290770982646947
-5.82970618708651e-06 -0.290772214576554
-5.77198632384803e-06 -0.290773434319378
-5.71483794440399e-06 -0.290774641995882
-5.658255390499e-06 -0.290775837725315
-5.6022330599e-06 -0.29077702162578
-5.54676540584158e-06 -0.290778193814195
-5.49184693647681e-06 -0.290779354406327
-5.43747221433348e-06 -0.290780503516801
-5.38363585577572e-06 -0.290781641259121
-5.33033253047101e-06 -0.290782767745654
-5.27755696086239e-06 -0.290783883087673
-5.22530392164593e-06 -0.290784987395342
-5.17356823925339e-06 -0.290786080777739
-5.12234479133999e-06 -0.290787163342873
-5.07162850627722e-06 -0.290788235197679
-5.02141436265071e-06 -0.290789296448042
-4.97169738876308e-06 -0.290790347198801
-4.92247266214166e-06 -0.290791387553745
-4.87373530905115e-06 -0.290792417615669
-4.82548050401104e-06 -0.290793437486329
-4.77770346931786e-06 -0.290794447266486
-4.73039947457214e-06 -0.290795447055901
-4.68356383621004e-06 -0.290796436953347
-4.63719191703965e-06 -0.290797417056637
-4.59127912578183e-06 -0.290798387462604
-4.54582091661567e-06 -0.290799348267135
-4.50081278872839e-06 -0.290800299565156
-4.45625028586969e-06 -0.290801241450669
-4.41212899591058e-06 -0.290802174016743
-4.36844455040652e-06 -0.290803097355533
-4.32519262416487e-06 -0.290804011558273
-4.2823689348167e-06 -0.290804916715304
-4.23996924239277e-06 -0.290805812916081
-4.19798934890374e-06 -0.290806700249144
-4.15642509792449e-06 -0.290807578802211
-4.11527237418267e-06 -0.290808448662084
-4.07452710315115e-06 -0.290809309914743
-4.03418525064471e-06 -0.2908101626453
-3.9942428224205e-06 -0.290811006938023
-3.95469586378268e-06 -0.290811842876366
-3.91554045919077e-06 -0.290812670542938
-3.87677273187205e-06 -0.290813490019557
-3.83838884343767e-06 -0.290814301387204
-3.80038499350264e-06 -0.29081510472608
-3.76275741930955e-06 -0.290815900115588
-3.72550239535599e-06 -0.290816687634336
-3.68861623302573e-06 -0.290817467360184
-3.6520952802235e-06 -0.29081823937019
-3.61593592101336e-06 -0.290819003740672
-3.58013457526076e-06 -0.290819760547189
-3.54468769827798e-06 -0.290820509864544
-3.50959178047324e-06 -0.290821251766815
-3.47484334700321e-06 -0.290821986327339
-3.44043895742892e-06 -0.290822713618737
-3.40637520537517e-06 -0.290823433712893
-3.37264871819324e-06 -0.29082414668101
-3.33925615662697e-06 -0.290824852593568
-3.30619421448215e-06 -0.290825551520353
-3.27345961829915e-06 -0.290826243530452
-3.24104912702887e-06 -0.290826928692297
-3.20895953171175e-06 -0.290827607073621
-3.17718765516015e-06 -0.290828278741494
-3.14573035164371e-06 -0.290828943762318
-3.11458450657793e-06 -0.290829602201848
-3.08374703621577e-06 -0.290830254125186
-3.05321488734235e-06 -0.290830899596788
-3.02298503697262e-06 -0.290831538680473
-2.9930544920521e-06 -0.290832171439431
-2.9634202891605e-06 -0.290832797936233
-2.93407949421831e-06 -0.290833418232814
-2.90502920219635e-06 -0.290834032390521
-2.87626653682807e-06 -0.290834640470071
-2.84778865032482e-06 -0.290835242531602
-2.81959272309388e-06 -0.290835838634644
-2.79167596345929e-06 -0.29083642883814
-2.76403560738544e-06 -0.290837013200458
-2.7366689182034e-06 -0.290837591779378
-2.70957318634e-06 -0.290838164632119
-2.68274572904951e-06 -0.290838731815329
-2.65618389014803e-06 -0.290839293385091
-2.62988503975052e-06 -0.290839849396955
-2.60384657401042e-06 -0.290840399905887
-2.5780659148618e-06 -0.290840944966344
-2.55254050976416e-06 -0.290841484632225
-2.52726783144966e-06 -0.290842018956898
-2.50224537767293e-06 -0.290842547993213
-2.4774706709633e-06 -0.290843071793483
-2.4529412583795e-06 -0.29084359040952
-2.42865471126683e-06 -0.290844103892607
-2.40460862501667e-06 -0.290844612293538
-2.38080061882838e-06 -0.290845115662587
-2.35722833547365e-06 -0.290845614049546
-2.33388944106302e-06 -0.290846107503699
-2.31078162481487e-06 -0.290846596073861
-2.2879025988266e-06 -0.290847079808351
-2.26525009784812e-06 -0.290847558755016
-2.24282187905755e-06 -0.290848032961226
-2.22061572183915e-06 -0.290848502473886
-2.19862942756352e-06 -0.290848967339431
-2.17686081936982e-06 -0.290849427603851
-2.15530774195032e-06 -0.290849883312666
-2.13396806133695e-06 -0.290850334510955
-2.11283966469005e-06 -0.290850781243343
-2.09192046008916e-06 -0.290851223554026
-2.0712083763259e-06 -0.290851661486755
-2.05070136269891e-06 -0.290852095084848
-2.0303973888108e-06 -0.29085252439119
-2.01029444436713e-06 -0.290852949448259
-1.99039053897736e-06 -0.290853370298093
-1.97068370195778e-06 -0.290853786982328
-1.95117198213641e-06 -0.290854199542176
-1.93185344765982e-06 -0.290854608018457
-1.9127261858018e-06 -0.290855012451579
-1.89378830277406e-06 -0.290855412881543
-1.87503792353867e-06 -0.290855809347967
-1.85647319162245e-06 -0.290856201890075
-1.83809226893311e-06 -0.2908565905467
-1.81989333557734e-06 -0.29085697535628
-1.80187458968054e-06 -0.2908573563569
-1.78403424720845e-06 -0.290857733586233
-1.76637054179055e-06 -0.29085810708162
-1.74888172454509e-06 -0.290858476879997
-1.73156606390603e-06 -0.29085884301795
-1.71442184545152e-06 -0.290859205531709
-1.69744737173418e-06 -0.290859564457127
-1.68064096211305e-06 -0.290859919829731
-1.66400095258717e-06 -0.290860271684672
-1.64752569563087e-06 -0.290860620056752
-1.63121356003056e-06 -0.290860964980453
-1.61506293072333e-06 -0.290861306489886
-1.59907220863696e-06 -0.290861644618851
-1.58323981053164e-06 -0.290861979400799
-1.56756416884321e-06 -0.290862310868849
-1.55204373152793e-06 -0.290862639055799
-1.53667696190884e-06 -0.290862963994119
-1.52146233852361e-06 -0.290863285715967
-1.50639835497387e-06 -0.290863604253164
-1.49148351977611e-06 -0.290863919637232
-1.47671635621397e-06 -0.290864231899378
-1.46209540219205e-06 -0.290864541070491
-1.44761921009113e-06 -0.290864847181167
-1.43328634662489e-06 -0.290865150261697
-1.41909539269791e-06 -0.29086545034207
-1.40504494326525e-06 -0.290865747451972
-1.39113360719332e-06 -0.290866041620806
-1.3773600071221e-06 -0.290866332877676
-1.36372277932881e-06 -0.290866621251407
-1.35022057359288e-06 -0.290866906770524
-1.33685205306226e-06 -0.290867189463289
-1.32361589412105e-06 -0.290867469357667
-1.31051078625847e-06 -0.290867746481358
-1.29753543193907e-06 -0.290868020861783
-1.28468854647433e-06 -0.290868292526093
-1.27196885789538e-06 -0.29086856150117
-1.25937510682711e-06 -0.290868827813625
-1.24690604636347e-06 -0.29086909148982
-1.23456044194403e-06 -0.290869352555842
-1.22233707123171e-06 -0.290869611037521
-1.2102347239918e-06 -0.290869866960441
-1.19825220197208e-06 -0.290870120349927
-1.18638831878423e-06 -0.290870371231047
-1.17464189978637e-06 -0.290870619628636
-1.1630117819667e-06 -0.290870865567272
-1.15149681382842e-06 -0.29087110907129
-1.14009585527566e-06 -0.290871350164789
-1.12880777750065e-06 -0.290871588871624
-1.11763146287194e-06 -0.290871825215425
-1.1065658048237e-06 -0.29087205921957
-1.09560970774624e-06 -0.290872290907226
-1.08476208687746e-06 -0.290872520301318
-1.07402186819551e-06 -0.290872747424544
-1.06338798831238e-06 -0.290872972299387
-1.0528593943687e-06 -0.290873194948095
-1.0424350439294e-06 -0.290873415392703
-1.0321139048806e-06 -0.290873633655025
-1.02189495532732e-06 -0.290873849756673
-1.0117771834924e-06 -0.290874063719019
-1.00175958761624e-06 -0.290874275563249
1.00175958761624e-06 -0.290916650760582
1.0117771834924e-06 -0.290916862668333
1.02189495532732e-06 -0.290917076695478
1.0321139048806e-06 -0.290917292863224
1.0424350439294e-06 -0.290917511192977
1.0528593943687e-06 -0.290917731706373
1.06338798831238e-06 -0.290917954425251
1.07402186819551e-06 -0.290918179371669
1.08476208687746e-06 -0.290918406567913
1.09560970774624e-06 -0.290918636036485
1.1065658048237e-06 -0.290918867800127
1.11763146287194e-06 -0.29091910188178
1.12880777750065e-06 -0.290919338304649
1.14009585527566e-06 -0.290919577092139
1.15149681382842e-06 -0.290919818267913
1.1630117819667e-06 -0.290920061855867
1.17464189978637e-06 -0.290920307880116
1.18638831878423e-06 -0.290920556365045
1.19825220197208e-06 -0.290920807335261
1.2102347239918e-06 -0.290921060815633
1.22233707123171e-06 -0.290921316831265
1.23456044194403e-06 -0.290921575407525
1.24690604636347e-06 -0.290921836570018
1.25937510682711e-06 -0.290922100344626
1.27196885789538e-06 -0.290922366757481
1.28468854647433e-06 -0.290922635834968
1.29753543193907e-06 -0.290922907603748
1.31051078625847e-06 -0.290923182090745
1.32361589412105e-06 -0.290923459323148
1.33685205306226e-06 -0.290923739328428
1.35022057359288e-06 -0.290924022134319
1.36372277932881e-06 -0.290924307768832
1.3773600071221e-06 -0.290924596260282
1.39113360719332e-06 -0.29092488763724
1.40504494326525e-06 -0.290925181928571
1.41909539269791e-06 -0.290925479163433
1.43328634662489e-06 -0.29092577937128
1.44761921009113e-06 -0.290926082581846
1.46209540219205e-06 -0.290926388825174
1.47671635621397e-06 -0.290926698131605
1.49148351977611e-06 -0.290927010531788
1.50639835497387e-06 -0.290927326056663
1.52146233852361e-06 -0.290927644737499
1.53667696190884e-06 -0.290927966605876
1.55204373152793e-06 -0.290928291693672
1.56756416884321e-06 -0.290928620033103
1.58323981053164e-06 -0.290928951656696
1.59907220863696e-06 -0.290929286597306
1.61506293072333e-06 -0.290929624888131
1.63121356003056e-06 -0.290929966562677
1.64752569563087e-06 -0.290930311654808
1.66400095258717e-06 -0.290930660198705
1.68064096211305e-06 -0.29093101222891
1.69744737173418e-06 -0.290931367780303
1.71442184545152e-06 -0.290931726888114
1.73156606390603e-06 -0.290932089587921
1.74888172454509e-06 -0.290932455915671
1.76637054179055e-06 -0.290932825907649
1.78403424720845e-06 -0.290933199600531
1.80187458968054e-06 -0.290933577031341
1.81989333557734e-06 -0.290933958237474
1.83809226893311e-06 -0.2909343432567
1.85647319162245e-06 -0.290934732127181
1.87503792353867e-06 -0.290935124887447
1.89378830277406e-06 -0.290935521576423
1.9127261858018e-06 -0.290935922233407
1.93185344765982e-06 -0.290936326898105
1.95117198213641e-06 -0.290936735610624
1.97068370195778e-06 -0.290937148411457
1.99039053897736e-06 -0.29093756534152
2.01029444436713e-06 -0.290937986442126
2.0303973888108e-06 -0.290938411754998
2.05070136269891e-06 -0.290938841322298
2.0712083763259e-06 -0.290939275186585
2.09192046008916e-06 -0.29093971339086
2.11283966469005e-06 -0.290940155978547
2.13396806133695e-06 -0.290940602993514
2.15530774195032e-06 -0.290941054480055
2.17686081936982e-06 -0.290941510482913
2.19862942756352e-06 -0.290941971047291
2.22061572183915e-06 -0.290942436218826
2.24282187905755e-06 -0.290942906043622
2.26525009784812e-06 -0.290943380568242
2.2879025988266e-06 -0.290943859839713
2.31078162481487e-06 -0.290944343905542
2.33388944106302e-06 -0.290944832813705
2.35722833547365e-06 -0.290945326612656
2.38080061882838e-06 -0.290945825351333
2.40460862501667e-06 -0.290946329079177
2.42865471126683e-06 -0.29094683784611
2.4529412583795e-06 -0.290947351702559
2.4774706709633e-06 -0.290947870699464
2.50224537767293e-06 -0.290948394888258
2.52726783144966e-06 -0.2909489243209
2.55254050976416e-06 -0.290949459049873
2.5780659148618e-06 -0.290949999128173
2.60384657401042e-06 -0.290950544609345
2.62988503975052e-06 -0.290951095547447
2.65618389014803e-06 -0.290951651997101
2.68274572904951e-06 -0.290952214013465
2.70957318634e-06 -0.290952781652245
2.7366689182034e-06 -0.290953354969714
2.76403560738544e-06 -0.290953934022704
2.79167596345929e-06 -0.290954518868618
2.81959272309388e-06 -0.290955109565435
2.84778865032482e-06 -0.290955706171713
2.87626653682807e-06 -0.29095630874659
2.90502920219635e-06 -0.290956917349815
2.93407949421831e-06 -0.290957532041711
2.9634202891605e-06 -0.290958152883228
2.9930544920521e-06 -0.290958779935908
3.02298503697262e-06 -0.290959413261925
3.05321488734235e-06 -0.290960052924065
3.08374703621577e-06 -0.29096069898575
3.11458450657793e-06 -0.290961351511028
3.14573035164371e-06 -0.2909620105646
3.17718765516015e-06 -0.290962676211815
3.20895953171175e-06 -0.290963348518659
3.24104912702887e-06 -0.2909640275518
3.27345961829915e-06 -0.290964713378564
3.30619421448215e-06 -0.290965406066955
3.33925615662697e-06 -0.290966105685652
3.37264871819324e-06 -0.290966812304032
3.40637520537517e-06 -0.29096752599216
3.44043895742892e-06 -0.290968246820809
3.47484334700321e-06 -0.290968974861453
3.50959178047324e-06 -0.290969710186281
3.54468769827798e-06 -0.290970452868221
3.58013457526076e-06 -0.290971202980921
3.61593592101336e-06 -0.290971960598766
3.6520952802235e-06 -0.290972725796883
3.68861623302573e-06 -0.290973498651162
3.72550239535599e-06 -0.290974279238245
3.76275741930955e-06 -0.290975067635554
3.80038499350264e-06 -0.290975863921269
3.83838884343767e-06 -0.290976668174368
3.87677273187205e-06 -0.290977480474615
3.91554045919077e-06 -0.290978300902576
3.95469586378268e-06 -0.290979129539622
3.9942428224205e-06 -0.290979966467937
4.03418525064471e-06 -0.290980811770533
4.07452710315115e-06 -0.290981665531258
4.11527237418267e-06 -0.290982527834797
4.15642509792449e-06 -0.290983398766672
4.19798934890374e-06 -0.290984278413285
4.23996924239277e-06 -0.290985166861886
4.2823689348167e-06 -0.290986064200601
4.32519262416487e-06 -0.290986970518456
4.36844455040652e-06 -0.290987885905351
4.41212899591058e-06 -0.290988810452094
4.45625028586969e-06 -0.290989744250407
4.50081278872839e-06 -0.290990687392925
4.54582091661567e-06 -0.29099163997322
4.59127912578183e-06 -0.290992602085791
4.63719191703965e-06 -0.290993573826095
4.68356383621004e-06 -0.290994555290537
4.73039947457214e-06 -0.290995546576503
4.77770346931786e-06 -0.29099654778234
4.82548050401104e-06 -0.290997559007389
4.87373530905115e-06 -0.290998580351985
4.92247266214166e-06 -0.290999611917473
4.97169738876308e-06 -0.291000653806206
5.02141436265071e-06 -0.291001706121572
5.07162850627722e-06 -0.291002768967998
5.12234479133999e-06 -0.29100384245095
5.17356823925339e-06 -0.291004926676952
5.22530392164593e-06 -0.291006021753602
5.27755696086239e-06 -0.291007127789573
5.33033253047101e-06 -0.291008244894637
5.38363585577572e-06 -0.291009373179653
5.43747221433348e-06 -0.291010512756603
5.49184693647681e-06 -0.291011663738587
5.54676540584158e-06 -0.291012826239846
5.6022330599e-06 -0.291014000375757
5.658255390499e-06 -0.291015186262865
5.71483794440399e-06 -0.291016384018877
5.77198632384803e-06 -0.291017593762682
5.82970618708651e-06 -0.291018815614369
5.88800324895737e-06 -0.291020049695223
5.94688328144694e-06 -0.29102129612775
6.00635211426141e-06 -0.291022555035686
6.06641563540403e-06 -0.29102382654401
6.12707979175807e-06 -0.291025110778948
6.18835058967565e-06 -0.291026407868001
6.25023409557241e-06 -0.291027717939945
6.31273643652813e-06 -0.291029041124851
6.37586380089341e-06 -0.291030377554103
6.43962243890235e-06 -0.291031727360381
6.50401866329137e-06 -0.29103309067772
6.56905884992428e-06 -0.291034467641486
6.63474943842353e-06 -0.291035858388417
6.70109693280776e-06 -0.291037263056612
6.76810790213584e-06 -0.291038681785564
6.8357889811572e-06 -0.291040114716161
6.90414687096877e-06 -0.291041561990708
6.97318833967846e-06 -0.291043023752938
7.04292022307524e-06 -0.291044500148033
7.113349425306e-06 -0.291045991322623
7.18448291955906e-06 -0.291047497424815
7.25632774875465e-06 -0.291049018604209
7.32889102624219e-06 -0.291050555011897
7.40217993650461e-06 -0.291052106800495
7.47620173586966e-06 -0.291053674124152
7.55096375322836e-06 -0.291055257138565
7.62647339076064e-06 -0.291056856000988
7.702738124668249e-06 -0.291058470870266
7.77976550591493e-06 -0.29106010190683
7.85756316097408e-06 -0.29106174927273
7.93613879258382e-06 -0.291063413131639
8.01550018050966e-06 -0.291065093648877
8.09565518231475e-06 -0.291066790991424
8.1766117341379e-06 -0.291068505327936
8.25837785147928e-06 -0.291070236828769
8.34096162999407e-06 -0.291071985665982
8.42437124629401e-06 -0.291073752013372
8.508614958756951e-06 -0.291075536046479
8.593701108344519e-06 -0.291077337942607
8.679638119427971e-06 -0.291079157880843
8.76643450062225e-06 -0.291080996042072
8.85409884562847e-06 -0.291082852608998
8.942639834084751e-06 -0.291084727766163
9.0320662324256e-06 -0.291086621699964
9.12238689474986e-06 -0.291088534598674
9.21361076369735e-06 -0.29109046665245
9.30574687133433e-06 -0.291092418053367
9.39880434004767e-06 -0.29109438899544
9.492792383448151e-06 -0.291096379674615
9.587720307282629e-06 -0.291098390288826
9.68359751035546e-06 -0.291100421037992
9.780433485459009e-06 -0.291102472124038
9.878237820313601e-06 -0.291104543750925
9.977020198516739e-06 -0.291106636124663
1.00767904005019e-05 -0.291108749453336
1.01775583045069e-05 -0.291110883947123
1.0279333887552e-05 -0.291113039818313
1.03821272264275e-05 -0.291115217281333
1.04859484986918e-05 -0.29111741655276
1.05908079836787e-05 -0.291119637851373
1.06967160635155e-05 -0.291121881398121
1.08036832241506e-05 -0.2911241474162
1.09117200563922e-05 -0.291126436131044
1.10208372569561e-05 -0.291128747770352
1.11310456295256e-05 -0.29113108256412
1.12423560858209e-05 -0.291133440744663
1.13547796466791e-05 -0.291135822546623
1.14683274431459e-05 -0.291138228207012
1.15830107175774e-05 -0.291140657965229
1.16988408247531e-05 -0.291143112063079
1.18158292330007e-05 -0.291145590744806
1.19339875253307e-05 -0.291148094257109
1.2053327400584e-05 -0.291150622849169
1.21738606745898e-05 -0.291153176772692
1.22955992813357e-05 -0.291155756281897
1.24185552741491e-05 -0.29115836163358
1.25427408268906e-05 -0.291160993087119
1.26681682351595e-05 -0.291163650904502
1.27948499175111e-05 -0.291166335350359
1.29227984166862e-05 -0.291169046691987
1.3052026400853e-05 -0.291171785199375
1.31825466648616e-05 -0.291174551145228
1.33143721315102e-05 -0.291177344805013
1.34475158528253e-05 -0.291180166456957
1.35819910113535e-05 -0.291183016382103
1.37178109214671e-05 -0.29118589486432
1.38549890306817e-05 -0.29118880219034
1.39935389209886e-05 -0.29119173864979
1.41334743101984e-05 -0.291194704535212
1.42748090533004e-05 -0.291197700142098
1.44175571438334e-05 -0.291200725768922
1.45617327152718e-05 -0.29120378171717
1.47073500424245e-05 -0.291206868291366
1.48544235428487e-05 -0.2912099857991
1.50029677782772e-05 -0.291213134551077
1.515299745606e-05 -0.291216314861124
1.53045274306206e-05 -0.291219527046245
1.54575727049268e-05 -0.291222771426635
1.56121484319761e-05 -0.291226048325723
1.57682699162958e-05 -0.291229358070199
1.59259526154588e-05 -0.29123270099006
1.60852121416134e-05 -0.291236077418618
1.62460642630295e-05 -0.291239487692563
1.64085249056598e-05 -0.291242932151977
1.65726101547164e-05 -0.29124641114038
1.67383362562636e-05 -0.291249925004754
1.69057196188262e-05 -0.291253474095599
1.70747768150145e-05 -0.291257058766936
1.72455245831646e-05 -0.291260679376371
1.74179798289962e-05 -0.291264336285123
1.75921596272862e-05 -0.291268029858065
1.77680812235591e-05 -0.291271760463747
1.79457620357947e-05 -0.291275528474443
1.81252196561526e-05 -0.291279334266198
1.83064718527141e-05 -0.291283178218843
1.84895365712413e-05 -0.291287060716069
1.86744319369537e-05 -0.291290982145422
1.88611762563232e-05 -0.291294942898385
1.90497880188865e-05 -0.291298943370393
1.92402858990753e-05 -0.291302983960863
1.94326887580661e-05 -0.291307065073281
1.96270156456467e-05 -0.291311187115189
1.98232858021032e-05 -0.291315350498254
2.00215186601242e-05 -0.291319555638305
2.02217338467255e-05 -0.291323802955381
2.04239511851927e-05 -0.291328092873723
2.06281906970447e-05 -0.291332425821638
2.08344726040151e-05 -0.291336802223489
2.10428173300553e-05 -0.291341222547341
2.12532455033558e-05 -0.29134568720004
2.14657779583894e-05 -0.291350196641325
2.16804357379733e-05 -0.291354751321664
2.1897240095353e-05 -0.291359351696208
2.21162124963065e-05 -0.291363998224828
2.23373746212696e-05 -0.291368691372083
2.25607483674823e-05 -0.291373431607227
2.27863558511571e-05 -0.291378219404301
2.30142194096687e-05 -0.291383055242102
2.32443616037654e-05 -0.291387939604322
2.3476805219803e-05 -0.291392872979556
2.37115732720011e-05 -0.291397855861311
2.39486890047211e-05 -0.291402888748141
2.41881758947683e-05 -0.29140797214365
2.4430057653716e-05 -0.291413106556523
2.46743582302531e-05 -0.291418292500633
2.49211018125557e-05 -0.291423530495032
2.51703128306812e-05 -0.291428821064081
2.5422015958988e-05 -0.291434164737429
2.56762361185779e-05 -0.291439562050118
2.59329984797637e-05 -0.291445013542617
2.61923284645613e-05 -0.291450519760872
2.64542517492069e-05 -0.291456081256386
2.6718794266699e-05 -0.291461698586249
2.6985982209366e-05 -0.291467372313218
2.72558420314597e-05 -0.291473103005762
2.75284004517743e-05 -0.291478891238129
2.7803684456292e-05 -0.291484737590392
2.80817213008549e-05 -0.291490642648539
2.83625385138635e-05 -0.291496607004499
2.86461638990021e-05 -0.2915026312562
2.89326255379921e-05 -0.291508716007696
2.92219517933721e-05 -0.291514861869143
2.95141713113058e-05 -0.291521069456926
2.98093130244188e-05 -0.291527339393677
3.0107406154663e-05 -0.291533672308381
3.04084802162097e-05 -0.291540068836421
3.07125650183718e-05 -0.291546529619651
3.10196906685555e-05 -0.291553055306438
3.1329887575241e-05 -0.291559646551775
3.16431864509934e-05 -0.291566304017296
3.19596183155034e-05 -0.291573028371406
3.22792144986584e-05 -0.2915798202893
3.2602006643645e-05 -0.291586680453041
3.29280267100814e-05 -0.291593609551667
3.32573069771823e-05 -0.291600608281222
3.35898800469541e-05 -0.291607677344853
3.39257788474236e-05 -0.291614817452872
3.42650366358979e-05 -0.291622029322831
3.46076870022568e-05 -0.291629313679608
3.49537638722794e-05 -0.29163667125547
3.53033015110022e-05 -0.291644102790163
3.56563345261122e-05 -0.291651609030967
3.60128978713733e-05 -0.291659190732807
3.63730268500871e-05 -0.291666848658299
3.67367571185879e-05 -0.291674583577869
3.71041246897738e-05 -0.291682396269779
3.74751659366716e-05 -0.291690287520293
3.78499175960383e-05 -0.291698258123628
3.82284167719987e-05 -0.291706308882187
3.86107009397186e-05 -0.291714440606574
3.89968079491158e-05 -0.291722654115643
3.9386776028607e-05 -0.291730950236622
3.97806437888931e-05 -0.291739329805269
4.0178450226782e-05 -0.291747793665764
4.05802347290498e-05 -0.291756342671058
4.09860370763403e-05 -0.291764977682889
4.13958974471037e-05 -0.291773699571546
4.18098564215747e-05 -0.291782509214024
4.22279549857905e-05 -0.291791407504849
4.26502345356484e-05 -0.291800395336397
4.30767368810049e-05 -0.291809473616578
4.35075042498149e-05 -0.29181864326128
4.39425792923131e-05 -0.291827905196012
4.43820050852362e-05 -0.291837260355567
4.48258251360886e-05 -0.291846709684364
4.52740833874495e-05 -0.291856254136574
4.5726824221324e-05 -0.291865894676002
4.61840924635372e-05 -0.291875632276515
4.66459333881726e-05 -0.291885467921882
4.71123927220543e-05 -0.291895402605996
4.75835166492748e-05 -0.291905437332957
4.80593518157676e-05 -0.291915573117206
4.85399453339253e-05 -0.291925810983582
4.90253447872645e-05 -0.291936151967458
4.95155982351372e-05 -0.291946597114887
5.00107542174885e-05 -0.291957147482625
5.05108617596634e-05 -0.291967804138374
5.10159703772601e-05 -0.291978568160742
5.15261300810327e-05 -0.291989440639506
5.2041391381843e-05 -0.292000422675634
5.25618052956614e-05 -0.292011515381434
5.3087423348618e-05 -0.29202271988068
5.36182975821042e-05 -0.292034037308732
5.41544805579252e-05 -0.292045468812623
5.46960253635045e-05 -0.292057015551275
5.52429856171395e-05 -0.292068678695497
5.57954154733109e-05 -0.292080459428228
5.6353369628044e-05 -0.292092358944569
5.69169033243245e-05 -0.292104378452003
5.74860723575677e-05 -0.292116519170467
5.80609330811434e-05 -0.29212878233249
5.86415424119548e-05 -0.292141169183344
5.92279578360744e-05 -0.292153680981171
5.98202374144351e-05 -0.292166318997127
6.04184397885795e-05 -0.292179084515515
6.10226241864653e-05 -0.292191978833909
6.16328504283299e-05 -0.292205003263332
6.22491789326132e-05 -0.292218159128382
6.28716707219394e-05 -0.29223144776736
6.350038742915879e-05 -0.292244870532434
6.41353913034504e-05 -0.292258428789807
6.477674521648491e-05 -0.292272123919802
6.54245126686497e-05 -0.292285957317106
6.607875779533621e-05 -0.292299930390828
6.673954537328961e-05 -0.292314044564737
6.74069408270225e-05 -0.292328301277361
6.80810102352927e-05 -0.292342701982176
6.876182033764561e-05 -0.29235724814775
6.944943854102211e-05 -0.292371941257921
7.01439329264323e-05 -0.292386782811941
7.084537225569659e-05 -0.292401774324677
7.155382597825361e-05 -0.292416917326727
7.22693642380361e-05 -0.292432213364643
7.299205788041651e-05 -0.292447664001054
7.37219784592207e-05 -0.292463270814889
7.44591982438129e-05 -0.292479035401514
7.5203790226251e-05 -0.292494959372929
7.59558281285135e-05 -0.292511044357941
7.671538640979859e-05 -0.29252729200235
7.74825402738966e-05 -0.292543703969124
7.82573656766356e-05 -0.292560281938599
7.9039939333402e-05 -0.292577027608657
7.9830338726736e-05 -0.292593942694933
8.062864211400339e-05 -0.292611028930966
8.143492853514339e-05 -0.292628288068451
8.22492778204948e-05 -0.292645721877387
8.307177059869981e-05 -0.292663332146308
8.39024883046868e-05 -0.292681120682471
8.474151318773359e-05 -0.292699089312067
8.5588928319611e-05 -0.292717239880412
8.64448176028071e-05 -0.292735574252181
8.730926577883521e-05 -0.2927540943116
8.81823584366235e-05 -0.292772801962659
8.90641820209897e-05 -0.29279169912935
8.995482384119961e-05 -0.292810787755853
9.08543720796116e-05 -0.292830069806787
9.17629158004077e-05 -0.292849547267424
9.26805449584118e-05 -0.292869222143906
9.36073504079959e-05 -0.292889096463486
9.45434239120759e-05 -0.292909172274758
9.548885815119661e-05 -0.292929451647886
9.64437467327086e-05 -0.292949936674852
9.74081842000357e-05 -0.292970629469682
9.838226604203611e-05 -0.292991532168712
9.93660887024564e-05 -0.293012646930798
0.000100359749589481 -0.293033975937608
0.000101363347085376 -0.293055521393838
0.00010237698055623 -0.29307728552749
0.000103400750361792 -0.293099270590119
0.00010443475786541 -0.293121478857103
0.000105479105444064 -0.293143912627885
0.000106533896498505 -0.293166574226277
0.00010759923546349 -0.293189466000693
0.000108675227818124 -0.293212590324456
0.000109761980096306 -0.293235949596044
0.000110859599897269 -0.293259546998421
0.000111968195896241 -0.293283383463312
0.000113087877855204 -0.293307462225328
0.000114218756633756 -0.293331785786482
0.000115360944200093 -0.293356356675382
0.000116514553642094 -0.293381177447538
0.000117679699178515 -0.293406250685675
0.0001188564961703 -0.293431578999997
0.000120045061132003 -0.293457165028516
0.000121245511743324 -0.293483011437284
0.000122457966860757 -0.293509120920413
0.000123682546529364 -0.293535495435865
0.000124919371994658 -0.293562140050288
0.000126168565714605 -0.29358905521145
0.000127430251371751 -0.293616244522051
0.000128704553885468 -0.29364371081988
0.000129991599424323 -0.29367145697665
0.000131291515418566 -0.293699485895222
0.000132604430572752 -0.293727800509672
0.000133930474878479 -0.293756403785563
0.000135269779627264 -0.293785298720305
0.000136622477423537 -0.293814488343535
0.000137988702197772 -0.293843975717451
0.00013936858921975 -0.293873763937169
0.000140762275111947 -0.293903856131145
0.000142169897863067 -0.293934255461504
0.000143591596841697 -0.293964965124459
0.000145027512810114 -0.293995988350698
0.000146477787938216 -0.294027328405768
0.000147942565817598 -0.294058988590471
0.000149421991475774 -0.294090972241278
0.000150916211390531 -0.294123282730735
0.000152425373504437 -0.294155923467905
0.000153949627239481 -0.294188897898718
0.000155489123511876 -0.294222209506482
0.000157044014746995 -0.29425586181225
0.000158614454894465 -0.29428985837529
0.000160200599443409 -0.294324202793504
0.000161802605437843 -0.29435889870391
0.000163420631492222 -0.294393949783059
0.000165054837807144 -0.294429359747506
0.000166705386185215 -0.294465132354285
0.000168372440047068 -0.294501271401372
0.000170056164447538 -0.294537780728145
0.000171756726092014 -0.294574664215911
0.000173474293352934 -0.294611925788351
0.000175209036286463 -0.294649569412034
0.000176961126649328 -0.29468759909691
0.000178730737915821 -0.294726018896836
0.000180518045294979 -0.294764832910082
0.000182323225747929 -0.294804045279829
0.000184146458005408 -0.294843660194741
0.000185987922585462 -0.29488368188946
0.000187847801811317 -0.294924114645177
0.00018972627982943 -0.294964962790159
0.000191623542627725 -0.295006230700323
0.000193539778054002 -0.295047922799777
0.000195475175834542 -0.295090043561425
0.000197429927592887 -0.295132597507499
0.000199404226868816 -0.295175589210191
0.000201398269137504 -0.29521902329221
0.000203412251828879 -0.295262904427412
0.000205446374347168 -0.295307237341381
0.00020750083809064 -0.295352026812071
0.000209575846471546 -0.295397277670415
0.000211671604936262 -0.29544299480096
0.000213788320985624 -0.295489183142514
0.000215926204195481 -0.295535847688797
0.000218085466237435 -0.295582993489096
0.00022026632089981 -0.295630625648928
0.000222468984108808 -0.29567874933072
0.000224693673949896 -0.295727369754498
0.000226940610689395 -0.295776492198575
0.000229210016796289 -0.29582612200025
0.000231502116964252 -0.295876264556534
0.000233817138133894 -0.295926925324834
0.000236155309515233 -0.29597810982371
0.000238516862610385 -0.296029823633554
0.000240902031236489 -0.29608207239722
0.000243311051548854 -0.296134861820383
0.000245744162064343 -0.296188197669712
0.000248201603684986 -0.296242085637269
0.000250683619721836 -0.296296532133631
0.000253190455919054 -0.296351542553235
0.000255722360478245 -0.296407123154472
0.000258279584083027 -0.296463280034198
0.000260862379923858 -0.296520019364019
0.000263471003723096 -0.296577347386106
0.000266105713760327 -0.296635270413775
0.00026876677089793 -0.296693794831983
0.00027145443860691 -0.296752927098244
0.000274168982992979 -0.296812673743523
0.000276910672822909 -0.29687304137309
0.000279679779551138 -0.296934036667495
0.000282476577346649 -0.296995666383431
0.000285301343120116 -0.297057937354727
0.000288154356551317 -0.297120856493296
0.00029103590011683 -0.297184430790088
0.000293946259117998 -0.297248667316115
0.000296885721709178 -0.2973135732234
0.00029985457892627 -0.297379155746037
0.000302853124715533 -0.297445422201189
0.000305881655962688 -0.297512379990167
0.000308940472522315 -0.297580036599449
0.000312029877247538 -0.297648399601825
0.000315150176020014 -0.297717476657495
0.000318301677780214 -0.297787275515314
0.000321484694558016 -0.297857804014374
0.000324699541503596 -0.297929070087209
0.000327946536918632 -0.29800108100548
0.000331226002287818 -0.298073846946386
0.000334538262310697 -0.298147374289266
0.000337883644933803 -0.298221671775889
0.000341262481383142 -0.298296747866149
0.000344675106196973 -0.298372611062758
0.000348121857258943 -0.298449269963457
0.000351603075831532 -0.29852673326539
0.000355119106589847 -0.298605009767014
0.000358670297655746 -0.298684108369539
0.000362257000632303 -0.298764038078321
0.000365879570638626 -0.298844808004228
0.000369538366345013 -0.298926427364992
0.000373233750008463 -0.299008905486612
0.000376966087508547 -0.299092251804725
0.000380735748383633 -0.29917647586603
0.000384543105867469 -0.299261587329731
0.000388388536926144 -0.299347595968983
0.000392272422295405 -0.299434511672364
0.00039619514651836 -0.299522344445365
0.000400157097983543 -0.299611104411916
0.000404158668963379 -0.299700801815924
0.000408200255653012 -0.299791447022819
0.000412282258209542 -0.299883050521138
0.000416405080791638 -0.299975622924141
0.000420569131599554 -0.300069174971421
0.00042477482291555 -0.300163717530551
0.000429022571144705 -0.300259261598777
0.000433312796856152 -0.300355818304679
0.000437645924824714 -0.300453398909941
0.000442022384072961 -0.300552014811041
0.000446442607913691 -0.300651677541045
0.000450907033992828 -0.300752398771415
0.000455416104332756 -0.300854190313808
0.000459970265376083 -0.300957064121914
0.000464569968029844 -0.301061032293353
0.000469215667710143 -0.301166107071552
0.000473907824387244 -0.301272300847699
0.000478646902631117 -0.301379626162649
0.000483433371657428 -0.301488095708939
0.000488267705374002 -0.301597722332795
0.000493150382427742 -0.301708519036156
0.0004980818862520199 -0.301820498978745
0.00050306270511454 -0.301933675480161
0.000508093332165685 -0.302048062022015
0.000513174265487342 -0.302163672250077
0.000518306008142215 -0.302280519976452
0.0005234890682236369 -0.302398619181817
0.000528723958905874 -0.302517984017658
0.000534011198494933 -0.302638628808553
0.000539351310479882 -0.302760568054481
0.000544744823584681 -0.302883816433169
0.000550192271820528 -0.303008388802475
0.000555694194538733 -0.303134300202798
0.00056125113648412 -0.303261565859535
0.000566863647848961 -0.30339020118554
0.000572532284327451 -0.303520221783672
0.000578257607170726 -0.303651643449351
0.000584040183242433 -0.303784482173141
0.000589880585074857 -0.303918754143431
0.000595779390925606 -0.304054475749142
0.000601737184834862 -0.304191663582591
0.00060775455668321 -0.304330334442603
0.000613832102250043 -0.304470505338596
0.000619970423272543 -0.304612193499023
0.000626170127505268 -0.304755416424076
0.000632431828780321 -0.304900191445565
0.000638756147068124 -0.305046535719448
0.000645143708538805 -0.305194470189385
0.0006515951456241939 -0.305344010379917
0.000658111097080435 -0.305495175202409
0.00066469220805124 -0.305647985533193
0.000671339130131752 -0.305802457663777
0.00067805252143307 -0.305958612108194
0.0006848330466474 -0.306116468273519
0.000691681377113875 -0.306276045886905
0.000698598190885013 -0.306437364933438
0.000705584172793863 -0.306600445652397
0.000712640014521802 -0.306765308539132
0.00071976641466702 -0.306931974348007
0.00072696407881369 -0.307100464095714
0.000734233719601827 -0.307270799064796
0.000741576056797845 -0.307443000807184
0.000748991817365824 -0.307617091147812
0.000756481735539482 -0.307793092188371
0.000764046552894877 -0.307971026311007
0.000771687018423826 -0.308150916182163
0.000779403888608064 -0.30833278475641
0.000787197927494145 -0.308516655280381
0.000795069906769086 -0.308702551296722
0.000803020605836777 -0.308890496648119
0.000811050811895145 -0.309080515481371
0.000819161320014096 -0.309272632251524
0.000827352933214237 -0.309466871726055
0.00083562646254638 -0.309663258989109
0.000843982727171843 -0.309861819445816
0.0008524225544435619 -0.31006257882664
0.000860946779987997 -0.310265563191791
0.000869556247787878 -0.310470798935715
0.000878251810265756 -0.310678312791624
0.000887034328368414 -0.310888131836093
0.000895904671652098 -0.311100283493733
0.000904863718368619 -0.311314795541888
0.000913912355552305 -0.31153169611545
0.000923051479107828 -0.311751013711675
0.0009322819938989071 -0.311972777195105
0.000941604813837896 -0.312197015802525
0.000951020861976275 -0.312423759147963
0.000960531070596037 -0.312653037227705
0.000970136381301998 -0.31288488042521
0.000979837745115018 -0.313119319515606
0.0009896361225661681 -0.313356385667988
0.00099953248379183 -0.313596110431386
0.00100952780862975 -0.313838526107268
0.00101962308671605 -0.314083664710889
0.00102981931758321 -0.314331559003946
0.00104011751075904 -0.314582242473456
0.00105051868586663 -0.314835748754838
0.00106102387272529 -0.315092111958594
0.00107163411145255 -0.315351366644592
0.00108235045256707 -0.315613547823919
0.00109317395709274 -0.315878690964016
0.00110410569666367 -0.31614683199454
0.00111514675363031 -0.316418007313536
0.00112629822116661 -0.316692253793751
0.00113756120337828 -0.316969608789091
0.00114893681541206 -0.317250110141148
0.00116042618356618 -0.317533796185861
0.00117203044540184 -0.317820705760238
0.00118375074985586 -0.318110878209206
0.00119558825735442 -0.318404353392486
0.00120754413992796 -0.318701171691502
0.00121961958132724 -0.319001374016095
0.00123181577714052 -0.319305001810144
0.00124413393491192 -0.319612097050475
0.00125657527426104 -0.319922702128752
0.00126914102700365 -0.320236861073117
0.00128183243727369 -0.320554616108904
0.00129465076164642 -0.320876012289912
0.00130759726926289 -0.321201094343658
0.00132067324195552 -0.321529907675863
0.00133387997437507 -0.321862498300383
0.00134721877411882 -0.322198912841079
0.00136069096186001 -0.322539198538954
0.00137429787147861 -0.322883403260619
0.0013880408501934 -0.323231575506953
0.00140192125869533 -0.323583764422012
0.00141594047128228 -0.3239400198017
0.00143009987599511 -0.324300392099746
0.00144440087475506 -0.324664932385653
0.00145884488350261 -0.325033692846649
0.00147343333233764 -0.325406725411162
0.00148816766566101 -0.32578408360799
0.00150304934231762 -0.326165821319732
0.0015180798357408 -0.326551993186426
0.00153326063409821 -0.326942654586472
0.00154859324043919 -0.3273378616453
0.00156407917284358 -0.327737671246498
0.00157971996457202 -0.328142141043539
0.00159551716421774 -0.328551329471966
0.00161147233585991 -0.328965295761898
0.00162758705921851 -0.329384099950905
0.0016438629298107 -0.329807802897261
0.00166030155910881 -0.330236466293515
0.00167690457469989 -0.330670152680526
0.00169367362044689 -0.331108925461845
0.00171061035665136 -0.331552848918555
0.00172771646021787 -0.332001988224579
0.00174499362482005 -0.332456409462436
0.00176244356106825 -0.332916179639506
0.00178006799667894 -0.333381366704821
0.00179786867664573 -0.333852039566425
0.00181584736341218 -0.334328268109303
0.0018340058370463 -0.334810123213939
0.00185234589541677 -0.335297676775559
0.00187086935437094 -0.335791001724167
0.00188957804791465 -0.336290172045791
0.00190847382839379 -0.336795262807682
0.00192755856667773 -0.33730635025375
0.00194683415234451 -0.337823511230529
0.00196630249386795 -0.338346824770742
0.00198596551880663 -0.338876370148542
0.0020058251739947 -0.339412228098692
0.00202588342573464 -0.339954481983569
0.00204614225999199 -0.340503212074906
0.00206660368259191 -0.341058505269018
0.00208726971941783 -0.341620446865896
0.00210814241661201 -0.342189124026688
0.00212922384077813 -0.342764625309186
0.00215051607918591 -0.34334704068267
0.00217202123997777 -0.343936461560059
0.00219374145237755 -0.344532980833813
0.00221567886690132 -0.345136692914116
0.00223783565557034 -0.345747693768802
0.00226021401212604 -0.346366080965051
0.0022828161522473 -0.346991953712899
0.00230564431376977 -0.347625412910571
0.00232870075690747 -0.34826656119155
0.00235198776447654 -0.348915502972998
0.00237550764212131 -0.349572344503842
0.00239926271854252 -0.350237193902444
0.00242325534572795 -0.350910160064297
0.00244748789918523 -0.351591359619548
0.00247196277817708 -0.352280901592396
0.00249668240595885 -0.352978903958501
0.00252164923001844 -0.353685485532014
0.00254686572231862 -0.35440076701897
0.00257233437954181 -0.355124871522012
0.00259805772333723 -0.355857924573939
0.0026240383005706 -0.356600054210072
0.00265027868357631 -0.357351391049471
0.00267678147041207 -0.358112068381064
0.00270354928511619 -0.358882222254
0.00273058477796735 -0.359661991572042
0.00275789062574703 -0.360451518192149
0.0027854695320045 -0.36125094702728
0.00281332422732454 -0.362060426153786
0.00284145746959779 -0.362880106924734
0.00286987204429376 -0.363710144104227
0.0028985707647367 -0.36455069770036
0.00292755647238407 -0.365401923970251
0.00295683203710791 -0.366263995337896
0.00298640035747899 -0.367137076799468
0.00301626436105378 -0.368021344737363
0.00304642700466432 -0.368916975766165
0.00307689127471096 -0.369824153407442
0.00310766018745807 -0.370743062180549
0.00313873678933265 -0.371673894550479
0.00317012415722598 -0.372616846770485
0.00320182539879824 -0.373572120137514
0.00323384365278622 -0.374539921178893
0.00326618208931408 -0.375520461846924
0.00329884391020722 -0.376513959720938
0.00333183234930929 -0.377520638215957
0.00336515067280239 -0.378540725674206
0.00339880217953041 -0.379574460486834
0.00343279020132572 -0.380622064145465
0.00346711810333897 -0.38168384429271
0.00350178928437236 -0.382759997289896
0.00353680717721609 -0.383850806883704
0.00357217524898825 -0.384956543917107
0.00360789700147813 -0.386077487078778
0.00364397597149291 -0.387213922016355
0.00368041573120784 -0.388366146258605
0.00371721988851992 -0.389534462592248
0.00375439208740512 -0.390719184048527
0.00379193600827917 -0.391920632714455
0.00382985536836196 -0.39313914109301
0.00386815392204558 -0.394375050177473
0.00390683546126603 -0.39562871838923
0.0039459038158787 -0.396900496882492
0.00398536285403748 -0.398190771713277
0.00402521648257786 -0.399499923509962
0.00406546864740364 -0.400828351573835
0.00410612333387767 -0.40217646642488
0.00414718456721645 -0.403544691435047
0.00418865641288861 -0.404933463282603
0.0042305429770175 -0.406343231268487
0.00427284840678767 -0.407774462916632
0.00431557689085555 -0.409227635299629
0.00435873265976411 -0.410703243389013
0.00440231998636175 -0.412201796362375
0.00444634318622536 -0.41372382166614
0.00449080661808762 -0.415269862535761
0.00453571468426849 -0.416840483156581
0.00458107183111118 -0.418436270649677
0.00462688254942229 -0.420057794094553
0.00467315137491651 -0.421705691234623
0.00471988288866568 -0.423380602505629
0.00476708171755234 -0.42508312706797
0.00481475253472786 -0.426814067776867
0.00486290006007514 -0.428574015753549
0.00491152906067589 -0.430363727273495
0.00496064435128265 -0.432183943226527
0.00501025079479548 -0.434035424229126
0.00506035330274343 -0.435918986677496
0.00511095683577087 -0.437835432680302
0.00516206640412858 -0.43978561334733
0.00521368706816986 -0.44177039946843
0.00526582393885156 -0.443790703750537
0.00531848217824008 -0.445847437355612
0.00537166700002248 -0.447941568664437
0.0054253836700227 -0.450074082242778
0.00547963750672293 -0.452246096277218
0.00553443388179016 -0.45445849251722
0.00558977822060806 -0.456712420856912
0.00564567600281414 -0.459009027095113
0.00570213276284228 -0.46134946817549
0.0057591540904707 -0.46373491836265
0.00581674563137541 -0.466166659042384
0.00587491308768917 -0.468645837184837
0.00593366221856606 -0.471174058924467
0.00599299884075172 -0.473752380825205
0.00605292882915924 -0.476382299545679
0.00611345811745083 -0.47906527290912
0.00617459269862534 -0.481802780791012
0.00623633862561159 -0.48459636720742
0.00629870201186771 -0.487447594603409
0.00636168903198638 -0.490358167465897
0.00642530592230625 -0.493329714295076
0.00648955898152931 -0.496364003185748
0.0065544545713446 -0.499462846719338
0.00661999911705805 -0.502628075129356
0.00668619910822863 -0.505861644767639
0.00675306109931092 -0.509165495426944
0.00682059171030403 -0.512541294681144
0.00688879762740707 -0.515992420632626
0.00695768560368114 -0.519519798642512
0.00702726245971795 -0.523126102484082
0.00709753508431513 -0.526813651855287
0.00716851043515828 -0.53058486839952
0.00724019553950986 -0.534442140552195
0.00731259749490496 -0.538388043995639
0.00738572346985401 -0.542425866629246
0.00745958070455255 -0.546557468621029
0.00753417651159808 -0.550786157203826
0.00760951827671406 -0.555114798022549
0.0076856134594812 -0.559546437768234
0.00776246959407601 -0.564084251383607
0.00784009429001677 -0.568731363071242
0.00791849523291694 -0.57349143044358
0.00799768018524611 -0.578367778844738
0.00807765698709857 -0.583364081739226
0.00815843355696956 -0.588484065867012
0.00824001789253925 -0.593731805915962
0.00832241807146464 -0.599111049924568
0.008405642252179289 -0.604626145554114
0.00848969867470108 -0.610281427266484
0.0085745956614481 -0.616081480272027
0.008660341618062581 -0.622030821050718
0.008746945034243199 -0.628134385955716
0.008834414484585631 -0.634397296078468
0.008922758629431491 -0.640824755638634
0.0090119862157258 -0.647422218782459
0.00910210607788306 -0.654195392161722
0.00919312713866189 -0.661150104116532
0.00928505841004851 -0.668292518875138
0.009377908994149 -0.675629026483703
0.00947168808409049 -0.683166274620503
0.009566404964931391 -0.690911202229764
0.00966206901458071 -0.698870976107751
0.009758689704726511 -0.707053122513731
0.009856276601773781 -0.715465483384219
0.00995483936779152 -0.724116217862601
0.0100543877614694 -0.733013808224635
0.0101549316390841 -0.742166985110218
0.010256480955475 -0.751585336308265
0.0103590457650297 -0.761278362458722
0.01046263622268 -0.77125613233976
0.0105672625849068 -0.781529206847651
0.0106729352107559 -0.79210854174618
0.0107796645628634 -0.803005661757193
0.0108874612084921 -0.81423251746869
0.010996335820577 -0.825801640301927
0.0111062991787828 -0.837726110778486
0.0112173621705706 -0.850019830198035
0.0113295357922763 -0.862696649867229
0.0114428311501991 -0.875771679947856
0.0115572594617011 -0.889260503817101
0.0116728320563181 -0.903179386911348
0.0117895603768812 -0.917545296258634
0.0119074559806501 -0.932375990523447
0.0120265305404566 -0.947689923462211
0.0121467958458611 -0.963506396095976
0.0122682638043197 -0.979845562508909
0.0123909464423629 -0.996728293669904
0.0125148559067866 -1.01417648505035
0.0126400044658544 -1.0322127123379
0.012766404510513 -1.05086062482548
0.0128940685556181 -1.07014480905246
0.0130230092411743 -1.09009052136603
0.013153239333586 -1.11072406528265
0.0132847717269219 -1.13207269585096
0.0134176194441911 -1.15416414046607
0.013551795638633 -1.17702748494669
0.0136873135950193 -1.20069247672073
0.0138241867309695 -1.22518897866965
0.0139624285982792 -1.25054815018316
0.014102052884262 -1.27680132806149
0.0142430734131046 -1.30398016902537
0.0143855041472357 -1.33211661491719
0.014529359188708 -1.36124234436878
0.0146746527805951 -1.39138919541321
0.0148213993084011 -1.42258748067124
0.0149696133014851 -1.45486720817128
0.0151193094344999 -1.48825677314256
0.0152705025288449 -1.5227825208021
0.0154232075541334 -1.55846823150449
0.0155774396296747 -1.59533439398627
0.0157332140259715 -1.63339758262816
0.0158905461662312 -1.67266898603676
0.0160494516278935 -1.71315417948098
0.0162099461441724 -1.75485133011976
0.0163720456056142 -1.79775004416498
0.0165357660616703 -1.84183012151578
0.016701123722287 -1.88705976227771
0.0168681349595099 -1.93339343334819
0.017036816309105 -1.98077090267191
0.017207184472196 -2.02911434469809
0.017379256316918 -2.07832669323642
0.0175530488800872 -2.12828918455323
0.017728579368888 -2.17886044123421
0.0179058651625769 -2.22987140345256
0.0180849238142027 -2.2811268290963
0.0182657730523447 -2.33240159245622
0.0184484307828682 -2.3834400734679
0.0186329150906968 -2.43395508198922
0.0188192442416038 -2.48362808164784
0.0190074366840199 -2.53210960526092
0.0191975110508601 -2.57902173007917
0.0193894861613687 -2.62396031745097
0.0195833810229823 -2.66649982743282
0.0197792148332122 -2.70619862920267
0.0199770069815443 -2.7426065488629
0.0201767770513597 -2.77527305045055
0.0203785448218733 -2.80375685978549
0.0205823302700921 -2.8276370596362
0.020788153572793 -2.84652388036662
0.0209960351085209 -2.86006919601353
0.0212059954596061 -2.86798383765626
0.0214180554142022 -2.87003496190336
0.0216322359683442 -2.86606757606422
0.0218485583280276 -2.85600441772527
0.0220670439113079 -2.83985186036921
0.022287714350421 -2.81770063555307
0.0225105914939252 -2.78972460639757
0.0227356974088645 -2.75617612738906
0.0229630543829531 -2.71737911683423
0.0231926849267826 -2.67371940022744
0.0234246117760505 -2.62563412951949
0.023658857893811 -2.57359950912868
0.0238954464727491 -2.51811775471794
0.0241344009374766 -2.45970544376432
0.0243757449468513 -2.3988814499143
0.0246195023963198 -2.33615508774416
0.024865697420283 -2.27201746766276
0.0251143543944859 -2.20693630159522
0.0253654979384307 -2.1413455775268
0.025619152917815 -2.07564314906646
0.0258753444469932 -2.01018914440827
0.0261340978914631 -1.94530284338402
0.0263954388703778 -1.88126331122454
0.0266593932590815 -1.81831027917478
0.0269259871916724 -1.75664552251316
0.0271952470635891 -1.69643559229758
0.027467199534225 -1.63781387775523
0.0277418715295672 -1.58088399059175
0.0280192902448629 -1.52572282694871
0.0282994831473115 -1.47238327320048
0.0285824779787846 -1.42089744923113
0.0288683027585725 -1.37127927822096
0.0291569857861582 -1.32352733050979
0.0294485556440198 -1.27762721681541
0.02974304120046 -1.23355354336519
0.0300404716124646 -1.19127229542068
0.0303408763285892 -1.15074228080782
0.0306442850918751 -1.11191672017469
0.0309507279427939 -1.07474464553449
0.0312602352222218 -1.03917202604749
0.031572837574444 -1.0051426238356
0.0318885659501885 -0.972599039086634
0.0322074516096904 -0.941483277640763
0.0325295261257873 -0.911737969472278
0.0328548213870451 -0.883303824596877
0.0331833696009156 -0.856126131426466
0.0335152032969248 -0.830148231596346
0.033850355329894 -0.805316746133255
0.0341888588831929 -0.781578978131077
0.0345307474720249 -0.758883590671863
0.0348760549467451 -0.737182396387041
0.0352248154962126 -0.716427601605556
0.0355770636511747 -0.696574929989621
0.0359328342876865 -0.677579383139154
0.0362921626305633 -0.65940037266586
0.036655084256869 -0.641999337229647
0.0370216350994376 -0.625337174276432
0.037391851450432 -0.609378226704087
0.0377657699649363 -0.59408826610838
0.0381434276645857 -0.579434802430802
0.0385248619412316 -0.565386653502974
0.0389101105606439 -0.551914485436464
0.0392992116662503 -0.538990137179422
0.0396922037829128 -0.526587237606289
0.0400891258207419 -0.514680805512496
0.0404900170789494 -0.503245943405306
0.0408949172497389 -0.492260953752845
0.0413038664222363 -0.481703837889499
0.0417169050864586 -0.471553922396184
0.0421340741373232 -0.46179280191923
0.0425554148786964 -0.45240123257093
0.0429809690274834 -0.443360563312737
0.0434107787177582 -0.434656213181475
0.0438448865049358 -0.426271472695351
0.0442833353699852 -0.418191467420038
0.044726168723685 -0.410401917590206
0.0451734304109219 -0.402889299867663
0.0456251647150311 -0.395640866653251
0.0460814163621814 -0.388644256581395
0.0465422305258032 -0.381887940223975
0.0470076528310613 -0.375360774958232
0.0474777293593719 -0.369052410673708
0.0479525066529656 -0.362952686929435
0.0484320317194952 -0.357052168084866
0.0489163520366902 -0.351341677250208
0.0494055155570571 -0.345812718849678
0.0498995707126277 -0.340456955403419
0.0503985664197539 -0.335266754328036
0.0509025520839515 -0.330234214344224
0.051411577604791 -0.325352626777551
0.0519256933808389 -0.320615103906693
0.0524449503146473 -0.316015088928431
0.0529693998177938 -0.311546500305043
0.0534990938159717 -0.307203449416839
0.0540340847541314 -0.302980257674595
0.0545744256016727 -0.298871648222754
0.0551201698576895 -0.294872488839576
0.0556713715562664 -0.290977944075537
0.056228085271829 -0.287183364738737
0.0567903661245473 -0.283484319066778
0.0573582697857928 -0.27987658347723
0.0579318524836507 -0.276356159157183
0.0585111710084872 -0.272919226548052
0.0590962827185721 -0.26956203788283
0.0596872455457578 -0.266281227611611
0.0602841180012154 -0.263073437958449
0.0608869591812276 -0.259935518542395
0.0614958287730398 -0.256864454996892
0.0621107870607702 -0.253857500125995
0.0627318949313779 -0.250911736267288
0.0633592138806917 -0.248024696732381
0.0639928060194986 -0.245193909595026
0.0646327340796936 -0.242417039026206
0.0652790614204906 -0.239691872072949
0.0659318520346955 -0.237016320022943
0.06659117055504241 -0.234388409277941
0.06725708226059279 -0.231806250113931
0.0679296530831988 -0.229267990425328
0.0686089496140308 -0.226772131477473
0.0692950391101711 -0.224316940720658
0.0699879895012728 -0.221900939787482
0.0706878693962855 -0.219522761525034
0.0713947480902484 -0.217181053998631
0.0721086955711509 -0.214874587072374
0.0728297825268624 -0.212602180462092
0.073558080352131 -0.210362743945028
0.07429366115565229 -0.208155341229997
0.07503659776720881 -0.205978852653935
0.07578696374488091 -0.20383259927324
0.0765448333823297 -0.201715609517384
0.07731028171615301 -0.199627181742367
0.07808338453331461 -0.197566582729269
0.0788642183786477 -0.195533208819762
0.0796528605624342 -0.193526384949793
0.08044938916805849 -0.191545698085133
0.0812538830597391 -0.18959053377897
0.0820664218903365 -0.187660457681194
0.08288708610923989 -0.185755080641725
0.08371595697033229 -0.183874025085442
0.0845531165400356 -0.182016935138733
0.085398647705436 -0.180183486179039
0.0862526341824903 -0.178373507151301
0.0871151605243152 -0.176586679144283
0.0879863121295584 -0.174822761894052
0.0888661752508539 -0.173081610271501
0.08975483700336249 -0.171363041844622
0.09065238537339609 -0.169666905795624
0.0915589092271301 -0.167993051835806
0.0924744983194014 -0.166341396585862
0.0933992433025954 -0.164711871127804
0.0943332357356213 -0.163104253186754
0.0952765680929776 -0.161518631946196
0.0962293337739073 -0.159954767139484
0.0971916271116464 -0.158412709690507
0.0981635433827629 -0.156892299199537
0.0991451788165905 -0.155393554791885
0.100136630604756 -0.153916339436964
0.101137996910804 -0.15246062300149
0.102149376879912 -0.151026305966403
0.103170870648711 -0.149613350180585
0.104202579355198 -0.148221630451088
0.10524460514875 -0.146851089245217
0.106297051200238 -0.145501590378474
0.10736002171224 -0.144173072384069
0.108433621929363 -0.14286543956638
0.109517958148656 -0.141578489708958
0.110613137730143 -0.140312109237546
0.111719269107444 -0.139066182457401
0.112836461798519 -0.137840519204476
0.113964826416504 -0.136634945384287
0.115104474680669 -0.135449273096036
0.116255519427476 -0.134283296061894
0.11741807462175 -0.133136817443451
0.118592255367968 -0.132009605998311
0.119778177921647 -0.130901448909647
0.120975959700864 -0.12981202931434
0.122185719297873 -0.128741118908498
0.123407576490851 -0.127688470172785
0.12464165225576 -0.126653790569775
0.125888068778317 -0.125636768665416
0.127146949466101 -0.124637111387766
0.128418418960762 -0.123654509156793
0.129702603150369 -0.122688639255603
0.130999629181873 -0.121739176694932
0.132309625473692 -0.120805802918049
0.133632721728429 -0.119888155188519
0.134969048945713 -0.11898590333267
0.13631873943517 -0.118098691033978
0.137681926829522 -0.117226185243061
0.139058746097817 -0.11636802202263
0.140449333558795 -0.115523856935636
0.141853826894383 -0.114693335582709
0.143272365163327 -0.113876099353989
0.14470508881496 -0.113071812974507
0.14615213970311 -0.112280124683228
0.147613661100141 -0.111500678507388
0.149089797711142 -0.110733138978833
0.150580695688254 -0.10997716578079
0.152086502645136 -0.109232428379982
0.153607367671588 -0.108498611903571
0.155143441348303 -0.107775387712139
0.156694875761787 -0.107062434813703
0.158261824519404 -0.10635944844112
0.159844442764598 -0.105666138901914
0.161442887192244 -0.104982209540462
0.163057316064167 -0.104307381268196
0.164687889224809 -0.103641370871573
0.166334768117057 -0.102983913344848
0.167998115798227 -0.102334760285172
0.169678096956209 -0.101693653314189
0.171374877925772 -0.101060353970341
0.173088626705029 -0.100434629400214
0.17481951297208 -0.0998162654506634
0.1765677081018 -0.0992050344655725
0.178333385182818 -0.0986007394074623
0.180116719034647 -0.0980031785404377
0.181917886224993 -0.0974121615158276
0.183737065087243 -0.0968275036406831
0.185574435738115 -0.0962490197498908
0.187430180095497 -0.0956765446503875
0.189304481896452 -0.0951098936105388
0.191197526715416 -0.0945488961738779
0.19310950198257 -0.0939933558845104
0.195040597002396 -0.0934430179636421
0.19699100297242 -0.0928978386844671
0.198960913002144 -0.0923542143387791
0.200950522132166 -0.0918068371038061
0.202960027353487 -0.0912846276903157
0.204989627627022 -0.0907623186645388
0.207039523903292 -0.0902446655615231
0.209109919142325 -0.0897313099654811
0.211201018333748 -0.0892222914847993
0.213313028517086 -0.0887175717023461
0.215446158802257 -0.0882170904377397
0.217600620390279 -0.0877207754041448
0.219776626594182 -0.0872285494077206
0.221974392860124 -0.0867403326262383
0.224194136788725 -0.0862560429032742
0.226436078156613 -0.0857755980099619
0.228700438938179 -0.0852989150797376
0.23098744332756 -0.0848259083553213
0.233297317760836 -0.0843564976939699
0.235630290938444 -0.0838905963951329
0.237986593847829 -0.0834281201205629
0.240366459786307 -0.0829689892979456
0.24277012438417 -0.0825131101666154
0.245197825628012 -0.0820604003059464
0.247649803884292 -0.0816107747360727
0.250126301923135 -0.0811641537235875
0.252627564942366 -0.080720442679002
0.25515384059179 -0.0802795562927532
0.257705378997708 -0.0798414188087174
0.260282432787685 -0.0794059301056519
0.262885257115562 -0.078973025720502
0.265514109686717 -0.0785426010159675
0.268169250783585 -0.0781145809473158
0.27085094329142 -0.077688884436852
0.273559452724335 -0.0772654243197488
0.276295047251578 -0.0768441233792305
0.279057997724094 -0.0764249011343314
0.281848577701335 -0.0760076800878763
0.284667063478348 -0.0755923902445235
0.287513734113132 -0.0751789487359275
0.290388871454263 -0.0747672920087053
0.293292760168805 -0.0743573473857175
0.296225687770494 -0.0739490542945425
0.299187944648198 -0.07354234957163
0.30217982409468 -0.0731371689161081
0.305201622335627 -0.0727334583977464
0.308253638558984 -0.0723311749615469
0.311336174944573 -0.0719302576878053
0.314449536694019 -0.0715306654579974
0.317594032060959 -0.0711323629196748
0.320769972381569 -0.0707353031247423
0.323977672105385 -0.0703394541798272
0.327217448826438 -0.0699447918814353
0.330489623314703 -0.0695512953952052
0.33379451954785 -0.0691589293140715
0.337132464743328 -0.0687676854741945
0.340503789390762 -0.0683775452515557
0.343908827284669 -0.0679884999418512
0.347347915557516 -0.0676005398640739
0.350821394713091 -0.0672136603960272
0.354329608660222 -0.0668278604817706
0.357872904746824 -0.0664431330055921
0.361451633794292 -0.0660594857423201
0.365066150132235 -0.0656769173876556
0.368716811633558 -0.0652954397855384
0.372403979749893 -0.0649150465068963
0.376128019547392 -0.0645357547589353
0.379889299742866 -0.0641575597524979
0.383688192740295 -0.063780469985262
0.387525074667698 -0.0634044866136372
0.391400325414375 -0.0630296123279262
0.395314328668518 -0.0626558513642452
0.399267471955204 -0.0622831907391584
0.403260146674756 -0.0619116363414669
0.407292748141503 -0.0615411792292157
0.411365675622918 -0.0611718069743944
0.415479332379147 -0.0608035053144639
0.419634125702939 -0.0604362568456329
0.423830466959968 -0.0600700414970997
0.428068771629568 -0.0597048314748253
0.432349459345864 -0.0593405990725215
0.436672953939322 -0.0589773103575955
0.441039683478716 -0.0586149285172718
0.445450080313503 -0.058253415291966
0.449904581116638 -0.057892724939081
0.454403626927804 -0.0575328100420094
0.458947663197082 -0.0571736174375816
0.463537139829053 -0.0568151019696821
0.468172511227344 -0.0564571992366563
0.472854236339617 -0.0560998542033865
0.477582778703013 -0.0557430050797499
0.482358606490043 -0.0553865951087703
0.487182192554944 -0.0550305599936817
0.492054014480493 -0.0546748332576256
0.496974554625298 -0.0543193510308697
0.501944300171551 -0.0539640546830758
0.506963743173267 -0.053608879874793
0.512033380604999 -0.0532537658829617
0.517153714411049 -0.0528986456435905
0.52232525155516 -0.0525434635457809
0.527548504070711 -0.0521881588465459
0.532823989111418 -0.0518326759810566
0.538152229002533 -0.0514769574973003
0.543533751292558 -0.0511209507447749
0.548969088805484 -0.0507646036743098
0.554458779693538 -0.0504078662996437
0.560003367490474 -0.0500506893793419
0.565603401165378 -0.0496930260080468
0.571259435177032 -0.0493348327489209
0.576972029528803 -0.0489760645041682
0.582741749824091 -0.0486166798042724
0.588569167322331 -0.0482566361705069
0.5944548589955549 -0.0478958959306698
0.60039940758551 -0.0475344161943763
0.606403401661365 -0.0471721512128037
0.612467435677979 -0.0468090728497841
0.618592110034759 -0.046445133628718
0.624778031135106 -0.0460802923591674
0.631025811446457 -0.045714512395141
0.637336069560922 -0.0453477360919173
0.643709430256531 -0.0449799346313664
0.650146524559097 -0.0446110724079368
0.656647989804688 -0.0442410657836438
0.663214469702734 -0.0438698877440196
0.669846614399762 -0.0434974745926474
0.6765450805437589 -0.0431237745081235
0.6833105313491969 -0.0427487248540568
0.690143636662689 -0.0423722594979446
0.697045073029316 -0.0419943207520012
0.704015523759609 -0.0416148227065343
0.711055678997205 -0.0412337026336299
0.718166235787177 -0.0408508752684553
0.725347898145049 -0.0404662629260895
0.732601377126499 -0.0400797736904307
0.739927390897764 -0.0396913242980114
0.747326664806742 -0.0393008150691759
0.7547999314548089 -0.0389081590591502
0.762347930769357 -0.0385132492187599
0.7699714100770511 -0.0381159922819448
0.777671124177822 -0.0377162811384571
0.7854478354195999 -0.0373140165273301
0.793302313773796 -0.0369090888983933
0.801235336911534 -0.0365014003550353
0.809247690280649 -0.0360908477181092
0.817340167183456 -0.035677329142583
0.82551356885529 -0.035260747840146
0.833768704543843 -0.0348410121251727
0.842106391589282 -0.0344180121972354
0.8505274555051739 -0.0339917196815359
0.8547800927827 -0.0337767478470216
0.859032730060226 -0.0335620005188378
0.863327893710527 -0.0333453049896559
0.867623057360828 -0.0331288097554861
0.871961172647633 -0.0329103553488723
0.874130230291035 -0.0328011972484583
0.876299287934437 -0.0326920933841386
0.878490036154273 -0.0325819484958692
0.880680784374109 -0.0324718468373928
0.882871532593945 -0.0323617996676332
0.885062280813781 -0.0322517983428017
0.887274936515815 -0.0321407461158057
0.88948759221785 -0.0320297400115548
0.891700247919885 -0.0319187886324276
0.893912903621919 -0.0318078817318
0.898382468140029 -0.0315840088068628
0.902852032658138 -0.0313603253146544
0.907366292821429 -0.0311346188636321
0.91188055298472 -0.0309091190871197
0.916439955749644 -0.0306815814806962
0.920999358514567 -0.0304542603206245
0.92560435530714 -0.0302249056140887
0.930209352099712 -0.0299957691694686
0.93951144562071 -0.0295337017022966
0.948906560076917 -0.0290680508794023
0.958395625677686 -0.0285989473615629
0.967979581934463 -0.0281264523267667
0.977659377753807 -0.0276506757361117
0.987435971531345 -0.0271717425726096
0.997310331246659 -0.0266897982844246
1.00728343455913 -0.0262050079513713
1.01735626890472 -0.0257175562709568
1.02752983159376 -0.0252276479792773
1.0378051299097 -0.0247354992806432
1.0481831812088 -0.0242413584606485
1.05866501302089 -0.0237455070396276
1.0692516631511 -0.0232481943814693
1.07994417978261 -0.0227497424840263
1.09074362158043 -0.0222504109520425
1.10165105779624 -0.021750590854544
1.1126675683742 -0.0212505983071906
1.12379424405794 -0.0207507879075383
1.13503218649852 -0.0202515319298796
1.14638250836351 -0.0197532048473365
1.15784633344714 -0.0192561910452526
1.16942479678161 -0.0187608894421519
1.18111904474943 -0.0182676919121855
1.19293023519692 -0.0177770106859792
1.20485953754889 -0.017289241531911
1.21690813292438 -0.0168047863150509
1.22299267358901 -0.0165633430351469
1.22907721425363 -0.0163240658576134
1.23522260032489 -0.016084634409197
1.24136798639616 -0.0158474620414962
1.24447140636215 -0.0157285614983726
1.24757482632814 -0.0156102449266742
1.25067824629413 -0.015492517997105
1.25378166626012 -0.0153753813312357
1.25534889334295 -0.0153164521986328
1.25691612042577 -0.0152576753198397
1.26005057459142 -0.0151405774273573
1.26318502875707 -0.0150240872468422
1.26631948292272 -0.0149082093734435
1.26948528163003 -0.014791794860593
1.27265108033733 -0.0146760088147824
1.27581687904464 -0.0145608517094782
1.27898267775195 -0.0144463257774346
1.28218013444633 -0.0143312965048555
1.28537759114071 -0.0142169172044439
1.29177250452947 -0.0139900996012052
1.29823136705212 -0.0137636664104144
1.30469022957477 -0.0135398978101777
1.31121368072264 -0.0133166077441112
1.31773713187051 -0.0130960569128753
1.32432581752987 -0.0128760828224369
1.33091450318922 -0.0126589096317242
1.33756907570517 -0.0124424136333174
1.34422364822111 -0.012228772798692
1.35094476646222 -0.0120159017036392
1.35766588470332 -0.0118059451663758
1.36445421412684 -0.011596836914466
1.37124254355036 -0.0113907036332432
1.38495496898586 -0.0109832912541701
1.39880451867572 -0.0105839970957783
1.41279256386247 -0.0101929919054926
1.4269204895011 -0.00981049073359891
1.44118969439611 -0.00943666954000072
1.45560159134007 -0.00907168117498547
1.47015760725347 -0.00871565654766485
1.48485918332601 -0.00836870646695089
1.49970777515927 -0.00803091345453811
1.51470485291086 -0.00770234290327139
1.52985190143997 -0.00738303744002403
1.54515042045437 -0.0070730179780062
1.56060192465891 -0.00677228416172668
1.5762079439055 -0.00648081601830679
1.59197002334456 -0.0061985760868388
1.607889723578 -0.00592550439656832
1.62396862081378 -0.00566152625188124
1.64020830702192 -0.00540654972693747
1.65661039009214 -0.00516046721792031
1.67317649399306 -0.00492315394775258
1.68990825893299 -0.00469448240656005
1.70680734152232 -0.00447429686151993
1.72387541493754 -0.00426244093769469
1.74111416908692 -0.00405874581997777
1.75852531077779 -0.00386303368560495
1.77611056388557 -0.0036751189533706
1.79387166952442 -0.00349480950802094
1.81181038621967 -0.00332190681414053
1.82992849008186 -0.00315621080635172
1.84822777498268 -0.00299751342850041
1.86671005273251 -0.0028456070001782
1.88537715325983 -0.00270028155028569
1.90423092479243 -0.00256132609148798
1.92327323404036 -0.00242852986786257
1.94250596638076 -0.00230168274543952
1.96193102604457 -0.00218057595926723
1.98155033630501 -0.00206500317051156
2.00136583966806 -0.00195476019461054
2.02137949806474 -0.00184964640355181
2.04159329304539 -0.00174946464294
2.06200922597584 -0.00165402192819799
2.0826293182356 -0.00156312919149496
2.10345561141796 -0.00147660331610666
2.12449016753214 -0.00139426438984252
2.14573506920746 -0.00131593872574514
2.16719241989954 -0.00124145767582083
2.18886434409853 -0.00117065790797067
2.21075298753952 -0.00110338151119477
2.23286051741491 -0.00103947607105355
2.25518912258906 -0.000978794605484014
2.27774101381495 -0.000921195533025976
2.3005184239531 -0.000866542622268682
2.32352360819263 -0.000814704905162236
2.34675884427456 -0.000765556488629655
2.3702264327173 -0.000718976574477963
2.39392869704448 -0.000674849184174946
2.41786798401492 -0.000633063069619745
2.44204666385507 -0.000593511533771065
2.46646713049362 -0.00055609226795336
2.49113180179856 -0.00052070720020789
2.51604311981654 -0.000487262305275931
2.54120355101471 -0.000455667418779735
2.56661558652486 -0.000425836108914479
2.5922817423901 -0.000397685531641989
2.618204559814 -0.000371136172051977
2.64438660541214 -0.000346111806281625
2.67083047146627 -0.000322539303795691
2.69753877618093 -0.000300348501941171
2.72451416394274 -0.000279472063667922
2.75175930558217 -0.000259845372910195
2.77927689863799 -0.000241406409347519
2.80706966762437 -0.000224095641003792
2.83514036430061 -0.00020785593273904
2.86349176794362 -0.000192632448992262
2.89212668562305 -0.000178372565978647
2.92104795247928 -0.000165025793653556
2.95025843200408 -0.000152543701458682
2.97976101632412 -0.000140879849057185
3.00955862648736 -0.000129989718521786
3.03965421275223 -0.000119830658187923
3.07005075487975 -0.000110361822880759
3.10075126242855 -0.000101544118444425
3.13175877505284 -9.33401521978294e-05
3.16307636280337 -8.57141810344886e-05
3.1947071264314 -7.86320661303261e-05
3.22665419769571 -7.20612246540293e-05
3.25892073967267 -6.5970586726804e-05
3.2915099470694 -6.03305485453162e-05
3.32442504654009 -5.51129286522012e-05
3.35766929700549 -5.02909285415822e-05
3.39124598997555 -4.58390855732948e-05
3.4251584498753 -4.17332330590633e-05
3.45941003437406 -3.79504567760286e-05
3.4940041347178 -3.44690534274774e-05
3.52894417606497 -3.12684883790046e-05
3.56423361782562 -2.83293537105988e-05
3.59987595400388 -2.56333266142581e-05
3.63587471354392 -2.31631280655985e-05
3.67223346067936 -2.09024814876097e-05
3.70895579528615 -1.88360720122911e-05
3.74604535323901 -1.69495058596435e-05
3.7835058067714 -1.52292706816381e-05
3.82134086483912 -1.36626959691788e-05
3.85955427348751 -1.22379142924041e-05
3.89814981622238 -1.0943823450851e-05
3.93713131438461 -9.77004899783961e-06
3.97650262752845 -8.70690797965331e-06
4.01626765380374 -7.74537334990271e-06
4.05643033034178 -6.87703953517607e-06
4.09699463364519 -6.09408881983367e-06
4.13796457998165 -5.38925893051161e-06
4.17934422578146 -4.75581162057272e-06
4.22113766803928 -4.18750241285493e-06
4.26334904471967 -3.67855144531543e-06
4.30598253516687 -3.22361547667196e-06
4.34904236051854 -2.81776103634333e-06
4.39253278412372 -2.45643872342995e-06
4.43645811196496 -2.13545865569226e-06
4.48082269308461 -1.85096705259695e-06
4.52563092001545 -1.5994239364071e-06
4.57088722921561 -1.3775819437254e-06
4.61659610150777 -1.18246620966246e-06
4.66276206252284 -1.0113553123065e-06
4.70938968314807 -1e-06
4.75648357997955 -1e-06
4.80404841577935 -1e-06
4.85208889993714 -1e-06
4.90060978893651 -1e-06
4.94961588682588 -1e-06
4.99911204569414 -1e-06
5.04910316615108 -1e-06
5.09959419781259 -1e-06
5.15059013979072 -1e-06
5.20209604118862 -1e-06
5.25411700160051 -1e-06
5.30665817161651 -1e-06
5.35972475333268 -1e-06
5.41332200086601 -1e-06
5.46745522087467 -1e-06
5.52212977308341 -1e-06
5.57735107081425 -1e-06
5.63312458152239 -1e-06
5.68945582733762 -1e-06
5.74635038561099 -1e-06
5.8038138894671 -1e-06
5.86185202836177 -1e-06
5.92047054864539 -1e-06
5.97967525413184 -1e-06
6.03947200667316 -1e-06
6.0998667267399 -1e-06
6.16086539400729 -1e-06
6.22247404794737 -1e-06
6.28469878842684 -1e-06
6.34754577631111 -1e-06
6.41102123407422 -1e-06
6.47513144641496 -1e-06
6.53988276087911 -1e-06
6.60528158848791 -1e-06
6.67133440437278 -1e-06
6.73804774841651 -1e-06
6.80542822590068 -1e-06
6.87348250815968 -1e-06
6.94221733324128 -1e-06
7.01163950657369 -1e-06
7.08175590163943 -1e-06
7.15257346065582 -1e-06
7.22409919526238 -1e-06
7.29634018721501 -1e-06
7.36930358908716 -1e-06
7.44299662497803 -1e-06
7.51742659122781 -1e-06
7.59260085714009 -1e-06
7.66852686571149 -1e-06
7.7452121343686 -1e-06
7.82266425571229 -1e-06
7.90089089826941 -1e-06
7.97989980725211 -1e-06
8.059698805324629 -1e-06
8.14029579337787 -1e-06
8.221698751311649 -1e-06
8.30391573882477 -1e-06
8.38695489621302 -1e-06
8.47082444517515 -1e-06
8.555532689626901 -1e-06
8.64108801652317 -1e-06
8.727498896688401 -1e-06
8.81477388565529 -1e-06
8.902921624511841 -1e-06
8.99195084075696 -1e-06
9.081870349164531 -1e-06
9.172689052656169 -1e-06
9.26441594318274 -1e-06
9.357060102614559 -1e-06
9.45063070364071 -1e-06
9.54513701067712 -1e-06
9.640588380783891 -1e-06
9.736994264591729 -1e-06
9.834364207237639 -1e-06
9.93270784931002 -1e-06
10.0320349278031 -1e-06
10.1323552770812 -1e-06
10.233678829852 -1e-06
10.3360156181505 -1e-06
10.439375774332 -1e-06
10.5437695320753 -1e-06
10.6492072273961 -1e-06
10.75569929967 -1e-06
10.8632562926667 -1e-06
10.9718888555934 -1e-06
11.0816077441493 -1e-06
11.1924238215908 -1e-06
11.3043480598067 -1e-06
11.4173915404048 -1e-06
11.5315654558088 -1e-06
11.6468811103669 -1e-06
11.7633499214706 -1e-06
11.8809834206853 -1e-06
11.9997932548922 -1e-06
12.1197911874411 -1e-06
12.2409890993155 -1e-06
12.3633989903086 -1e-06
12.4870329802117 -1e-06
12.6119033100138 -1e-06
12.738022343114 -1e-06
12.8654025665451 -1e-06
12.9940565922106 -1e-06
13.1239971581327 -1e-06
13.255237129714 -1e-06
13.3877895010112 -1e-06
13.5216673960213 -1e-06
13.6568840699815 -1e-06
13.7934529106813 -1e-06
13.9313874397881 -1e-06
14.070701314186 -1e-06
14.2114083273278 -1e-06
14.3535224106011 -1e-06
14.4970576347071 -1e-06
14.6420282110542 -1e-06
14.7884484931648 -1e-06
14.9363329780964 -1e-06
15.0856963078774 -1e-06
15.2365532709561 -1e-06
15.3889188036657 -1e-06
15.5428079917024 -1e-06
15.6982360716194 -1e-06
15.8552184323356 -1e-06
16.0137706166589 -1e-06
16.1739083228255 -1e-06
16.3356474060538 -1e-06
16.4990038801143 -1e-06
16.6639939189155 -1e-06
16.8306338581046 -1e-06
16.9989401966857 -1e-06
17.1689295986525 -1e-06
17.340618894639 -1e-06
17.5140250835854 -1e-06
17.6891653344213 -1e-06
17.8660569877655 -1e-06
18.0447175576431 -1e-06
18.2251647332196 -1e-06
18.4074163805518 -1e-06
18.5914905443573 -1e-06
18.7774054498009 -1e-06
18.9651795042989 -1e-06
19.1548312993419 -1e-06
19.3463796123353 -1e-06
19.5398434084586 -1e-06
19.7352418425432 -1e-06
19.9325942609687 -1e-06
20.1319202035783 -1e-06
20.3332394056141 -1e-06
20.5365717996703 -1e-06
20.741937517667 -1e-06
20.9493568928436 -1e-06
21.1588504617721 -1e-06
21.3704389663898 -1e-06
21.5841433560537 -1e-06
21.7999847896142 -1e-06
22.0179846375104 -1e-06
22.2381644838855 -1e-06
22.4605461287243 -1e-06
22.6851515900116 -1e-06
22.9120031059117 -1e-06
23.1411231369708 -1e-06
23.3725343683405 -1e-06
23.6062597120239 -1e-06
23.8423223091442 -1e-06
24.0807455322356 -1e-06
24.321552987558 -1e-06
24.5647685174336 -1e-06
24.8104162026079 -1e-06
25.058520364634 -1e-06
25.3091055682803 -1e-06
25.5621966239631 -1e-06
25.8178185902027 -1e-06
26.0759967761048 -1e-06
26.3367567438658 -1e-06
26.6001243113045 -1e-06
26.8661255544175 -1e-06
27.1347868099617 -1e-06
27.4061346780613 -1e-06
27.6801960248419 -1e-06
27.9569979850903 -1e-06
28.2365679649412 -1e-06
28.5189336445907 -1e-06
28.8041229810366 -1e-06
29.0921642108469 -1e-06
29.3830858529554 -1e-06
29.676916711485 -1e-06
29.9736858785998 -1e-06
30.2734227373858 -1e-06
30.5761569647597 -1e-06
30.8819185344073 -1e-06
31.1907377197513 -1e-06
31.5026450969488 -1e-06
31.8176715479183 -1e-06
32.1358482633975 -1e-06
32.4572067460315 -1e-06
32.7817788134918 -1e-06
33.1095966016267 -1e-06
33.440692567643 -1e-06
33.7750994933194 -1e-06
34.1128504882526 -1e-06
34.4539789931351 -1e-06
34.7985187830665 -1e-06
35.1465039708972 -1e-06
35.4979690106061 -1e-06
35.8529487007122 -1e-06
36.2114781877193 -1e-06
36.5735929695965 -1e-06
36.9393288992925 -1e-06
37.3087221882854 -1e-06
37.6818094101683 -1e-06
38.0586275042699 -1e-06
38.4392137793127 -1e-06
38.8236059171058 -1e-06
39.2118419762768 -1e-06
39.6039603960396 -1e-06
40 -1e-06
