-40 1.39487009558842395e-10
-39.6039603960395965 1.49187087671807099e-10
-39.2118419762768013 1.59237663192357451e-10
-38.8236059171058017 1.69620514652883916e-10
-38.439213779312702 1.80314261518161878e-10
-38.0586275042699 1.91294366737431923e-10
-37.6818094101682988 2.02533176753730899e-10
-37.308722188285401 2.14000001306749207e-10
-36.939328899292498 2.25661234981660315e-10
-36.573592969596497 2.37480522025282434e-10
-36.211478187719301 2.4941896547829671e-10
-35.8529487007121972 2.61435381166821825e-10
-35.4979690106060985 2.73486596566949104e-10
-35.1465039708972 2.85527794012496477e-10
-34.7985187830664984 2.97512897170290381e-10
-34.4539789931351024 3.09394999170278335e-10
-34.1128504882525974 3.21126830262423824e-10
-33.7750994933194022 3.32661262390263848e-10
-33.4406925676429978 3.43951847634781477e-10
-33.1095966016266985 3.54953387103192975e-10
-32.7817788134917976 3.656225265258642e-10
-32.4572067460315026 3.75918374590594586e-10
-32.1358482633974987 3.85803139894422988e-10
-31.8176715479183017 3.95242782335356792e-10
-31.5026450969488003 4.04207674803726508e-10
-31.1907377197513007 4.12673271166881223e-10
-30.8819185344073013 4.20620776770989535e-10
-30.5761569647597007 4.28037818006120073e-10
-30.2734227373858005 4.34919107889537019e-10
-29.9736858785997988 4.4126710510846824e-10
-29.6769167114849992 4.47092664516011904e-10
-29.3830858529554 4.52415677678617817e-10
-29.0921642108468994 4.57265702714642666e-10
-28.8041229810365991 4.61682583322958815e-10
-28.5189336445906996 4.6571705755884283e-10
-28.2365679649412016 4.69431357550957634e-10
-27.9569979850903003 4.72899801946707666e-10
-27.6801960248419014 4.76209383402231684e-10
-27.4061346780612993 4.79460353876716693e-10
-27.1347868099616996 4.82766810828605157e-10
-26.8661255544175006 4.86257287625098554e-10
-26.6001243113045014 4.90075351549884481e-10
-26.3367567438657986 4.94380212713733925e-10
-26.0759967761048017 4.99347346928246928e-10
-25.8178185902027018 5.05169135188313971e-10
-25.5621966239631 5.12055521821487264e-10
-25.3091055682803017 5.20234692605301062e-10
-25.0585203646339991 5.29953773233813343e-10
-24.8104162026079003 5.41479547445470678e-10
-24.564768517433599 5.55099192923506803e-10
-24.3215529875580003 5.7112103177131332e-10
-24.0807455322355999 5.8987529097684596e-10
-23.8423223091442011 6.11714866846197137e-10
-23.6062597120238991 6.37016085944984751e-10
-23.3725343683404994 6.66179453679366573e-10
-23.1411231369708013 6.99630380322898358e-10
-22.9120031059117011 7.37819873098141169e-10
-22.6851515900115999 7.81225181904640264e-10
-22.4605461287242996 8.30350385497232215e-10
-22.2381644838855017 8.85726904411511314e-10
-22.0179846375103985 9.47913926755656002e-10
-21.7999847896142001 1.01749873318351045e-09
-21.5841433560537013 1.09509690797662953e-09
-21.3704389663897985 1.18135242422516504e-09
-21.1588504617721007 1.27693759263741591e-09
-20.9493568928435998 1.38255286554648327e-09
-20.7419375176670009 1.49892649022391179e-09
-20.5365717996702983 1.62681400865776273e-09
-20.3332394056141013 1.7669976044831126e-09
-20.1319202035783 1.92028530174755713e-09
-19.932594260968699 2.08751002460094281e-09
-19.7352418425431999 2.26952853176656909e-09
-19.5398434084586015 2.46722024470477742e-09
-19.3463796123353013 2.68148599364052169e-09
-19.1548312993419003 2.91324671098280066e-09
-18.9651795042988986 3.16344210701807353e-09
-18.7774054498008987 3.43302936798117552e-09
-18.5914905443572991 3.72298192156632664e-09
-18.4074163805518012 4.0342883195000145e-09
-18.2251647332196001 4.36795129081795854e-09
-18.0447175576431 4.7249870228196881e-09
-17.8660569877655 5.10642472918590581e-09
-17.6891653344213005 5.51330656629592583e-09
-17.5140250835853983 5.94668795924403868e-09
-17.3406188946390003 6.40763839833269993e-09
-17.1689295986525003 6.89724276480028538e-09
-16.9989401966857017 7.41660324115996506e-09
-16.8306338581046013 7.96684185673672883e-09
-16.6639939189155015 8.54910371275674727e-09
-16.4990038801143015 9.16456092369473125e-09
-16.3356474060537984 9.81441730251789816e-09
-16.1739083228255005 1.04999138071139621e-08
-16.0137706166588991 1.1222334753572586e-08
-15.8552184323355991 1.19830147893300205e-08
-15.6982360716193998 1.27833466055696129e-08
-15.5428079917024 1.36247893539434291e-08
-15.3889188036656996 1.45088777178498712e-08
-15.2365532709560991 1.54372315733830341e-08
-15.0856963078774005 1.64115661599713858e-08
-14.9363329780964005 1.74337026658688987e-08
-14.7884484931648004 1.85055791193457133e-08
-14.6420282110541997 1.96292614629658457e-08
-14.4970576347070992 2.08069546759050322e-08
-14.3535224106010997 2.20410137982553931e-08
-14.2114083273277991 2.33339547017777959e-08
-14.0707013141859996 2.46884644439240068e-08
-13.9313874397881001 2.61074110362967436e-08
-13.7934529106812995 2.75938524551652257e-08
-13.6568840699814995 2.91510447204107281e-08
-13.5216673960213001 3.07824488702759692e-08
-13.3877895010112002 3.24917366626833989e-08
-13.2552371297140006 3.42827948395579846e-08
-13.1239971581327008 3.61597277985062277e-08
-12.9940565922105993 3.81268585262790292e-08
-12.8654025665451002 4.01887276604414613e-08
-12.7380223431140003 4.23500905595357252e-08
-12.6119033100137994 4.46159122774206005e-08
-12.4870329802116995 4.69913603541707955e-08
-12.3633989903085997 4.94817953538078824e-08
-12.2409890993155006 5.2092759097662192e-08
-12.1197911874411002 5.48299605614020248e-08
-11.9997932548922002 5.7699259423109897e-08
-11.8809834206853004 6.0706647269277219e-08
-11.7633499214705992 6.3858226484730937e-08
-11.6468811103669001 6.71601868713335816e-08
-11.5315654558087992 7.06187800583760164e-08
-11.4173915404048003 7.42402917850341111e-08
-11.3043480598066992 7.80310121517361285e-08
-11.1924238215908005 8.19972039528373794e-08
-11.0816077441493004 8.61450692176667485e-08
-10.9718888555934004 9.04807141005156226e-08
-10.8632562926666996 9.50101122729134178e-08
-10.7556992996700007 9.97390669832225757e-08
-10.6492072273961007 1.04673171959673928e-07
-10.5437695320753004 1.09817771343146097e-07
-10.4393757743319995 1.15177918845658101e-07
-10.3360156181504994 1.20758336339794549e-07
-10.2336788298519998 1.26563372092788402e-07
-10.1323552770811993 1.32596958867465989e-07
-10.0320349278030996 1.38862572120085687e-07
-9.93270784931002026 1.45363188532680647e-07
-9.83436420723763938 1.52101245124692258e-07
-9.73699426459172912 1.59078599195025755e-07
-9.6405883807838908 1.66296489351653983e-07
-9.54513701067712006 1.73755497890523522e-07
-9.45063070364071045 1.81455514789128787e-07
-9.35706010261455923 1.89395703581983201e-07
-9.26441594318274042 1.97574469385113429e-07
-9.1726890526561693 2.05989429334155954e-07
-9.08187034916453051 2.1463738569513282e-07
-8.99195084075696016 2.23514301898217592e-07
-8.90292162451184055 2.32615281732019805e-07
-8.81477388565529019 2.41934551919019566e-07
-8.72749889668840062 2.51465448271040239e-07
-8.64108801652317027 2.61200405596920711e-07
-8.55553268962690083 2.71130951502513336e-07
-8.47082444517515043 2.81247704185575274e-07
-8.38695489621301959 2.91540374285114475e-07
-8.30391573882477019 3.01997770796297303e-07
-8.22169875131164929 3.12607811008487738e-07
-8.14029579337787013 3.23357534365725328e-07
-8.05969880532462923 3.34233120086677184e-07
-7.97989980725211012 3.45219908315557414e-07
-7.90089089826941038 3.56302424507770933e-07
-7.82266425571229007 3.67464406685273561e-07
-7.74521213436860023 3.78688835128232338e-07
-7.66852686571149 3.89957964003025183e-07
-7.59260085714008959 4.01253354363710455e-07
-7.51742659122781021 4.12555907906425374e-07
-7.44299662497803016 4.238459008058379e-07
-7.36930358908715988 4.35103016921416794e-07
-7.29634018721501043 4.46306379630995895e-07
-7.22409919526238031 4.57434581531578007e-07
-7.15257346065581956 4.68465711244312801e-07
-7.08175590163943003 4.79377376573665669e-07
-7.01163950657369028 4.90146723301221806e-07
-6.94221733324128021 5.00750448943474495e-07
-6.87348250815967976 5.11164810871048036e-07
-6.80542822590068042 5.21365628274411608e-07
-6.73804774841651 5.31328277568315039e-07
-6.67133440437277958 5.41027680953299818e-07
-6.60528158848790969 5.5043828799695368e-07
-6.53988276087911036 5.59534050258468777e-07
-6.4751314464149603 5.68288389155702809e-07
-6.41102123407422031 5.7667415746217059e-07
-6.34754577631110983 5.84663595018963228e-07
-6.28469878842683993 5.92228279450837528e-07
-6.22247404794736969 5.99339072882689422e-07
-6.16086539400729016 6.05966065858751792e-07
-6.09986672673989982 6.12078519867964653e-07
-6.03947200667315975 6.17644810071151027e-07
-5.97967525413184031 6.22632370004397986e-07
-5.92047054864539035 6.27007640194875457e-07
-5.86185202836176966 6.3073602276584311e-07
-5.80381388946709986 6.33781844223708357e-07
-5.74635038561098987 6.36108328708452394e-07
-5.68945582733762034 6.37677584046899527e-07
-5.63312458152238982 6.38450602974462029e-07
-5.57735107081424974 6.38387281883666617e-07
-5.52212977308341024 6.37446459416695953e-07
-5.46745522087466984 6.35585977144581173e-07
-5.41332200086601034 6.32762764468846107e-07
-5.35972475333267973 6.28932949744369071e-07
-5.30665817161650999 6.24051999457795928e-07
-5.25411700160050987 6.18074887107819904e-07
-5.20209604118861968 6.10956293226264959e-07
-5.15059013979071967 6.02650837757323084e-07
-5.09959419781259005 5.9311334578187452e-07
-5.04910316615108012 5.82299147340647848e-07
-4.99911204569414025 5.70164411879945291e-07
-4.94961588682587994 5.56666517623281239e-07
-4.90060978893651011 5.4176445596738401e-07
-4.8520888999371401 5.25419270817740538e-07
-4.80404841577935038 5.07594532622457603e-07
-4.75648357997954996 4.88256846738844923e-07
-4.70938968314807038 4.67376395678817067e-07
-4.66276206252284009 4.44927514730486861e-07
-4.61659610150776967 4.20889300446915872e-07
-4.57088722921560997 3.95246251530166711e-07
-4.52563092001545009 3.67988941720792452e-07
-4.48082269308461001 3.39114724428806096e-07
-4.43645811196495998 3.08628469011532707e-07
-4.39253278412371984 2.7654332881426417e-07
-4.34904236051854021 2.42881541338535822e-07
-4.30598253516687013 2.07675261187526191e-07
-4.26334904471966958 1.70967426754659698e-07
-4.22113766803927959 1.32812661966156882e-07
-4.1793442257814597 9.32782147579483004e-08
-4.13796457998164957 5.2444934358345788e-08
-4.09699463364519012 1.04082898569118552e-08
-4.05643033034178035 -3.27205670338262309e-08
-4.01626765380374007 -7.68136916772123634e-08
-3.97650262752845007 -1.21725184868985201e-07
-3.93713131438460984 -1.67289975578239164e-07
-3.89814981622237999 -2.13322543309975274e-07
-3.85955427348751012 -2.59615574815504664e-07
-3.82134086483912006 -3.05938549339868664e-07
-3.7835058067713998 -3.52036246023851821e-07
-3.74604535323901011 -3.9762716646656929e-07
-3.70895579528614983 -4.42401864791782606e-07
-3.67223346067935985 -4.86021176837364316e-07
-3.63587471354391978 -5.28114339291390132e-07
-3.59987595400387983 -5.68276988716756616e-07
-3.5642336178256202 -6.06069029426335715e-07
-3.5289441760649698 -6.41012358077515715e-07
-3.49400413471779991 -6.72588431634152593e-07
-3.45941003437406014 -7.00235663979307484e-07
-3.42515844987529983 -7.23346634937398334e-07
-3.39124598997555005 -7.41265093762374341e-07
-3.35766929700548999 -7.53282737250314338e-07
-3.32442504654009019 -7.58635740520539625e-07
-3.29150994706939981 -7.56501016157341198e-07
-3.25892073967267004 -7.45992174788741539e-07
-3.22665419769570994 -7.26155157272058188e-07
-3.1947071264314002 -6.95963505424006325e-07
-3.16307636280336979 -6.54313234636808653e-07
-3.13175877505284017 -6.00017267713706184e-07
-3.10075126242854981 -5.31799384780221132e-07
-3.07005075487974999 -4.48287639112504886e-07
-3.03965421275223013 -3.48007183087219621e-07
-3.00955862648735994 -2.29372442097250803e-07
-2.97976101632412016 -9.06785670711871951e-08
-2.95025843200407989 6.99079119658928335e-08
-2.92104795247928006 2.54359318224722417e-07
-2.89212668562305009 4.64798044066647495e-07
-2.86349176794362004 7.0350886058266049e-07
-2.83514036430061012 9.72952445243019062e-07
-2.80706966762436982 1.275780268636225e-06
-2.7792768986379901 1.61485100062918381e-06
-2.75175930558217008 1.99324861876827815e-06
-2.72451416394273993 2.41430242797555445e-06
-2.69753877618092996 2.8816092312072175e-06
-2.67083047146627006 3.39905792648835583e-06
-2.64438660541213988 3.97085684745864147e-06
-2.61820455981400002 4.60156421323141682e-06
-2.5922817423900999 5.29612211008528684e-06
-2.56661558652485988 6.05989449348732476e-06
-2.54120355101471018 6.89870977560695512e-06
-2.51604311981654005 7.81890865232309251e-06
-2.4911318017985602 8.82739792649825259e-06
-2.4664671304936201 9.93171120283288147e-06
-2.44204666385506997 1.11400774659843533e-05
-2.41786798401491998 1.2461498710073756e-05
-2.39392869704448019 1.39058379665355397e-05
-2.37022643271729994 1.54839192810914898e-05
-2.34675884427455994 1.72076414220406677e-05
-2.32352360819262982 1.90901073638994127e-05
-2.30051842395310002 2.11457718854131594e-05
-2.27774101381494987 2.33906099520984877e-05
-2.2551891225890599 2.58423089233828472e-05
-2.2328605174149101 2.85204880359321537e-05
-2.21075298753952021 3.14469490702346365e-05
-2.18886434409852981 3.46459626091805554e-05
-2.16719241989954003 3.81445948468535432e-05
-2.14573506920745993 4.19730805042754188e-05
-2.12449016753213993 4.61652480565668061e-05
-2.10345561141796011 5.07590041726420222e-05
-2.08262931823559994 5.57968850120901011e-05
-2.06200922597584002 6.13266828116153836e-05
-2.04159329304538995 6.74021570204870696e-05
-2.02137949806474015 7.4083840104586241e-05
-2.00136583966805981 8.14399490233893376e-05
-1.98155033630500998 8.95474142829536337e-05
-1.96193102604456993 9.84930393672925548e-05
-1.94250596638076001 0.000108374804234766771
-1.92327323404035999 0.000119303327416145675
-1.90423092479243006 0.00013140350204527787
-1.88537715325983002 0.000144816321866193993
-1.86671005273251001 0.000159700913864395215
-1.84822777498268009 0.000176236794632656413
-1.82992849008185998 0.000194626367868855349
-1.81181038621966994 0.00021509768047740983
-1.7938716695244199 0.000237907454566250673
-1.77611056388557009 0.000263344412155769845
-1.75852531077779006 0.000291732908601236409
-1.74111416908692007 0.000323436889528967003
-1.72387541493753993 0.000358864184456538123
-1.70680734152231994 0.000398471148161170087
-1.6899082589329899 0.000442767658238245592
-1.67317649399306001 0.000492322474112189944
-1.65661039009214006 0.000547768958992133118
-1.64020830702192 0.00060981116187406681
-1.62396862081378002 0.000679230251660170093
-1.60788972357800009 0.000756891289782107585
-1.59197002334455995 0.000843750321377521374
-1.5762079439054999 0.00094086175808963694
-1.56060192465891001 0.00104938601796382988
-1.54515042045437001 0.00117059737974649749
-1.52985190143997007 0.00130589200020378069
-1.51470485291085999 0.00145679603395306866
-1.49970777515927001 0.00162497378583094116
-1.48485918332601008 0.00181223581612223851
-1.47015760725346989 0.00202054690918132031
-1.45560159134006994 0.00225203380624337509
-1.44118969439611 0.00250899259372113414
-1.42692048950110006 0.00279389562919808276
-1.4127925638624701 0.00310939787887436463
-1.39880451867572009 0.00345834253260365095
-1.38495496898586001 0.00384376575611720733
-1.3712425435503599 0.0042689004347776574
-1.36445421412684009 0.00449684208443062831
-1.35766588470332006 0.00473717875950898076
-1.35094476646222006 0.0049879838082272053
-1.34422364822111007 0.00525223350359431754
-1.33756907570516992 0.00552778879259856106
-1.33091450318922 0.00581789783909970621
-1.32432581752987 0.00612018959582449028
-1.31773713187051 0.00643820354392110519
-1.31121368072264 0.00676931584106623806
-1.30469022957476999 0.00711737745510754305
-1.29823136705211994 0.00747948974319860224
-1.2917725045294699 0.00785983603132306072
-1.28537759114070993 0.00825521967990403872
-1.28218013444632994 0.00846019678920149377
-1.27898267775194996 0.00867017789719145074
-1.27581687904464003 0.0088831208522870183
-1.2726510803373301 0.00910119168575843941
-1.26948528163002994 0.00932450419106670148
-1.26631948292272001 0.009553174254988403
-1.26318502875707006 0.00978497437838231517
-1.26005057459141989 0.0100222587621524809
-1.25691612042576994 0.0102651460720344593
-1.25534889334294997 0.0103887284785305727
-1.25378166626012 0.0105137570646538937
-1.25067824629412994 0.0107656661629062476
-1.2475748263281401 0.0110234279128562165
-1.24447140636215003 0.0112871656814286739
-1.24136798639615997 0.0115570049115137231
-1.23522260032489006 0.0121098448348257986
-1.22907721425362992 0.0126881265022847269
-1.22299267358900998 0.0132867762164361105
-1.21690813292438005 0.0139124417538622463
-1.20485953754888997 0.0152353604658284104
-1.19293023519691999 0.0166623585964383661
-1.18111904474942997 0.0181989521926375318
-1.16942479678161004 0.019850669057234805
-1.15784633344714005 0.0216230182701666156
-1.14638250836350997 0.0235214577155106845
-1.13503218649852 0.0255513598008989193
-1.12379424405794004 0.0277179755908130501
-1.1126675683742 0.0300263976092944342
-1.10165105779623995 0.0324815216001754156
-1.09074362158043003 0.0350880075635635127
-1.07994417978260993 0.0378502404152086525
-1.06925166315109998 0.0407722906400688132
-1.05866501302088989 0.0438578753320571155
-1.04818318120880005 0.0471103200283493964
-1.03780512990969997 0.050532521757895528
-1.02752983159375999 0.0541269137296989111
-1.01735626890471997 0.0578954320865263453
-1.00728343455912994 0.0618394851437127843
-0.997310331246659021 0.0659599255203587309
-0.987435971531344991 0.0702570255515982678
-0.977659377753806957 0.0747304563454838922
-0.967979581934462985 0.0793792708167084388
-0.958395625677685992 0.0842018909921409126
-0.948906560076916983 0.0891960998402355348
-0.939511445620709984 0.0943590378284134695
-0.930209352099712006 0.09968720436004673
-0.925604355307140025 0.10240515298782428
-0.920999358514567046 0.105176464186457014
-0.916439955749643986 0.107973018918878186
-0.911880552984720039 0.110822058830182299
-0.907366292821428999 0.113694618326812005
-0.90285203265813796 0.116618622994521345
-0.898382468140028978 0.119564290923458452
-0.893912903621918997 0.122560205872088185
-0.891700247919885003 0.124061878799544847
-0.889487592217850009 0.125575803324604718
-0.887274936515815016 0.127101952688478737
-0.885062280813781022 0.128640297202718051
-0.882871532593945019 0.130175393162607678
-0.880680784374109016 0.131722377401539192
-0.878490036154273013 0.133281212439967267
-0.87629928793443701 0.134851857869650787
-0.874130230291034982 0.136418545350282916
-0.871961172647632954 0.137996723043260272
-0.867623057360828009 0.141187354763563255
-0.863327893710526983 0.144391075030361665
-0.859032730060225957 0.147638799587688663
-0.854780092782699952 0.150897233667226321
-0.850527455505173946 0.154197791225058445
-0.842106391589282022 0.160855561241690925
-0.833768704543842998 0.167603022058305101
-0.825513568855290036 0.174430817288541817
-0.817340167183456034 0.181329373714519848
-0.809247690280649024 0.188288954351239907
-0.801235336911534035 0.195299712040397783
-0.793302313773796008 0.202351743011767587
-0.785447835419599949 0.209435139856493868
-0.777671124177822026 0.216540043371431901
-0.769971410077051055 0.223656692756697029
-0.762347930769357029 0.230775473679511178
-0.754799931454808948 0.237886963755665592
-0.747326664806742036 0.244981975044704453
-0.739927390897764048 0.252051593205482538
-0.732601377126498976 0.259087213014038587
-0.725347898145048964 0.266080570004773864
-0.718166235787176976 0.273023768057512772
-0.71105567899720501 0.27990930281606935
-0.704015523759608963 0.286730080887226624
-0.697045073029315954 0.293479434831319053
-0.690143636662688964 0.300151134015850529
-0.683310531349196948 0.306739391460555622
-0.676545080543758948 0.313238866855127251
-0.669846614399762008 0.319644665978467302
-0.663214469702734011 0.325952336790073849
-0.65664798980468797 0.332157862499306067
-0.65014652455909705 0.338257651946408666
-0.643709430256531046 0.344248527649776481
-0.637336069560922036 0.350127711887078807
-0.631025811446456975 0.355892811183316171
-0.624778031135105993 0.361541799576901746
-0.618592110034759002 0.367073001025811863
-0.612467435677979011 0.372485071300045156
-0.606403401661364971 0.377776979684833203
-0.600399407585510025 0.382947990791830173
-0.594454858995554947 0.387997646743791336
-0.588569167322330999 0.392925749962805437
-0.582741749824090993 0.397732346754034682
-0.576972029528802999 0.402417711837010861
-0.571259435177032038 0.406982333935814788
-0.565603401165377995 0.411426902498987057
-0.560003367490473969 0.415752295580555487
-0.554458779693537962 0.41995956887607172
-0.548969088805484007 0.424049945872768508
-0.543533751292557987 0.428024809041624155
-0.538152229002533011 0.43188569197166049
-0.532823989111418039 0.4356342723239367
-0.527548504070710966 0.439272365464472958
-0.522325251555159964 0.442801918622197588
-0.517153714411048959 0.446225005409872255
-0.512033380604999033 0.449543820542852524
-0.506963743173266979 0.452760674592327605
-0.501944300171551006 0.455877988616007757
-0.496974554625297993 0.458898288519791919
-0.492054014480493018 0.461824199018313619
-0.487182192554943994 0.464658437079791597
-0.482358606490042974 0.467403804760880004
-0.477582778703013022 0.470063181359471338
-0.472854236339616985 0.472639514837141783
-0.46817251122734399 0.47513581248737019
-0.46353713982905298 0.477555130850319642
-0.458947663197082023 0.479900564899143733
-0.454403626927804005 0.482175236545965058
-0.449904581116638003 0.484382282537321018
-0.445450080313503027 0.486524841828584687
-0.441039683478716027 0.488606042544210362
-0.436672953939321984 0.490628988645352593
-0.432349459345863996 0.492596746438232647
-0.428068771629568023 0.494512331065405208
-0.423830466959968011 0.496378693127731085
-0.419634125702939009 0.498198705587441448
-0.415479332379147026 0.499975151102139803
-0.411365675622917981 0.501710709936190935
-0.407292748141503014 0.503407948589763787
-0.403260146674756015 0.505069309277111689
-0.399267471955204012 0.506697100374781884
-0.395314328668518011 0.508293487947568567
-0.391400325414375028 0.509860488445587623
-0.387525074667697977 0.51139996265010601
-0.383688192740294975 0.512913610929090824
-0.379889299742866005 0.514402969846180169
-0.376128019547392001 0.515869410149267016
-0.372403979749892977 0.517314136147373094
-0.368716811633558017 0.51873818646738723
-0.365066150132234979 0.520142436165658917
-0.361451633794292015 0.521527600153763204
-0.357872904746823983 0.522894237883076984
-0.354329608660222006 0.524242759219357923
-0.350821394713090984 0.525573431426411442
-0.347347915557515985 0.526886387167338821
-0.343908827284668983 0.52818163342268698
-0.340503789390761979 0.529459061217367077
-0.337132464743327975 0.530718456042248432
-0.333794519547849999 0.531959508851995722
-0.330489623314702996 0.533181827517950957
-0.327217448826437995 0.534384948613578104
-0.323977672105384973 0.535568349410148303
-0.320769972381569013 0.536731459961852786
-0.317594032060958986 0.537873675162329201
-0.314449536694018983 0.538994366658490431
-0.311336174944572996 0.54009289451255893
-0.308253638558984022 0.541168618509122235
-0.305201622335626976 0.542220909010773355
-0.302179824094680027 0.54324915727336176
-0.299187944648197979 0.544252785139949347
-0.296225687770494017 0.545231254041092739
-0.293292760168805011 0.546184073238023871
-0.290388871454263009 0.547110807254469367
-0.287513734113132025 0.548011082452303233
-0.284667063478348026 0.548884592715628394
-0.281848577701334979 0.549731104217417776
-0.279057997724094009 0.550550459252248992
-0.276295047251577996 0.551342579127884869
-0.273559452724335017 0.552107466117528256
-0.27085094329142001 0.552845204483305097
-0.268169250783585 0.55355596058993195
-0.265514109686717015 0.55423998213556136
-0.262885257115561988 0.554897596534306592
-0.260282432787684981 0.555529208492089421
-0.257705378997708012 0.556135296823928593
-0.255153840591790027 0.556716410566805431
-0.25262756494236599 0.557273164447589342
-0.250126301923135008 0.557806233770265614
-0.247649803884292002 0.558316348790789618
-0.245197825628012012 0.558804288651292946
-0.242770124384170005 0.559270874948117336
-0.240366459786306996 0.559716965010108813
-0.237986593847828998 0.560143444964933068
-0.235630290938444009 0.560551222671709315
-0.233297317760836009 0.560941220598073165
-0.230987443327559994 0.561314368718899614
-0.228700438938179013 0.561671597512253928
-0.226436078156613013 0.562013831125830476
-0.22419413678872499 0.562341980784071716
-0.221974392860123992 0.562656938502459458
-0.219776626594182012 0.562959571171161577
-0.217600620390278998 0.563250715065180652
-0.21544615880225701 0.563531170832748618
-0.213313028517086001 0.563801699007603907
-0.211201018333747992 0.564063016084367375
-0.20910991914232499 0.564315791189376026
-0.207039523903292 0.564560643372156057
-0.204989627627021997 0.564798139535316879
-0.202960027353487005 0.565028793013109709
-0.200950522132165993 0.565253062801250761
-0.198960913002143996 0.565474861531731321
-0.196991002972420004 0.565687804384411463
-0.19504059700239601 0.565895349804852565
-0.193109501982569987 0.566097742641957891
-0.191197526715416011 0.566295179991172182
-0.189304481896451993 0.566487813994359102
-0.187430180095497001 0.566675755097593381
-0.185574435738114996 0.56685907571633154
-0.183737065087242996 0.56703781425344213
-0.181917886224992997 0.567211979412326817
-0.180116719034646988 0.567381554744794236
-0.178333385182817994 0.567546503371686772
-0.176567708101800003 0.567706772813406646
-0.17481951297208001 0.567862299867528453
-0.173088626705029003 0.568013015471450111
-0.171374877925771996 0.56815884948955675
-0.169678096956209001 0.568299735366825542
-0.167998115798226988 0.568435614593777894
-0.166334768117056997 0.568566440931378203
-0.164687889224809009 0.568692184348767227
-0.163057316064167013 0.568812834631382769
-0.161442887192244006 0.568928404622232375
-0.159844442764597999 0.569038933064555996
-0.158261824519403987 0.569144487019795031
-0.156694875761787006 0.569245163840621515
-0.155143441348302991 0.569341092684676142
-0.153607367671588002 0.569432435560500272
-0.152086502645136012 0.569519387902895469
-0.150580695688253996 0.569602178680485682
-0.149089797711142003 0.569681070043488003
-0.147613661100141014 0.569756356524690921
-0.146152139703110001 0.569828363811187844
-0.144705088814959998 0.569897447108589361
-0.143272365163327003 0.569963989123113746
-0.141853826894383001 0.570028397690237387
-0.140449333558794992 0.570091103081322381
-0.139058746097816988 0.570152555021892993
-0.137681926829521989 0.570213219457054832
-0.136318739435170005 0.570273575100830987
-0.134969048945712988 0.5703341098070982
-0.133632721728428994 0.570395316800208718
-0.132309625473691989 0.570457690803478967
-0.130999629181872995 0.570521724103366767
-0.129702603150368995 0.570587902586550899
-0.128418418960762004 0.570656701786197984
-0.127146949466101 0.570728582972521381
-0.125888068778317014 0.570803989321338912
-0.124641652255760002 0.570883342192772592
-0.123407576490851004 0.570967037550537238
-0.122185719297873002 0.571055442550425063
-0.120975959700864 0.571148892324681134
-0.119778177921646994 0.571247686986999015
-0.118592255367967997 0.571352088880852649
-0.117418074621749996 0.571462320091835507
-0.116255519427476001 0.571578560242635203
-0.115104474680669006 0.571700944587187565
-0.113964826416504003 0.571829562418523785
-0.112836461798519 0.571964455802730698
-0.111719269107443994 0.572105618649404457
-0.110613137730143002 0.57225299612689251
-0.109517958148656003 0.572406484428543805
-0.108433621929362997 0.572565930894069375
-0.107360021712240003 0.572731134488022708
-0.106297051200237996 0.572901846635190615
-0.105244605148750003 0.573077772410550468
-0.104202579355198 0.573258572079149542
-0.103170870648710999 0.573443862978986307
-0.102149376879912004 0.573633221737648413
-0.101137996910803996 0.573826186811037586
-0.100136630604756 0.574022261330099925
-0.099145178816590504 0.574220916239034485
-0.0981635433827628967 0.574421593705937927
-0.0971916271116464031 0.574623710784389674
-0.0962293337739072996 0.574826663302024143
-0.0952765680929776038 0.575029829949703086
-0.0943332357356213014 0.575232576542571095
-0.0933992433025954 0.575434260422049371
-0.0924744983194013964 0.575634234965695102
-0.0915589092271301003 0.575831854169970736
-0.0906523853733960938 0.57602647726919165
-0.0897548370033624948 0.576217473352516829
-0.0888661752508538988 0.576404225939611048
-0.0879863121295584028 0.5765861374747695
-0.0871151605243151994 0.576762633698783778
-0.0862526341824902953 0.57693316785768145
-0.0853986477054359955 0.577097224707788681
-0.0845531165400355972 0.577254324277269748
-0.0837159569703322948 0.577404025345460203
-0.0828870861092398936 0.577545928602965719
-0.0820664218903364995 0.577679679457589135
-0.0812538830597391015 0.57780497045370327
-0.0804493891680584938 0.577921543275730643
-0.0796528605624342023 0.578029190309818031
-0.0788642183786476964 0.578127755741676297
-0.0780833845333146065 0.578217136172793911
-0.0773102817161530065 0.578297280741815745
-0.0765448333823297022 0.578368190742729937
-0.0757869637448809058 0.578429918736635629
-0.0750365977672088069 0.578482567159162353
-0.0742936611556522936 0.578526286430938841
-0.0735580803521310028 0.578561272584084851
-0.0728297825268623966 0.578587764422999307
-0.0721086955711509048 0.578606040243155872
-0.0713947480902484 0.578616414136738588
-0.0706878693962855048 0.578619231918933719
-0.0699879895012728015 0.578614866713296649
-0.0692950391101710972 0.578603714238959399
-0.0686089496140308008 0.57858618784622462
-0.0679296530831988016 0.578562713350539548
-0.0672570822605927932 0.578533723717631232
-0.066591170555042406 0.57849965365490752
-0.0659318520346954956 0.578460934165854535
-0.0652790614204906 0.578417987125207533
-0.0646327340796935962 0.578371219933058067
-0.0639928060194985965 0.578321020305756495
-0.0633592138806916977 0.578267751260512775
-0.0627318949313779017 0.578211746349005851
-0.062110787060770202 0.578153305193016998
-0.0614958287730398012 0.578092689372251334
-0.0608869591812275998 0.578030118711044816
-0.0602841180012154004 0.577965768006497571
-0.0596872455457577999 0.577899764236375568
-0.0590962827185720976 0.577832184279630345
-0.0585111710084871978 0.57776305317743426
-0.0579318524836507018 0.577692342956535487
-0.0573582697857928023 0.577619972031122586
-0.0567903661245472979 0.577545805192590578
-0.0562280852718290008 0.577469654190717607
-0.0556713715562663983 0.577391278903045091
-0.0551201698576894994 0.577310389082853037
-0.0545744256016727006 0.577226646669688037
-0.0540340847541313993 0.577139668640239578
-0.0534990938159716975 0.577049030371223237
-0.0529693998177937983 0.576954269480226656
-0.0524449503146472984 0.576854890105016449
-0.0519256933808388971 0.576750367576840506
-0.051411577604791002 0.576640153438633729
-0.0509025520839515022 0.57652368075509608
-0.0503985664197538971 0.576400369658061074
-0.0498995707126276972 0.576269633067794995
-0.0494055155570570989 0.576130882528569477
-0.0489163520366902027 0.575983534095402483
-0.0484320317194951999 0.575827014207973775
-0.0479525066529655972 0.575660765487574388
-0.0474777293593718966 0.575484252393666629
-0.0470076528310613001 0.575296966677760979
-0.0465422305258032035 0.575098432574520868
-0.046081416362181403 0.574888211672645699
-0.0456251647150310996 0.574665907411470944
-0.0451734304109219012 0.574431169153304944
-0.0447261687236849975 0.574183695786060544
-0.0442833353699852023 0.573923238816014814
-0.0438448865049358011 0.573649604916066314
-0.0434107787177581972 0.573362657901047568
-0.0429809690274833983 0.573062320107942891
-0.0425554148786964001 0.57274857316576977
-0.0421340741373232019 0.572421458146548101
-0.0417169050864586027 0.572081075096043334
-0.0413038664222363031 0.571727581949840413
-0.0408949172497388991 0.571361192847476329
-0.0404900170789493988 0.57098217586407074
-0.0400891258207419013 0.570590850185703879
-0.0396922037829127994 0.570187582760958267
-0.0392992116662502985 0.56977278446717583
-0.0389101105606438971 0.569346905835294126
-0.0385248619412316001 0.568910432382228159
-0.0381434276645856996 0.568463879604066857
-0.0377657699649363021 0.568007787687063614
-0.037391851450432001 0.567542715996516067
-0.0370216350994376012 0.567069237405785298
-0.0366550842568690027 0.566587932529412197
-0.0362921626305632988 0.566099383924904886
-0.0359328342876865034 0.56560417032786936
-0.0355770636511746965 0.565102860984296518
-0.0352248154962125984 0.564596010142255578
-0.0348760549467451025 0.564084151762971109
-0.0345307474720248989 0.56356779450828498
-0.0341888588831929033 0.563047417057683908
-0.0338503553298939996 0.562523463803982438
-0.0335152032969247976 0.561996340971704922
-0.0331833696009155993 0.561466413197059144
-0.0328548213870450967 0.560934000602467786
-0.0325295261257873003 0.560399376392662796
-0.0322074516096904004 0.559862764992882234
-0.031888565950188498 0.559324340743206139
-0.0315728375744439987 0.558784227156476687
-0.0312602352222218008 0.558242496740501193
-0.0309507279427938993 0.557699171378701841
-0.0306442850918751016 0.557154223256962289
-0.0303408763285892003 0.556607576318196462
-0.030040471612464599 0.556059108220286369
-0.0297430412004600006 0.555508652767434774
-0.0294485556440198006 0.554956002780096158
-0.0291569857861582009 0.554400913363782943
-0.0288683027585724984 0.553843105533268765
-0.0285824779787846005 0.553282270145031951
-0.0282994831473115001 0.552718072088183243
-0.0280192902448628996 0.552150154681689043
-0.0277418715295672004 0.551578144224410316
-0.0274671995342249987 0.551001654643535121
-0.0271952470635891015 0.550420292186795557
-0.0269259871916723986 0.549833660104483646
-0.0266593932590814993 0.549241363268321847
-0.0263954388703778013 0.548643012676107933
-0.0261340978914630997 0.548038229793416543
-0.0258753444469932009 0.547426650686566263
-0.0256191529178150003 0.546807929904485679
-0.0253654979384306985 0.546181744071099207
-0.0251143543944859007 0.545547795154002868
-0.0248656974202829985 0.544905813379980675
-0.0246195023963198013 0.544255559772720665
-0.0243757449468513 0.54359682829318412
-0.0241344009374766001 0.542929447568419432
-0.023895446472749101 0.542253282199758768
-0.0236588578938109993 0.54156823364675577
-0.0234246117760504996 0.540874240688366759
-0.0231926849267826002 0.540171279467906773
-0.0229630543829530999 0.539459363133302561
-0.0227356974088645004 0.538738541088613632
-0.0225105914939251993 0.538008897877149228
-0.0222877143504210014 0.537270551720369083
-0.0220670439113078987 0.536523652740312995
-0.0218485583280275987 0.535768380896251672
-0.0216322359683441996 0.535004943668865862
-0.0214180554142021987 0.53423357352737344
-0.0212059954596061015 0.533454525216415565
-0.0209960351085209003 0.532668072900763234
-0.0207881535727930007 0.531874507206218206
-0.0205823302700921008 0.531074132195130777
-0.0203785448218733005 0.530267262314557897
-0.0201767770513597011 0.529454219353996725
-0.0199770069815442992 0.528635329448152169
-0.0197792148332122004 0.527810920158587438
-0.0195833810229823005 0.526981317665638271
-0.0193894861613687006 0.526146844099601774
-0.0191975110508601013 0.52530781503724977
-0.0190074366840198988 0.524464537186853708
-0.0188192442416037983 0.523617306281360051
-0.0186329150906968007 0.522766405196237516
-0.0184484307828681991 0.521912102304908143
-0.0182657730523447005 0.52105465008115559
-0.0180849238142027011 0.520194283954568681
-0.0179058651625768998 0.519331221421378664
-0.0177285793688880013 0.518465661410075662
-0.0175530488800871992 0.517597783897719821
-0.0173792563169180014 0.516727749770079958
-0.0172071844721960014 0.515855700915915483
-0.0170368163091049983 0.514981760543147593
-0.0168681349595098985 0.514106033702599996
-0.0167011237222869993 0.513228608002852749
-0.0165357660616703012 0.512349554498228388
-0.0163720456056141994 0.511468928730606676
-0.0162099461441723991 0.510586771904730008
-0.0160494516278935004 0.509703112175965201
-0.0158905461662312009 0.508817966029123769
-0.0157332140259715016 0.507931339726883757
-0.0155774396296746998 0.507043230806544565
-0.0154232075541334002 0.506153629604282673
-0.0152705025288449002 0.505262520786909919
-0.0151193094344999005 0.504369884871968654
-0.0149696133014851004 0.503475699718240688
-0.0148213993084011005 0.502579941970017208
-0.0146746527805951005 0.501682588439982702
-0.0145293591887079993 0.500783617417137172
-0.0143855041472356997 0.499883009887919116
-0.0142430734131045993 0.49898075066030434
-0.0141020528842620008 0.498076829382606889
-0.0139624285982791994 0.497171241450338697
-0.0138241867309695007 0.496263988796351252
-0.0136873135950193008 0.495355080561158068
-0.0135517956386330008 0.494444533642026729
-0.0134176194441910993 0.493532373120980583
-0.0132847717269219002 0.492618632573385784
-0.0131532393335859997 0.49170335426012407
-0.0130230092411742996 0.490786589207607149
-0.0128940685556181 0.489868397181053128
-0.0127664045105130002 0.48894884655734544
-0.0126400044658544 0.48802801410468899
-0.0125148559067866007 0.487105984676925174
-0.0123909464423628997 0.486182850830939872
-0.0122682638043197009 0.485258712375962853
-0.0121467958458611001 0.484333675863827084
-0.0120265305404566002 0.483407854029399675
-0.0119074559806501001 0.482481365190366107
-0.0117895603768811991 0.481554332615455993
-0.0116728320563181005 0.480626883869945287
-0.0115572594617010995 0.47969915014699549
-0.0114428311501991002 0.478771265592937534
-0.0113295357922763001 0.477843366634151667
-0.0112173621705706009 0.476915591312667642
-0.0111062991787827994 0.475988078636985945
-0.0109963358205769999 0.47506096795401076
-0.0108874612084920996 0.474134398347372421
-0.0107796645628633996 0.473208508066620459
-0.0106729352107559003 0.472283433991256718
-0.0105672625849067992 0.471359311132775627
-0.0104626362226800003 0.47043627217727102
-0.0103590457650297001 0.469514447070513263
-0.0102564809554749996 0.468593962646792095
-0.0101549316390841006 0.467674942302218954
-0.0100543877614693994 0.46675750571266228
-0.00995483936779151951 0.465841768595962658
-0.00985627660177378073 0.464927842517585677
-0.00975868970472651073 0.46401583473856034
-0.00966206901458071046 0.463105848104026663
-0.00956640496493139057 0.462197980970553812
-0.00947168808409049046 0.461292327169986194
-0.009377908994149 0.460388976007483464
-0.00928505841004850958 0.459488012291102865
-0.00919312713866188985 0.458589516390289165
-0.00910210607788305981 0.457693564320397761
-0.00901198621572579968 0.456800227850483409
-0.00892275862943149069 0.455909574631424341
-0.00883441448458563081 0.455021668341601238
-0.00874694503424319932 0.45413656884730752
-0.0086603416180625805 0.453254332375204905
-0.00857459566144810025 0.452375011694217455
-0.00848969867470108011 0.451498656304371471
-0.00840564225217928923 0.450625312630265396
-0.00832241807146463959 0.449755024216958732
-0.00824001789253924963 0.448887831926265579
-0.00815843355696956041 0.448023774131604269
-0.00807765698709857032 0.447162886909737989
-0.00799768018524611018 0.446305204227881336
-0.0079184952329169403 0.445450758124892432
-0.00784009429001676986 0.444599578885389313
-0.00776246959407600988 0.443751695205838459
-0.00768561345948119961 0.442907134351813614
-0.00760951827671405966 0.442065922305785897
-0.00753417651159807994 0.441228083904960267
-0.00745958070455255036 0.440393642968858301
-0.00738572346985401015 0.439562622416369952
-0.00731259749490495957 0.438735044372269956
-0.00724019553950986001 0.437910930263185394
-0.0071685104351582804 0.437090300903174078
-0.00709753508431512983 0.436273176569122234
-0.00702726245971794974 0.435459577066305503
-0.00695768560368113971 0.434649521784432724
-0.0068887976274070702 0.433843029744680531
-0.00682059171030402998 0.4330401196381507
-0.00675306109931092004 0.432240809856306085
-0.00668619910822863036 0.431445118513926473
-0.00661999911705805043 0.430653063465180397
-0.00655445457134459959 0.429864662313392543
-0.00648955898152931039 0.429079932415110554
-0.00642530592230624968 0.428298890879071081
-0.00636168903198637992 0.427521554560663097
-0.00629870201186770971 0.426747940052472741
-0.00623633862561158957 0.425978063671457685
-0.00617459269862534032 0.425211941443319308
-0.00611345811745082988 0.424449589084588519
-0.00605292882915924035 0.423691021982907867
-0.00599299884075172023 0.4229362551759967
-0.00593366221856606035 0.422185303329718875
-0.00587491308768917 0.421438180715651811
-0.00581674563137541019 0.420694901188558845
-0.00575915409047070021 0.419955478164040497
-0.00570213276284228018 0.419219924596732851
-0.00564567600281414006 0.418488252959280493
-0.00558977822060805971 0.417760475222308914
-0.00553443388179016005 0.417036602835653192
-0.00547963750672292998 0.416316646710936378
-0.00542538367002270028 0.415600617205711065
-0.00537166700002248039 0.414888524109225054
-0.00531848217824008006 0.414180376629932068
-0.00526582393885156007 0.413476183384768214
-0.00521368706816986022 0.412775952390277145
-0.0051620664041285803 0.412079691055548369
-0.00511095683577086988 0.411387406177011083
-0.00506035330274343022 0.410699103935015075
-0.00501025079479548024 0.410014789892191978
-0.00496064435128264983 0.409334468993530431
-0.00491152906067589008 0.40865814556809027
-0.00486290006007514004 0.40798582333228961
-0.00481475253472786035 0.407317505394674872
-0.00476708171755233986 0.406653194262078743
-0.00471988288866568 0.405992891847064441
-0.00467315137491650968 0.405336599476548542
-0.00462688254942229035 0.404684317901513546
-0.00458107183111117981 0.404036047307666069
-0.00453571468426848968 0.403391787326971618
-0.00449080661808762011 0.402751537049917618
-0.00444634318622535996 0.402115295038434351
-0.00440231998636175011 0.401483059339326764
-0.00435873265976411024 0.400854827498155042
-0.00431557689085554971 0.40023059657343002
-0.00427284840678766962 0.399610363151055858
-0.00423054297701750022 0.398994123358913211
-0.00418865641288861026 0.398381872881491961
-0.00414718456721644996 0.397773606974538285
-0.00410612333387767002 0.397169320479560328
-0.00406546864740364028 0.396569007838216303
-0.00402521648257786035 0.395972663106454681
-0.00398536285403747973 0.395380279968380877
-0.00394590381587870027 0.394791851749807521
-0.00390683546126602971 0.394207371431410991
-0.00386815392204558012 0.39362683166150142
-0.00382985536836195992 0.393050224768324907
-0.00379193600827916998 0.392477542771916488
-0.00375439208740512009 0.391908777395455044
-0.00371721988851991987 0.391343920076103191
-0.00368041573120784019 0.390782961975336129
-0.00364397597149290981 0.390225893988744854
-0.00360789700147812979 0.389672706755301024
-0.00357217524898825007 0.38912339066609053
-0.00353680717721609021 0.388577935872539248
-0.0035017892843723598 0.388036332294106501
-0.00346711810333897013 0.387498569625461586
-0.00343279020132571978 0.386964637343204076
-0.00339880217953040988 0.386434524712058358
-0.0033651506728023901 0.385908220790643519
-0.00333183234930929011 0.385385714436790039
-0.00329884391020722001 0.384866994312429045
-0.00326618208931407986 0.384352048888091546
-0.00323384365278622018 0.383840866447039797
-0.00320182539879823981 0.383333435089025676
-0.00317012415722597992 0.38282974273374587
-0.00313873678933265007 0.382329777123985581
-0.00310766018745806984 0.381833525828471854
-0.00307689127471096014 0.381340976244501806
-0.00304642700466432013 0.380852115600311847
-0.00301626436105378003 0.380366930957274918
-0.00298640035747899015 0.37988540921188485
-0.00295683203710791001 0.379407537097613323
-0.00292755647238406979 0.378933301186605731
-0.0028985707647366998 0.378462687891280736
-0.00286987204429375994 0.377995683465836063
-0.00284145746959778983 0.377532274007669366
-0.00281332422732454013 0.377072445458748406
-0.00278546953200449997 0.376616183606953814
-0.00275789062574702997 0.376163474087387817
-0.00273058477796735014 0.375714302383687804
-0.00270354928511619018 0.37526865382933916
-0.00267678147041207001 0.374826513609018475
-0.00265027868357630998 0.37438786675995811
-0.00262403830057060007 0.373952698173375619
-0.00259805772333722993 0.373520992595940404
-0.00257233437954181021 0.373092734631301215
-0.00254686572231862 0.372667908741705634
-0.00252164923001844 0.372246499249677565
-0.00249668240595884994 0.371828490339776219
-0.00247196277817707992 0.371413866060465447
-0.00244748789918523011 0.371002610326046089
-0.0024232553457279502 0.370594706918707328
-0.00239926271854251985 0.370190139490658543
-0.00237550764212130991 0.36978889156636735
-0.00235198776447654006 0.369390946544893684
-0.00232870075690746981 0.368996287702327563
-0.00230564431376977007 0.368604898194320962
-0.00228281615224729985 0.368216761058713704
-0.00226021401212604016 0.367831859218257784
-0.00223783565557033985 0.36745017548344866
-0.00221567886690131983 0.367071692555421492
-0.00219374145237754984 0.366696393028949852
-0.00217202123997776997 0.366324259395529317
-0.00215051607918590989 0.365955274046542323
-0.00212922384077812981 0.365589419276488359
-0.00210814241661201 0.365226677286293766
-0.0020872697194178301 0.364867030186695473
-0.00206660368259190983 0.364510460001674808
-0.0020461422599919901 0.364156948671957525
-0.00202588342573463984 0.363806478058560978
-0.00200582517399469987 0.363459029946402112
-0.00198596551880663016 0.363114586047929344
-0.00196630249386795007 0.362773128006809387
-0.00194683415234450999 0.362434637401640669
-0.00192755856667772992 0.36209909574969229
-0.00190847382839378992 0.361766484510662456
-0.00188957804791464994 0.361436785090476165
-0.00187086935437093997 0.361109978845062851
-0.00185234589541677006 0.360786047084173667
-0.00183400583704629999 0.360464971075179608
-0.0018158473634121799 0.360146732046876472
-0.00179786867664573011 0.359831311193294923
-0.00178006799667894009 0.359518689677479075
-0.00176244356106825006 0.35920884863527025
-0.0017449936248200501 0.358901769179064578
-0.00172771646021786991 0.35859743240154579
-0.00171061035665135992 0.358295819379392588
-0.00169367362044688997 0.357996911176975685
-0.00167690457469989 0.357700688849985349
-0.00166030155910880991 0.357407133449055892
-0.00164386292981070006 0.357116226023337091
-0.00162758705921851009 0.356827947624025588
-0.00161147233585991006 0.356542279307848931
-0.00159551716421773996 0.356259202140512321
-0.00157971996457201996 0.35597869720007369
-0.00156407917284358006 0.355700745580303346
-0.00154859324043919006 0.355425328393945472
-0.00153326063409820997 0.355152426775967645
-0.0015180798357408 0.354882021886710808
-0.00150304934231762 0.354614094915020439
-0.00148816766566100991 0.354348627081286227
-0.00147343333233763995 0.354085599640431792
-0.00145884488350260999 0.353824993884844619
-0.00144440087475506003 0.353566791147235548
-0.00143009987599511 0.353310972803439038
-0.00141594047128227999 0.35305752027513615
-0.0014019212586953299 0.352806415032534348
-0.00138804085019339995 0.352557638596953549
-0.00137429787147861 0.352311172543358753
-0.00136069096186000995 0.352066998502828132
-0.0013472187741188199 0.35182509816494556
-0.00133387997437507005 0.351585453280128468
-0.00132067324195551993 0.351348045661892372
-0.00130759726926288995 0.35111285718903229
-0.00129465076164642003 0.350879869807761757
-0.00128183243727369002 0.350649065533760129
-0.00126914102700365007 0.350420426454166767
-0.0012565752742610401 0.350193934729508327
-0.00124413393491191993 0.349969572595546785
-0.00123181577714051994 0.349747322365084046
-0.00121961958132723995 0.349527166429681624
-0.00120754413992795991 0.349309087261325812
-0.00119558825735441993 0.349093067414030511
-0.00118375074985586004 0.348879089525367336
-0.0011720304454018401 0.348667136317950932
-0.00116042618356618004 0.348457190600837463
-0.00114893681541206006 0.348249235270896629
-0.00113756120337827997 0.348043253314086143
-0.00112629822116660995 0.347839227806703788
-0.00111514675363031009 0.347637141916553871
-0.00110410569666367009 0.347436978904075433
-0.00109317395709273993 0.347238722123399846
-0.00108235045256706991 0.347042355023372662
-0.00107163411145255001 0.346847861148501357
-0.00106102387272528995 0.34665522413986477
-0.00105051868586663005 0.346464427735965086
-0.00104011751075904 0.34627545577353358
-0.00102981931758320991 0.346088292188282354
-0.00101962308671605002 0.345902921015606324
-0.00100952780862975005 0.345719326391251469
-0.000999532483791829972 0.345537492551917014
-0.000989636122566168053 0.34535740383582858
-0.000979837745115017976 0.345179044683258274
-0.000970136381301998029 0.345002399637009682
-0.000960531070596036974 0.344827453342851087
-0.000951020861976274983 0.344654190549922468
-0.00094160481383789602 0.344482596111078843
-0.000932281993898907051 0.344312654983229105
-0.000923051479107827992 0.344144352227604255
-0.000913912355552304952 0.343977673010009199
-0.000904863718368619039 0.343812602601032247
-0.000895904671652097973 0.343649126376221248
-0.000887034328368414035 0.34348722981622648
-0.000878251810265755998 0.343326898506907452
-0.000869556247787877951 0.343168118139418277
-0.000860946779987996954 0.343010874510246422
-0.000852422554443561949 0.342855153521240574
-0.000843982727171842988 0.34270094117959371
-0.000835626462546380008 0.342548223597806456
-0.000827352933214236955 0.342396986993624752
-0.000819161320014095951 0.342247217689943928
-0.000811050811895144982 0.342098902114697845
-0.000803020605836777005 0.341952026800716402
-0.000795069906769085952 0.341806578385559612
-0.000787197927494144968 0.341662543611336411
-0.000779403888608063995 0.341519909324487225
-0.000771687018423826009 0.341378662475567141
-0.000764046552894877013 0.3412387901189885
-0.000756481735539482007 0.341100279412751228
-0.000748991817365823962 0.340963117618157674
-0.000741576056797845049 0.340827292099509738
-0.000734233719601826954 0.340692790323777694
-0.000726964078813690032 0.340559599860271012
-0.000719766414667019952 0.340427708380271477
-0.000712640014521802008 0.340297103656668765
-0.000705584172793862971 0.340167773563575082
-0.000698598190885013019 0.340039706075921322
-0.000691681377113875047 0.339912889269046226
-0.000684833046647399953 0.3397873113182725
-0.000678052521433069959 0.339662960498459565
-0.000671339130131752017 0.339539825183566513
-0.000664692208051240012 0.339417893846179042
-0.000658111097080435014 0.339297155057041555
-0.000651595145624193949 0.339177597484578819
-0.000645143708538805033 0.339059209894396529
-0.000638756147068124044 0.338941981148785376
-0.000632431828780320986 0.338825900206211617
-0.000626170127505267958 0.338710956120797324
-0.000619970423272542953 0.338597138041792034
-0.000613832102250042987 0.338484435213049328
-0.000607754556683210009 0.338372836972474333
-0.000601737184834862018 0.338262332751482653
-0.000595779390925605962 0.33815291207445497
-0.000589880585074857035 0.338044564558168059
-0.000584040183242433026 0.337937279911233457
-0.000578257607170726013 0.33783104793353641
-0.00057253228432745096 0.337725858515652122
-0.000566863647848961025 0.337621701638276761
-0.000561251136484120037 0.337518567371639044
-0.000555694194538733019 0.337416445874921367
-0.000550192271820528021 0.337315327395666331
-0.000544744823584681031 0.337215202269189607
-0.000539351310479882018 0.33711606091798002
-0.000534011198494932981 0.337017893851111749
-0.000528723958905874016 0.33692069166363342
-0.000523489068223636947 0.336824445035976305
-0.000518306008142215046 0.336729144733348751
-0.000513174265487341993 0.336634781605131606
-0.000508093332165684974 0.336541346584277146
-0.000503062705114539974 0.336448830686691569
-0.00049808188625201995 0.336357225010642025
-0.00049315038242774196 0.336266520736139385
-0.000488267705374002012 0.336176709124332451
-0.000483433371657427996 0.336087781516901496
-0.000478646902631116983 0.33599972933545047
-0.00047390782438724399 0.335912544080893827
-0.000469215667710143022 0.335826217332852117
-0.000464569968029844018 0.335740740749048749
-0.000459970265376083009 0.335656106064694815
-0.000455416104332756022 0.335572305091892342
-0.000450907033992827987 0.335489329719023621
-0.000446442607913690977 0.335407171910148016
-0.00044202238407296102 0.335325823704405057
-0.000437645924824714005 0.335245277215404314
-0.000433312796856152014 0.335165524630637701
-0.000429022571144704976 0.335086558210868191
-0.000424774822915549989 0.335008370289545221
-0.000420569131599553986 0.334930953272205956
-0.000416405080791637983 0.334854299635881314
-0.000412282258209541999 0.334778401928511438
-0.000408200255653012 0.334703252768349002
-0.000404158668963378997 0.334628844843382511
-0.000400157097983542989 0.334555170910748767
-0.00039619514651836001 0.334482223796150835
-0.000392272422295405012 0.33440999639328034
-0.00038838853692614399 0.334338481663243314
-0.000384543105867468974 0.334267672633986879
-0.000380735748383632998 0.334197562399726034
-0.000376966087508547021 0.334128144120376391
-0.000373233750008462992 0.334059411020992569
-0.000369538366345013012 0.333991356391204364
-0.000365879570638625977 0.333923973584653533
-0.000362257000632303019 0.333857256018446791
-0.000358670297655745978 0.333791197172592868
-0.000355119106589847015 0.333725790589460225
-0.000351603075831532 0.333661029873228321
-0.000348121857258942987 0.33359690868933678
-0.000344675106196972998 0.333533420763959865
-0.000341262481383142007 0.333470559883455031
-0.000337883644933803008 0.333408319893838234
-0.000334538262310696982 0.333346694700245805
-0.000331226002287817996 0.333285678266416419
-0.000327946536918632026 0.333225264614160022
-0.000324699541503595994 0.333165447822840521
-0.000321484694558016001 0.333106222028857923
-0.000318301677780214007 0.333047581425136019
-0.000315150176020013984 0.332989520260609628
-0.000312029877247537975 0.332932032839723335
-0.000308940472522315011 0.332875113521920507
-0.000305881655962688011 0.332818756721151909
-0.000302853124715532994 0.332762956905372054
-0.000299854578926269993 0.332707708596056029
-0.000296885721709177976 0.332653006367699511
-0.000293946259117998008 0.332598844847340591
-0.000291035900116830011 0.33254521871407644
-0.000288154356551317001 0.332492122698584969
-0.00028530134312011599 0.332439551582647153
-0.000282476577346648988 0.332387500198680463
-0.000279679779551138014 0.332335963429267467
-0.00027691067282290899 0.332284936206693415
-0.000274168982992978988 0.332234413512485172
-0.000271454438606909981 0.332184390376954519
-0.000268766770897929999 0.332134861878744303
-0.00026610571376032698 0.332085823144378178
-0.000263471003723095981 0.33203726934781469
-0.000260862379923857996 0.331989195710003682
-0.000258279584083026992 0.331941597498449981
-0.000255722360478245021 0.331894470026772748
-0.000253190455919054009 0.331847808654274712
-0.000250683619721835994 0.331801608785518287
-0.000248201603684985984 0.331755865869892475
-0.000245744162064343008 0.331710575401196139
-0.000243311051548853987 0.331665732917216793
-0.000240902031236488987 0.331621333999320367
-0.000238516862610385009 0.331577374272033265
-0.000236155309515232988 0.33153384940263847
-0.000233817138133894013 0.331490755100771806
-0.000231502116964251998 0.33144808711801671
-0.000229210016796289006 0.331405841247507771
-0.000226940610689394987 0.331364013323539541
-0.000224693673949896011 0.331322599221173186
-0.000222468984108808006 0.33128159485584513
-0.000220266320899810002 0.331240996182989744
-0.000218085466237434995 0.331200799197653994
-0.000215926204195480991 0.331160999934117684
-0.000213788320985624006 0.331121594465522473
-0.000211671604936261999 0.331082578903502733
-0.000209575846471545999 0.331043949397807402
-0.000207500838090639994 0.331005702135950486
-0.000205446374347168008 0.33096783334283475
-0.000203412251828878995 0.330930339280399832
-0.000201398269137503989 0.330893216247270583
-0.000199404226868816001 0.330856460578397626
-0.000197429927592886992 0.330820068644712417
-0.000195475175834541989 0.330784036852780794
-0.000193539778054002009 0.33074836164446253
-0.000191623542627725012 0.330713039496564221
-0.000189726279829430006 0.330678066920510549
-0.000187847801811316987 0.330643440462006888
-0.000185987922585461999 0.330609156700710394
-0.000184146458005408009 0.330575212249899886
-0.000182323225747928999 0.330541603756153879
-0.000180518045294979012 0.330508327899026455
-0.000178730737915820995 0.330475381390727518
-0.00017696112664932799 0.330442760975814154
-0.000175209036286462993 0.330410463430868662
-0.000173474293352933999 0.330378485564191249
-0.000171756726092014002 0.330346824215496604
-0.000170056164447537997 0.330315476255602869
-0.000168372440047068005 0.330284438586136098
-0.000166705386185215002 0.330253708139225666
-0.000165054837807144009 0.33022328187721639
-0.000163420631492221989 0.330193156792362996
-0.000161802605437842988 0.330163329906551395
-0.000160200599443408991 0.330133798271002643
-0.000158614454894464988 0.330104558965990169
-0.000157044014746995003 0.330075609100561385
-0.000155489123511875994 0.330046945812248194
-0.000153949627239480989 0.330018566266798041
-0.000152425373504436992 0.329990467657895969
-0.000150916211390530992 0.329962647206890614
-0.000149421991475773991 0.329935102162529414
-0.00014794256581759799 0.329907829800684116
-0.000146477787938216003 0.329880827424095358
-0.000145027512810113999 0.329854092362101226
-0.000143591596841697011 0.329827621970382345
-0.000142169897863067004 0.329801413630708196
-0.000140762275111947009 0.329775464750671043
-0.000139368589219749988 0.329749772763445914
-0.00013798870219777201 0.329724335127535184
-0.000136622477423536991 0.329699149326516783
-0.000135269779627263987 0.32967421286880888
-0.000133930474878479001 0.329649523287415258
-0.000132604430572751992 0.329625078139694605
-0.000131291515418565996 0.329600875007116045
-0.000129991599424323013 0.329576911495026437
-0.000128704553885468001 0.329553185232412893
-0.000127430251371750988 0.329529693871674079
-0.000126168565714605005 0.329506435088391669
-0.000124919371994658006 0.329483406581098426
-0.000123682546529363987 0.329460606071058704
-0.000122457966860757008 0.329438031302040191
-0.000121245511743323995 0.329415680040099856
-0.000120045061132003004 0.329393550073358188
-0.000118856496170299998 0.329371639211786083
-0.000117679699178514994 0.329349945286990353
-0.000116514553642094006 0.329328466152001453
-0.000115360944200092996 0.32930719968106098
-0.000114218756633755998 0.329286143769419004
-0.000113087877855203999 0.329265296333119517
-0.000111968195896240997 0.329244655308800704
-0.000110859599897269003 0.329224218653494882
-0.000109761980096306002 0.329203984344420775
-0.000108675227818123997 0.32918395037879411
-0.000107599235463489999 0.329164114773623062
-0.000106533896498504994 0.329144475565519679
-0.000105479105444064 0.329125030810500707
-0.000104434757865410005 0.329105778583803743
-0.000103400750361791995 0.32908671697969305
-0.00010237698055623 0.329067844111271712
-0.000101363347085375996 0.329049158110303552
-0.000100359749589481 0.329030657127019011
-9.93660887024564013e-05 0.329012339329942449
-9.83822660420361058e-05 0.328994202905705191
-9.74081842000357038e-05 0.32897624605887188
-9.64437467327085974e-05 0.328958467011760569
-9.54888581511966058e-05 0.328940864004271138
-9.45434239120758989e-05 0.328923435293709487
-9.36073504079959002e-05 0.328906179154616618
-9.26805449584117982e-05 0.328889093878598104
-9.17629158004076964e-05 0.328872177774157892
-9.08543720796115955e-05 0.328855429166530822
-8.99548238411996051e-05 0.328838846397516316
-8.90641820209896976e-05 0.328822427825317176
-8.81823584366234984e-05 0.328806171824376436
-8.73092657788352062e-05 0.328790076785216767
-8.64448176028071e-05 0.32877414111428549
-8.55889283196109959e-05 0.328758363233790984
-8.47415131877335946e-05 0.328742741581553755
-8.39024883046868031e-05 0.328727274610846998
-8.30717705986998051e-05 0.328711960790251334
-8.22492778204948045e-05 0.328696798603494433
-8.14349285351433934e-05 0.328681786549308741
-8.0628642114003395e-05 0.328666923141279099
-7.98303387267360043e-05 0.328652206907699251
-7.90399393334019956e-05 0.32863763639142668
-7.82573656766355984e-05 0.328623210149734335
-7.74825402738965992e-05 0.328608926754173747
-7.67153864097985946e-05 0.328594784790432304
-7.59558281285135044e-05 0.328580782858191589
-7.52037902262510036e-05 0.328566919570990434
-7.44591982438128991e-05 0.328553193556090084
-7.37219784592207044e-05 0.328539603454336415
-7.29920578804165056e-05 0.328526147920025435
-7.22693642380361036e-05 0.328512825620772164
-7.15538259782536051e-05 0.328499635237376408
-7.08453722556965949e-05 0.328486575463699415
-7.01439329264322964e-05 0.328473645006522597
-6.94494385410221053e-05 0.328460842585431567
-6.87618203376456059e-05 0.328448166932684249
-6.80810102352927033e-05 0.328435616793087026
-6.74069408270225014e-05 0.328423190923867903
-6.67395453732896052e-05 0.328410888094558429
-6.60787577953362063e-05 0.328398707086867747
-6.54245126686496954e-05 0.328386646694566131
-6.47767452164849068e-05 0.328374705723360583
-6.41353913034503983e-05 0.328362882990783811
-6.35003874291587944e-05 0.328351177326071386
-6.28716707219394025e-05 0.328339587570048774
-6.2249178932613199e-05 0.328328112575015096
-6.16328504283298982e-05 0.328316751204632828
-6.10226241864652975e-05 0.328305502333812782
-6.04184397885794991e-05 0.32829436484860175
-5.98202374144351029e-05 0.328283337646075368
-5.92279578360743994e-05 0.328272419634229817
-5.86415424119547982e-05 0.328261609731868909
-5.80609330811434002e-05 0.328250906868501668
-5.74860723575677031e-05 0.328240309984233425
-5.69169033243245028e-05 0.328229818029664167
-5.63533696280440002e-05 0.328219429965781295
-5.57954154733108967e-05 0.328209144763861593
-5.52429856171395031e-05 0.328198961405364364
-5.46960253635045022e-05 0.328188878881832125
-5.41544805579252032e-05 0.328178896194795178
-5.36182975821042023e-05 0.328169012355664813
-5.30874233486179975e-05 0.328159226385643044
-5.25618052956613996e-05 0.328149537315622242
-5.20413913818430031e-05 0.328139944186088439
-5.15261300810326977e-05 0.328130446047028235
-5.10159703772600979e-05 0.328121041957835979
-5.05108617596634006e-05 0.328111730987216299
-5.00107542174885026e-05 0.328102512213097608
-4.95155982351371985e-05 0.328093384722533854
-4.90253447872645001e-05 0.328084347611621974
-4.85399453339252997e-05 0.328075399985407301
-4.80593518157676011e-05 0.32806654095779697
-4.75835166492748028e-05 0.328057769651470932
-4.71123927220542976e-05 0.328049085197795465
-4.66459333881725978e-05 0.328040486736739356
-4.61840924635371967e-05 0.328031973416783751
-4.57268242213239998e-05 0.328023544394846323
-4.52740833874495e-05 0.328015198836188626
-4.4825825136088598e-05 0.328006935914337605
-4.4382005085236197e-05 0.327998754811006821
-4.39425792923131005e-05 0.327990654716008301
-4.35075042498148993e-05 0.327982634827180153
-4.30767368810049033e-05 0.327974694350300577
-4.26502345356484028e-05 0.327966832499013705
-4.22279549857905003e-05 0.327959048494748939
-4.1809856421574702e-05 0.327951341566646459
-4.13958974471036981e-05 0.327943710951479561
-4.09860370763402994e-05 0.327936155893575165
-4.0580234729049797e-05 0.327928675644749368
-4.01784502267819974e-05 0.327921269464222287
-3.97806437888931013e-05 0.327913936618550506
-3.9386776028607001e-05 0.327906676381554574
-3.89968079491157977e-05 0.327899488034243292
-3.86107009397185986e-05 0.327892370864744709
-3.82284167719987015e-05 0.327885324168242343
-3.78499175960382992e-05 0.327878347246891744
-3.74751659366715989e-05 0.327871439409760823
-3.71041246897738013e-05 0.32786459997276024
-3.67367571185878985e-05 0.327857828258575124
-3.63730268500871007e-05 0.327851123596597571
-3.60128978713733001e-05 0.32784448532285837
-3.56563345261122001e-05 0.327837912779965102
-3.53033015110021977e-05 0.327831405317033586
-3.49537638722793973e-05 0.327824962289628263
-3.46076870022568025e-05 0.327818583059689528
-3.42650366358978996e-05 0.327812266995482215
-3.39257788474235983e-05 0.327806013471521884
-3.35898800469540995e-05 0.327799821868523189
-3.32573069771822978e-05 0.327793691573326718
-3.29280267100813992e-05 0.327787621978849975
-3.26020066436450023e-05 0.327781612484021767
-3.22792144986583986e-05 0.327775662493719699
-3.19596183155034021e-05 0.327769771418717548
-3.16431864509933997e-05 0.327763938675624089
-3.1329887575240997e-05 0.327758163686822979
-3.10196906685554987e-05 0.327752445880420129
-3.07125650183717979e-05 0.327746784690184034
-3.04084802162097005e-05 0.327741179555488371
-3.01074061546630007e-05 0.327735629921261318
-2.98093130244187994e-05 0.327730135237925491
-2.9514171311305801e-05 0.327724694961347873
-2.92219517933721006e-05 0.327719308552781696
-2.89326255379920987e-05 0.327713975478818309
-2.86461638990021005e-05 0.327708695211327394
-2.83625385138635003e-05 0.327703467227409784
-2.80817213008549016e-05 0.327698291009346832
-2.78036844562919992e-05 0.327693166044543682
-2.75284004517743014e-05 0.327688091825482364
-2.72558420314597006e-05 0.327683067849670773
-2.69859822093659985e-05 0.327678093619593935
-2.67187942666989987e-05 0.32767316864266427
-2.64542517492069008e-05 0.327668292431167518
-2.61923284645613015e-05 0.327663464502222612
-2.59329984797637017e-05 0.327658684377731324
-2.56762361185778991e-05 0.327653951584327197
-2.54220159589880016e-05 0.3276492656533323
-2.51703128306812012e-05 0.327644626120712046
-2.49211018125557014e-05 0.327640032527024172
-2.46743582302531001e-05 0.327635484417376444
-2.44300576537160009e-05 0.327630981341382466
-2.41881758947683003e-05 0.32762652285311411
-2.39486890047211006e-05 0.327622108511062271
-2.37115732720010983e-05 0.327617737878087567
-2.34768052198029989e-05 0.327613410521379766
-2.32443616037654005e-05 0.327609126012413321
-2.30142194096687006e-05 0.327604883926910118
-2.27863558511570993e-05 0.32760068384479013
-2.25607483674823002e-05 0.327596525350133283
-2.23373746212695995e-05 0.327592408031140203
-2.21162124963065003e-05 0.327588331480088035
-2.18972400953529997e-05 0.327584295293292249
-2.16804357379733005e-05 0.32758029907106434
-2.14657779583894016e-05 0.327576342417676303
-2.12532455033557984e-05 0.327572424941315443
-2.10428173300552997e-05 0.327568546254053794
-2.08344726040151004e-05 0.32756470597179943
-2.06281906970446994e-05 0.327560903714268714
-2.04239511851927007e-05 0.327557139104940054
-2.02217338467255015e-05 0.327553411771022318
-2.00215186601242013e-05 0.327549721343416977
-1.98232858021031986e-05 0.327546067456678025
-1.96270156456467014e-05 0.327542449748980169
-1.94326887580661003e-05 0.327538867862080474
-1.92402858990753004e-05 0.327535321441283389
-1.90497880188864993e-05 0.327531810135406998
-1.88611762563232009e-05 0.327528333596744214
-1.86744319369537008e-05 0.327524891481034197
-1.84895365712413014e-05 0.327521483447423822
-1.83064718527141012e-05 0.327518109158434101
-1.81252196561526013e-05 0.327514768279929758
-1.79457620357947005e-05 0.327511460481084482
-1.77680812235591014e-05 0.327508185434346233
-1.7592159627286199e-05 0.327504942815409039
-1.74179798289962014e-05 0.327501732303174753
-1.72455245831646016e-05 0.327498553579728624
-1.7074776815014501e-05 0.327495406330302385
-1.69057196188261997e-05 0.327492290243242834
-1.67383362562636014e-05 0.327489205009985962
-1.65726101547164007e-05 0.327486150325024372
-1.64085249056598003e-05 0.327483125885871418
-1.62460642630294986e-05 0.327480131393037999
-1.60852121416134014e-05 0.327477166550001197
-1.59259526154587999e-05 0.32747423106317608
-1.57682699162957983e-05 0.327471324641880224
-1.56121484319761005e-05 0.327468446998314067
-1.54575727049268015e-05 0.327465597847524936
-1.53045274306205994e-05 0.327462776907384623
-1.51529974560600001e-05 0.327459983898555629
-1.50029677782772008e-05 0.327457218544470963
-1.48544235428487004e-05 0.327454480571296114
-1.47073500424244997e-05 0.327451769707913731
-1.45617327152717994e-05 0.327449085685888097
-1.44175571438334007e-05 0.327446428239443477
-1.42748090533003992e-05 0.32744379710543281
-1.41334743101984002e-05 0.327441192023319949
-1.39935389209885998e-05 0.327438612735144352
-1.38549890306817003e-05 0.327436058985501321
-1.37178109214670992e-05 0.327433530521514471
-1.35819910113534993e-05 0.327431027092814131
-1.34475158528252997e-05 0.327428548451504708
-1.33143721315102007e-05 0.32742609435215192
-1.31825466648616005e-05 0.327423664551748372
-1.30520264008530001e-05 0.327421258809690585
-1.29227984166862004e-05 0.327418876887761445
-1.27948499175111001e-05 0.32741651855010323
-1.26681682351594999e-05 0.327414183563187855
-1.25427408268906008e-05 0.327411871695806822
-1.24185552741491e-05 0.327409582719038694
-1.22955992813357002e-05 0.327407316406224391
-1.21738606745897999e-05 0.32740507253295742
-1.20533274005839993e-05 0.327402850877048068
-1.19339875253307003e-05 0.3274006512185062
-1.18158292330007006e-05 0.327398473339522045
-1.16988408247531008e-05 0.327396317024442607
-1.15830107175774e-05 0.327394182059750682
-1.14683274431459002e-05 0.327392068234041489
-1.13547796466791004e-05 0.327389975338004846
-1.12423560858208994e-05 0.32738790316440286
-1.11310456295256001e-05 0.327385851508052772
-1.10208372569561003e-05 0.327383820165797146
-1.09117200563921999e-05 0.327381808936496821
-1.08036832241505996e-05 0.327379817620998714
-1.06967160635155e-05 0.32737784602212483
-1.05908079836787005e-05 0.327375893944651275
-1.04859484986918e-05 0.327373961195283392
-1.03821272264274996e-05 0.32737204758264421
-1.02793338875520001e-05 0.327370152917247359
-1.01775583045069002e-05 0.327368277011488518
-1.00767904005018998e-05 0.327366419679615162
-9.97702019851673937e-06 0.327364580737717181
-9.87823782031360051e-06 0.327362760003707398
-9.7804334854590095e-06 0.327360957297298139
-9.68359751035546033e-06 0.327359172439986801
-9.58772030728262926e-06 0.327357405255042422
-9.49279238344815072e-06 0.327355655567481862
-9.39880434004766994e-06 0.327353923204050878
-9.30574687133432982e-06 0.327352207993216626
-9.21361076369734989e-06 0.327350509765141018
-9.12238689474985984e-06 0.327348828351670396
-9.03206623242559996e-06 0.327347163586313494
-8.94263983408475075e-06 0.327345515304229673
-8.85409884562847008e-06 0.327343883342208875
-8.76643450062224971e-06 0.327342267538659415
-8.67963811942797079e-06 0.327340667733586443
-8.59370110834451941e-06 0.327339083768583339
-8.50861495875695056e-06 0.327337515486808117
-8.42437124629401049e-06 0.327335962732975105
-8.34096162999407013e-06 0.327334425353332792
-8.25837785147927984e-06 0.327332903195655167
-8.17661173413789971e-06 0.327331396109221684
-8.0956551823147495e-06 0.327329903944807599
-8.0155001805096597e-06 0.327328426554660101
-7.93613879258382024e-06 0.327326963792492542
-7.85756316097407956e-06 0.327325515513469389
-7.77976550591492957e-06 0.327324081574183412
-7.70273812466824947e-06 0.327322661832652129
-7.62647339076063981e-06 0.327321256148296547
-7.55096375322836041e-06 0.327319864381931724
-7.4762017358696603e-06 0.327318486395748842
-7.40217993650460982e-06 0.327317122053304321
-7.32889102624219011e-06 0.327315771219506002
-7.25632774875465019e-06 0.327314433760598544
-7.18448291955906035e-06 0.327313109544151992
-7.11334942530600015e-06 0.32731179843904723
-7.04292022307524038e-06 0.327310500315462438
-6.97318833967846042e-06 0.32730921504486532
-6.90414687096876987e-06 0.327307942499989568
-6.83578898115720042e-06 0.327306682554835804
-6.76810790213584007e-06 0.327305435084647711
-6.70109693280775982e-06 0.327304199965904818
-6.63474943842353019e-06 0.327302977076312396
-6.56905884992428028e-06 0.327301766294785135
-6.50401866329137038e-06 0.327300567501435991
-6.43962243890234972e-06 0.327299380577563526
-6.3758638008934099e-06 0.327298205405646803
-6.3127364365281303e-06 0.327297041869323457
-6.25023409557241005e-06 0.327295889853385702
-6.18835058967565036e-06 0.327294749243765559
-6.12707979175807016e-06 0.327293619927526869
-6.06641563540402976e-06 0.327292501792847246
-6.00635211426140997e-06 0.327291394729015528
-5.94688328144693989e-06 0.327290298626414122
-5.88800324895737013e-06 0.327289213376514343
-5.82970618708650997e-06 0.327288138871858258
-5.77198632384803034e-06 0.327287075006053751
-5.71483794440399015e-06 0.327286021673762917
-5.65825539049899967e-06 0.327284978770687907
-5.6022330598999997e-06 0.327283946193567543
-5.54676540584158034e-06 0.3272829238401605
-5.49184693647680976e-06 0.327281911609239029
-5.43747221433347966e-06 0.32728090940057547
-5.38363585577572013e-06 0.327279917114938701
-5.33033253047101011e-06 0.327278934654075426
-5.27755696086239032e-06 0.327277961920708294
-5.22530392164593029e-06 0.327276998818523901
-5.17356823925339032e-06 0.327276045252157921
-5.12234479133999015e-06 0.327275101127196377
-5.07162850627722005e-06 0.32727416635015516
-5.02141436265071031e-06 0.32727324082847753
-4.97169738876307973e-06 0.327272324470525178
-4.92247266214166036e-06 0.327271417185564018
-4.8737353090511503e-06 0.327270518883760408
-4.8254805040110396e-06 0.327269629476169055
-4.77770346931785991e-06 0.32726874887472629
-4.73039947457214032e-06 0.327267876992239137
-4.68356383621003964e-06 0.327267013742379875
-4.63719191703965009e-06 0.327266159039673488
-4.59127912578183001e-06 0.32726531279949278
-4.54582091661566994e-06 0.327264474938048389
-4.50081278872839029e-06 0.327263645372378731
-4.45625028586969021e-06 0.327262824020347953
-4.4121289959105798e-06 0.327262010800627334
-4.36844455040652034e-06 0.32726120563269856
-4.32519262416486992e-06 0.327260408436839567
-4.28236893481669989e-06 0.327259619134115221
-4.23996924239277011e-06 0.327258837646374423
-4.1979893489037403e-06 0.327258063896239126
-4.15642509792449031e-06 0.327257297807095671
-4.1152723741826696e-06 0.327256539303093952
-4.07452710315114993e-06 0.327255788309128604
-4.03418525064470973e-06 0.32725504475084416
-3.99424282242049969e-06 0.327254308554614293
-3.95469586378267998e-06 0.327253579647547477
-3.91554045919076998e-06 0.327252857957472776
-3.87677273187205024e-06 0.327252143412932128
-3.83838884343767022e-06 0.32725143594317696
-3.8003849935026401e-06 0.327250735478156085
-3.7627574193095499e-06 0.327250041948515979
-3.7255023953559898e-06 0.327249355285587906
-3.68861623302572995e-06 0.327248675421381363
-3.6520952802235002e-06 0.327248002288581474
-3.61593592101335998e-06 0.327247335820540997
-3.58013457526075993e-06 0.327246675951267829
-3.54468769827797988e-06 0.327246022615428622
-3.50959178047323992e-06 0.327245375748333178
-3.4748433470032098e-06 0.327244735285932897
-3.44043895742892e-06 0.32724410116481395
-3.4063752053751698e-06 0.327243473322191725
-3.37264871819324e-06 0.327242851695898174
-3.33925615662697012e-06 0.327242236224386474
-3.30619421448214997e-06 0.32724162684671676
-3.27345961829914994e-06 0.327241023502552741
-3.24104912702886983e-06 0.327240426132154039
-3.20895953171174988e-06 0.327239834676374353
-3.17718765516014984e-06 0.327239249076652028
-3.1457303516437102e-06 0.327238669275006
-3.11458450657792986e-06 0.327238095214026581
-3.08374703621576995e-06 0.327237526836875792
-3.05321488734235012e-06 0.327236964087275983
-3.02298503697262002e-06 0.32723640690950867
-2.99305449205210001e-06 0.327235855248405649
-2.96342028916050013e-06 0.327235309049346001
-2.93407949421830997e-06 0.327234768258248543
-2.90502920219634984e-06 0.327234232821567272
-2.87626653682807004e-06 0.327233702686289152
-2.84778865032481997e-06 0.327233177799922725
-2.81959272309388009e-06 0.327232658110498564
-2.7916759634592901e-06 0.327232143566559663
-2.76403560738544003e-06 0.327231634117159942
-2.73666891820339982e-06 0.327231129711858137
-2.70957318634000008e-06 0.327230630300711922
-2.68274572904950985e-06 0.327230135834272851
-2.65618389014802989e-06 0.327229646263583807
-2.62988503975051995e-06 0.327229161540169178
-2.60384657401041991e-06 0.327228681616035633
-2.57806591486179986e-06 0.327228206443667513
-2.5525405097641601e-06 0.327227735976013179
-2.52726783144965995e-06 0.327227270166493001
-2.5022453776729301e-06 0.327226808968986371
-2.47747067096330019e-06 0.327226352337826376
-2.4529412583795002e-06 0.327225900227803346
-2.42865471126683006e-06 0.327225452594151422
-2.40460862501667011e-06 0.327225009392550781
-2.38080061882838007e-06 0.327224570579119411
-2.35722833547364985e-06 0.32722413611040696
-2.33388944106302003e-06 0.327223705943397225
-2.31078162481487006e-06 0.327223280035499275
-2.28790259882660002e-06 0.327222858344541623
-2.26525009784811997e-06 0.32722244082877322
-2.24282187905755017e-06 0.327222027446853303
-2.22061572183915017e-06 0.327221618157853666
-2.19862942756352014e-06 0.327221212921248672
-2.1768608193698198e-06 0.32722081169691547
-2.1553077419503201e-06 0.327220414445128394
-2.13396806133695002e-06 0.327220021126552518
-2.11283966469005001e-06 0.32721963170224927
-2.09192046008915989e-06 0.327219246133656549
-2.07120837632589981e-06 0.327218864382602226
-2.05070136269890994e-06 0.327218486411283926
-2.03039738881080018e-06 0.32721811218228114
-2.01029444436713014e-06 0.327217741658540118
-1.99039053897736021e-06 0.327217374803373706
-1.97068370195778006e-06 0.327217011580460848
-1.95117198213640985e-06 0.327216651953837034
-1.93185344765981991e-06 0.327216295887895581
-1.91272618580180004e-06 0.327215943347379523
-1.89378830277405989e-06 0.327215594297386558
-1.87503792353867004e-06 0.327215248703354333
-1.85647319162244998e-06 0.327214906531065608
-1.83809226893311006e-06 0.327214567746642315
-1.81989333557733999e-06 0.327214232316539677
-1.80187458968054004e-06 0.327213900207545483
-1.78403424720844996e-06 0.327213571386779367
-1.76637054179054994e-06 0.327213245821682319
-1.74888172454508993e-06 0.327212923480020512
-1.73156606390602996e-06 0.327212604329878254
-1.71442184545152001e-06 0.327212288339656043
-1.69744737173418004e-06 0.327211975478066519
-1.68064096211305009e-06 0.327211665714133404
-1.66400095258716995e-06 0.327211359017187342
-1.64752569563086996e-06 0.327211055356859848
-1.6312135600305601e-06 0.327210754703086693
-1.61506293072332992e-06 0.327210457026099411
-1.59907220863695994e-06 0.327210162296423468
-1.58323981053163994e-06 0.327209870484879262
-1.56756416884320994e-06 0.327209581562571017
-1.55204373152793007e-06 0.327209295500896558
-1.5366769619088401e-06 0.327209012271528488
-1.52146233852361007e-06 0.327208731846425405
-1.50639835497387004e-06 0.327208454197822685
-1.4914835197761101e-06 0.327208179298228374
-1.47671635621397007e-06 0.327207907120425745
-1.4620954021920501e-06 0.327207637637465465
-1.44761921009113009e-06 0.327207370822665933
-1.43328634662489001e-06 0.327207106649609836
-1.41909539269790995e-06 0.327206845092140208
-1.40504494326525003e-06 0.327206586124359822
-1.39113360719331997e-06 0.327206329720629074
-1.37736000712210003e-06 0.327206075855560719
-1.36372277932881004e-06 0.327205824504018472
-1.35022057359288007e-06 0.327205575641116075
-1.33685205306225998e-06 0.327205329242214737
-1.32361589412105009e-06 0.327205085282915087
-1.31051078625846993e-06 0.327204843739065609
-1.29753543193907002e-06 0.327204604586749159
-1.2846885464743301e-06 0.327204367802287899
-1.27196885789537996e-06 0.327204133362236693
-1.25937510682710996e-06 0.327203901243382667
-1.24690604636347009e-06 0.32720367142274559
-1.23456044194403005e-06 0.327203443877568667
-1.22233707123170993e-06 0.327203218585323197
-1.21023472399179992e-06 0.327202995523702966
-1.19825220197207996e-06 0.327202774670622254
-1.18638831878423007e-06 0.32720255600421394
-1.17464189978636992e-06 0.327202339502828343
-1.16301178196670005e-06 0.327202125145028611
-1.15149681382841992e-06 0.327201912909591441
-1.14009585527566009e-06 0.327201702775503533
-1.12880777750065009e-06 0.327201494721958364
-1.11763146287194005e-06 0.327201288728356188
-1.1065658048236999e-06 0.327201084774302486
-1.09560970774623994e-06 0.327200882839602691
-1.08476208687745994e-06 0.327200682904264295
-1.07402186819550995e-06 0.327200484948490355
-1.06338798831237993e-06 0.327200288952680329
-1.05285939436870009e-06 0.327200094897429683
-1.04243504392940005e-06 0.327199902763525563
-1.03211390488060009e-06 0.327199712531942466
-1.02189495532731992e-06 0.327199524183847124
-1.01177718349240007e-06 0.327199337700592063
-1.0017595876162399e-06 0.327199153063710779
1.0017595876162399e-06 0.327162225808539153
1.01177718349240007e-06 0.327162041172872176
1.02189495532731992e-06 0.327161854690854403
1.03211390488060009e-06 0.327161666344024105
1.04243504392940005e-06 0.327161476113730143
1.05285939436870009e-06 0.327161283981140805
1.06338798831237993e-06 0.327161089927232918
1.07402186819550995e-06 0.327160893932790964
1.08476208687745994e-06 0.327160695978412075
1.09560970774623994e-06 0.327160496044496263
1.1065658048236999e-06 0.327160294111250527
1.11763146287194005e-06 0.327160090158677253
1.12880777750065009e-06 0.327159884166587867
1.14009585527566009e-06 0.327159676114583686
1.15149681382841992e-06 0.327159465982067799
1.16301178196670005e-06 0.327159253748235179
1.17464189978636992e-06 0.327159039392072526
1.18638831878423007e-06 0.327158822892356149
1.19825220197207996e-06 0.327158604227651362
1.21023472399179992e-06 0.327158383376307815
1.22233707123170993e-06 0.327158160316459778
1.23456044194403005e-06 0.327157935026023083
1.24690604636347009e-06 0.32715770748269063
1.25937510682710996e-06 0.327157477663933438
1.27196885789537996e-06 0.327157245547000708
1.2846885464743301e-06 0.327157011108905438
1.29753543193907002e-06 0.327156774326440192
1.31051078625846993e-06 0.327156535176162
1.32361589412105009e-06 0.327156293634390027
1.33685205306225998e-06 0.327156049677210847
1.35022057359288007e-06 0.327155803280472335
1.36372277932881004e-06 0.327155554419775452
1.37736000712210003e-06 0.327155303070483794
1.39113360719331997e-06 0.327155049207710658
1.40504494326525003e-06 0.327154792806321038
1.41909539269790995e-06 0.327154533840930517
1.43328634662489001e-06 0.327154272285897996
1.44761921009113009e-06 0.327154008115326744
1.4620954021920501e-06 0.327153741303063739
1.47671635621397007e-06 0.327153471822689612
1.4914835197761101e-06 0.32715319964752626
1.50639835497387004e-06 0.327152924750624352
1.52146233852361007e-06 0.327152647104765937
1.5366769619088401e-06 0.32715236668246428
1.55204373152793007e-06 0.327152083455953757
1.56756416884320994e-06 0.327151797397192357
1.58323981053163994e-06 0.327151508477859176
1.59907220863695994e-06 0.327151216669347933
1.61506293072332992e-06 0.327150921942766404
1.6312135600305601e-06 0.327150624268934154
1.64752569563086996e-06 0.3271503236183812
1.66400095258716995e-06 0.327150019961338967
1.68064096211305009e-06 0.327149713267742059
1.69744737173418004e-06 0.327149403507226766
1.71442184545152001e-06 0.327149090649123564
1.73156606390602996e-06 0.327148774662458119
1.74888172454508993e-06 0.327148455515943626
1.76637054179054994e-06 0.327148133177983358
1.78403424720844996e-06 0.32714780761666179
1.80187458968054004e-06 0.327147478799746927
1.81989333557733999e-06 0.327147146694681146
1.83809226893311006e-06 0.327146811268585691
1.85647319162244998e-06 0.327146472488250017
1.87503792353867004e-06 0.327146130320132233
1.89378830277405989e-06 0.327145784730353828
1.91272618580180004e-06 0.327145435684700725
1.93185344765981991e-06 0.327145083148612403
1.95117198213640985e-06 0.32714472708718656
1.97068370195778006e-06 0.327144367465169228
1.99039053897736021e-06 0.327144004246954334
2.01029444436713014e-06 0.327143637396583253
2.03039738881080018e-06 0.327143266877731542
2.05070136269890994e-06 0.327142892653716932
2.07120837632589981e-06 0.327142514687488839
2.09192046008915989e-06 0.327142132941622921
2.11283966469005001e-06 0.327141747378326075
2.13396806133695002e-06 0.32714135795942284
2.1553077419503201e-06 0.327140964646358556
2.1768608193698198e-06 0.327140567400193039
2.19862942756352014e-06 0.327140166181593584
2.22061572183915017e-06 0.32713976095083741
2.24282187905755017e-06 0.327139351667804057
2.26525009784811997e-06 0.327138938291971271
2.28790259882660002e-06 0.327138520782412234
2.31078162481487006e-06 0.327138099097788015
2.33388944106302003e-06 0.327137673196350232
2.35722833547364985e-06 0.327137243035932779
2.38080061882838007e-06 0.327136808573944338
2.40460862501667011e-06 0.327136369767370927
2.42865471126683006e-06 0.327135926572767077
2.4529412583795002e-06 0.327135478946252056
2.47747067096330019e-06 0.327135026843509646
2.5022453776729301e-06 0.327134570219777432
2.52726783144965995e-06 0.327134109029844966
2.5525405097641601e-06 0.327133643228053661
2.57806591486179986e-06 0.327133172768283853
2.60384657401041991e-06 0.327132697603956413
2.62988503975051995e-06 0.327132217688028137
2.65618389014802989e-06 0.327131732972982148
2.68274572904950985e-06 0.327131243410829831
2.70957318634000008e-06 0.32713074895309957
2.73666891820339982e-06 0.327130249550837249
2.76403560738544003e-06 0.327129745154597751
2.7916759634592901e-06 0.327129235714442912
2.81959272309388009e-06 0.327128721179933524
2.84778865032481997e-06 0.327128201500128502
2.87626653682807004e-06 0.32712767662357467
2.90502920219634984e-06 0.327127146498307653
2.93407949421830997e-06 0.327126611071837992
2.96342028916050013e-06 0.327126070291157645
2.99305449205210001e-06 0.327125524102723053
3.02298503697262002e-06 0.327124972452459972
3.05321488734235012e-06 0.327124415285749481
3.08374703621576995e-06 0.327123852547430094
3.11458450657792986e-06 0.327123284181786378
3.1457303516437102e-06 0.327122710132544847
3.17718765516014984e-06 0.32712213034287152
3.20895953171174988e-06 0.327121544755363591
3.24104912702886983e-06 0.327120953312044882
3.27345961829914994e-06 0.327120355954357012
3.30619421448214997e-06 0.327119752623157511
3.33925615662697012e-06 0.327119143258714606
3.37264871819324e-06 0.327118527800695447
3.4063752053751698e-06 0.327117906188165219
3.44043895742892e-06 0.32711727835958293
3.4748433470032098e-06 0.327116644252786137
3.50959178047323992e-06 0.327116003804996447
3.54468769827797988e-06 0.327115356952805192
3.58013457526075993e-06 0.327114703632168602
3.61593592101335998e-06 0.327114043778405639
3.6520952802235002e-06 0.327113377326184895
3.68861623302572995e-06 0.327112704209525429
3.7255023953559898e-06 0.327112024361782217
3.7627574193095499e-06 0.327111337715646711
3.8003849935026401e-06 0.327110644203138512
3.83838884343767022e-06 0.327109943755593324
3.87677273187205024e-06 0.327109236303665618
3.91554045919076998e-06 0.327108521777310368
3.95469586378267998e-06 0.32710780010578594
3.99424282242049969e-06 0.327107071217644152
4.03418525064470973e-06 0.327106335040718732
4.07452710315114993e-06 0.327105591502125315
4.1152723741826696e-06 0.327104840528248786
4.15642509792449031e-06 0.327104082044736844
4.1979893489037403e-06 0.327103315976499054
4.23996924239277011e-06 0.327102542247687145
4.28236893481669989e-06 0.327101760781699502
4.32519262416486992e-06 0.327100971501164628
4.36844455040652034e-06 0.32710017432794003
4.4121289959105798e-06 0.327099369183102728
4.45625028586969021e-06 0.327098555986938155
4.50081278872839029e-06 0.327097734658934658
4.54582091661566994e-06 0.327096905117776116
4.59127912578183001e-06 0.327096067281335667
4.63719191703965009e-06 0.327095221066662112
4.68356383621003964e-06 0.3270943663899748
4.73039947457214032e-06 0.327093503166656863
4.77770346931785991e-06 0.327092631311245108
4.8254805040110396e-06 0.327091750737423359
4.8737353090511503e-06 0.327090861358006191
4.92247266214166036e-06 0.327089963084943924
4.97169738876307973e-06 0.327089055829300812
5.02141436265071031e-06 0.32708813950125698
5.07162850627722005e-06 0.327087214010090221
5.12234479133999015e-06 0.327086279264170943
5.17356823925339032e-06 0.327085335170956448
5.22530392164593029e-06 0.327084381636977783
5.27755696086239032e-06 0.327083418567829298
5.33033253047101011e-06 0.327082445868163596
5.38363585577572013e-06 0.327081463441679376
5.43747221433347966e-06 0.327080471191111055
5.49184693647680976e-06 0.327079469018222491
5.54676540584158034e-06 0.327078456823794494
5.6022330598999997e-06 0.327077434507614118
5.65825539049899967e-06 0.327076401968468156
5.71483794440399015e-06 0.327075359104132768
5.77198632384803034e-06 0.327074305811359045
5.82970618708650997e-06 0.327073241985864904
5.88800324895737013e-06 0.327072167522331037
5.94688328144693989e-06 0.327071082314379202
6.00635211426140997e-06 0.327069986254569456
6.06641563540402976e-06 0.327068879234389376
6.12707979175807016e-06 0.327067761144237967
6.18835058967565036e-06 0.327066631873422553
6.25023409557241005e-06 0.32706549131013879
6.3127364365281303e-06 0.327064339341469779
6.3758638008934099e-06 0.327063175853362698
6.43962243890234972e-06 0.327062000730632907
6.50401866329137038e-06 0.327060813856937693
6.56905884992428028e-06 0.327059615114772606
6.63474943842353019e-06 0.327058404385458246
6.70109693280775982e-06 0.327057181549128106
6.76810790213584007e-06 0.327055946484718418
6.83578898115720042e-06 0.327054699069954713
6.90414687096876987e-06 0.327053439181340333
6.97318833967846042e-06 0.327052166694140389
7.04292022307524038e-06 0.327050881482375766
7.11334942530600015e-06 0.327049583418809353
7.18448291955906035e-06 0.327048272374927451
7.25632774875465019e-06 0.327046948220934441
7.32889102624219011e-06 0.327045610825737132
7.40217993650460982e-06 0.327044260056928104
7.4762017358696603e-06 0.327042895780778886
7.55096375322836041e-06 0.327041517862223907
7.62647339076063981e-06 0.327040126164846012
7.70273812466824947e-06 0.327038720550865469
7.77976550591492957e-06 0.327037300881122039
7.85756316097407956e-06 0.327035867015067816
7.93613879258382024e-06 0.327034418810747685
8.0155001805096597e-06 0.327032956124784946
8.0956551823147495e-06 0.327031478812374155
8.17661173413789971e-06 0.327029986727257083
8.25837785147927984e-06 0.32702847972171778
8.34096162999407013e-06 0.327026957646557537
8.42437124629401049e-06 0.327025420351092388
8.50861495875695056e-06 0.327023867683126745
8.59370110834451941e-06 0.327022299488946289
8.67963811942797079e-06 0.327020715613297985
8.76643450062224971e-06 0.3270191158993766
8.85409884562847008e-06 0.327017500188808596
8.94263983408475075e-06 0.327015868321640368
9.03206623242559996e-06 0.32701422013631376
9.12238689474985984e-06 0.327012555469660682
9.21361076369734989e-06 0.327010874156875353
9.30574687133432982e-06 0.327009176031510362
9.39880434004766994e-06 0.327007460925449855
9.49279238344815072e-06 0.327005728668899154
9.58772030728262926e-06 0.32700397909036516
9.68359751035546033e-06 0.32700221201664037
9.7804334854590095e-06 0.327000427272784999
9.87823782031360051e-06 0.326998624682110384
9.97702019851673937e-06 0.326996804066161217
1.00767904005018998e-05 0.326994965244696234
1.01775583045069002e-05 0.326993108035677604
1.02793338875520001e-05 0.326991232255241182
1.03821272264274996e-05 0.326989337717687123
1.04859484986918e-05 0.326987424235457846
1.05908079836787005e-05 0.32698549161912116
1.06967160635155e-05 0.326983539677353885
1.08036832241505996e-05 0.326981568216913876
1.09117200563921999e-05 0.326979577042630865
1.10208372569561003e-05 0.326977565957382033
1.11310456295256001e-05 0.326975534762075859
1.12423560858208994e-05 0.32697348325562603
1.13547796466791004e-05 0.326971411234939557
1.14683274431459002e-05 0.326969318494890859
1.15830107175774e-05 0.326967204828303493
1.16988408247531008e-05 0.326965070025932114
1.18158292330007006e-05 0.326962913876435113
1.19339875253307003e-05 0.326960736166360233
1.20533274005839993e-05 0.32695853668012409
1.21738606745897999e-05 0.326956315199980252
1.22955992813357002e-05 0.3269540715060128
1.24185552741491e-05 0.326951805376103466
1.25427408268906008e-05 0.326949516585912592
1.26681682351594999e-05 0.326947204908860867
1.27948499175111001e-05 0.326944870116100239
1.29227984166862004e-05 0.326942511976496153
1.30520264008530001e-05 0.326940130256602624
1.31825466648616005e-05 0.326937724720640532
1.33143721315102007e-05 0.326935295130472092
1.34475158528252997e-05 0.326932841245582972
1.35819910113534993e-05 0.326930362823046716
1.37178109214670992e-05 0.326927859617514305
1.38549890306817003e-05 0.326925331381180462
1.39935389209885998e-05 0.326922777863765723
1.41334743101984002e-05 0.32692019881248463
1.42748090533003992e-05 0.326917593972028131
1.44175571438334007e-05 0.326914963084530497
1.45617327152717994e-05 0.326912305889549504
1.47073500424244997e-05 0.326909622124043009
1.48544235428487004e-05 0.326906911522334198
1.50029677782772008e-05 0.326904173816092325
1.51529974560600001e-05 0.326901408734303178
1.53045274306205994e-05 0.326898616003241826
1.54575727049268015e-05 0.326895795346451967
1.56121484319761005e-05 0.326892946484706293
1.57682699162957983e-05 0.326890069135991668
1.59259526154587999e-05 0.326887163015473936
1.60852121416134014e-05 0.326884227835468166
1.62460642630294986e-05 0.326881263305419056
1.64085249056598003e-05 0.326878269131860966
1.65726101547164007e-05 0.326875245018398486
1.67383362562636014e-05 0.326872190665672246
1.69057196188261997e-05 0.32686910577132694
1.7074776815014501e-05 0.326865990029989062
1.72455245831646016e-05 0.326862843133230552
1.74179798289962014e-05 0.32685966476953926
1.7592159627286199e-05 0.326856454624287529
1.77680812235591014e-05 0.326853212379707936
1.79457620357947005e-05 0.32684993771484927
1.81252196561526013e-05 0.326846630305556329
1.83064718527141012e-05 0.326843289824432226
1.84895365712413014e-05 0.326839915940807246
1.86744319369537008e-05 0.326836508320705543
1.88611762563232009e-05 0.326833066626812607
1.90497880188864993e-05 0.326829590518442792
1.92402858990753004e-05 0.326826079651504287
1.94326887580661003e-05 0.326822533678464922
1.96270156456467014e-05 0.326818952248319028
1.98232858021031986e-05 0.326815335006551133
2.00215186601242013e-05 0.326811681595104764
2.02217338467255015e-05 0.326807991652339869
2.04239511851927007e-05 0.326804264813005674
2.06281906970446994e-05 0.326800500708195441
2.08344726040151004e-05 0.326796698965319765
2.10428173300552997e-05 0.326792859208059339
2.12532455033557984e-05 0.326788981056339078
2.14657779583894016e-05 0.326785064126281
2.16804357379733005e-05 0.326781108030169132
2.18972400953529997e-05 0.326777112376413381
2.21162124963065003e-05 0.326773076769510673
2.23373746212695995e-05 0.326769000810000321
2.25607483674823002e-05 0.326764884094434105
2.27863558511570993e-05 0.326760726215326092
2.30142194096687006e-05 0.326756526761119381
2.32443616037654005e-05 0.32675228531614281
2.34768052198029989e-05 0.326748001460572701
2.37115732720010983e-05 0.326743674770384906
2.39486890047211006e-05 0.326739304817319443
2.41881758947683003e-05 0.326734891168834363
2.44300576537160009e-05 0.326730433388066344
2.46743582302531001e-05 0.326725931033783223
2.49211018125557014e-05 0.326721383660342701
2.51703128306812012e-05 0.326716790817650204
2.54220159589880016e-05 0.326712152051110205
2.56762361185778991e-05 0.326707466901583476
2.59329984797637017e-05 0.326702734905343684
2.61923284645613015e-05 0.32669795559402881
2.64542517492069008e-05 0.326693128494593199
2.67187942666989987e-05 0.326688253129265416
2.69859822093659985e-05 0.326683329015498514
2.72558420314597006e-05 0.326678355665922515
2.75284004517743014e-05 0.32667333258829595
2.78036844562919992e-05 0.326668259285457285
2.80817213008549016e-05 0.326663135255279125
2.83625385138635003e-05 0.326657959990609092
2.86461638990021005e-05 0.32665273297923253
2.89326255379920987e-05 0.326647453703813651
2.92219517933721006e-05 0.326642121641842642
2.9514171311305801e-05 0.326636736265594918
2.98093130244187994e-05 0.326631297042063728
3.01074061546630007e-05 0.326625803432921524
3.04084802162097005e-05 0.326620254894456841
3.07125650183717979e-05 0.326614650877528723
3.10196906685554987e-05 0.326608990827501833
3.1329887575240997e-05 0.326603274184204595
3.16431864509933997e-05 0.326597500381863692
3.19596183155034021e-05 0.326591668849051109
3.22792144986583986e-05 0.326585779008631061
3.26020066436450023e-05 0.326579830277697492
3.29280267100813992e-05 0.326573822067521169
3.32573069771822978e-05 0.326567753783489567
3.35898800469540995e-05 0.326561624825047525
3.39257788474235983e-05 0.326555434585636517
3.42650366358978996e-05 0.326549182452640863
3.46076870022568025e-05 0.326542867807321169
3.49537638722793973e-05 0.326536490024753656
3.53033015110021977e-05 0.326530048473771595
3.56563345261122001e-05 0.326523542516901522
3.60128978713733001e-05 0.326516971510298293
3.63730268500871007e-05 0.326510334803686741
3.67367571185878985e-05 0.326503631740291012
3.71041246897738013e-05 0.326496861656773885
3.74751659366715989e-05 0.326490023883169111
3.78499175960382992e-05 0.326483117742817464
3.82284167719987015e-05 0.326476142552297954
3.86107009397185986e-05 0.326469097621362003
3.89968079491157977e-05 0.326461982252863658
3.9386776028607001e-05 0.326454795742691539
3.97806437888931013e-05 0.326447537379699115
4.01784502267819974e-05 0.326440206445634873
4.0580234729049797e-05 0.326432802215072815
4.09860370763402994e-05 0.326425323955336522
4.13958974471036981e-05 0.326417770926431317
4.1809856421574702e-05 0.326410142380970214
4.22279549857905003e-05 0.326402437564097925
4.26502345356484028e-05 0.326394655713417359
4.30767368810049033e-05 0.326386796058916795
4.35075042498148993e-05 0.326378857822890833
4.39425792923131005e-05 0.326370840219866121
4.4382005085236197e-05 0.326362742456521471
4.4825825136088598e-05 0.326354563731609926
4.52740833874495e-05 0.326346303235882707
4.57268242213239998e-05 0.326337960152006223
4.61840924635371967e-05 0.326329533654480641
4.66459333881725978e-05 0.326321022909564884
4.71123927220542976e-05 0.326312427075181988
4.75835166492748028e-05 0.326303745300852044
4.80593518157676011e-05 0.326294976727593722
4.85399453339252997e-05 0.326286120487850106
4.90253447872645001e-05 0.326277175705398048
4.95155982351371985e-05 0.326268141495261066
5.00107542174885026e-05 0.326259016963623305
5.05108617596634006e-05 0.326249801207744494
5.10159703772600979e-05 0.326240493315866298
5.15261300810326977e-05 0.326231092367123832
5.20413913818430031e-05 0.326221597431459731
5.25618052956613996e-05 0.326212007569521345
5.30874233486179975e-05 0.326202321832578634
5.36182975821042023e-05 0.326192539262427972
5.41544805579252032e-05 0.32618265889129533
5.46960253635045022e-05 0.326172679741742522
5.52429856171395031e-05 0.326162600826570448
5.57954154733108967e-05 0.326152421148722726
5.63533696280440002e-05 0.326142139701186717
5.69169033243245028e-05 0.326131755466893047
5.74860723575677031e-05 0.326121267418620131
5.80609330811434002e-05 0.326110674518884147
5.86415424119547982e-05 0.326099975719849
5.92279578360743994e-05 0.326089169963212744
5.98202374144351029e-05 0.326078256180105552
6.04184397885794991e-05 0.326067233290989689
6.10226241864652975e-05 0.326056100205548371
6.16328504283298982e-05 0.326044855822578694
6.2249178932613199e-05 0.326033499029884488
6.28716707219394025e-05 0.3260220287041668
6.35003874291587944e-05 0.32601044371091592
6.41353913034503983e-05 0.325998742904291039
6.47767452164849068e-05 0.325986925127016547
6.54245126686496954e-05 0.325974989210266852
6.60787577953362063e-05 0.325962933973547087
6.67395453732896052e-05 0.325950758224579362
6.74069408270225014e-05 0.325938460759186532
6.80810102352927033e-05 0.32592604036117262
6.87618203376456059e-05 0.325913495802202191
6.94494385410221053e-05 0.325900825841682673
7.01439329264322964e-05 0.325888029226640064
7.08453722556965949e-05 0.325875104691595308
7.15538259782536051e-05 0.32586205095844023
7.22693642380361036e-05 0.325848866736314691
7.29920578804165056e-05 0.325835550721475464
7.37219784592207044e-05 0.325822101597171121
7.44591982438128991e-05 0.325808518033511241
7.52037902262510036e-05 0.325794798687336462
7.59558281285135044e-05 0.325780942202086032
7.67153864097985946e-05 0.325766947207666691
7.74825402738965992e-05 0.325752812320311558
7.82573656766355984e-05 0.325738536142453572
7.90399393334019956e-05 0.325724117262583879
7.98303387267360043e-05 0.325709554255109224
8.0628642114003395e-05 0.325694845680218725
8.14349285351433934e-05 0.325679990083738213
8.22492778204948045e-05 0.325664985996993228
8.30717705986998051e-05 0.325649831936653866
8.39024883046868031e-05 0.32563452640460272
8.47415131877335946e-05 0.325619067887777391
8.55889283196109959e-05 0.325603454858026886
8.64448176028071e-05 0.325587685771963176
8.73092657788352062e-05 0.325571759070804267
8.81823584366234984e-05 0.325555673180229377
8.90641820209896976e-05 0.325539426510217278
8.99548238411996051e-05 0.325523017454892982
9.08543720796115955e-05 0.325506444392372252
9.17629158004076964e-05 0.325489705684600561
9.26805449584117982e-05 0.325472799677196334
9.36073504079959002e-05 0.325455724699280802
9.45434239120758989e-05 0.325438479063324571
9.54888581511966058e-05 0.325421061064976036
9.64437467327085974e-05 0.325403468982893462
9.74081842000357038e-05 0.325385701078584555
9.83822660420361058e-05 0.325367755596226826
9.93660887024564013e-05 0.325349630762503006
0.000100359749589481 0.32533132478642357
0.000101363347085375996 0.325312835859150939
0.00010237698055623 0.325294162153829169
0.000103400750361791995 0.325275301825395158
0.000104434757865410005 0.325256253010410945
0.000105479105444064 0.325237013826868537
0.000106533896498504994 0.325217582374016601
0.000107599235463489999 0.325197956732169668
0.000108675227818123997 0.325178134962519738
0.000109761980096306002 0.325158115106952472
0.000110859599897269003 0.325137895187849801
0.000111968195896240997 0.325117473207902186
0.000113087877855203999 0.325096847149913049
0.000114218756633755998 0.325076014976595495
0.000115360944200092996 0.325054974630384519
0.000116514553642094006 0.325033724033227611
0.000117679699178514994 0.325012261086386811
0.000118856496170299998 0.324990583670233146
0.000120045061132003004 0.324968689644042796
0.000121245511743323995 0.324946576845780599
0.000122457966860757008 0.324924243091900378
0.000123682546529363987 0.324901686177125171
0.000124919371994658006 0.324878903874236735
0.000126168565714605005 0.324855893933853446
0.000127430251371750988 0.324832654084221073
0.000128704553885468001 0.324809182030981525
0.000129991599424323013 0.324785475456957407
0.000131291515418565996 0.324761532021927035
0.000132604430572751992 0.32473734936238613
0.000133930474878479001 0.324712925091337812
0.000135269779627263987 0.324688256798043973
0.000136622477423536991 0.324663342047799064
0.00013798870219777201 0.324638178381692621
0.000139368589219749988 0.324612763316373232
0.000140762275111947009 0.324587094343803506
0.000142169897863067004 0.324561168931020605
0.000143591596841697011 0.324534984519889991
0.000145027512810113999 0.324508538526858958
0.000146477787938216003 0.324481828342704171
0.00014794256581759799 0.324454851332281413
0.000149421991475773991 0.324427604834271854
0.000150916211390530992 0.324400086160921586
0.000152425373504436992 0.324372292597784606
0.000153949627239480989 0.324344221403460864
0.000155489123511875994 0.324315869809330859
0.000157044014746995003 0.324287235019286857
0.000158614454894464988 0.324258314209469378
0.000160200599443408991 0.324229104527985312
0.000161802605437842988 0.324199603094643185
0.000163420631492221989 0.324169807000670274
0.000165054837807144009 0.324139713308434663
0.000166705386185215002 0.324109319051160472
0.000168372440047068005 0.324078621232642083
0.000170056164447537997 0.324047616826966089
0.000171756726092014002 0.324016302778202203
0.000173474293352933999 0.323984676000128702
0.000175209036286462993 0.323952733375923396
0.00017696112664932799 0.323920471757871031
0.000178730737915820995 0.323887887967062749
0.000180518045294979012 0.323854978793084114
0.000182323225747928999 0.323821740993713858
0.000184146458005408009 0.323788171294613458
0.000185987922585461999 0.323754266389010725
0.000187847801811316987 0.323720022937389662
0.000189726279829430006 0.323685437567162726
0.000191623542627725012 0.323650506872356525
0.000193539778054002009 0.323615227413282747
0.000195475175834541989 0.323579595716212309
0.000197429927592886992 0.323543608273043626
0.000199404226868816001 0.323507261540966817
0.000201398269137503989 0.323470551942131368
0.000203412251828878995 0.323433475863298348
0.000205446374347168008 0.323396029655504069
0.000207500838090639994 0.323358209633711147
0.000209575846471545999 0.323320012076456997
0.000211671604936261999 0.323281433225501735
0.000213788320985624006 0.32324246928547401
0.000215926204195480991 0.323203116423509906
0.000218085466237434995 0.323163370768887515
0.000220266320899810002 0.323123228412669439
0.000222468984108808006 0.323082685407321213
0.000224693673949896011 0.323041737766349035
0.000226940610689394987 0.323000381463918351
0.000229210016796289006 0.322958612434476378
0.000231502116964251998 0.322916426572365578
0.000233817138133894013 0.322873819731445744
0.000236155309515232988 0.322830787724691537
0.000238516862610385009 0.322787326323811019
0.000240902031236488987 0.322743431258841196
0.000243311051548853987 0.322699098217749503
0.000245744162064343008 0.322654322846032127
0.000248201603684985984 0.322609100746302391
0.000250683619721835994 0.322563427477880804
0.000253190455919054009 0.322517298556382448
0.000255722360478245021 0.322470709453293425
0.000258279584083026992 0.322423655595555469
0.000260862379923857996 0.322376132365131463
0.000263471003723095981 0.322328135098579438
0.00026610571376032698 0.322279659086623205
0.000268766770897929999 0.322230699573705814
0.000271454438606909981 0.32218125175755491
0.000274168982992978988 0.322131310788737191
0.00027691067282290899 0.322080871770201282
0.000279679779551138014 0.32202992975683975
0.000282476577346648988 0.321978479755014979
0.00028530134312011599 0.321926516722111311
0.000288154356551317001 0.321874035566062588
0.000291035900116830011 0.32182103114488575
0.000293946259117998008 0.321767498266206486
0.000296885721709177976 0.321713431686786733
0.000299854578926269993 0.321658826112036167
0.000302853124715532994 0.321603676195530652
0.000305881655962688011 0.321547976538523517
0.000308940472522315011 0.321491721689449006
0.000312029877247537975 0.321434906143428401
0.000315150176020013984 0.321377524341761034
0.000318301677780214007 0.321319570671425747
0.000321484694558016001 0.321261039464565523
0.000324699541503595994 0.321201924997973232
0.000327946536918632026 0.321142221492570712
0.000331226002287817996 0.321081923112889689
0.000334538262310696982 0.321021023966539532
0.000337883644933803008 0.320959518103672958
0.000341262481383142007 0.32089739951645585
0.000344675106196972998 0.320834662138520021
0.000348121857258942987 0.320771299844418545
0.000351603075831532 0.320707306449078078
0.000355119106589847015 0.320642675707238312
0.000358670297655745978 0.320577401312896804
0.000362257000632303019 0.320511476898745484
0.000365879570638625977 0.320444896035596061
0.000369538366345013012 0.320377652231818133
0.000373233750008462992 0.320309738932744614
0.000376966087508547021 0.320241149520101409
0.000380735748383632998 0.320171877311419939
0.000384543105867468974 0.320101915559436012
0.00038838853692614399 0.320031257451501072
0.000392272422295405012 0.319959896108975517
0.00039619514651836001 0.3198878245866279
0.000400157097983542989 0.319815035872012987
0.000404158668963378997 0.319741522884867735
0.000408200255653012 0.319667278476482131
0.000412282258209541999 0.319592295429074469
0.000416405080791637983 0.319516566455160411
0.000420569131599553986 0.319440084196919383
0.000424774822915549989 0.319362841225550531
0.000429022571144704976 0.319284830040625911
0.000433312796856152014 0.31920604306943956
0.000437645924824714005 0.319126472666356686
0.00044202238407296102 0.319046111112144648
0.000446442607913690977 0.318964950613308151
0.000450907033992827987 0.31888298330142395
0.000455416104332756022 0.318800201232452507
0.000459970265376083009 0.318716596386066808
0.000464569968029844018 0.318632160664958586
0.000469215667710143022 0.318546885894145482
0.00047390782438724399 0.318460763820277049
0.000478646902631116983 0.318373786110926926
0.000483433371657427996 0.318285944353888184
0.000488267705374002012 0.318197230056454894
0.00049315038242774196 0.31810763464470404
0.00049808188625201995 0.318017149462774373
0.000503062705114539974 0.317925765772127
0.000508093332165684974 0.317833474750817746
0.000513174265487341993 0.317740267492748696
0.000518306008142215046 0.317646135006927011
0.000523489068223636947 0.317551068216707366
0.000528723958905874016 0.317455057959032561
0.000534011198494932981 0.317358094983672623
0.000539351310479882018 0.3172601699524491
0.000544744823584681031 0.317161273438465841
0.000550192271820528021 0.317061395925321399
0.000555694194538733019 0.316960527806319781
0.000561251136484120037 0.316858659383683183
0.000566863647848961025 0.316755780867745418
0.00057253228432745096 0.316651882376146554
0.000578257607170726013 0.316546953933025343
0.000584040183242433026 0.316440985468194713
0.000589880585074857035 0.316333966816319867
0.000595779390925605962 0.316225887716088894
0.000601737184834862018 0.31611673780936933
0.000607754556683210009 0.316006506640370555
0.000613832102250042987 0.31589518365479069
0.000619970423272542953 0.315782758198959068
0.000626170127505267958 0.315669219518970978
0.000632431828780320986 0.315554556759820748
0.000638756147068124044 0.315438758964523114
0.000645143708538805033 0.315321815073227596
0.000651595145624193949 0.315203713922325823
0.000658111097080435014 0.31508444424355958
0.000664692208051240012 0.314963994663108315
0.000671339130131752017 0.314842353700678979
0.000678052521433069959 0.314719509768584038
0.000684833046647399953 0.314595451170817497
0.000691681377113875047 0.314470166102116477
0.000698598190885013019 0.314343642647015642
0.000705584172793862971 0.314215868778901453
0.000712640014521802008 0.31408683235904894
0.000719766414667019952 0.313956521135655031
0.000726964078813690032 0.313824922742864498
0.000734233719601826954 0.313692024699784799
0.000741576056797845049 0.313557814409489322
0.000748991817365823962 0.313422279158022565
0.000756481735539482007 0.31328540611338801
0.000764046552894877013 0.313147182324522377
0.000771687018423826009 0.31300759472027323
0.000779403888608063995 0.31286663010835708
0.000787197927494144968 0.312724275174313227
0.000795069906769085952 0.31258051648044366
0.000803020605836777005 0.312435340464740918
0.000811050811895144982 0.312288733439819388
0.000819161320014095951 0.312140681591814184
0.000827352933214236955 0.311991170979289245
0.000835626462546380008 0.311840187532118396
0.000843982727171842988 0.311687717050366242
0.000852422554443561949 0.311533745203155021
0.000860946779987996954 0.311378257527513302
0.000869556247787877951 0.311221239427216467
0.000878251810265755998 0.311062676171619035
0.000887034328368414035 0.3109025528944665
0.000895904671652097973 0.310740854592693516
0.000904863718368619039 0.310577566125219195
0.000913912355552304952 0.310412672211713814
0.000923051479107827992 0.310246157431361358
0.000932281993898907051 0.31007800622160353
0.00094160481383789602 0.309908202876865657
0.000951020861976274983 0.309736731547274546
0.000960531070596036974 0.309563576237348037
0.000970136381301998029 0.309388720804685935
0.000979837745115017976 0.309212148958618427
0.000989636122566168053 0.309033844258867207
0.000999532483791829972 0.308853790114155813
0.00100952780862975005 0.308671969780833444
0.00101962308671605002 0.308488366361453881
0.00102981931758320991 0.308302962803345626
0.00104011751075904 0.308115741897164508
0.00105051868586663005 0.307926686275418748
0.00106102387272528995 0.307735778410974603
0.00107163411145255001 0.307543000615537521
0.00108235045256706991 0.307348335038119369
0.00109317395709273993 0.307151763663468413
0.00110410569666367009 0.306953268310485305
0.00111514675363031009 0.30675283063061054
0.00112629822116660995 0.306550432106184045
0.00113756120337827997 0.306346054048779959
0.00114893681541206006 0.306139677597521198
0.00116042618356618004 0.305931283717346736
0.0011720304454018401 0.305720853197275932
0.00118375074985586004 0.305508366648616914
0.00119558825735441993 0.305293804503167565
0.00120754413992795991 0.305077147011369176
0.00121961958132723995 0.304858374240430996
0.00123181577714051994 0.30463746607243225
0.00124413393491191993 0.304414402202374867
0.0012565752742610401 0.304189162136206059
0.00126914102700365007 0.303961725188818033
0.00128183243727369002 0.303732070481989136
0.00129465076164642003 0.303500176942302635
0.00130759726926288995 0.303266023299026743
0.00132067324195551993 0.303029588081943746
0.00133387997437507005 0.30279084961915026
0.0013472187741188199 0.302549786034811918
0.00136069096186000995 0.302306375246875259
0.00137429787147861 0.302060594964736362
0.00138804085019339995 0.301812422686868309
0.0014019212586953299 0.301561835698394898
0.00141594047128227999 0.301308811068634441
0.00143009987599511 0.301053325648577619
0.00144440087475506003 0.300795356068334463
0.00145884488350260999 0.300534878734520672
0.00147343333233763995 0.300271869827601678
0.00148816766566100991 0.300006305299185871
0.00150304934231762 0.299738160869263581
0.0015180798357408 0.299467412023395996
0.00153326063409820997 0.299194034009859555
0.00154859324043919006 0.29891800183672107
0.00156407917284358006 0.29863929026887992
0.00157971996457201996 0.298357873825042919
0.00159551716421773996 0.298073726774645997
0.00161147233585991006 0.297786823134728817
0.00162758705921851009 0.297497136666748874
0.00164386292981070006 0.297204640873348302
0.00166030155910880991 0.296909308995057242
0.00167690457469989 0.296611114006946897
0.00169367362044688997 0.296310028615231036
0.00171061035665135992 0.296006025253812088
0.00172771646021786991 0.295699076080773837
0.0017449936248200501 0.295389152974821823
0.00176244356106825006 0.295076227531672508
0.00178006799667894009 0.294760271060396206
0.00179786867664573011 0.294441254579702549
0.0018158473634121799 0.294119148814184161
0.00183400583704629999 0.293793924190518696
0.00185234589541677006 0.293465550833615529
0.00187086935437093997 0.293133998562732589
0.00188957804791464994 0.292799236887547276
0.00190847382839378992 0.292461235004194409
0.00192755856667772992 0.292119961791264315
0.00194683415234450999 0.291775385805788767
0.00196630249386795007 0.291427475279174841
0.00198596551880663016 0.291076198113139617
0.00200582517399469987 0.290721521875620115
0.00202588342573463984 0.290363413796666081
0.0020461422599919901 0.290001840764332386
0.00206660368259190983 0.289636769320569198
0.0020872697194178301 0.289268165657115273
0.00210814241661201 0.288895995611408385
0.00212922384077812981 0.288520224662510316
0.00215051607918590989 0.288140817927063919
0.00217202123997776997 0.287757740155285213
0.00219374145237754984 0.287370955726999167
0.00221567886690131983 0.286980428647734764
0.00223783565557033985 0.286586122544886135
0.00226021401212604016 0.286188000663950226
0.00228281615224729985 0.285786025864851356
0.00230564431376977007 0.285380160618376788
0.00232870075690746981 0.284970367002718716
0.00235198776447654006 0.284556606700158532
0.00237550764212130991 0.284138840993887476
0.00239926271854251985 0.283717030764999878
0.0024232553457279502 0.283291136489658923
0.00244748789918523011 0.282861118236471087
0.00247196277817707992 0.282426935664073619
0.00249668240595884994 0.281988548018963558
0.00252164923001844 0.281545914133594699
0.00254686572231862 0.281098992424748229
0.00257233437954181021 0.280647740892229436
0.00259805772333722993 0.280192117117886053
0.00262403830057060007 0.279732078265002515
0.00265027868357630998 0.279267581078077753
0.00267678147041207001 0.278798581883030583
0.00270354928511619018 0.278325036587857289
0.00273058477796735014 0.277846900683779596
0.00275789062574702997 0.277364129246912838
0.00278546953200449997 0.276876676940497168
0.00281332422732454013 0.27638449801772319
0.00284145746959778983 0.275887546325200295
0.00286987204429375994 0.275385775307103675
0.0028985707647366998 0.274879138010043045
0.00292755647238406979 0.274367587088708897
0.00295683203710791001 0.273851074812334616
0.00298640035747899015 0.273329553072024056
0.00301626436105378003 0.27280297338900128
0.00304642700466432013 0.272271286923842393
0.00307689127471096014 0.271734444486722293
0.00310766018745806984 0.271192396548770753
0.00313873678933265007 0.270645093254561209
0.00317012415722597992 0.270092484435821234
0.00320182539879823981 0.269534519626417224
0.00323384365278622018 0.268971148078682609
0.00326618208931407986 0.268402318781158666
0.00329884391020722001 0.267827980477819805
0.00333183234930929011 0.26724808168885511
0.0033651506728023901 0.266662570733083637
0.00339880217953040988 0.266071395752067452
0.00343279020132571978 0.265474504736029515
0.00346711810333897013 0.264871845551619856
0.0035017892843723598 0.264263365971641184
0.00353680717721609021 0.263649013706802327
0.00357217524898825007 0.263028736439584798
0.00360789700147812979 0.262402481860315007
0.00364397597149290981 0.261770197705516794
0.00368041573120784019 0.261131831798636638
0.00371721988851991987 0.260487332093233381
0.00375439208740512009 0.259836646718701325
0.00379193600827916998 0.259179724028635483
0.00382985536836195992 0.258516512651901065
0.00386815392204558012 0.257846961546504938
0.00390683546126602971 0.257171020056350286
0.00394590381587870027 0.256488637970939626
0.00398536285403747973 0.255799765588120287
0.00402521648257786035 0.255104353779936122
0.00406546864740364028 0.254402354061649794
0.00410612333387767002 0.253693718664007029
0.00414718456721644996 0.252978400608803611
0.00418865641288861026 0.252256353787792487
0.00423054297701750022 0.251527533044996088
0.00427284840678766962 0.250791894262439474
0.00431557689085554971 0.250049394449359585
0.00435873265976411024 0.249299991834879331
0.00440231998636175011 0.248543645964179521
0.00444634318622535996 0.247780317798156291
0.00449080661808762011 0.247009969816546077
0.00453571468426848968 0.246232566124496177
0.00458107183111117981 0.245448072562531316
0.00462688254942229035 0.244656456819869333
0.00467315137491650968 0.243857688550991797
0.00471988288866568 0.243051739495401847
0.00476708171755233986 0.242238583600440649
0.00481475253472786035 0.241418197147041019
0.00486290006007514004 0.240590558878267469
0.00491152906067589008 0.239755650130472314
0.00496064435128264983 0.238913454966878769
0.00501025079479548024 0.238063960313367046
0.00506035330274343022 0.237207156096239435
0.00511095683577086988 0.236343035381689048
0.0051620664041285803 0.235471594516702076
0.00521368706816986022 0.234592833271064866
0.00526582393885156007 0.233706754980162912
0.00531848217824008006 0.232813366688194495
0.00537166700002248039 0.231912679291426921
0.00542538367002270028 0.231004707681084082
0.00547963750672292998 0.230089470885435715
0.00553443388179016005 0.229166992210634496
0.00558977822060805971 0.228237299379824565
0.00564567600281414006 0.227300424670028117
0.00570213276284228018 0.226356405046294312
0.00575915409047070021 0.225405282292572451
0.00581674563137541019 0.224447103138771503
0.00587491308768917 0.223481919383433203
0.00593366221856606035 0.222509788011454906
0.00599299884075172023 0.221530771306274216
0.00605292882915924035 0.220544936955930027
0.00611345811745082988 0.219552358152417942
0.00617459269862534032 0.218553113683742667
0.00623633862561158957 0.217547288018090451
0.00629870201186770971 0.216534971379547164
0.00636168903198637992 0.215516259814802325
0.00642530592230624968 0.214491255250288421
0.00648955898152931039 0.213460065539246208
0.00655445457134459959 0.212422804498206608
0.00661999911705805043 0.211379591932433608
0.00668619910822863036 0.210330553649893254
0.00675306109931092004 0.20927582146336457
0.00682059171030402998 0.208215533180339141
0.0068887976274070702 0.207149832580426213
0.00695768560368113971 0.206078869380008661
0.00702726245971794974 0.205002799183982537
0.00709753508431512983 0.203921783424442615
0.0071685104351582804 0.202835989286275692
0.00724019553950986001 0.201745589619664989
0.00731259749490495957 0.200650762839599983
0.00738572346985401015 0.199551692812555359
0.00745958070455255036 0.198448568730576286
0.00753417651159807994 0.197341584973093453
0.00760951827671405966 0.196230940956868577
0.00768561345948119961 0.195116840974548372
0.00776246959407600988 0.193999494022390778
0.00784009429001676986 0.192879113617806713
0.0079184952329169403 0.191755917607429022
0.00799768018524611018 0.190630127966505969
0.00807765698709857032 0.18950197059048654
0.00815843355696956041 0.18837167507972688
0.00824001789253924963 0.187239474518314963
0.00832241807146463959 0.186105605248065353
0.00840564225217928923 0.184970306638796655
0.00848969867470108011 0.183833820856026842
0.00857459566144810025 0.182696392627284654
0.0086603416180625805 0.181558269008244233
0.00874694503424319932 0.180419699149915735
0.00883441448458563081 0.179280934068140246
0.00892275862943149069 0.17814222641663055
0.00901198621572579968 0.177003830264794215
0.00910210607788305981 0.175866000881553713
0.00919312713866188985 0.174728994526360065
0.00928505841004850958 0.173593068248538152
0.009377908994149 0.172458479696074779
0.00947168808409049046 0.171325486934889692
0.00956640496493139057 0.170194348279564672
0.00966206901458071046 0.169065322136437823
0.00975868970472651073 0.167938666859883706
0.00985627660177378073 0.166814640622501398
0.00995483936779151951 0.165693501299863405
0.0100543877614693994 0.164575506370344904
0.0101549316390841006 0.163460912830478006
0.0102564809554749996 0.162349977126158146
0.0103590457650297001 0.161242955099920454
0.0104626362226800003 0.160140101954394876
0.0105672625849067992 0.159041672231965525
0.0106729352107559003 0.157947919810522808
0.0107796645628633996 0.156859097915129142
0.0108874612084920996 0.155775459145295225
0.0109963358205769999 0.154697255517523502
0.0111062991787827994 0.153624738522628423
0.0112173621705706009 0.152558159197348386
0.0113295357922763001 0.151497768209631789
0.0114428311501991002 0.150443815956990024
0.0115572594617010995 0.149396552677219102
0.0116728320563181005 0.148356228570796028
0.0117895603768811991 0.147323093934223631
0.0119074559806501001 0.146297399303588649
0.0120265305404566002 0.145279395607619405
0.0121467958458611001 0.144269334329510085
0.0122682638043197009 0.143267467676846977
0.0123909464423628997 0.142274048758977589
0.0125148559067866007 0.141289331771211224
0.0126400044658544 0.140313572185308655
0.0127664045105130002 0.139347026945743885
0.0128940685556181 0.13838995467133075
0.0130230092411742996 0.137442615861822909
0.0131532393335859997 0.136505273109209263
0.0132847717269219002 0.135578191313471041
0.0134176194441910993 0.134661637902652703
0.0135517956386330008 0.133755883057156466
0.0136873135950193008 0.132861199938253682
0.0138241867309695007 0.131977864920846871
0.0139624285982791994 0.131106157830597758
0.0141020528842620008 0.130246362185566594
0.0142430734131045993 0.129398765442568453
0.0143855041472356997 0.128563659248477957
0.0145293591887079993 0.127741339696751555
0.0146746527805951005 0.126932107589445176
0.0148213993084011005 0.126136268705032584
0.0149696133014851004 0.125354134072315243
0.0151193094344999005 0.124586020250719534
0.0152705025288449002 0.123832249617266313
0.0154232075541334002 0.123093150660465986
0.0155774396296746998 0.122369058281375329
0.0157332140259715016 0.12166031410200763
0.0158905461662312009 0.120967266781263127
0.0160494516278935004 0.120290272338480858
0.0162099461441723991 0.119629694484685647
0.0163720456056141994 0.118985904961533939
0.0165357660616703012 0.118359283887919178
0.0167011237222869993 0.117750220114125614
0.0168681349595098985 0.117159111583373152
0.0170368163091049983 0.116586365700520209
0.0172071844721960014 0.116032399707627618
0.0173792563169180014 0.115497641066023449
0.0175530488800871992 0.114982527844431179
0.0177285793688880013 0.114487509112642438
0.0179058651625768998 0.114013045340145613
0.0180849238142027011 0.113559608799023215
0.0182657730523447005 0.113127683970339926
0.0184484307828681991 0.112717767953138717
0.0186329150906968007 0.112330370875049948
0.0188192442416037983 0.111966016303386928
0.0190074366840198988 0.111625241655470317
0.0191975110508601013 0.111308598606762746
0.0193894861613687006 0.111016653495227477
0.0195833810229823005 0.11074998772013997
0.0197792148332122004 0.110509198133371705
0.0199770069815442992 0.110294897420946961
0.0201767770513597011 0.110107714472418988
0.0203785448218733005 0.10994829473536416
0.0205823302700921008 0.109817300551994776
0.0207881535727930007 0.109715411474605257
0.0209960351085209003 0.109643324556236862
0.0212059954596061015 0.109601754612625599
0.0214180554142021987 0.109591434451146663
0.0216322359683441996 0.109613115062118668
0.0218485583280275987 0.10966756576747097
0.0220670439113078987 0.109755574321416222
0.0222877143504210014 0.109877946957413056
0.0225105914939251993 0.11003550837535285
0.0227356974088645004 0.110229101662568371
0.0229630543829530999 0.110459588141944134
0.0231926849267826002 0.110727847140121155
0.0234246117760504996 0.111034775668523142
0.0236588578938109993 0.111381288009722704
0.023895446472749101 0.111768315201484905
0.0241344009374766001 0.112196804410714293
0.0243757449468513 0.112667718189472979
0.0246195023963198013 0.113182033605251905
0.0248656974202829985 0.113740741237761234
0.0251143543944859007 0.114344844034683923
0.0253654979384306985 0.114995356019087183
0.0256191529178150003 0.115693300841552937
0.0258753444469932009 0.116439710170526831
0.0261340978914630997 0.11723562191495962
0.0263954388703778013 0.118082078273978416
0.0266593932590814993 0.118980123609094657
0.0269259871916723986 0.11993080213536865
0.0271952470635891015 0.120935155428929797
0.0274671995342249987 0.121994219749403429
0.0277418715295672004 0.123109023176995444
0.0280192902448628996 0.124280582565350767
0.0282994831473115001 0.125509900312723022
0.0285824779787846005 0.126797960955553429
0.0288683027585724984 0.128145727590162378
0.0291569857861582009 0.129554138129978652
0.0294485556440198006 0.131024101407500898
0.0297430412004600006 0.132556493131999992
0.030040471612464599 0.134152151715855261
0.0303408763285892003 0.135811873984282766
0.0306442850918751016 0.137536410785117441
0.0309507279427938993 0.139326462517172206
0.0312602352222218008 0.14118267459754022
0.0315728375744439987 0.143105632889981016
0.031888565950188498 0.145095859118212545
0.0322074516096904004 0.147153806289536226
0.0325295261257873003 0.149279854155668107
0.0328548213870450967 0.151474304738953625
0.0331833696009155993 0.153737377953278687
0.0335152032969247976 0.156069207349898875
0.0338503553298939996 0.158469836019147353
0.0341888588831929033 0.160939212679414523
0.0345307474720248989 0.163477187985013067
0.0348760549467451025 0.166083511084474555
0.0352248154962125984 0.168757826460474103
0.0355770636511746965 0.171499671081888433
0.0359328342876865034 0.174308471897585804
0.0362921626305632988 0.177183543700216606
0.0366550842568690027 0.180124087386752202
0.0370216350994376012 0.183129188640577395
0.037391851450432001 0.186197817057828091
0.0377657699649363021 0.189328825738138945
0.0381434276645856996 0.1925209513573026
0.0385248619412316001 0.195772814736323075
0.0389101105606438971 0.199082921918186856
0.0392992116662502985 0.202449665760278869
0.0396922037829127994 0.205871328046832502
0.0400891258207419013 0.209346082122135346
0.0404900170789493988 0.212871996041461065
0.0408949172497388991 0.216447036232872453
0.0413038664222363031 0.220069071659252796
0.0417169050864586027 0.223735878466093163
0.0421340741373232019 0.227445145096881657
0.0425554148786964001 0.231194477854295949
0.0429809690274833983 0.234981406881966171
0.0434107787177581972 0.238803392538268627
0.0438448865049358011 0.242657832130577372
0.0442833353699852023 0.246542066975566354
0.0447261687236849975 0.250453389748645838
0.0451734304109219012 0.254389052083379585
0.0456251647150310996 0.25834627237982577
0.046081416362181403 0.262322243779197439
0.0465422305258032035 0.266314142261013798
0.0470076528310613001 0.270319134818090778
0.0474777293593718966 0.274334387664206314
0.0479525066529655972 0.278357074429209428
0.0484320317194951999 0.282384384296523905
0.0489163520366902027 0.286413530038646003
0.0494055155570570989 0.290441755907135279
0.0498995707126276972 0.29446634533486854
0.0503985664197538971 0.298484628409865227
0.0509025520839515022 0.302493989081878245
0.051411577604791002 0.306491872064983628
0.0519256933808388971 0.310475789401819413
0.0524449503146472984 0.314443326657603384
0.0529693998177937983 0.318392148714853551
0.0534990938159716975 0.322320005142588184
0.0540340847541313993 0.326224735116832476
0.0545744256016727006 0.330104271872375399
0.0551201698576894994 0.333956646668930546
0.0556713715562663983 0.337779992258101847
0.0562280852718290008 0.341572545840863773
0.0567903661245472979 0.345332651508516775
0.0573582697857928023 0.349058762163367509
0.0579318524836507018 0.352749440918602497
0.0585111710084871978 0.356403361979973021
0.0590962827185720976 0.360019311014986632
0.0596872455457577999 0.363596185018279894
0.0602841180012154004 0.367132991684691823
0.0608869591812275998 0.370628848304279723
0.0614958287730398012 0.37408298019609465
0.062110787060770202 0.377494718699937004
0.0627318949313779017 0.380863498747536056
0.0633592138806916977 0.384188856036679294
0.0639928060194985965 0.387470423833639499
0.0646327340796935962 0.390707929430931911
0.0652790614204906 0.393901190288872216
0.0659318520346954956 0.397050109890670855
0.066591170555042406 0.400154673341808431
0.0672570822605927932 0.403214942745285188
0.0679296530831988016 0.406231052384936397
0.0686089496140308008 0.409203203749423206
0.0692950391101710972 0.412131660429700841
0.0699879895012728015 0.415016742922794835
0.0706878693962855048 0.417858823374502086
0.0713947480902484 0.420658320293308297
0.0721086955711509048 0.4234156932672416
0.0728297825268623966 0.426131437714707295
0.0735580803521310028 0.428806079699479537
0.0742936611556522936 0.431440170839039627
0.0750365977672088069 0.434034283334311377
0.0757869637448809058 0.436589005147599962
0.0765448333823297022 0.439104935354161285
0.0773102817161530065 0.441582679691369551
0.0780833845333146065 0.444022846327852883
0.0788642183786476964 0.446426041873334567
0.0796528605624342023 0.448792867648135585
0.0804493891680584938 0.451123916229472122
0.0812538830597391015 0.453419768289776814
0.0820664218903364995 0.455680989740269937
0.0828870861092398936 0.457908129190964963
0.0837159569703322948 0.460101715736154548
0.0845531165400355972 0.462262257072227789
0.0853986477054359955 0.464390237952432228
0.0862526341824902953 0.466486118980853071
0.0871151605243151994 0.468550335745549273
0.0879863121295584028 0.470583298288350327
0.0888661752508538988 0.472585390906399061
0.0897548370033624948 0.474556972278053268
0.0906523853733960938 0.476498375903293026
0.0915589092271301003 0.47840991084633977
0.0924744983194013964 0.480291862765751199
0.0933992433025954 0.482144495214922753
0.0943332357356213014 0.483968051193618354
0.0952765680929776038 0.485762754929013829
0.0962293337739072996 0.487528813862692978
0.0971916271116464031 0.489266420818194214
0.0981635433827628967 0.490975756322062529
0.099145178816590504 0.492656991049943482
0.100136630604756 0.494310288368125961
0.101137996910803996 0.495935806940087154
0.102149376879912004 0.497533703367055435
0.103170870648710999 0.499104134831460988
0.104202579355198 0.500647261712259262
0.105244605148750003 0.50216325014170593
0.106297051200237996 0.503652274474055139
0.107360021712240003 0.505114519637930526
0.108433621929362997 0.506550183345805149
0.109517958148656003 0.507959478135967091
0.110613137730143002 0.509342633224727503
0.111719269107443994 0.510699896149175991
0.112836461798519 0.512031534183698844
0.113964826416504003 0.513337835516494811
0.115104474680669006 0.514619110175613237
0.116255519427476001 0.515875690697291667
0.117418074621749996 0.517107932532825498
0.118592255367967997 0.51831621419354168
0.119778177921646994 0.519500937136717411
0.120975959700864 0.520662525398548293
0.122185719297873002 0.521801424983152518
0.123407576490851004 0.522918103019458513
0.124641652255760002 0.524013046700244067
0.125888068778317014 0.525086762019764453
0.127146949466101 0.526139772328238164
0.128418418960762004 0.527172616722858756
0.129702603150368995 0.528185848296085059
0.130999629181872995 0.529180032262567046
0.132309625473691989 0.530155743986332029
0.133632721728428994 0.531113566929725778
0.134969048945712988 0.532054090545126201
0.136318739435170005 0.532977908129604216
0.137681926829521989 0.533885614661613772
0.139058746097816988 0.534777804637418308
0.140449333558794992 0.535655069923421046
0.141853826894383001 0.536517997638822131
0.143272365163327003 0.53736716808124918
0.144705088814959998 0.538203152706133725
0.146152139703110001 0.539026512168773064
0.147613661100141014 0.539837794436248464
0.149089797711142003 0.540637532974693746
0.150580695688253996 0.541426245015893759
0.152086502645136012 0.542204429905860374
0.153607367671588002 0.542972567536935347
0.155143441348302991 0.543731116864078046
0.156694875761787006 0.5444805145054048
0.158261824519403987 0.545221173426637784
0.159844442764597999 0.545953481709079647
0.161442887192244006 0.546677801400817787
0.163057316064167013 0.547394467451236211
0.164687889224809009 0.548103786729493114
0.166334768117056997 0.548806037128353297
0.167998115798226988 0.549501466755641821
0.169678096956209001 0.550190293216532567
0.171374877925771996 0.55087270299088964
0.173088626705029003 0.551548850910909549
0.17481951297208001 0.552218859745321256
0.176567708101800003 0.552882819897219768
0.178333385182817994 0.553540789223431418
0.180116719034646988 0.554192792983862814
0.181917886224992997 0.554838823929642788
0.183737065087242996 0.555478842539115836
0.185574435738114996 0.556112777410529002
0.187430180095497001 0.556740525819879761
0.189304481896451993 0.557361954451690456
0.191197526715416011 0.557976900309527735
0.193109501982569987 0.558585171811774917
0.19504059700239601 0.559186550076516298
0.196991002972420004 0.559780790397592432
0.198960913002143996 0.560367623911818047
0.200950522132165993 0.560959983294993081
0.202960027353487005 0.561531035525140387
0.204989627627021997 0.562093756860151839
0.207039523903292 0.562647796363450414
0.20910991914232499 0.563192790037253199
0.211201018333747992 0.563728363505584529
0.213313028517086001 0.564254134813559793
0.21544615880225701 0.564769717321218834
0.217600620390278998 0.565274722667798768
0.219776626594182012 0.565768763780223338
0.221974392860123992 0.566251457897746779
0.22419413678872499 0.566722429583231602
0.226436078156613013 0.567181313690478972
0.228700438938179013 0.567627758256343928
0.230987443327559994 0.568061427286237319
0.233297317760836009 0.568482003401876934
0.235630290938444009 0.568889190320953975
0.237986593847828998 0.569282715139662332
0.240366459786306996 0.569662330390811933
0.242770124384170005 0.570027815852483744
0.245197825628012012 0.570378980084864096
0.247649803884292002 0.570715661675995523
0.250126301923135008 0.571037730180603553
0.25262756494236599 0.571345086739951213
0.255153840591790027 0.571637664374613941
0.257705378997708012 0.571915427946283805
0.260282432787684981 0.572178373788958972
0.262885257115561988 0.572426529014177454
0.265514109686717015 0.572659950499207593
0.268169250783585 0.572878723571201176
0.27085094329142001 0.573082960404256103
0.273559452724335017 0.57327279814993326
0.276295047251577996 0.573448396825073869
0.279057997724094009 0.573609936983624169
0.281848577701334979 0.573757617201585357
0.284667063478348026 0.573891651406121417
0.287513734113132025 0.574012266081213363
0.290388871454263009 0.574119697383066563
0.293292760168805011 0.574214188198733932
0.296225687770494017 0.574295985181085933
0.299187944648197979 0.574365335792417553
0.302179824094680027 0.574422485387627635
0.305201622335626976 0.574467674366041736
0.308253638558984022 0.574501135418737929
0.311336174944572996 0.574523090895599275
0.314449536694018983 0.574533750313463876
0.317594032060958986 0.574533308023625233
0.320769972381569013 0.574521941053745988
0.323977672105384973 0.574499807135985363
0.327217448826437995 0.574467042929921679
0.330489623314702996 0.574423762445765207
0.333794519547849999 0.574370055670459845
0.337132464743327975 0.574305987396612427
0.340503789390761979 0.574231596251885246
0.343908827284668983 0.574146893924517343
0.347347915557515985 0.574051864579034676
0.350821394713090984 0.573946464455094119
0.354329608660222006 0.573830621641588823
0.357872904746823983 0.573704236017813729
0.361451633794292015 0.573567179353451362
0.365066150132234979 0.573419295559469133
0.368716811633558017 0.57326040108255516
0.372403979749892977 0.573090285436486102
0.376128019547392001 0.572908711864658637
0.379889299742866005 0.572715418128868947
0.383688192740294975 0.572510117420222175
0.387525074667697977 0.572292499388649567
0.391400325414375028 0.572062231287844947
0.395314328668518011 0.571818959232455737
0.399267471955204012 0.571562309563903637
0.403260146674756015 0.57129189032030625
0.407292748141503014 0.571007292804537325
0.411365675622917981 0.570708093242463743
0.415479332379147026 0.570393854520831467
0.419634125702939009 0.570064127991200542
0.423830466959968011 0.569718455322755335
0.428068771629568023 0.569356370382794297
0.432349459345863996 0.568977401119398429
0.436672953939321984 0.568581071416223827
0.441039683478716027 0.568166902884769898
0.445450080313503027 0.56773441655489576
0.449904581116638003 0.567283134420115132
0.454403626927804005 0.566812580790267195
0.458947663197082023 0.566322283400905846
0.46353713982905298 0.565811774226192443
0.46817251122734399 0.565280589940516331
0.472854236339616985 0.564728271973503393
0.477582778703013022 0.564154366103801874
0.482358606490042974 0.563558421539030574
0.487182192554943994 0.562939989432650112
0.492054014480493018 0.562298620793389548
0.496974554625297993 0.561633863749077644
0.501944300171551006 0.560945260134434465
0.506963743173266979 0.560232341381340482
0.512033380604999033 0.559494623700320992
0.517153714411048959 0.558731602553216189
0.522325251555159964 0.557942746429180958
0.527548504070710966 0.557127489948873844
0.532823989111418039 0.556285226334937932
0.538152229002533011 0.555415299300152321
0.543533751292557987 0.554516994417841635
0.548969088805484007 0.553589530051878387
0.554458779693537962 0.552632047935683324
0.560003367490473969 0.551643603500704738
0.565603401165377995 0.550623156064736774
0.571259435177032038 0.54956955899883031
0.576972029528802999 0.548481549998348972
0.582741749824090993 0.547357741588695879
0.588569167322330999 0.546196611999292592
0.594454858995554947 0.544996496540537612
0.600399407585510025 0.543755579617563933
0.606403401661364971 0.542471887511781437
0.612467435677979011 0.541143282056550046
0.618592110034759002 0.539767455326798595
0.624778031135105993 0.538341925454479009
0.631025811446456975 0.536864033672302177
0.637336069560922036 0.535330942677691879
0.643709430256531046 0.533739636397453143
0.65014652455909705 0.532086921221608833
0.65664798980468797 0.530369428762422657
0.663214469702734011 0.528583620182089597
0.669846614399762008 0.526725792120165237
0.676545080543758948 0.524792084239779522
0.683310531349196948 0.522778488400109542
0.690143636662688964 0.520680859451807865
0.697045073029315954 0.518494927641994896
0.704015523759608963 0.516216312606268657
0.71105567899720501 0.513840538916821354
0.718166235787176976 0.511363053148252145
0.725347898145048964 0.508779242415914323
0.732601377126498976 0.506084454335439804
0.739927390897764048 0.50327401834640495
0.747326664806742036 0.500343268337658409
0.754799931454808948 0.497287566506387113
0.762347930769357029 0.494102328377468647
0.769971410077051055 0.490783048903637997
0.777671124177822026 0.487325329560402476
0.785447835419599949 0.483724906342227534
0.793302313773796008 0.479977678558127063
0.801235336911534035 0.476079738315319079
0.809247690280649024 0.472027400568956423
0.817340167183456034 0.467817233604143734
0.825513568855290036 0.463446089803509598
0.833768704543842998 0.458911136539674636
0.842106391589282022 0.454209887017210767
0.850527455505173946 0.449340230873373436
0.854780092782699952 0.446835432735637972
0.859032730060225957 0.444300464331344125
0.863327893710526983 0.441709894038826989
0.867623057360828009 0.439089319684306589
0.871961172647632954 0.436412514882841329
0.874130230291034982 0.435062939290486006
0.87629928793443701 0.433705993873814977
0.878490036154273013 0.432328060398874003
0.880680784374109016 0.430942735511291253
0.882871532593945019 0.429550084959539891
0.885062280813781022 0.428150175912090258
0.887274936515815016 0.426728969873814201
0.889487592217850009 0.425300501466767733
0.891700247919885003 0.423864844178030331
0.893912903621918997 0.422422072885554167
0.898382468140028978 0.419486288781076355
0.90285203265813796 0.416522434266622943
0.907366292821428999 0.413501127333801233
0.911880552984720039 0.410452574253011626
0.916439955749643986 0.407346622095663025
0.920999358514567046 0.404214391849067267
0.925604355307140025 0.401024971970097677
0.930209352099712006 0.397810388402366377
0.939511445620709984 0.391243682311457341
0.948906560076916983 0.384518020627511392
0.958395625677685992 0.377637787284018811
0.967979581934462985 0.370608007704846532
0.977659377753806957 0.363434349561863879
0.987435971531344991 0.356123119479157424
0.997310331246659021 0.348681255511292865
1.00728343455912994 0.341116315258054137
1.01735626890471997 0.333436459517211847
1.02752983159375999 0.325650431419647446
1.03780512990969997 0.317767531037261963
1.04818318120880005 0.309797585502666173
1.05866501302088989 0.301750914729963127
1.06925166315109998 0.293638292877667739
1.07994417978260993 0.285470905746482373
1.09074362158043003 0.27726030435593868
1.10165105779623995 0.269018354993710185
1.1126675683742 0.260757186079001668
1.12379424405794004 0.252489132225591717
1.13503218649852 0.244226675930889398
1.14638250836350997 0.235982387352891648
1.15784633344714005 0.227768862667544703
1.16942479678161004 0.219598661523489669
1.18111904474942997 0.211484244129485105
1.19293023519691999 0.203437908521048372
1.20485953754888997 0.195471728557338464
1.21690813292438005 0.187597493196667575
1.22299267358900998 0.183688780587740436
1.22907721425362992 0.179826647588959526
1.23522260032489006 0.175973941169278725
1.24136798639615997 0.172170236506759888
1.24447140636215003 0.170268198238292395
1.2475748263281401 0.168378904780544236
1.25067824629412994 0.166502431635367293
1.25378166626012 0.164638850612528059
1.25534889334294997 0.163702663131167464
1.25691612042576994 0.162769789325369563
1.26005057459141989 0.160914015266653637
1.26318502875707006 0.159071591160127396
1.26631948292272001 0.157242576030038689
1.26948528163002994 0.155408937904692734
1.2726510803373301 0.15358908803705304
1.27581687904464003 0.151783075991930361
1.27898267775194996 0.149990947651355677
1.28218013444632994 0.148195033694711903
1.28537759114070993 0.146413365394531286
1.2917725045294699 0.142892906569544259
1.29823136705211994 0.139395476168338667
1.30469022957476999 0.13595676198085177
1.31121368072264 0.132543399970360271
1.31773713187051 0.129190157849870618
1.32432581752987 0.12586443634135569
1.33091450318922 0.122600044577428374
1.33756907570516992 0.119365178999235932
1.34422364822111007 0.116192655855115443
1.35094476646222006 0.113051495344353936
1.35766588470332006 0.109973490832388124
1.36445421412684009 0.106928511318706856
1.3712425435503599 0.103947301664057884
1.38495496898586001 0.0981180864474841818
1.39880451867572009 0.0924890875014483665
1.4127925638624701 0.087062794883191616
1.42692048950110006 0.0818409549868060193
1.44118969439611 0.0768245840164779731
1.45560159134006994 0.0720139860818022615
1.47015760725346989 0.0674087756209061917
1.48485918332601008 0.0630079038201470792
1.49970777515927001 0.0588096886676184732
1.51470485291085999 0.0548118482515425123
1.52985190143997007 0.0510115368942656369
1.54515042045437001 0.0474053836978858348
1.56060192465891001 0.0439895330686717601
1.5762079439054999 0.0407596867842461297
1.59197002334455995 0.0377111471697862757
1.60788972357800009 0.0348388609569987018
1.62396862081378002 0.0321374634120433975
1.64020830702192 0.0296013223355401714
1.65661039009214006 0.0272245815587137847
1.67317649399306001 0.0250012035843377479
1.6899082589329899 0.0229250110487244779
1.70680734152231994 0.020989726711129298
1.72387541493753993 0.0191890117090024875
1.74111416908692007 0.0175165018509950282
1.75852531077779006 0.0159658417539523118
1.77611056388557009 0.0145307166647516799
1.7938716695244199 0.0132048818423267326
1.81181038621966994 0.0119821894089970939
1.82992849008185998 0.0108566126129663078
1.84822777498268009 0.00982226747505352514
1.86671005273251001 0.00887343182218716664
1.88537715325983002 0.00800456173746224957
1.90423092479243006 0.00721030548155558466
1.92327323404035999 0.00648551496272975481
1.94250596638076001 0.0058252548524307347
1.96193102604456993 0.00522480946053820606
1.98155033630500998 0.00467968749860958079
2.00136583966805981 0.00418562487097854166
2.02137949806474015 0.00373858564242348203
2.04159329304538995 0.00333476133735735678
2.06200922597584002 0.00297056872928473702
2.08262931823559994 0.00264264628074987584
2.10345561141796011 0.00234784939336654544
2.12449016753213993 0.00208324462495863838
2.14573506920745993 0.00184610302657902043
2.16719241989954003 0.00163389274642293395
2.18886434409852981 0.00144427104064019239
2.21075298753952021 0.00127507582299927883
2.2328605174149101 0.00112431687649017448
2.2551891225890599 0.000990166840468221284
2.27774101381494987 0.000870952077055940654
2.30051842395310002 0.000765143510398594187
2.32352360819262982 0.000671347522197965839
2.34675884427455994 0.000588296976868215855
2.37022643271729994 0.000514842439807915078
2.39392869704448019 0.000449943642775233008
2.41786798401491998 0.000392661241289072151
2.44204666385506997 0.000342148900431277735
2.4664671304936201 0.000297645737461460849
2.4911318017985602 0.00025846914231353801
2.51604311981654005 0.000224007990356940551
2.54120355101471018 0.000193716255785605939
2.56661558652485988 0.00016710702864940644
2.5922817423900999 0.00014374693385381241
2.61820455981400002 0.000123250946407926624
2.64438660541213988 0.00010527759376989465
2.67083047146627006 8.95245332894756951e-05
2.69753877618092996 7.57244904424170067e-05
2.72451416394273993 6.36415417471869558e-05
2.75175930558217008 5.30677249083674085e-05
2.7792768986379901 4.38199577959641446e-05
2.80706966762436982 3.57372473011117518e-05
2.83514036430061012 2.86781688603754053e-05
2.86349176794362004 2.25185974694337705e-05
2.89212668562305009 1.71496712706050819e-05
2.92104795247928006 1.24759692578167382e-05
2.95025843200407989 8.41388526087291184e-06
2.97976101632412016 4.89018111434600543e-06
3.00955862648735994 1.8407027549958173e-06
3.03965421275223013 -7.90756102015295843e-07
3.07005075487974999 -3.05345710760961852e-06
3.10075126242854981 -4.99060067008293153e-06
3.13175877505284017 -6.64010204057246039e-06
3.16307636280336979 -8.03527157090828525e-06
3.1947071264314002 -9.20540967470939447e-06
3.22665419769570994 -1.01763261069082488e-05
3.25892073967267004 -1.09707923005251415e-05
3.29150994706939981 -1.16089346681411961e-05
3.32442504654009019 -1.21085759931095265e-05
3.35766929700548999 -1.2485531304556489e-05
3.39124598997555005 -1.27538639518667495e-05
3.42515844987529983 -1.29261069687406156e-05
3.45941003437406014 -1.30134542433115702e-05
3.49400413471779991 -1.30259254877703264e-05
3.5289441760649698 -1.29725085264642263e-05
3.5642336178256202 -1.28612819931164808e-05
3.59987595400387983 -1.26995211429548026e-05
3.63587471354391978 -1.24937891412689347e-05
3.67223346067935985 -1.22500158832619785e-05
3.70895579528614983 -1.19735661280195368e-05
3.74604535323901011 -1.16692984890290017e-05
3.7835058067713998 -1.13416166120552779e-05
3.82134086483912006 -1.09945136855470274e-05
3.85955427348751012 -1.06316112664888557e-05
3.89814981622237999 -1.02561932632567365e-05
3.93713131438460984 -9.87123579429133832e-06
3.97650262752845007 -9.47943353515276623e-06
4.01626765380374007 -9.08322307482339159e-06
4.05643033034178035 -8.68480372322922099e-06
4.09699463364519012 -8.28615614424101699e-06
4.13796457998164957 -7.88905913048486979e-06
4.1793442257814597 -7.49510478684297887e-06
4.22113766803927959 -7.10571234742146369e-06
4.26334904471966958 -6.72214081501309165e-06
4.30598253516687013 -6.34550058177607694e-06
4.34904236051854021 -5.97676416423818579e-06
4.39253278412371984 -5.61677616411517159e-06
4.43645811196495998 -5.26626254823350662e-06
4.48082269308461001 -4.92583932555004515e-06
4.52563092001545009 -4.59602068642641882e-06
4.57088722921560997 -4.27722665857279188e-06
4.61659610150776967 -3.96979032509312454e-06
4.66276206252284009 -3.67396464256951209e-06
4.70938968314807038 -3.38992889088654864e-06
4.75648357997954996 -3.1177947813130503e-06
4.80404841577935038 -2.85761224506289073e-06
4.8520888999371401 -2.6093749210121269e-06
4.90060978893651011 -2.37302535832919158e-06
4.94961588682587994 -2.14845994738828999e-06
4.99911204569414025 -1.9355335903918705e-06
5.04910316615108012 -1.73406412156216986e-06
5.09959419781259005 -1.54383648551320503e-06
5.15059013979071967 -1.36460668143361376e-06
5.20209604118861968 -1.19610547995744638e-06
5.25411700160050987 -1.03804191903772364e-06
5.30665817161650999 -8.90106584738483681e-07
5.35972475333267973 -7.51974682594993867e-07
5.41332200086601034 -6.23308905042968432e-07
5.46745522087466984 -5.03762100358810145e-07
5.52212977308341024 -3.92979748573458565e-07
5.57735107081424974 -2.90602249902000754e-07
5.63312458152238982 -1.9626703135866599e-07
5.68945582733762034 -1.09610477387552722e-07
5.74635038561098987 -3.0269690524406091e-08
5.80381388946709986 4.21159116998088664e-08
5.86185202836176966 1.07903157202399526e-07
5.92047054864539035 1.67443830535281722e-07
5.97967525413184031 2.21083528028312584e-07
6.03947200667315975 2.69160649942724623e-07
6.09986672673989982 3.1200552255110029e-07
6.16086539400729016 3.49939642954018285e-07
6.22247404794736969 3.83275039370415269e-07
6.28469878842683993 4.1231373960178925e-07
6.34754577631110983 4.37347340372343317e-07
6.41102123407422031 4.58656670287435068e-07
6.4751314464149603 4.76511539233188588e-07
6.53988276087911036 4.91170567158806941e-07
6.60528158848790969 5.02881085339438798e-07
6.67133440437277958 5.11879103409027264e-07
6.73804774841651 5.18389335676848829e-07
6.80542822590068042 5.22625280495277839e-07
6.87348250815967976 5.24789346726245982e-07
6.94221733324128021 5.25073021655842076e-07
7.01163950657369028 5.23657075026645747e-07
7.08175590163943003 5.20711794191236804e-07
7.15257346065581956 5.16397245733817151e-07
7.22409919526238031 5.10863559255542961e-07
7.29634018721501043 5.04251229369034564e-07
7.36930358908715988 4.96691432294563955e-07
7.44299662497803016 4.88306353790907924e-07
7.51742659122781021 4.79209525484497167e-07
7.59260085714008959 4.69506166978130714e-07
7.66852686571149 4.59293531422605519e-07
7.74521213436860023 4.48661252518882362e-07
7.82266425571229007 4.37691691183056357e-07
7.90089089826941038 4.26460280350137776e-07
7.97989980725211012 4.15035866614480768e-07
8.05969880532462923 4.03481047604312741e-07
8.14029579337787013 3.91852504164961872e-07
8.22169875131164929 3.80201326580631155e-07
8.30391573882477019 3.68573334198400257e-07
8.38695489621301959 3.57009387931753333e-07
8.47082444517515043 3.45545695215542907e-07
8.55553268962690083 3.34214107061485323e-07
8.64108801652317027 3.23042406924763155e-07
8.72749889668840062 3.12054591139962741e-07
8.81477388565529019 3.01271140720354462e-07
8.90292162451184055 2.90709284340468106e-07
8.99195084075696016 2.80383252339946474e-07
9.08187034916453051 2.70304521598861525e-07
9.1726890526561693 2.60482051142743676e-07
9.26441594318274042 2.50922508341401465e-07
9.35706010261455923 2.41630485570681711e-07
9.45063070364071045 2.32608707212003332e-07
9.54513701067712006 2.23858226872148709e-07
9.6405883807838908 2.15378614716099403e-07
9.73699426459172912 2.07168134819712881e-07
9.83436420723763938 1.99223912466996617e-07
9.93270784931002026 1.91542091339069983e-07
10.0320349278030996 1.84117980568638934e-07
10.1323552770811993 1.76946191664712685e-07
10.2336788298519998 1.70020765347237298e-07
10.3360156181504994 1.63335288369378137e-07
10.4393757743319995 1.56883000446386961e-07
10.5437695320753004 1.50656891452752609e-07
10.6492072273961007 1.44649789093506313e-07
10.7556992996700007 1.38854437299915339e-07
10.8632562926666996 1.33263565643324334e-07
10.9718888555934004 1.27869950103164878e-07
11.0816077441493004 1.22666465564523545e-07
11.1924238215908005 1.17646130457093854e-07
11.3043480598066992 1.12802143979624106e-07
11.4173915404048003 1.08127916381497432e-07
11.5315654558087992 1.03617092795662593e-07
11.6468811103669001 9.92635711339172591e-08
11.7633499214705992 9.50615145667739434e-08
11.8809834206853004 9.10053591151851702e-08
11.9997932548922002 8.70898168807884959e-08
12.1197911874411002 8.33098754348665491e-08
12.2409890993155006 7.96607938742691639e-08
12.3633989903085997 7.61380960356663413e-08
12.4870329802116995 7.27375613378745422e-08
12.6119033100137994 6.94552136965324117e-08
12.7380223431140003 6.6287308926399877e-08
12.8654025665451002 6.32303210150032208e-08
12.9940565922105993 6.0280927617606631e-08
13.1239971581327008 5.7435995088636559e-08
13.2552371297140006 5.46925633289646492e-08
13.3877895010112002 5.20478306929810693e-08
13.5216673960213001 4.94991391643816856e-08
13.6568840699814995 4.70439599758071522e-08
13.7934529106812995 4.46798798153991236e-08
13.9313874397881001 4.24045877332199018e-08
14.0707013141859996 4.02158628328297432e-08
14.2114083273277991 3.81115628082448966e-08
14.3535224106010997 3.60896133642005033e-08
14.4970576347070992 3.41479985382420125e-08
14.6420282110541997 3.22847519265357286e-08
14.7884484931648004 3.04979488015501792e-08
14.9363329780964005 2.87856990985802625e-08
15.0856963078774005 2.71461412394442753e-08
15.2365532709560991 2.55774367553020333e-08
15.3889188036656996 2.40777656661075238e-08
15.5428079917024 2.26453225716235514e-08
15.6982360716193998 2.12783134076784969e-08
15.8552184323355991 1.99749528213866489e-08
16.0137706166588991 1.87334621199494488e-08
16.1739083228255005 1.75520677492155994e-08
16.3356474060537984 1.64290002601997742e-08
16.4990038801143015 1.5362493723960427e-08
16.6639939189155015 1.43507855575256818e-08
16.8306338581046013 1.3392116725745918e-08
16.9989401966857017 1.24847322859181547e-08
17.1689295986525003 1.16268822437786259e-08
17.3406188946390003 1.08168226908248249e-08
17.5140250835853983 1.00528171940381457e-08
17.6891653344213005 9.33313840980485077e-09
17.8660569877655 8.65606989431617632e-09
18.0447175576431 8.01990808294758945e-09
18.2251647332196001 7.42296441117151995e-09
18.4074163805518012 6.86356754949348562e-09
18.5914905443572991 6.34006572479651924e-09
18.7774054498008987 5.85082910042284136e-09
18.9651795042988986 5.39425218734756068e-09
19.1548312993419003 4.96875625899681066e-09
19.3463796123353013 4.57279174267647334e-09
19.5398434084586015 4.20484056123571492e-09
19.7352418425431999 3.86341839953785149e-09
19.932594260968699 3.54707687155170484e-09
20.1319202035783 3.2544055654157378e-09
20.3332394056141013 2.98403394565689119e-09
20.5365717996702983 2.73463309384673769e-09
20.7419375176670009 2.50491727130407806e-09
20.9493568928435998 2.29364528998922653e-09
21.1588504617721007 2.09962168041446202e-09
21.3704389663897985 1.92169764817831809e-09
21.5841433560537013 1.75877181355871433e-09
21.7999847896142001 1.60979073142908688e-09
22.0179846375103985 1.47374919152351316e-09
22.2381644838855017 1.34969030173941215e-09
22.4605461287242996 1.23670535966997435e-09
22.6851515900115999 1.13393351987430659e-09
22.9120031059117011 1.04056126647939425e-09
23.1411231369708013 9.55821702541206414e-10
23.3725343683404994 8.78993669154894376e-10
23.6062597120238991 8.09400708577800224e-10
23.8423223091442011 7.46409886614624518e-10
24.0807455322355999 6.89430490209403644e-10
24.3215529875580003 6.37912616602472691e-10
24.564768517433599 5.91345670557057727e-10
24.8104162026079003 5.49256786054322829e-10
25.0585203646339991 5.11209188523610971e-10
25.3091055682803017 4.76800513137794515e-10
25.5621966239631 4.45661093990881381e-10
25.8178185902027018 4.17452238114929253e-10
26.0759967761048017 3.91864497313379426e-10
26.3367567438657986 3.6861594971839558e-10
26.6001243113045014 3.47450501846644248e-10
26.8661255544175006 3.28136220759006279e-10
27.1347868099616996 3.10463704747040355e-10
27.4061346780612993 2.942444997966059e-10
27.6801960248419014 2.79309567933896739e-10
27.9569979850903003 2.65507812459356348e-10
28.2365679649412016 2.52704664032798507e-10
28.5189336445906996 2.40780730600004262e-10
28.8041229810365991 2.29630513254712865e-10
29.0921642108468994 2.1916118931565714e-10
29.3830858529554 2.09291463169331219e-10
29.6769167114849992 1.99950484785956606e-10
29.9736858785997988 1.91076835257851703e-10
30.2734227373858005 1.82617578233374117e-10
30.5761569647597007 1.74527375721696764e-10
30.8819185344073013 1.66767666418815987e-10
31.1907377197513007 1.59305904447686592e-10
31.5026450969488003 1.52114856208697918e-10
31.8176715479183017 1.45171952894266528e-10
32.1358482633974987 1.38458696126310715e-10
32.4572067460315026 1.31960114121258322e-10
32.7817788134917976 1.25664265767469089e-10
33.1095966016266985 1.1956179000858338e-10
33.4406925676429978 1.13645497957765944e-10
33.7750994933194022 1.07910005217011327e-10
34.1128504882525974 1.02351401938210354e-10
34.4539789931351024 9.69669582347000433e-11
34.7985187830664984 9.17548626301879457e-11
35.1465039708972 8.67139913137220512e-11
35.4979690106060985 8.18437060525059281e-11
35.8529487007121972 7.71436786973575574e-11
36.211478187719301 7.26137402972728236e-11
36.573592969596497 6.82537529190897534e-11
36.939328899292498 6.40635023454456441e-11
37.308722188285401 6.00426098987401566e-11
37.6818094101682988 5.61904617109659336e-11
38.0586275042699 5.2506153829257124e-11
38.439213779312702 4.89884516152018557e-11
38.8236059171058017 4.56357619629623998e-11
39.2118419762768013 4.2446116927327899e-11
39.6039603960395965 3.94171674187293444e-11
40 3.65461856881322953e-11
