-40 1e-5
-39.6039603960396 1e-5
-39.2118419762768 1e-5
-38.8236059171058 1e-5
-38.4392137793127 1e-5
-38.0586275042699 1e-5
-37.6818094101683 1e-5
-37.3087221882854 1e-5
-36.9393288992925 1e-5
-36.5735929695965 1e-5
-36.2114781877193 1e-5
-35.8529487007122 1e-5
-35.4979690106061 1e-5
-35.1465039708972 1e-5
-34.7985187830665 1e-5
-34.4539789931351 1e-5
-34.1128504882526 1e-5
-33.7750994933194 1e-5
-33.440692567643 1e-5
-33.1095966016267 1e-5
-32.7817788134918 1e-5
-32.4572067460315 1e-5
-32.1358482633975 1e-5
-31.8176715479183 1e-5
-31.5026450969488 1e-5
-31.1907377197513 1e-5
-30.8819185344073 1e-5
-30.5761569647597 1e-5
-30.2734227373858 1e-5
-29.9736858785998 1e-5
-29.676916711485 1e-5
-29.3830858529554 1e-5
-29.0921642108469 1e-5
-28.8041229810366 1e-5
-28.5189336445907 1e-5
-28.2365679649412 1e-5
-27.9569979850903 1e-5
-27.6801960248419 1e-5
-27.4061346780613 1e-5
-27.1347868099617 1e-5
-26.8661255544175 1e-5
-26.6001243113045 1e-5
-26.3367567438658 1e-5
-26.0759967761048 1e-5
-25.8178185902027 1e-5
-25.5621966239631 1e-5
-25.3091055682803 1e-5
-25.058520364634 1e-5
-24.8104162026079 1e-5
-24.5647685174336 1e-5
-24.321552987558 1e-5
-24.0807455322356 1e-5
-23.8423223091442 1e-5
-23.6062597120239 1e-5
-23.3725343683405 1e-5
-23.1411231369708 1e-5
-22.9120031059117 1e-5
-22.6851515900116 1e-5
-22.4605461287243 1e-5
-22.2381644838855 1e-5
-22.0179846375104 1e-5
-21.7999847896142 1e-5
-21.5841433560537 1e-5
-21.3704389663898 1e-5
-21.1588504617721 1e-5
-20.9493568928436 1e-5
-20.741937517667 1e-5
-20.5365717996703 1e-5
-20.3332394056141 1e-5
-20.1319202035783 1e-5
-19.9325942609687 1e-5
-19.7352418425432 1e-5
-19.5398434084586 1e-5
-19.3463796123353 1e-5
-19.1548312993419 1e-5
-18.9651795042989 1e-5
-18.7774054498009 1e-5
-18.5914905443573 1e-5
-18.4074163805518 1e-5
-18.2251647332196 1e-5
-18.0447175576431 1e-5
-17.8660569877655 1e-5
-17.6891653344213 1e-5
-17.5140250835854 1e-5
-17.340618894639 1e-5
-17.1689295986525 1e-5
-16.9989401966857 1e-5
-16.8306338581046 1e-5
-16.6639939189155 1e-5
-16.4990038801143 1e-5
-16.3356474060538 1e-5
-16.1739083228255 1e-5
-16.0137706166589 1e-5
-15.8552184323356 1e-5
-15.6982360716194 1e-5
-15.5428079917024 1e-5
-15.3889188036657 1e-5
-15.2365532709561 1e-5
-15.0856963078774 1e-5
-14.9363329780964 1e-5
-14.7884484931648 1e-5
-14.6420282110542 1e-5
-14.4970576347071 1e-5
-14.3535224106011 1e-5
-14.2114083273278 1e-5
-14.070701314186 1e-5
-13.9313874397881 1e-5
-13.7934529106813 1e-5
-13.6568840699815 1e-5
-13.5216673960213 1e-5
-13.3877895010112 1e-5
-13.255237129714 1e-5
-13.1239971581327 1e-5
-12.9940565922106 1e-5
-12.8654025665451 1e-5
-12.738022343114 1e-5
-12.6119033100138 1e-5
-12.4870329802117 1e-5
-12.3633989903086 1e-5
-12.2409890993155 1e-5
-12.1197911874411 1e-5
-11.9997932548922 1e-5
-11.8809834206853 1e-5
-11.7633499214706 1e-5
-11.6468811103669 1e-5
-11.5315654558088 1e-5
-11.4173915404048 1e-5
-11.3043480598067 1e-5
-11.1924238215908 1e-5
-11.0816077441493 1e-5
-10.9718888555934 1e-5
-10.8632562926667 1e-5
-10.75569929967 1e-5
-10.6492072273961 1e-5
-10.5437695320753 1e-5
-10.439375774332 1e-5
-10.3360156181505 1e-5
-10.233678829852 1e-5
-10.1323552770812 1e-5
-10.0320349278031 1e-5
-9.93270784931002 1e-5
-9.834364207237639 1e-5
-9.736994264591729 1e-5
-9.640588380783891 1e-5
-9.54513701067712 1e-5
-9.45063070364071 1e-5
-9.357060102614559 1e-5
-9.26441594318274 1e-5
-9.172689052656169 1e-5
-9.081870349164531 1e-5
-8.99195084075696 1e-5
-8.902921624511841 1e-5
-8.81477388565529 1e-5
-8.727498896688401 1e-5
-8.64108801652317 1e-5
-8.555532689626901 1e-5
-8.47082444517515 1e-5
-8.38695489621302 1e-5
-8.30391573882477 1e-5
-8.221698751311649 1e-5
-8.14029579337787 1e-5
-8.059698805324629 1e-5
-7.97989980725211 1e-5
-7.90089089826941 1e-5
-7.82266425571229 1e-5
-7.7452121343686 1e-5
-7.66852686571149 1e-5
-7.59260085714009 1e-5
-7.51742659122781 1e-5
-7.44299662497803 1e-5
-7.36930358908716 1e-5
-7.29634018721501 1e-5
-7.22409919526238 1e-5
-7.15257346065582 1e-5
-7.08175590163943 1e-5
-7.01163950657369 1e-5
-6.94221733324128 1e-5
-6.87348250815968 1e-5
-6.80542822590068 1e-5
-6.73804774841651 1e-5
-6.67133440437278 1e-5
-6.60528158848791 1e-5
-6.53988276087911 1e-5
-6.47513144641496 1e-5
-6.41102123407422 1e-5
-6.34754577631111 1e-5
-6.28469878842684 1e-5
-6.22247404794737 1e-5
-6.16086539400729 1e-5
-6.0998667267399 1e-5
-6.03947200667316 1e-5
-5.97967525413184 1e-5
-5.92047054864539 1e-5
-5.86185202836177 1e-5
-5.8038138894671 1e-5
-5.74635038561099 1e-5
-5.68945582733762 1e-5
-5.63312458152239 1e-5
-5.57735107081425 1e-5
-5.52212977308341 1e-5
-5.46745522087467 1e-5
-5.41332200086601 1e-5
-5.35972475333268 1e-5
-5.30665817161651 1e-5
-5.25411700160051 1e-5
-5.20209604118862 1e-5
-5.15059013979072 1e-5
-5.09959419781259 1e-5
-5.04910316615108 1e-5
-4.99911204569414 1e-5
-4.94961588682588 1e-5
-4.90060978893651 1e-5
-4.85208889993714 1e-5
-4.80404841577935 1e-5
-4.75648357997955 1e-5
-4.70938968314807 1e-5
-4.66276206252284 1e-5
-4.61659610150777 1e-5
-4.57088722921561 1e-5
-4.52563092001545 1e-5
-4.48082269308461 1e-5
-4.43645811196496 1e-5
-4.39253278412372 1e-5
-4.34904236051854 1e-5
-4.30598253516687 1e-5
-4.26334904471967 1e-5
-4.22113766803928 1e-5
-4.17934422578146 1e-5
-4.13796457998165 1e-5
-4.09699463364519 1e-5
-4.05643033034178 1e-5
-4.01626765380374 1e-5
-3.97650262752845 1e-5
-3.93713131438461 1e-5
-3.89814981622238 1e-5
-3.85955427348751 1e-5
-3.82134086483912 1e-5
-3.7835058067714 1e-5
-3.74604535323901 1e-5
-3.70895579528615 1e-5
-3.67223346067936 1e-5
-3.63587471354392 1e-5
-3.59987595400388 1e-5
-3.56423361782562 1e-5
-3.52894417606497 1e-5
-3.4940041347178 1e-5
-3.45941003437406 1e-5
-3.4251584498753 1e-5
-3.39124598997555 1e-5
-3.35766929700549 1e-5
-3.32442504654009 1e-5
-3.2915099470694 1e-5
-3.25892073967267 1e-5
-3.22665419769571 1e-5
-3.1947071264314 1e-5
-3.16307636280337 1e-5
-3.13175877505284 1e-5
-3.10075126242855 1e-5
-3.07005075487975 1e-5
-3.03965421275223 1e-5
-3.00955862648736 1e-5
-2.97976101632412 1e-5
-2.95025843200408 1e-5
-2.92104795247928 1e-5
-2.89212668562305 1e-5
-2.86349176794362 1e-5
-2.83514036430061 1e-5
-2.80706966762437 1e-5
-2.77927689863799 1e-5
-2.75175930558217 1e-5
-2.72451416394274 1e-5
-2.69753877618093 1e-5
-2.67083047146627 1e-5
-2.64438660541214 1e-5
-2.618204559814 1e-5
-2.5922817423901 1e-5
-2.56661558652486 1e-5
-2.54120355101471 1e-5
-2.51604311981654 1e-5
-2.49113180179856 1e-5
-2.46646713049362 1e-5
-2.44204666385507 1e-5
-2.41786798401492 1e-5
-2.39392869704448 1e-5
-2.3702264327173 1e-5
-2.34675884427456 1e-5
-2.32352360819263 1e-5
-2.3005184239531 1e-5
-2.27774101381495 1e-5
-2.25518912258906 1e-5
-2.23286051741491 1e-5
-2.21075298753952 1.00480311786026e-05
-2.18886434409853 1.09538403388608e-05
-2.16719241989954 1.19345230943978e-05
-2.14573506920746 1.29958327303171e-05
-2.12449016753214 1.41442647831388e-05
-2.10345561141796 1.53857961730324e-05
-2.0826293182356 1.67273682792005e-05
-2.06200922597584 1.81764104031352e-05
-2.04159329304539 1.97408751736689e-05
-2.02137949806474 2.14292775034866e-05
-2.00136583966806 2.32507322152633e-05
-1.98155033630501 2.52150023652978e-05
-1.96193102604457 2.73325451689891e-05
-1.94250596638076 2.96145650136488e-05
-1.92327323404036 3.20730702499069e-05
-1.90423092479243 3.47209348851591e-05
-1.88537715325983 3.75719644421585e-05
-1.86671005273251 4.06480202997788e-05
-1.84822777498268 4.39438492434685e-05
-1.82992849008186 4.74976666089628e-05
-1.81181038621967 5.13207547019095e-05
-1.79387166952442 5.54328072753662e-05
-1.77611056388557 5.98549979384873e-05
-1.75852531077779 6.46100981030719e-05
-1.74111416908692 6.97226047387566e-05
-1.72387541493754 7.52188861020952e-05
-1.70680734152232 8.11273366360744e-05
-1.68990825893299 8.74785487904465e-05
-1.67317649399306 9.4305481524311e-05
-1.65661039009214 0.000101643684030253
-1.64020830702192 0.000109531490721727
-1.62396862081378 0.000118010269872498
-1.607889723578 0.000127124667811885
-1.59197002334456 0.000136922905840313
-1.5762079439055 0.000147457067384987
-1.56060192465891 0.000158783434249191
-1.54515042045437 0.000170962847513147
-1.52985190143997 0.000184061090470224
-1.51470485291086 0.00019814933288002
-1.49970777515927 0.00021330458040456
-1.48485918332601 0.00022961018556541
-1.47015760725347 0.000247156401178127
-1.45560159134007 0.000266041007453489
-1.44118969439611 0.000286369913526063
-1.4269204895011 0.00030825799584589
-1.41279256386247 0.000331829771213372
-1.39880451867572 0.000357220420485106
-1.38495496898586 0.000384576382662234
-1.37124254355036 0.000414057555114058
-1.36445421412684 0.000429608818127178
-1.35766588470332 0.0004458365717945
-1.35094476646222 0.000462603437696716
-1.34422364822111 0.000480101888664619
-1.33756907570517 0.000498184310947982
-1.33091450318922 0.000517058443313012
-1.32432581752987 0.00053656533920566
-1.31773713187051 0.000556929418026696
-1.31121368072264 0.000577979499356089
-1.30469022957477 0.00059995814180886
-1.29823136705212 0.000622680923254845
-1.29177250452947 0.000646409977309222
-1.28537759114071 0.000670947013144383
-1.28218013444633 0.000683621195327708
-1.27898267775195 0.000696575316480567
-1.27581687904464 0.000709683890964648
-1.27265108033733 0.000723081024638583
-1.26948528163003 0.00073677420492726
-1.26631948292272 0.000750771086099942
-1.26318502875707 0.000764936354843359
-1.26005057459142 0.000779414876920767
-1.25691612042577 0.000794214947273561
-1.25534889334295 0.000801738113080835
-1.25378166626012 0.000809344915269395
-1.25067824629413 0.000824658552055068
-1.24757482632814 0.00084031258233712
-1.24447140636215 0.000856315948636026
-1.24136798639616 0.000872677846021491
-1.23522260032489 0.000906173306204711
-1.22907721425363 0.000941188750203783
-1.22299267358901 0.000977436392294307
-1.21690813292438 0.00101533854128896
-1.20485953754889 0.00109563681486791
-1.19293023519692 0.00118264254281825
-1.18111904474943 0.00127698155926297
-1.16942479678161 0.00137934484440138
-1.15784633344714 0.00149050370276848
-1.14638250836351 0.00161132045646996
-1.13503218649852 0.00174276261749951
-1.12379424405794 0.00188592004653977
-1.1126675683742 0.00204202555168907
-1.10165105779624 0.00221248027868191
-1.09074362158043 0.00239888477352187
-1.07994417978261 0.00260307772649098
-1.0692516631511 0.00282718447509276
-1.05866501302089 0.00307367814474203
-1.0481831812088 0.0033454583436262
-1.0378051299097 0.00364595253123831
-1.02752983159376 0.00397924942210603
-1.01735626890472 0.00435027550485428
-1.00728343455913 0.00476503448578777
-0.997310331246659 0.00523093432463504
-0.987435971531345 0.00575724964104599
-0.977659377753807 0.00635577704143878
-0.967979581934463 0.0070418034316713
-0.958395625677686 0.00783556489013344
-0.948906560076917 0.00876452172384359
-0.93951144562071 0.00986706311071318
-0.930209352099712 0.0111987238589915
-0.92560435530714 0.0119731414522607
-0.920999358514567 0.0128434223946075
-0.916439955749644 0.0138194771478519
-0.91188055298472 0.0149346627416733
-0.907366292821429 0.0162094957147348
-0.902852032658138 0.0176990233834165
-0.898382468140029 0.0194467717810166
-0.893912903621919 0.0215522596027798
-0.891700247919885 0.022763788814103
-0.88948759221785 0.0241122898693504
-0.887274936515815 0.0256226593263595
-0.885062280813781 0.0273236546284355
-0.882871532593945 0.0292309837865752
-0.880680784374109 0.031399877540947
-0.878490036154273 0.0338769155730509
-0.876299287934437 0.0367106442982668
-0.874130230291035 0.0399152880145938
-0.871961172647633 0.0435505897804812
-0.867623057360828 0.0521207651079345
-0.863327893710527 0.0619635789655427
-0.859032730060226 0.0724018092870525
-0.8547800927827 0.0826610329013092
-0.8505274555051739 0.0924946840994273
-0.842106391589282 0.11036396817852
-0.833768704543843 0.126105530711304
-0.82551356885529 0.140132497603691
-0.817340167183456 0.152795163736415
-0.809247690280649 0.164353443479564
-0.801235336911534 0.174999190462486
-0.793302313773796 0.184902703692272
-0.7854478354195999 0.194132747722992
-0.777671124177822 0.202786444016626
-0.7699714100770511 0.21093461396713
-0.762347930769357 0.218634093242463
-0.7547999314548089 0.225931784390746
-0.747326664806742 0.232866725778177
-0.739927390897764 0.23947210495573
-0.732601377126499 0.245776328862399
-0.725347898145049 0.251803955507677
-0.718166235787177 0.257576407740626
-0.711055678997205 0.263112507005377
-0.704015523759609 0.268428931123629
-0.697045073029316 0.27354046141657
-0.690143636662689 0.278460422358781
-0.6833105313491969 0.283200729853307
-0.6765450805437589 0.287772193922277
-0.669846614399762 0.292184589999057
-0.663214469702734 0.296446885836651
-0.656647989804688 0.300567204671209
-0.650146524559097 0.304553043025313
-0.643709430256531 0.308411299361999
-0.637336069560922 0.312148310331369
-0.631025811446457 0.31576995889538
-0.624778031135106 0.319281694877607
-0.618592110034759 0.322688578607648
-0.612467435677979 0.325995324012845
-0.606403401661365 0.329206322715094
-0.60039940758551 0.332325685561022
-0.5944548589955549 0.335357261376368
-0.588569167322331 0.338304651775773
-0.582741749824091 0.341171240762146
-0.576972029528803 0.343960211471488
-0.571259435177032 0.346674568268425
-0.565603401165378 0.349317127439891
-0.560003367490474 0.351890560875873
-0.554458779693538 0.354397383303421
-0.548969088805484 0.35683998179219
-0.543533751292558 0.359220610255574
-0.538152229002533 0.361541409229715
-0.532823989111418 0.363804405680759
-0.527548504070711 0.366011536570992
-0.52232525155516 0.368164610639784
-0.517153714411049 0.370265383747807
-0.512033380604999 0.37231551270328
-0.506963743173267 0.374316578062173
-0.501944300171551 0.376270081358908
-0.496974554625298 0.3781774601144
-0.492054014480493 0.380040086368126
-0.487182192554944 0.381859274731
-0.482358606490043 0.383636273120633
-0.477582778703013 0.385372279095533
-0.472854236339617 0.387068447759125
-0.468172511227344 0.388725880419711
-0.463537139829053 0.390345633255343
-0.458947663197082 0.391928720448427
-0.454403626927804 0.393476113516506
-0.449904581116638 0.394988755586033
-0.445450080313503 0.39646754814064
-0.441039683478716 0.397913356216054
-0.436672953939322 0.399327020116524
-0.432349459345864 0.40070934879738
-0.428068771629568 0.402061121836246
-0.423830466959968 0.403383094275435
-0.419634125702939 0.40467599634736
-0.415479332379147 0.405940533431089
-0.411365675622918 0.407177392882244
-0.407292748141503 0.408387236384363
-0.403260146674756 0.409570711502678
-0.399267471955204 0.410728438392483
-0.395314328668518 0.411861030482164
-0.391400325414375 0.412969078651847
-0.387525074667698 0.414053158860536
-0.383688192740295 0.415113830909188
-0.379889299742866 0.416151642669029
-0.376128019547392 0.417167126578582
-0.372403979749893 0.418160802949185
-0.368716811633558 0.419133177902992
-0.365066150132235 0.420084747558173
-0.361451633794292 0.421015994974854
-0.357872904746824 0.421927390073134
-0.354329608660222 0.42281939578465
-0.350821394713091 0.423692462453316
-0.347347915557516 0.424547030149267
-0.343908827284669 0.425383526984706
-0.340503789390762 0.426202373366308
-0.337132464743328 0.427003978800637
-0.33379451954785 0.427788744464287
-0.330489623314703 0.428557059111099
-0.327217448826438 0.429309305485208
-0.323977672105385 0.430045854523345
-0.320769972381569 0.430767069748572
-0.317594032060959 0.43147330443932
-0.314449536694019 0.432164902936399
-0.311336174944573 0.432842201770078
-0.308253638558984 0.433505528026922
-0.305201622335627 0.434155199536706
-0.30217982409468 0.4347915235013
-0.299187944648198 0.435414805237394
-0.296225687770494 0.436025335641899
-0.293292760168805 0.436623398708275
-0.290388871454263 0.437209273267461
-0.287513734113132 0.437783224706995
-0.284667063478348 0.438345514494703
-0.281848577701335 0.438896395149833
-0.279057997724094 0.439436112373101
-0.276295047251578 0.439964903250739
-0.273559452724335 0.440482999561964
-0.27085094329142 0.440990623363601
-0.268169250783585 0.441487993044054
-0.265514109686717 0.441975318674893
-0.262885257115562 0.442452803070441
-0.260282432787685 0.442920646532892
-0.257705378997708 0.443379038799698
-0.25515384059179 0.443828168036211
-0.252627564942366 0.44426821593472
-0.250126301923135 0.444699357667452
-0.247649803884292 0.445121764952364
-0.245197825628012 0.44553560580726
-0.24277012438417 0.445941042084265
-0.240366459786307 0.446338232628275
-0.237986593847829 0.446727332089889
-0.235630290938444 0.447108493729074
-0.233297317760836 0.447481863502792
-0.23098744332756 0.447847588394727
-0.228700438938179 0.448205811316908
-0.226436078156613 0.448556670209773
-0.224194136788725 0.448900304918265
-0.221974392860124 0.449236850346744
-0.219776626594182 0.449566441153933
-0.217600620390279 0.449889208910415
-0.215446158802257 0.45020528637883
-0.213313028517086 0.45051480346513
-0.211201018333748 0.450817892274322
-0.209109919142325 0.45111468529747
-0.207039523903292 0.451405322358246
-0.204989627627022 0.45168996270884
-0.202960027353487 0.45196866225152
-0.200950522132166 0.452242789035873
-0.198960913002144 0.452507452214748
-0.19699100297242 0.452767264965033
-0.195040597002396 0.453022503299383
-0.19310950198257 0.453272463793091
-0.191197526715416 0.453517221832704
-0.189304481896452 0.453756857853314
-0.187430180095497 0.45399146701774
-0.185574435738115 0.45422114671851
-0.183737065087243 0.454445998714124
-0.181917886224993 0.454666122047853
-0.180116719034647 0.454881618086181
-0.178333385182818 0.455092583197431
-0.1765677081018 0.455299115612672
-0.17481951297208 0.455501308898787
-0.173088626705029 0.455699257210986
-0.171374877925772 0.455893050809869
-0.169678096956209 0.456082778186181
-0.167998115798227 0.45626852667086
-0.166334768117057 0.456450378901821
-0.164687889224809 0.456628416633203
-0.163057316064167 0.456802718872578
-0.161442887192244 0.456973361091704
-0.159844442764598 0.457140418533237
-0.158261824519404 0.457303957970422
-0.156694875761787 0.457464050963969
-0.155143441348303 0.457620760366634
-0.153607367671588 0.457774151206691
-0.152086502645136 0.457924279176753
-0.150580695688254 0.458071203458892
-0.149089797711142 0.458214977515623
-0.147613661100141 0.458355650964521
-0.14615213970311 0.458493273181004
-0.14470508881496 0.45862788917868
-0.143272365163327 0.458759546409816
-0.141853826894383 0.458888270417403
-0.140449333558795 0.459014115917152
-0.139058746097817 0.459137109811402
-0.137681926829522 0.459257286090473
-0.13631873943517 0.459374674507825
-0.134969048945713 0.459489306285022
-0.133632721728429 0.45960120627627
-0.132309625473692 0.459710397737416
-0.130999629181873 0.459816904660961
-0.129702603150369 0.459920749107501
-0.128418418960762 0.460021942034715
-0.127146949466101 0.460120513769602
-0.125888068778317 0.460216476225394
-0.12464165225576 0.460309833991121
-0.123407576490851 0.460400613581267
-0.122185719297873 0.46048882432533
-0.120975959700864 0.460574477270365
-0.119778177921647 0.460657583622289
-0.118592255367968 0.460738154603879
-0.11741807462175 0.460816199494645
-0.116255519427476 0.460891728936913
-0.115104474680669 0.460964748266731
-0.113964826416504 0.461035274072893
-0.112836461798519 0.461103305697797
-0.111719269107444 0.461168858127603
-0.110613137730143 0.461231937438544
-0.109517958148656 0.461292552207315
-0.108433621929363 0.46135070941334
-0.10736002171224 0.461406422135931
-0.106297051200238 0.461459689993015
-0.10524460514875 0.461510527241242
-0.104202579355198 0.461558942101612
-0.103170870648711 0.461604942324981
-0.102149376879912 0.461648536136337
-0.101137996910804 0.461689732511942
-0.100136630604756 0.46172853891838
-0.0991451788165905 0.46176496400417
-0.0981635433827629 0.461799017070662
-0.0971916271116464 0.461830705884677
-0.0962293337739073 0.461860036385243
-0.0952765680929776 0.461887017689469
-0.0943332357356213 0.46191165763096
-0.0933992433025954 0.461933958055791
-0.0924744983194014 0.46195393191022
-0.0915589092271301 0.461971579631169
-0.09065238537339609 0.461986904876992
-0.08975483700336249 0.461999911718665
-0.0888661752508539 0.462010607006481
-0.0879863121295584 0.462018985865548
-0.0871151605243152 0.462025052513822
-0.0862526341824903 0.462028805895869
-0.085398647705436 0.462030241026114
-0.0845531165400356 0.462029356856181
-0.08371595697033229 0.462026143442486
-0.08288708610923989 0.462020597549416
-0.0820664218903365 0.462012707629829
-0.0812538830597391 0.462002464172918
-0.08044938916805849 0.461989852983349
-0.0796528605624342 0.461974860503649
-0.0788642183786477 0.461957470119488
-0.07808338453331461 0.461937658852305
-0.07731028171615301 0.461915410137221
-0.0765448333823297 0.461890699951724
-0.07578696374488091 0.461863500014457
-0.07503659776720881 0.461833786358406
-0.07429366115565229 0.461801527483498
-0.073558080352131 0.461766692196201
-0.0728297825268624 0.46172924817679
-0.0721086955711509 0.461689157248027
-0.0713947480902484 0.461646384435328
-0.0706878693962855 0.461600890434914
-0.0699879895012728 0.461552634830101
-0.0692950391101711 0.461501573931939
-0.0686089496140308 0.461447665237883
-0.0679296530831988 0.461390864236314
-0.06725708226059279 0.461331123601077
-0.06659117055504241 0.461268401942737
-0.0659318520346955 0.461202643758222
-0.0652790614204906 0.461133805239847
-0.0646327340796936 0.461061838214552
-0.0639928060194986 0.460986696006694
-0.0633592138806917 0.460908328337401
-0.0627318949313779 0.460826685228743
-0.0621107870607702 0.460741722378596
-0.0614958287730398 0.460653388695607
-0.0608869591812276 0.460561645633235
-0.0602841180012154 0.46046643366401
-0.0596872455457578 0.460367720442902
-0.0590962827185721 0.460265459610362
-0.0585111710084872 0.460159606975804
-0.0579318524836507 0.460050123978179
-0.0573582697857928 0.459936971546339
-0.0567903661245473 0.45982011217225
-0.056228085271829 0.459699510280094
-0.0556713715562664 0.459575132343732
-0.0551201698576895 0.45944694822762
-0.0545744256016727 0.459314921968063
-0.0540340847541314 0.459179032358469
-0.0534990938159717 0.459039250406713
-0.0529693998177938 0.458895549791193
-0.0524449503146473 0.458747910366066
-0.0519256933808389 0.458596309282208
-0.051411577604791 0.458440729554198
-0.0509025520839515 0.458281146741463
-0.0503985664197539 0.458117552128464
-0.0498995707126277 0.457949923517635
-0.0494055155570571 0.457778246394178
-0.0489163520366902 0.457602505600902
-0.0484320317194952 0.457422701949364
-0.0479525066529656 0.457238811616218
-0.0474777293593719 0.457050822655615
-0.0470076528310613 0.456858723962854
-0.0465422305258032 0.456662508836546
-0.0460814163621814 0.456462165197794
-0.0456251647150311 0.456257675327569
-0.0451734304109219 0.456049027986416
-0.044726168723685 0.455836217745835
-0.0442833353699852 0.455619228714679
-0.0438448865049358 0.455398046129956
-0.0434107787177582 0.455172655125875
-0.0429809690274834 0.454943039772271
-0.0425554148786964 0.454709192288534
-0.0421340741373232 0.454471084788217
-0.0417169050864586 0.454228703655764
-0.0413038664222363 0.453982026624523
-0.0408949172497389 0.453731036312904
-0.0404900170789494 0.453475710721446
-0.0400891258207419 0.453216028646055
-0.0396922037829128 0.452951962930914
-0.0392992116662503 0.45268349432328
-0.0389101105606439 0.452410595330826
-0.0385248619412316 0.452133245597415
-0.0381434276645857 0.451851404869073
-0.0377657699649363 0.451565068925405
-0.037391851450432 0.451274187838217
-0.0370216350994376 0.450978765952639
-0.036655084256869 0.450678737599526
-0.0362921626305633 0.450374113498241
-0.0359328342876865 0.450064845976452
-0.0355770636511747 0.4497509250495
-0.0352248154962126 0.449432347330664
-0.0348760549467451 0.449109034998286
-0.0345307474720249 0.448781009760655
-0.0341888588831929 0.448448265775953
-0.033850355329894 0.448110739891753
-0.0335152032969248 0.447768461070193
-0.0331833696009156 0.447421409556268
-0.0328548213870451 0.447069558064624
-0.0325295261257873 0.446712919129802
-0.0322074516096904 0.446351481271731
-0.0318885659501885 0.445985248046042
-0.031572837574444 0.445614218065903
-0.0312602352222218 0.445238391957646
-0.0309507279427939 0.444857789821996
-0.0306442850918751 0.44447241178053
-0.0303408763285892 0.44408227828498
-0.0300404716124646 0.443687402697981
-0.02974304120046 0.443287804431666
-0.0294485556440198 0.44288350799116
-0.0291569857861582 0.442474536386042
-0.0288683027585725 0.442060918673038
-0.0285824779787846 0.441642689277952
-0.0282994831473115 0.441219867288651
-0.0280192902448629 0.440792514216251
-0.0277418715295672 0.440360642363566
-0.027467199534225 0.439924290625278
-0.0271952470635891 0.439483502900056
-0.0269259871916724 0.439038325521168
-0.0266593932590815 0.438588806340586
-0.0263954388703778 0.438134961366366
-0.0261340978914631 0.437676858980378
-0.0258753444469932 0.437214530290725
-0.025619152917815 0.436748021174682
-0.0253654979384307 0.436277367919402
-0.0251143543944859 0.435802649941829
-0.024865697420283 0.435323875530238
-0.0246195023963198 0.434841087896417
-0.0243757449468513 0.434354341953162
-0.0241344009374766 0.433863680472905
-0.0238954464727491 0.433369134120526
-0.023658857893811 0.432870747832112
-0.0234246117760505 0.432368558952302
-0.0231926849267826 0.431862619245617
-0.0229630543829531 0.431352942393658
-0.0227356974088645 0.430839575382731
-0.0225105914939252 0.430322552890431
-0.022287714350421 0.429801908321868
-0.0220670439113079 0.429277675310334
-0.0218485583280276 0.42874988704745
-0.0216322359683442 0.428218571746048
-0.0214180554142022 0.42768376170018
-0.0212059954596061 0.427145488520275
-0.0209960351085209 0.426603778759959
-0.020788153572793 0.42605867294978
-0.0205823302700921 0.425510181185923
-0.0203785448218733 0.424958345939465
-0.0201767770513597 0.424403201867575
-0.0199770069815443 0.423844767858905
-0.0197792148332122 0.423283086198104
-0.0195833810229823 0.422718181869302
-0.0193894861613687 0.422150084958876
-0.0191975110508601 0.421578833699873
-0.0190074366840199 0.42100446166573
-0.0188192442416038 0.420427006244913
-0.0186329150906968 0.419846503297855
-0.0184484307828682 0.419262991191537
-0.0182657730523447 0.418676504783875
-0.0180849238142027 0.418087105060783
-0.0179058651625769 0.417494817767437
-0.017728579368888 0.416899694095816
-0.0175530488800872 0.416301777670536
-0.017379256316918 0.415701124902411
-0.017207184472196 0.41509778048965
-0.017036816309105 0.414491799333627
-0.0168681349595099 0.413883234412641
-0.016701123722287 0.413272143290888
-0.0165357660616703 0.412658583713389
-0.0163720456056142 0.412042612169447
-0.0162099461441724 0.411424290854071
-0.0160494516278935 0.41080368242749
-0.0158905461662312 0.410180848213769
-0.0157332140259715 0.409555850856994
-0.0155774396296747 0.408928768181905
-0.0154232075541334 0.408299649670447
-0.0152705025288449 0.407668575493501
-0.0151193094344999 0.407035609282891
-0.0149696133014851 0.406400806105015
-0.0148213993084011 0.405764265608816
-0.0146746527805951 0.405126034977218
-0.014529359188708 0.404486183103552
-0.0143855041472357 0.403844808662547
-0.0142430734131046 0.403201950557944
-0.014102052884262 0.402557691865677
-0.0139624285982792 0.401912098288107
-0.0138241867309695 0.401265245797028
-0.0136873135950193 0.400617193777096
-0.013551795638633 0.399968047388821
-0.0134176194441911 0.399317845234157
-0.0132847717269219 0.398666650183106
-0.013153239333586 0.398014550406805
-0.0130230092411743 0.397361610408162
-0.0128940685556181 0.396707897154801
-0.012766404510513 0.39605347659859
-0.0126400044658544 0.395398422003952
-0.0125148559067866 0.394742795368925
-0.0123909464423629 0.39408666751876
-0.0122682638043197 0.393430102955922
-0.0121467958458611 0.392773165525102
-0.0120265305404566 0.392115923962744
-0.0119074559806501 0.391458434991863
-0.0117895603768812 0.39080077265951
-0.0116728320563181 0.390142999213428
-0.0115572594617011 0.389485171295962
-0.0114428311501991 0.388827359523684
-0.0113295357922763 0.388169609389277
-0.0112173621705706 0.38751201020814
-0.0111062991787828 0.386854601734988
-0.010996335820577 0.386197453997945
-0.0108874612084921 0.385540627310073
-0.0107796645628634 0.384884177520126
-0.0106729352107559 0.384228167061641
-0.0105672625849068 0.383572652771601
-0.01046263622268 0.382917700233504
-0.0103590457650297 0.38226335840926
-0.010256480955475 0.381609692559475
-0.0101549316390841 0.380956757476596
-0.0100543877614694 0.380304609210801
-0.00995483936779152 0.379653304360271
-0.009856276601773781 0.37900290065683
-0.009758689704726511 0.378353452345225
-0.00966206901458071 0.377705011462154
-0.009566404964931391 0.377057636374633
-0.00947168808409049 0.37641137789395
-0.009377908994149 0.375766290442094
-0.00928505841004851 0.375122420925558
-0.00919312713866189 0.374479828910847
-0.00910210607788306 0.373838559569451
-0.0090119862157258 0.373198663816281
-0.008922758629431491 0.372560190602647
-0.008834414484585631 0.371923186714418
-0.008746945034243199 0.371287702963868
-0.008660341618062581 0.370653780904731
-0.0085745956614481 0.370021468526689
-0.00848969867470108 0.369390812618324
-0.008405642252179289 0.368761850890455
-0.00832241807146464 0.368134630002764
-0.00824001789253925 0.367509192690105
-0.00815843355696956 0.366885575406195
-0.00807765698709857 0.366263819110756
-0.00799768018524611 0.365643961861661
-0.00791849523291694 0.3650260429413
-0.00784009429001677 0.364410098599946
-0.00776246959407601 0.36379615926987
-0.0076856134594812 0.36318426645787
-0.00760951827671406 0.362574446602873
-0.00753417651159808 0.361966733699131
-0.00745958070455255 0.361361159939328
-0.00738572346985401 0.360757754529445
-0.00731259749490496 0.360156542979869
-0.00724019553950986 0.359557561359924
-0.00716851043515828 0.358960827477601
-0.00709753508431513 0.35836637202694
-0.00702726245971795 0.357774221410397
-0.00695768560368114 0.35718439357359
-0.00688879762740707 0.356596913966052
-0.00682059171030403 0.356011804275079
-0.00675306109931092 0.355429088932326
-0.00668619910822863 0.354848781177302
-0.00661999911705805 0.354270906961869
-0.0065544545713446 0.353695478813867
-0.00648955898152931 0.353122518454619
-0.00642530592230625 0.352552040291
-0.00636168903198638 0.351984061933944
-0.00629870201186771 0.351418597434515
-0.00623633862561159 0.350855658159389
-0.00617459269862534 0.35029526210937
-0.00611345811745083 0.34973742056625
-0.00605292882915924 0.349182145532129
-0.00599299884075172 0.348629448608378
-0.00593366221856606 0.34807934190343
-0.00587491308768917 0.347531836999589
-0.00581674563137541 0.346986937657422
-0.0057591540904707 0.346444657794368
-0.00570213276284228 0.345905005821013
-0.00564567600281414 0.345367989211622
-0.00558977822060806 0.344833615279059
-0.00553443388179016 0.344301891527316
-0.00547963750672293 0.343772825271029
-0.0054253836700227 0.343246422576844
-0.00537166700002248 0.34272268809834
-0.00531848217824008 0.342201628340493
-0.00526582393885156 0.341683247938266
-0.00521368706816986 0.341167556589609
-0.00516206640412858 0.340654543266153
-0.00511095683577087 0.340144226514755
-0.00506035330274343 0.339636606037418
-0.00501025079479548 0.339131687035945
-0.00496064435128265 0.338629465051338
-0.00491152906067589 0.338129949584387
-0.00486290006007514 0.337633142433821
-0.00481475253472786 0.33713904130515
-0.00476708171755234 0.336647650014821
-0.00471988288866568 0.33615897232523
-0.00467315137491651 0.335673007544995
-0.00462688254942229 0.335189746891144
-0.00458107183111118 0.33470920923855
-0.00453571468426849 0.334231386792787
-0.00449080661808762 0.333756268423074
-0.00444634318622536 0.333283876829934
-0.00440231998636175 0.332814198982145
-0.00435873265976411 0.332347234721201
-0.00431557689085555 0.331882983420096
-0.00427284840678767 0.331421444372788
-0.0042305429770175 0.330962617710442
-0.00418865641288861 0.330506499212138
-0.00414718456721645 0.330053088620558
-0.00410612333387767 0.329602387045559
-0.00406546864740364 0.329154392203797
-0.00402521648257786 0.328709093282939
-0.00398536285403748 0.328266505456162
-0.0039459038158787 0.327826602953028
-0.00390683546126603 0.327389394899926
-0.00386815392204558 0.326954878491533
-0.00382985536836196 0.326523048999612
-0.00379193600827917 0.326093904701996
-0.00375439208740512 0.325667441121359
-0.00371721988851992 0.325243655495014
-0.00368041573120784 0.324822543522327
-0.00364397597149291 0.324404100662614
-0.00360789700147813 0.323988322794216
-0.00357217524898825 0.323575205646926
-0.00353680717721609 0.323164744574507
-0.00350178928437236 0.32275693507068
-0.00346711810333897 0.322351772095526
-0.00343279020132572 0.321949253672197
-0.00339880217953041 0.321549365351607
-0.00336515067280239 0.321152111103206
-0.00333183234930929 0.320757482417765
-0.00329884391020722 0.320365472796814
-0.00326618208931408 0.319976077092713
-0.00323384365278622 0.319589288979693
-0.00320182539879824 0.319205102513248
-0.00317012415722598 0.318823511650647
-0.00313873678933265 0.318444508644393
-0.00310766018745807 0.318068087818694
-0.00307689127471096 0.317694242509496
-0.00304642700466432 0.317322965653107
-0.00301626436105378 0.316954250595905
-0.00298640035747899 0.316588089790408
-0.00295683203710791 0.316224475147271
-0.00292755647238407 0.315863399330495
-0.0028985707647367 0.315504857413484
-0.00286987204429376 0.315148842644686
-0.00284145746959779 0.314795337047971
-0.00281332422732454 0.314444341999498
-0.0027854695320045 0.31409584675297
-0.00275789062574703 0.313749843487102
-0.00273058477796735 0.31340632374309
-0.00270354928511619 0.313065278674606
-0.00267678147041207 0.312726699823261
-0.00265027868357631 0.312390577416338
-0.0026240383005706 0.312056904645913
-0.00259805772333723 0.311725671003256
-0.00257233437954181 0.311396868180198
-0.00254686572231862 0.311070487353174
-0.00252164923001844 0.310746517705894
-0.00249668240595885 0.310424950703216
-0.00247196277817708 0.310105776638119
-0.00244748789918523 0.309788986140133
-0.00242325534572795 0.309474569421281
-0.00239926271854252 0.309162516424237
-0.00237550764212131 0.3088528177379
-0.00235198776447654 0.308545462408386
-0.00232870075690747 0.308240441437377
-0.00230564431376977 0.307937744312271
-0.0022828161522473 0.307637360348894
-0.00226021401212604 0.307339279337325
-0.00223783565557034 0.307043490983683
-0.00221567886690132 0.30674998462349
-0.00219374145237755 0.306458749723137
-0.00217202123997777 0.306169775565075
-0.00215051607918591 0.305883051285475
-0.00212922384077813 0.305598566375404
-0.00210814241661201 0.305316309859027
-0.00208726971941783 0.305036270116293
-0.00206660368259191 0.304758439460303
-0.00204614225999199 0.304482801830972
-0.00202588342573464 0.304209346045035
-0.0020058251739947 0.303938062172977
-0.00198596551880663 0.303668944234675
-0.00196630249386795 0.303401976073596
-0.00194683415234451 0.303137144386857
-0.00192755856667773 0.302874442705239
-0.00190847382839379 0.302613855769736
-0.00188957804791465 0.302355374458154
-0.00187086935437094 0.30209898523408
-0.00185234589541677 0.301844676967014
-0.0018340058370463 0.301592438271156
-0.00181584736341218 0.301342258460645
-0.00179786867664573 0.301094124448778
-0.00178006799667894 0.300848024990706
-0.00176244356106825 0.300603948239479
-0.00174499362482005 0.30036188243713
-0.00172771646021787 0.300121815731427
-0.00171061035665136 0.299883736278007
-0.00169367362044689 0.299647632235703
-0.00167690457469989 0.299413491647913
-0.00166030155910881 0.299181302596632
-0.0016438629298107 0.298951053166146
-0.00162758705921851 0.298722731405396
-0.00161147233585991 0.298496325351274
-0.00159551716421774 0.298271823031416
-0.00157971996457202 0.298049212453617
-0.00156407917284358 0.297828481644657
-0.00154859324043919 0.297609618585641
-0.00153326063409821 0.297392611300098
-0.0015180798357408 0.297177447717139
-0.00150304934231762 0.296964115992435
-0.00148816766566101 0.296752604027864
-0.00147343333233764 0.296542899144394
-0.00145884488350261 0.296334991296476
-0.00144440087475506 0.29612886549104
-0.00143009987599511 0.29592451311939
-0.00141594047128228 0.295721920427351
-0.00140192125869533 0.295521075360479
-0.0013880408501934 0.295321966231407
-0.00137429787147861 0.295124581067343
-0.00136069096186001 0.294928908047913
-0.00134721877411882 0.294734935244109
-0.00133387997437507 0.294542650780686
-0.00132067324195552 0.29435204281287
-0.00130759726926289 0.294163099482128
-0.00129465076164642 0.293975808979821
-0.00128183243727369 0.293790159451772
-0.00126914102700365 0.293606138592835
-0.00125657527426104 0.293423738238932
-0.00124413393491192 0.293242941164419
-0.00123181577714052 0.293063738671724
-0.00121961958132724 0.292886118793274
-0.00120754413992796 0.292710069907858
-0.00119558825735442 0.292535580420686
-0.00118375074985586 0.292362638782801
-0.00117203044540184 0.292191233484392
-0.00116042618356618 0.292021353053934
-0.00114893681541206 0.291852986057121
-0.00113756120337828 0.291686121099478
-0.00112629822116661 0.291520746825889
-0.00111514675363031 0.291356851921817
-0.00110410569666367 0.29119442511426
-0.00109317395709274 0.291033455172521
-0.00108235045256707 0.290873930909494
-0.00107163411145255 0.290715841139841
-0.00106102387272529 0.29055917489534
-0.00105051868586663 0.290403920999841
-0.00104011751075904 0.290250068502826
-0.00102981931758321 0.290097606359006
-0.00101962308671605 0.289946523046179
-0.00100952780862975 0.289796809118716
-0.00099953248379183 0.289648452840871
-0.0009896361225661681 0.289501443403801
-0.000979837745115018 0.28935577073569
-0.000970136381301998 0.289211423708494
-0.000960531070596037 0.289068392642614
-0.000951020861976275 0.288926665065231
-0.000941604813837896 0.288786231600316
-0.0009322819938989071 0.288647081535957
-0.000923051479107828 0.288509204600487
-0.000913912355552305 0.288372590447707
-0.000904863718368619 0.288237228783788
-0.000895904671652098 0.288103109374175
-0.000887034328368414 0.287970222034118
-0.000878251810265756 0.287838556636099
-0.000869556247787878 0.287708103109733
-0.000860946779987997 0.287578851440364
-0.0008524225544435619 0.28745079167003
-0.000843982727171843 0.287323913898119
-0.00083562646254638 0.28719820828038
-0.000827352933214237 0.287073665030571
-0.000819161320014096 0.286950274420753
-0.000811050811895145 0.286828026789919
-0.000803020605836777 0.286706912507485
-0.000795069906769086 0.286586922029094
-0.000787197927494145 0.286468045859793
-0.000779403888608064 0.286350274563526
-0.000771687018423826 0.286233598762904
-0.000764046552894877 0.286118009139915
-0.000756481735539482 0.286003496435647
-0.000748991817365824 0.285890051450508
-0.000741576056797845 0.285777665043388
-0.000734233719601827 0.285666328135375
-0.00072696407881369 0.285556031704342
-0.00071976641466702 0.285446766788643
-0.000712640014521802 0.285338524486177
-0.000705584172793863 0.28523129595438
-0.000698598190885013 0.285125072410106
-0.000691681377113875 0.285019845129371
-0.0006848330466474 0.284915605446665
-0.00067805252143307 0.284812344752627
-0.000671339130131752 0.284710054485396
-0.00066469220805124 0.284608726045767
-0.000658111097080435 0.284508354086555
-0.0006515951456241939 0.284408922568985
-0.000645143708538805 0.284310429651298
-0.000638756147068124 0.284212865292964
-0.000632431828780321 0.284116222108842
-0.000626170127505268 0.284020490469279
-0.000619970423272543 0.283925663823631
-0.000613832102250043 0.28383173304419
-0.00060775455668321 0.28373869053085
-0.000601737184834862 0.283646528550496
-0.000595779390925606 0.283555238998537
-0.000589880585074857 0.283464814229008
-0.000584040183242433 0.283375246522133
-0.000578257607170726 0.283286528217068
-0.000572532284327451 0.283198651711044
-0.000566863647848961 0.283111609459117
-0.00056125113648412 0.283025393973863
-0.000555694194538733 0.282939997825495
-0.000550192271820528 0.28285541364023
-0.000544744823584681 0.282771634102284
-0.000539351310479882 0.282688651952054
-0.000534011198494933 0.282606459986711
-0.000528723958905874 0.282525051059275
-0.0005234890682236369 0.282444418078983
-0.000518306008142215 0.282364554010521
-0.000513174265487342 0.282285451874371
-0.000508093332165685 0.282207104746251
-0.00050306270511454 0.282129505756851
-0.0004980818862520199 0.282052648091684
-0.000493150382427742 0.281976524990735
-0.000488267705374002 0.281901129750231
-0.000483433371657428 0.281826455714659
-0.000478646902631117 0.281752496287997
-0.000473907824387244 0.281679244925796
-0.000469215667710143 0.281606695136822
-0.000464569968029844 0.281534840485033
-0.000459970265376083 0.281463674580309
-0.000455416104332756 0.281393191091671
-0.000450907033992828 0.281323383737999
-0.000446442607913691 0.281254246607946
-0.000442022384072961 0.28118577288791
-0.000437645924824714 0.281117956770502
-0.000433312796856152 0.281050792178095
-0.000429022571144705 0.280984273086447
-0.00042477482291555 0.280918393521928
-0.000420569131599554 0.280853147559064
-0.000416405080791638 0.280788529323806
-0.000412282258209542 0.28072453299106
-0.000408200255653012 0.280661152784483
-0.000404158668963379 0.280598382977944
-0.000400157097983543 0.280536217892589
-0.00039619514651836 0.280474651898295
-0.000392272422295405 0.280413679412918
-0.000388388536926144 0.280353294902006
-0.000384543105867469 0.280293492878478
-0.000380735748383633 0.280234267902329
-0.000376966087508547 0.280175614580315
-0.000373233750008463 0.280117527565652
-0.000369538366345013 0.280060001557707
-0.000365879570638626 0.280003031301684
-0.000362257000632303 0.279946611588322
-0.000358670297655746 0.27989073725358
-0.000355119106589847 0.279835403178323
-0.000351603075831532 0.279780604288042
-0.000348121857258943 0.279726335552359
-0.000344675106196973 0.279672591984846
-0.000341262481383142 0.279619368642637
-0.000337883644933803 0.279566660625227
-0.000334538262310697 0.27951446307149
-0.000331226002287818 0.279462770977899
-0.000327946536918632 0.279411579883574
-0.000324699541503596 0.279360885002693
-0.000321484694558016 0.279310681672493
-0.000318301677780214 0.279260965128225
-0.000315150176020014 0.27921173080826
-0.000312029877247538 0.279162974148442
-0.000308940472522315 0.279114690625896
-0.000305881655962688 0.279066875758289
-0.000302853124715533 0.279019525103413
-0.00029985457892627 0.278972634258793
-0.000296885721709178 0.278926198861494
-0.000293946259117998 0.278880214587637
-0.00029103590011683 0.278834677152201
-0.000288154356551317 0.278789582308708
-0.000285301343120116 0.278744925848911
-0.000282476577346649 0.278700703602517
-0.000279679779551138 0.27865691143685
-0.000276910672822909 0.27861354525662
-0.000274168982992979 0.278570601003577
-0.00027145443860691 0.278528074656248
-0.00026876677089793 0.278485962229632
-0.000266105713760327 0.278444259774907
-0.000263471003723096 0.278402963379149
-0.000260862379923858 0.278362069165049
-0.000258279584083027 0.278321573290478
-0.000255722360478245 0.278281471948248
-0.000253190455919054 0.278241761365205
-0.000250683619721836 0.278202437798069
-0.000248201603684986 0.278163497720454
-0.000245744162064343 0.278124937010485
-0.000243311051548854 0.278086752431191
-0.000240902031236489 0.27804894026868
-0.000238516862610385 0.278011496950152
-0.000236155309515233 0.277974418938346
-0.000233817138133894 0.277937702729049
-0.000231502116964252 0.277901344850492
-0.000229210016796289 0.277865341862995
-0.000226940610689395 0.277829690358645
-0.000224693673949896 0.277794386914528
-0.000222468984108808 0.277759428278535
-0.00022026632089981 0.277724811089981
-0.000218085466237435 0.277690532065382
-0.000215926204195481 0.277656587951733
-0.000213788320985624 0.277622975526222
-0.000211671604936262 0.277589691595969
-0.000209575846471546 0.277556732997789
-0.00020750083809064 0.277524096597922
-0.000205446374347168 0.277491779291797
-0.000203412251828879 0.277459778003775
-0.000201398269137504 0.277428089686902
-0.000199404226868816 0.277396711322665
-0.000197429927592887 0.277365639920742
-0.000195475175834542 0.277334872518771
-0.000193539778054002 0.277304406182098
-0.000191623542627725 0.277274238003542
-0.00018972627982943 0.277244365103152
-0.000187847801811317 0.277214784627981
-0.000185987922585462 0.277185493751839
-0.000184146458005408 0.277156489675072
-0.000182323225747929 0.277127769624318
-0.000180518045294979 0.277099330852286
-0.000178730737915821 0.277071170637528
-0.000176961126649328 0.277043286284203
-0.000175209036286463 0.277015675121866
-0.000173474293352934 0.27698833450523
-0.000171756726092014 0.276961261813953
-0.000170056164447538 0.276934454452418
-0.000168372440047068 0.276907909849511
-0.000166705386185215 0.276881625458401
-0.000165054837807144 0.276855598756333
-0.000163420631492222 0.276829827244408
-0.000161802605437843 0.27680430844737
-0.000160200599443409 0.276779039913403
-0.000158614454894465 0.276754019213909
-0.000157044014746995 0.276729243943313
-0.000155489123511876 0.276704711718848
-0.000153949627239481 0.276680420180358
-0.000152425373504437 0.276656366990087
-0.000150916211390531 0.276632549832467
-0.000149421991475774 0.276608966414007
-0.000147942565817598 0.276585614462906
-0.000146477787938216 0.276562491729048
-0.000145027512810114 0.276539595983712
-0.000143591596841697 0.276516925019384
-0.000142169897863067 0.27649447664961
-0.000140762275111947 0.276472248708741
-0.00013936858921975 0.27645023905179
-0.000137988702197772 0.276428445554881
-0.000136622477423537 0.276406866112434
-0.000135269779627264 0.276385498640946
-0.000133930474878479 0.276364341076158
-0.000132604430572752 0.276343391373533
-0.000131291515418566 0.276322647508079
-0.000129991599424323 0.276302107474191
-0.000128704553885468 0.276281769285446
-0.000127430251371751 0.276261630974488
-0.000126168565714605 0.276241690593011
-0.000124919371994658 0.276221946213459
-0.000123682546529364 0.276202395906268
-0.000122457966860757 0.276183037809789
-0.000121245511743324 0.276163870029414
-0.000120045061132003 0.276144890711226
-0.0001188564961703 0.276126098016385
-0.000117679699178515 0.27610749012348
-0.000116514553642094 0.276089065228549
-0.000115360944200093 0.276070821544927
-0.000114218756633756 0.27605275730313
-0.000113087877855204 0.276034870750678
-0.000111968195896241 0.27601716015193
-0.000110859599897269 0.275999623787956
-0.000109761980096306 0.275982259956364
-0.000108675227818124 0.275965066971152
-0.00010759923546349 0.275948043162544
-0.000106533896498505 0.275931186876857
-0.000105479105444064 0.275914496476342
-0.00010443475786541 0.275897970339035
-0.000103400750361792 0.27588160685861
-0.00010237698055623 0.275865404444236
-0.000101363347085376 0.275849361520427
-0.000100359749589481 0.275833476526901
-9.93660887024564e-05 0.275817747918444
-9.838226604203611e-05 0.275802174164758
-9.74081842000357e-05 0.275786753750326
-9.64437467327086e-05 0.275771485174276
-9.548885815119661e-05 0.275756366950237
-9.45434239120759e-05 0.275741397606209
-9.36073504079959e-05 0.27572657568443
-9.26805449584118e-05 0.275711899741232
-9.17629158004077e-05 0.275697368346916
-9.08543720796116e-05 0.275682980085622
-8.995482384119961e-05 0.275668733555191
-8.90641820209897e-05 0.275654627367042
-8.81823584366235e-05 0.275640660146041
-8.730926577883521e-05 0.275626830530377
-8.64448176028071e-05 0.275613137171435
-8.5588928319611e-05 0.275599578733667
-8.474151318773359e-05 0.275586153894476
-8.39024883046868e-05 0.275572861344088
-8.307177059869981e-05 0.275559699785433
-8.22492778204948e-05 0.275546667934023
-8.143492853514339e-05 0.275533764517834
-8.062864211400339e-05 0.275520988277187
-7.9830338726736e-05 0.275508337964635
-7.9039939333402e-05 0.275495812344804
-7.82573656766356e-05 0.275483410194458
-7.74825402738966e-05 0.275471130302038
-7.671538640979859e-05 0.275458971467894
-7.59558281285135e-05 0.275446932503998
-7.5203790226251e-05 0.275435012233868
-7.44591982438129e-05 0.275423209492468
-7.37219784592207e-05 0.275411523126081
-7.299205788041651e-05 0.275399951992216
-7.22693642380361e-05 0.275388494959497
-7.155382597825361e-05 0.275377150907554
-7.084537225569659e-05 0.275365918726922
-7.01439329264323e-05 0.275354797318929
-6.944943854102211e-05 0.275343785595608
-6.876182033764561e-05 0.275332882479578
-6.80810102352927e-05 0.275322086903958
-6.74069408270225e-05 0.275311397812252
-6.673954537328961e-05 0.27530081415826
-6.607875779533621e-05 0.275290334905976
-6.54245126686497e-05 0.275279959029491
-6.477674521648491e-05 0.275269685512898
-6.41353913034504e-05 0.275259513350188
-6.350038742915879e-05 0.275249441545171
-6.28716707219394e-05 0.275239469111364
-6.22491789326132e-05 0.275229595071911
-6.16328504283299e-05 0.275219818459483
-6.10226241864653e-05 0.275210138316191
-6.04184397885795e-05 0.275200553693494
-5.98202374144351e-05 0.275191063652111
-5.92279578360744e-05 0.275181667261924
-5.86415424119548e-05 0.275172363601903
-5.80609330811434e-05 0.275163151760023
-5.74860723575677e-05 0.27515403083312
-5.69169033243245e-05 0.275144999926901
-5.6353369628044e-05 0.27513605815579
-5.57954154733109e-05 0.275127204642869
-5.52429856171395e-05 0.275118438519784
-5.46960253635045e-05 0.27510975892667
-5.41544805579252e-05 0.275101165012067
-5.36182975821042e-05 0.275092655932841
-5.3087423348618e-05 0.275084230854097
-5.25618052956614e-05 0.275075888949108
-5.2041391381843e-05 0.275067629399229
-5.15261300810327e-05 0.275059451393829
-5.10159703772601e-05 0.275051354130199
-5.05108617596634e-05 0.275043336813488
-5.00107542174885e-05 0.275035398656627
-4.95155982351372e-05 0.275027538880238
-4.90253447872645e-05 0.275019756712583
-4.85399453339253e-05 0.275012051389469
-4.80593518157676e-05 0.275004422154193
-4.75835166492748e-05 0.274996868257451
-4.71123927220543e-05 0.274989388957294
-4.66459333881726e-05 0.274981983519016
-4.61840924635372e-05 0.274974651215121
-4.5726824221324e-05 0.274967391325242
-4.52740833874495e-05 0.274960203136042
-4.48258251360886e-05 0.27495308594124
-4.43820050852362e-05 0.274946039041399
-4.39425792923131e-05 0.274939061743991
-4.35075042498149e-05 0.274932153363243
-4.30767368810049e-05 0.274925313220098
-4.26502345356484e-05 0.274918540642213
-4.22279549857905e-05 0.274911834963829
-4.18098564215747e-05 0.274905195526224
-4.13958974471037e-05 0.274898621674173
-4.09860370763403e-05 0.274892112764474
-4.05802347290498e-05 0.274885668155514
-4.0178450226782e-05 0.274879287213724
-3.97806437888931e-05 0.274872969311501
-3.9386776028607e-05 0.27486671382749
-3.89968079491158e-05 0.27486052014635
-3.86107009397186e-05 0.274854387658838
-3.82284167719987e-05 0.274848315761663
-3.78499175960383e-05 0.27484230385746
-3.74751659366716e-05 0.274836351354726
-3.71041246897738e-05 0.274830457667759
-3.67367571185879e-05 0.274824622216624
-3.63730268500871e-05 0.274818844427066
-3.60128978713733e-05 0.274813123730464
-3.56563345261122e-05 0.274807459563803
-3.53033015110022e-05 0.274801851369576
-3.49537638722794e-05 0.274796298595759
-3.46076870022568e-05 0.274790800695753
-3.42650366358979e-05 0.274785357128328
-3.39257788474236e-05 0.274779967357567
-3.35898800469541e-05 0.27477463085282
-3.32573069771823e-05 0.274769347088656
-3.29280267100814e-05 0.274764115544801
-3.2602006643645e-05 0.274758935706093
-3.22792144986584e-05 0.27475380706245
-3.19596183155034e-05 0.274748729108776
-3.16431864509934e-05 0.274743701344959
-3.1329887575241e-05 0.274738723275802
-3.10196906685555e-05 0.27473379441097
-3.07125650183718e-05 0.274728914264949
-3.04084802162097e-05 0.274724082357006
-3.0107406154663e-05 0.27471929821113
-2.98093130244188e-05 0.274714561355992
-2.95141713113058e-05 0.274709871324899
-2.92219517933721e-05 0.274705227655749
-2.89326255379921e-05 0.274700629890981
-2.86461638990021e-05 0.274696077577541
-2.83625385138635e-05 0.274691570266825
-2.80817213008549e-05 0.27468710751465
-2.7803684456292e-05 0.274682688881199
-2.75284004517743e-05 0.274678313930981
-2.72558420314597e-05 0.274673982232792
-2.6985982209366e-05 0.274669693359677
-2.6718794266699e-05 0.274665446888874
-2.64542517492069e-05 0.274661242401783
-2.61923284645613e-05 0.27465707948393
-2.59329984797637e-05 0.274652957724913
-2.56762361185779e-05 0.274648876718385
-2.5422015958988e-05 0.274644836061969
-2.51703128306812e-05 0.274640835357288
-2.49211018125557e-05 0.274636874209856
-2.46743582302531e-05 0.274632952229083
-2.4430057653716e-05 0.274629069028232
-2.41881758947683e-05 0.274625224224362
-2.39486890047211e-05 0.27462141743831
-2.37115732720011e-05 0.274617648294648
-2.3476805219803e-05 0.274613916421638
-2.32443616037654e-05 0.274610221451207
-2.30142194096687e-05 0.274606563018911
-2.27863558511571e-05 0.274602940763911
-2.25607483674823e-05 0.274599354328875
-2.23373746212696e-05 0.274595803360042
-2.21162124963065e-05 0.274592287507118
-2.1897240095353e-05 0.274588806423254
-2.16804357379733e-05 0.274585359765021
-2.14657779583894e-05 0.274581947192398
-2.12532455033558e-05 0.274578568368752
-2.10428173300553e-05 0.274575222960867
-2.08344726040151e-05 0.274571910632251
-2.06281906970447e-05 0.274568631072476
-2.04239511851927e-05 0.274565383943453
-2.02217338467255e-05 0.274562168928804
-2.00215186601242e-05 0.274558985711429
-1.98232858021032e-05 0.274555833977152
-1.96270156456467e-05 0.274552713414973
-1.94326887580661e-05 0.274549623716904
-1.92402858990753e-05 0.274546564578024
-1.90497880188865e-05 0.274543535696381
-1.88611762563232e-05 0.274540536773037
-1.86744319369537e-05 0.274537567511973
-1.84895365712413e-05 0.274534627620097
-1.83064718527141e-05 0.274531716807208
-1.81252196561526e-05 0.274528834785964
-1.79457620357947e-05 0.274525981271875
-1.77680812235591e-05 0.274523155983227
-1.75921596272862e-05 0.274520358641104
-1.74179798289962e-05 0.274517588969334
-1.72455245831646e-05 0.274514846694467
-1.70747768150145e-05 0.274512131545758
-1.69057196188262e-05 0.274509443255127
-1.67383362562636e-05 0.274506781557139
-1.65726101547164e-05 0.27450414618898
-1.64085249056598e-05 0.274501536890421
-1.62460642630295e-05 0.274498953403813
-1.60852121416134e-05 0.274496395474032
-1.59259526154588e-05 0.274493862848487
-1.57682699162958e-05 0.274491355277073
-1.56121484319761e-05 0.274488872512149
-1.54575727049268e-05 0.274486414308523
-1.53045274306206e-05 0.274483980423419
-1.515299745606e-05 0.274481570616461
-1.50029677782772e-05 0.274479184649641
-1.48544235428487e-05 0.274476822287298
-1.47073500424245e-05 0.274474483296105
-1.45617327152718e-05 0.274472167445024
-1.44175571438334e-05 0.274469874505313
-1.42748090533004e-05 0.274467604250477
-1.41334743101984e-05 0.274465356456259
-1.39935389209886e-05 0.274463130900616
-1.38549890306817e-05 0.274460927363699
-1.37178109214671e-05 0.274458745627825
-1.35819910113535e-05 0.274456585477462
-1.34475158528253e-05 0.274454446699206
-1.33143721315102e-05 0.274452329081758
-1.31825466648616e-05 0.274450232415909
-1.3052026400853e-05 0.274448156494506
-1.29227984166862e-05 0.274446101112457
-1.27948499175111e-05 0.274444066066676
-1.26681682351595e-05 0.274442051156099
-1.25427408268906e-05 0.274440056181637
-1.24185552741491e-05 0.274438080946168
-1.22955992813357e-05 0.27443612525452
-1.21738606745898e-05 0.274434188913447
-1.2053327400584e-05 0.274432271731606
-1.19339875253307e-05 0.274430373519555
-1.18158292330007e-05 0.27442849408971
-1.16988408247531e-05 0.27442663325635
-1.15830107175774e-05 0.27442479083558
-1.14683274431459e-05 0.274422966645325
-1.13547796466791e-05 0.274421160505309
-1.12423560858209e-05 0.274419372237032
-1.11310456295256e-05 0.274417601663764
-1.10208372569561e-05 0.274415848610517
-1.09117200563922e-05 0.274414112904029
-1.08036832241506e-05 0.274412394372753
-1.06967160635155e-05 0.274410692846833
-1.05908079836787e-05 0.274409008158096
-1.04859484986918e-05 0.274407340140026
-1.03821272264275e-05 0.274405688627751
-1.0279333887552e-05 0.274404053458032
-1.01775583045069e-05 0.274402434469242
-1.00767904005019e-05 0.274400831501347
-9.977020198516739e-06 0.274399244395894
-9.878237820313601e-06 0.274397672996004
-9.780433485459009e-06 0.274396117146334
-9.68359751035546e-06 0.27439457669309
-9.587720307282629e-06 0.274393051483986
-9.492792383448151e-06 0.274391541368245
-9.39880434004767e-06 0.274390046196585
-9.30574687133433e-06 0.274388565821191
-9.21361076369735e-06 0.274387100095713
-9.12238689474986e-06 0.274385648875245
-9.0320662324256e-06 0.274384212016313
-8.942639834084751e-06 0.274382789376864
-8.85409884562847e-06 0.274381380816245
-8.76643450062225e-06 0.274379986195174
-8.679638119427971e-06 0.274378605375824
-8.593701108344519e-06 0.274377238221616
-8.508614958756951e-06 0.274375884597393
-8.42437124629401e-06 0.274374544369318
-8.34096162999407e-06 0.274373217404876
-8.25837785147928e-06 0.274371903572859
-8.1766117341379e-06 0.274370602743365
-8.09565518231475e-06 0.27436931478776
-8.01550018050966e-06 0.274368039578697
-7.93613879258382e-06 0.27436677699008
-7.85756316097408e-06 0.274365526897059
-7.77976550591493e-06 0.274364289176021
-7.702738124668249e-06 0.274363063704571
-7.62647339076064e-06 0.27436185036153
-7.55096375322836e-06 0.274360649026909
-7.47620173586966e-06 0.274359459581913
-7.40217993650461e-06 0.274358281908914
-7.32889102624219e-06 0.274357115891452
-7.25632774875465e-06 0.274355961414214
-7.18448291955906e-06 0.274354818363032
-7.113349425306e-06 0.274353686624862
-7.04292022307524e-06 0.274352566087781
-6.97318833967846e-06 0.274351456640971
-6.90414687096877e-06 0.274350358174707
-6.8357889811572e-06 0.274349270580354
-6.76810790213584e-06 0.274348193750345
-6.70109693280776e-06 0.274347127578182
-6.63474943842353e-06 0.274346071958418
-6.56905884992428e-06 0.274345026786647
-6.50401866329137e-06 0.274343991959495
-6.43962243890235e-06 0.274342967374614
-6.37586380089341e-06 0.274341952930663
-6.31273643652813e-06 0.274340948527308
-6.25023409557241e-06 0.274339954065203
-6.18835058967565e-06 0.274338969445983
-6.12707979175807e-06 0.274337994572264
-6.06641563540403e-06 0.274337029347613
-6.00635211426141e-06 0.274336073676561
-5.94688328144694e-06 0.274335127464579
-5.88800324895737e-06 0.27433419061807
-5.82970618708651e-06 0.274333263044366
-5.77198632384803e-06 0.274332344651714
-5.71483794440399e-06 0.274331435349268
-5.658255390499e-06 0.274330535047084
-5.6022330599e-06 0.274329643656101
-5.54676540584158e-06 0.274328761088146
-5.49184693647681e-06 0.27432788725591
-5.43747221433348e-06 0.274327022072954
-5.38363585577572e-06 0.27432616545369
-5.33033253047101e-06 0.27432531731338
-5.27755696086239e-06 0.27432447756812
-5.22530392164593e-06 0.274323646134838
-5.17356823925339e-06 0.274322822931284
-5.12234479133999e-06 0.274322007876018
-5.07162850627722e-06 0.274321200888411
-5.02141436265071e-06 0.274320401888629
-4.97169738876308e-06 0.274319610797625
-4.92247266214166e-06 0.274318827537137
-4.87373530905115e-06 0.274318052029674
-4.82548050401104e-06 0.274317284198517
-4.77770346931786e-06 0.274316523967697
-4.73039947457214e-06 0.274315771262008
-4.68356383621004e-06 0.274315026006976
-4.63719191703965e-06 0.274314288128873
-4.59127912578183e-06 0.274313557554694
-4.54582091661567e-06 0.274312834212158
-4.50081278872839e-06 0.274312118029701
-4.45625028586969e-06 0.274311408936466
-4.41212899591058e-06 0.274310706862295
-4.36844455040652e-06 0.274310011737722
-4.32519262416487e-06 0.274309323493976
-4.2823689348167e-06 0.27430864206296
-4.23996924239277e-06 0.274307967377248
-4.19798934890374e-06 0.274307299370095
-4.15642509792449e-06 0.274306637975395
-4.11527237418267e-06 0.274305983127715
-4.07452710315115e-06 0.274305334762257
-4.03418525064471e-06 0.274304692814871
-3.9942428224205e-06 0.274304057222039
-3.95469586378268e-06 0.27430342792087
-3.91554045919077e-06 0.2743028048491
-3.87677273187205e-06 0.274302187945072
-3.83838884343767e-06 0.27430157714775
-3.80038499350264e-06 0.274300972396693
-3.76275741930955e-06 0.274300373632063
-3.72550239535599e-06 0.274299780794612
-3.68861623302573e-06 0.274299193825677
-3.6520952802235e-06 0.274298612667179
-3.61593592101336e-06 0.274298037261611
-3.58013457526076e-06 0.274297467552032
-3.54468769827798e-06 0.274296903482072
-3.50959178047324e-06 0.274296344995911
-3.47484334700321e-06 0.274295792038288
-3.44043895742892e-06 0.274295244554482
-3.40637520537517e-06 0.274294702490319
-3.37264871819324e-06 0.274294165792158
-3.33925615662697e-06 0.274293634406887
-3.30619421448215e-06 0.274293108281925
-3.27345961829915e-06 0.27429258736521
-3.24104912702887e-06 0.274292071605188
-3.20895953171175e-06 0.274291560950824
-3.17718765516015e-06 0.274291055351581
-3.14573035164371e-06 0.274290554757428
-3.11458450657793e-06 0.274290059118826
-3.08374703621577e-06 0.274289568386726
-3.05321488734235e-06 0.274289082512565
-3.02298503697262e-06 0.27428860144826
-2.9930544920521e-06 0.274288125146203
-2.9634202891605e-06 0.274287653559259
-2.93407949421831e-06 0.27428718664076
-2.90502920219635e-06 0.274286724344496
-2.87626653682807e-06 0.274286266624719
-2.84778865032482e-06 0.274285813436128
-2.81959272309388e-06 0.274285364733875
-2.79167596345929e-06 0.274284920473554
-2.76403560738544e-06 0.2742844806112
-2.7366689182034e-06 0.27428404510328
-2.70957318634e-06 0.274283613906692
-2.68274572904951e-06 0.274283186978765
-2.65618389014803e-06 0.274282764277247
-2.62988503975052e-06 0.2742823457603
-2.60384657401042e-06 0.274281931386509
-2.5780659148618e-06 0.274281521114862
-2.55254050976416e-06 0.274281114904755
-2.52726783144966e-06 0.274280712715986
-2.50224537767293e-06 0.27428031450875
-2.4774706709633e-06 0.274279920243638
-2.4529412583795e-06 0.274279529881626
-2.42865471126683e-06 0.274279143384082
-2.40460862501667e-06 0.274278760712754
-2.38080061882838e-06 0.274278381829769
-2.35722833547365e-06 0.274278006697626
-2.33388944106302e-06 0.274277635279198
-2.31078162481487e-06 0.274277267537728
-2.2879025988266e-06 0.274276903436813
-2.26525009784812e-06 0.27427654294042
-2.24282187905755e-06 0.274276186012873
-2.22061572183915e-06 0.274275832618838
-2.19862942756352e-06 0.274275482723345
-2.17686081936982e-06 0.274275136291757
-2.15530774195032e-06 0.274274793289791
-2.13396806133695e-06 0.274274453683496
-2.11283966469005e-06 0.274274117439259
-2.09192046008916e-06 0.274273784523798
-2.0712083763259e-06 0.274273454904166
-2.05070136269891e-06 0.274273128547736
-2.0303973888108e-06 0.274272805422207
-2.01029444436713e-06 0.274272485495594
-1.99039053897736e-06 0.274272168736236
-1.97068370195778e-06 0.274271855112778
-1.95117198213641e-06 0.274271544594178
-1.93185344765982e-06 0.274271237149702
-1.9127261858018e-06 0.274270932748919
-1.89378830277406e-06 0.274270631361699
-1.87503792353867e-06 0.274270332958212
-1.85647319162245e-06 0.27427003750892
-1.83809226893311e-06 0.274269744984582
-1.81989333557734e-06 0.274269455356241
-1.80187458968054e-06 0.274269168595232
-1.78403424720845e-06 0.274268884673169
-1.76637054179055e-06 0.27426860356195
-1.74888172454509e-06 0.274268325233749
-1.73156606390603e-06 0.274268049661019
-1.71442184545152e-06 0.274267776816482
-1.69744737173418e-06 0.274267506673129
-1.68064096211305e-06 0.274267239204221
-1.66400095258717e-06 0.274266974383286
-1.64752569563087e-06 0.274266712184108
-1.63121356003056e-06 0.274266452580735
-1.61506293072333e-06 0.274266195547471
-1.59907220863696e-06 0.274265941058872
-1.58323981053164e-06 0.27426568908975
-1.56756416884321e-06 0.27426543961516
-1.55204373152793e-06 0.274265192610413
-1.53667696190884e-06 0.274264948051055
-1.52146233852361e-06 0.274264705912879
-1.50639835497387e-06 0.274264466171918
-1.49148351977611e-06 0.274264228804441
-1.47671635621397e-06 0.27426399378695
-1.46209540219205e-06 0.274263761096183
-1.44761921009113e-06 0.274263530709107
-1.43328634662489e-06 0.274263302602917
-1.41909539269791e-06 0.274263076755031
-1.40504494326525e-06 0.274262853143096
-1.39113360719332e-06 0.274262631744975
-1.3773600071221e-06 0.274262412538753
-1.36372277932881e-06 0.274262195502731
-1.35022057359288e-06 0.274261980615425
-1.33685205306226e-06 0.274261767855563
-1.32361589412105e-06 0.274261557202087
-1.31051078625847e-06 0.274261348634142
-1.29753543193907e-06 0.274261142131083
-1.28468854647433e-06 0.274260937672469
-1.27196885789538e-06 0.274260735238058
-1.25937510682711e-06 0.274260534807814
-1.24690604636347e-06 0.274260336361895
-1.23456044194403e-06 0.274260139880658
-1.22233707123171e-06 0.274259945344652
-1.2102347239918e-06 0.27425975273462
-1.19825220197208e-06 0.274259562031496
-1.18638831878423e-06 0.274259373216402
-1.17464189978637e-06 0.274259186270647
-1.1630117819667e-06 0.274259001175725
-1.15149681382842e-06 0.274258817913313
-1.14009585527566e-06 0.274258636465269
-1.12880777750065e-06 0.274258456813632
-1.11763146287194e-06 0.274258278940618
-1.1065658048237e-06 0.274258102828619
-1.09560970774624e-06 0.2742579284602
-1.08476208687746e-06 0.274257755818102
-1.07402186819551e-06 0.274257584885233
-1.06338798831238e-06 0.274257415644671
-1.0528593943687e-06 0.274257248079666
-1.0424350439294e-06 0.274257082173626
-1.0321139048806e-06 0.27425691791013
-1.02189495532732e-06 0.274256755272916
-1.0117771834924e-06 0.274256594245885
-1.00175958761624e-06 0.274256434813095
1.00175958761624e-06 0.274224546546684
1.0117771834924e-06 0.274224387096814
1.02189495532732e-06 0.274224226052359
1.0321139048806e-06 0.27422406339737
1.0424350439294e-06 0.274223899115743
1.0528593943687e-06 0.274223733191208
1.06338798831238e-06 0.274223565607333
1.07402186819551e-06 0.274223396347525
1.08476208687746e-06 0.274223225395022
1.09560970774624e-06 0.274223052732894
1.1065658048237e-06 0.274222878344044
1.11763146287194e-06 0.274222702211202
1.12880777750065e-06 0.274222524316928
1.14009585527566e-06 0.274222344643603
1.15149681382842e-06 0.274222163173436
1.1630117819667e-06 0.274221979888454
1.17464189978637e-06 0.27422179477051
1.18638831878423e-06 0.274221607801268
1.19825220197208e-06 0.274221418962218
1.2102347239918e-06 0.274221228234655
1.22233707123171e-06 0.274221035599693
1.23456044194403e-06 0.274220841038256
1.24690604636347e-06 0.274220644531076
1.25937510682711e-06 0.274220446058694
1.27196885789538e-06 0.274220245601454
1.28468854647433e-06 0.274220043139505
1.29753543193907e-06 0.274219838652799
1.31051078625847e-06 0.274219632121082
1.32361589412105e-06 0.274219423523905
1.33685205306226e-06 0.274219212840608
1.35022057359288e-06 0.274219000050328
1.36372277932881e-06 0.274218785131991
1.3773600071221e-06 0.274218568064315
1.39113360719332e-06 0.274218348825803
1.40504494326525e-06 0.274218127394741
1.41909539269791e-06 0.274217903749204
1.43328634662489e-06 0.274217677867041
1.44761921009113e-06 0.274217449725884
1.46209540219205e-06 0.274217219303138
1.47671635621397e-06 0.274216986575986
1.49148351977611e-06 0.274216751521377
1.50639835497387e-06 0.274216514116037
1.52146233852361e-06 0.274216274336451
1.53667696190884e-06 0.274216032158874
1.55204373152793e-06 0.274215787559324
1.56756416884321e-06 0.274215540513575
1.58323981053164e-06 0.274215290997161
1.59907220863696e-06 0.274215038985373
1.61506293072333e-06 0.27421478445325
1.63121356003056e-06 0.274214527375588
1.64752569563087e-06 0.274214267726924
1.66400095258717e-06 0.274214005481547
1.68064096211305e-06 0.274213740613482
1.69744737173418e-06 0.274213473096498
1.71442184545152e-06 0.274213202904103
1.73156606390603e-06 0.274212930009536
1.74888172454509e-06 0.274212654385769
1.76637054179055e-06 0.274212376005509
1.78403424720845e-06 0.274212094841184
1.80187458968054e-06 0.274211810864948
1.81989333557734e-06 0.274211524048674
1.83809226893311e-06 0.274211234363961
1.85647319162245e-06 0.274210941782115
1.87503792353867e-06 0.274210646274161
1.89378830277406e-06 0.274210347810832
1.9127261858018e-06 0.274210046362568
1.93185344765982e-06 0.274209741899513
1.95117198213641e-06 0.274209434391513
1.97068370195778e-06 0.274209123808112
1.99039053897736e-06 0.274208810118552
2.01029444436713e-06 0.274208493291762
2.0303973888108e-06 0.274208173296364
2.05070136269891e-06 0.274207850100666
2.0712083763259e-06 0.274207523672655
2.09192046008916e-06 0.274207193980004
2.11283966469005e-06 0.27420686099006
2.13396806133695e-06 0.274206524669839
2.15530774195032e-06 0.274206184986033
2.17686081936982e-06 0.274205841904998
2.19862942756352e-06 0.274205495392754
2.22061572183915e-06 0.27420514541498
2.24282187905755e-06 0.274204791937014
2.26525009784812e-06 0.274204434923845
2.2879025988266e-06 0.274204074340113
2.31078162481487e-06 0.274203710150103
2.33388944106302e-06 0.274203342317744
2.35722833547365e-06 0.274202970806602
2.38080061882838e-06 0.274202595579881
2.40460862501667e-06 0.274202216600416
2.42865471126683e-06 0.274201833830671
2.4529412583795e-06 0.274201447232732
2.4774706709633e-06 0.274201056768307
2.50224537767293e-06 0.274200662398721
2.52726783144966e-06 0.274200264084913
2.55254050976416e-06 0.274199861787429
2.5780659148618e-06 0.274199455466423
2.60384657401042e-06 0.274199045081648
2.62988503975052e-06 0.274198630592454
2.65618389014803e-06 0.274198211957786
2.68274572904951e-06 0.274197789136178
2.70957318634e-06 0.274197362085749
2.7366689182034e-06 0.274196930764198
2.76403560738544e-06 0.274196495128801
2.79167596345929e-06 0.274196055136408
2.81959272309388e-06 0.274195610743435
2.84778865032482e-06 0.274195161905863
2.87626653682807e-06 0.274194708579235
2.90502920219635e-06 0.274194250718644
2.93407949421831e-06 0.274193788278737
2.9634202891605e-06 0.274193321213706
2.9930544920521e-06 0.274192849477287
3.02298503697262e-06 0.27419237302275
3.05321488734235e-06 0.2741918918029
3.08374703621577e-06 0.274191405770068
3.11458450657793e-06 0.274190914876106
3.14573035164371e-06 0.27419041907239
3.17718765516015e-06 0.274189918309803
3.20895953171175e-06 0.274189412538743
3.24104912702887e-06 0.274188901709106
3.27345961829915e-06 0.274188385770289
3.30619421448215e-06 0.274187864671183
3.33925615662697e-06 0.274187338360167
3.37264871819324e-06 0.274186806785103
3.40637520537517e-06 0.274186269893332
3.44043895742892e-06 0.274185727631667
3.47484334700321e-06 0.27418517994639
3.50959178047324e-06 0.274184626783246
3.54468769827798e-06 0.274184068087435
3.58013457526076e-06 0.274183503803609
3.61593592101336e-06 0.274182933875867
3.6520952802235e-06 0.274182358247749
3.68861623302573e-06 0.274181776862228
3.72550239535599e-06 0.274181189661709
3.76275741930955e-06 0.274180596588016
3.80038499350264e-06 0.274179997582398
3.83838884343767e-06 0.274179392585508
3.87677273187205e-06 0.274178781537411
3.91554045919077e-06 0.27417816437757
3.95469586378268e-06 0.274177541044842
3.9942428224205e-06 0.274176911477472
4.03418525064471e-06 0.274176275613088
4.07452710315115e-06 0.274175633388692
4.11527237418267e-06 0.274174984740656
4.15642509792449e-06 0.274174329604718
4.19798934890374e-06 0.274173667915967
4.23996924239277e-06 0.274172999608848
4.2823689348167e-06 0.274172324617147
4.32519262416487e-06 0.274171642873987
4.36844455040652e-06 0.274170954311824
4.41212899591058e-06 0.274170258862437
4.45625028586969e-06 0.274169556456919
4.50081278872839e-06 0.274168847025677
4.54582091661567e-06 0.274168130498421
4.59127912578183e-06 0.274167406804156
4.63719191703965e-06 0.274166675871178
4.68356383621004e-06 0.274165937627064
4.73039947457214e-06 0.274165191998664
4.77770346931786e-06 0.274164438912101
4.82548050401104e-06 0.274163678292754
4.87373530905115e-06 0.274162910065258
4.92247266214166e-06 0.274162134153492
4.97169738876308e-06 0.274161350480573
5.02141436265071e-06 0.274160558968848
5.07162850627722e-06 0.274159759539888
5.12234479133999e-06 0.274158952114478
5.17356823925339e-06 0.27415813661261
5.22530392164593e-06 0.274157312953475
5.27755696086239e-06 0.274156481055456
5.33033253047101e-06 0.274155640836117
5.38363585577572e-06 0.2741547922122
5.43747221433348e-06 0.274153935099609
5.49184693647681e-06 0.274153069413409
5.54676540584158e-06 0.274152195067815
5.6022330599e-06 0.274151311976181
5.658255390499e-06 0.274150420050995
5.71483794440399e-06 0.27414951920387
5.77198632384803e-06 0.274148609345531
5.82970618708651e-06 0.274147690385811
5.88800324895737e-06 0.274146762233642
5.94688328144694e-06 0.274145824797041
6.00635211426141e-06 0.274144877983103
6.06641563540403e-06 0.274143921697999
6.12707979175807e-06 0.274142955846954
6.18835058967565e-06 0.274141980334248
6.25023409557241e-06 0.2741409950632
6.31273643652813e-06 0.274139999936163
6.37586380089341e-06 0.274138994854511
6.43962243890235e-06 0.274137979718631
6.50401866329137e-06 0.274136954427912
6.56905884992428e-06 0.274135918880735
6.63474943842353e-06 0.274134872974466
6.70109693280776e-06 0.274133816605441
6.76810790213584e-06 0.274132749668957
6.8357889811572e-06 0.274131672059264
6.90414687096877e-06 0.274130583669555
6.97318833967846e-06 0.274129484391949
7.04292022307524e-06 0.274128374117489
7.113349425306e-06 0.274127252736122
7.18448291955906e-06 0.274126120136696
7.25632774875465e-06 0.274124976206948
7.32889102624219e-06 0.274123820833484
7.40217993650461e-06 0.274122653901781
7.47620173586966e-06 0.274121475296166
7.55096375322836e-06 0.274120284899806
7.62647339076064e-06 0.274119082594703
7.702738124668249e-06 0.27411786826167
7.77976550591493e-06 0.274116641780331
7.85756316097408e-06 0.274115403029104
7.93613879258382e-06 0.274114151885188
8.01550018050966e-06 0.274112888224552
8.09565518231475e-06 0.274111611921923
8.1766117341379e-06 0.274110322850774
8.25837785147928e-06 0.274109020883309
8.34096162999407e-06 0.274107705890451
8.42437124629401e-06 0.274106377741834
8.508614958756951e-06 0.274105036305783
8.593701108344519e-06 0.274103681449303
8.679638119427971e-06 0.274102313038068
8.76643450062225e-06 0.274100930936409
8.85409884562847e-06 0.274099535007292
8.942639834084751e-06 0.274098125112315
9.0320662324256e-06 0.274096701111687
9.12238689474986e-06 0.27409526286422
9.21361076369735e-06 0.274093810227306
9.30574687133433e-06 0.274092343056908
9.39880434004767e-06 0.274090861207554
9.492792383448151e-06 0.274089364532307
9.587720307282629e-06 0.27408785288276
9.68359751035546e-06 0.274086326109019
9.780433485459009e-06 0.274084784059685
9.878237820313601e-06 0.274083226581847
9.977020198516739e-06 0.274081653521061
1.00767904005019e-05 0.274080064721332
1.01775583045069e-05 0.274078460025103
1.0279333887552e-05 0.27407683927324
1.03821272264275e-05 0.274075202305011
1.04859484986918e-05 0.274073548958077
1.05908079836787e-05 0.274071879068472
1.06967160635155e-05 0.274070192470579
1.08036832241506e-05 0.274068488997131
1.09117200563922e-05 0.274066768479182
1.10208372569561e-05 0.274065030746089
1.11310456295256e-05 0.274063275625501
1.12423560858209e-05 0.274061502943342
1.13547796466791e-05 0.274059712523784
1.14683274431459e-05 0.274057904189244
1.15830107175774e-05 0.274056077760358
1.16988408247531e-05 0.274054233055958
1.18158292330007e-05 0.274052369893068
1.19339875253307e-05 0.274050488086873
1.2053327400584e-05 0.274048587450703
1.21738606745898e-05 0.274046667796024
1.22955992813357e-05 0.274044728932405
1.24185552741491e-05 0.274042770667509
1.25427408268906e-05 0.274040792807071
1.26681682351595e-05 0.274038795154878
1.27948499175111e-05 0.274036777512747
1.29227984166862e-05 0.27403473968051
1.3052026400853e-05 0.274032681455998
1.31825466648616e-05 0.274030602634997
1.33143721315102e-05 0.27402850301127
1.34475158528253e-05 0.27402638237649
1.35819910113535e-05 0.274024240520255
1.37178109214671e-05 0.274022077230045
1.38549890306817e-05 0.274019892291215
1.39935389209886e-05 0.27401768548696
1.41334743101984e-05 0.274015456598311
1.42748090533004e-05 0.274013205404092
1.44175571438334e-05 0.274010931680913
1.45617327152718e-05 0.274008635203146
1.47073500424245e-05 0.274006315742899
1.48544235428487e-05 0.27400397306999
1.50029677782772e-05 0.274001606951935
1.515299745606e-05 0.27399921715391
1.53045274306206e-05 0.273996803438742
1.54575727049268e-05 0.273994365566875
1.56121484319761e-05 0.273991903296353
1.57682699162958e-05 0.273989416382789
1.59259526154588e-05 0.273986904579345
1.60852121416134e-05 0.273984367636709
1.62460642630295e-05 0.273981805303067
1.64085249056598e-05 0.273979217324075
1.65726101547164e-05 0.273976603442841
1.67383362562636e-05 0.273973963399894
1.69057196188262e-05 0.273971296933155
1.70747768150145e-05 0.273968603777926
1.72455245831646e-05 0.273965883666841
1.74179798289962e-05 0.273963136329858
1.75921596272862e-05 0.273960361494219
1.77680812235591e-05 0.27395755888443
1.79457620357947e-05 0.273954728222246
1.81252196561526e-05 0.273951869226608
1.83064718527141e-05 0.273948981613649
1.84895365712413e-05 0.273946065096645
1.86744319369537e-05 0.273943119386006
1.88611762563232e-05 0.273940144189221
1.90497880188865e-05 0.273937139210838
1.92402858990753e-05 0.273934104152474
1.94326887580661e-05 0.273931038712703
1.96270156456467e-05 0.273927942587109
1.98232858021032e-05 0.273924815468212
2.00215186601242e-05 0.27392165704544
2.02217338467255e-05 0.273918467005095
2.04239511851927e-05 0.273915245030374
2.06281906970447e-05 0.273911990801354
2.08344726040151e-05 0.273908703801922
2.10428173300553e-05 0.273905384282084
2.12532455033558e-05 0.273902031337401
2.14657779583894e-05 0.273898644825502
2.16804357379733e-05 0.2738952244101
2.1897240095353e-05 0.273891769751454
2.21162124963065e-05 0.273888280506363
2.23373746212696e-05 0.273884756328167
2.25607483674823e-05 0.273881196866748
2.27863558511571e-05 0.273877601768425
2.30142194096687e-05 0.273873970675995
2.32443616037654e-05 0.273870303228662
2.3476805219803e-05 0.273866599061984
2.37115732720011e-05 0.27386285780789
2.39486890047211e-05 0.273859079094585
2.41881758947683e-05 0.273855262546541
2.4430057653716e-05 0.273851407784473
2.46743582302531e-05 0.273847514425264
2.49211018125557e-05 0.273843582081965
2.51703128306812e-05 0.273839610363719
2.5422015958988e-05 0.273835598875754
2.56762361185779e-05 0.273831547219323
2.59329984797637e-05 0.273827454991674
2.61923284645613e-05 0.273823321786008
2.64542517492069e-05 0.273819147191431
2.6718794266699e-05 0.273814930792918
2.6985982209366e-05 0.273810672171282
2.72558420314597e-05 0.273806370903107
2.75284004517743e-05 0.27380202656073
2.7803684456292e-05 0.273797638712184
2.80817213008549e-05 0.273793206921152
2.83625385138635e-05 0.273788730746935
2.86461638990021e-05 0.273784209744413
2.89326255379921e-05 0.273779643463962
2.92219517933721e-05 0.273775031451455
2.95141713113058e-05 0.273770373248198
2.98093130244188e-05 0.273765668390875
3.0107406154663e-05 0.27376091641151
3.04084802162097e-05 0.273756116837422
3.07125650183718e-05 0.273751269191168
3.10196906685555e-05 0.273746372990511
3.1329887575241e-05 0.273741427748354
3.16431864509934e-05 0.273736432972702
3.19596183155034e-05 0.273731388166603
3.22792144986584e-05 0.273726292828111
3.2602006643645e-05 0.273721146450225
3.29280267100814e-05 0.273715948520842
3.32573069771823e-05 0.273710698522699
3.35898800469541e-05 0.273705395933333
3.39257788474236e-05 0.273700040225015
3.42650366358979e-05 0.273694630864707
3.46076870022568e-05 0.273689167314004
3.49537638722794e-05 0.273683649029076
3.53033015110022e-05 0.273678075460622
3.56563345261122e-05 0.273672446053802
3.60128978713733e-05 0.273666760248196
3.63730268500871e-05 0.273661017477739
3.67367571185879e-05 0.273655217170651
3.71041246897738e-05 0.273649358749416
3.74751659366716e-05 0.273643441433735
3.78499175960383e-05 0.273637465028264
3.82284167719987e-05 0.273631428740914
3.86107009397186e-05 0.27362533197051
3.89968079491158e-05 0.273619174109847
3.9386776028607e-05 0.273612954545594
3.97806437888931e-05 0.273606672658221
4.0178450226782e-05 0.27360032782199
4.05802347290498e-05 0.273593919404808
4.09860370763403e-05 0.27358744676821
4.13958974471037e-05 0.273580909267328
4.18098564215747e-05 0.273574306252175
4.22279549857905e-05 0.273567637061359
4.26502345356484e-05 0.273560901033153
4.30767368810049e-05 0.273554097495541
4.35075042498149e-05 0.273547225770502
4.39425792923131e-05 0.273540285173093
4.43820050852362e-05 0.273533275011529
4.48258251360886e-05 0.27352619458703
4.52740833874495e-05 0.273519043193713
4.5726824221324e-05 0.273511820118801
4.61840924635372e-05 0.27350452464199
4.66459333881726e-05 0.273497156035933
4.71123927220543e-05 0.273489713565879
4.75835166492748e-05 0.273482196489676
4.80593518157676e-05 0.27347460405766
4.85399453339253e-05 0.273466935512621
4.90253447872645e-05 0.273459190089745
4.95155982351372e-05 0.273451367016348
5.00107542174885e-05 0.273443465512096
5.05108617596634e-05 0.273435484788718
5.10159703772601e-05 0.273427424050001
5.15261300810327e-05 0.273419282491669
5.2041391381843e-05 0.273411059301339
5.25618052956614e-05 0.273402753658415
5.3087423348618e-05 0.273394364734012
5.36182975821042e-05 0.273385891690869
5.41544805579252e-05 0.273377333683256
5.46960253635045e-05 0.273368689856938
5.52429856171395e-05 0.273359959349005
5.57954154733109e-05 0.273351141287837
5.6353369628044e-05 0.27334223479301
5.69169033243245e-05 0.273333238975194
5.74860723575677e-05 0.273324152936069
5.80609330811434e-05 0.273314975768237
5.86415424119548e-05 0.273305706555124
5.92279578360744e-05 0.27329634437088
5.98202374144351e-05 0.273286888280304
6.04184397885795e-05 0.273277337338722
6.10226241864653e-05 0.273267690591915
6.16328504283299e-05 0.273257947076004
6.22491789326132e-05 0.273248105817362
6.28716707219394e-05 0.273238165832507
6.350038742915879e-05 0.27322812612801
6.41353913034504e-05 0.273217985700376
6.477674521648491e-05 0.273207743535968
6.54245126686497e-05 0.273197398610873
6.607875779533621e-05 0.273186949890827
6.673954537328961e-05 0.273176396331082
6.74069408270225e-05 0.273165736876316
6.80810102352927e-05 0.273154970460518
6.876182033764561e-05 0.27314409600688
6.944943854102211e-05 0.273133112427688
7.01439329264323e-05 0.273122018624207
7.084537225569659e-05 0.27311081348657
7.155382597825361e-05 0.273099495893666
7.22693642380361e-05 0.273088064713016
7.299205788041651e-05 0.273076518800672
7.37219784592207e-05 0.273064857001085
7.44591982438129e-05 0.273053078146992
7.5203790226251e-05 0.273041181059294
7.59558281285135e-05 0.273029164546939
7.671538640979859e-05 0.273017027406796
7.74825402738966e-05 0.273004768423529
7.82573656766356e-05 0.272992386369475
7.9039939333402e-05 0.272979880004517
7.9830338726736e-05 0.272967248075932
8.062864211400339e-05 0.272954489318411
8.143492853514339e-05 0.272941602453584
8.22492778204948e-05 0.272928586190238
8.307177059869981e-05 0.272915439224058
8.39024883046868e-05 0.272902160237469
8.474151318773359e-05 0.272888747899512
8.5588928319611e-05 0.272875200865716
8.64448176028071e-05 0.272861517777954
8.730926577883521e-05 0.272847697264303
8.81823584366235e-05 0.272833737938903
8.90641820209897e-05 0.272819638401816
8.995482384119961e-05 0.272805397238871
9.08543720796116e-05 0.27279101302149
9.17629158004077e-05 0.272776484226204
9.26805449584118e-05 0.27276180955623
9.36073504079959e-05 0.272746987458524
9.45434239120759e-05 0.272732016445565
9.548885815119661e-05 0.272716895014701
9.64437467327086e-05 0.272701621647995
9.74081842000357e-05 0.272686194812075
9.838226604203611e-05 0.272670612957961
9.93660887024564e-05 0.272654874520916
0.000100359749589481 0.272638977920275
0.000101363347085376 0.272622921559289
0.00010237698055623 0.272606703824952
0.000103400750361792 0.272590323087833
0.00010443475786541 0.272573777701915
0.000105479105444064 0.272557066004416
0.000106533896498505 0.272540186315611
0.00010759923546349 0.272523136938673
0.000108675227818124 0.27250591615948
0.000109761980096306 0.272488522246446
0.000110859599897269 0.272470953014776
0.000111968195896241 0.272453207568494
0.000113087877855204 0.272435283686992
0.000114218756633756 0.272417179566999
0.000115360944200093 0.272398893386838
0.000116514553642094 0.272380423306272
0.000117679699178515 0.272361767466281
0.0001188564961703 0.272342923988899
0.000120045061132003 0.272323890976977
0.000121245511743324 0.272304666514087
0.000122457966860757 0.272285248664352
0.000123682546529364 0.272265635910051
0.000124919371994658 0.272245824953945
0.000126168565714605 0.27222581512951
0.000127430251371751 0.272205603972034
0.000128704553885468 0.272185189446155
0.000129991599424323 0.272164569494295
0.000131291515418566 0.272143742037713
0.000132604430572752 0.272122704976376
0.000133930474878479 0.272101456188785
0.000135269779627264 0.272079993531758
0.000136622477423537 0.272058314840179
0.000137988702197772 0.272036417765643
0.00013936858921975 0.272014300420838
0.000140762275111947 0.271991960412384
0.000142169897863067 0.271969395485223
0.000143591596841697 0.271946603361222
0.000145027512810114 0.271923581738924
0.000146477787938216 0.271900328293319
0.000147942565817598 0.271876840675595
0.000149421991475774 0.271853116512896
0.000150916211390531 0.271829153408055
0.000152425373504437 0.271804948939354
0.000153949627239481 0.271780500660279
0.000155489123511876 0.271755806099232
0.000157044014746995 0.2717308627593
0.000158614454894465 0.271705668117975
0.000160200599443409 0.271680219626893
0.000161802605437843 0.271654514711558
0.000163420631492222 0.27162855077108
0.000165054837807144 0.271602325177896
0.000166705386185215 0.271575835277486
0.000168372440047068 0.271549078388103
0.000170056164447538 0.271522051800481
0.000171756726092014 0.271494752777549
0.000173474293352934 0.271467178554145
0.000175209036286463 0.271439326336723
0.000176961126649328 0.271411193303051
0.000178730737915821 0.271382776601918
0.000180518045294979 0.271354073352828
0.000182323225747929 0.271325080645703
0.000184146458005408 0.271295795540559
0.000185987922585462 0.271266215067208
0.000187847801811317 0.271236336224935
0.00018972627982943 0.271206155982185
0.000191623542627725 0.271175671276346
0.000193539778054002 0.271144879012985
0.000195475175834542 0.271113776066182
0.000197429927592887 0.271082359277758
0.000199404226868816 0.271050625457044
0.000201398269137504 0.271018571380549
0.000203412251828879 0.270986193750845
0.000205446374347168 0.270953489359292
0.00020750083809064 0.27092045484108
0.000209575846471546 0.270887086837954
0.000211671604936262 0.270853381957087
0.000213788320985624 0.270819336770707
0.000215926204195481 0.270784947815745
0.000218085466237435 0.270750211593468
0.00022026632089981 0.270715124569096
0.000222468984108808 0.270679683171432
0.000224693673949896 0.270643883792485
0.000226940610689395 0.270607722787087
0.000229210016796289 0.27057119647249
0.000231502116964252 0.270534301128002
0.000233817138133894 0.270497032994574
0.000236155309515233 0.270459388274392
0.000238516862610385 0.270421363130614
0.000240902031236489 0.27038295368685
0.000243311051548854 0.270344156027155
0.000245744162064343 0.270304966197323
0.000248201603684986 0.27026538028915
0.000250683619721836 0.270225393943237
0.000253190455919054 0.270185003442085
0.000255722360478245 0.270144204520798
0.000258279584083027 0.270102993018528
0.000260862379923858 0.270061364727707
0.000263471003723096 0.270019315396799
0.000266105713760327 0.269976840730183
0.00026876677089793 0.269933936387898
0.00027145443860691 0.26989059798487
0.000274168982992979 0.269846821091131
0.000276910672822909 0.269802601230786
0.000279679779551138 0.269757933881614
0.000282476577346649 0.26971281447475
0.000285301343120116 0.269667238394125
0.000288154356551317 0.269621200975972
0.00029103590011683 0.269574697508358
0.000293946259117998 0.269527723230645
0.000296885721709178 0.269480273333013
0.00029985457892627 0.269432342955939
0.000302853124715533 0.269383927189678
0.000305881655962688 0.269335021073744
0.000308940472522315 0.269285619596387
0.000312029877247538 0.269235717694042
0.000315150176020014 0.269185310250782
0.000318301677780214 0.269134392097751
0.000321484694558016 0.269082958012455
0.000324699541503596 0.269031002717625
0.000327946536918632 0.268978521316404
0.000331226002287818 0.268925507175477
0.000334538262310697 0.268871956031553
0.000337883644933803 0.268817862044604
0.000341262481383142 0.268763219642351
0.000344675106196973 0.26870802321134
0.000348121857258943 0.268652267081316
0.000351603075831532 0.268595945523699
0.000355119106589847 0.268539052750797
0.000358670297655746 0.268481582915163
0.000362257000632303 0.268423530108959
0.000365879570638626 0.268364888363324
0.000369538366345013 0.268305651647749
0.000373233750008463 0.268245813869441
0.000376966087508547 0.2681853688727
0.000380735748383633 0.268124310438253
0.000384543105867469 0.268062632282624
0.000388388536926144 0.26800032805746
0.000392272422295405 0.267937391348915
0.00039619514651836 0.267873815676911
0.000400157097983543 0.267809594494629
0.000404158668963379 0.267744721187452
0.000408200255653012 0.267679189072766
0.000412282258209542 0.267612991398979
0.000416405080791638 0.267546121344878
0.000420569131599554 0.267478572018943
0.00042477482291555 0.267410336458632
0.000429022571144705 0.267341407629667
0.000433312796856152 0.267271778425315
0.000437645924824714 0.267201441665659
0.000442022384072961 0.267130390096869
0.000446442607913691 0.267058616390459
0.000450907033992828 0.266986113142546
0.000455416104332756 0.266912872873036
0.000459970265376083 0.266838888025109
0.000464569968029844 0.26676415096411
0.000469215667710143 0.26668865397696
0.000473907824387244 0.266612389271396
0.000478646902631117 0.266535348975158
0.000483433371657428 0.266457525135199
0.000488267705374002 0.266378909716884
0.000493150382427742 0.266299494603226
0.0004980818862520199 0.266219271594012
0.00050306270511454 0.266138232405061
0.000508093332165685 0.266056368667366
0.000513174265487342 0.265973671926287
0.000518306008142215 0.265890133640708
0.0005234890682236369 0.265805745182216
0.000528723958905874 0.265720497834242
0.000534011198494933 0.26563438277016
0.000539351310479882 0.265547391136701
0.000544744823584681 0.26545951392668
0.000550192271820528 0.265370742062411
0.000555694194538733 0.265281066373765
0.00056125113648412 0.265190477597105
0.000566863647848961 0.265098966375162
0.000572532284327451 0.265006523255008
0.000578257607170726 0.264913138687921
0.000584040183242433 0.264818803028312
0.000589880585074857 0.264723506532789
0.000595779390925606 0.264627239359277
0.000601737184834862 0.264529991566077
0.00060775455668321 0.264431753110917
0.000613832102250043 0.264332513849913
0.000619970423272543 0.264232263536083
0.000626170127505268 0.264130991803301
0.000632431828780321 0.264028688245438
0.000638756147068124 0.263925342766886
0.000645143708538805 0.263820943265399
0.0006515951456241939 0.263715480403862
0.000658111097080435 0.263608943186731
0.00066469220805124 0.263501319125224
0.000671339130131752 0.263392599033191
0.00067805252143307 0.263282770851746
0.0006848330466474 0.263171823305012
0.000691681377113875 0.263059744968427
0.000698598190885013 0.262946524295319
0.000705584172793863 0.262832149623348
0.000712640014521802 0.262716609173732
0.00071976641466702 0.262599891050608
0.00072696407881369 0.262481983240181
0.000734233719601827 0.262362873609777
0.000741576056797845 0.262242549906886
0.000748991817365824 0.262120999758169
0.000756481735539482 0.261998210668473
0.000764046552894877 0.261874170019828
0.000771687018423826 0.261748865070447
0.000779403888608064 0.261622282953719
0.000787197927494145 0.261494410677206
0.000795069906769086 0.261365235121629
0.000803020605836777 0.261234743039814
0.000811050811895145 0.261102921055888
0.000819161320014096 0.260969755663944
0.000827352933214237 0.260835233227247
0.00083562646254638 0.260699339977169
0.000843982727171843 0.260562062137136
0.0008524225544435619 0.260423385421577
0.000860946779987997 0.260283295785243
0.000869556247787878 0.260141778921769
0.000878251810265756 0.259998820387895
0.000887034328368414 0.259854405602329
0.000895904671652098 0.259708519844813
0.000904863718368619 0.259561148255552
0.000913912355552305 0.259412275864175
0.000923051479107828 0.259261887464322
0.0009322819938989071 0.259109967801527
0.000941604813837896 0.258956501462847
0.000951020861976275 0.258801472838179
0.000960531070596037 0.258644866213865
0.000970136381301998 0.258486665740628
0.000979837745115018 0.258326855392011
0.0009896361225661681 0.258165419000999
0.00099953248379183 0.258002340224051
0.00100952780862975 0.257837602640822
0.00101962308671605 0.257671189742687
0.00102981931758321 0.257503084524293
0.00104011751075904 0.257333270171911
0.00105051868586663 0.257161729608039
0.00106102387272529 0.256988445594606
0.00107163411145255 0.256813400738359
0.00108235045256707 0.256636577488611
0.00109317395709274 0.25645795813606
0.00110410569666367 0.256277524811751
0.00111514675363031 0.256095259486078
0.00112629822116661 0.255911143967813
0.00113756120337828 0.255725159903138
0.00114893681541206 0.255537288774703
0.00116042618356618 0.255347511900663
0.00117203044540184 0.255155810433748
0.00118375074985586 0.25496216536033
0.00119558825735442 0.254766557499531
0.00120754413992796 0.254568967502401
0.00121961958132724 0.254369375851306
0.00123181577714052 0.254167762860263
0.00124413393491192 0.253964108672478
0.00125657527426104 0.253758393371301
0.00126914102700365 0.253550596082589
0.00128183243727369 0.25334069749509
0.00129465076164642 0.253128676429728
0.00130759726926289 0.252914512241849
0.00132067324195552 0.252698184033059
0.00133387997437507 0.252479670720212
0.00134721877411882 0.252258951039468
0.00136069096186001 0.252036003546363
0.00137429787147861 0.251810806615013
0.0013880408501934 0.251583338437113
0.00140192125869533 0.251353577020689
0.00141594047128228 0.251121500188187
0.00143009987599511 0.250887085571017
0.00144440087475506 0.250650310573932
0.00145884488350261 0.250411152808768
0.00147343333233764 0.25016958878234
0.00148816766566101 0.249925595747206
0.00150304934231762 0.24967915029181
0.0015180798357408 0.2494302289425
0.00153326063409821 0.249178808005935
0.00154859324043919 0.248924863594667
0.00156407917284358 0.248668371625083
0.00157971996457202 0.248409307815772
0.00159551716421774 0.248147647685986
0.00161147233585991 0.247883366554097
0.00162758705921851 0.247616439535949
0.0016438629298107 0.247346841543472
0.00166030155910881 0.247074547280331
0.00167690457469989 0.246799531249617
0.00169367362044689 0.246521767738176
0.00171061035665136 0.246241230823931
0.00172771646021787 0.245957894371604
0.00174499362482005 0.245671732030691
0.00176244356106825 0.245382717233338
0.00178006799667894 0.245090823192101
0.00179786867664573 0.244796022897807
0.00181584736341218 0.244498289116381
0.0018340058370463 0.244197594366433
0.00185234589541677 0.24389391098861
0.00187086935437094 0.243587211123417
0.00188957804791465 0.243277466429085
0.00190847382839379 0.242964648673855
0.00192755856667773 0.242648728990604
0.00194683415234451 0.242329679512404
0.00196630249386795 0.242007469530052
0.00198596551880663 0.241682070575801
0.0020058251739947 0.241353452910483
0.00202588342573464 0.241021587237652
0.00204614225999199 0.240686441624569
0.00206660368259191 0.240347987258469
0.00208726971941783 0.240006193040119
0.00210814241661201 0.239661028020717
0.00212922384077813 0.23931246094231
0.00215051607918591 0.23896046028364
0.00217202123997777 0.238604994239161
0.00219374145237755 0.238246030709097
0.00221567886690132 0.23788353726928
0.00223783565557034 0.237517481303878
0.00226021401212604 0.237147829827721
0.0022828161522473 0.236774549418368
0.00230564431376977 0.236397605863129
0.00232870075690747 0.236016966493051
0.00235198776447654 0.235632596334877
0.00237550764212131 0.235244460836483
0.00239926271854252 0.23485252547278
0.00242325534572795 0.234456754610243
0.00244748789918523 0.234057110799258
0.00247196277817708 0.233653561262852
0.00249668240595885 0.233246067043485
0.00252164923001844 0.232834593093526
0.00254686572231862 0.23241910172686
0.00257233437954181 0.23199955524497
0.00259805772333723 0.23157591593245
0.0026240383005706 0.231148145450792
0.00265027868357631 0.230716205143605
0.00267678147041207 0.230280055936056
0.00270354928511619 0.229839658347817
0.00273058477796735 0.229394972253247
0.00275789062574703 0.228945957778007
0.0027854695320045 0.228492574011193
0.00281332422732454 0.228034779670513
0.00284145746959779 0.227572533430573
0.00286987204429376 0.227105793071982
0.0028985707647367 0.22663451594773
0.00292755647238407 0.226158660077924
0.00295683203710791 0.225678180330212
0.00298640035747899 0.22519303619303
0.00301626436105378 0.224703179595192
0.00304642700466432 0.224208568549369
0.00307689127471096 0.223709156042615
0.00310766018745807 0.223204898847499
0.00313873678933265 0.22269574997444
0.00317012415722598 0.222181663231833
0.00320182539879824 0.221662591932782
0.00323384365278622 0.221138489062888
0.00326618208931408 0.220609307012669
0.00329884391020722 0.220074998138306
0.00333183234930929 0.219535514231584
0.00336515067280239 0.218990807329227
0.00339880217953041 0.218440828622584
0.00343279020132572 0.217885534882992
0.00346711810333897 0.217324853914109
0.00350178928437236 0.216758761777215
0.00353680717721609 0.216187199518899
0.00357217524898825 0.215610117287107
0.00360789700147813 0.215027464998984
0.00364397597149291 0.214439192966726
0.00368041573120784 0.213845250127856
0.00371721988851992 0.213245586771127
0.00375439208740512 0.212640152763469
0.00379193600827917 0.212028897950287
0.00382985536836196 0.211411772846603
0.00386815392204558 0.210788727924651
0.00390683546126603 0.210159710746674
0.0039459038158787 0.209524678488863
0.00398536285403748 0.208883578554784
0.00402521648257786 0.208236364567043
0.00406546864740364 0.207582988949086
0.00410612333387767 0.206923403930893
0.00414718456721645 0.206257565435656
0.00418865641288861 0.205585428242267
0.0042305429770175 0.204906949210301
0.00427284840678767 0.204222084860484
0.00431557689085555 0.203530792314189
0.00435873265976411 0.202833035337199
0.00440231998636175 0.202128775430808
0.00444634318622536 0.201417973384275
0.00449080661808762 0.200700596545696
0.00453571468426849 0.199976609194775
0.00458107183111118 0.199245979317797
0.00462688254942229 0.198508688363426
0.00467315137491651 0.197764701857875
0.00471988288866568 0.19701399651557
0.00476708171755234 0.196256565897613
0.00481475253472786 0.195492358514186
0.00486290006007514 0.194721392815303
0.00491152906067589 0.193943650597676
0.00496064435128265 0.193159112686535
0.00501025079479548 0.192367797098172
0.00506035330274343 0.191569681644242
0.00511095683577087 0.190764785354757
0.00516206640412858 0.189953111111468
0.00521368706816986 0.18913467425803
0.00526582393885156 0.188309483912817
0.00531848217824008 0.187477577021363
0.00537166700002248 0.186638977541895
0.0054253836700227 0.185793716107365
0.00547963750672293 0.184941817902325
0.00553443388179016 0.184083352513746
0.00558977822060806 0.183218374619979
0.00564567600281414 0.182346924900259
0.00570213276284228 0.181469067693445
0.0057591540904707 0.180584878112143
0.00581674563137541 0.17969441995422
0.00587491308768917 0.178797818760787
0.00593366221856606 0.17789507561802
0.00599299884075172 0.176986373328667
0.00605292882915924 0.176071791104672
0.00611345811745083 0.175151435092989
0.00617459269862534 0.17422542310963
0.00623633862561159 0.173293888448454
0.00629870201186771 0.172356968830194
0.00636168903198638 0.171414780260529
0.00642530592230625 0.170467496424623
0.00648955898152931 0.169515266616891
0.0065544545713446 0.168558247665577
0.00661999911705805 0.167596624213712
0.00668619910822863 0.16663056677128
0.00675306109931092 0.16566028253421
0.00682059171030403 0.164686009614721
0.00688879762740707 0.163707709519472
0.00695768560368114 0.162725851474474
0.00702726245971795 0.161740561822223
0.00709753508431513 0.16075205879853
0.00716851043515828 0.159760568622591
0.00724019553950986 0.158766341410795
0.00731259749490496 0.15776959987336
0.00738572346985401 0.156770533755646
0.00745958070455255 0.155769480933815
0.00753417651159808 0.154766647875349
0.00760951827671406 0.153762295811366
0.0076856134594812 0.15275670307226
0.00776246959407601 0.151750112244284
0.00784009429001677 0.150742827047354
0.00791849523291694 0.14973506693828
0.00799768018524611 0.148727142394013
0.00807765698709857 0.14771931203084
0.00815843355696956 0.146711860827288
0.00824001789253925 0.14570505538624
0.00832241807146464 0.14469919477237
0.008405642252179289 0.143694543795146
0.00848969867470108 0.142691383110957
0.0085745956614481 0.141689977692484
0.008660341618062581 0.140690626940427
0.008746945034243199 0.139693601805153
0.008834414484585631 0.138699155423327
0.008922758629431491 0.137707564397922
0.0090119862157258 0.136719097750843
0.00910210607788306 0.135734013399314
0.00919312713866189 0.134752581472292
0.00928505841004851 0.133775052948706
0.009377908994149 0.132801677869766
0.00947168808409049 0.131832703281536
0.009566404964931391 0.130868366400168
0.00966206901458071 0.129908917670494
0.009758689704726511 0.128954575066134
0.009856276601773781 0.128005569810844
0.00995483936779152 0.127062123283568
0.0100543877614694 0.126124449149656
0.0101549316390841 0.125192763560978
0.010256480955475 0.124267261496379
0.0103590457650297 0.123348137407192
0.01046263622268 0.122435590031486
0.0105672625849068 0.121529801286775
0.0106729352107559 0.120630957547831
0.0107796645628634 0.119739225513227
0.0108874612084921 0.118854782087779
0.010996335820577 0.117977789632479
0.0111062991787828 0.117108409889141
0.0112173621705706 0.116246784864055
0.0113295357922763 0.115393078064898
0.0114428311501991 0.114547435275375
0.0115572594617011 0.113709992379235
0.0116728320563181 0.112880888020859
0.0117895603768812 0.112060256350811
0.0119074559806501 0.111248231340012
0.0120265305404566 0.110444940309511
0.0121467958458611 0.109650506489136
0.0122682638043197 0.108865050918197
0.0123909464423629 0.108088702879303
0.0125148559067866 0.107321578310605
0.0126400044658544 0.106563799772888
0.012766404510513 0.105815481985244
0.0128940685556181 0.105076743584731
0.0130230092411743 0.10434770355368
0.013153239333586 0.103628481940482
0.0132847717269219 0.10291918747291
0.0134176194441911 0.102219970024264
0.013551795638633 0.10153092418112
0.0136873135950193 0.100852177022078
0.0138241867309695 0.100183865824686
0.0139624285982792 0.0995261112385813
0.014102052884262 0.0988790453068448
0.0142430734131046 0.0982428071444704
0.0143855041472357 0.0976175242855367
0.014529359188708 0.0970033485251355
0.0146746527805951 0.096400409508324
0.0148213993084011 0.0958088746368992
0.0149696133014851 0.0952288871450883
0.0151193094344999 0.0946606047096219
0.0152705025288449 0.0941041903877172
0.0154232075541334 0.0935598117652962
0.0155774396296747 0.09302763984266
0.0157332140259715 0.0925078508885541
0.0158905461662312 0.092000630951326
0.0160494516278935 0.0915061697456157
0.0162099461441724 0.091024656588175
0.0163720456056142 0.0905562947211971
0.0165357660616703 0.0901012905312155
0.016701123722287 0.0896598530931444
0.0168681349595099 0.0892322055856161
0.017036816309105 0.0888185702623477
0.017207184472196 0.08841918069418
0.017379256316918 0.08803427511209
0.0175530488800872 0.0876641003399123
0.017728579368888 0.0873089007576017
0.0179058651625769 0.0869689483601779
0.0180849238142027 0.0866445035528222
0.0182657730523447 0.0863358428762607
0.0184484307828682 0.0860432484959741
0.0186329150906968 0.0857670111964978
0.0188192442416038 0.0855074307091623
0.0190074366840199 0.0852648165293444
0.0191975110508601 0.0850394840910214
0.0193894861613687 0.0848317592985477
0.0195833810229823 0.0846419777940566
0.0197792148332122 0.0844704895439292
0.0199770069815443 0.0843176486629446
0.0201767770513597 0.0841838228208057
0.0203785448218733 0.0840693965854694
0.0205823302700921 0.0839747581381157
0.020788153572793 0.0839003149333272
0.0209960351085209 0.0838465049329371
0.0212059954596061 0.0838137056486903
0.0214180554142022 0.0838024228081621
0.0216322359683442 0.0838131019720434
0.0218485583280276 0.0838462255689217
0.0220670439113079 0.0839022928858198
0.022287714350421 0.0839818196906179
0.0225105914939252 0.0840853444241311
0.0227356974088645 0.0842134239798369
0.0229630543829531 0.0843666332617758
0.0231926849267826 0.0845455739443513
0.0234246117760505 0.0847508653377382
0.023658857893811 0.0849831589575422
0.0238954464727491 0.0852431158088714
0.0241344009374766 0.0855314385730528
0.0243757449468513 0.0858488371056771
0.0246195023963198 0.0861960836807234
0.024865697420283 0.0865739530964466
0.0251143543944859 0.0869832384393597
0.0253654979384307 0.0874247933696872
0.025619152917815 0.0878994908555703
0.0258753444469932 0.0884082414677667
0.0261340978914631 0.0889519895320756
0.0263954388703778 0.0895317202926516
0.0266593932590815 0.0901484501785791
0.0269259871916724 0.0908032472718044
0.0271952470635891 0.0914972121367723
0.027467199534225 0.0922314928135742
0.0277418715295672 0.0930072778001161
0.0280192902448629 0.0938258050043956
0.0282994831473115 0.0946883574335809
0.0285824779787846 0.0955962625938497
0.0288683027585725 0.0965509004626578
0.0291569857861582 0.0975536961328898
0.0294485556440198 0.0986061174388689
0.02974304120046 0.0997096947517167
0.0300404716124646 0.100865990551742
0.0303408763285892 0.102076614003086
0.0306442850918751 0.10334322538047
0.0309507279427939 0.104667518543857
0.0312602352222218 0.106051217957592
0.031572837574444 0.107496091337193
0.0318885659501885 0.109003926935995
0.0322074516096904 0.110576520949419
0.0325295261257873 0.112215682963423
0.0328548213870451 0.113923248229827
0.0331833696009156 0.115700983574888
0.0335152032969248 0.117550680196799
0.033850355329894 0.119474040615518
0.0341888588831929 0.121472734352872
0.0345307474720249 0.12354836133232
0.0348760549467451 0.125702360415646
0.0352248154962126 0.127936101781327
0.0355770636511747 0.130250730870786
0.0359328342876865 0.132647335280307
0.0362921626305633 0.135126637227837
0.036655084256869 0.137689062326806
0.0370216350994376 0.140335036117166
0.037391851450432 0.143064409997172
0.0377657699649363 0.145876859127413
0.0381434276645857 0.148771506639173
0.0385248619412316 0.151747231779572
0.0389101105606439 0.154802409563865
0.0392992116662503 0.157935036251555
0.0396922037829128 0.161142583225787
0.0400891258207419 0.164422109620584
0.0404900170789494 0.167770256347668
0.0408949172497389 0.171183121134471
0.0413038664222363 0.174656468970972
0.0417169050864586 0.178185734396623
0.0421340741373232 0.18176559459896
0.0425554148786964 0.185391074131792
0.0429809690274834 0.189056606215653
0.0434107787177582 0.192756200210204
0.0438448865049358 0.196484063799773
0.0442833353699852 0.200234198039769
0.044726168723685 0.204000612213332
0.0451734304109219 0.207777360519842
0.0456251647150311 0.211558545495896
0.0460814163621814 0.215338573115785
0.0465422305258032 0.219111887907888
0.0470076528310613 0.222873342947982
0.0474777293593719 0.226617902600658
0.0479525066529656 0.230340998922607
0.0484320317194952 0.234038310486072
0.0489163520366902 0.237705921467126
0.0494055155570571 0.241340183417845
0.0498995707126277 0.244937915363616
0.0503985664197539 0.248496158911147
0.0509025520839515 0.252012510340656
0.051411577604791 0.255484651328608
0.0519256933808389 0.258910728860079
0.0524449503146473 0.262289210390177
0.0529693998177938 0.265618783377467
0.0534990938159717 0.268898425783686
0.0540340847541314 0.272127411179358
0.0545744256016727 0.275305177372092
0.0551201698576895 0.278431406501747
0.0556713715562664 0.281505980011752
0.056228085271829 0.284528888877335
0.0567903661245473 0.287500377001667
0.0573582697857928 0.290420769441767
0.0579318524836507 0.293290504363987
0.0585111710084872 0.296110135732273
0.0590962827185721 0.298880344449501
0.0596872455457578 0.301601852638148
0.0602841180012154 0.304275437713412
0.0608869591812276 0.306901962912399
0.0614958287730398 0.309482331701751
0.0621107870607702 0.312017436912182
0.0627318949313779 0.314508328861249
0.0633592138806917 0.316955945815096
0.0639928060194986 0.319361295203032
0.0646327340796936 0.32172538612788
0.0652790614204906 0.324049238835011
0.0659318520346955 0.32633385683045
0.06659117055504241 0.328580239067182
0.06725708226059279 0.330789382483102
0.0679296530831988 0.332962303309563
0.0686089496140308 0.335099889822174
0.0692950391101711 0.33720314647776
0.0699879895012728 0.339272995128856
0.0706878693962855 0.341310316112065
0.0713947480902484 0.343316002758168
0.0721086955711509 0.345290900571744
0.0728297825268624 0.34723584189548
0.073558080352131 0.349151620381664
0.07429366115565229 0.351038970942455
0.07503659776720881 0.352898708781694
0.07578696374488091 0.354731448009048
0.0765448333823297 0.356537939105424
0.07731028171615301 0.358318804606007
0.07808338453331461 0.36007468680589
0.0788642183786477 0.361806148661282
0.0796528605624342 0.36351378936545
0.08044938916805849 0.365198083990439
0.0812538830597391 0.366859593461002
0.0820664218903365 0.368498786815264
0.08288708610923989 0.370116102097401
0.08371595697033229 0.371711967267195
0.0845531165400356 0.37328679407539
0.085398647705436 0.374840967894604
0.0862526341824903 0.376374791674399
0.0871151605243152 0.377888635118358
0.0879863121295584 0.379382819181135
0.0888661752508539 0.380857610583773
0.08975483700336249 0.382313292363406
0.09065238537339609 0.383750108190823
0.0915589092271301 0.385168276601939
0.0924744983194014 0.386568059187752
0.0933992433025954 0.387949585899664
0.0943332357356213 0.389313161893785
0.0952765680929776 0.390658825797497
0.0962293337739073 0.391986869106028
0.0971916271116464 0.393297370769242
0.0981635433827629 0.394590536560691
0.0991451788165905 0.395866448739188
0.100136630604756 0.397125284689212
0.101137996910804 0.3983671567618
0.102149376879912 0.399592194264292
0.103170870648711 0.400800508227788
0.104202579355198 0.401992231459511
0.10524460514875 0.403167468973062
0.106297051200238 0.404326352375099
0.10736002171224 0.405468976651619
0.108433621929363 0.406595456278131
0.109517958148656 0.407705922897517
0.110613137730143 0.408800507442235
0.111719269107444 0.409879308454429
0.112836461798519 0.410942464078449
0.113964826416504 0.411990105249651
0.115104474680669 0.413022366957375
0.116255519427476 0.414039387610037
0.11741807462175 0.415041302708895
0.118592255367968 0.416028266673936
0.119778177921647 0.417000411274964
0.120975959700864 0.417957936952455
0.122185719297873 0.418900982412279
0.123407576490851 0.419829705825688
0.12464165225576 0.420744283112034
0.125888068778317 0.421644898400279
0.127146949466101 0.422531731476162
0.128418418960762 0.423404965073007
0.129702603150369 0.42426479115048
0.130999629181873 0.425111406502137
0.132309625473692 0.425944991458964
0.133632721728429 0.426765765894676
0.134969048945713 0.427573922934491
0.13631873943517 0.428369674408404
0.137681926829522 0.429153216163341
0.139058746097817 0.429924763484776
0.140449333558795 0.43068452007009
0.141853826894383 0.431432695809323
0.143272365163327 0.432169501277593
0.14470508881496 0.432895145565231
0.14615213970311 0.433609829971959
0.147613661100141 0.434313763622015
0.149089797711142 0.435007153324204
0.150580695688254 0.435690200228585
0.152086502645136 0.436363106302355
0.153607367671588 0.437026053906314
0.155143441348303 0.437679244929718
0.156694875761787 0.438322876084846
0.158261824519404 0.438957123585806
0.159844442764598 0.439582167813021
0.161442887192244 0.440198185693741
0.163057316064167 0.440805347273403
0.164687889224809 0.441403821202947
0.166334768117057 0.441993768202158
0.167998115798227 0.442575338737911
0.169678096956209 0.443148686230931
0.171374877925772 0.443713954319275
0.173088626705029 0.444271280862324
0.17481951297208 0.444820794466654
0.1765677081018 0.445362626438154
0.178333385182818 0.445896894450701
0.180116719034647 0.446423713443247
0.181917886224993 0.446943192978681
0.183737065087243 0.447455438195183
0.185574435738115 0.447960546838649
0.187430180095497 0.448458613368848
0.189304481896452 0.448949729158576
0.191197526715416 0.449433983783646
0.19310950198257 0.449911470128583
0.195040597002396 0.450382300428992
0.19699100297242 0.450846490949752
0.198960913002144 0.45130540049707
0.200950522132166 0.451762801976781
0.202960027353487 0.452204391801039
0.204989627627022 0.452641322463511
0.207039523903292 0.453071842462647
0.209109919142325 0.453496085312966
0.211201018333748 0.453914033828941
0.213313028517086 0.454325695751908
0.215446158802257 0.454731084637931
0.217600620390279 0.455130215210378
0.219776626594182 0.455523101919264
0.221974392860124 0.455909756938923
0.224194136788725 0.456290191725774
0.226436078156613 0.456664414780016
0.228700438938179 0.457032432431294
0.23098744332756 0.457394249869768
0.233297317760836 0.457749867243824
0.235630290938444 0.458099285331402
0.237986593847829 0.458442501409487
0.240366459786307 0.458779508187208
0.24277012438417 0.459110301396212
0.245197825628012 0.459434870595373
0.247649803884292 0.459753202167775
0.250126301923135 0.460065280074486
0.252627564942366 0.460371089410967
0.25515384059179 0.460670610230432
0.257705378997708 0.460963815472873
0.260282432787685 0.461250685348793
0.262885257115562 0.46153118202739
0.265514109686717 0.461805281767193
0.268169250783585 0.4620729455601
0.27085094329142 0.462334134208684
0.273559452724335 0.462588806422348
0.276295047251578 0.46283691480606
0.279057997724094 0.463078409511781
0.281848577701335 0.463313235978
0.284667063478348 0.463541333519007
0.287513734113132 0.463762642089182
0.290388871454263 0.463977091173293
0.293292760168805 0.46418460879284
0.296225687770494 0.464385115414437
0.299187944648198 0.464578528115547
0.30217982409468 0.464764759246757
0.305201622335627 0.464943714654787
0.308253638558984 0.465115289665345
0.311336174944573 0.465279383472412
0.314449536694019 0.465435881963958
0.317594032060959 0.4655846655315
0.320769972381569 0.465725613166851
0.323977672105385 0.465858592882482
0.327217448826438 0.465983465685329
0.330489623314703 0.466100085860155
0.33379451954785 0.466208308546389
0.337132464743328 0.466307971938059
0.340503789390762 0.466398914849865
0.343908827284669 0.466480965757291
0.347347915557516 0.466553948506837
0.350821394713091 0.466617679419052
0.354329608660222 0.466671967713649
0.357872904746824 0.466716619322767
0.361451633794292 0.466751430830855
0.365066150132235 0.466776192210088
0.368716811633558 0.466790685973046
0.372403979749893 0.466794696143949
0.376128019547392 0.466787988546437
0.379889299742866 0.46677033496142
0.383688192740295 0.466741494271148
0.387525074667698 0.466701221277209
0.391400325414375 0.466649265239446
0.395314328668518 0.466585368372582
0.399267471955204 0.466509271622108
0.403260146674756 0.466420703769716
0.407292748141503 0.466319390082021
0.411365675622918 0.466205053240689
0.415479332379147 0.466077406980577
0.419634125702939 0.465936160062868
0.423830466959968 0.465781014459841
0.428068771629568 0.465611666783314
0.432349459345864 0.465427820302732
0.436672953939322 0.465229114907296
0.441039683478716 0.465015268675705
0.445450080313503 0.464785934831369
0.449904581116638 0.464540772565531
0.454403626927804 0.464279434194196
0.458947663197082 0.46400156246674
0.463537139829053 0.463706788559687
0.468172511227344 0.463394737524019
0.472854236339617 0.463065021224232
0.477582778703013 0.462717242194352
0.482358606490043 0.462350989016727
0.487182192554944 0.461965839727284
0.492054014480493 0.461561360083903
0.496974554625298 0.461137101258538
0.501944300171551 0.460692599536286
0.506963743173267 0.460227376956338
0.512033380604999 0.45974094020426
0.517153714411049 0.459232779784234
0.52232525155516 0.458702369634428
0.527548504070711 0.458149164691831
0.532823989111418 0.45757260327818
0.538152229002533 0.45697210418893
0.543533751292558 0.456347066188176
0.548969088805484 0.455696867884414
0.554458779693538 0.455020867135125
0.560003367490474 0.454318400021832
0.565603401165378 0.453588780236298
0.571259435177032 0.452831297747516
0.576972029528803 0.452045218291452
0.582741749824091 0.451229783456214
0.588569167322331 0.450384210351978
0.5944548589955549 0.449507684011224
0.60039940758551 0.44859936854384
0.606403401661365 0.447658394124202
0.612467435677979 0.446683867056488
0.618592110034759 0.44567485543648
0.624778031135106 0.44463040207319
0.631025811446457 0.443549510438532
0.637336069560922 0.442431156268883
0.643709430256531 0.441274270059219
0.650146524559097 0.44007774844675
0.656647989804688 0.438840453540164
0.663214469702734 0.437561196407075
0.669846614399762 0.436238749795943
0.6765450805437589 0.434871839846719
0.6833105313491969 0.433459146868556
0.690143636662689 0.431999281931551
0.697045073029316 0.430490832937846
0.704015523759609 0.428932307717162
0.711055678997205 0.427322161303499
0.718166235787177 0.425658782845202
0.725347898145049 0.423940495193088
0.732601377126499 0.422165552760513
0.739927390897764 0.42033210405779
0.747326664806742 0.418438266184083
0.7547999314548089 0.416482026861148
0.762347930769357 0.414461297055266
0.7699714100770511 0.412373880824874
0.777671124177822 0.410217478604622
0.7854478354195999 0.40798967241038
0.793302313773796 0.405687919912657
0.801235336911534 0.403309545931956
0.809247690280649 0.400851729396021
0.817340167183456 0.398311495416613
0.82551356885529 0.395685700922767
0.833768704543843 0.392971018257174
0.842106391589282 0.390163933662222
0.8505274555051739 0.387260692739113
0.8547800927827 0.385768057888489
0.859032730060226 0.384257345138994
0.863327893710527 0.382712956386751
0.867623057360828 0.381149666992565
0.871961172647633 0.379551305612951
0.874130230291035 0.378744720981112
0.876299287934437 0.377933157212843
0.878490036154273 0.377108386299478
0.880680784374109 0.376278464360754
0.882871532593945 0.375443356411003
0.885062280813781 0.374603025115801
0.887274936515815 0.37374895132714
0.88948759221785 0.372889475688834
0.891700247919885 0.372024549345155
0.893912903621919 0.371154143612867
0.898382468140029 0.369379028185296
0.902852032658138 0.367581030066888
0.907366292821429 0.3657414559315
0.91188055298472 0.363877795603086
0.916439955749644 0.361970649527454
0.920999358514567 0.360038120675941
0.92560435530714 0.358060055955622
0.930209352099712 0.356055196603002
0.93951144562071 0.351921666736718
0.948906560076917 0.347629607085544
0.958395625677686 0.343170370369968
0.967979581934463 0.338534589514162
0.977659377753807 0.333712042375262
0.987435971531345 0.328691525393538
0.997310331246659 0.323460746015938
1.00728343455913 0.318006146050658
1.01735626890472 0.31231270885425
1.02752983159376 0.306363694915074
1.0378051299097 0.30014046374294
1.0481831812088 0.293622010123778
1.05866501302089 0.286784459997271
1.0692516631511 0.279600709459683
1.07994417978261 0.272039570874471
1.09074362158043 0.264064800654557
1.10165105779624 0.255634068524362
1.1126675683742 0.24669708116467
1.12379424405794 0.237193461185243
1.13503218649852 0.227049548973237
1.14638250836351 0.216173851332291
1.15784633344714 0.204450289735694
1.16942479678161 0.191727836198813
1.18111904474943 0.177803869106747
1.19293023519692 0.162395674990196
1.20485953754889 0.14509457809
1.21690813292438 0.125337191966574
1.22299267358901 0.114231229131844
1.22907721425363 0.102212272364811
1.23522260032489 0.0890611974397666
1.24136798639616 0.0750153314399574
1.24447140636215 0.0677762738876676
1.24757482632814 0.0606677518252756
1.25067824629413 0.0539406644301853
1.25378166626012 0.0478370697296899
1.25534889334295 0.045046712560172
1.25691612042577 0.0424632294836605
1.26005057459142 0.0379074721525856
1.26318502875707 0.0340976061336531
1.26631948292272 0.0309172968160181
1.26948528163003 0.0282250150417281
1.27265108033733 0.0259490980205027
1.27581687904464 0.0240049868383288
1.27898267775195 0.0223267237067463
1.28218013444633 0.0208502723797425
1.28537759114071 0.0195527118985155
1.29177250452947 0.017375756408434
1.29823136705212 0.0156015916230715
1.30469022957477 0.0141370221775549
1.31121368072264 0.0128934448497299
1.31773713187051 0.011831906630728
1.32432581752987 0.0109052492305787
1.33091450318922 0.0100957427281399
1.33756907570517 0.00937515159059624
1.34422364822111 0.00873507388793566
1.35094476646222 0.00815705377612015
1.35766588470332 0.00763717432377634
1.36445421412684 0.007162537433953
1.37124254355036 0.00673151577775668
1.38495496898586 0.00597146606734088
1.39880451867572 0.00532480959970139
1.41279256386247 0.00476846982599892
1.4269204895011 0.00428542846963632
1.44118969439611 0.00386281447947816
1.45560159134007 0.0034906836536678
1.47015760725347 0.00316121165912767
1.48485918332601 0.00286814344334986
1.49970777515927 0.00260640511904781
1.51470485291086 0.00237183326783864
1.52985190143997 0.0021609716061377
1.54515042045437 0.00197092269591287
1.56060192465891 0.00179923599966722
1.5762079439055 0.00164382249995113
1.59197002334456 0.00150288902434352
1.607889723578 0.00137488464405538
1.62396862081378 0.00125846174542383
1.64020830702192 0.00115244222893803
1.65661039009214 0.00105579129904333
1.67317649399306 0.000967595451547699
1.68990825893299 0.000887047605662416
1.70680734152232 0.000813427151125209
1.72387541493754 0.000746093249883892
1.74111416908692 0.000684472090235527
1.75852531077779 0.000628048838059571
1.77611056388557 0.000576360451327359
1.79387166952442 0.00052898955105172
1.81181038621967 0.000485558999797915
1.82992849008186 0.000445728013057356
1.84822777498268 0.000409186992334337
1.86671005273251 0.00037565536285007
1.88537715325983 0.000344877995374728
1.90423092479243 0.000316622683340394
1.92327323404036 0.000290677910679779
1.94250596638076 0.000266850783941105
1.96193102604457 0.000244965246548553
1.98155033630501 0.000224860532088866
2.00136583966806 0.000206389650726634
2.02137949806474 0.000189418214032945
2.04159329304539 0.000173823236076212
2.06200922597584 0.000159492139542827
2.0826293182356 0.000146321774519107
2.10345561141796 0.000134217750256272
2.12449016753214 0.000123093396501967
2.14573506920746 0.000112869348115099
2.16719241989954 0.000103472798955752
2.18886434409853 9.48369512328023e-05
2.21075298753952 8.69005126599409e-05
2.23286051741491 7.96072259036037e-05
2.25518912258906 7.29054419156195e-05
2.27774101381495 6.67477295287123e-05
2.3005184239531 6.10905224203863e-05
2.32352360819263 5.58937939070227e-05
2.34675884427456 5.11207558669011e-05
2.3702264327173 4.67375968235688e-05
2.39392869704448 4.27132257162175e-05
2.41786798401492 3.90190489155206e-05
2.44204666385507 3.56287619734146e-05
2.46646713049362 3.25181604829181e-05
2.49113180179856 2.96649669461368e-05
2.51604311981654 2.70486721100888e-05
2.54120355101471 2.46503880686655e-05
2.56661558652486 2.24527185756126e-05
2.5922817423901 2.04396377670695e-05
2.618204559814 1.85963752774848e-05
2.64438660541214 1.69093193949287e-05
2.67083047146627 1.53659221802692e-05
2.69753877618093 1.39546149664478e-05
2.72451416394274 1.26647301805435e-05
2.75175930558217 1.14866521086795e-05
2.77927689863799 1.04115658694845e-05
2.80706966762437 1e-5
2.83514036430061 1e-5
2.86349176794362 1e-5
2.89212668562305 1e-5
2.92104795247928 1e-5
2.95025843200408 1e-5
2.97976101632412 1e-5
3.00955862648736 1e-5
3.03965421275223 1e-5
3.07005075487975 1e-5
3.10075126242855 1e-5
3.13175877505284 1e-5
3.16307636280337 1e-5
3.1947071264314 1e-5
3.22665419769571 1e-5
3.25892073967267 1e-5
3.2915099470694 1e-5
3.32442504654009 1e-5
3.35766929700549 1e-5
3.39124598997555 1e-5
3.4251584498753 1e-5
3.45941003437406 1e-5
3.4940041347178 1e-5
3.52894417606497 1e-5
3.56423361782562 1e-5
3.59987595400388 1e-5
3.63587471354392 1e-5
3.67223346067936 1e-5
3.70895579528615 1e-5
3.74604535323901 1e-5
3.7835058067714 1e-5
3.82134086483912 1e-5
3.85955427348751 1e-5
3.89814981622238 1e-5
3.93713131438461 1e-5
3.97650262752845 1e-5
4.01626765380374 1e-5
4.05643033034178 1e-5
4.09699463364519 1e-5
4.13796457998165 1e-5
4.17934422578146 1e-5
4.22113766803928 1e-5
4.26334904471967 1e-5
4.30598253516687 1e-5
4.34904236051854 1e-5
4.39253278412372 1e-5
4.43645811196496 1e-5
4.48082269308461 1e-5
4.52563092001545 1e-5
4.57088722921561 1e-5
4.61659610150777 1e-5
4.66276206252284 1e-5
4.70938968314807 1e-5
4.75648357997955 1e-5
4.80404841577935 1e-5
4.85208889993714 1e-5
4.90060978893651 1e-5
4.94961588682588 1e-5
4.99911204569414 1e-5
5.04910316615108 1e-5
5.09959419781259 1e-5
5.15059013979072 1e-5
5.20209604118862 1e-5
5.25411700160051 1e-5
5.30665817161651 1e-5
5.35972475333268 1e-5
5.41332200086601 1e-5
5.46745522087467 1e-5
5.52212977308341 1e-5
5.57735107081425 1e-5
5.63312458152239 1e-5
5.68945582733762 1e-5
5.74635038561099 1e-5
5.8038138894671 1e-5
5.86185202836177 1e-5
5.92047054864539 1e-5
5.97967525413184 1e-5
6.03947200667316 1e-5
6.0998667267399 1e-5
6.16086539400729 1e-5
6.22247404794737 1e-5
6.28469878842684 1e-5
6.34754577631111 1e-5
6.41102123407422 1e-5
6.47513144641496 1e-5
6.53988276087911 1e-5
6.60528158848791 1e-5
6.67133440437278 1e-5
6.73804774841651 1e-5
6.80542822590068 1e-5
6.87348250815968 1e-5
6.94221733324128 1e-5
7.01163950657369 1e-5
7.08175590163943 1e-5
7.15257346065582 1e-5
7.22409919526238 1e-5
7.29634018721501 1e-5
7.36930358908716 1e-5
7.44299662497803 1e-5
7.51742659122781 1e-5
7.59260085714009 1e-5
7.66852686571149 1e-5
7.7452121343686 1e-5
7.82266425571229 1e-5
7.90089089826941 1e-5
7.97989980725211 1e-5
8.059698805324629 1e-5
8.14029579337787 1e-5
8.221698751311649 1e-5
8.30391573882477 1e-5
8.38695489621302 1e-5
8.47082444517515 1e-5
8.555532689626901 1e-5
8.64108801652317 1e-5
8.727498896688401 1e-5
8.81477388565529 1e-5
8.902921624511841 1e-5
8.99195084075696 1e-5
9.081870349164531 1e-5
9.172689052656169 1e-5
9.26441594318274 1e-5
9.357060102614559 1e-5
9.45063070364071 1e-5
9.54513701067712 1e-5
9.640588380783891 1e-5
9.736994264591729 1e-5
9.834364207237639 1e-5
9.93270784931002 1e-5
10.0320349278031 1e-5
10.1323552770812 1e-5
10.233678829852 1e-5
10.3360156181505 1e-5
10.439375774332 1e-5
10.5437695320753 1e-5
10.6492072273961 1e-5
10.75569929967 1e-5
10.8632562926667 1e-5
10.9718888555934 1e-5
11.0816077441493 1e-5
11.1924238215908 1e-5
11.3043480598067 1e-5
11.4173915404048 1e-5
11.5315654558088 1e-5
11.6468811103669 1e-5
11.7633499214706 1e-5
11.8809834206853 1e-5
11.9997932548922 1e-5
12.1197911874411 1e-5
12.2409890993155 1e-5
12.3633989903086 1e-5
12.4870329802117 1e-5
12.6119033100138 1e-5
12.738022343114 1e-5
12.8654025665451 1e-5
12.9940565922106 1e-5
13.1239971581327 1e-5
13.255237129714 1e-5
13.3877895010112 1e-5
13.5216673960213 1e-5
13.6568840699815 1e-5
13.7934529106813 1e-5
13.9313874397881 1e-5
14.070701314186 1e-5
14.2114083273278 1e-5
14.3535224106011 1e-5
14.4970576347071 1e-5
14.6420282110542 1e-5
14.7884484931648 1e-5
14.9363329780964 1e-5
15.0856963078774 1e-5
15.2365532709561 1e-5
15.3889188036657 1e-5
15.5428079917024 1e-5
15.6982360716194 1e-5
15.8552184323356 1e-5
16.0137706166589 1e-5
16.1739083228255 1e-5
16.3356474060538 1e-5
16.4990038801143 1e-5
16.6639939189155 1e-5
16.8306338581046 1e-5
16.9989401966857 1e-5
17.1689295986525 1e-5
17.340618894639 1e-5
17.5140250835854 1e-5
17.6891653344213 1e-5
17.8660569877655 1e-5
18.0447175576431 1e-5
18.2251647332196 1e-5
18.4074163805518 1e-5
18.5914905443573 1e-5
18.7774054498009 1e-5
18.9651795042989 1e-5
19.1548312993419 1e-5
19.3463796123353 1e-5
19.5398434084586 1e-5
19.7352418425432 1e-5
19.9325942609687 1e-5
20.1319202035783 1e-5
20.3332394056141 1e-5
20.5365717996703 1e-5
20.741937517667 1e-5
20.9493568928436 1e-5
21.1588504617721 1e-5
21.3704389663898 1e-5
21.5841433560537 1e-5
21.7999847896142 1e-5
22.0179846375104 1e-5
22.2381644838855 1e-5
22.4605461287243 1e-5
22.6851515900116 1e-5
22.9120031059117 1e-5
23.1411231369708 1e-5
23.3725343683405 1e-5
23.6062597120239 1e-5
23.8423223091442 1e-5
24.0807455322356 1e-5
24.321552987558 1e-5
24.5647685174336 1e-5
24.8104162026079 1e-5
25.058520364634 1e-5
25.3091055682803 1e-5
25.5621966239631 1e-5
25.8178185902027 1e-5
26.0759967761048 1e-5
26.3367567438658 1e-5
26.6001243113045 1e-5
26.8661255544175 1e-5
27.1347868099617 1e-5
27.4061346780613 1e-5
27.6801960248419 1e-5
27.9569979850903 1e-5
28.2365679649412 1e-5
28.5189336445907 1e-5
28.8041229810366 1e-5
29.0921642108469 1e-5
29.3830858529554 1e-5
29.676916711485 1e-5
29.9736858785998 1e-5
30.2734227373858 1e-5
30.5761569647597 1e-5
30.8819185344073 1e-5
31.1907377197513 1e-5
31.5026450969488 1e-5
31.8176715479183 1e-5
32.1358482633975 1e-5
32.4572067460315 1e-5
32.7817788134918 1e-5
33.1095966016267 1e-5
33.440692567643 1e-5
33.7750994933194 1e-5
34.1128504882526 1e-5
34.4539789931351 1e-5
34.7985187830665 1e-5
35.1465039708972 1e-5
35.4979690106061 1e-5
35.8529487007122 1e-5
36.2114781877193 1e-5
36.5735929695965 1e-5
36.9393288992925 1e-5
37.3087221882854 1e-5
37.6818094101683 1e-5
38.0586275042699 1e-5
38.4392137793127 1e-5
38.8236059171058 1e-5
39.2118419762768 1e-5
39.6039603960396 1e-5
40 1e-5
