-40 1.39494143328008515e-10
-39.6039603960395965 1.49194808739307291e-10
-39.2118419762768013 1.59246001562285564e-10
-38.8236059171058017 1.69629499964323786e-10
-38.439213779312702 1.80323922824488508e-10
-38.0586275042699 1.91304732274344783e-10
-37.6818094101682988 2.02544273697636513e-10
-37.308722188285401 2.14011855525323522e-10
-36.939328899292498 2.25673870778627391e-10
-36.573592969596497 2.37493961881622413e-10
-36.211478187719301 2.49433229792249507e-10
-35.8529487007121972 2.61450487995183931e-10
-35.4979690106060985 2.73502561370249155e-10
-35.1465039708972 2.85544629406698063e-10
-34.7985187830664984 2.97530612687682467e-10
-34.4539789931351024 3.09413601032199736e-10
-34.1128504882525974 3.21146321166392097e-10
-33.7750994933194022 3.3268164131398793e-10
-33.4406925676429978 3.43973109659373125e-10
-33.1095966016266985 3.54975523257711098e-10
-32.7817788134917976 3.65645523655102391e-10
-32.4572067460315026 3.75942215247749733e-10
-32.1358482633974987 3.8582780226000061e-10
-31.8176715479183017 3.95268240163352236e-10
-31.5026450969488003 4.0423389739577788e-10
-31.1907377197513007 4.12700223374754138e-10
-30.8819185344073013 4.20648419027396572e-10
-30.5761569647597007 4.280661063835343e-10
-30.2734227373858005 4.34947994186322226e-10
-29.9736858785997988 4.41296536961345516e-10
-29.6769167114849992 4.47122585537583842e-10
-29.3830858529554 4.52446027618442916e-10
-29.0921642108468994 4.5729641764215019e-10
-28.8041229810365991 4.61713595830345239e-10
-28.5189336445906996 4.6574829698202786e-10
-28.2365679649412016 4.69462750206643363e-10
-27.9569979850903003 4.72931271383663589e-10
-27.6801960248419014 4.76240850665056173e-10
-27.4061346780612993 4.79491737780548129e-10
-27.1347868099616996 4.82798028243554182e-10
-26.8661255544175006 4.86288253769551432e-10
-26.6001243113045014 4.90105980292294461e-10
-26.3367567438657986 4.94410416883050029e-10
-26.0759967761048017 4.9937703863373951e-10
-25.8178185902027018 5.05198226150222896e-10
-25.5621966239631 5.12083923714667377e-10
-25.3091055682803017 5.20262317418784673e-10
-25.0585203646339991 5.29980533650050204e-10
-24.8104162026079003 5.41505357243820792e-10
-24.564768517433599 5.55123967413401102e-10
-24.3215529875580003 5.71144688261334037e-10
-24.0807455322355999 5.89897749286778826e-10
-23.8423223091442011 6.11736049869873924e-10
-23.6062597120238991 6.37035920272429894e-10
-23.3725343683404994 6.66197870287374909e-10
-23.1411231369708013 6.99647315343705012e-10
-22.9120031059117011 7.37835268676220917e-10
-22.6851515900115999 7.81238987151929296e-10
-22.4605461287242996 8.30362557557178739e-10
-22.2381644838855017 8.85737409642240482e-10
-22.0179846375103985 9.4792274204227251e-10
-21.7999847896142001 1.01750584738905346e-09
-21.5841433560537013 1.09510232354044311e-09
-21.3704389663897985 1.18135615891648894e-09
-21.1588504617721007 1.27693968147073308e-09
-20.9493568928435998 1.38255336286365877e-09
-20.7419375176670009 1.4989254719463626e-09
-20.5365717996702983 1.62681157470981013e-09
-20.3332394056141013 1.76699388138531291e-09
-20.1319202035783 1.92028044537613611e-09
-19.932594260968699 2.08750422310653248e-09
-19.7352418425431999 2.26952200864219946e-09
-19.5398434084586015 2.4672132619896153e-09
-19.3463796123353013 2.68147885524208236e-09
-19.1548312993419003 2.9132397660963686e-09
-18.9651795042988986 3.16343575361785792e-09
-18.7774054498008987 3.43302405635335286e-09
-18.5914905443572991 3.72297815784953097e-09
-18.4074163805518012 4.03428666919413582e-09
-18.2251647332196001 4.36795238221734929e-09
-18.0447175576431 4.7249915503219262e-09
-17.8660569877655 5.10643345642259876e-09
-17.6891653344213005 5.51332032902700416e-09
-17.5140250835853983 5.94670766795238573e-09
-17.3406188946390003 6.40766504045144818e-09
-17.1689295986525003 6.89727740650065567e-09
-16.9989401966857017 7.41664702862357211e-09
-16.8306338581046013 7.9668960168326782e-09
-16.6639939189155015 8.54916955304049882e-09
-16.4990038801143015 9.16463983164322259e-09
-16.3356474060537984 9.8145107439134488e-09
-16.1739083228255005 1.05000233234881084e-08
-16.0137706166588991 1.12224619586208684e-08
-15.8552184323355991 1.19831613642092339e-08
-15.6982360716193998 1.27835142929908515e-08
-15.5428079917024 1.36249799509772401e-08
-15.3889188036656996 1.45090930673641904e-08
-15.2365532709560991 1.54374735540401544e-08
-15.0856963078774005 1.64118366747181982e-08
-14.9363329780964005 1.74340036288628994e-08
-14.7884484931648004 1.85059124412709712e-08
-14.6420282110541997 1.96296290347052744e-08
-14.4970576347070992 2.08073583505503827e-08
-14.3535224106010997 2.20414553714529663e-08
-14.2114083273277991 2.33344358904263843e-08
-14.0707013141859996 2.46889868632621042e-08
-13.9313874397881001 2.61079761754388175e-08
-13.7934529106812995 2.75944616511705875e-08
-13.6568840699814995 2.91516991309942361e-08
-13.5216673960213001 3.07831494452971016e-08
-13.3877895010112002 3.24924841145778286e-08
-13.2552371297140006 3.42835896129046919e-08
-13.1239971581327008 3.61605700389519389e-08
-12.9940565922105993 3.81277480490706119e-08
-12.8654025665451002 4.01896639188442083e-08
-12.7380223431140003 4.23510726134428561e-08
-12.6119033100137994 4.46169387624829276e-08
-12.4870329802116995 4.69924294517980461e-08
-12.3633989903085997 4.94829047624112089e-08
-12.2409890993155006 5.20939060055219001e-08
-12.1197911874411002 5.48311416215550052e-08
-11.9997932548922002 5.77004707306542911e-08
-11.8809834206853004 6.07078843414915429e-08
-11.7633499214705992 6.38594842443955926e-08
-11.6468811103669001 6.71614596336282892e-08
-11.5315654558087992 7.06200615217025767e-08
-11.4173915404048003 7.42415750260868719e-08
-11.3043480598066992 7.80322896250989559e-08
-11.1924238215908005 8.19984674953458245e-08
-11.0816077441493004 8.61463100577176146e-08
-10.9718888555934004 9.04819228724457066e-08
-10.8632562926666996 9.50112790365039263e-08
-10.7556992996700007 9.97401812483122479e-08
-10.6492072273961007 1.04674222715786078e-07
-10.5437695320753004 1.09818747093954212e-07
-10.4393757743319995 1.15178807648031917e-07
-10.3360156181504994 1.20759125847083034e-07
-10.2336788298519998 1.26564049601913563e-07
-10.1323552770811993 1.32597511369317595e-07
-10.0320349278030996 1.38862986352633467e-07
-9.93270784931002026 1.45363451036144085e-07
-9.83436420723763938 1.52101342298046108e-07
-9.73699426459172912 1.59078517353064256e-07
-9.6405883807838908 1.66296214781785765e-07
-9.54513701067712006 1.73755016908442957e-07
-9.45063070364071045 1.81454813792484465e-07
-9.35706010261455923 1.89394769101154943e-07
-9.26441594318274042 1.97573288130221367e-07
-9.1726890526561693 2.05987988237444843e-07
-9.08187034916453051 2.14635671947913289e-07
-8.99195084075696016 2.23512302981596287e-07
-8.90292162451184055 2.32612985440722457e-07
-8.81477388565529019 2.41931946377686712e-07
-8.72749889668840062 2.5146252194247158e-07
-8.64108801652317027 2.61197147281848847e-07
-8.55553268962690083 2.71127350330608648e-07
-8.47082444517515043 2.81243749597494384e-07
-8.38695489621301959 2.91536056005549987e-07
-8.30391573882477019 3.0199307879811448e-07
-8.22169875131164929 3.1260273546816967e-07
-8.14029579337787013 3.23352065610492452e-07
-8.05969880532462923 3.34227248533775459e-07
-7.97989980725211012 3.45213624404357828e-07
-7.90089089826941038 3.56295718625429818e-07
-7.82266425571229007 3.67457269086842347e-07
-7.74521213436860023 3.78681255852213242e-07
-7.66852686571149 3.89949932783466022e-07
-7.59260085714008959 4.01244860540032644e-07
-7.51742659122781021 4.12546940332252951e-07
-7.44299662497803016 4.23836447758164571e-07
-7.36930358908715988 4.35093066011504684e-07
-7.29634018721501043 4.46295917718434795e-07
-7.22409919526238031 4.57423594642963801e-07
-7.15257346065581956 4.68454184498013947e-07
-7.08175590163943003 4.79365294112148445e-07
-7.01163950657369028 4.90134068232375967e-07
-6.94221733324128021 5.0073720329236495e-07
-6.87348250815967976 5.11150955543456277e-07
-6.80542822590068042 5.2135114303347687e-07
-6.73804774841651 5.31313141025502173e-07
-6.67133440437277958 5.41011870574819486e-07
-6.60528158848790969 5.50421780126662316e-07
-6.53988276087911036 5.59516820158123292e-07
-6.4751314464149603 5.68270411063307508e-07
-6.41102123407422031 5.7665540466897268e-07
-6.34754577631110983 5.84644039965459972e-07
-6.28469878842683993 5.92207893841942875e-07
-6.22247404794736969 5.99317827821953679e-07
-6.16086539400729016 6.05943932001270769e-07
-6.09986672673989982 6.12055467591318422e-07
-6.03947200667315975 6.17620809663369858e-07
-5.97967525413184031 6.22607391867641682e-07
-5.92047054864539035 6.26981655063109713e-07
-5.86185202836176966 6.30709001934410209e-07
-5.80381388946709986 6.33753759788280463e-07
-5.74635038561098987 6.36079153810396668e-07
-5.68945582733762034 6.37647293121668841e-07
-5.63312458152238982 6.38419171999145962e-07
-5.57735107081424974 6.38354688619387397e-07
-5.52212977308341024 6.37412683641088407e-07
-5.46745522087466984 6.35551000869162343e-07
-5.41332200086601034 6.32726572135676501e-07
-5.35972475333267973 6.28895528396029305e-07
-5.30665817161650999 6.24013338874417389e-07
-5.25411700160050987 6.18034979904607357e-07
-5.20209604118861968 6.10915134904832673e-07
-5.15059013979071967 6.0260842670404005e-07
-5.09959419781259005 5.93069683206473192e-07
-5.04910316615108012 5.82254237148483638e-07
-4.99911204569414025 5.70118260471606571e-07
-4.94961588682587994 5.56619133615658217e-07
-4.90060978893651011 5.41715849830960643e-07
-4.8520888999371401 5.25369454425615875e-07
-4.80404841577935038 5.07543518707599473e-07
-4.75648357997954996 4.88204648257247258e-07
-4.70938968314807038 4.67323025077608752e-07
-4.66276206252284009 4.44872983121591851e-07
-4.61659610150776967 4.20833616688686734e-07
-4.57088722921560997 3.95189421221354112e-07
-4.52563092001545009 3.67930966113413897e-07
-4.48082269308461001 3.39055599268820984e-07
-4.43645811196495998 3.08568183318745264e-07
-4.39253278412371984 2.76481863615552163e-07
-4.34904236051854021 2.42818868371272457e-07
-4.30598253516687013 2.07611341592939962e-07
-4.26334904471966958 1.70902209783805929e-07
-4.22113766803927959 1.32746083724121981e-07
-4.1793442257814597 9.32101970148425968e-08
-4.13796457998164957 5.23753834584940677e-08
-4.09699463364519012 1.0337095760421465e-08
-4.05643033034178035 -3.27935315403527326e-08
-4.01626765380374007 -7.68885715616483833e-08
-3.97650262752845007 -1.21802143185018264e-07
-3.93713131438460984 -1.67369193503910865e-07
-3.89814981622237999 -2.13404219848740827e-07
-3.85955427348751012 -2.59699926113993349e-07
-3.82134086483912006 -3.06025807575806623e-07
-3.7835058067713998 -3.52126657817307187e-07
-3.74604535323901011 -3.97720990767859701e-07
-3.70895579528614983 -4.42499370200005168e-07
-3.67223346067935985 -4.86122638304613855e-07
-3.63587471354391978 -5.2822003416927913e-07
-3.59987595400387983 -5.68387192103837082e-07
-3.5642336178256202 -6.06184008777386748e-07
-3.5289441760649698 -6.41132367038386138e-07
-3.49400413471779991 -6.72713703068825853e-07
-3.45941003437406014 -7.00366402159060071e-07
-3.42515844987529983 -7.23483006865173444e-07
-3.39124598997555005 -7.4140721960879068e-07
-3.35766929700548999 -7.53430679880827092e-07
-3.32442504654009019 -7.58789494096131938e-07
-3.29150994706939981 -7.56660493793490554e-07
-3.25892073967267004 -7.46157195259204359e-07
-3.22665419769570994 -7.26325430744928484e-07
-3.1947071264314002 -6.96138618217469887e-07
-3.16307636280336979 -6.5449263298065504e-07
-3.13175877505284017 -6.00200240499815731e-07
-3.10075126242854981 -5.31985045280629122e-07
-3.07005075487974999 -4.48474905636912498e-07
-3.03965421275223013 -3.48194758542668755e-07
-3.00955862648735994 -2.29558792400740669e-07
-2.97976101632412016 -9.08618983508248709e-08
-2.95025843200407989 6.97296774644847269e-08
-2.92104795247928006 2.54188567633162387e-07
-2.89212668562305009 4.64637500924120722e-07
-2.86349176794362004 7.03361613569844586e-07
-2.83514036430061012 9.72821978827660801e-07
-2.80706966762436982 1.27567049588590047e-06
-2.7792768986379901 1.61476629850275399e-06
-2.75175930558217008 1.99319386626344272e-06
-2.72451416394273993 2.41428304758716825e-06
-2.69753877618092996 2.88163123424148791e-06
-2.67083047146627006 3.39912796288371688e-06
-2.64438660541213988 3.97098226088740105e-06
-2.61820455981400002 4.60175310239991481e-06
-2.5922817423900999 5.29638339731724056e-06
-2.56661558652485988 6.06023800186925074e-06
-2.54120355101471018 6.89914631619935643e-06
-2.51604311981654005 7.81945012320158269e-06
-2.4911318017985602 8.82805742568967736e-06
-2.4664671304936201 9.93250315755846036e-06
-2.44204666385506997 1.1141017781020819e-05
-2.41786798401491998 1.2462604938501395e-05
-2.39392869704448019 1.39071295066660359e-05
-2.37022643271729994 1.54854176039663625e-05
-2.34675884427455994 1.72093703345711493e-05
-2.32352360819262982 1.90920933134893372e-05
-2.30051842395310002 2.11480443127779528e-05
-2.27774101381494987 2.3393201699972223e-05
-2.2551891225890599 2.58452567099052903e-05
-2.2328605174149101 2.85238330027324739e-05
-2.21075298753952021 3.1450737416591642e-05
-2.18886434409852981 3.46502463251457008e-05
-2.16719241989954003 3.81494325598806113e-05
-2.14573506920745993 4.19785384557154776e-05
-2.12449016753213993 4.61714012263618226e-05
-2.10345561141796011 5.07659375726856257e-05
-2.08262931823559994 5.58046951710204761e-05
-2.06200922597584002 6.1335479476253387e-05
-2.04159329304538995 6.74120651017255353e-05
-2.02137949806474015 7.40950018982577567e-05
-2.00136583966805981 8.1452526739470135e-05
-1.98155033630500998 8.95615929193717544e-05
-1.96193102604456993 9.85090299675636698e-05
-1.94250596638076001 0.000108392847571642945
-1.92327323404035999 0.00011932369814637545
-1.90423092479243006 0.000131426513383377664
-1.88537715325983002 0.000144842330827761107
-1.86671005273251001 0.000159730327131853091
-1.84822777498268009 0.000176270075098346234
-1.82992849008185998 0.000194664041911948431
-1.81181038621966994 0.00021514034603211746
-1.7938716695244199 0.000237955790039135167
-1.77611056388557009 0.000263399186249458283
-1.75852531077779006 0.000291794991100408508
-1.74111416908692007 0.000323507263101958139
-1.72387541493753993 0.000358943957522140267
-1.70680734152231994 0.000398561568865062987
-1.6899082589329899 0.00044287012957685705
-1.67317649399306001 0.000492438570233445306
-1.65661039009214006 0.000547900442692478198
-1.64020830702192 0.000609960003299139927
-1.62396862081378002 0.00067939864820255587
-1.60788972357800009 0.000757081687153543319
-1.59197002334455995 0.000843965435814842996
-1.5762079439054999 0.000941104599633519928
-1.56060192465891001 0.00104965991472712292
-1.54515042045437001 0.00117090600306470234
-1.52985190143997007 0.00130623939053414436
-1.51470485291085999 0.00145718662736102453
-1.49970777515927001 0.00162541244087344833
-1.48485918332601008 0.00181272784090733842
-1.47015760725346989 0.00202109808835222509
-1.45560159134006994 0.00225265042760402871
-1.44118969439611 0.00250968147418913603
-1.42692048950110006 0.00279466413974030622
-1.4127925638624701 0.00311025396805166042
-1.39880451867572009 0.00345929474832376484
-1.38495496898586001 0.00384482326517065088
-1.3712425435503599 0.00427007303971015974
-1.36445421412684009 0.00449807595967237177
-1.35766588470332006 0.00473847691236716807
-1.35094476646222006 0.00498934869048477028
-1.34422364822111007 0.00525366831606923455
-1.33756907570516992 0.005529296125103343
-1.33091450318922 0.00581948108858607645
-1.32432581752987 0.00612185148885688573
-1.31773713187051 0.00643994767501025224
-1.31121368072264 0.00677114507099259126
-1.30469022957476999 0.00711929557603827382
-1.29823136705211994 0.00748149974623378653
-1.2917725045294699 0.00786194190492940648
-1.28537759114070993 0.00825742454014859011
-1.28218013444632994 0.00846245270235786336
-1.27898267775194996 0.00867248592590801927
-1.27581687904464003 0.00888548154450170477
-1.2726510803373301 0.00910360611708533642
-1.26948528163002994 0.00932697345412946202
-1.26631948292272001 0.00955569945950523331
-1.26318502875707006 0.0097875560806310203
-1.26005057459141989 0.0100248980835538747
-1.25691612042576994 0.0102678441508036681
-1.25534889334294997 0.0103914563680768766
-1.25378166626012 0.0105165150558518359
-1.25067824629412994 0.0107684846278876603
-1.2475748263281401 0.0110263080169043983
-1.24447140636215003 0.0112901086062767216
-1.24136798639615997 0.0115600118553599394
-1.23522260032489006 0.0121129821489551134
-1.22907721425362992 0.0126913990774250897
-1.22299267358900998 0.0132901876568147625
-1.21690813292438005 0.0139159971017133836
-1.20485953754888997 0.015239216133046584
-1.19293023519691999 0.0166665324697244897
-1.18111904474942997 0.0182034624259273213
-1.16942479678161004 0.0198555339914184142
-1.15784633344714005 0.0216282563455830745
-1.14638250836350997 0.0235270873775673336
-1.13503218649852 0.0255573993992731334
-1.12379424405794004 0.0277244432728017444
-1.1126675683742 0.0300333112079846885
-1.10165105779623995 0.0324888985182137935
-1.09074362158043003 0.0350958646534031415
-1.07994417978260993 0.0378585938568066008
-1.06925166315109998 0.0407811558170935451
-1.05866501302088989 0.043867266707741423
-1.04818318120880005 0.0471202510221899185
-1.03780512990969997 0.0505430046244502856
-1.02752983159375999 0.054137959440773431
-1.01735626890471997 0.0579070502180580801
-1.00728343455912994 0.0618516837686688969
-0.997310331246659021 0.0659727111089504076
-0.987435971531344991 0.0702704028800813507
-0.977659377753806957 0.0747444284147695676
-0.967979581934462985 0.0793938387819394242
-0.958395625677685992 0.0842170541043062437
-0.948906560076916983 0.0892118554007961112
-0.939511445620709984 0.0943753811577991708
-0.930209352099712006 0.0997041287807555049
-0.925604355307140025 0.102422364112814496
-0.920999358514567046 0.10519396102134905
-0.916439955749643986 0.107990797386614892
-0.911880552984720039 0.110840117416416445
-0.907366292821428999 0.113712952494235256
-0.90285203265813796 0.116637230713424647
-0.898382468140028978 0.119583167212576863
-0.893912903621918997 0.122579348195093044
-0.891700247919885003 0.124081151798673892
-0.889487592217850009 0.12559520627644763
-0.887274936515815016 0.127121484835556298
-0.885062280813781022 0.128659957753341603
-0.882871532593945019 0.130195180031773466
-0.880680784374109016 0.131742289746079072
-0.878490036154273013 0.133301249383204368
-0.87629928793443701 0.134872018501335039
-0.874130230291034982 0.136438827515985184
-0.871961172647632954 0.138017125785045935
-0.867623057360828009 0.141207995653039181
-0.863327893710526983 0.144411947549454633
-0.859032730060225957 0.147659899343382611
-0.854780092782699952 0.150918553834888142
-0.850527455505173946 0.154219327009924273
-0.842106391589282022 0.1608775089097223
-0.833768704543842998 0.167625356303877676
-0.825513568855290036 0.174453511807635159
-0.817340167183456034 0.181352401376795341
-0.809247690280649024 0.188312287381888543
-0.801235336911534035 0.19532332221063356
-0.793302313773796008 0.202375601836814467
-0.785447835419599949 0.209459218799915109
-0.777671124177822026 0.216564314054655732
-0.769971410077051055 0.223681127172624422
-0.762347930769357029 0.230800044409119165
-0.754799931454808948 0.237911644186578758
-0.747326664806742036 0.24500673959075156
-0.739927390897764048 0.252076417526312324
-0.732601377126498976 0.25911207423392546
-0.725347898145048964 0.266105446929790102
-0.718166235787176976 0.273048641390285673
-0.71105567899720501 0.279934155367362048
-0.704015523759608963 0.286754897783594809
-0.697045073029315954 0.293504203718077783
-0.690143636662688964 0.300175845254548712
-0.683310531349196948 0.306764038320094745
-0.676545080543758948 0.313263445695560805
-0.669846614399762008 0.319669176426406687
-0.663214469702734011 0.325976781904459556
-0.65664798980468797 0.332182248926147283
-0.65014652455909705 0.338281990060872007
-0.643709430256531046 0.344272831683790914
-0.637336069560922036 0.350152000040388045
-0.631025811446456975 0.355917105715651161
-0.624778031135105993 0.36156612687870926
-0.618592110034759002 0.367097391664726047
-0.612467435677979011 0.372509560040065801
-0.606403401661364971 0.377801605474977931
-0.600399407585510025 0.382972796720879638
-0.594454858995554947 0.388022679957625016
-0.588569167322330999 0.392951061540802005
-0.582741749824090993 0.397757991541026479
-0.576972029528802999 0.402443748227410081
-0.571259435177032038 0.407008823606743841
-0.565603401165377995 0.411453910089546238
-0.560003367490473969 0.415779888314810386
-0.554458779693537962 0.419987816127862956
-0.548969088805484007 0.424078918671123795
-0.543533751292557987 0.428054579516308376
-0.538152229002533011 0.431916332739305853
-0.532823989111418039 0.435665855816164016
-0.527548504070710966 0.439304963200517651
-0.522325251555159964 0.442835600429710319
-0.517153714411048959 0.446259838598782155
-0.512033380604999033 0.449579869038463753
-0.506963743173266979 0.452797998035083027
-0.501944300171551006 0.455916641436634629
-0.496974554625297993 0.458938318999775219
-0.492054014480493018 0.461865648346794444
-0.487182192554943994 0.464701338419051313
-0.482358606490042974 0.467448182333485507
-0.477582778703013022 0.470109049570916482
-0.472854236339616985 0.472686877448374898
-0.46817251122734399 0.475184661851916768
-0.46353713982905298 0.477605447230810609
-0.458947663197082023 0.479952315877847702
-0.454403626927804005 0.482228376543459736
-0.449904581116638003 0.484436752452656327
-0.445450080313503027 0.486580568813216874
-0.441039683478716027 0.488662939920603001
-0.436672953939321984 0.490686955979489414
-0.432349459345863996 0.492655669773335303
-0.428068771629568023 0.494572083321976386
-0.423830466959968011 0.49643913467263745
-0.419634125702939009 0.498259684972167882
-0.415479332379147026 0.50003650596764937
-0.411365675622917981 0.501772268079007988
-0.407292748141503014 0.503469529181084785
-0.403260146674756015 0.505130724223943006
-0.399267471955204012 0.506758155809383548
-0.395314328668518011 0.508353985828915445
-0.391400325414375028 0.509920228254185259
-0.387525074667697977 0.511458743155391971
-0.383688192740294975 0.512971232006836808
-0.379889299742866005 0.514459234321889336
-0.376128019547392001 0.515924125642469811
-0.372403979749892977 0.517367116891159884
-0.368716811633558017 0.518789255077285461
-0.365066150132234979 0.520191425332313995
-0.361451633794292015 0.521574354234605186
-0.357872904746823983 0.522938614369408694
-0.354329608660222006 0.524284630056961132
-0.350821394713090984 0.525612684169875721
-0.347347915557515985 0.526922925950760401
-0.343908827284668983 0.528215379732231649
-0.340503789390761979 0.529489954454253842
-0.337132464743327975 0.53074645386803454
-0.333794519547849999 0.531984587311512658
-0.330489623314702996 0.53320398093880339
-0.327217448826437995 0.534404189284676256
-0.323977672105384973 0.535584707045285935
-0.320769972381569013 0.536744980957723161
-0.317594032060958986 0.537884421663586187
-0.314449536694018983 0.539002415445415606
-0.311336174944572996 0.540098335729544021
-0.308253638558984022 0.541171554254456955
-0.305201622335626976 0.542221451810146027
-0.302179824094680027 0.543247428460929549
-0.299187944648197979 0.544248913171872073
-0.296225687770494017 0.545225372766972582
-0.293292760168805011 0.546176320155819961
-0.290388871454263009 0.547101321774100979
-0.287513734113132025 0.548000004192377155
-0.284667063478348026 0.548872059856566619
-0.281848577701334979 0.549717251932697493
-0.279057997724094009 0.550535418237611096
-0.276295047251577996 0.551326474246202625
-0.273559452724335017 0.552090415174663285
-0.27085094329142001 0.55282731714771649
-0.268169250783585 0.553537337466138646
-0.265514109686717015 0.554220713998818337
-0.262885257115561988 0.554877763731137286
-0.260282432787684981 0.555508880508596148
-0.257705378997708012 0.55611453202120964
-0.255153840591790027 0.556695256080359746
-0.25262756494236599 0.557251656245265181
-0.250126301923135008 0.557784396861267018
-0.247649803884292002 0.558294197576369555
-0.245197825628012012 0.55878182740621507
-0.242770124384170005 0.559248098420594975
-0.240366459786306996 0.559693859126938142
-0.237986593847828998 0.560119987627715199
-0.235630290938444009 0.560527384629596725
-0.233297317760836009 0.560916966382219329
-0.230987443327559994 0.561289657623810445
-0.228700438938179013 0.561646384609459481
-0.226436078156613013 0.561988068295768084
-0.22419413678872499 0.562315617752665697
-0.221974392860123992 0.562629923869687687
-0.219776626594182012 0.562931853419781802
-0.217600620390278998 0.563222243538837541
-0.21544615880225701 0.56350189667371775
-0.213313028517086001 0.563771576045607237
-0.211201018333747992 0.564032001669023342
-0.20910991914232499 0.564283846960029201
-0.207039523903292 0.564527735959934995
-0.204989627627021997 0.564764241193439598
-0.202960027353487005 0.564993882172452278
-0.200950522132165993 0.565217124549226679
-0.198960913002143996 0.565437870592147784
-0.196991002972420004 0.565649790393366603
-0.19504059700239601 0.56585632085427473
-0.193109501982569987 0.566057714532527845
-0.191197526715416011 0.566254176322027014
-0.189304481896451993 0.566445866181670366
-0.187430180095497001 0.566632902324831766
-0.185574435738114996 0.566815364819393319
-0.183737065087242996 0.566993299544130358
-0.181917886224992997 0.567166722443911531
-0.180116719034646988 0.56733562402359683
-0.178333385182817994 0.567499974018756848
-0.176567708101800003 0.567659726180491431
-0.17481951297208001 0.567814823111605804
-0.173088626705029003 0.56796520109213755
-0.171374877925771996 0.568110794833750266
-0.169678096956209001 0.568251542104907803
-0.167998115798226988 0.568387388171751939
-0.166334768117056997 0.568518290003227511
-0.164687889224809009 0.568644220193334604
-0.163057316064167013 0.568765170557993249
-0.161442887192244006 0.568881155369247771
-0.159844442764597999 0.568992214194953161
-0.158261824519403987 0.569098414317810053
-0.156694875761787006 0.569199852713388466
-0.155143441348302991 0.569296657572689435
-0.153607367671588002 0.569388989360612219
-0.152086502645136012 0.569477041407426721
-0.150580695688253996 0.569561040035859278
-0.149089797711142003 0.569641244231642974
-0.147613661100141014 0.56971794487032934
-0.146152139703110001 0.569791463517709373
-0.144705088814959998 0.569862150825327651
-0.143272365163327003 0.569930384546260216
-0.141853826894383001 0.569996567199560711
-0.140449333558794992 0.570061123414524307
-0.139058746097816988 0.570124496988143048
-0.137681926829521989 0.57018714769094847
-0.136318739435170005 0.570249547857716643
-0.134969048945712988 0.57031217880037588
-0.133632721728428994 0.570375527080915101
-0.132309625473691989 0.570440080682150241
-0.130999629181872995 0.570506325113845469
-0.129702603150368995 0.570574739491122362
-0.128418418960762004 0.570645792621136572
-0.127146949466101 0.570719939132851573
-0.125888068778317014 0.570797615683357074
-0.124641652255760002 0.570879237272636231
-0.123407576490851004 0.570965193696999496
-0.122185719297873002 0.57105584616959093
-0.120975959700864 0.571151524134502986
-0.119778177921646994 0.571252522299041776
-0.118592255367967997 0.571359097906759317
-0.117418074621749996 0.571471468271799288
-0.116255519427476001 0.571589808593095605
-0.115104474680669006 0.571714250064909613
-0.113964826416504003 0.571844878298166437
-0.112836461798519 0.571981732064990034
-0.111719269107443994 0.572124802376792418
-0.110613137730143002 0.57227403190422621
-0.109517958148656003 0.572429314745234841
-0.108433621929362997 0.57259049654533023
-0.107360021712240003 0.572757374972152511
-0.106297051200237996 0.572929700544145493
-0.105244605148750003 0.57310717781109255
-0.104202579355198 0.573289466881909959
-0.103170870648710999 0.573476185292903784
-0.102149376879912004 0.573666910207307978
-0.101137996910803996 0.573861180934579829
-0.100136630604756 0.574058501755494222
-0.099145178816590504 0.574258345036638418
-0.0981635433827628967 0.574460154615467844
-0.0971916271116464031 0.574663349434591519
-0.0962293337739072996 0.574867327401552997
-0.0952765680929776038 0.575071469447950956
-0.0943332357356213014 0.575275143759460761
-0.0933992433025954 0.575477710146070853
-0.0924744983194013964 0.57567852451979562
-0.0915589092271301003 0.575876943445223111
-0.0906523853733960938 0.576072328726535465
-0.0897548370033624948 0.576264051993226722
-0.0888661752508538988 0.576451499245539956
-0.0879863121295584028 0.576634075319805484
-0.0871151605243151994 0.576811208233340311
-0.0862526341824902953 0.576982353368466261
-0.0853986477054359955 0.577146997455435629
-0.0845531165400355972 0.577304662314796047
-0.0837159569703322948 0.577454908320836791
-0.0828870861092398936 0.577597337549361267
-0.0820664218903364995 0.577731596575113526
-0.0812538830597391015 0.577857378886633244
-0.0804493891680584938 0.577974426889331538
-0.0796528605624342023 0.57808253347092875
-0.0788642183786476964 0.578181543107185614
-0.0780833845333146065 0.578271352490040913
-0.0773102817161530065 0.578351910664734459
-0.0765448333823297022 0.578423218667314054
-0.0757869637448809058 0.578485328658924547
-0.0750365977672088069 0.578538342558504448
-0.0742936611556522936 0.578582410180841111
-0.0735580803521310028 0.5786177268923135
-0.0728297825268623966 0.578644530802062018
-0.0721086955711509048 0.578663099511570578
-0.0713947480902484 0.578673746450864002
-0.0706878693962855048 0.578676816834426622
-0.0699879895012728015 0.578672683274571886
-0.0692950391101710972 0.578661741094385729
-0.0686089496140308008 0.578644403386148531
-0.0679296530831988016 0.578621095864676138
-0.0672570822605927932 0.578592251567881299
-0.066591170555042406 0.578558305459207278
-0.0659318520346954956 0.578519688988402669
-0.0652790614204906 0.57847682466817818
-0.0646327340796935962 0.578430120724819252
-0.0639928060194985965 0.578379965880649438
-0.0633592138806916977 0.578326724325378461
-0.0627318949313779017 0.578270730931917498
-0.062110787060770202 0.578212286770038886
-0.0614958287730398012 0.578151654968524387
-0.0608869591812275998 0.578089056973069004
-0.0602841180012154004 0.57802466924312601
-0.0596872455457577999 0.5779586204267394
-0.0590962827185720976 0.577890989046977888
-0.0585111710084871978 0.577821801728640283
-0.0579318524836507018 0.577751031987837393
-0.0573582697857928023 0.577678599601387899
-0.0567903661245472979 0.577604370566206171
-0.0562280852718290008 0.577528157652842933
-0.0556713715562663983 0.577449721550633233
-0.0551201698576894994 0.577368772595343582
-0.0545744256016727006 0.577284973063782458
-0.0540340847541313993 0.577197940013436939
-0.0534990938159716975 0.577107248639102455
-0.0529693998177937983 0.577012436112505411
-0.0524449503146472984 0.576913005865460904
-0.0519256933808388971 0.576808432271919136
-0.051411577604791002 0.576698165679653929
-0.0509025520839515022 0.576581637738136199
-0.0503985664197538971 0.576458266965637622
-0.0498995707126276972 0.57632746449564376
-0.0494055155570570989 0.57618863994037739
-0.0489163520366902027 0.57604120730765862
-0.0484320317194951999 0.575884590906443061
-0.0479525066529655972 0.575718231176201356
-0.0474777293593718966 0.575541590376007051
-0.0470076528310613001 0.575354158070385702
-0.0465422305258032035 0.575155456351147287
-0.046081416362181403 0.57494504473714092
-0.0456251647150310996 0.574722524697311221
-0.0451734304109219012 0.574487543746606932
-0.0447261687236849975 0.574239799068809065
-0.0442833353699852023 0.573979040625871573
-0.0438448865049358011 0.573705073718785319
-0.0434107787177581972 0.5734177609714316
-0.0429809690274833983 0.573117023715186469
-0.0425554148786964001 0.572802842758978636
-0.0421340741373232019 0.572475258536459863
-0.0417169050864586027 0.57213437062896233
-0.0413038664222363031 0.571780336670254741
-0.0408949172497388991 0.571413370645947549
-0.0404900170789493988 0.571033740607482243
-0.0400891258207419013 0.570641765827330394
-0.0396922037829127994 0.570237813428260076
-0.0392992116662502985 0.569822294525712647
-0.0389101105606438971 0.569395659927659392
-0.0385248619412316001 0.568958395441417686
-0.0381434276645856996 0.568511016841129257
-0.0377657699649363021 0.568054064553504046
-0.037391851450432001 0.567588098122202345
-0.0370216350994376012 0.567113690513775803
-0.0366550842568690027 0.566631422329296752
-0.0362921626305632988 0.566141875986802323
-0.0359328342876865034 0.565645629939439787
-0.0355770636511746965 0.565143252993419276
-0.0352248154962125984 0.564635298788263462
-0.0348760549467451025 0.564122300499478202
-0.0345307474720248989 0.563604765820740816
-0.0341888588831929033 0.563083172278877053
-0.0338503553298939996 0.562557962930667732
-0.0335152032969247976 0.562029542485569578
-0.0331833696009155993 0.561498273893004662
-0.0328548213870450967 0.560964475427197073
-0.0325295261257873003 0.560428418296205821
-0.0322074516096904004 0.559890324795662919
-0.031888565950188498 0.559350367020810868
-0.0315728375744439987 0.558808666144130717
-0.0312602352222218008 0.558265292258866563
-0.0309507279427938993 0.557720264782336828
-0.0306442850918751016 0.557173553406442146
-0.0303408763285892003 0.556625079576535731
-0.030040471612464599 0.556074718473905327
-0.0297430412004600006 0.555522301471730651
-0.0294485556440198006 0.554967619029144488
-0.0291569857861582009 0.554410423983543899
-0.0288683027585724984 0.553850435197263846
-0.0285824779787846005 0.553287341511269681
-0.0282994831473115001 0.552720805955727479
-0.0280192902448628996 0.552150470165191254
-0.0277418715295672004 0.55157595894462419
-0.0274671995342249987 0.550996884931680642
-0.0271952470635891015 0.550412853300574989
-0.0269259871916723986 0.549823466453314036
-0.0266593932590814993 0.549228328645481545
-0.0263954388703778013 0.54862705049526872
-0.0261340978914630997 0.548019253327136413
-0.0258753444469932009 0.547404573304364872
-0.0256191529178150003 0.546782665308118254
-0.0253654979384306985 0.546153206524767287
-0.0251143543944859007 0.545515899707409768
-0.0248656974202829985 0.544870476082159882
-0.0246195023963198013 0.544216697874823074
-0.0243757449468513 0.543554360438572304
-0.0241344009374766001 0.542883293968534075
-0.023895446472749101 0.542203364794513254
-0.0236588578938109993 0.541514476248374454
-0.0234246117760504996 0.540816569107783529
-0.0231926849267826002 0.540109621623099834
-0.0229630543829530999 0.539393649139103371
-0.0227356974088645004 0.538668703327770948
-0.0225105914939251993 0.53793487105263682
-0.0222877143504210014 0.537192272889071232
-0.0220670439113078987 0.536441061328461144
-0.0218485583280275987 0.53568141869714947
-0.0216322359683441996 0.53491355482357239
-0.0214180554142021987 0.534137704489172971
-0.0212059954596061015 0.533354124700056054
-0.0209960351085209003 0.532563091817544354
-0.0207881535727930007 0.531764898586050472
-0.0205823302700921008 0.530959851096916235
-0.0203785448218733005 0.530148265726165135
-0.0201767770513597011 0.529330466083173246
-0.0199770069815442992 0.52850678000588136
-0.0197792148332122004 0.527677536636240174
-0.0195833810229823005 0.526843063607379203
-0.0193894861613687006 0.526003684371486258
-0.0191975110508601013 0.525159715694457074
-0.0190074366840198988 0.524311465340312255
-0.0188192442416037983 0.523459229965234196
-0.0186329150906968007 0.522603293237448918
-0.0184484307828681991 0.52174392419593707
-0.0182657730523447005 0.520881375857289886
-0.0180849238142027011 0.520015884076557522
-0.0179058651625768998 0.519147666664578011
-0.0177285793688880013 0.518276922760873004
-0.0175530488800871992 0.517403832458062762
-0.0173792563169180014 0.51652855667076758
-0.0172071844721960014 0.515651237239218463
-0.0170368163091049983 0.514771997255295877
-0.0168681349595098985 0.51389094159639892
-0.0167011237222869993 0.513008157650758467
-0.0165357660616703012 0.512123716216059122
-0.0163720456056141994 0.511237672551879907
-0.0162099461441723991 0.510350067565640941
-0.0160494516278935004 0.509460929110839289
-0.0158905461662312009 0.508570273376121484
-0.0157332140259715016 0.507678106343681046
-0.0155774396296746998 0.506784425295514929
-0.0154232075541334002 0.505889220346807722
-0.0152705025288449002 0.504992475986216216
-0.0151193094344999005 0.504094172603944402
-0.0149696133014851004 0.503194287989531919
-0.0148213993084011005 0.502292798782799643
-0.0146746527805951005 0.501389681862587144
-0.0145293591887079993 0.50048491565987796
-0.0143855041472356997 0.499578481383259776
-0.0142430734131045993 0.498670364146656775
-0.0141020528842620008 0.497760553990932164
-0.0139624285982791994 0.496849046792793791
-0.0138241867309695007 0.495935845056216573
-0.0136873135950193008 0.495020958583288595
-0.0135517956386330008 0.494104405023103987
-0.0134176194441910993 0.493186210298892758
-0.0132847717269219002 0.492266408915074893
-0.0131532393335859997 0.491345044147286358
-0.0130230092411742996 0.490422168119694246
-0.0128940685556181 0.489497841775041465
-0.0127664045105130002 0.488572134743839925
-0.0126400044658544 0.487645125119908651
-0.0125148559067866007 0.486716899150265447
-0.0123909464423628997 0.485787550847761651
-0.0122682638043197009 0.484857181535394088
-0.0121467958458611001 0.483925899331371256
-0.0120265305404566002 0.482993818584216028
-0.0119074559806501001 0.482061059267121006
-0.0117895603768811991 0.481127746340697715
-0.0116728320563181005 0.480194009093036778
-0.0115572594617010995 0.479259980465597757
-0.0114428311501991002 0.478325796373162582
-0.0113295357922763001 0.477391595025479232
-0.0112173621705706009 0.476457516257782987
-0.0111062991787827994 0.475523700876703981
-0.0109963358205769999 0.474590290027490147
-0.0108874612084920996 0.473657424587814957
-0.0107796645628633996 0.472725244592718419
-0.0106729352107559003 0.471793888694604369
-0.0105672625849067992 0.470863493661505594
-0.0104626362226800003 0.469934193916180465
-0.0103590457650297001 0.469006121117927499
-0.0102564809554749996 0.468079403788440929
-0.0101549316390841006 0.467154166982376051
-0.0100543877614693994 0.466230532002804787
-0.00995483936779151951 0.465308616161194566
-0.00985627660177378073 0.4643885325810857
-0.00975868970472651073 0.463470390044261271
-0.00966206901458071046 0.462554292877780493
-0.00956640496493139057 0.461640340879956868
-0.00947168808409049046 0.460728629283113478
-0.009377908994149 0.459819248750677034
-0.00928505841004850958 0.458912285406030407
-0.00919312713866188985 0.458007820890411366
-0.00910210607788305981 0.457105932447031293
-0.00901198621572579968 0.4562066930285677
-0.00892275862943149069 0.455310171425167165
-0.00883441448458563081 0.454416432410088555
-0.00874694503424319932 0.453525536900213355
-0.0086603416180625805 0.452637542128702663
-0.00857459566144810025 0.451752501827180242
-0.00848969867470108011 0.450870466414951432
-0.00840564225217928923 0.449991483192931196
-0.00832241807146463959 0.449115596540055784
-0.00824001789253924963 0.448242848110167291
-0.00815843355696956041 0.447373277027513561
-0.00807765698709857032 0.446506920079175862
-0.00799768018524611018 0.44564381190292246
-0.0079184952329169403 0.444783985169179219
-0.00784009429001676986 0.44392747075596295
-0.00776246959407600988 0.443074297915802218
-0.00768561345948119961 0.44222449443387668
-0.00760951827671405966 0.441378086776684386
-0.00753417651159807994 0.440535100230805221
-0.00745958070455255036 0.439695559031370919
-0.00738572346985401015 0.438859486480075833
-0.00731259749490495957 0.438026905052617821
-0.00724019553950986001 0.437197836495605341
-0.0071685104351582804 0.436372301913073635
-0.00709753508431512983 0.43555032184283976
-0.00702726245971794974 0.434731916322973144
-0.00695768560368113971 0.433917104948787713
-0.0068887976274070702 0.433105906920792372
-0.00682059171030402998 0.432298341084049242
-0.00675306109931092004 0.431494425959515371
-0.00668619910822863036 0.430694179767876495
-0.00661999911705805043 0.429897620446489437
-0.00655445457134459959 0.429104765659978793
-0.00648955898152931039 0.428315632805161939
-0.00642530592230624968 0.427530239010801782
-0.00636168903198637992 0.426748601132870164
-0.00629870201186770971 0.425970735745850149
-0.00623633862561158957 0.425196659130658294
-0.00617459269862534032 0.424426387259737026
-0.00611345811745082988 0.423659935779841346
-0.00605292882915924035 0.422897319992989795
-0.00599299884075172023 0.42213855483607754
-0.00593366221856606035 0.421383654859568579
-0.00587491308768917 0.420632634205684364
-0.00581674563137541019 0.419885506586418933
-0.00575915409047070021 0.41914228526178493
-0.00570213276284228018 0.418402983018514862
-0.00564567600281414006 0.417667612149554002
-0.00558977822060805971 0.416936184434527457
-0.00553443388179016005 0.416208711121422215
-0.00547963750672292998 0.415485202909619822
-0.00542538367002270028 0.414765669934467562
-0.00537166700002248039 0.41405012175345185
-0.00531848217824008006 0.41333856733408525
-0.00526582393885156007 0.412631015043573579
-0.00521368706816986022 0.411927472640289616
-0.0051620664041285803 0.411227947267052529
-0.00511095683577086988 0.4105324454462429
-0.00506035330274343022 0.409840973076707749
-0.00501025079479548024 0.409153535432414006
-0.00496064435128264983 0.408470137162813718
-0.00491152906067589008 0.407790782294828513
-0.00486290006007514004 0.407115474236407315
-0.00481475253472786035 0.406444215781560148
-0.00476708171755233986 0.405777009116746912
-0.00471988288866568 0.405113855828572567
-0.00467315137491650968 0.404454756912635438
-0.00462688254942229035 0.403799712783463272
-0.00458107183111117981 0.403148723285396804
-0.00453571468426848968 0.402501787704324987
-0.00449080661808762011 0.40185890478016606
-0.00444634318622535996 0.401220072719973841
-0.00440231998636175011 0.400585289211586426
-0.00435873265976411024 0.399954551437679662
-0.00431557689085554971 0.3993278560901668
-0.00427284840678766962 0.398705199384817799
-0.00423054297701750022 0.398086577076028958
-0.00418865641288861026 0.397471984471634732
-0.00414718456721644996 0.396861416447725879
-0.00410612333387767002 0.39625486746334071
-0.00406546864740364028 0.395652331575016336
-0.00402521648257786035 0.395053802451096892
-0.00398536285403747973 0.394459273385781184
-0.00394590381587870027 0.393868737312823236
-0.00390683546126602971 0.393282186818866009
-0.00386815392204558012 0.392699614156360177
-0.00382985536836195992 0.39212101125604526
-0.00379193600827916998 0.391546369738944633
-0.00375439208740512009 0.39097568092788354
-0.00371721988851991987 0.390408935858491124
-0.00368041573120784019 0.389846125289672552
-0.00364397597149290981 0.389287239713572875
-0.00360789700147812979 0.388732269364984784
-0.00357217524898825007 0.388181204230242549
-0.00353680717721609021 0.387634034055577059
-0.0035017892843723598 0.387090748354969816
-0.00346711810333897013 0.386551336417471747
-0.00343279020132571978 0.38601578731404762
-0.00339880217953040988 0.385484089903931348
-0.0033651506728023901 0.384956232840519441
-0.00333183234930929011 0.384432204576826475
-0.00329884391020722001 0.383911993370503246
-0.00326618208931407986 0.383395587288471895
-0.00323384365278622018 0.382882974211181226
-0.00320182539879823981 0.382374141836490045
-0.00317012415722597992 0.381869077683252234
-0.00313873678933265007 0.38136776909455733
-0.00310766018745806984 0.38087020324074039
-0.00307689127471096014 0.380376367122087278
-0.00304642700466432013 0.379886247571342039
-0.00301626436105378003 0.379399831255997633
-0.00298640035747899015 0.378917104680392691
-0.00295683203710791001 0.378438054187677508
-0.00292755647238406979 0.377962665961602717
-0.0028985707647366998 0.377490926028222651
-0.00286987204429375994 0.377022820257489788
-0.00284145746959778983 0.376558334364765157
-0.00281332422732454013 0.376097453912301039
-0.00278546953200449997 0.375640164310640401
-0.00275789062574702997 0.37518645082002483
-0.00273058477796735014 0.374736298551777813
-0.00270354928511619018 0.3742896924697105
-0.00267678147041207001 0.373846617391518754
-0.00265027868357630998 0.37340705799024132
-0.00262403830057060007 0.372970998795733533
-0.00259805772333722993 0.372538424196217965
-0.00257233437954181021 0.372109318439862558
-0.00254686572231862 0.371683665636458882
-0.00252164923001844 0.371261449759167417
-0.00249668240595884994 0.370842654646314995
-0.00247196277817707992 0.370427264003321821
-0.00244748789918523011 0.370015261404679385
-0.0024232553457279502 0.369606630296047456
-0.00239926271854251985 0.369201353996422343
-0.00237550764212130991 0.368799415700423239
-0.00235198776447654006 0.368400798480654823
-0.00232870075690746981 0.36800548529017385
-0.00230564431376977007 0.367613458965063311
-0.00228281615224729985 0.367224702227077759
-0.00226021401212604016 0.366839197686407992
-0.00223783565557033985 0.366456927844499403
-0.00221567886690131983 0.366077875097013006
-0.00219374145237754984 0.365702021736813099
-0.00217202123997776997 0.365329349957081329
-0.00215051607918590989 0.364959841854477052
-0.00212922384077812981 0.364593479432398893
-0.00210814241661201 0.36423024460429515
-0.0020872697194178301 0.363870119197051811
-0.00206660368259190983 0.36351308495443152
-0.0020461422599919901 0.363159123540580497
-0.00202588342573463984 0.362808216543576145
-0.00200582517399469987 0.362460345479028001
-0.00198596551880663016 0.362115491793709443
-0.00196630249386795007 0.361773636869249071
-0.00194683415234450999 0.361434762025817702
-0.00192755856667772992 0.361098848525876481
-0.00190847382839378992 0.36076587757792733
-0.00188957804791464994 0.360435830340276653
-0.00187086935437093997 0.360108687924830639
-0.00185234589541677006 0.359784431400869853
-0.00183400583704629999 0.359463041798857352
-0.0018158473634121799 0.3591445001142059
-0.00179786867664573011 0.358828787311079977
-0.00178006799667894009 0.358515884326157108
-0.00176244356106825006 0.35820577207238441
-0.0017449936248200501 0.357898431442717602
-0.00172771646021786991 0.357593843313832205
-0.00171061035665135992 0.357291988549810036
-0.00169367362044688997 0.356992848005797503
-0.00167690457469989 0.356696402531628265
-0.00166030155910880991 0.356402632975407141
-0.00164386292981070006 0.356111520187056163
-0.00162758705921851009 0.355823045021825379
-0.00161147233585991006 0.355537188343739041
-0.00159551716421773996 0.355253931029015479
-0.00157971996457201996 0.35497325396942242
-0.00156407917284358006 0.354695138075585947
-0.00154859324043919006 0.354419564280248012
-0.00153326063409820997 0.35414651354145199
-0.0015180798357408 0.353875966845694001
-0.00150304934231762 0.353607905210992779
-0.00148816766566100991 0.353342309689917589
-0.00147343333233763995 0.353079161372535144
-0.00145884488350260999 0.352818441389305737
-0.00144440087475506003 0.352560130913915026
-0.00143009987599511 0.352304211166030112
-0.00141594047128227999 0.352050663414002929
-0.0014019212586953299 0.351799468977501584
-0.00138804085019339995 0.351550609230069422
-0.00137429787147861 0.351304065601624582
-0.00136069096186000995 0.351059819580883226
-0.0013472187741188199 0.350817852717731749
-0.00133387997437507005 0.350578146625513454
-0.00132067324195551993 0.350340682983245721
-0.00130759726926288995 0.350105443537791938
-0.00129465076164642003 0.349872410105943665
-0.00128183243727369002 0.349641564576443409
-0.00126914102700365007 0.349412888911943775
-0.0012565752742610401 0.349186365150891964
-0.00124413393491191993 0.348961975409359804
-0.00123181577714051994 0.348739701882795405
-0.00121961958132723995 0.348519526847718419
-0.00120754413992795991 0.348301432663353394
-0.00119558825735441993 0.348085401773188419
-0.00118375074985586004 0.347871416706484471
-0.0011720304454018401 0.347659460079710214
-0.00116042618356618004 0.347449514597931886
-0.00114893681541206006 0.347241563056120361
-0.00113756120337827997 0.347035588340422696
-0.00112629822116660995 0.346831573429364715
-0.00111514675363031009 0.346629501394984052
-0.00110410569666367009 0.346429355403933492
-0.00109317395709273993 0.346231118718508479
-0.00108235045256706991 0.34603477469762256
-0.00107163411145255001 0.34584030679773986
-0.00106102387272528995 0.345647698573747331
-0.00105051868586663005 0.345456933679775868
-0.00104011751075904 0.345267995869971533
-0.00102981931758320991 0.345080868999222634
-0.00101962308671605002 0.344895537023833021
-0.00100952780862975005 0.344711984002152139
-0.000999532483791829972 0.34453019409515645
-0.000989636122566168053 0.344350151566991336
-0.000979837745115017976 0.344171840785460148
-0.000970136381301998029 0.343995246222484619
-0.000960531070596036974 0.343820352454504208
-0.000951020861976274983 0.343647144162862461
-0.00094160481383789602 0.34347560613412248
-0.000932281993898907051 0.343305723260368234
-0.000923051479107827992 0.343137480539461914
-0.000913912355552304952 0.34297086307525565
-0.000904863718368619039 0.342805856077787796
-0.000895904671652097973 0.342642444863421158
-0.000887034328368414035 0.342480614854967447
-0.000878251810265755998 0.342320351581769156
-0.000869556247787877951 0.342161640679758738
-0.000860946779987996954 0.342004467891477981
-0.000852422554443561949 0.341848819066068343
-0.000843982727171842988 0.34169468015924831
-0.000835626462546380008 0.341542037233241225
-0.000827352933214236955 0.341390876456693193
-0.000819161320014095951 0.341241184104558892
-0.000811050811895144982 0.341092946557962573
-0.000803020605836777005 0.340946150304036022
-0.000795069906769085952 0.340800781935732877
-0.000787197927494144968 0.340656828151623514
-0.000779403888608063995 0.34051427575565929
-0.000771687018423826009 0.340373111656932348
-0.000764046552894877013 0.340233322869397836
-0.000756481735539482007 0.340094896511592359
-0.000748991817365823962 0.339957819806317674
-0.000741576056797845049 0.339822080080322775
-0.000734233719601826954 0.339687664763961727
-0.000726964078813690032 0.339554561390829013
-0.000719766414667019952 0.339422757597390989
-0.000712640014521802008 0.339292241122598315
-0.000705584172793862971 0.339162999807474663
-0.000698598190885013019 0.339035021594708941
-0.000691681377113875047 0.338908294528215137
-0.000684833046647399953 0.338782806752698229
-0.000678052521433069959 0.338658546513194325
-0.000671339130131752017 0.338535502154602597
-0.000664692208051240012 0.338413662121214709
-0.000658111097080435014 0.338293014956216553
-0.000651595145624193949 0.338173549301202081
-0.000645143708538805033 0.338055253895658159
-0.000638756147068124044 0.337938117576450647
-0.000632431828780320986 0.337822129277302763
-0.000626170127505267958 0.337707278028259061
-0.000619970423272542953 0.337593552955147536
-0.000613832102250042987 0.337480943279035162
-0.000607754556683210009 0.337369438315666237
-0.000601737184834862018 0.337259027474913653
-0.000595779390925605962 0.337149700260203911
-0.000589880585074857035 0.33704144626795246
-0.000584040183242433026 0.336934255186982334
-0.000578257607170726013 0.336828116797948385
-0.00057253228432745096 0.336723020972745757
-0.000566863647848961025 0.336618957673926134
-0.000561251136484120037 0.336515916954102157
-0.000555694194538733019 0.336413888955348461
-0.000550192271820528021 0.336312863908607762
-0.000544744823584681031 0.336212832133080786
-0.000539351310479882018 0.336113784035630303
-0.000534011198494932981 0.336015710110162902
-0.000528723958905874016 0.335918600937028689
-0.000523489068223636947 0.335822447182404338
-0.000518306008142215046 0.335727239597685079
-0.000513174265487341993 0.335632969018865024
-0.000508093332165684974 0.335539626365928545
-0.000503062705114539974 0.335447202642230768
-0.00049808188625201995 0.335355688933878904
-0.00049315038242774196 0.335265076409121399
-0.000488267705374002012 0.335175356317727158
-0.000483433371657427996 0.335086519990366705
-0.000478646902631116983 0.334998558838001559
-0.00047390782438724399 0.334911464351261789
-0.000469215667710143022 0.334825228099830952
-0.000464569968029844018 0.334739841731835741
-0.000459970265376083009 0.334655296973224659
-0.000455416104332756022 0.33457158562716055
-0.000450907033992827987 0.334488699573399939
-0.000446442607913690977 0.334406630767694724
-0.00044202238407296102 0.334325371241172675
-0.000437645924824714005 0.334244913099729535
-0.000433312796856152014 0.334165248523428271
-0.000429022571144704976 0.334086369765891233
-0.000424774822915549989 0.334008269153696857
-0.000420569131599553986 0.333930939085778755
-0.000416405080791637983 0.333854372032829694
-0.000412282258209541999 0.333778560536699798
-0.000408200255653012 0.333703497209811961
-0.000404158668963378997 0.333629174734559331
-0.000400157097983542989 0.333555585862720605
-0.00039619514651836001 0.333482723414874893
-0.000392272422295405012 0.333410580279818236
-0.00038838853692614399 0.333339149413974911
-0.000384543105867468974 0.333268423840826999
-0.000380735748383632998 0.333198396650336293
-0.000376966087508547021 0.333129060998365256
-0.000373233750008462992 0.333060410106116478
-0.000369538366345013012 0.332992437259560681
-0.000365879570638625977 0.332925135808872785
-0.000362257000632303019 0.33285849916786886
-0.000358670297655745978 0.332792520813455395
-0.000355119106589847015 0.33272719428506875
-0.000351603075831532 0.332662513184124264
-0.000348121857258942987 0.332598471173471189
-0.000344675106196972998 0.332535061976845792
-0.000341262481383142007 0.332472279378330016
-0.000337883644933803008 0.332410117221818735
-0.000334538262310696982 0.332348569410471306
-0.000331226002287817996 0.332287629906200144
-0.000327946536918632026 0.332227292729127099
-0.000324699541503595994 0.332167551957064322
-0.000321484694558016001 0.332108401724998614
-0.000318301677780214007 0.33204983622456552
-0.000315150176020013984 0.331991849703543063
-0.000312029877247537975 0.331934436465336935
-0.000308940472522315011 0.331877590868477013
-0.000305881655962688011 0.331821307326113091
-0.000302853124715532994 0.331765580305516339
-0.000299854578926269993 0.331710404327580755
-0.000296885721709177976 0.331655773966336165
-0.000293946259117998008 0.331601683848454953
-0.000291035900116830011 0.33154812865277139
-0.000288154356551317001 0.331495103109795519
-0.00028530134312011599 0.33144260200123854
-0.000282476577346648988 0.33139062015953874
-0.000279679779551138014 0.331339152467391707
-0.00027691067282290899 0.331288193857281754
-0.000274168982992978988 0.331237739311017021
-0.000271454438606909981 0.331187783859276941
-0.000268766770897929999 0.331138322581149225
-0.00026610571376032698 0.331089350603677168
-0.000263471003723095981 0.331040863101420058
-0.000260862379923857996 0.330992855295996979
-0.000258279584083026992 0.330945322455649837
-0.000255722360478245021 0.330898259894807534
-0.000253190455919054009 0.33085166297364893
-0.000250683619721835994 0.330805527097668695
-0.000248201603684985984 0.330759847717260747
-0.000245744162064343008 0.330714620327280273
-0.000243311051548853987 0.330669840466633391
-0.000240902031236488987 0.330625503717859037
-0.000238516862610385009 0.330581605706708415
-0.000236155309515232988 0.330538142101746923
-0.000233817138133894013 0.330495108613937605
-0.000231502116964251998 0.330452500996242904
-0.000229210016796289006 0.330410315043224601
-0.000226940610689394987 0.330368546590648127
-0.000224693673949896011 0.330327191515084551
-0.000222468984108808006 0.330286245733532935
-0.000220266320899810002 0.330245705203022599
-0.000218085466237434995 0.330205565920235922
-0.000215926204195480991 0.330165823921127366
-0.000213788320985624006 0.330126475280551612
-0.000211671604936261999 0.330087516111883139
-0.000209575846471545999 0.330048942566655623
-0.000207500838090639994 0.33001075083418957
-0.000205446374347168008 0.32997293714122905
-0.000203412251828878995 0.329935497751589757
-0.000201398269137503989 0.329898428965791968
-0.000199404226868816001 0.329861727120713211
-0.000197429927592886992 0.329825388589240931
-0.000195475175834541989 0.329789409779915499
-0.000193539778054002009 0.329753787136596643
-0.000191623542627725012 0.329718517138119616
-0.000189726279829430006 0.329683596297951631
-0.000187847801811316987 0.329649021163865463
-0.000185987922585461999 0.329614788317602714
-0.000184146458005408009 0.329580894374547295
-0.000182323225747928999 0.329547335983399026
-0.000180518045294979012 0.329514109825849
-0.000178730737915820995 0.329481212616264785
-0.00017696112664932799 0.329448641101369899
-0.000175209036286462993 0.329416392059930396
-0.000173474293352933999 0.329384462302442671
-0.000171756726092014002 0.329352848670830423
-0.000170056164447537997 0.329321548038132683
-0.000168372440047068005 0.329290557308205389
-0.000166705386185215002 0.329259873415422288
-0.000165054837807144009 0.329229493324371958
-0.000163420631492221989 0.329199414029575255
-0.000161802605437842988 0.329169632555180447
-0.000160200599443408991 0.32914014595468416
-0.000158614454894464988 0.329110951310641053
-0.000157044014746995003 0.329082045734384432
-0.000155489123511875994 0.329053426365738977
-0.000153949627239480989 0.329025090372749296
-0.000152425373504436992 0.328997034951400147
-0.000150916211390530992 0.328969257325345377
-0.000149421991475773991 0.328941754745637804
-0.00014794256581759799 0.328914524490463489
-0.000146477787938216003 0.328887563864870558
-0.000145027512810113999 0.328860870200513078
-0.000143591596841697011 0.32883444085538438
-0.000142169897863067004 0.328808273213567315
-0.000140762275111947009 0.328782364684973238
-0.000139368589219749988 0.328756712705089493
-0.00013798870219777201 0.328731314734728275
-0.000136622477423536991 0.328706168259784326
-0.000135269779627263987 0.328681270790982305
-0.000133930474878479001 0.328656619863638255
-0.000132604430572751992 0.328632213037412468
-0.000131291515418565996 0.328608047896079059
-0.000129991599424323013 0.328584122047283378
-0.000128704553885468001 0.328560433122308482
-0.000127430251371750988 0.328536978775846145
-0.000126168565714605005 0.328513756685763214
-0.000124919371994658006 0.32849076455287618
-0.000123682546529363987 0.328468000100730295
-0.000122457966860757008 0.328445461075364153
-0.000121245511743323995 0.3284231452451013
-0.000120045061132003004 0.328401050400322803
-0.000118856496170299998 0.32837917435325803
-0.000117679699178514994 0.328357514937760053
-0.000116514553642094006 0.328336070009104086
-0.000115360944200092996 0.328314837443768603
-0.000114218756633755998 0.328293815139229006
-0.000113087877855203999 0.328273001013751842
-0.000111968195896240997 0.328252393006190357
-0.000110859599897269003 0.328231989075780495
-0.000109761980096306002 0.328211787201943217
-0.000108675227818123997 0.32819178538408128
-0.000107599235463489999 0.328171981641385613
-0.000106533896498504994 0.328152374012641301
-0.000105479105444064 0.328132960556030306
-0.000104434757865410005 0.328113739348946998
-0.000103400750361791995 0.32809470848779998
-0.00010237698055623 0.328075866087832679
-0.000101363347085375996 0.328057210282935441
-0.000100359749589481 0.328038739225458564
-9.93660887024564013e-05 0.328020451086035836
-9.83822660420361058e-05 0.328002344053397621
-9.74081842000357038e-05 0.32798441633419867
-9.64437467327085974e-05 0.327966666152839037
-9.54888581511966058e-05 0.327949091751285948
-9.45434239120758989e-05 0.32793169138890621
-9.36073504079959002e-05 0.32791446334228852
-9.26805449584117982e-05 0.327897405905079542
-9.17629158004076964e-05 0.327880517387811488
-9.08543720796115955e-05 0.327863796117736805
-8.99548238411996051e-05 0.327847240438661758
-8.90641820209896976e-05 0.327830848710786937
-8.81823584366234984e-05 0.327814619310540789
-8.73092657788352062e-05 0.327798550630422181
-8.64448176028071e-05 0.327782641078839421
-8.55889283196109959e-05 0.32776688907995688
-8.47415131877335946e-05 0.327751293073536287
-8.39024883046868031e-05 0.327735851514783183
-8.30717705986998051e-05 0.327720562874194876
-8.22492778204948045e-05 0.327705425637409342
-8.14349285351433934e-05 0.327690438305055953
-8.0628642114003395e-05 0.327675599392606709
-7.98303387267360043e-05 0.327660907430230686
-7.90399393334019956e-05 0.327646360962646821
-7.82573656766355984e-05 0.32763195854898175
-7.74825402738965992e-05 0.327617698762626308
-7.67153864097985946e-05 0.327603580191098087
-7.59558281285135044e-05 0.327589601435896216
-7.52037902262510036e-05 0.327575761112365083
-7.44591982438128991e-05 0.327562057849560884
-7.37219784592207044e-05 0.327548490290113625
-7.29920578804165056e-05 0.32753505709009062
-7.22693642380361036e-05 0.327521756918867424
-7.15538259782536051e-05 0.327508588458992722
-7.08453722556965949e-05 0.32749555040606404
-7.01439329264322964e-05 0.327482641468588964
-6.94494385410221053e-05 0.327469860367867682
-6.87618203376456059e-05 0.327457205837861087
-6.80810102352927033e-05 0.327444676625064379
-6.74069408270225014e-05 0.327432271488388937
-6.67395453732896052e-05 0.327419989199031258
-6.60787577953362063e-05 0.327407828540358548
-6.54245126686496954e-05 0.327395788307784763
-6.47767452164849068e-05 0.327383867308654986
-6.41353913034503983e-05 0.327372064362119519
-6.35003874291587944e-05 0.327360378299027033
-6.28716707219394025e-05 0.32734880796180138
-6.2249178932613199e-05 0.327337352204332188
-6.16328504283298982e-05 0.327326009891856173
-6.10226241864652975e-05 0.327314779900849451
-6.04184397885794991e-05 0.327303661118915679
-5.98202374144351029e-05 0.327292652444672538
-5.92279578360743994e-05 0.327281752787646207
-5.86415424119547982e-05 0.327270961068161725
-5.80609330811434002e-05 0.327260276217237023
-5.74860723575677031e-05 0.327249697176477505
-5.69169033243245028e-05 0.327239222897968252
-5.63533696280440002e-05 0.327228852344174592
-5.57954154733108967e-05 0.327218584487837361
-5.52429856171395031e-05 0.327208418311870197
-5.46960253635045022e-05 0.327198352809257909
-5.41544805579252032e-05 0.327188386982963153
-5.36182975821042023e-05 0.327178519845819249
-5.30874233486179975e-05 0.327168750420436971
-5.25618052956613996e-05 0.327159077739110571
-5.20413913818430031e-05 0.327149500843714636
-5.15261300810326977e-05 0.327140018785613662
-5.10159703772600979e-05 0.327130630625567409
-5.05108617596634006e-05 0.327121335433641525
-5.00107542174885026e-05 0.327112132289107016
-4.95155982351371985e-05 0.327103020280357815
-4.90253447872645001e-05 0.327093998504813355
-4.85399453339252997e-05 0.327085066068834918
-4.80593518157676011e-05 0.327076222087634427
-4.75835166492748028e-05 0.327067465685185799
-4.71123927220542976e-05 0.327058795994139451
-4.66459333881725978e-05 0.327050212155737929
-4.61840924635371967e-05 0.327041713319729144
-4.57268242213239998e-05 0.327033298644281434
-4.52740833874495e-05 0.327024967295899582
-4.4825825136088598e-05 0.327016718449347099
-4.4382005085236197e-05 0.327008551287557347
-4.39425792923131005e-05 0.327000465001559826
-4.35075042498148993e-05 0.326992458790393847
-4.30767368810049033e-05 0.326984531861033323
-4.26502345356484028e-05 0.326976683428306047
-4.22279549857905003e-05 0.326968912714817206
-4.1809856421574702e-05 0.326961218950871324
-4.13958974471036981e-05 0.326953601374397107
-4.09860370763402994e-05 0.326946059230869612
-4.0580234729049797e-05 0.326938591773237641
-4.01784502267819974e-05 0.326931198261852185
-3.97806437888931013e-05 0.326923877964386433
-3.9386776028607001e-05 0.326916630155767884
-3.89968079491157977e-05 0.326909454118107456
-3.86107009397185986e-05 0.326902349140624604
-3.82284167719987015e-05 0.326895314519577096
-3.78499175960382992e-05 0.326888349558199232
-3.74751659366715989e-05 0.326881453566621183
-3.71041246897738013e-05 0.326874625861805657
-3.67367571185878985e-05 0.326867865767484167
-3.63730268500871007e-05 0.32686117261408365
-3.60128978713733001e-05 0.326854545738664126
-3.56563345261122001e-05 0.326847984484851861
-3.53033015110021977e-05 0.326841488202773423
-3.49537638722793973e-05 0.326835056248993228
-3.46076870022568025e-05 0.32682868798644682
-3.42650366358978996e-05 0.326822382784382026
-3.39257788474235983e-05 0.326816140018293511
-3.35898800469540995e-05 0.326809959069857603
-3.32573069771822978e-05 0.326803839326882506
-3.29280267100813992e-05 0.326797780183230691
-3.26020066436450023e-05 0.326791781038775986
-3.22792144986583986e-05 0.326785841299333468
-3.19596183155034021e-05 0.326779960376600231
-3.16431864509933997e-05 0.326774137688106536
-3.1329887575240997e-05 0.3267683726571457
-3.10196906685554987e-05 0.326762664712726136
-3.07125650183717979e-05 0.326757013289512066
-3.04084802162097005e-05 0.326751417827764234
-3.01074061546630007e-05 0.326745877773290727
-2.98093130244187994e-05 0.32674039257738724
-2.9514171311305801e-05 0.326734961696782789
-2.92219517933721006e-05 0.326729584593589473
-2.89326255379920987e-05 0.326724260735244909
-2.86461638990021005e-05 0.326718989594462605
-2.83625385138635003e-05 0.326713770649178725
-2.80817213008549016e-05 0.326708603382497909
-2.78036844562919992e-05 0.326703487282649696
-2.75284004517743014e-05 0.326698421842923914
-2.72558420314597006e-05 0.326693406561638811
-2.69859822093659985e-05 0.326688440942072278
-2.67187942666989987e-05 0.326683524492429156
-2.64542517492069008e-05 0.326678656725780725
-2.61923284645613015e-05 0.326673837160023184
-2.59329984797637017e-05 0.326669065317826302
-2.56762361185778991e-05 0.326664340726587843
-2.54220159589880016e-05 0.326659662918389104
-2.51703128306812012e-05 0.326655031429938569
-2.49211018125557014e-05 0.326650445802541822
-2.46743582302531001e-05 0.326645905582042151
-2.44300576537160009e-05 0.326641410318782188
-2.41881758947683003e-05 0.326636959567559004
-2.39486890047211006e-05 0.326632552887576699
-2.37115732720010983e-05 0.326628189842407379
-2.34768052198029989e-05 0.326623869999945526
-2.32443616037654005e-05 0.326619592932362812
-2.30142194096687006e-05 0.326615358216071905
-2.27863558511570993e-05 0.326611165431676564
-2.25607483674823002e-05 0.326607014163937892
-2.23373746212695995e-05 0.326602904001726035
-2.21162124963065003e-05 0.32659883453798777
-2.18972400953529997e-05 0.326594805369696817
-2.16804357379733005e-05 0.32659081609781937
-2.14657779583894016e-05 0.326586866327275849
-2.12532455033557984e-05 0.326582955666898878
-2.10428173300552997e-05 0.326579083729391206
-2.08344726040151004e-05 0.326575250131297734
-2.06281906970446994e-05 0.326571454492955937
-2.04239511851927007e-05 0.326567696438466837
-2.02217338467255015e-05 0.32656397559565109
-2.00215186601242013e-05 0.326560291596018126
-1.98232858021031986e-05 0.32655664407472651
-1.96270156456467014e-05 0.326553032670545917
-1.94326887580661003e-05 0.326549457025825829
-1.92402858990753004e-05 0.326545916786457002
-1.90497880188864993e-05 0.326542411601836113
-1.88611762563232009e-05 0.326538941124834836
-1.86744319369537008e-05 0.326535505011760874
-1.84895365712413014e-05 0.32653210292232554
-1.83064718527141012e-05 0.32652873451961173
-1.81252196561526013e-05 0.326525399470035782
-1.79457620357947005e-05 0.32652209744332289
-1.77680812235591014e-05 0.326518828112464243
-1.7592159627286199e-05 0.326515591153691997
-1.74179798289962014e-05 0.326512386246445019
-1.72455245831646016e-05 0.326509213073335691
-1.7074776815014501e-05 0.326506071320119939
-1.69057196188261997e-05 0.326502960675667697
-1.67383362562636014e-05 0.326499880831927158
-1.65726101547164007e-05 0.326496831483898853
-1.64085249056598003e-05 0.326493812329603394
-1.62460642630294986e-05 0.32649082307005417
-1.60852121416134014e-05 0.32648786340922259
-1.59259526154587999e-05 0.326484933054010107
-1.57682699162957983e-05 0.326482031714229626
-1.56121484319761005e-05 0.326479159102558314
-1.54575727049268015e-05 0.326476314934522838
-1.53045274306205994e-05 0.326473498928465777
-1.51529974560600001e-05 0.326470710805522091
-1.50029677782772008e-05 0.326467950289584641
-1.48544235428487004e-05 0.326465217107284267
-1.47073500424244997e-05 0.326462510987955756
-1.45617327152717994e-05 0.32645983166361614
-1.44175571438334007e-05 0.326457178868935272
-1.42748090533003992e-05 0.326454552341212401
-1.41334743101984002e-05 0.326451951820345865
-1.39935389209885998e-05 0.326449377048813272
-1.38549890306817003e-05 0.326446827771639081
-1.37178109214670992e-05 0.326444303736374397
-1.35819910113534993e-05 0.32644180469307077
-1.34475158528252997e-05 0.326439330394254101
-1.33143721315102007e-05 0.326436880594901502
-1.31825466648616005e-05 0.326434455052417194
-1.30520264008530001e-05 0.326432053526606036
-1.29227984166862004e-05 0.326429675779653206
-1.27948499175111001e-05 0.326427321576098495
-1.26681682351594999e-05 0.326424990682812499
-1.25427408268906008e-05 0.326422682868976244
-1.24185552741491e-05 0.326420397906056314
-1.22955992813357002e-05 0.326418135567780265
-1.21738606745897999e-05 0.326415895630119357
-1.20533274005839993e-05 0.326413677871262187
-1.19339875253307003e-05 0.326411482071593706
-1.18158292330007006e-05 0.326409308013672239
-1.16988408247531008e-05 0.326407155482212108
-1.15830107175774e-05 0.326405024264060428
-1.14683274431459002e-05 0.326402914148168244
-1.13547796466791004e-05 0.326400824925586419
-1.12423560858208994e-05 0.326398756389427225
-1.11310456295256001e-05 0.326396708334856178
-1.10208372569561003e-05 0.326394680559064565
-1.09117200563921999e-05 0.326392672861253619
-1.08036832241505996e-05 0.326390685042613204
-1.06967160635155e-05 0.326388716906299503
-1.05908079836787005e-05 0.3263867682574213
-1.04859484986918e-05 0.326384838903015617
-1.03821272264274996e-05 0.326382928652028781
-1.02793338875520001e-05 0.326381037315304268
-1.01775583045069002e-05 0.326379164705552116
-1.00767904005018998e-05 0.326377310637340545
-9.97702019851673937e-06 0.326375474927076192
-9.87823782031360051e-06 0.326373657392978578
-9.7804334854590095e-06 0.326371857855070946
-9.68359751035546033e-06 0.326370076135158282
-9.58772030728262926e-06 0.326368312056810328
-9.49279238344815072e-06 0.326366565445339596
-9.39880434004766994e-06 0.32636483612779682
-9.30574687133432982e-06 0.326363123932939203
-9.21361076369734989e-06 0.326361428691219757
-9.12238689474985984e-06 0.32635975023477426
-9.03206623242559996e-06 0.326358088397396662
-8.94263983408475075e-06 0.326356443014528264
-8.85409884562847008e-06 0.326354813923241671
-8.76643450062224971e-06 0.326353200962221535
-8.67963811942797079e-06 0.32635160397174845
-8.59370110834451941e-06 0.3263500227936868
-8.50861495875695056e-06 0.32634845727146522
-8.42437124629401049e-06 0.326346907250065321
-8.34096162999407013e-06 0.32634537257599977
-8.25837785147927984e-06 0.326343853097305792
-8.17661173413789971e-06 0.326342348663521353
-8.0956551823147495e-06 0.326340859125676508
-8.0155001805096597e-06 0.32633938433627635
-7.93613879258382024e-06 0.326337924149285974
-7.85756316097407956e-06 0.326336478420117537
-7.77976550591492957e-06 0.326335047005612666
-7.70273812466824947e-06 0.326333629764033351
-7.62647339076063981e-06 0.326332226555042848
-7.55096375322836041e-06 0.326330837239695748
-7.4762017358696603e-06 0.326329461680423316
-7.40217993650460982e-06 0.326328099741014399
-7.32889102624219011e-06 0.326326751286612426
-7.25632774875465019e-06 0.326325416183692263
-7.18448291955906035e-06 0.326324094300054546
-7.11334942530600015e-06 0.326322785504803481
-7.04292022307524038e-06 0.326321489668345066
-6.97318833967846042e-06 0.326320206662366052
-6.90414687096876987e-06 0.326318936359823064
-6.83578898115720042e-06 0.32631767863493194
-6.76810790213584007e-06 0.326316433363154579
-6.70109693280775982e-06 0.326315200421184504
-6.63474943842353019e-06 0.326313979686937594
-6.56905884992428028e-06 0.326312771039537763
-6.50401866329137038e-06 0.326311574359305301
-6.43962243890234972e-06 0.326310389527746825
-6.3758638008934099e-06 0.326309216427543403
-6.3127364365281303e-06 0.326308054942533621
-6.25023409557241005e-06 0.32630690495771103
-6.18835058967565036e-06 0.326305766359205329
-6.12707979175807016e-06 0.326304639034274424
-6.06641563540402976e-06 0.326303522871291884
-6.00635211426140997e-06 0.32630241775973845
-5.94688328144693989e-06 0.326301323590186321
-5.88800324895737013e-06 0.326300240254294438
-5.82970618708650997e-06 0.326299167644793275
-5.77198632384803034e-06 0.326298105655472181
-5.71483794440399015e-06 0.326297054181179824
-5.65825539049899967e-06 0.326296013117799155
-5.6022330598999997e-06 0.326294982362246744
-5.54676540584158034e-06 0.3262939618124584
-5.49184693647680976e-06 0.326292951367386341
-5.43747221433347966e-06 0.326291950926974328
-5.38363585577572013e-06 0.326290960392161045
-5.33033253047101011e-06 0.326289979664868723
-5.27755696086239032e-06 0.326289008647988155
-5.22530392164593029e-06 0.32628804724537197
-5.17356823925339032e-06 0.326287095361823876
-5.12234479133999015e-06 0.32628615290309082
-5.07162850627722005e-06 0.32628521977585645
-5.02141436265071031e-06 0.326284295887722453
-4.97169738876307973e-06 0.326283381147209117
-4.92247266214166036e-06 0.326282475463742949
-4.8737353090511503e-06 0.326281578747643852
-4.8254805040110396e-06 0.326280690910124016
-4.77770346931785991e-06 0.326279811863271318
-4.73039947457214032e-06 0.326278941520047383
-4.68356383621003964e-06 0.326278079794271536
-4.63719191703965009e-06 0.326277226600621251
-4.59127912578183001e-06 0.326276381854614494
-4.54582091661566994e-06 0.326275545472609729
-4.50081278872839029e-06 0.326274717371789869
-4.45625028586969021e-06 0.326273897470160057
-4.4121289959105798e-06 0.326273085686536568
-4.36844455040652034e-06 0.326272281940540143
-4.32519262416486992e-06 0.326271486152587165
-4.28236893481669989e-06 0.326270698243881718
-4.23996924239277011e-06 0.326269918136408821
-4.1979893489037403e-06 0.326269145752925149
-4.15642509792449031e-06 0.326268381016952547
-4.1152723741826696e-06 0.326267623852770472
-4.07452710315114993e-06 0.326266874185407674
-4.03418525064470973e-06 0.326266131940635695
-3.99424282242049969e-06 0.326265397044959993
-3.95469586378267998e-06 0.326264669425614384
-3.91554045919076998e-06 0.326263949010555387
-3.87677273187205024e-06 0.326263235728448397
-3.83838884343767022e-06 0.326262529508669075
-3.8003849935026401e-06 0.326261830281290632
-3.7627574193095499e-06 0.326261137977077287
-3.7255023953559898e-06 0.326260452527482592
-3.68861623302572995e-06 0.326259773864637004
-3.6520952802235002e-06 0.326259101921339889
-3.61593592101335998e-06 0.32625843663106241
-3.58013457526075993e-06 0.326257777927927484
-3.54468769827797988e-06 0.326257125746715948
-3.50959178047323992e-06 0.326256480022851569
-3.4748433470032098e-06 0.326255840692397936
-3.44043895742892e-06 0.326255207692051186
-3.4063752053751698e-06 0.326254580959137508
-3.37264871819324e-06 0.326253960431597101
-3.33925615662697012e-06 0.326253346047992554
-3.30619421448214997e-06 0.326252737747489419
-3.27345961829914994e-06 0.326252135469856874
-3.24104912702886983e-06 0.326251539155459347
-3.20895953171174988e-06 0.326250948745254898
-3.17718765516014984e-06 0.326250364180786123
-3.1457303516437102e-06 0.32624978540416899
-3.11458450657792986e-06 0.326249212358099339
-3.08374703621576995e-06 0.326248644985836111
-3.05321488734235012e-06 0.326248083231199915
-3.02298503697262002e-06 0.326247527038572793
-2.99305449205210001e-06 0.326246976352879969
-2.96342028916050013e-06 0.326246431119598501
-2.93407949421830997e-06 0.326245891284740241
-2.90502920219634984e-06 0.326245356794857333
-2.87626653682807004e-06 0.326244827597025056
-2.84778865032481997e-06 0.326244303638845601
-2.81959272309388009e-06 0.326243784868441355
-2.7916759634592901e-06 0.326243271234445353
-2.76403560738544003e-06 0.326242762686001109
-2.73666891820339982e-06 0.326242259172755678
-2.70957318634000008e-06 0.326241760644854384
-2.68274572904950985e-06 0.326241267052934991
-2.65618389014802989e-06 0.326240778348127092
-2.62988503975051995e-06 0.326240294482041948
-2.60384657401041991e-06 0.32623981540676783
-2.57806591486179986e-06 0.326239341074872014
-2.5525405097641601e-06 0.326238871439389566
-2.52726783144965995e-06 0.326238406453817853
-2.5022453776729301e-06 0.326237946072119978
-2.47747067096330019e-06 0.326237490248709239
-2.4529412583795002e-06 0.326237038938455015
-2.42865471126683006e-06 0.326236592096670497
-2.40460862501667011e-06 0.326236149679113074
-2.38080061882838007e-06 0.326235711641977399
-2.35722833547364985e-06 0.326235277941891333
-2.33388944106302003e-06 0.326234848535913668
-2.31078162481487006e-06 0.326234423381526917
-2.28790259882660002e-06 0.326234002436636195
-2.26525009784811997e-06 0.326233585659561676
-2.24282187905755017e-06 0.326233173009036148
-2.22061572183915017e-06 0.32623276444420235
-2.19862942756352014e-06 0.326232359924609472
-2.1768608193698198e-06 0.326231959410199834
-2.1553077419503201e-06 0.326231562861321878
-2.13396806133695002e-06 0.326231170238710178
-2.11283966469005001e-06 0.326230781503490719
-2.09192046008915989e-06 0.326230396617171514
-2.07120837632589981e-06 0.326230015541647766
-2.05070136269890994e-06 0.326229638239185105
-2.03039738881080018e-06 0.326229264672426744
-2.01029444436713014e-06 0.326228894804384273
-1.99039053897736021e-06 0.326228528598436929
-1.97068370195778006e-06 0.326228166018324273
-1.95117198213640985e-06 0.326227807028148464
-1.93185344765981991e-06 0.32622745159236316
-1.91272618580180004e-06 0.326227099675775956
-1.89378830277405989e-06 0.326226751243542723
-1.87503792353867004e-06 0.326226406261164059
-1.85647319162244998e-06 0.326226064694484952
-1.83809226893311006e-06 0.326225726509681568
-1.81989333557733999e-06 0.32622539167327369
-1.80187458968054004e-06 0.326225060152105173
-1.78403424720844996e-06 0.326224731913352661
-1.76637054179054994e-06 0.326224406924516541
-1.74888172454508993e-06 0.326224085153418497
-1.73156606390602996e-06 0.326223766568198459
-1.71442184545152001e-06 0.326223451137314047
-1.69744737173418004e-06 0.326223138829532522
-1.68064096211305009e-06 0.32622282961393323
-1.66400095258716995e-06 0.326222523459898217
-1.64752569563086996e-06 0.326222220337114899
-1.6312135600305601e-06 0.326221920215571726
-1.61506293072332992e-06 0.326221623065551747
-1.59907220863695994e-06 0.326221328857631776
-1.58323981053163994e-06 0.32622103756268539
-1.56756416884320994e-06 0.326220749151868827
-1.55204373152793007e-06 0.326220463596626875
-1.5366769619088401e-06 0.326220180868683984
-1.52146233852361007e-06 0.326219900940048546
-1.50639835497387004e-06 0.32621962378300412
-1.4914835197761101e-06 0.32621934937010677
-1.47671635621397007e-06 0.326219077674190783
-1.4620954021920501e-06 0.326218808668350013
-1.44761921009113009e-06 0.326218542325953376
-1.43328634662489001e-06 0.326218278620627966
-1.41909539269790995e-06 0.326218017526263393
-1.40504494326525003e-06 0.32621775901700889
-1.39113360719331997e-06 0.32621750306726921
-1.37736000712210003e-06 0.326217249651703289
-1.36372277932881004e-06 0.326216998745217146
-1.35022057359288007e-06 0.326216750322970928
-1.33685205306225998e-06 0.326216504360366089
-1.32361589412105009e-06 0.326216260833050387
-1.31051078625846993e-06 0.326216019716910555
-1.29753543193907002e-06 0.3262157809880743
-1.2846885464743301e-06 0.326215544622903753
-1.27196885789537996e-06 0.326215310597999075
-1.25937510682710996e-06 0.326215078890184362
-1.24690604636347009e-06 0.326214849476520852
-1.23456044194403005e-06 0.326214622334294324
-1.22233707123170993e-06 0.326214397441013437
-1.21023472399179992e-06 0.326214174774410837
-1.19825220197207996e-06 0.326213954312440935
-1.18638831878423007e-06 0.326213736033275192
-1.17464189978636992e-06 0.32621351991530162
-1.16301178196670005e-06 0.326213305937122611
-1.15149681382841992e-06 0.326213094077550558
-1.14009585527566009e-06 0.326212884315609131
-1.12880777750065009e-06 0.32621267663053094
-1.11763146287194005e-06 0.326212471001750604
-1.1065658048236999e-06 0.326212267408909351
-1.09560970774623994e-06 0.326212065831851028
-1.08476208687745994e-06 0.326211866250613713
-1.07402186819550995e-06 0.326211668645439434
-1.06338798831237993e-06 0.326211472996761898
-1.05285939436870009e-06 0.326211279285210265
-1.04243504392940005e-06 0.32621108749160399
-1.03211390488060009e-06 0.326210897596953764
-1.02189495532731992e-06 0.326210709582456904
-1.01177718349240007e-06 0.326210523429500077
-1.0017595876162399e-06 0.32621033911965075
1.0017595876162399e-06 0.326173477327758365
1.01177718349240007e-06 0.326173293019693
1.02189495532731992e-06 0.326173106868555385
1.03211390488060009e-06 0.326172918855915206
1.04243504392940005e-06 0.326172728963159519
1.05285939436870009e-06 0.326172537171485588
1.06338798831237993e-06 0.326172343461904435
1.07402186819550995e-06 0.326172147815237012
1.08476208687745994e-06 0.326171950212113315
1.09560970774623994e-06 0.326171750632968827
1.1065658048236999e-06 0.326171549058044241
1.11763146287194005e-06 0.326171345467380247
1.12880777750065009e-06 0.326171139840822299
1.14009585527566009e-06 0.32617093215800802
1.15149681382841992e-06 0.326170722398377799
1.16301178196670005e-06 0.326170510541164194
1.17464189978636992e-06 0.326170296565388373
1.18638831878423007e-06 0.326170080449868449
1.19825220197207996e-06 0.326169862173205372
1.21023472399179992e-06 0.326169641713788427
1.22233707123170993e-06 0.326169419049790521
1.23456044194403005e-06 0.32616919415916612
1.24690604636347009e-06 0.326168967019648592
1.25937510682710996e-06 0.326168737608750092
1.27196885789537996e-06 0.326168505903755568
1.2846885464743301e-06 0.326168271881726202
1.29753543193907002e-06 0.326168035519490807
1.31051078625846993e-06 0.326167796793648102
1.32361589412105009e-06 0.326167555680562771
1.33685205306225998e-06 0.326167312156361355
1.35022057359288007e-06 0.326167066196934585
1.36372277932881004e-06 0.326166817777929496
1.37736000712210003e-06 0.326166566874750374
1.39113360719331997e-06 0.326166313462556479
1.40504494326525003e-06 0.326166057516257879
1.41909539269790995e-06 0.326165799010514734
1.43328634662489001e-06 0.326165537919730408
1.44761921009113009e-06 0.3261652742180568
1.4620954021920501e-06 0.326165007879385127
1.47671635621397007e-06 0.326164738877347093
1.4914835197761101e-06 0.326164467185306173
1.50639835497387004e-06 0.326164192776365436
1.52146233852361007e-06 0.326163915623354506
1.5366769619088401e-06 0.326163635698835275
1.55204373152793007e-06 0.326163352975091803
1.56756416884320994e-06 0.32616306742413248
1.58323981053163994e-06 0.326162779017684645
1.59907220863695994e-06 0.32616248772719536
1.61506293072332992e-06 0.326162193523822475
1.6312135600305601e-06 0.326161896378439842
1.64752569563086996e-06 0.326161596261626885
1.66400095258716995e-06 0.326161293143670705
1.68064096211305009e-06 0.326160986994558311
1.69744737173418004e-06 0.326160677783980502
1.71442184545152001e-06 0.326160365481322434
1.73156606390602996e-06 0.326160050055663731
1.74888172454508993e-06 0.326159731475775094
1.76637054179054994e-06 0.326159409710115533
1.78403424720844996e-06 0.326159084726826032
1.80187458968054004e-06 0.326158756493732549
1.81989333557733999e-06 0.326158424978336914
1.83809226893311006e-06 0.326158090147816382
1.85647319162244998e-06 0.326157751969021636
1.87503792353867004e-06 0.326157410408468018
1.89378830277405989e-06 0.326157065432341742
1.91272618580180004e-06 0.32615671700648613
1.93185344765981991e-06 0.326156365096403222
1.95117198213640985e-06 0.326156009667253055
1.97068370195778006e-06 0.326155650683845666
1.99039053897736021e-06 0.326155288110638264
2.01029444436713014e-06 0.326154921911735785
2.03039738881080018e-06 0.326154552050877122
2.05070136269890994e-06 0.326154178491449176
2.07120837632589981e-06 0.326153801196464088
2.09192046008915989e-06 0.326153420128566129
2.11283966469005001e-06 0.326153035250028922
2.13396806133695002e-06 0.326152646522746836
2.1553077419503201e-06 0.32615225390823066
2.1768608193698198e-06 0.326151857367612541
2.19862942756352014e-06 0.326151456861629829
2.22061572183915017e-06 0.326151052350629522
2.24282187905755017e-06 0.326150643794563933
2.26525009784811997e-06 0.326150231152983527
2.28790259882660002e-06 0.326149814385030823
2.31078162481487006e-06 0.326149393449446767
2.33388944106302003e-06 0.326148968304553422
2.35722833547364985e-06 0.326148538908261398
2.38080061882838007e-06 0.326148105218055318
2.40460862501667011e-06 0.326147667190996526
2.42865471126683006e-06 0.32614722478371988
2.4529412583795002e-06 0.326146777952422973
2.47747067096330019e-06 0.326146326652867413
2.5022453776729301e-06 0.32614587084037
2.52726783144965995e-06 0.326145410469804053
2.5525405097641601e-06 0.326144945495587202
2.57806591486179986e-06 0.326144475871689599
2.60384657401041991e-06 0.326144001551611107
2.62988503975051995e-06 0.32614352248839279
2.65618389014802989e-06 0.326143038634603366
2.68274572904950985e-06 0.326142549942339044
2.70957318634000008e-06 0.326142056363217581
2.73666891820339982e-06 0.326141557848369179
2.76403560738544003e-06 0.326141054348440207
2.7916759634592901e-06 0.326140545813579263
2.81959272309388009e-06 0.326140032193440732
2.84778865032481997e-06 0.326139513437170347
2.87626653682807004e-06 0.326138989493411136
2.90502920219634984e-06 0.326138460310286871
2.93407949421830997e-06 0.326137925835407849
2.96342028916050013e-06 0.326137386015857844
2.99305449205210001e-06 0.326136840798189165
3.02298503697262002e-06 0.326136290128424766
3.05321488734235012e-06 0.326135733952044593
3.08374703621576995e-06 0.326135172213984526
3.11458450657792986e-06 0.326134604858627886
3.1457303516437102e-06 0.326134031829805382
3.17718765516014984e-06 0.326133453070783341
3.20895953171174988e-06 0.326132868524260933
3.24104912702886983e-06 0.326132278132365505
3.27345961829914994e-06 0.32613168183664587
3.30619421448214997e-06 0.326131079578064975
3.33925615662697012e-06 0.32613047129699646
3.37264871819324e-06 0.326129856933217221
3.4063752053751698e-06 0.326129236425902469
3.44043895742892e-06 0.326128609713616902
3.4748433470032098e-06 0.326127976734317149
3.50959178047323992e-06 0.32612733742533101
3.54468769827797988e-06 0.326126691723365836
3.58013457526075993e-06 0.326126039564494707
3.61593592101335998e-06 0.326125380884148941
3.6520952802235002e-06 0.326124715617117977
3.68861623302572995e-06 0.326124043697535337
3.7255023953559898e-06 0.326123365058880066
3.7627574193095499e-06 0.326122679633962409
3.8003849935026401e-06 0.326121987354922704
3.83838884343767022e-06 0.326121288153224109
3.87677273187205024e-06 0.326120581959638833
3.91554045919076998e-06 0.326119868704253746
3.95469586378267998e-06 0.326119148316453444
3.99424282242049969e-06 0.326118420724914704
4.03418525064470973e-06 0.326117685857605144
4.07452710315114993e-06 0.326116943641768464
4.1152723741826696e-06 0.326116194003923165
4.15642509792449031e-06 0.326115436869851172
4.1979893489037403e-06 0.326114672164594832
4.23996924239277011e-06 0.326113899812445096
4.28236893481669989e-06 0.326113119736934909
4.32519262416486992e-06 0.326112331860834936
4.36844455040652034e-06 0.326111536106143407
4.4121289959105798e-06 0.326110732394076508
4.45625028586969021e-06 0.326109920645064166
4.50081278872839029e-06 0.326109100778740946
4.54582091661566994e-06 0.326108272713938496
4.59127912578183001e-06 0.326107436368673342
4.63719191703965009e-06 0.326106591660146605
4.68356383621003964e-06 0.326105738504728904
4.73039947457214032e-06 0.326104876817954414
4.77770346931785991e-06 0.326104006514515044
4.8254805040110396e-06 0.326103127508246549
4.8737353090511503e-06 0.326102239712126984
4.92247266214166036e-06 0.326101343038260938
4.97169738876307973e-06 0.326100437397874476
5.02141436265071031e-06 0.32609952270130893
5.07162850627722005e-06 0.326098598858004962
5.12234479133999015e-06 0.326097665776501455
5.17356823925339032e-06 0.32609672336442036
5.22530392164593029e-06 0.326095771528461587
5.27755696086239032e-06 0.326094810174389405
5.33033253047101011e-06 0.326093839207029168
5.38363585577572013e-06 0.326092858530252661
5.43747221433347966e-06 0.326091868046973266
5.49184693647680976e-06 0.326090867659126649
5.54676540584158034e-06 0.326089857267676031
5.6022330598999997e-06 0.326088836772591095
5.65825539049899967e-06 0.326087806072839659
5.71483794440399015e-06 0.326086765066380957
5.77198632384803034e-06 0.326085713650153763
5.82970618708650997e-06 0.326084651720068786
5.88800324895737013e-06 0.326083579170992788
5.94688328144693989e-06 0.326082495896737545
6.00635211426140997e-06 0.326081401790064229
6.06641563540402976e-06 0.326080296742651599
6.12707979175807016e-06 0.32607918064509972
6.18835058967565036e-06 0.326078053386915589
6.25023409557241005e-06 0.32607691485649537
6.3127364365281303e-06 0.326075764941129553
6.3758638008934099e-06 0.32607460352697254
6.43962243890234972e-06 0.326073430499044525
6.50401866329137038e-06 0.326072245741215683
6.56905884992428028e-06 0.326071049136193669
6.63474943842353019e-06 0.326069840565515467
6.70109693280775982e-06 0.326068619909532231
6.76810790213584007e-06 0.326067387047399793
6.83578898115720042e-06 0.326066141857065006
6.90414687096876987e-06 0.326064884215253314
6.97318833967846042e-06 0.326063613997460255
7.04292022307524038e-06 0.326062331077932144
7.11334942530600015e-06 0.326061035329663351
7.18448291955906035e-06 0.32605972662437549
7.25632774875465019e-06 0.326058404832508308
7.32889102624219011e-06 0.326057069823203594
7.40217993650460982e-06 0.326055721464297066
7.4762017358696603e-06 0.326054359622306555
7.55096375322836041e-06 0.326052984162405524
7.62647339076063981e-06 0.326051594948431667
7.70273812466824947e-06 0.32605019184284989
7.77976550591492957e-06 0.326048774706758082
7.85756316097407956e-06 0.326047343399861356
7.93613879258382024e-06 0.326045897780462668
8.0155001805096597e-06 0.32604443770544933
8.0956551823147495e-06 0.326042963030275412
8.17661173413789971e-06 0.326041473608954302
8.25837785147927984e-06 0.326039969294035059
8.34096162999407013e-06 0.326038449936595365
8.42437124629401049e-06 0.326036915386221537
8.50861495875695056e-06 0.326035365490999096
8.59370110834451941e-06 0.326033800097490278
8.67963811942797079e-06 0.326032219050728989
8.76643450062224971e-06 0.326030622194196096
8.85409884562847008e-06 0.326029009369807055
8.94263983408475075e-06 0.326027380417898693
9.03206623242559996e-06 0.326025735177210008
9.12238689474985984e-06 0.326024073484866783
9.21361076369734989e-06 0.326022395176373436
9.30574687133432982e-06 0.326020700085579318
9.39880434004766994e-06 0.326018988044679159
9.49279238344815072e-06 0.326017258884190309
9.58772030728262926e-06 0.326015512432929755
9.68359751035546033e-06 0.326013748518010238
9.7804334854590095e-06 0.326011966964812272
9.87823782031360051e-06 0.326010167596969325
9.97702019851673937e-06 0.326008350236355382
1.00767904005018998e-05 0.32600651470305958
1.01775583045069002e-05 0.326004660815375935
1.02793338875520001e-05 0.326002788389778475
1.03821272264274996e-05 0.326000897240909138
1.04859484986918e-05 0.325998987181554623
1.05908079836787005e-05 0.325997058022632014
1.06967160635155e-05 0.32599510957316602
1.08036832241505996e-05 0.325993141640271877
1.09117200563921999e-05 0.325991154029139363
1.10208372569561003e-05 0.325989146543007591
1.11310456295256001e-05 0.325987118983148916
1.12423560858208994e-05 0.325985071148851224
1.13547796466791004e-05 0.325983002837392788
1.14683274431459002e-05 0.32598091384402611
1.15830107175774e-05 0.325978803961958885
1.16988408247531008e-05 0.325976672982328131
1.18158292330007006e-05 0.3259745206941842
1.19339875253307003e-05 0.325972346884470798
1.20533274005839993e-05 0.325970151337996783
1.21738606745897999e-05 0.325967933837421731
1.22955992813357002e-05 0.32596569416323562
1.24185552741491e-05 0.325963432093730798
1.25427408268906008e-05 0.325961147404980167
1.26681682351594999e-05 0.3259588398708263
1.27948499175111001e-05 0.325956509262843475
1.29227984166862004e-05 0.325954155350324459
1.30520264008530001e-05 0.325951777900257755
1.31825466648616005e-05 0.325949376677297786
1.33143721315102007e-05 0.325946951443751631
1.34475158528252997e-05 0.325944501959546551
1.35819910113534993e-05 0.325942027982210225
1.37178109214670992e-05 0.325939529266849159
1.38549890306817003e-05 0.325937005566116433
1.39935389209885998e-05 0.325934456630199099
1.41334743101984002e-05 0.325931882206779822
1.42748090533003992e-05 0.325929282041024337
1.44175571438334007e-05 0.325926655875548366
1.45617327152717994e-05 0.325924003450395072
1.47073500424244997e-05 0.325921324503007259
1.48544235428487004e-05 0.325918618768208157
1.50029677782772008e-05 0.325915885978163788
1.51529974560600001e-05 0.325913125862366704
1.53045274306205994e-05 0.325910338147603895
1.54575727049268015e-05 0.325907522557931095
1.56121484319761005e-05 0.325904678814647963
1.57682699162957983e-05 0.325901806636263836
1.59259526154587999e-05 0.325898905738478073
1.60852121416134014e-05 0.325895975834145202
1.62460642630294986e-05 0.325893016633251653
1.64085249056598003e-05 0.325890027842883345
1.65726101547164007e-05 0.325887009167198649
1.67383362562636014e-05 0.325883960307398912
1.69057196188261997e-05 0.325880880961698149
1.7074776815014501e-05 0.325877770825293123
1.72455245831646016e-05 0.325874629590335585
1.74179798289962014e-05 0.325871456945899751
1.7592159627286199e-05 0.325868252577948547
1.77680812235591014e-05 0.325865016169311295
1.79457620357947005e-05 0.325861747399641466
1.81252196561526013e-05 0.325858445945394815
1.83064718527141012e-05 0.325855111479790238
1.84895365712413014e-05 0.325851743672779748
1.86744319369537008e-05 0.325848342191021378
1.88611762563232009e-05 0.325844906697833947
1.90497880188864993e-05 0.325841436853175348
1.92402858990753004e-05 0.325837932313605361
1.94326887580661003e-05 0.325834392732249178
1.96270156456467014e-05 0.325830817758763047
1.98232858021031986e-05 0.325827207039304401
2.00215186601242013e-05 0.325823560216493946
2.02217338467255015e-05 0.325819876929376251
2.04239511851927007e-05 0.325816156813394653
2.06281906970446994e-05 0.325812399500342798
2.08344726040151004e-05 0.325808604618338937
2.10428173300552997e-05 0.325804771791780579
2.12532455033557984e-05 0.325800900641310121
2.14657779583894016e-05 0.325796990783783824
2.16804357379733005e-05 0.325793041832223573
2.18972400953529997e-05 0.325789053395785788
2.21162124963065003e-05 0.325785025079720014
2.23373746212695995e-05 0.325780956485330064
2.25607483674823002e-05 0.325776847209936438
2.27863558511570993e-05 0.325772696846831966
2.30142194096687006e-05 0.325768504985247564
2.32443616037654005e-05 0.325764271210308431
2.34768052198029989e-05 0.325759995102992028
2.37115732720010983e-05 0.325755676240088721
2.39486890047211006e-05 0.325751314194159702
2.41881758947683003e-05 0.325746908533494806
2.44300576537160009e-05 0.325742458822067427
2.46743582302531001e-05 0.325737964619493947
2.49211018125557014e-05 0.325733425480991545
2.51703128306812012e-05 0.325728840957330401
2.54220159589880016e-05 0.325724210594789398
2.56762361185778991e-05 0.325719533935119709
2.59329984797637017e-05 0.325714810515486008
2.61923284645613015e-05 0.325710039868430945
2.64542517492069008e-05 0.325705221521825239
2.67187942666989987e-05 0.325700354998821995
2.69859822093659985e-05 0.325695439817805854
2.72558420314597006e-05 0.325690475492353471
2.75284004517743014e-05 0.325685461531178833
2.78036844562919992e-05 0.325680397438086411
2.80817213008549016e-05 0.325675282711918701
2.83625385138635003e-05 0.325670116846516755
2.86461638990021005e-05 0.325664899330659008
2.89326255379920987e-05 0.325659629648017923
2.92219517933721006e-05 0.325654307277104427
2.9514171311305801e-05 0.325648931691220667
2.98093130244187994e-05 0.325643502358405057
3.01074061546630007e-05 0.325638018741380486
3.04084802162097005e-05 0.325632480297498417
3.07125650183717979e-05 0.325626886478695088
3.10196906685554987e-05 0.325621236731423902
3.1329887575240997e-05 0.32561553049661085
3.16431864509933997e-05 0.325609767209594059
3.19596183155034021e-05 0.325603946300072111
3.22792144986583986e-05 0.325598067192042706
3.26020066436450023e-05 0.325592129303749256
3.29280267100813992e-05 0.325586132047623489
3.32573069771822978e-05 0.32558007483022644
3.35898800469540995e-05 0.325573957052189389
3.39257788474235983e-05 0.325567778108156847
3.42650366358978996e-05 0.325561537386723832
3.46076870022568025e-05 0.32555523427037808
3.49537638722793973e-05 0.325548868135436986
3.53033015110021977e-05 0.325542438351986763
3.56563345261122001e-05 0.325535944283822543
3.60128978713733001e-05 0.325529385288383044
3.63730268500871007e-05 0.325522760716685677
3.67367571185878985e-05 0.325516069913267148
3.71041246897738013e-05 0.325509312216115287
3.74751659366715989e-05 0.325502486956603554
3.78499175960382992e-05 0.325495593459428412
3.82284167719987015e-05 0.325488631042537779
3.86107009397185986e-05 0.325481599017068579
3.89968079491157977e-05 0.325474496687275905
3.9386776028607001e-05 0.325467323350464632
3.97806437888931013e-05 0.325460078296921751
4.01784502267819974e-05 0.325452760809842589
4.0580234729049797e-05 0.325445370165265147
4.09860370763402994e-05 0.325437905631994928
4.13958974471036981e-05 0.325430366471535448
4.1809856421574702e-05 0.325422751938013011
4.22279549857905003e-05 0.325415061278103768
4.26502345356484028e-05 0.32540729373095989
4.30767368810049033e-05 0.32539944852813707
4.35075042498148993e-05 0.325391524893512141
4.39425792923131005e-05 0.325383522043214579
4.4382005085236197e-05 0.325375439185542292
4.4825825136088598e-05 0.325367275520886623
4.52740833874495e-05 0.325359030241655467
4.57268242213239998e-05 0.325350702532190283
4.61840924635371967e-05 0.325342291568688935
4.66459333881725978e-05 0.3253337965191197
4.71123927220542976e-05 0.32532521654314267
4.75835166492748028e-05 0.325316550792029535
4.80593518157676011e-05 0.325307798408571713
4.85399453339252997e-05 0.325298958527007687
4.90253447872645001e-05 0.325290030272926134
4.95155982351371985e-05 0.325281012763184052
5.00107542174885026e-05 0.325271905105825265
5.05108617596634006e-05 0.325262706399981838
5.10159703772600979e-05 0.325253415735797025
5.15261300810326977e-05 0.325244032194326071
5.20413913818430031e-05 0.325234554847450508
5.25618052956613996e-05 0.325224982757786052
5.30874233486179975e-05 0.325215314978589465
5.36182975821042023e-05 0.3252055505536664
5.41544805579252032e-05 0.32519568851727626
5.46960253635045022e-05 0.325185727894038101
5.52429856171395031e-05 0.325175667698834936
5.57954154733108967e-05 0.325165506936714033
5.63533696280440002e-05 0.325155244602790994
5.69169033243245028e-05 0.325144879682152221
5.74860723575677031e-05 0.325134411149753555
5.80609330811434002e-05 0.325123837970319407
5.86415424119547982e-05 0.325113159098239179
5.92279578360743994e-05 0.325102373477470841
5.98202374144351029e-05 0.325091480041424075
6.04184397885794991e-05 0.32508047771287385
6.10226241864652975e-05 0.325069365403837129
6.16328504283298982e-05 0.325058142015475671
6.2249178932613199e-05 0.325046806437985392
6.28716707219394025e-05 0.325035357550487736
6.35003874291587944e-05 0.325023794220916706
6.41353913034503983e-05 0.325012115305912674
6.47767452164849068e-05 0.325000319650705916
6.54245126686496954e-05 0.324988406089006143
6.60787577953362063e-05 0.324976373442883049
6.67395453732896052e-05 0.324964220522656555
6.74069408270225014e-05 0.324951946126774527
6.80810102352927033e-05 0.324939549041702302
6.87618203376456059e-05 0.324927028041793464
6.94494385410221053e-05 0.324914381889174042
7.01439329264322964e-05 0.324901609333628549
7.08453722556965949e-05 0.324888709112460927
7.15538259782536051e-05 0.324875679950385632
7.22693642380361036e-05 0.324862520559395518
7.29920578804165056e-05 0.324849229638639547
7.37219784592207044e-05 0.324835805874285011
7.44591982438128991e-05 0.324822247939399733
7.52037902262510036e-05 0.324808554493819901
7.59558281285135044e-05 0.324794724184015116
7.67153864097985946e-05 0.324780755642955332
7.74825402738965992e-05 0.324766647489979632
7.82573656766355984e-05 0.324752398330662384
7.90399393334019956e-05 0.32473800675666975
7.98303387267360043e-05 0.324723471345629067
8.0628642114003395e-05 0.324708790660985125
8.14349285351433934e-05 0.324693963251862006
8.22492778204948045e-05 0.324678987652918249
8.30717705986998051e-05 0.324663862384201196
8.39024883046868031e-05 0.324648585951011537
8.47415131877335946e-05 0.324633156843749049
8.55889283196109959e-05 0.324617573537762549
8.64448176028071e-05 0.324601834493209673
8.73092657788352062e-05 0.324585938154900389
8.81823584366234984e-05 0.324569882952141675
8.90641820209896976e-05 0.324553667298591364
8.99548238411996051e-05 0.324537289592100209
9.08543720796115955e-05 0.324520748214549515
9.17629158004076964e-05 0.324504041531702148
9.26805449584117982e-05 0.324487167893036776
9.36073504079959002e-05 0.324470125631587447
9.45434239120758989e-05 0.324452913063785819
9.54888581511966058e-05 0.324435528489282976
9.64437467327085974e-05 0.324417970190801819
9.74081842000357038e-05 0.324400236433953937
9.83822660420361058e-05 0.324382325467080623
9.93660887024564013e-05 0.324364235521074684
0.000100359749589481 0.324345964809211906
0.000101363347085375996 0.324327511526974699
0.00010237698055623 0.324308873851877399
0.000103400750361791995 0.324290049943288416
0.000104434757865410005 0.324271037942250817
0.000105479105444064 0.324251835971296865
0.000106533896498504994 0.324232442134274601
0.000107599235463489999 0.324212854516151394
0.000108675227818123997 0.324193071182836468
0.000109761980096306002 0.32417309018098911
0.000110859599897269003 0.324152909537828882
0.000111968195896240997 0.32413252726094105
0.000113087877855203999 0.324111941338086795
0.000114218756633755998 0.324091149737006867
0.000115360944200092996 0.324070150405217805
0.000116514553642094006 0.324048941269823532
0.000117679699178514994 0.324027520237303412
0.000118856496170299998 0.324005885193314969
0.000120045061132003004 0.32398403400248349
0.000121245511743323995 0.323961964508200972
0.000122457966860757008 0.323939674532411015
0.000123682546529363987 0.323917161875402704
0.000124919371994658006 0.323894424315589846
0.000126168565714605005 0.323871459609303192
0.000127430251371750988 0.323848265490568943
0.000128704553885468001 0.323824839670888709
0.000129991599424323013 0.32380117983901896
0.000131291515418565996 0.323777283660748261
0.000132604430572751992 0.323753148778666178
0.000133930474878479001 0.323728772811944565
0.000135269779627263987 0.323704153356094426
0.000136622477423536991 0.323679287982747421
0.00013798870219777201 0.323654174239409065
0.000139368589219749988 0.323628809649225413
0.000140762275111947009 0.32360319171075097
0.000142169897863067004 0.323577317897694283
0.000143591596841697011 0.32355118565868507
0.000145027512810113999 0.323524792417019924
0.000146477787938216003 0.323498135570423451
0.00014794256581759799 0.323471212490782756
0.000149421991475773991 0.323444020523910303
0.000150916211390530992 0.323416556989277626
0.000152425373504436992 0.323388819179756981
0.000153949627239480989 0.323360804361370713
0.000155489123511875994 0.323332509773016197
0.000157044014746995003 0.323303932626206159
0.000158614454894464988 0.32327507010480272
0.000160200599443408991 0.323245919364739787
0.000161802605437842988 0.32321647753375804
0.000163420631492221989 0.323186741711123382
0.000165054837807144009 0.323156708967351491
0.000166705386185215002 0.323126376343922828
0.000168372440047068005 0.323095740853010793
0.000170056164447537997 0.323064799477174924
0.000171756726092014002 0.323033549169094714
0.000173474293352933999 0.323001986851261691
0.000175209036286462993 0.322970109415692042
0.00017696112664932799 0.322937913723629122
0.000178730737915820995 0.322905396605242367
0.000180518045294979012 0.32287255485932409
0.000182323225747928999 0.32283938525298661
0.000184146458005408009 0.322805884521352005
0.000185987922585461999 0.322772049367237357
0.000187847801811316987 0.322737876460852946
0.000189726279829430006 0.322703362439468622
0.000191623542627725012 0.322668503907108162
0.000193539778054002009 0.322633297434216482
0.000195475175834541989 0.322597739557339891
0.000197429927592886992 0.322561826778797189
0.000199404226868816001 0.322525555566342437
0.000201398269137503989 0.322488922352834384
0.000203412251828878995 0.322451923535899021
0.000205446374347168008 0.322414555477585574
0.000207500838090639994 0.32237681450402611
0.000209575846471545999 0.322338696905084099
0.000211671604936261999 0.322300198934006354
0.000213788320985624006 0.322261316807069598
0.000215926204195480991 0.322222046703221021
0.000218085466237434995 0.322182384763720742
0.000220266320899810002 0.322142327091779923
0.000222468984108808006 0.322101869752189462
0.000224693673949896011 0.322061008770949619
0.000226940610689394987 0.322019740134906252
0.000229210016796289006 0.321978059791359794
0.000231502116964251998 0.321935963647697443
0.000233817138133894013 0.3218934475710023
0.000236155309515232988 0.321850507387669627
0.000238516862610385009 0.32180713888301693
0.000240902031236488987 0.321763337800886062
0.000243311051548853987 0.321719099843249923
0.000245744162064343008 0.3216744206698125
0.000248201603684985984 0.321629295897595979
0.000250683619721835994 0.321583721100547226
0.000253190455919054009 0.321537691809108961
0.000255722360478245021 0.321491203509818912
0.000258279584083026992 0.321444251644882772
0.000260862379923857996 0.32139683161175453
0.000263471003723095981 0.321348938762708147
0.00026610571376032698 0.321300568404408515
0.000268766770897929999 0.321251715797481019
0.000271454438606909981 0.321202376156067282
0.000274168982992978988 0.321152544647386906
0.00027691067282290899 0.321102216391292827
0.000279679779551138014 0.321051386459825061
0.000282476577346648988 0.321000049876748517
0.00028530134312011599 0.320948201617104911
0.000288154356551317001 0.320895836606750973
0.000291035900116830011 0.32084294972188554
0.000293946259117998008 0.320789535788592428
0.000296885721709177976 0.320735589582359815
0.000299854578926269993 0.320681105827603952
0.000302853124715532994 0.320626079197193325
0.000305881655962688011 0.320570504311956828
0.000308940472522315011 0.320514375740198643
0.000312029877247537975 0.320457687997207585
0.000315150176020013984 0.320400435544752615
0.000318301677780214007 0.320342612790587677
0.000321484694558016001 0.320284214087943053
0.000324699541503595994 0.320225233735016546
0.000327946536918632026 0.320165665974458724
0.000331226002287817996 0.320105504992853118
0.000334538262310696982 0.320044744920196911
0.000337883644933803008 0.319983379829371362
0.000341262481383142007 0.319921403735608789
0.000344675106196972998 0.319858810595961385
0.000348121857258942987 0.319795594308757369
0.000351603075831532 0.319731748713058095
0.000355119106589847015 0.319667267588108428
0.000358670297655745978 0.319602144652782416
0.000362257000632303019 0.319536373565025067
0.000365879570638625977 0.319469947921295405
0.000369538366345013012 0.319402861255989046
0.000373233750008462992 0.319335107040877419
0.000376966087508547021 0.319266678684522409
0.000380735748383632998 0.319197569531705694
0.000384543105867468974 0.319127772862826731
0.00038838853692614399 0.319057281893338152
0.000392272422295405012 0.318986089773123427
0.00039619514651836001 0.318914189585916552
0.000400157097983542989 0.318841574348689261
0.000404158668963378997 0.318768237011045341
0.000408200255653012 0.318694170454607184
0.000412282258209541999 0.318619367492390893
0.000416405080791637983 0.31854382086819677
0.000420569131599553986 0.318467523255963947
0.000424774822915549989 0.318390467259149934
0.000429022571144704976 0.31831264541008919
0.000433312796856152014 0.318234050169345917
0.000437645924824714005 0.318154673925072906
0.00044202238407296102 0.318074508992357508
0.000446442607913690977 0.317993547612558214
0.000450907033992827987 0.317911781952645245
0.000455416104332756022 0.317829204104538687
0.000459970265376083009 0.317745806084424764
0.000464569968029844018 0.317661579832085872
0.000469215667710143022 0.317576517210212128
0.00047390782438724399 0.3174906100037172
0.000478646902631116983 0.317403849919041026
0.000483433371657427996 0.317316228583456483
0.000488267705374002012 0.317227737544359234
0.00049315038242774196 0.317138368268559845
0.00049808188625201995 0.317048112141573357
0.000503062705114539974 0.316956960466895143
0.000508093332165684974 0.31686490446527632
0.000513174265487341993 0.316771935273990335
0.000518306008142215046 0.316678043946107157
0.000523489068223636947 0.316583221449735885
0.000528723958905874016 0.31648745866729272
0.000534011198494932981 0.316390746394734801
0.000539351310479882018 0.316293075340814023
0.000544744823584681031 0.316194436126302436
0.000550192271820528021 0.316094819283231243
0.000555694194538733019 0.315994215254105815
0.000561251136484120037 0.315892614391135584
0.000566863647848961025 0.315790006955439295
0.00057253228432745096 0.315686383116252911
0.000578257607170726013 0.315581732950130811
0.000584040183242433026 0.315476046440144431
0.000589880585074857035 0.315369313475068302
0.000595779390925605962 0.31526152384856182
0.000601737184834862018 0.315152667258347896
0.000607754556683210009 0.315042733305385292
0.000613832102250042987 0.314931711493028288
0.000619970423272542953 0.314819591226189965
0.000626170127505267958 0.314706361810488833
0.000632431828780320986 0.314592012451395953
0.000638756147068124044 0.314476532253373742
0.000645143708538805033 0.314359910219007443
0.000651595145624193949 0.314242135248127552
0.000658111097080435014 0.314123196136933847
0.000664692208051240012 0.314003081577100329
0.000671339130131752017 0.313881780154881829
0.000678052521433069959 0.313759280350209446
0.000684833046647399953 0.313635570535785002
0.000691681377113875047 0.313510638976156719
0.000698598190885013019 0.313384473826796683
0.000705584172793862971 0.313257063133170865
0.000712640014521802008 0.313128394829793322
0.000719766414667019952 0.312998456739281616
0.000726964078813690032 0.31286723657139992
0.000734233719601826954 0.312734721922090064
0.000741576056797845049 0.312600900272503979
0.000748991817365823962 0.312465758988019759
0.000756481735539482007 0.312329285317247907
0.000764046552894877013 0.312191466391041117
0.000771687018423826009 0.312052289221473877
0.000779403888608063995 0.311911740700837326
0.000787197927494144968 0.311769807600604298
0.000795069906769085952 0.311626476570392552
0.000803020605836777005 0.311481734136924426
0.000811050811895144982 0.311335566702966082
0.000819161320014095951 0.311187960546258136
0.000827352933214236955 0.311038901818442071
0.000835626462546380008 0.310888376543975276
0.000843982727171842988 0.310736370619019264
0.000852422554443561949 0.310582869810341389
0.000860946779987996954 0.310427859754184854
0.000869556247787877951 0.31027132595513679
0.000878251810265755998 0.310113253784980059
0.000887034328368414035 0.309953628481531795
0.000895904671652097973 0.309792435147474621
0.000904863718368619039 0.309629658749164871
0.000913912355552304952 0.309465284115439165
0.000923051479107827992 0.309299295936390106
0.000932281993898907051 0.309131678762150419
0.00094160481383789602 0.30896241700163507
0.000951020861976274983 0.30879149492129393
0.000960531070596036974 0.308618896643827023
0.000970136381301998029 0.308444606146898948
0.000979837745115017976 0.308268607261827698
0.000989636122566168053 0.30809088367226084
0.000999532483791829972 0.307911418912827362
0.00100952780862975005 0.307730196367778319
0.00101962308671605002 0.307547199269609717
0.00102981931758320991 0.307362410697653854
0.00104011751075904 0.307175813576661738
0.00105051868586663005 0.306987390675364846
0.00106102387272528995 0.30679712460500963
0.00107163411145255001 0.306604997817869263
0.00108235045256706991 0.30641099260574195
0.00109317395709273993 0.306215091098417547
0.00110410569666367009 0.306017275262120803
0.00111514675363031009 0.305817526897934788
0.00112629822116660995 0.30561582764019396
0.00113756120337827997 0.305412158954854907
0.00114893681541206006 0.305206502137833069
0.00116042618356618004 0.304998838313321807
0.0011720304454018401 0.304789148432075996
0.00118375074985586004 0.304577413269668029
0.00119558825735441993 0.304363613424709245
0.00120754413992795991 0.304147729317052917
0.00121961958132723995 0.303929741185950841
0.00123181577714051994 0.303709629088180666
0.00124413393491191993 0.303487372896150354
0.0012565752742610401 0.303262952295950794
0.00126914102700365007 0.303036346785388766
0.00128183243727369002 0.302807535671970551
0.00129465076164642003 0.302576498070857847
0.00130759726926288995 0.302343212902777381
0.00132067324195551993 0.302107658891902164
0.00133387997437507005 0.301869814563678895
0.0013472187741188199 0.301629658242622223
0.00136069096186000995 0.301387168050071319
0.00137429787147861 0.301142321901889609
0.00138804085019339995 0.300895097506134634
0.0014019212586953299 0.300645472360676125
0.00141594047128227999 0.300393423750766775
0.00143009987599511 0.300138928746576439
0.00144440087475506003 0.299881964200660489
0.00145884488350260999 0.299622506745401862
0.00147343333233763995 0.299360532790387712
0.00148816766566100991 0.299096018519739493
0.00150304934231762 0.298828939889400513
0.0015180798357408 0.298559272624363492
0.00153326063409820997 0.298286992215847091
0.00154859324043919006 0.298012073918425324
0.00156407917284358006 0.297734492747098234
0.00157971996457201996 0.297454223474312551
0.00159551716421773996 0.297171240626927458
0.00161147233585991006 0.296885518483124333
0.00162758705921851009 0.296597031069267159
0.00164386292981070006 0.29630575215670385
0.00166030155910880991 0.296011655258515582
0.00167690457469989 0.295714713626209103
0.00169367362044688997 0.295414900246359802
0.00171061035665135992 0.29511218783719706
0.00172771646021786991 0.294806548845136907
0.0017449936248200501 0.294497955441267056
0.00176244356106825006 0.294186379517773766
0.00178006799667894009 0.293871792684319344
0.00179786867664573011 0.293554166264379079
0.0018158473634121799 0.293233471291521164
0.00183400583704629999 0.292909678505636872
0.00185234589541677006 0.292582758349143657
0.00187086935437093997 0.292252680963132005
0.00188957804791464994 0.291919416183474001
0.00190847382839378992 0.291582933536903233
0.00192755856667772992 0.291243202237053245
0.00194683415234450999 0.290900191180471002
0.00196630249386795007 0.290553868942601823
0.00198596551880663016 0.290204203773751834
0.00200582517399469987 0.289851163595035211
0.00202588342573463984 0.289494715994303431
0.0020461422599919901 0.289134828222076257
0.00206660368259190983 0.288771467187461661
0.0020872697194178301 0.288404599454086363
0.00210814241661201 0.288034191236036408
0.00212922384077812981 0.28766020839382006
0.00215051607918590989 0.287282616430346138
0.00217202123997776997 0.286901380486960456
0.00219374145237754984 0.286516465339501314
0.00221567886690131983 0.28612783539442771
0.00223783565557033985 0.28573545468500644
0.00226021401212604016 0.285339286867576591
0.00228281615224729985 0.284939295217901123
0.00230564431376977007 0.28453544262762448
0.00232870075690746981 0.284127691600840726
0.00235198776447654006 0.283716004250792242
0.00237550764212130991 0.283300342296718466
0.00239926271854251985 0.282880667060860347
0.0024232553457279502 0.282456939465645374
0.00244748789918523011 0.282029120031077163
0.00247196277817707992 0.281597168872331327
0.00249668240595884994 0.281161045697597978
0.00252164923001844 0.280720709806183688
0.00254686572231862 0.280276120086892511
0.00257233437954181021 0.279827235016713527
0.00259805772333722993 0.279374012659854731
0.00262403830057060007 0.278916410667118253
0.00265027868357630998 0.278454386275682864
0.00267678147041207001 0.277987896309289773
0.00270354928511619018 0.277516897178895439
0.00273058477796735014 0.277041344883793617
0.00275789062574702997 0.276561195013265315
0.00278546953200449997 0.276076402748781202
0.00281332422732454013 0.275586922866796757
0.00284145746959778983 0.275092709742182917
0.00286987204429375994 0.274593717352330735
0.0028985707647366998 0.274089899281972527
0.00292755647238406979 0.273581208728772785
0.00295683203710791001 0.273067598509726561
0.00298640035747899015 0.272549021068421493
0.00301626436105378003 0.27202542848321376
0.00304642700466432013 0.271496772476366721
0.00307689127471096014 0.270963004424219667
0.00310766018745806984 0.270424075368422612
0.00313873678933265007 0.26987993602833199
0.00317012415722597992 0.269330536814587518
0.00320182539879823981 0.268775827843969473
0.00323384365278622018 0.26821575895558003
0.00326618208931407986 0.267650279728426588
0.00329884391020722001 0.267079339500483015
0.00333183234930929011 0.266502887389281129
0.0033651506728023901 0.265920872314128642
0.00339880217953040988 0.265333243020018761
0.00343279020132571978 0.264739948103303979
0.00346711810333897013 0.264140936039226337
0.0035017892843723598 0.263536155211377965
0.00353680717721609021 0.262925553943167023
0.00357217524898825007 0.26230908053138674
0.00360789700147812979 0.26168668328196043
0.00364397597149290981 0.261058310547950256
0.00368041573120784019 0.260423910769916611
0.00371721988851991987 0.259783432518712443
0.00375439208740512009 0.259136824540794231
0.00379193600827916998 0.258484035806139656
0.00382985536836195992 0.257825015558855175
0.00386815392204558012 0.257159713370543386
0.00390683546126602971 0.256488079196533936
0.00394590381587870027 0.255810063435031154
0.00398536285403747973 0.255125616989271553
0.00402521648257786035 0.25443469133275276
0.00406546864740364028 0.253737238577604496
0.00410612333387767002 0.253033211546169923
0.00414718456721644996 0.252322563845837899
0.00418865641288861026 0.251605249947202625
0.00423054297701750022 0.250881225265570051
0.00427284840678766962 0.250150446245867242
0.00431557689085554971 0.249412870450966218
0.00435873265976411024 0.248668456653455272
0.00440231998636175011 0.247917164930854889
0.00444634318622535996 0.247158956764279708
0.00449080661808762011 0.246393795140533639
0.00453571468426848968 0.245621644657602112
0.00458107183111117981 0.244842471633503311
0.00462688254942229035 0.244056244218441881
0.00467315137491650968 0.243262932510187879
0.00471988288866568 0.242462508672583787
0.00476708171755233986 0.241654947057085928
0.00481475253472786035 0.240840224327194513
0.00486290006007514004 0.240018319585630774
0.00491152906067589008 0.239189214504096859
0.00496064435128264983 0.238352893455416492
0.00501025079479548024 0.237509343647854143
0.00506035330274343022 0.236658555261368003
0.00511095683577086988 0.235800521585543654
0.0051620664041285803 0.234935239158920756
0.00521368706816986022 0.234062707909408751
0.00526582393885156007 0.233182931295455781
0.00531848217824008006 0.232295916447620016
0.00537166700002248039 0.231401674310160205
0.00542538367002270028 0.230500219782238197
0.00547963750672292998 0.229591571858316246
0.00553443388179016005 0.228675753767288714
0.00558977822060805971 0.227752793109883167
0.00564567600281414006 0.226822721993837406
0.00570213276284228018 0.225885577166343082
0.00575915409047070021 0.224941400143224168
0.00581674563137541019 0.223990237334313197
0.00587491308768917 0.223032140164463627
0.00593366221856606035 0.222067165189631516
0.00599299884075172023 0.22109537420745265
0.00605292882915924035 0.22011683436173396
0.00611345811745082988 0.219131618240274828
0.00617459269862534032 0.218139803965438195
0.00623633862561158957 0.217141475276893592
0.00629870201186770971 0.216136721605965282
0.00636168903198637992 0.215125638141031694
0.00642530592230624968 0.21410832588343523
0.00648955898152931039 0.21308489169339237
0.00655445457134459959 0.212055448325404933
0.00661999911705805043 0.211020114452723839
0.00668619910822863036 0.209979014680433618
0.00675306109931092004 0.208932279546778316
0.00682059171030402998 0.207880045512384648
0.0068887976274070702 0.206822454937099137
0.00695768560368113971 0.205759656044195688
0.00702726245971794974 0.204691802871780293
0.00709753508431512983 0.203619055211272881
0.0071685104351582804 0.202541578532921374
0.00724019553950986001 0.201459543898354604
0.00731259749490495957 0.200373127860280054
0.00738572346985401015 0.199282512349479135
0.00745958070455255036 0.198187884549350768
0.00753417651159807994 0.197089436758319747
0.00760951827671405966 0.19598736624051441
0.00768561345948119961 0.194881875065190696
0.00776246959407600988 0.193773169935466616
0.00784009429001676986 0.192661462007007095
0.0079184952329169403 0.191546966697369647
0.00799768018524611018 0.190429903486810742
0.00807765698709857032 0.189310495711405208
0.00815843355696956041 0.188188970349418894
0.00824001789253924963 0.187065557801917193
0.00832241807146463959 0.185940491668663943
0.00840564225217928923 0.184814008520411577
0.00848969867470108011 0.183686347668717498
0.00857459566144810025 0.18255775093447979
0.0086603416180625805 0.181428462416389408
0.00874694503424319932 0.180298728260532198
0.00883441448458563081 0.179168796432374183
0.00892275862943149069 0.178038916492374827
0.00901198621572579968 0.176909339376453062
0.00910210607788305981 0.175780317182516077
0.00919312713866188985 0.174652102964241607
0.00928505841004850958 0.173524950533247319
0.009377908994149 0.172399114270750303
0.00947168808409049046 0.171274848949753061
0.00956640496493139057 0.170152409568730567
0.00966206901458071046 0.169032051197712335
0.00975868970472651073 0.167914028837579721
0.00985627660177378073 0.166798597293306289
0.00995483936779151951 0.165686011061771249
0.0100543877614693994 0.164576524234684246
0.0101549316390841006 0.163470390417045336
0.0102564809554749996 0.162367862661478013
0.0103590457650297001 0.161269193418643958
0.0104626362226800003 0.160174634503849722
0.0105672625849067992 0.159084437079868579
0.0106729352107559003 0.157998851655865719
0.0107796645628633996 0.156918128102240012
0.0108874612084920996 0.155842515681090921
0.0109963358205769999 0.154772263091948553
0.0111062991787827994 0.153707618532286455
0.0112173621705706009 0.152648829772325023
0.0113295357922763001 0.151596144243504954
0.0114428311501991002 0.150549809140015617
0.0115572594617010995 0.149510071532682365
0.0116728320563181005 0.148477178494507506
0.0117895603768811991 0.14745137723713056
0.0119074559806501001 0.14643291525747007
0.0120265305404566002 0.145422040493816962
0.0121467958458611001 0.144419001490643739
0.0122682638043197009 0.143424047571442531
0.0123909464423628997 0.142437429018931583
0.0125148559067866007 0.141459397261997522
0.0126400044658544 0.140490205068814406
0.0127664045105130002 0.139530106745613336
0.0128940685556181 0.138579358340673253
0.0130230092411742996 0.13763821785312258
0.0131532393335859997 0.13670694544626355
0.0132847717269219002 0.135785803665156246
0.0134176194441910993 0.134875057658309594
0.0135517956386330008 0.133974975403357371
0.0136873135950193008 0.133085827936706869
0.0138241867309695007 0.13220788958717497
0.0139624285982791994 0.13134143821370825
0.0141020528842620008 0.130486755447327185
0.0142430734131045993 0.129644126937481341
0.0143855041472356997 0.128813842603047235
0.0145293591887079993 0.127996196888227831
0.0146746527805951005 0.127191489023626148
0.0148213993084011005 0.126400023292806779
0.0149696133014851004 0.125622109304636853
0.0151193094344999005 0.124858062271708967
0.0152705025288449002 0.124108203295143993
0.0154232075541334002 0.123372859656049064
0.0155774396296746998 0.122652365113877546
0.0157332140259715016 0.121947060211916591
0.0158905461662312009 0.121257292590091548
0.0160494516278935004 0.120583417305226079
0.0162099461441723991 0.119925797158863257
0.0163720456056141994 0.119284803032696521
0.0165357660616703012 0.118660814231612469
0.0167011237222869993 0.118054218834278288
0.0168681349595098985 0.117465414051171779
0.0170368163091049983 0.116894806589865216
0.0172071844721960014 0.116342813027323674
0.0173792563169180014 0.115809860188908098
0.0175530488800871992 0.115296385533702236
0.0177285793688880013 0.114802837545697561
0.0179058651625768998 0.114329676130299235
0.0180849238142027011 0.113877373015521713
0.0182657730523447005 0.113446412157142656
0.0184484307828681991 0.11303729014698001
0.0186329150906968007 0.112650516623345812
0.0188192442416037983 0.11228661468258308
0.0190074366840198988 0.111946121290473932
0.0191975110508601013 0.111629587692123555
0.0193894861613687006 0.111337579818767532
0.0195833810229823005 0.111070678689748237
0.0197792148332122004 0.11082948080769775
0.0199770069815442992 0.110614598544737638
0.0201767770513597011 0.110426660517245451
0.0203785448218733005 0.110266311946484341
0.0205823302700921008 0.1101342150020901
0.0207881535727930007 0.11003104912511194
0.0209960351085209003 0.109957511326976884
0.0212059954596061015 0.109914316460412664
0.0214180554142021987 0.109902197458013218
0.0216322359683441996 0.109921905533770473
0.0218485583280275987 0.109974210342537557
0.0220670439113078987 0.110059900092015286
0.0222877143504210014 0.11017978160149762
0.0225105914939251993 0.110334680301254359
0.0227356974088645004 0.110525440166088493
0.0229630543829530999 0.110752923576287618
0.0231926849267826002 0.111018011098892533
0.0234246117760504996 0.111321601181944216
0.0236588578938109993 0.111664609754151087
0.023895446472749101 0.112047969722241902
0.0241344009374766001 0.11247263035815043
0.0243757449468513 0.112939556568117244
0.0246195023963198013 0.113449728035808245
0.0248656974202829985 0.114004138231628235
0.0251143543944859007 0.114603793280581762
0.0253654979384306985 0.115249710681285561
0.0256191529178150003 0.115942917869094275
0.0258753444469932009 0.116684450616742652
0.0261340978914630997 0.117475351266473238
0.0263954388703778013 0.118316666788281663
0.0266593932590814993 0.119209446659679516
0.0269259871916723986 0.120154740563280807
0.0271952470635891015 0.121153595899501809
0.0274671995342249987 0.122207055112805885
0.0277418715295672004 0.123316152831132286
0.0280192902448628996 0.124481912819505311
0.0282994831473115001 0.125705344750250025
0.0285824779787846005 0.126987440793794565
0.0288683027585724984 0.128329172035655387
0.0291569857861582009 0.129731484726924223
0.0294485556440198006 0.131195296377351278
0.0297430412004600006 0.132721491701944
0.030040471612464599 0.134310918433888149
0.0303408763285892003 0.135964383018488844
0.0306442850918751016 0.137682646204727088
0.0309507279427938993 0.139466418552922078
0.0312602352222218008 0.141316355878840894
0.0315728375744439987 0.143233054656387665
0.031888565950188498 0.145217047402722232
0.0322074516096904004 0.147268798071266249
0.0325295261257873003 0.149388697479537647
0.0328548213870450967 0.151577058800082848
0.0331833696009155993 0.15383411314392853
0.0335152032969247976 0.156160005266924529
0.0338503553298939996 0.158554789430098958
0.0341888588831929033 0.161018425445618535
0.0345307474720248989 0.163550774940188492
0.0348760549467451025 0.166151597867678857
0.0352248154962125984 0.168820549302449829
0.0355770636511746965 0.171557176544167661
0.0359328342876865034 0.174360916564021778
0.0362921626305632988 0.177231093820941737
0.0366550842568690027 0.180166918474901905
0.0370216350994376012 0.183167485022473292
0.037391851450432001 0.18623177137767935
0.0377657699649363021 0.189358638418682307
0.0381434276645856996 0.192546830018172632
0.0385248619412316001 0.195794973572305603
0.0389101105606438971 0.199101581039867581
0.0392992116662502985 0.202465050499944371
0.0396922037829127994 0.205883668232808931
0.0400891258207419013 0.209355611325069801
0.0404900170789493988 0.212878950796330124
0.0408949172497388991 0.216451655240776225
0.0413038664222363031 0.220071594973282131
0.0417169050864586027 0.223736546665761732
0.0421340741373232019 0.227444198455787533
0.0425554148786964001 0.231192155505797581
0.0429809690274833983 0.234977945987767722
0.0434107787177581972 0.238799027464846048
0.0438448865049358011 0.242652793638397868
0.0442833353699852023 0.2465365814260215
0.0447261687236849975 0.250447678333542978
0.0451734304109219012 0.25438333008172781
0.0456251647150310996 0.258340748446489799
0.046081416362181403 0.262317119269803889
0.0465422305258032035 0.266309610597256996
0.0470076528310613001 0.270315380897311275
0.0474777293593718966 0.274331587316817338
0.0479525066529655972 0.278355393927199712
0.0484320317194951999 0.282383979915908245
0.0489163520366902027 0.286414547678338516
0.0494055155570570989 0.290444330766302328
0.0498995707126276972 0.294470601650395458
0.0503985664197538971 0.298490679255119962
0.0509025520839515022 0.302501936227492663
0.051411577604791002 0.306501805901925495
0.0519256933808388971 0.31048778892654616
0.0524449503146472984 0.314457459518645344
0.0529693998177937983 0.318408471319705566
0.0534990938159716975 0.322338562823356989
0.0540340847541313993 0.326245562352658558
0.0545744256016727006 0.330127392566239797
0.0551201698576894994 0.333982074476070201
0.0556713715562663983 0.337807730962916886
0.0562280852718290008 0.341602589778856991
0.0567903661245472979 0.345364986029524035
0.0573582697857928023 0.349093364132084527
0.0579318524836507018 0.352786279248188506
0.0585111710084871978 0.356442398194335874
0.0590962827185720976 0.360060499835225478
0.0596872455457577999 0.363639474968648124
0.0602841180012154004 0.367178325713412301
0.0608869591812275998 0.370676164414510567
0.0614958287730398012 0.374132212082382232
0.062110787060770202 0.377545796385561738
0.0627318949313779017 0.380916349218253736
0.0633592138806916977 0.384243403866508182
0.0639928060194985965 0.387526591798509346
0.0646327340796935962 0.390765639106220475
0.0652790614204906 0.393960362627083893
0.0659318520346954956 0.397110665775756322
0.066591170555042406 0.40021653411691549
0.0672570822605927932 0.403278030711007041
0.0679296530831988016 0.406295291265433511
0.0686089496140308008 0.409268519124108776
0.0692950391101710972 0.412197980128502395
0.0699879895012728015 0.415083997383319581
0.0706878693962855048 0.417926945959770257
0.0713947480902484 0.420727247569025631
0.0721086955711509048 0.423485365237909583
0.0728297825268623966 0.426201798018166267
0.0735580803521310028 0.428877075759790782
0.0742936611556522936 0.431511753977885937
0.0750365977672088069 0.434106408841382241
0.0757869637448809058 0.436661632310678616
0.0765448333823297022 0.439178027449884878
0.0773102817161530065 0.441656203937855318
0.0780833845333146065 0.44409677380061785
0.0788642183786476964 0.446500347386110996
0.0796528605624342023 0.448867529600397219
0.0804493891680584938 0.451198916422635432
0.0812538830597391015 0.453495091714215481
0.0820664218903364995 0.455756624335408811
0.0828870861092398936 0.457984065580858524
0.0837159569703322948 0.460177946943060967
0.0845531165400355972 0.462338778210800216
0.0853986477054359955 0.464467045907227705
0.0862526341824902953 0.466563212069943556
0.0871151605243151994 0.468627713373072241
0.0879863121295584028 0.470660960588891564
0.0888661752508538988 0.472663338384130938
0.0897548370033624948 0.474635205443575847
0.0906523853733960938 0.476576894911127369
0.0915589092271301003 0.478488715136011378
0.0924744983194013964 0.480370950709384847
0.0933992433025954 0.482223863774209283
0.0943332357356213014 0.484047695588971705
0.0952765680929776038 0.485842668323642757
0.0962293337739072996 0.487608987064214017
0.0971916271116464031 0.489346842000302151
0.0981635433827628967 0.491056410768621276
0.099145178816590504 0.492737860923710025
0.100136630604756 0.494391352506131532
0.101137996910803996 0.496017040677507348
0.102149376879912004 0.497615078391173193
0.103170870648710999 0.499185619067089137
0.104202579355198 0.500728819239745659
0.105244605148750003 0.50224484114835799
0.106297051200237996 0.503733855239558159
0.107360021712240003 0.505196042554035385
0.108433621929362997 0.506631596970263831
0.109517958148656003 0.508040727280414384
0.110613137730143002 0.509423659075893265
0.111719269107443994 0.510780636422537238
0.112836461798519 0.512111923308408601
0.113964826416504003 0.513417804850150206
0.115104474680669006 0.514698588247199607
0.116255519427476001 0.515954603476417084
0.117418074621749996 0.517186203723179472
0.118592255367967997 0.518393765548350149
0.119778177921646994 0.519577688793863013
0.120975959700864 0.520738396232933831
0.122185719297873002 0.521876332973860713
0.123407576490851004 0.522991965629261646
0.124641652255760002 0.524085781265069328
0.125888068778317014 0.52515828614580562
0.127146949466101 0.526210004294547562
0.128418418960762004 0.527241475887400446
0.129702603150368995 0.528253255503448926
0.130999629181872995 0.529245910251750384
0.132309625473691989 0.530220017797250476
0.133632721728428994 0.531176164307367138
0.134969048945712988 0.532114942340505936
0.136318739435170005 0.533036948696956725
0.137681926829521989 0.5339427822514482
0.139058746097816988 0.534833041785305774
0.140449333558794992 0.535708323834517164
0.141853826894383001 0.536569220568258287
0.143272365163327003 0.537416317710560643
0.144705088814959998 0.538250192515896342
0.146152139703110001 0.539071411807512058
0.147613661100141014 0.539880530085506516
0.149089797711142003 0.540678087709891453
0.150580695688253996 0.541464609162248589
0.152086502645136012 0.54224060138819552
0.153607367671588002 0.543006552221686367
0.155143441348302991 0.543762928891187269
0.156694875761787006 0.544510176607143737
0.158261824519403987 0.545248717229652957
0.159844442764597999 0.545978948015207077
0.161442887192244006 0.546701240441431313
0.163057316064167013 0.547415939109128669
0.164687889224809009 0.548123360721538111
0.166334768117056997 0.548823793141535288
0.167998115798226988 0.54951749452843901
0.169678096956209001 0.550204692557177077
0.171374877925771996 0.550885583723706107
0.173088626705029003 0.551560332741795611
0.17481951297208001 0.552229072037497937
0.176567708101800003 0.552891901348679049
0.178333385182817994 0.55354888743805486
0.180116719034646988 0.554200063929003006
0.181917886224992997 0.554845431274060052
0.183737065087242996 0.555484956866525548
0.185574435738114996 0.556118575305681762
0.187430180095497001 0.556746188826011568
0.189304481896451993 0.557367667900348751
0.191197526715416011 0.55798285202615916
0.193109501982569987 0.558591550703027906
0.19504059700239601 0.559193544607909709
0.196991002972420004 0.559788586972984392
0.198960913002143996 0.560376405168906744
0.200950522132165993 0.560969666048128146
0.202960027353487005 0.561542072500613165
0.204989627627021997 0.562106310580228308
0.207039523903292 0.562662018095166916
0.20910991914232499 0.56320881794220945
0.211201018333747992 0.563746320845226578
0.213313028517086001 0.564274128239298012
0.21544615880225701 0.564791835279167764
0.217600620390278998 0.565299033947810003
0.219776626594182012 0.565795316238113633
0.221974392860123992 0.566280277378257257
0.22419413678872499 0.566753519069241207
0.226436078156613013 0.567214652701315991
0.228700438938179013 0.567663302514837875
0.230987443327559994 0.568099108670302333
0.233297317760836009 0.568521730192158459
0.235630290938444009 0.568930847751321966
0.237986593847828998 0.569326166252299593
0.240366459786306996 0.569707417192355958
0.242770124384170005 0.570074360762279797
0.245197825628012012 0.570426787660986867
0.247649803884292002 0.570764520599410852
0.250126301923135008 0.571087415472801729
0.25262756494236599 0.571395362184693445
0.255153840591790027 0.571688285110245942
0.257705378997708012 0.571966143191439569
0.260282432787684981 0.572228929661535157
0.262885257115561988 0.572476671401260573
0.265514109686717015 0.57270942793426638
0.268169250783585 0.572927290074336182
0.27085094329142001 0.573130378241653027
0.273559452724335017 0.573318840469902447
0.276295047251577996 0.573492850130165377
0.279057997724094009 0.573652603401200167
0.281848577701334979 0.573798316518919216
0.284667063478348026 0.573930222840408955
0.287513734113132025 0.574048569759792127
0.290388871454263009 0.574153615514530924
0.293292760168805011 0.574245625921314229
0.296225687770494017 0.574324871080603594
0.299187944648197979 0.574391622088136544
0.302179824094680027 0.574446147790234174
0.305201622335626976 0.574488711617769265
0.308253638558984022 0.574519568531087432
0.311336174944572996 0.574538962105124118
0.314449536694018983 0.574547121780571324
0.317594032060958986 0.57454426030324024
0.320769972381569013 0.574530571369854526
0.323977672105384973 0.574506227494544164
0.327217448826437995 0.574471378106300001
0.330489623314702996 0.574426147883804195
0.333794519547849999 0.574370635330353041
0.337132464743327975 0.574304911588215283
0.340503789390761979 0.574229019488725179
0.343908827284668983 0.574142972831817366
0.347347915557515985 0.574046755886523652
0.350821394713090984 0.573940323102315575
0.354329608660222006 0.573823599019996466
0.357872904746823983 0.573696478370165797
0.361451633794292015 0.573558826347066009
0.365066150132234979 0.573410479045790122
0.368716811633558017 0.573251244051414699
0.372403979749892977 0.573080901169390144
0.376128019547392001 0.572899203287562275
0.379889299742866005 0.572705877361272098
0.383688192740294975 0.572500625514064221
0.387525074667697977 0.572283126247490559
0.391400325414375028 0.57205303575423494
0.395314328668518011 0.571809989329188695
0.399267471955204012 0.571553602873143385
0.403260146674756015 0.571283474483265108
0.407292748141503014 0.570999186123544833
0.411365675622917981 0.57070030536683225
0.415479332379147026 0.570386387197912903
0.419634125702939009 0.570056975864380311
0.423830466959968011 0.569711606758800171
0.428068771629568023 0.569349808311956584
0.432349459345863996 0.56897110387289751
0.436672953939321984 0.568575013547147567
0.441039683478716027 0.568161055959985561
0.445450080313503027 0.567728749907271846
0.449904581116638003 0.567277615852043837
0.454403626927804005 0.566807177221256286
0.458947663197082023 0.56631696145371746
0.46353713982905298 0.565806500747681018
0.46817251122734399 0.565275332454898471
0.472854236339616985 0.56472299906727208
0.477582778703013022 0.564149047742834808
0.482358606490042974 0.563553029319637799
0.487182192554943994 0.562934496769372794
0.492054014480493018 0.562293003047215634
0.496974554625297993 0.561628098300491096
0.501944300171551006 0.56093932640627453
0.506963743173266979 0.560226220816854692
0.512033380604999033 0.55948829970206726
0.517153714411048959 0.558725060388631234
0.522325251555159964 0.55793597310859544
0.527548504070710966 0.557120474081716943
0.532823989111418039 0.556277957969637638
0.538152229002533011 0.555407769753008318
0.543533751292557987 0.554509196095774537
0.548969088805484007 0.553581456273599337
0.554458779693537962 0.552623692755380036
0.560003367490473969 0.55163496153789382
0.565603401165377995 0.550614222343448478
0.571259435177032038 0.549560328798818887
0.576972029528802999 0.548472018720543297
0.582741749824090993 0.547347904636632743
0.588569167322330999 0.54618646467782539
0.594454858995554947 0.5449860339726873
0.600399407585510025 0.543744796679975217
0.606403401661364971 0.542460778788878439
0.612467435677979011 0.541131841813134673
0.618592110034759002 0.539755677498558906
0.624778031135105993 0.538329803655575589
0.631025811446456975 0.536851561218989359
0.637336069560922036 0.535318112626735343
0.643709430256531046 0.533726441597932255
0.65014652455909705 0.53207335437859038
0.65664798980468797 0.530355482510883047
0.663214469702734011 0.528569287169407764
0.669846614399762008 0.526711065095496367
0.676545080543758948 0.524776956148596208
0.683310531349196948 0.522762952482231591
0.690143636662688964 0.520664909341302939
0.697045073029315954 0.51847855746738114
0.704015523759608963 0.516199517089548143
0.71105567899720501 0.513823313469985665
0.718166235787176976 0.511345393966000761
0.725347898145048964 0.508761146563463162
0.732601377126498976 0.50606591983043181
0.739927390897764048 0.503255044234081406
0.747326664806742036 0.500323854758562447
0.754799931454808948 0.497267714756056578
0.762347930769357029 0.494082040957686375
0.769971410077051055 0.4907623295649437
0.777671124177822026 0.48730418333571468
0.785447835419599949 0.483703339571536106
0.793302313773796008 0.479955698904329431
0.801235336911534035 0.476057354771373842
0.809247690280649024 0.472004623456619199
0.817340167183456034 0.467794074564625462
0.825513568855290036 0.463422561780460485
0.833768704543842998 0.458887253754945434
0.842106391589282022 0.454185664939882272
0.850527455505173946 0.449315686182570617
0.854780092782699952 0.446810732980217507
0.859032730060225957 0.444275614873352154
0.863327893710526983 0.441684898885811805
0.867623057360828009 0.439064184424526438
0.871961172647632954 0.436387243839025996
0.874130230291034982 0.435037602526300027
0.87629928793443701 0.433680592844065016
0.878490036154273013 0.432302595942515466
0.880680784374109016 0.43091720912188114
0.882871532593945019 0.429524498134854715
0.885062280813781022 0.428124530153759397
0.887274936515815016 0.426703266120281366
0.889487592217850009 0.425274741256629396
0.891700247919885003 0.423839029052741068
0.893912903621918997 0.422396204389067609
0.898382468140028978 0.41946031719252852
0.90285203265813796 0.416496365907674526
0.907366292821428999 0.413474967661373316
0.911880552984720039 0.410426329725950723
0.916439955749643986 0.407320298418199389
0.920999358514567046 0.404187995597814598
0.925604355307140025 0.400998509080555565
0.930209352099712006 0.397783865549171611
0.939511445620709984 0.391217058583786748
0.948906560076916983 0.384491322283306902
0.958395625677685992 0.377611041035534556
0.967979581934462985 0.370581240641236154
0.977659377753806957 0.363407589070675552
0.987435971531344991 0.35609639316685654
0.997310331246659021 0.348654591122935842
1.00728343455912994 0.341089740596218827
1.01735626890471997 0.333410002360293278
1.02752983159375999 0.325624119439640258
1.03780512990969997 0.317741391717156596
1.04818318120880005 0.309771646053610628
1.05866501302088989 0.301725202008372051
1.06925166315109998 0.293612833302477838
1.07994417978260993 0.285445725216801838
1.09074362158043003 0.277235428169359532
1.10165105779623995 0.26899380776559989
1.1126675683742 0.260732991663117308
1.12379424405794004 0.252465313636404509
1.13503218649852 0.244203255268028968
1.14638250836350997 0.235959385728149562
1.15784633344714005 0.227746300134905877
1.16942479678161004 0.219576557012664764
1.18111904474942997 0.211462615383438718
1.19293023519691999 0.203416772038005372
1.20485953754888997 0.195451099537755968
1.21690813292438005 0.187577385495639321
1.22299267358900998 0.183668938973645807
1.22907721425362992 0.179807073674496193
1.23522260032489006 0.175954639058006845
1.24136798639615997 0.172151207424353414
1.24447140636215003 0.170249307436217273
1.2475748263281401 0.16836015249330305
1.25067824629412994 0.166483818071866851
1.25378166626012 0.164620375956377851
1.25534889334294997 0.163684258685059092
1.25691612042576994 0.162751455126558364
1.26005057459141989 0.160895821661542315
1.26318502875707006 0.1590535382599578
1.26631948292272001 0.157224663921255364
1.26948528163002994 0.155391168058035323
1.2726510803373301 0.15357146049087067
1.27581687904464003 0.151765590760046837
1.27898267775194996 0.149973604723415893
1.28218013444632994 0.148177834458977503
1.28537759114070993 0.146396309791946871
1.2917725045294699 0.142876137961200245
1.29823136705211994 0.139378996898595314
1.30469022957476999 0.135940571336638366
1.31121368072264 0.132527499931621356
1.31773713187051 0.129174547328280764
1.32432581752987 0.125849116952726353
1.33091450318922 0.122585014866751274
1.33756907570516992 0.119350440220419976
1.34422364822111007 0.11617820619686435
1.35094476646222006 0.113037335702831546
1.35766588470332006 0.109959619052161992
1.36445421412684009 0.10691492794424251
1.3712425435503599 0.103934004209611866
1.38495496898586001 0.0981053584337094747
1.39880451867572009 0.0924769227618932876
1.4127925638624701 0.0870511860276925314
1.42692048950110006 0.0818298934647366805
1.44118969439611 0.0768140601850736543
1.45560159134006994 0.0720039892789702402
1.47015760725346989 0.0673992942418963348
1.48485918332601008 0.0629989253974266583
1.49970777515927001 0.0588011999532753668
1.51470485291085999 0.0548038353015287208
1.52985190143997007 0.0510039851537905445
1.54515042045437001 0.0473982780872732462
1.56060192465891001 0.0439828580690093743
1.5762079439054999 0.0407534265221773731
1.59197002334455995 0.0377052855008244703
1.60788972357800009 0.0348333815467773075
1.62396862081378002 0.0321323498149599582
1.64020830702192 0.0295965580702966143
1.65661039009214006 0.0272201501803074723
1.67317649399306001 0.0249970887521113079
1.6899082589329899 0.0229211965901396503
1.70680734152231994 0.0209861966809874942
1.72387541493753993 0.0191857504438935379
1.74111416908692007 0.0175134940188136808
1.75852531077779006 0.0159630723983796054
1.77611056388557009 0.0145281712446529345
1.7938716695244199 0.0132025462660708501
1.81181038621966994 0.0119800500637516783
1.82992849008185998 0.0108546563890685645
1.84822777498268009 0.00982048178559884015
1.86671005273251001 0.00887180461801479955
1.88537715325983002 0.0080030815177502268
1.90423092479243006 0.00720896130026474347
1.92327323404035999 0.00648429643116037614
1.94250596638076001 0.00582415213817319161
1.96193102604456993 0.00522381328311297653
1.98155033630500998 0.00467878912210091015
2.00136583966805981 0.00418481609397094827
2.02137949806474015 0.00373785878555096948
2.04159329304538995 0.0033341092287724034
2.06200922597584002 0.00296998468834761388
2.08262931823559994 0.00264212410022977243
2.10345561141796011 0.00234738332043398249
2.12449016753213993 0.00208282934123458271
2.14573506920745993 0.00184573362749025117
2.16719241989954003 0.0016335647200958947
2.18886434409852981 0.00144398024654721958
2.21075298753952021 0.00127481847055205808
2.2328605174149101 0.00112408950375586232
2.2551891225890599 0.000989966293164226295
2.27774101381494987 0.000870775487960081043
2.30051842395310002 0.000764988279292538181
2.32352360819262982 0.000671211296443759956
2.34675884427455994 0.000588177632700332288
2.37022643271729994 0.000514738064406962338
2.39392869704448019 0.000449852517174206064
2.41786798401491998 0.000392581824148930661
2.44204666385506997 0.000342079812709825831
2.4664671304936201 0.000297585747987867395
2.4911318017985602 0.000258417154270531777
2.51604311981654005 0.000223963028663604324
2.54120355101471018 0.00019367745536584465
2.56661558652485988 0.000167073623564442572
2.5922817423900999 0.000143718247271484357
2.61820455981400002 0.000123226381377010988
2.64438660541213988 0.000105256624764092359
2.67083047146627006 8.95066984830112777e-05
2.69753877618092996 7.57093846773060982e-05
2.72451416394273993 6.36288101510562072e-05
2.75175930558217008 5.30570571211790945e-05
2.7792768986379901 4.38110827640117537e-05
2.80706966762436982 3.57299285971489526e-05
2.83514036430061012 2.8672200489634615e-05
2.86349176794362004 2.25138001225130069e-05
2.89212668562305009 1.71458889856927067e-05
2.92104795247928006 1.24730664564185651e-05
2.95025843200407989 8.41174412305315168e-06
2.97976101632412016 4.88869926144730545e-06
3.00955862648735994 1.83979120981797435e-06
3.03965421275223013 -7.91174705556505389e-07
3.07005075487974999 -3.05345009128515192e-06
3.10075126242854981 -4.99022667855076845e-06
3.13175877505284017 -6.63941223095762667e-06
3.16307636280336979 -8.03431064486085267e-06
3.1947071264314002 -9.20421677123681671e-06
3.22665419769570994 -1.01749355725699156e-05
3.25892073967267004 -1.09692343519670039e-05
3.29150994706939981 -1.16072359604423346e-05
3.32442504654009019 -1.21067601060116804e-05
3.35766929700548999 -1.24836191573520829e-05
3.39124598997555005 -1.27518741565291166e-05
3.42515844987529983 -1.29240561297892442e-05
3.45941003437406014 -1.30113572119114459e-05
3.49400413471779991 -1.30237955766630495e-05
3.5289441760649698 -1.29703576915142586e-05
3.5642336178256202 -1.28591209865240491e-05
3.59987595400387983 -1.26973596425307412e-05
3.63587471354391978 -1.24916358595813692e-05
3.67223346067935985 -1.22478786599439097e-05
3.70895579528614983 -1.19714520080651267e-05
3.74604535323901011 -1.16672137894989861e-05
3.7835058067713998 -1.13395669792531159e-05
3.82134086483912006 -1.09925041444134283e-05
3.85955427348751012 -1.06296462636868891e-05
3.89814981622237999 -1.02542767051810244e-05
3.93713131438460984 -9.86937108102677675e-06
3.97650262752845007 -9.4776235912284535e-06
4.01626765380374007 -9.08147037745352665e-06
4.05643033034178035 -8.6831103285992141e-06
4.09699463364519012 -8.28452371228448415e-06
4.13796457998164957 -7.88748894850106786e-06
4.1793442257814597 -7.4935977922228215e-06
4.22113766803927959 -7.10426914968235588e-06
4.26334904471966958 -6.72076171728637509e-06
4.30598253516687013 -6.34418560184409283e-06
4.34904236051854021 -5.97551305518001423e-06
4.39253278412371984 -5.6155884345894886e-06
4.43645811196495998 -5.26513748240309368e-06
4.48082269308461001 -4.92477600263369312e-06
4.52563092001545009 -4.59501799985048272e-06
4.57088722921560997 -4.2762833346845474e-06
4.61659610150776967 -3.96890494139193088e-06
4.66276206252284009 -3.67313564540829704e-06
4.70938968314807038 -3.38915461259485577e-06
4.75648357997954996 -3.11707345669390553e-06
4.80404841577935038 -2.85694202721805911e-06
4.8520888999371401 -2.60875389645404519e-06
4.90060978893651011 -2.3724515613425182e-06
4.94961588682587994 -2.14793137360928011e-06
4.99911204569414025 -1.93504820957972118e-06
5.04910316615108012 -1.73361988954255473e-06
5.09959419781259005 -1.5434313552804842e-06
5.15059013979071967 -1.36423861340450417e-06
5.20209604118861968 -1.19577245137499839e-06
5.25411700160050987 -1.03774193253044432e-06
5.30665817161650999 -8.89837676044935753e-07
5.35972475333267973 -7.51734927469487706e-07
5.41332200086601034 -6.23096425362698095e-07
5.46745522087466984 -5.03575069457116491e-07
5.52212977308341024 -3.92816395827715665e-07
5.57735107081424974 -2.90460864607937707e-07
5.63312458152238982 -1.96145965925715023e-07
5.68945582733762034 -1.09508149892113816e-07
5.74635038561098987 -3.01845866596890412e-08
5.80381388946709986 4.21852372373949956e-08
5.86185202836176966 1.0795807984951281e-07
5.92047054864539035 1.67485655479351656e-07
5.97967525413184031 2.21113490265476438e-07
6.03947200667315975 2.69179914735139191e-07
6.09986672673989982 3.12015186243480115e-07
6.16086539400729016 3.49940734110233276e-07
6.22247404794736969 3.83268520192234493e-07
6.28469878842683993 4.12300507593329525e-07
6.34754577631110983 4.37328230215422552e-07
6.41102123407422031 4.58632455894840423e-07
6.4751314464149603 4.76482935948784363e-07
6.53988276087911036 4.91138234075394444e-07
6.60528158848790969 5.02845627707342813e-07
6.67133440437277958 5.11841075110443294e-07
6.73804774841651 5.18349241743081231e-07
6.80542822590068042 5.22583579646028982e-07
6.87348250815967976 5.24746453912156104e-07
6.94221733324128021 5.25029310587431717e-07
7.01163950657369028 5.23612880674679934e-07
7.08175590163943003 5.20667415245383548e-07
7.15257346065581956 5.16352947008149024e-07
7.22409919526238031 5.10819574031077646e-07
7.29634018721501043 5.04207761665028613e-07
7.36930358908715988 4.96648659061683953e-07
7.44299662497803016 4.88264427020734702e-07
7.51742659122781021 4.79168574231008262e-07
7.59260085714008959 4.69466299287933289e-07
7.66852686571149 4.59254836171681991e-07
7.74521213436860023 4.486238011545351e-07
7.82266425571229007 4.37655539370545078e-07
7.90089089826941038 4.26425469524229713e-07
7.97989980725211012 4.15002425436781545e-07
8.05969880532462923 4.03448993327800245e-07
8.14029579337787013 3.91821843907642852e-07
8.22169875131164929 3.80172058510641167e-07
8.30391573882477019 3.68545448633233685e-07
8.38695489621301959 3.56982868354593759e-07
8.47082444517515043 3.4552051921189182e-07
8.55553268962690083 3.34190247179485169e-07
8.64108801652317027 3.23019831462728394e-07
8.72749889668840062 3.12033264864735516e-07
8.81477388565529019 3.01251025520155349e-07
8.90292162451184055 2.90690339815920345e-07
8.99195084075696016 2.80365436336950265e-07
9.08187034916453051 2.70287790686947159e-07
9.1726890526561693 2.60466361042469634e-07
9.26441594318274042 2.50907814304276019e-07
9.35706010261455923 2.41616742714987819e-07
9.45063070364071045 2.32595870817781331e-07
9.54513701067712006 2.23846252638468705e-07
9.6405883807838908 2.153674589836129e-07
9.73699426459172912 2.07157754761331307e-07
9.83436420723763938 1.99214266249393034e-07
9.93270784931002026 1.9153313825755471e-07
10.0320349278030996 1.8410968115780333e-07
10.1323552770811993 1.76938507787095472e-07
10.2336788298519998 1.70013660262117827e-07
10.3360156181504994 1.63328726783661573e-07
10.4393757743319995 1.56876948549415089e-07
10.5437695320753004 1.50651316936746096e-07
10.6492072273961007 1.44644661161218742e-07
10.7556992996700007 1.38849726660972884e-07
10.8632562926666996 1.33259244500612725e-07
10.9718888555934004 1.27865992130531601e-07
11.0816077441493004 1.22662845876965382e-07
11.1924238215908005 1.17642825574520866e-07
11.3043480598066992 1.12799131785204428e-07
11.4173915404048003 1.08125176075521603e-07
11.5315654558087992 1.03614604845789143e-07
11.6468811103669001 9.92613172226022468e-08
11.7633499214705992 9.50594775366212737e-08
11.8809834206853004 9.10035229129007822e-08
11.9997932548922002 8.70881665003589572e-08
12.1197911874411002 8.33083968605364402e-08
12.2409890993155006 7.96594740238301315e-08
12.3633989903085997 7.61369227045257787e-08
12.4870329802116995 7.27365231443170913e-08
12.6119033100137994 6.94543000285391977e-08
12.7380223431140003 6.62865098903384684e-08
12.8654025665451002 6.32296273864567718e-08
12.9940565922105993 6.02803307945583037e-08
13.1239971581327008 5.74354870471822341e-08
13.2552371297140006 5.46921365816798667e-08
13.3877895010112002 5.20474782500253222e-08
13.5216673960213001 4.94988544973823112e-08
13.6568840699814995 4.70437369845252372e-08
13.7934529106812995 4.46797127971445409e-08
13.9313874397881001 4.24044713549498332e-08
14.0707013141859996 4.02157921058345772e-08
14.2114083273277991 3.81115330653004937e-08
14.3535224106010997 3.60896202390438933e-08
14.4970576347070992 3.4148037947208792e-08
14.6420282110541997 3.22848200521842934e-08
14.7884484931648004 3.0498042078087709e-08
14.9363329780964005 2.8785814198899576e-08
15.0856963078774005 2.71462750635784406e-08
15.2365532709560991 2.55775864201048858e-08
15.3889188036656996 2.40779284959733387e-08
15.5428079917024 2.26454960900663578e-08
15.6982360716193998 2.12784953296021978e-08
15.8552184323355991 1.99751410458892081e-08
16.0137706166588991 1.87336547235190328e-08
16.1739083228255005 1.75522629791920219e-08
16.3356474060537984 1.64291965283908793e-08
16.4990038801143015 1.53626896003207843e-08
16.6639939189155015 1.43509797638213939e-08
16.8306338581046013 1.33923081291468875e-08
16.9989401966857017 1.24849198924751461e-08
17.1689295986525003 1.16270651917579854e-08
17.3406188946390003 1.08170002438883358e-08
17.5140250835853983 1.00529887342680418e-08
17.6891653344213005 9.3333034305859948e-09
17.8660569877655 8.65622799309688309e-09
18.0447175576431 8.02005895390930168e-09
18.2251647332196001 7.42310783784345444e-09
18.4074163805518012 6.86370339735398326e-09
18.5914905443572991 6.34019393390540601e-09
18.7774054498008987 5.85094967813139379e-09
18.9651795042988986 5.39436520113257732e-09
19.1548312993419003 4.96886182946463778e-09
19.3463796123353013 4.57289003678061273e-09
19.5398434084586015 4.20493178574859294e-09
19.7352418425431999 3.86350279481360011e-09
19.932594260968699 3.54715470561221154e-09
20.1319202035783 3.25447712838743616e-09
20.3332394056141013 2.98409954458043869e-09
20.5365717996702983 2.73469304787647096e-09
20.7419375176670009 2.50497190730862924e-09
20.9493568928435998 2.29369493855956531e-09
21.1588504617721007 2.09966667228045206e-09
21.3704389663897985 1.92173831103021017e-09
21.5841433560537013 1.75880846926564007e-09
21.7999847896142001 1.60982369364263213e-09
22.0179846375103985 1.47377876365110337e-09
22.2381644838855017 1.34971677526921893e-09
22.4605461287242996 1.23672901282668632e-09
22.6851515900115999 1.13395461658316494e-09
22.9120031059117011 1.04058005561449808e-09
23.1411231369708013 9.55838417433168472e-10
23.3725343683404994 8.79008527332403337e-10
23.6062597120238991 8.09413911717632834e-10
23.8423223091442011 7.46421620674898288e-10
24.0807455322355999 6.89440925721503776e-10
24.3215529875580003 6.37921909097990804e-10
24.564768517433599 5.91353961107209778e-10
24.8104162026079003 5.49264201900654272e-10
25.0585203646339991 5.11215843780246725e-10
25.3091055682803017 4.76806509547100514e-10
25.5621966239631 4.45666521716013819e-10
25.8178185902027018 4.17457176554439258e-10
26.0759967761048017 3.91869015924712309e-10
26.3367567438657986 3.68620108838764709e-10
26.6001243113045014 3.47454353501358097e-10
26.8661255544175006 3.28139809448849969e-10
27.1347868099616996 3.10467068207759441e-10
27.4061346780612993 2.94247669724878543e-10
27.6801960248419014 2.79312570675425295e-10
27.9569979850903003 2.65510669655834583e-10
28.2365679649412016 2.52707393225529075e-10
28.5189336445906996 2.40783345788848837e-10
28.8041229810365991 2.2963302541184208e-10
29.0921642108468994 2.19163606854261985e-10
29.3830858529554 2.09293792368032765e-10
29.6769167114849992 1.99952730170144594e-10
29.9736858785997988 1.9107899993957357e-10
30.2734227373858005 1.82619664211714886e-10
30.5761569647597007 1.74529384145828915e-10
30.8819185344073013 1.66769597816070106e-10
31.1907377197513007 1.59307758919110831e-10
31.5026450969488003 1.52116633594631969e-10
31.8176715479183017 1.45173652912477373e-10
32.1358482633974987 1.38460318485214811e-10
32.4572067460315026 1.31961658610701517e-10
32.7817788134917976 1.2566573232946036e-10
33.1095966016266985 1.19563178790277692e-10
33.4406925676429978 1.13646809348876894e-10
33.7750994933194022 1.0791123987370853e-10
34.1128504882525974 1.0235256079542107e-10
34.4539789931351024 9.69680425085958088e-11
34.7985187830664984 9.17558738124942314e-11
35.1465039708972 8.67149311593472332e-11
35.4979690106060985 8.1844576561845891e-11
35.8529487007121972 7.71444820944963575e-11
36.211478187719301 7.26144790051663528e-11
36.573592969596497 6.82544295326945445e-11
36.939328899292498 6.40641196036343437e-11
37.308722188285401 6.00431706557325168e-11
37.6818094101682988 5.61909689078974186e-11
38.0586275042699 5.2506610466410599e-11
38.439213779312702 4.89888607253355746e-11
38.8236059171058017 4.56361265860844668e-11
39.2118419762768013 4.24464400871925003e-11
39.6039603960395965 3.94174521012600003e-11
40 3.65464348219173097e-11
