-40 -0.00136995826414565
-39.6039603960396 -0.00138361715911692
-39.2118419762768 -0.00139741184143473
-38.8236059171058 -0.00141134368677871
-38.4392137793127 -0.00142541405165355
-38.0586275042699 -0.00143962430644302
-37.6818094101683 -0.00145397583512531
-37.3087221882854 -0.00146847003531874
-36.9393288992925 -0.0014831083182438
-36.5735929695965 -0.00149789210940683
-36.2114781877193 -0.00151282284789601
-35.8529487007122 -0.00152790198706911
-35.4979690106061 -0.00154313099454157
-35.1465039708972 -0.00155851135234591
-34.7985187830665 -0.00157404455705024
-34.4539789931351 -0.00158973211990995
-34.1128504882526 -0.00160557556700953
-33.7750994933194 -0.00162157643939943
-33.440692567643 -0.00163773629325835
-33.1095966016267 -0.00165405670002176
-32.7817788134918 -0.00167053924654093
-32.4572067460315 -0.00168718553523048
-32.1358482633975 -0.00170399718422079
-31.8176715479183 -0.00172097582750573
-31.5026450969488 -0.00173812311510938
-31.1907377197513 -0.0017554407132283
-30.8819185344073 -0.00177293030439703
-30.5761569647597 -0.0017905935876453
-30.2734227373858 -0.00180843227865884
-29.9736858785998 -0.00182644810993923
-29.676916711485 -0.00184464283097912
-29.3830858529554 -0.00186301820840668
-29.0921642108469 -0.00188157602617269
-28.8041229810366 -0.00190031808571014
-28.5189336445907 -0.00191924620610641
-28.2365679649412 -0.00193836222427551
-27.9569979850903 -0.00195766799512604
-27.6801960248419 -0.00197716539177182
-27.4061346780613 -0.00199685630563278
-27.1347868099617 -0.0020167426466975
-26.8661255544175 -0.00203682634365864
-26.6001243113045 -0.00205710934410641
-26.3367567438658 -0.00207759361471317
-26.0759967761048 -0.0020982811414205
-25.8178185902027 -0.00211917392962193
-25.5621966239631 -0.00214027400437111
-25.3091055682803 -0.00216158341054898
-25.058520364634 -0.00218310421307635
-24.8104162026079 -0.00220483849710403
-24.5647685174336 -0.00222678836821193
-24.321552987558 -0.00224895595261131
-24.0807455322356 -0.00227134339730259
-23.8423223091442 -0.00229395287045013
-23.6062597120239 -0.00231678656130351
-23.3725343683405 -0.00233984668064859
-23.1411231369708 -0.00236313546091797
-22.9120031059117 -0.00238665515641825
-22.6851515900116 -0.00241040804354449
-22.4605461287243 -0.00243439642101102
-22.2381644838855 -0.0024586226100328
-22.0179846375104 -0.0024830889545991
-21.7999847896142 -0.00250779782166199
-21.5841433560537 -0.00253275160137341
-21.3704389663898 -0.00255795270725454
-21.1588504617721 -0.00258340357675574
-20.9493568928436 -0.0026091066707867
-20.741937517667 -0.00263506447470112
-20.5365717996703 -0.00266127949809368
-20.3332394056141 -0.00268775427534818
-20.1319202035783 -0.00271449136540775
-19.9325942609687 -0.00274149335256118
-19.7352418425432 -0.00276876284631133
-19.5398434084586 -0.00279630248193007
-19.3463796123353 -0.0028241149202422
-19.1548312993419 -0.0028522028486687
-18.9651795042989 -0.00288056898049026
-18.7774054498009 -0.00290921605594642
-18.5914905443573 -0.00293814684214977
-18.4074163805518 -0.00296736413326369
-18.2251647332196 -0.00299687075103007
-18.0447175576431 -0.00302666954487737
-17.8660569877655 -0.00305676339216189
-17.6891653344213 -0.00308715519875232
-17.5140250835854 -0.00311784789884498
-17.340618894639 -0.00314884445562296
-17.1689295986525 -0.00318014786141635
-16.9989401966857 -0.00321176113780974
-16.8306338581046 -0.00324368733678103
-16.6639939189155 -0.00327592953953455
-16.4990038801143 -0.00330849085811265
-16.3356474060538 -0.00334137443513817
-16.1739083228255 -0.00337458344422625
-16.0137706166589 -0.00340812109002316
-15.8552184323356 -0.00344199060970391
-15.6982360716194 -0.00347619527125319
-15.5428079917024 -0.00351073837548176
-15.3889188036657 -0.00354562325581926
-15.2365532709561 -0.00358085327859212
-15.0856963078774 -0.00361643184342741
-14.9363329780964 -0.00365236238345736
-14.7884484931648 -0.00368864836611911
-14.6420282110542 -0.00372529329284423
-14.4970576347071 -0.00376230069991393
-14.3535224106011 -0.00379967415864417
-14.2114083273278 -0.0038374172757723
-14.070701314186 -0.00387553369384763
-13.9313874397881 -0.00391402709108664
-13.7934529106813 -0.00395290118380198
-13.6568840699815 -0.00399215972328144
-13.5216673960213 -0.0040318064992154
-13.3877895010112 -0.00407184533880739
-13.255237129714 -0.00411228010729336
-13.1239971581327 -0.00415311470858383
-12.9940565922106 -0.00419435308502714
-12.8654025665451 -0.00423599922002165
-12.738022343114 -0.00427805713382912
-12.6119033100138 -0.00432053088914061
-12.4870329802117 -0.00436342458857636
-12.3633989903086 -0.00440674237584333
-12.2409890993155 -0.00445048843615626
-12.1197911874411 -0.00449466699664841
-11.9997932548922 -0.00453928232719728
-11.8809834206853 -0.00458433873986741
-11.7633499214706 -0.0046298405907388
-11.6468811103669 -0.0046757922794742
-11.5315654558088 -0.00472219825008967
-11.4173915404048 -0.00476906299142207
-11.3043480598067 -0.00481639103775634
-11.1924238215908 -0.00486418696897145
-11.0816077441493 -0.00491245541163285
-10.9718888555934 -0.00496120103888027
-10.8632562926667 -0.0050104285709798
-10.75569929967 -0.00506014277781586
-10.6492072273961 -0.00511034847566936
-10.5437695320753 -0.00516105053201107
-10.439375774332 -0.00521225386204216
-10.3360156181505 -0.0052639634323944
-10.233678829852 -0.0053161842601931
-10.1323552770812 -0.00536892141454023
-10.0320349278031 -0.00542218001597677
-9.93270784931002 -0.00547596523829788
-9.834364207237639 -0.00553028230838336
-9.736994264591729 -0.00558513650728559
-9.640588380783891 -0.00564053317074526
-9.54513701067712 -0.005696477689805
-9.45063070364071 -0.00575297551165976
-9.357060102614559 -0.00581003214037902
-9.26441594318274 -0.00586765313684564
-9.172689052656169 -0.00592584412118457
-9.081870349164531 -0.00598461077175606
-8.99195084075696 -0.0060439588268806
-8.902921624511841 -0.00610389408486971
-8.81477388565529 -0.0061644224062019
-8.727498896688401 -0.00622554971262145
-8.64108801652317 -0.00628728198900897
-8.555532689626901 -0.0063496252839182
-8.47082444517515 -0.00641258571046169
-8.38695489621302 -0.00647616944843595
-8.30391573882477 -0.00654038274004053
-8.221698751311649 -0.00660523189854122
-8.14029579337787 -0.00667072330403502
-8.059698805324629 -0.00673686340565976
-7.97989980725211 -0.00680365872274129
-7.90089089826941 -0.00687111584523104
-7.82266425571229 -0.00693924143548708
-7.7452121343686 -0.00700804222875795
-7.66852686571149 -0.00707752503443092
-7.59260085714009 -0.00714769673712788
-7.51742659122781 -0.00721856429780967
-7.44299662497803 -0.00729013475362469
-7.36930358908716 -0.00736241522363254
-7.29634018721501 -0.00743541290344651
-7.22409919526238 -0.00750913507104014
-7.15257346065582 -0.00758358908661771
-7.08175590163943 -0.00765878239400965
-7.01163950657369 -0.00773472252210536
-6.94221733324128 -0.00781141708541471
-6.87348250815968 -0.00788887378783161
-6.80542822590068 -0.00796710042126317
-6.73804774841651 -0.00804610486798126
-6.67133440437278 -0.0081258951034626
-6.60528158848791 -0.00820647919671418
-6.53988276087911 -0.00828786531217264
-6.47513144641496 -0.00837006171270198
-6.41102123407422 -0.00845307676210597
-6.34754577631111 -0.00853691891309173
-6.28469878842684 -0.00862159673469721
-6.22247404794737 -0.00870711889559917
-6.16086539400729 -0.00879349417107826
-6.0998667267399 -0.00888073144502903
-6.03947200667316 -0.00896883971148487
-5.97967525413184 -0.00905782808017291
-5.92047054864539 -0.00914770577154405
-5.86185202836177 -0.00923848212683866
-5.8038138894671 -0.00933016660636762
-5.74635038561099 -0.00942276879294009
-5.68945582733762 -0.00951629839440843
-5.63312458152239 -0.00961076524725145
-5.57735107081425 -0.00970617907265158
-5.52212977308341 -0.00980255045514572
-5.46745522087467 -0.00989988903864228
-5.41332200086601 -0.00999820589637529
-5.35972475333268 -0.0100975111859651
-5.30665817161651 -0.0101978156008637
-5.25411700160051 -0.0102991299339847
-5.20209604118862 -0.0104014651548144
-5.15059013979072 -0.0105048323840877
-5.09959419781259 -0.0106092428969356
-5.04910316615108 -0.0107147081521674
-4.99911204569414 -0.0108212397479363
-4.94961588682588 -0.0109288494822609
-4.90060978893651 -0.0110375493204503
-4.85208889993714 -0.0111473513750624
-4.80404841577935 -0.0112582679924001
-4.75648357997955 -0.0113703116730902
-4.70938968314807 -0.0114834951350108
-4.66276206252284 -0.0115978316925242
-4.61659610150777 -0.011713332868709
-4.57088722921561 -0.0118300138727298
-4.52563092001545 -0.0119478874964987
-4.48082269308461 -0.0120669674751543
-4.43645811196496 -0.0121872677610487
-4.39253278412372 -0.0123088025868605
-4.34904236051854 -0.0124315863501897
-4.30598253516687 -0.0125556339185983
-4.26334904471967 -0.0126809593949783
-4.22113766803928 -0.0128075790294646
-4.17934422578146 -0.0129355076157578
-4.13796457998165 -0.0130647612511787
-4.09699463364519 -0.0131953552286181
-4.05643033034178 -0.0133273063670332
-4.01626765380374 -0.0134606303736816
-3.97650262752845 -0.0135953449690628
-3.93713131438461 -0.0137314667529995
-3.89814981622238 -0.0138690130252955
-3.85955427348751 -0.0140080015242444
-3.82134086483912 -0.0141484501082485
-3.7835058067714 -0.0142903771046224
-3.74604535323901 -0.0144338016566389
-3.70895579528615 -0.0145787416969841
-3.67223346067936 -0.0147252165914668
-3.63587471354392 -0.0148732468838022
-3.59987595400388 -0.0150228511048008
-3.56423361782562 -0.0151740505649859
-3.52894417606497 -0.0153268656972305
-3.4940041347178 -0.0154813171062218
-3.45941003437406 -0.0156374278421049
-3.4251584498753 -0.0157952164213913
-3.39124598997555 -0.0159547064451142
-3.35766929700549 -0.0161159203350303
-3.32442504654009 -0.0162788793293015
-3.2915099470694 -0.016443609479731
-3.25892073967267 -0.0166101329947011
-3.22665419769571 -0.0167784738868289
-3.1947071264314 -0.0169486569280626
-3.16307636280337 -0.0171207042701883
-3.13175877505284 -0.0172946439997527
-3.10075126242855 -0.017470500282926
-3.07005075487975 -0.0176482987143342
-3.03965421275223 -0.0178280670199384
-3.00955862648736 -0.0180098284764494
-2.97976101632412 -0.0181936142129312
-2.95025843200408 -0.0183794473398827
-2.92104795247928 -0.018567358723862
-2.89212668562305 -0.018757375566346
-2.86349176794362 -0.0189495254575324
-2.83514036430061 -0.0191438387570638
-2.80706966762437 -0.0193403430184887
-2.77927689863799 -0.0195390698169101
-2.75175930558217 -0.0197400448254443
-2.72451416394274 -0.0199433028904067
-2.69753877618093 -0.0201488712768021
-2.67083047146627 -0.0203567828648665
-2.64438660541214 -0.0205670693441211
-2.618204559814 -0.0207797579261027
-2.5922817423901 -0.0209948834540601
-2.56661558652486 -0.0212124796743587
-2.54120355101471 -0.0214325740985067
-2.51604311981654 -0.0216552039088692
-2.49113180179856 -0.0218803973722729
-2.46646713049362 -0.022108190328785
-2.44204666385507 -0.0223386168482095
-2.41786798401492 -0.0225717061988609
-2.39392869704448 -0.0228074976736521
-2.3702264327173 -0.0230460192236153
-2.34675884427456 -0.0232873091105997
-2.32352360819263 -0.0235314056242497
-2.3005184239531 -0.0237783294673322
-2.27774101381495 -0.0240281280473783
-2.25518912258906 -0.0242808318041189
-2.23286051741491 -0.0245364782620619
-2.21075298753952 -0.0247950996416684
-2.18886434409853 -0.0250567362102674
-2.16719241989954 -0.0253214170225128
-2.14573506920746 -0.0255891822730162
-2.12449016753214 -0.0258600673421231
-2.10345561141796 -0.0261341086792975
-2.0826293182356 -0.0264113475808459
-2.06200922597584 -0.0266918074035249
-2.04159329304539 -0.0269755395823647
-2.02137949806474 -0.0272625776601697
-2.00136583966806 -0.0275529580404051
-1.98155033630501 -0.0278467208929855
-1.96193102604457 -0.0281439024647822
-1.94250596638076 -0.0284445375075986
-1.92327323404036 -0.0287486746883658
-1.90423092479243 -0.0290563452619204
-1.88537715325983 -0.0293675914280371
-1.86671005273251 -0.0296824524089055
-1.84822777498268 -0.030000964794815
-1.82992849008186 -0.0303231732729006
-1.81181038621967 -0.0306491146973645
-1.79387166952442 -0.0309788304756246
-1.77611056388557 -0.0313123588513049
-1.75852531077779 -0.0316497398299611
-1.74111416908692 -0.0319910132037277
-1.72387541493754 -0.0323362175503905
-1.70680734152232 -0.0326853914676498
-1.68990825893299 -0.0330385737012713
-1.67317649399306 -0.0333957970234649
-1.65661039009214 -0.0337571056604702
-1.64020830702192 -0.0341225273649037
-1.62396862081378 -0.0344920980261499
-1.607889723578 -0.0348658487404126
-1.59197002334456 -0.0352438096671552
-1.5762079439055 -0.0356260158108176
-1.56060192465891 -0.0360124692611432
-1.54515042045437 -0.036403215695739
-1.52985190143997 -0.0367982699693748
-1.51470485291086 -0.0371976306670493
-1.49970777515927 -0.0376013294290326
-1.48485918332601 -0.0380093658119226
-1.47015760725347 -0.0384217352971022
-1.45560159134007 -0.0388384486123336
-1.44118969439611 -0.039259493080623
-1.4269204895011 -0.0396848402259124
-1.41279256386247 -0.040114485403231
-1.39880451867572 -0.0405483826652542
-1.38495496898586 -0.040986629750142
-1.37124254355036 -0.0414288503693266
-1.36445421412684 -0.0416510628191231
-1.35766588470332 -0.04187532142362
-1.35094476646222 -0.0420995304038226
-1.34422364822111 -0.0423258571115664
-1.33756907570517 -0.0425520648784895
-1.33091450318922 -0.0427803907628209
-1.32432581752987 -0.0430085641785517
-1.31773713187051 -0.0432388463077622
-1.31121368072264 -0.0434689429008767
-1.30469022957477 -0.0437011383638477
-1.29823136705212 -0.043933104110846
-1.29177250452947 -0.0441671904905987
-1.28537759114071 -0.0444009506594633
-1.28218013444633 -0.0445186250933865
-1.27898267775195 -0.0446368106235417
-1.27581687904464 -0.0447543319370849
-1.27265108033733 -0.0448723714254218
-1.26948528163003 -0.0449909124838982
-1.26631948292272 -0.0451099590676835
-1.26318502875707 -0.0452283424597866
-1.26005057459142 -0.0453472325439824
-1.25691612042577 -0.0454666072208667
-1.25534889334295 -0.0455264856266571
-1.25378166626012 -0.0455864960875905
-1.25067824629413 -0.0457056827862024
-1.24757482632814 -0.0458253878710115
-1.24447140636215 -0.045945552722822
-1.24136798639616 -0.0460662576917073
-1.23522260032489 -0.0463066604650679
-1.22907721425363 -0.0465490965575881
-1.22299267358901 -0.0467909556073271
-1.21690813292438 -0.0470348507886845
-1.20485953754889 -0.0475231463001271
-1.19293023519692 -0.0480143299074645
-1.18111904474943 -0.0485076771609883
-1.16942479678161 -0.0490031859380426
-1.15784633344714 -0.0495006086604484
-1.14638250836351 -0.0499997177875243
-1.13503218649852 -0.0505002694132307
-1.12379424405794 -0.0510020237575781
-1.1126675683742 -0.0515047118110704
-1.10165105779624 -0.0520080717599601
-1.09074362158043 -0.0525118292817527
-1.07994417978261 -0.0530157045887087
-1.0692516631511 -0.0535194131392817
-1.05866501302089 -0.0540226662118883
-1.0481831812088 -0.0545251659305764
-1.0378051299097 -0.0550266221214339
-1.02752983159376 -0.0555267361413954
-1.01735626890472 -0.0560252119063769
-1.00728343455913 -0.0565217564666707
-0.997310331246659 -0.057016072272542
-0.987435971531345 -0.0575078795416203
-0.977659377753807 -0.057996891126642
-0.967979581934463 -0.0584828299393748
-0.958395625677686 -0.0589654286951592
-0.948906560076917 -0.0594444045189535
-0.93951144562071 -0.0599197453255927
-0.930209352099712 -0.0603906390764521
-0.92560435530714 -0.0606240720620725
-0.920999358514567 -0.0608574307756885
-0.916439955749644 -0.0610885717637858
-0.91188055298472 -0.0613196991957392
-0.907366292821429 -0.0615485090302194
-0.902852032658138 -0.0617772503845394
-0.898382468140029 -0.0620036847594453
-0.893912903621919 -0.0622299203106336
-0.891700247919885 -0.0623419072431742
-0.88948759221785 -0.0624538216259706
-0.887274936515815 -0.0625657112690033
-0.885062280813781 -0.0626775562163811
-0.882871532593945 -0.0627882436990845
-0.880680784374109 -0.0628988836187855
-0.878490036154273 -0.0630094685667987
-0.876299287934437 -0.0631200002179434
-0.874130230291035 -0.063229364004199
-0.871961172647633 -0.0633386964905496
-0.867623057360828 -0.0635570976847523
-0.863327893710527 -0.0637731374112279
-0.859032730060226 -0.0639888497990397
-0.8547800927827 -0.0642020750779351
-0.8505274555051739 -0.0644150715075768
-0.842106391589282 -0.06483559584989
-0.833768704543843 -0.0652507339014865
-0.82551356885529 -0.0656600957075283
-0.817340167183456 -0.0660638174498855
-0.809247690280649 -0.0664618993834168
-0.801235336911534 -0.0668543685620939
-0.793302313773796 -0.0672412773420119
-0.7854478354195999 -0.0676226917747313
-0.777671124177822 -0.0679986984204955
-0.7699714100770511 -0.0683693908406959
-0.762347930769357 -0.0687348614757025
-0.7547999314548089 -0.0690953134688324
-0.747326664806742 -0.0694508915780126
-0.739927390897764 -0.0698016789350805
-0.732601377126499 -0.0701478927555463
-0.725347898145049 -0.0704897121801717
-0.718166235787177 -0.0708273337718805
-0.711055678997205 -0.071160949217427
-0.704015523759609 -0.0714908130619673
-0.697045073029316 -0.0718170574917054
-0.690143636662689 -0.0721399861420768
-0.6833105313491969 -0.0724597819851012
-0.6765450805437589 -0.0727767067194063
-0.669846614399762 -0.0730909569166344
-0.663214469702734 -0.0734028370389531
-0.656647989804688 -0.0737125207586979
-0.650146524559097 -0.0740202705446238
-0.643709430256531 -0.0743263441556236
-0.637336069560922 -0.0746309451674919
-0.631025811446457 -0.0749343205240438
-0.624778031135106 -0.075236709536664
-0.618592110034759 -0.0755383402921122
-0.612467435677979 -0.0758394409121452
-0.606403401661365 -0.0761402227102426
-0.60039940758551 -0.0764409129784565
-0.5944548589955549 -0.076741731791352
-0.588569167322331 -0.0770428828172188
-0.582741749824091 -0.0773445584842398
-0.576972029528803 -0.0776469600996394
-0.571259435177032 -0.0779502932650135
-0.565603401165378 -0.0782547259610389
-0.560003367490474 -0.0785604478242262
-0.554458779693538 -0.0788676169944115
-0.548969088805484 -0.0791764087332926
-0.543533751292558 -0.079486975148785
-0.538152229002533 -0.0797994733456428
-0.532823989111418 -0.0801140411396461
-0.527548504070711 -0.0804308426429129
-0.52232525155516 -0.0807499409420586
-0.517153714411049 -0.0810715137791664
-0.512033380604999 -0.0813956530274148
-0.506963743173267 -0.0817224876746904
-0.501944300171551 -0.0820520933561542
-0.496974554625298 -0.0823845675632855
-0.492054014480493 -0.0827199745165681
-0.487182192554944 -0.0830584472259593
-0.482358606490043 -0.0834000050235086
-0.477582778703013 -0.0837447393882755
-0.472854236339617 -0.0840926665710575
-0.468172511227344 -0.0844438672299034
-0.463537139829053 -0.0847983742686775
-0.458947663197082 -0.0851562247464913
-0.454403626927804 -0.0855174204642484
-0.449904581116638 -0.0858820418301417
-0.445450080313503 -0.0862500666349707
-0.441039683478716 -0.0866215057425836
-0.436672953939322 -0.0869963743420968
-0.432349459345864 -0.0873746749556153
-0.428068771629568 -0.0877564078697581
-0.423830466959968 -0.0881415608662146
-0.419634125702939 -0.0885301355762136
-0.415479332379147 -0.0889221069596484
-0.411365675622918 -0.0893174796613321
-0.407292748141503 -0.089716224629687
-0.403260146674756 -0.0901183319945949
-0.399267471955204 -0.0905237754411244
-0.395314328668518 -0.0909325458043524
-0.391400325414375 -0.0913446252603675
-0.387525074667698 -0.0917599942817349
-0.383688192740295 -0.0921786316528191
-0.379889299742866 -0.092600530865702
-0.376128019547392 -0.0930256710908389
-0.372403979749893 -0.093454049205244
-0.368716811633558 -0.0938856476479904
-0.365066150132235 -0.0943204700478302
-0.361451633794292 -0.0947585072356375
-0.357872904746824 -0.095199755394528
-0.354329608660222 -0.0956442214730756
-0.350821394713091 -0.0960919193776063
-0.347347915557516 -0.0965428573971152
-0.343908827284669 -0.0969970419243814
-0.340503789390762 -0.0974545052790781
-0.337132464743328 -0.097915254583133
-0.33379451954785 -0.0983793300723419
-0.330489623314703 -0.0988467525537974
-0.327217448826438 -0.0993175622582855
-0.323977672105385 -0.0997917897244422
-0.320769972381569 -0.100269487461258
-0.317594032060959 -0.100750688924452
-0.314449536694019 -0.101235443718158
-0.311336174944573 -0.101723803854415
-0.308253638558984 -0.10221582178135
-0.305201622335627 -0.102711551915069
-0.30217982409468 -0.103211041883302
-0.299187944648198 -0.103714361746921
-0.296225687770494 -0.104221572922673
-0.293292760168805 -0.104732715024141
-0.290388871454263 -0.10524787695399
-0.287513734113132 -0.105767100430423
-0.284667063478348 -0.106290451024414
-0.281848577701335 -0.106817992793603
-0.279057997724094 -0.107349774875284
-0.276295047251578 -0.107885866889079
-0.273559452724335 -0.108426327734031
-0.27085094329142 -0.108971199282085
-0.268169250783585 -0.109520551507553
-0.265514109686717 -0.110074428424836
-0.262885257115562 -0.110632881768332
-0.260282432787685 -0.111195958351067
-0.257705378997708 -0.111763710653595
-0.25515384059179 -0.112336167329062
-0.252627564942366 -0.112913378006305
-0.250126301923135 -0.113495379166576
-0.247649803884292 -0.114082206139155
-0.245197825628012 -0.114673887174181
-0.24277012438417 -0.115270454365585
-0.240366459786307 -0.115871934384536
-0.237986593847829 -0.116478353167715
-0.235630290938444 -0.117089728466373
-0.233297317760836 -0.117706081537763
-0.23098744332756 -0.118327433767119
-0.228700438938179 -0.118953798496734
-0.226436078156613 -0.119585194150577
-0.224194136788725 -0.120221629706802
-0.221974392860124 -0.120863122854514
-0.219776626594182 -0.121509684874262
-0.217600620390279 -0.122161330313241
-0.215446158802257 -0.12281807210163
-0.213313028517086 -0.123479931183395
-0.211201018333748 -0.124146924418359
-0.209109919142325 -0.124819081544264
-0.207039523903292 -0.125496444375805
-0.204989627627022 -0.126179105491013
-0.202960027353487 -0.12686692283142
-0.200950522132166 -0.127562516306046
-0.198960913002144 -0.128264250993131
-0.19699100297242 -0.12896426394415
-0.195040597002396 -0.129671442733295
-0.19310950198257 -0.130384040071154
-0.191197526715416 -0.131102043688207
-0.189304481896452 -0.131825418946313
-0.187430180095497 -0.132554162558829
-0.185574435738115 -0.133288304000435
-0.183737065087243 -0.134027857884096
-0.181917886224993 -0.134772865040675
-0.180116719034647 -0.135523359142043
-0.178333385182818 -0.136279385423351
-0.1765677081018 -0.13704098746902
-0.17481951297208 -0.137808221526004
-0.173088626705029 -0.13858113808436
-0.171374877925772 -0.139359790653141
-0.169678096956209 -0.140144241231066
-0.167998115798227 -0.140934549860042
-0.166334768117057 -0.141730784919675
-0.164687889224809 -0.142533009406513
-0.163057316064167 -0.143341293232653
-0.161442887192244 -0.1441557078742
-0.159844442764598 -0.144976313061249
-0.158261824519404 -0.145803218472979
-0.156694875761787 -0.146636463818627
-0.155143441348303 -0.147476139012832
-0.153607367671588 -0.148322309351026
-0.152086502645136 -0.149175073956073
-0.150580695688254 -0.150034485171659
-0.149089797711142 -0.150900614406262
-0.147613661100141 -0.151773591404566
-0.14615213970311 -0.152653438664015
-0.14470508881496 -0.153540249038582
-0.143272365163327 -0.154434107323087
-0.141853826894383 -0.155335053885534
-0.140449333558795 -0.15624319479295
-0.139058746097817 -0.157158591287082
-0.137681926829522 -0.158081299852827
-0.13631873943517 -0.159011402690436
-0.134969048945713 -0.159948945190367
-0.133632721728429 -0.160893997723648
-0.132309625473692 -0.161846628058842
-0.130999629181873 -0.162806875744226
-0.129702603150369 -0.163774836202373
-0.128418418960762 -0.16475043444049
-0.127146949466101 -0.1657339029703
-0.125888068778317 -0.166725166040003
-0.12464165225576 -0.167724293690401
-0.123407576490851 -0.16873133391002
-0.122185719297873 -0.169746311318274
-0.120975959700864 -0.170769262866343
-0.119778177921647 -0.17180022936678
-0.118592255367968 -0.172839239265772
-0.11741807462175 -0.173886315195123
-0.116255519427476 -0.174941478758538
-0.115104474680669 -0.176004760925184
-0.113964826416504 -0.177076176261522
-0.112836461798519 -0.178155744257289
-0.111719269107444 -0.179243487641866
-0.110613137730143 -0.180339421243812
-0.109517958148656 -0.181443558639022
-0.108433621929363 -0.182555918603021
-0.10736002171224 -0.18367652109922
-0.106297051200238 -0.184805337930716
-0.10524460514875 -0.185942433437637
-0.104202579355198 -0.187087797232322
-0.103170870648711 -0.18824144388427
-0.102149376879912 -0.189403385588302
-0.101137996910804 -0.190573636698435
-0.100136630604756 -0.191752214264916
-0.0991451788165905 -0.192939119753018
-0.0981635433827629 -0.19413438209543
-0.0971916271116464 -0.195338009179911
-0.0962293337739073 -0.196550020706337
-0.0952765680929776 -0.197770457132509
-0.0943332357356213 -0.198999339090281
-0.0933992433025954 -0.200236603056117
-0.0924744983194014 -0.201482363505207
-0.0915589092271301 -0.202736664086869
-0.09065238537339609 -0.203999441865555
-0.08975483700336249 -0.205270777317226
-0.0888661752508539 -0.206550698543239
-0.0879863121295584 -0.207839237760829
-0.0871151605243152 -0.209136414639579
-0.0862526341824903 -0.210442273598257
-0.085398647705436 -0.211756851415385
-0.0845531165400356 -0.213080212602492
-0.08371595697033229 -0.214412310333736
-0.08288708610923989 -0.21575325823203
-0.0820664218903365 -0.217103084675546
-0.0812538830597391 -0.218461810281257
-0.08044938916805849 -0.219829494221533
-0.0796528605624342 -0.221206158140214
-0.0788642183786477 -0.222591844747413
-0.07808338453331461 -0.223986636042774
-0.07731028171615301 -0.225390514436132
-0.0765448333823297 -0.226803529218313
-0.07578696374488091 -0.228225748058451
-0.07503659776720881 -0.229657175317404
-0.07429366115565229 -0.231097851293295
-0.073558080352131 -0.232547807936205
-0.0728297825268624 -0.234007078183796
-0.0721086955711509 -0.235475682373768
-0.0713947480902484 -0.236953644661811
-0.0706878693962855 -0.238440982588779
-0.0699879895012728 -0.239937713531769
-0.0692950391101711 -0.241443845840561
-0.0686089496140308 -0.242959391135115
-0.0679296530831988 -0.244484355562597
-0.06725708226059279 -0.246018733164509
-0.06659117055504241 -0.247562496650954
-0.0659318520346955 -0.249115673991745
-0.0652790614204906 -0.250678236591699
-0.0646327340796936 -0.252250149516663
-0.0639928060194986 -0.253831400922831
-0.0633592138806917 -0.255421955614598
-0.0627318949313779 -0.257021784862132
-0.0621107870607702 -0.258630846094843
-0.0614958287730398 -0.260249094365302
-0.0608869591812276 -0.261876503029219
-0.0602841180012154 -0.263512952383848
-0.0596872455457578 -0.265158450252433
-0.0590962827185721 -0.266812923280617
-0.0585111710084872 -0.268476294092679
-0.0579318524836507 -0.27014849607478
-0.0573582697857928 -0.271829460219292
-0.0567903661245473 -0.273519109707192
-0.056228085271829 -0.275217368478304
-0.0556713715562664 -0.276924164284887
-0.0551201698576895 -0.278639387639827
-0.0545744256016727 -0.280363016222207
-0.0540340847541314 -0.282094910295846
-0.0534990938159717 -0.283834999085312
-0.0529693998177938 -0.285583207209382
-0.0524449503146473 -0.28733944931558
-0.0519256933808389 -0.289103626557408
-0.051411577604791 -0.290875651092604
-0.0509025520839515 -0.292655466725493
-0.0503985664197539 -0.294442978417337
-0.0498995707126277 -0.296238069676682
-0.0494055155570571 -0.298040721253748
-0.0489163520366902 -0.299850825972842
-0.0484320317194952 -0.301668298498742
-0.0479525066529656 -0.303493051747161
-0.0474777293593719 -0.305325047958268
-0.0470076528310613 -0.307164196725278
-0.0465422305258032 -0.309010430449943
-0.0460814163621814 -0.310863666713196
-0.0456251647150311 -0.312723887290191
-0.0451734304109219 -0.314590985192146
-0.044726168723685 -0.316464909516721
-0.0442833353699852 -0.31834560554013
-0.0438448865049358 -0.320233007241804
-0.0434107787177582 -0.32212706542406
-0.0429809690274834 -0.324027711393915
-0.0425554148786964 -0.325934872920543
-0.0421340741373232 -0.327848553486423
-0.0417169050864586 -0.329768622670457
-0.0413038664222363 -0.331695068041842
-0.0408949172497389 -0.333627821960222
-0.0404900170789494 -0.335566825536007
-0.0400891258207419 -0.337512005166598
-0.0396922037829128 -0.339463326726067
-0.0392992116662503 -0.341420684879687
-0.0389101105606439 -0.343384024389498
-0.0385248619412316 -0.345353287706727
-0.0381434276645857 -0.347328380126717
-0.0377657699649363 -0.349309243152761
-0.037391851450432 -0.351295809046735
-0.0370216350994376 -0.353287909287624
-0.036655084256869 -0.35528558004059
-0.0362921626305633 -0.357288622036558
-0.0359328342876865 -0.359296995181146
-0.0355770636511747 -0.36131058309643
-0.0352248154962126 -0.363329190354272
-0.0348760549467451 -0.36535278432071
-0.0345307474720249 -0.367381276251602
-0.0341888588831929 -0.369414441798567
-0.033850355329894 -0.371452298490388
-0.0335152032969248 -0.373494584422824
-0.0331833696009156 -0.375541189206728
-0.0328548213870451 -0.377592025445229
-0.0325295261257873 -0.379646894966578
-0.0322074516096904 -0.38170567520258
-0.0318885659501885 -0.383768195151628
-0.031572837574444 -0.385834327867332
-0.0312602352222218 -0.387903924000755
-0.0309507279427939 -0.389976792249941
-0.0306442850918751 -0.392052792320536
-0.0303408763285892 -0.394131782727601
-0.0300404716124646 -0.396213578891476
-0.02974304120046 -0.398298054899849
-0.0294485556440198 -0.400385013365086
-0.0291569857861582 -0.402474324698872
-0.0288683027585725 -0.404565833571332
-0.0285824779787846 -0.406659362552207
-0.0282994831473115 -0.408754814096196
-0.0280192902448629 -0.410851935113286
-0.0277418715295672 -0.412950668863261
-0.027467199534225 -0.415050865757239
-0.0271952470635891 -0.417152372210011
-0.0269259871916724 -0.419255034219094
-0.0266593932590815 -0.421358700324359
-0.0263954388703778 -0.423463321581645
-0.0261340978914631 -0.42556867836281
-0.0258753444469932 -0.427674747305388
-0.025619152917815 -0.429781390392618
-0.0253654979384307 -0.431888319885911
-0.0251143543944859 -0.433995632029944
-0.024865697420283 -0.43610314876289
-0.0246195023963198 -0.438210790363304
-0.0243757449468513 -0.440318409363121
-0.0241344009374766 -0.442425933669649
-0.0238954464727491 -0.444533274077769
-0.023658857893811 -0.44664032553815
-0.0234246117760505 -0.448747011011404
-0.0231926849267826 -0.450853190346297
-0.0229630543829531 -0.452958844358393
-0.0227356974088645 -0.455063855614614
-0.0225105914939252 -0.45716813945746
-0.022287714350421 -0.459271608111133
-0.0220670439113079 -0.461374177597007
-0.0218485583280276 -0.463475753012536
-0.0216322359683442 -0.465576254959195
-0.0214180554142022 -0.467675600171233
-0.0212059954596061 -0.469773670800347
-0.0209960351085209 -0.471870438341707
-0.020788153572793 -0.473965728099637
-0.0205823302700921 -0.476059523505182
-0.0203785448218733 -0.478151691275256
-0.0201767770513597 -0.480242100228788
-0.0199770069815443 -0.482330723541228
-0.0197792148332122 -0.484417376321803
-0.0195833810229823 -0.486502006574966
-0.0193894861613687 -0.488584507022625
-0.0191975110508601 -0.490664742482214
-0.0190074366840199 -0.492742626655911
-0.0188192442416038 -0.494817999532723
-0.0186329150906968 -0.496890788059347
-0.0184484307828682 -0.498960855612633
-0.0182657730523447 -0.501028097826748
-0.0180849238142027 -0.503092359838706
-0.0179058651625769 -0.505153508181006
-0.017728579368888 -0.507211455946475
-0.0175530488800872 -0.509266077806904
-0.017379256316918 -0.511317221608578
-0.017207184472196 -0.51336476602809
-0.017036816309105 -0.515408585139969
-0.0168681349595099 -0.517448551212886
-0.016701123722287 -0.519484532334454
-0.0165357660616703 -0.521516400136072
-0.0163720456056142 -0.523544024039213
-0.0162099461441724 -0.525567302621018
-0.0160494516278935 -0.52758608006487
-0.0158905461662312 -0.529600249156985
-0.0157332140259715 -0.531609692129542
-0.0155774396296747 -0.533614259781569
-0.0154232075541334 -0.535613861253792
-0.0152705025288449 -0.537608334789211
-0.0151193094344999 -0.539597706710989
-0.0149696133014851 -0.541581723640424
-0.0148213993084011 -0.543560281618324
-0.0146746527805951 -0.545533331996717
-0.014529359188708 -0.547500772000419
-0.0143855041472357 -0.5494624215348
-0.0142430734131046 -0.551418265763877
-0.014102052884262 -0.553368161800034
-0.0139624285982792 -0.555312089727483
-0.0138241867309695 -0.557249877611633
-0.0136873135950193 -0.559181493232005
-0.013551795638633 -0.561106756669227
-0.0134176194441911 -0.563025648592857
-0.0132847717269219 -0.564938159130723
-0.013153239333586 -0.566844101209064
-0.0130230092411743 -0.568743454341841
-0.0128940685556181 -0.570636097505949
-0.012766404510513 -0.572522006117705
-0.0126400044658544 -0.574401090269174
-0.0125148559067866 -0.576273285870542
-0.0123909464423629 -0.578138526245811
-0.0122682638043197 -0.579996737951739
-0.0121467958458611 -0.581847861899303
-0.0120265305404566 -0.583691847069569
-0.0119074559806501 -0.585528639823684
-0.0117895603768812 -0.587358126295326
-0.0116728320563181 -0.589180329182229
-0.0115572594617011 -0.590995149633519
-0.0114428311501991 -0.592802512473304
-0.0113295357922763 -0.594602455908659
-0.0112173621705706 -0.59639474164478
-0.0111062991787828 -0.598179594474273
-0.010996335820577 -0.599956748135735
-0.0108874612084921 -0.601726211787948
-0.0107796645628634 -0.603487947359523
-0.0106729352107559 -0.605241922744581
-0.0105672625849068 -0.606988078961949
-0.01046263622268 -0.60872636358766
-0.0103590457650297 -0.610456772921978
-0.010256480955475 -0.612179223674872
-0.0101549316390841 -0.613893709725045
-0.0100543877614694 -0.615600175001237
-0.00995483936779152 -0.617298588849403
-0.009856276601773781 -0.618988930745171
-0.009758689704726511 -0.62067114472861
-0.00966206901458071 -0.622345222372696
-0.009566404964931391 -0.624011111292706
-0.00947168808409049 -0.625668804910891
-0.009377908994149 -0.627318265091866
-0.00928505841004851 -0.628959491043885
-0.00919312713866189 -0.630592416056015
-0.00910210607788306 -0.632217047928973
-0.0090119862157258 -0.633833366265069
-0.008922758629431491 -0.635441348114624
-0.008834414484585631 -0.637040973189071
-0.008746945034243199 -0.638632246955061
-0.008660341618062581 -0.640215142770217
-0.0085745956614481 -0.641789646156078
-0.00848969867470108 -0.643355748246889
-0.008405642252179289 -0.644913458331291
-0.00832241807146464 -0.646462748970557
-0.00824001789253925 -0.648003627954688
-0.00815843355696956 -0.649536089218019
-0.00807765698709857 -0.651060130837364
-0.00799768018524611 -0.652575767493926
-0.00791849523291694 -0.65408297486553
-0.00784009429001677 -0.655581774542778
-0.00776246959407601 -0.657072168307107
-0.0076856134594812 -0.658554155537862
-0.00760951827671406 -0.660027760755649
-0.00753417651159808 -0.661492994018721
-0.00745958070455255 -0.66294984308379
-0.00738572346985401 -0.664398330927208
-0.00731259749490496 -0.665838477025463
-0.00724019553950986 -0.667270281759535
-0.00716851043515828 -0.668693763187281
-0.00709753508431513 -0.670108953471604
-0.00702726245971795 -0.671515847207494
-0.00695768560368114 -0.672914472237102
-0.00688879762740707 -0.674304844854772
-0.00682059171030403 -0.675686993661133
-0.00675306109931092 -0.677060916298521
-0.00668619910822863 -0.678426665297666
-0.00661999911705805 -0.679784229736487
-0.0065544545713446 -0.681133648856206
-0.00648955898152931 -0.682474941053297
-0.00642530592230625 -0.68380812473855
-0.00636168903198638 -0.685133230275363
-0.00629870201186771 -0.686450270979136
-0.00623633862561159 -0.68775928354024
-0.00617459269862534 -0.689060284722311
-0.00611345811745083 -0.690353299860712
-0.00605292882915924 -0.691638355376465
-0.00599299884075172 -0.692915474206278
-0.00593366221856606 -0.694184680822927
-0.00587491308768917 -0.695445995468555
-0.00581674563137541 -0.696699458459766
-0.0057591540904707 -0.697945082433846
-0.00570213276284228 -0.699182897190217
-0.00564567600281414 -0.700412928296116
-0.00558977822060806 -0.701635201585869
-0.00553443388179016 -0.702849741858516
-0.00547963750672293 -0.704056579956485
-0.0054253836700227 -0.705255730807603
-0.00537166700002248 -0.70644723104336
-0.00531848217824008 -0.707631102788272
-0.00526582393885156 -0.708807372091457
-0.00521368706816986 -0.709976051606315
-0.00516206640412858 -0.7111372067924
-0.00511095683577087 -0.712290824484632
-0.00506035330274343 -0.713436943541074
-0.00501025079479548 -0.714575584609919
-0.00496064435128265 -0.715706788825939
-0.00491152906067589 -0.716830570999768
-0.00486290006007514 -0.717946949599892
-0.00481475253472786 -0.719055967654614
-0.00476708171755234 -0.720157637769975
-0.00471988288866568 -0.721251989336768
-0.00467315137491651 -0.722339051753056
-0.00462688254942229 -0.723418847881232
-0.00458107183111118 -0.724491404364177
-0.00453571468426849 -0.725556745474732
-0.00449080661808762 -0.726614943772319
-0.00444634318622536 -0.727665933324394
-0.00440231998636175 -0.728709791195833
-0.00435873265976411 -0.729746535990711
-0.00431557689085555 -0.730776196272959
-0.00427284840678767 -0.731798798052114
-0.0042305429770175 -0.732814367194102
-0.00418865641288861 -0.733822930033595
-0.00414718456721645 -0.734824512530505
-0.00410612333387767 -0.735819140877105
-0.00406546864740364 -0.73680684130037
-0.00402521648257786 -0.737787641868685
-0.00398536285403748 -0.738761517110232
-0.0039459038158787 -0.73972859396042
-0.00390683546126603 -0.740688846805371
-0.00386815392204558 -0.741642301762505
-0.00382985536836196 -0.742588988598157
-0.00379193600827917 -0.743528937050144
-0.00375439208740512 -0.744462166528562
-0.00371721988851992 -0.745388705242369
-0.00368041573120784 -0.746308587349123
-0.00364397597149291 -0.747221832274626
-0.00360789700147813 -0.748128469958398
-0.00357217524898825 -0.749028524939511
-0.00353680717721609 -0.749922030131733
-0.00350178928437236 -0.75080901031504
-0.00346711810333897 -0.751689493203633
-0.00343279020132572 -0.75256348816107
-0.00339880217953041 -0.753431078051957
-0.00336515067280239 -0.754292232077184
-0.00333183234930929 -0.755147006301271
-0.00329884391020722 -0.755995421575285
-0.00326618208931408 -0.756837505637457
-0.00323384365278622 -0.757673288572439
-0.00320182539879824 -0.758502796929927
-0.00317012415722598 -0.759326063100274
-0.00313873678933265 -0.760143116038736
-0.00310766018745807 -0.760953978275694
-0.00307689127471096 -0.761758683732455
-0.00304642700466432 -0.762557269158707
-0.00301626436105378 -0.763349739724356
-0.00298640035747899 -0.764136151409617
-0.00295683203710791 -0.764916514893043
-0.00292755647238407 -0.76569087678684
-0.0028985707647367 -0.766459243517857
-0.00286987204429376 -0.767221657738583
-0.00284145746959779 -0.767978162430996
-0.00281332422732454 -0.768728767438186
-0.0027854695320045 -0.769473510695517
-0.00275789062574703 -0.770212418301708
-0.00273058477796735 -0.77094552130279
-0.00270354928511619 -0.771672853775139
-0.00267678147041207 -0.772394444525155
-0.00265027868357631 -0.773110322506249
-0.0026240383005706 -0.773820518055837
-0.00259805772333723 -0.774525069508575
-0.00257233437954181 -0.775223992399457
-0.00254686572231862 -0.775917326382002
-0.00252164923001844 -0.776605100778356
-0.00249668240595885 -0.777287346323765
-0.00247196277817708 -0.777964092573401
-0.00244748789918523 -0.778635372857069
-0.00242325534572795 -0.779301216841073
-0.00239926271854252 -0.779961655452434
-0.00237550764212131 -0.780616719750151
-0.00235198776447654 -0.781266440752361
-0.00232870075690747 -0.781910849546205
-0.00230564431376977 -0.782549977256255
-0.0022828161522473 -0.78318385504126
-0.00226021401212604 -0.783812514090779
-0.00223783565557034 -0.784435985621952
-0.00221567886690132 -0.785054300876067
-0.00219374145237755 -0.785667491115342
-0.00217202123997777 -0.786275587619654
-0.00215051607918591 -0.786878621683414
-0.00212922384077813 -0.787476624612804
-0.00210814241661201 -0.788069628979466
-0.00208726971941783 -0.788657657388832
-0.00206660368259191 -0.789240753315662
-0.00204614225999199 -0.78981894614357
-0.00202588342573464 -0.790392267576807
-0.0020058251739947 -0.790960746269196
-0.00198596551880663 -0.791524405793013
-0.00196630249386795 -0.792083286015696
-0.00194683415234451 -0.792637414896131
-0.00192755856667773 -0.793186829879956
-0.00190847382839379 -0.793731560309762
-0.00188957804791465 -0.794271625504242
-0.00187086935437094 -0.79480706721353
-0.00185234589541677 -0.795337921321766
-0.0018340058370463 -0.795864210014632
-0.00181584736341218 -0.796385964272481
-0.00179786867664573 -0.796903224134512
-0.00178006799667894 -0.797416010816185
-0.00176244356106825 -0.797924358635618
-0.00174499362482005 -0.798428298394509
-0.00172771646021787 -0.79892786083836
-0.00171061035665136 -0.799423076652611
-0.00169367362044689 -0.79991397645924
-0.00167690457469989 -0.800400590813546
-0.00166030155910881 -0.800882950201097
-0.0016438629298107 -0.801361085034783
-0.00162758705921851 -0.801835025563061
-0.00161147233585991 -0.802304802222517
-0.00159551716421774 -0.802770445102136
-0.00157971996457202 -0.80323198429572
-0.00156407917284358 -0.80368944981027
-0.00154859324043919 -0.804142871672914
-0.00153326063409821 -0.804592279755534
-0.0015180798357408 -0.805037703359789
-0.00150304934231762 -0.80547917237451
-0.00148816766566101 -0.805916716296006
-0.00147343333233764 -0.806350365284113
-0.00145884488350261 -0.806780147861813
-0.00144440087475506 -0.807206093164764
-0.00143009987599511 -0.807628231697707
-0.00141594047128228 -0.808046589751226
-0.00140192125869533 -0.808461198128581
-0.0013880408501934 -0.808872085424981
-0.00137429787147861 -0.809279280264041
-0.00136069096186001 -0.809682811184499
-0.00134721877411882 -0.810082706617374
-0.00133387997437507 -0.810478994878857
-0.00132067324195552 -0.810871704099149
-0.00130759726926289 -0.811260862501938
-0.00129465076164642 -0.811646498004766
-0.00128183243727369 -0.81202863857966
-0.00126914102700365 -0.812407313180474
-0.00125657527426104 -0.812782541390716
-0.00124413393491192 -0.813154361995315
-0.00123181577714052 -0.813522797529899
-0.00121961958132724 -0.813887874736235
-0.00120754413992796 -0.814249620826662
-0.00119558825735442 -0.814608062736569
-0.00118375074985586 -0.814963227232027
-0.00117203044540184 -0.815315140929649
-0.00116042618356618 -0.815663830301615
-0.00114893681541206 -0.816009321676802
-0.00113756120337828 -0.816351641240773
-0.00112629822116661 -0.816690815035235
-0.00111514675363031 -0.817026868957312
-0.00110410569666367 -0.817359828758733
-0.00109317395709274 -0.817689720044911
-0.00108235045256707 -0.818016568273835
-0.00107163411145255 -0.81834039875461
-0.00106102387272529 -0.818661236645023
-0.00105051868586663 -0.818979106946442
-0.00104011751075904 -0.819294034489358
-0.00102981931758321 -0.819606043875167
-0.00101962308671605 -0.819915161897529
-0.00100952780862975 -0.82022140933545
-0.00099953248379183 -0.820524812097684
-0.0009896361225661681 -0.820825394344763
-0.000979837745115018 -0.821123179582709
-0.000970136381301998 -0.821418192056539
-0.000960531070596037 -0.821710455438857
-0.000951020861976275 -0.821999993206903
-0.000941604813837896 -0.822286828703017
-0.0009322819938989071 -0.822570985123563
-0.000923051479107828 -0.822852485515093
-0.000913912355552305 -0.823131352772739
-0.000904863718368619 -0.823407609639475
-0.000895904671652098 -0.823681278705693
-0.000887034328368414 -0.823952382409032
-0.000878251810265756 -0.824220943034278
-0.000869556247787878 -0.824486982713348
-0.000860946779987997 -0.824750523425325
-0.0008524225544435619 -0.825011586996554
-0.000843982727171843 -0.825270195100728
-0.00083562646254638 -0.825526369259049
-0.000827352933214237 -0.825780130840399
-0.000819161320014096 -0.826031501061547
-0.000811050811895145 -0.826280500987357
-0.000803020605836777 -0.826527151531065
-0.000795069906769086 -0.826771473454538
-0.000787197927494145 -0.827013487368576
-0.000779403888608064 -0.827253213674019
-0.000771687018423826 -0.827490672794665
-0.000764046552894877 -0.82772588483436
-0.000756481735539482 -0.827958869802946
-0.000748991817365824 -0.828189647561024
-0.000741576056797845 -0.828418237820343
-0.000734233719601827 -0.828644660144241
-0.00072696407881369 -0.828868933948158
-0.00071976641466702 -0.829091078500099
-0.000712640014521802 -0.82931111292117
-0.000705584172793863 -0.829529056186224
-0.000698598190885013 -0.829744927124493
-0.000691681377113875 -0.829958744420695
-0.0006848330466474 -0.830170526616576
-0.00067805252143307 -0.830380292115194
-0.000671339130131752 -0.830588059197271
-0.00066469220805124 -0.830793846165949
-0.000658111097080435 -0.830997663948272
-0.0006515951456241939 -0.83119954843641
-0.000645143708538805 -0.831399501916314
-0.000638756147068124 -0.831597545983819
-0.000632431828780321 -0.831793696630785
-0.000626170127505268 -0.831987973453137
-0.000619970423272543 -0.832180392564745
-0.000613832102250043 -0.832370971246251
-0.00060775455668321 -0.832559726129893
-0.000601737184834862 -0.83274667395586
-0.000595779390925606 -0.832931831306643
-0.000589880585074857 -0.833115214623649
-0.000584040183242433 -0.833296840211477
-0.000578257607170726 -0.833476724239846
-0.000572532284327451 -0.833654882744782
-0.000566863647848961 -0.833831331629528
-0.00056125113648412 -0.83400608666542
-0.000555694194538733 -0.834179163492627
-0.000550192271820528 -0.834350577620978
-0.000544744823584681 -0.834520344430702
-0.000539351310479882 -0.834688479173194
-0.000534011198494933 -0.8348549969718
-0.000528723958905874 -0.835019912822561
-0.0005234890682236369 -0.835183241594993
-0.000518306008142215 -0.835344998032855
-0.000513174265487342 -0.835505196754933
-0.000508093332165685 -0.835663852255791
-0.00050306270511454 -0.835820978906575
-0.0004980818862520199 -0.83597659095578
-0.000493150382427742 -0.836130702530034
-0.000488267705374002 -0.836283327634882
-0.000483433371657428 -0.836434480155571
-0.000478646902631117 -0.836584173857839
-0.000473907824387244 -0.836732422388696
-0.000469215667710143 -0.836879239277224
-0.000464569968029844 -0.837024637935356
-0.000459970265376083 -0.837168631658666
-0.000455416104332756 -0.837311233612842
-0.000450907033992828 -0.837452456891789
-0.000446442607913691 -0.837592314432424
-0.000442022384072961 -0.837730819072814
-0.000437645924824714 -0.837867983538627
-0.000433312796856152 -0.838003820443908
-0.000429022571144705 -0.838138342291884
-0.00042477482291555 -0.838271561475739
-0.000420569131599554 -0.838403490279429
-0.000416405080791638 -0.83853414087843
-0.000412282258209542 -0.838663525340556
-0.000408200255653012 -0.838791655626714
-0.000404158668963379 -0.83891854359171
-0.000400157097983543 -0.839044200985026
-0.00039619514651836 -0.839168639451592
-0.000392272422295405 -0.839291870532565
-0.000388388536926144 -0.839413905666097
-0.000384543105867469 -0.839534756188133
-0.000380735748383633 -0.839654433333153
-0.000376966087508547 -0.83977294823497
-0.000373233750008463 -0.83989031192747
-0.000369538366345013 -0.840006535345389
-0.000365879570638626 -0.840121629325078
-0.000362257000632303 -0.840235604605269
-0.000358670297655746 -0.840348471827825
-0.000355119106589847 -0.84046024153854
-0.000351603075831532 -0.840570924187767
-0.000348121857258943 -0.840680530131454
-0.000344675106196973 -0.840789069631731
-0.000341262481383142 -0.840896552857976
-0.000337883644933803 -0.841002989888469
-0.000334538262310697 -0.841108390715331
-0.000331226002287818 -0.841212765315006
-0.000327946536918632 -0.84131612295836
-0.000324699541503596 -0.841418474189025
-0.000321484694558016 -0.841519828191836
-0.000318301677780214 -0.841620194545292
-0.000315150176020014 -0.84171958270464
-0.000312029877247538 -0.841818002034704
-0.000308940472522315 -0.841915461813396
-0.000305881655962688 -0.842011971233163
-0.000302853124715533 -0.842107539401775
-0.00029985457892627 -0.842202175343152
-0.000296885721709178 -0.842295887998074
-0.000293946259117998 -0.842388686224834
-0.00029103590011683 -0.842480578800011
-0.000288154356551317 -0.842571574419072
-0.000285301343120116 -0.842661681697138
-0.000282476577346649 -0.84275090916961
-0.000279679779551138 -0.842839265292802
-0.000276910672822909 -0.8429267584447
-0.000274168982992979 -0.843013396925551
-0.00027145443860691 -0.843099188958541
-0.00026876677089793 -0.843184142690461
-0.000266105713760327 -0.843268266192381
-0.000263471003723096 -0.843351567460215
-0.000260862379923858 -0.843434054415494
-0.000258279584083027 -0.843515734906016
-0.000255722360478245 -0.84359661670659
-0.000253190455919054 -0.843676707520375
-0.000250683619721836 -0.843756014984987
-0.000248201603684986 -0.843834546411935
-0.000245744162064343 -0.84391230992427
-0.000243311051548854 -0.843989312376155
-0.000240902031236489 -0.844065561274967
-0.000238516862610385 -0.844141063904562
-0.000236155309515233 -0.844215827477073
-0.000233817138133894 -0.844289859136189
-0.000231502116964252 -0.844363165958322
-0.000229210016796289 -0.844435754953296
-0.000226940610689395 -0.844507633064972
-0.000224693673949896 -0.844578807171814
-0.000222468984108808 -0.844649284087546
-0.00022026632089981 -0.844719070561646
-0.000218085466237435 -0.844788173279955
-0.000215926204195481 -0.84485659886523
-0.000213788320985624 -0.844924353877725
-0.000211671604936262 -0.844991444815705
-0.000209575846471546 -0.845057878116037
-0.00020750083809064 -0.845123660154714
-0.000205446374347168 -0.845188797247391
-0.000203412251828879 -0.845253295649953
-0.000201398269137504 -0.845317161559021
-0.000199404226868816 -0.845380401112488
-0.000197429927592887 -0.845443020390056
-0.000195475175834542 -0.845505025413746
-0.000193539778054002 -0.84556642214842
-0.000191623542627725 -0.845627216502305
-0.00018972627982943 -0.845687414327481
-0.000187847801811317 -0.8457470214204
-0.000185987922585462 -0.8458060435224
-0.000184146458005408 -0.845864486320186
-0.000182323225747929 -0.84592235544632
-0.000180518045294979 -0.845979656479731
-0.000178730737915821 -0.846036394946189
-0.000176961126649328 -0.846092576318787
-0.000175209036286463 -0.846148206018429
-0.000173474293352934 -0.846203289414293
-0.000171756726092014 -0.846257831824304
-0.000170056164447538 -0.846311838515616
-0.000168372440047068 -0.846365314705062
-0.000166705386185215 -0.846418265559612
-0.000165054837807144 -0.846470696196842
-0.000163420631492222 -0.846522611685371
-0.000161802605437843 -0.846574017045314
-0.000160200599443409 -0.846624917248736
-0.000158614454894465 -0.846675317220096
-0.000157044014746995 -0.846725221836667
-0.000155489123511876 -0.846774635928979
-0.000153949627239481 -0.846823564281243
-0.000152425373504437 -0.846872011631813
-0.000150916211390531 -0.846919982673547
-0.000149421991475774 -0.846967482054282
-0.000147942565817598 -0.847014514377226
-0.000146477787938216 -0.847061084201374
-0.000145027512810114 -0.847107196041919
-0.000143591596841697 -0.847152854370647
-0.000142169897863067 -0.847198063616361
-0.000140762275111947 -0.847242828165276
-0.00013936858921975 -0.847287152361382
-0.000137988702197772 -0.847331040506882
-0.000136622477423537 -0.847374496862577
-0.000135269779627264 -0.847417525648166
-0.000133930474878479 -0.847460131042779
-0.000132604430572752 -0.847502317185229
-0.000131291515418566 -0.847544088174446
-0.000129991599424323 -0.84758544806981
-0.000128704553885468 -0.847626400891525
-0.000127430251371751 -0.847666950621004
-0.000126168565714605 -0.847707101200928
-0.000124919371994658 -0.847746856533208
-0.000123682546529364 -0.847786220507988
-0.000122457966860757 -0.847825196915696
-0.000121245511743324 -0.847863789573909
-0.000120045061132003 -0.847902002234924
-0.0001188564961703 -0.847939838618455
-0.000117679699178515 -0.847977302408324
-0.000116514553642094 -0.848014397252798
-0.000115360944200093 -0.848051126764946
-0.000114218756633756 -0.848087494522847
-0.000113087877855204 -0.84812350406993
-0.000111968195896241 -0.848159158915361
-0.000110859599897269 -0.848194462534278
-0.000109761980096306 -0.848229418368196
-0.000108675227818124 -0.848264029825261
-0.00010759923546349 -0.848298300280595
-0.000106533896498505 -0.848332233076617
-0.000105479105444064 -0.848365831523316
-0.00010443475786541 -0.8483990988986
-0.000103400750361792 -0.848432038448563
-0.00010237698055623 -0.848464653387811
-0.000101363347085376 -0.848496946899759
-0.000100359749589481 -0.848528922136915
-9.93660887024564e-05 -0.848560582221181
-9.838226604203611e-05 -0.848591930244141
-9.74081842000357e-05 -0.848622969267352
-9.64437467327086e-05 -0.848653702322623
-9.548885815119661e-05 -0.848684132412305
-9.45434239120759e-05 -0.848714262509576
-9.36073504079959e-05 -0.848744095558701
-9.26805449584118e-05 -0.848773634475319
-9.17629158004077e-05 -0.848802882146725
-9.08543720796116e-05 -0.848831841432113
-8.995482384119961e-05 -0.848860515162882
-8.90641820209897e-05 -0.848888906142853
-8.81823584366235e-05 -0.848917017148581
-8.730926577883521e-05 -0.84894485092958
-8.64448176028071e-05 -0.848972410208612
-8.5588928319611e-05 -0.848999697681904
-8.474151318773359e-05 -0.849026716019432
-8.39024883046868e-05 -0.849053467865171
-8.307177059869981e-05 -0.849079955837321
-8.22492778204948e-05 -0.84910618252858
-8.143492853514339e-05 -0.849132150506371
-8.062864211400339e-05 -0.849157862313094
-7.9830338726736e-05 -0.849183320466352
-7.9039939333402e-05 -0.84920852745921
-7.82573656766356e-05 -0.849233485760412
-7.74825402738966e-05 -0.849258197814626
-7.671538640979859e-05 -0.849282666042657
-7.59558281285135e-05 -0.849306892841703
-7.5203790226251e-05 -0.849330880585566
-7.44591982438129e-05 -0.849354631624874
-7.37219784592207e-05 -0.849378148287303
-7.299205788041651e-05 -0.849401432877811
-7.22693642380361e-05 -0.849424487678845
-7.155382597825361e-05 -0.849447314950567
-7.084537225569659e-05 -0.849469916931045
-7.01439329264323e-05 -0.849492295836508
-6.944943854102211e-05 -0.849514453861509
-6.876182033764561e-05 -0.849536393179161
-6.80810102352927e-05 -0.849558115941348
-6.74069408270225e-05 -0.849579624278902
-6.673954537328961e-05 -0.849600920301845
-6.607875779533621e-05 -0.849622006099556
-6.54245126686497e-05 -0.849642883740984
-6.477674521648491e-05 -0.849663555274836
-6.41353913034504e-05 -0.8496840227298
-6.350038742915879e-05 -0.849704288114701
-6.28716707219394e-05 -0.849724353418718
-6.22491789326132e-05 -0.849744220611561
-6.16328504283299e-05 -0.849763891643669
-6.10226241864653e-05 -0.849783368446391
-6.04184397885795e-05 -0.849802652932161
-5.98202374144351e-05 -0.849821746994703
-5.92279578360744e-05 -0.849840652509193
-5.86415424119548e-05 -0.849859371332447
-5.80609330811434e-05 -0.849877905303101
-5.74860723575677e-05 -0.849896256241769
-5.69169033243245e-05 -0.849914425951251
-5.6353369628044e-05 -0.84993241621667
-5.57954154733109e-05 -0.849950228805662
-5.52429856171395e-05 -0.849967865468541
-5.46960253635045e-05 -0.849985327938486
-5.41544805579252e-05 -0.850002617931657
-5.36182975821042e-05 -0.850019737147424
-5.3087423348618e-05 -0.850036687268487
-5.25618052956614e-05 -0.850053469961026
-5.2041391381843e-05 -0.850070086874912
-5.15261300810327e-05 -0.850086539643839
-5.10159703772601e-05 -0.850102829885476
-5.05108617596634e-05 -0.850118959201594
-5.00107542174885e-05 -0.850134929178298
-4.95155982351372e-05 -0.8501507413861
-4.90253447872645e-05 -0.850166397380137
-4.85399453339253e-05 -0.850181898700255
-4.80593518157676e-05 -0.850197246871194
-4.75835166492748e-05 -0.850212443402756
-4.71123927220543e-05 -0.850227489789915
-4.66459333881726e-05 -0.850242387512952
-4.61840924635372e-05 -0.850257138037622
-4.5726824221324e-05 -0.850271742815299
-4.52740833874495e-05 -0.85028620328313
-4.48258251360886e-05 -0.850300520864093
-4.43820050852362e-05 -0.850314696967276
-4.39425792923131e-05 -0.85032873298783
-4.35075042498149e-05 -0.850342630307291
-4.30767368810049e-05 -0.850356390293578
-4.26502345356484e-05 -0.85037001430121
-4.22279549857905e-05 -0.850383503671406
-4.18098564215747e-05 -0.850396859733172
-4.13958974471037e-05 -0.85041008379755
-4.09860370763403e-05 -0.850423177171261
-4.05802347290498e-05 -0.850436141141553
-4.0178450226782e-05 -0.850448976985238
-3.97806437888931e-05 -0.850461685966251
-3.9386776028607e-05 -0.850474269336189
-3.89968079491158e-05 -0.850486728334407
-3.86107009397186e-05 -0.850499064187992
-3.82284167719987e-05 -0.85051127811196
-3.78499175960383e-05 -0.850523371309495
-3.74751659366716e-05 -0.850535344971835
-3.71041246897738e-05 -0.850547200278528
-3.67367571185879e-05 -0.850558938397551
-3.63730268500871e-05 -0.850570560485372
-3.60128978713733e-05 -0.850582067687088
-3.56563345261122e-05 -0.850593461136542
-3.53033015110022e-05 -0.850604741956417
-3.49537638722794e-05 -0.850615911258359
-3.46076870022568e-05 -0.85062697014304
-3.42650366358979e-05 -0.850637919700355
-3.39257788474236e-05 -0.850648761009452
-3.35898800469541e-05 -0.850659495138849
-3.32573069771823e-05 -0.850670123146572
-3.29280267100814e-05 -0.850680646080202
-3.2602006643645e-05 -0.850691064977054
-3.22792144986584e-05 -0.850701380864197
-3.19596183155034e-05 -0.850711594758596
-3.16431864509934e-05 -0.85072170766723
-3.1329887575241e-05 -0.850731720587125
-3.10196906685555e-05 -0.850741634505536
-3.07125650183718e-05 -0.850751450399955
-3.04084802162097e-05 -0.850761169238276
-3.0107406154663e-05 -0.850770791978858
-2.98093130244188e-05 -0.850780319570618
-2.95141713113058e-05 -0.850789752953132
-2.92219517933721e-05 -0.850799093056732
-2.89326255379921e-05 -0.85080834080255
-2.86461638990021e-05 -0.850817497102701
-2.83625385138635e-05 -0.850826562860269
-2.80817213008549e-05 -0.850835538969462
-2.7803684456292e-05 -0.850844426315685
-2.75284004517743e-05 -0.850853225775618
-2.72558420314597e-05 -0.850861938217287
-2.6985982209366e-05 -0.850870564500185
-2.6718794266699e-05 -0.850879105475328
-2.64542517492069e-05 -0.850887561985331
-2.61923284645613e-05 -0.850895934864553
-2.59329984797637e-05 -0.850904224939066
-2.56762361185779e-05 -0.850912433026882
-2.5422015958988e-05 -0.850920559937878
-2.51703128306812e-05 -0.850928606473957
-2.49211018125557e-05 -0.850936573429168
-2.46743582302531e-05 -0.850944461589713
-2.4430057653716e-05 -0.850952271734001
-2.41881758947683e-05 -0.850960004632804
-2.39486890047211e-05 -0.850967661049296
-2.37115732720011e-05 -0.850975241739137
-2.3476805219803e-05 -0.850982747450527
-2.32443616037654e-05 -0.85099017892427
-2.30142194096687e-05 -0.850997536893882
-2.27863558511571e-05 -0.851004822085643
-2.25607483674823e-05 -0.851012035218694
-2.23373746212696e-05 -0.851019177005037
-2.21162124963065e-05 -0.851026248149693
-2.1897240095353e-05 -0.851033249350784
-2.16804357379733e-05 -0.851040181299346
-2.14657779583894e-05 -0.851047044679766
-2.12532455033558e-05 -0.851053840169749
-2.10428173300553e-05 -0.851060568439633
-2.08344726040151e-05 -0.85106723016117
-2.06281906970447e-05 -0.851073825973812
-2.04239511851927e-05 -0.851080356545093
-2.02217338467255e-05 -0.851086822515005
-2.00215186601242e-05 -0.851093224522024
-1.98232858021032e-05 -0.851099563198271
-1.96270156456467e-05 -0.851105839169707
-1.94326887580661e-05 -0.85111205305616
-1.92402858990753e-05 -0.851118205471172
-1.90497880188865e-05 -0.851124297022364
-1.88611762563232e-05 -0.851130328311367
-1.86744319369537e-05 -0.851136299933812
-1.84895365712413e-05 -0.851142212479542
-1.83064718527141e-05 -0.851148066532444
-1.81252196561526e-05 -0.85115386267076
-1.79457620357947e-05 -0.851159601466973
-1.77680812235591e-05 -0.851165283487911
-1.75921596272862e-05 -0.851170909294907
-1.74179798289962e-05 -0.851176479443593
-1.72455245831646e-05 -0.851181994484208
-1.70747768150145e-05 -0.851187454961569
-1.69057196188262e-05 -0.851192861415079
-1.67383362562636e-05 -0.851198214378838
-1.65726101547164e-05 -0.851203514381663
-1.64085249056598e-05 -0.851208761947158
-1.62460642630295e-05 -0.851213957593754
-1.60852121416134e-05 -0.85121910183477
-1.59259526154588e-05 -0.85122419517844
-1.57682699162958e-05 -0.851229238127988
-1.56121484319761e-05 -0.851234231181699
-1.54575727049268e-05 -0.851239174832893
-1.53045274306206e-05 -0.851244069570035
-1.515299745606e-05 -0.851248915876784
-1.50029677782772e-05 -0.851253714231998
-1.48544235428487e-05 -0.851258465109827
-1.47073500424245e-05 -0.851263168979726
-1.45617327152718e-05 -0.851267826306521
-1.44175571438334e-05 -0.851272437550441
-1.42748090533004e-05 -0.85127700316718
-1.41334743101984e-05 -0.851281523607913
-1.39935389209886e-05 -0.85128599931939
-1.38549890306817e-05 -0.851290430743918
-1.37178109214671e-05 -0.851294818319441
-1.35819910113535e-05 -0.851299162479601
-1.34475158528253e-05 -0.851303463653733
-1.33143721315102e-05 -0.851307722266934
-1.31825466648616e-05 -0.851311938740112
-1.3052026400853e-05 -0.851316113490009
-1.29227984166862e-05 -0.85132024692925
-1.27948499175111e-05 -0.851324339466395
-1.26681682351595e-05 -0.851328391505967
-1.25427408268906e-05 -0.851332403448459
-1.24185552741491e-05 -0.85133637569046
-1.22955992813357e-05 -0.851340308624603
-1.21738606745898e-05 -0.851344202639661
-1.2053327400584e-05 -0.851348058120559
-1.19339875253307e-05 -0.851351875448412
-1.18158292330007e-05 -0.851355655000584
-1.16988408247531e-05 -0.851359397150703
-1.15830107175774e-05 -0.851363102268709
-1.14683274431459e-05 -0.851366770720875
-1.13547796466791e-05 -0.851370402869877
-1.12423560858209e-05 -0.851373999074783
-1.11310456295256e-05 -0.851377559691128
-1.10208372569561e-05 -0.851381085070932
-1.09117200563922e-05 -0.851384575562729
-1.08036832241506e-05 -0.851388031511613
-1.06967160635155e-05 -0.851391453259278
-1.05908079836787e-05 -0.851394841144029
-1.04859484986918e-05 -0.851398195500827
-1.03821272264275e-05 -0.851401516661328
-1.0279333887552e-05 -0.851404804953914
-1.01775583045069e-05 -0.851408060703713
-1.00767904005019e-05 -0.85141128423264
-9.977020198516739e-06 -0.851414475859434
-9.878237820313601e-06 -0.851417635899685
-9.780433485459009e-06 -0.851420764665858
-9.68359751035546e-06 -0.851423862467328
-9.587720307282629e-06 -0.851426929610418
-9.492792383448151e-06 -0.851429966398428
-9.39880434004767e-06 -0.851432973131647
-9.30574687133433e-06 -0.851435950107397
-9.21361076369735e-06 -0.851438897620083
-9.12238689474986e-06 -0.851441815961162
-9.0320662324256e-06 -0.851444705419245
-8.942639834084751e-06 -0.851447566280071
-8.85409884562847e-06 -0.851450398826561
-8.76643450062225e-06 -0.851453203338836
-8.679638119427971e-06 -0.851455980094252
-8.593701108344519e-06 -0.851458729367418
-8.508614958756951e-06 -0.85146145143023
-8.42437124629401e-06 -0.851464146551899
-8.34096162999407e-06 -0.851466814998972
-8.25837785147928e-06 -0.851469457035359
-8.1766117341379e-06 -0.851472072922364
-8.09565518231475e-06 -0.85147466291871
-8.01550018050966e-06 -0.851477227280552
-7.93613879258382e-06 -0.85147976626152
-7.85756316097408e-06 -0.851482280112739
-7.77976550591493e-06 -0.851484769082843
-7.702738124668249e-06 -0.851487233418016
-7.62647339076064e-06 -0.851489673362003
-7.55096375322836e-06 -0.851492089156137
-7.47620173586966e-06 -0.851494481039366
-7.40217993650461e-06 -0.851496849248284
-7.32889102624219e-06 -0.851499194017133
-7.25632774875465e-06 -0.851501515577844
-7.18448291955906e-06 -0.851503814160056
-7.113349425306e-06 -0.851506089991135
-7.04292022307524e-06 -0.8515083432962
-6.97318833967846e-06 -0.851510574298142
-6.90414687096877e-06 -0.851512783217653
-6.8357889811572e-06 -0.851514970273234
-6.76810790213584e-06 -0.851517135681234
-6.70109693280776e-06 -0.851519279655859
-6.63474943842353e-06 -0.85152140240919
-6.56905884992428e-06 -0.851523504151223
-6.50401866329137e-06 -0.851525585089871
-6.43962243890235e-06 -0.851527645430986
-6.37586380089341e-06 -0.851529685378393
-6.31273643652813e-06 -0.851531705133899
-6.25023409557241e-06 -0.851533704897309
-6.18835058967565e-06 -0.85153568486646
-6.12707979175807e-06 -0.851537645237226
-6.06641563540403e-06 -0.851539586203548
-6.00635211426141e-06 -0.851541507957445
-5.94688328144694e-06 -0.851543410689042
-5.88800324895737e-06 -0.851545294586581
-5.82970618708651e-06 -0.851547159836439
-5.77198632384803e-06 -0.851549006623154
-5.71483794440399e-06 -0.851550835129439
-5.658255390499e-06 -0.851552645536192
-5.6022330599e-06 -0.851554438022533
-5.54676540584158e-06 -0.851556212765806
-5.49184693647681e-06 -0.851557969941592
-5.43747221433348e-06 -0.851559709723752
-5.38363585577572e-06 -0.851561432284413
-5.33033253047101e-06 -0.851563137794007
-5.27755696086239e-06 -0.851564826421276
-5.22530392164593e-06 -0.851566498333296
-5.17356823925339e-06 -0.851568153695489
-5.12234479133999e-06 -0.851569792671641
-5.07162850627722e-06 -0.851571415423913
-5.02141436265071e-06 -0.851573022112872
-4.97169738876308e-06 -0.851574612897488
-4.92247266214166e-06 -0.851576187935162
-4.87373530905115e-06 -0.851577747381738
-4.82548050401104e-06 -0.851579291391516
-4.77770346931786e-06 -0.851580820117272
-4.73039947457214e-06 -0.85158233371027
-4.68356383621004e-06 -0.851583832320277
-4.63719191703965e-06 -0.851585316095578
-4.59127912578183e-06 -0.851586785182993
-4.54582091661567e-06 -0.851588239727888
-4.50081278872839e-06 -0.85158967987419
-4.45625028586969e-06 -0.851591105764405
-4.41212899591058e-06 -0.851592517539627
-4.36844455040652e-06 -0.851593915339554
-4.32519262416487e-06 -0.851595299302504
-4.2823689348167e-06 -0.851596669565421
-4.23996924239277e-06 -0.851598026263902
-4.19798934890374e-06 -0.851599369532199
-4.15642509792449e-06 -0.851600699503232
-4.11527237418267e-06 -0.851602016308612
-4.07452710315115e-06 -0.851603320078645
-4.03418525064471e-06 -0.851604610942345
-3.9942428224205e-06 -0.851605889027456
-3.95469586378268e-06 -0.851607154460453
-3.91554045919077e-06 -0.851608407366559
-3.87677273187205e-06 -0.851609647869765
-3.83838884343767e-06 -0.851610876092828
-3.80038499350264e-06 -0.851612092157292
-3.76275741930955e-06 -0.851613296183501
-3.72550239535599e-06 -0.851614488290606
-3.68861623302573e-06 -0.851615668596576
-3.6520952802235e-06 -0.851616837218223
-3.61593592101336e-06 -0.851617994271191
-3.58013457526076e-06 -0.851619139869987
-3.54468769827798e-06 -0.851620274127983
-3.50959178047324e-06 -0.851621397157429
-3.47484334700321e-06 -0.851622509069465
-3.44043895742892e-06 -0.851623609974134
-3.40637520537517e-06 -0.851624699980382
-3.37264871819324e-06 -0.851625779196086
-3.33925615662697e-06 -0.851626847728049
-3.30619421448215e-06 -0.851627905682021
-3.27345961829915e-06 -0.851628953162703
-3.24104912702887e-06 -0.851629990273765
-3.20895953171175e-06 -0.851631017117846
-3.17718765516015e-06 -0.851632033796565
-3.14573035164371e-06 -0.851633040410549
-3.11458450657793e-06 -0.851634037059418
-3.08374703621577e-06 -0.851635023841808
-3.05321488734235e-06 -0.851636000855386
-3.02298503697262e-06 -0.851636968196842
-2.9930544920521e-06 -0.851637925961917
-2.9634202891605e-06 -0.8516388742454
-2.93407949421831e-06 -0.851639813141148
-2.90502920219635e-06 -0.851640742742079
-2.87626653682807e-06 -0.851641663140201
-2.84778865032482e-06 -0.851642574426609
-2.81959272309388e-06 -0.851643476691494
-2.79167596345929e-06 -0.851644370024155
-2.76403560738544e-06 -0.851645254513011
-2.7366689182034e-06 -0.8516461302456
-2.70957318634e-06 -0.8516469973086
-2.68274572904951e-06 -0.851647855787827
-2.65618389014803e-06 -0.851648705768249
-2.62988503975052e-06 -0.851649547333993
-2.60384657401042e-06 -0.851650380568353
-2.5780659148618e-06 -0.851651205553802
-2.55254050976416e-06 -0.85165202237199
-2.52726783144966e-06 -0.851652831103766
-2.50224537767293e-06 -0.851653631829173
-2.4774706709633e-06 -0.851654424627468
-2.4529412583795e-06 -0.851655209577118
-2.42865471126683e-06 -0.851655986755816
-2.40460862501667e-06 -0.851656756240487
-2.38080061882838e-06 -0.851657518107293
-2.35722833547365e-06 -0.851658272431642
-2.33388944106302e-06 -0.851659019288194
-2.31078162481487e-06 -0.851659758750879
-2.2879025988266e-06 -0.851660490892884
-2.26525009784812e-06 -0.851661215786677
-2.24282187905755e-06 -0.851661933504009
-2.22061572183915e-06 -0.851662644115922
-2.19862942756352e-06 -0.851663347692748
-2.17686081936982e-06 -0.851664044304137
-2.15530774195032e-06 -0.851664734019031
-2.13396806133695e-06 -0.851665416905702
-2.11283966469005e-06 -0.851666093031745
-2.09192046008916e-06 -0.851666762464088
-2.0712083763259e-06 -0.851667425268985
-2.05070136269891e-06 -0.851668081512048
-2.0303973888108e-06 -0.851668731258235
-2.01029444436713e-06 -0.851669374571856
-1.99039053897736e-06 -0.85167001151659
-1.97068370195778e-06 -0.851670642155488
-1.95117198213641e-06 -0.851671266550966
-1.93185344765982e-06 -0.851671884764837
-1.9127261858018e-06 -0.85167249685829
-1.89378830277406e-06 -0.851673102891917
-1.87503792353867e-06 -0.851673702925702
-1.85647319162245e-06 -0.851674297019041
-1.83809226893311e-06 -0.851674885230744
-1.81989333557734e-06 -0.851675467619029
-1.80187458968054e-06 -0.851676044241551
-1.78403424720845e-06 -0.851676615155385
-1.76637054179055e-06 -0.851677180417043
-1.74888172454509e-06 -0.851677740082481
-1.73156606390603e-06 -0.851678294207098
-1.71442184545152e-06 -0.851678842845744
-1.69744737173418e-06 -0.851679386052728
-1.68064096211305e-06 -0.851679923881821
-1.66400095258717e-06 -0.851680456386262
-1.64752569563087e-06 -0.851680983618762
-1.63121356003056e-06 -0.851681505631509
-1.61506293072333e-06 -0.851682022476181
-1.59907220863696e-06 -0.851682534203939
-1.58323981053164e-06 -0.851683040865434
-1.56756416884321e-06 -0.851683542510824
-1.55204373152793e-06 -0.851684039189765
-1.53667696190884e-06 -0.851684530951425
-1.52146233852361e-06 -0.851685017844481
-1.50639835497387e-06 -0.851685499917132
-1.49148351977611e-06 -0.851685977217101
-1.47671635621397e-06 -0.851686449791629
-1.46209540219205e-06 -0.851686917687504
-1.44761921009113e-06 -0.851687380951037
-1.43328634662489e-06 -0.851687839628092
-1.41909539269791e-06 -0.851688293764075
-1.40504494326525e-06 -0.851688743403936
-1.39113360719332e-06 -0.851689188592189
-1.3773600071221e-06 -0.851689629372903
-1.36372277932881e-06 -0.851690065789714
-1.35022057359288e-06 -0.85169049788582
-1.33685205306226e-06 -0.851690925703997
-1.32361589412105e-06 -0.851691349286597
-1.31051078625847e-06 -0.851691768675551
-1.29753543193907e-06 -0.851692183912375
-1.28468854647433e-06 -0.851692595038176
-1.27196885789538e-06 -0.851693002093648
-1.25937510682711e-06 -0.851693405119092
-1.24690604636347e-06 -0.851693804154404
-1.23456044194403e-06 -0.851694199239082
-1.22233707123171e-06 -0.851694590412241
-1.2102347239918e-06 -0.851694977712605
-1.19825220197208e-06 -0.851695361178514
-1.18638831878423e-06 -0.851695740847925
-1.17464189978637e-06 -0.851696116758428
-1.1630117819667e-06 -0.851696488947233
-1.15149681382842e-06 -0.851696857451187
-1.14009585527566e-06 -0.851697222306771
-1.12880777750065e-06 -0.8516975835501
-1.11763146287194e-06 -0.851697941216938
-1.1065658048237e-06 -0.851698295342693
-1.09560970774624e-06 -0.851698645962418
-1.08476208687746e-06 -0.851698993110827
-1.07402186819551e-06 -0.851699336822285
-1.06338798831238e-06 -0.851699677130818
-1.0528593943687e-06 -0.851700014070113
-1.0424350439294e-06 -0.851700347673531
-1.0321139048806e-06 -0.85170067797409
-1.02189495532732e-06 -0.851701005004496
-1.0117771834924e-06 -0.851701328797119
-1.00175958761624e-06 -0.851701649384015
1.00175958761624e-06 -0.851765769575468
1.0117771834924e-06 -0.851766090190482
1.02189495532732e-06 -0.85176641401179
1.0321139048806e-06 -0.851766741071456
1.0424350439294e-06 -0.851767071401863
1.0528593943687e-06 -0.851767405035727
1.06338798831238e-06 -0.851767742006083
1.07402186819551e-06 -0.851768082346299
1.08476208687746e-06 -0.851768426090076
1.09560970774624e-06 -0.851768773271457
1.1065658048237e-06 -0.851769123924815
1.11763146287194e-06 -0.851769478084878
1.12880777750065e-06 -0.851769835786714
1.14009585527566e-06 -0.851770197065747
1.15149681382842e-06 -0.851770561957751
1.1630117819667e-06 -0.851770930498854
1.17464189978637e-06 -0.85177130272556
1.18638831878423e-06 -0.851771678674724
1.19825220197208e-06 -0.851772058383575
1.2102347239918e-06 -0.85177244188971
1.22233707123171e-06 -0.851772829231112
1.23456044194403e-06 -0.851773220446135
1.24690604636347e-06 -0.851773615573521
1.25937510682711e-06 -0.851774014652393
1.27196885789538e-06 -0.851774417722277
1.28468854647433e-06 -0.851774824823082
1.29753543193907e-06 -0.851775235995127
1.31051078625847e-06 -0.851775651279122
1.32361589412105e-06 -0.851776070716197
1.33685205306226e-06 -0.851776494347886
1.35022057359288e-06 -0.851776922216138
1.36372277932881e-06 -0.851777354363326
1.3773600071221e-06 -0.851777790832242
1.39113360719332e-06 -0.851778231666114
1.40504494326525e-06 -0.85177867690859
1.41909539269791e-06 -0.851779126603764
1.43328634662489e-06 -0.851779580796171
1.44761921009113e-06 -0.851780039530789
1.46209540219205e-06 -0.85178050285304
1.47671635621397e-06 -0.85178097080881
1.49148351977611e-06 -0.851781443444442
1.50639835497387e-06 -0.851781920806737
1.52146233852361e-06 -0.851782402942971
1.53667696190884e-06 -0.851782889900888
1.55204373152793e-06 -0.851783381728711
1.56756416884321e-06 -0.851783878475143
1.58323981053164e-06 -0.851784380189383
1.59907220863696e-06 -0.851784886921113
1.61506293072333e-06 -0.851785398720516
1.63121356003056e-06 -0.851785915638273
1.64752569563087e-06 -0.851786437725577
1.66400095258717e-06 -0.851786965034129
1.68064096211305e-06 -0.851787497616152
1.69744737173418e-06 -0.851788035524386
1.71442184545152e-06 -0.851788578812103
1.73156606390603e-06 -0.851789127533104
1.74888172454509e-06 -0.851789681741731
1.76637054179055e-06 -0.851790241492866
1.78403424720845e-06 -0.851790806841948
1.80187458968054e-06 -0.851791377844962
1.81989333557734e-06 -0.851791954558452
1.83809226893311e-06 -0.851792537039538
1.85647319162245e-06 -0.851793125345904
1.87503792353867e-06 -0.851793719535813
1.89378830277406e-06 -0.851794319668107
1.9127261858018e-06 -0.851794925802218
1.93185344765982e-06 -0.851795537998182
1.95117198213641e-06 -0.851796156316621
1.97068370195778e-06 -0.851796780818775
1.99039053897736e-06 -0.851797411566484
2.01029444436713e-06 -0.851798048622219
2.0303973888108e-06 -0.851798692049077
2.05070136269891e-06 -0.85179934191077
2.0712083763259e-06 -0.851799998271663
2.09192046008916e-06 -0.851800661196763
2.11283966469005e-06 -0.851801330751718
2.13396806133695e-06 -0.85180200700284
2.15530774195032e-06 -0.851802690017108
2.17686081936982e-06 -0.851803379862159
2.19862942756352e-06 -0.851804076606319
2.22061572183915e-06 -0.851804780318592
2.24282187905755e-06 -0.85180549106867
2.26525009784812e-06 -0.851806208926944
2.2879025988266e-06 -0.851806933964515
2.31078162481487e-06 -0.851807666253185
2.33388944106302e-06 -0.851808405865484
2.35722833547365e-06 -0.851809152874658
2.38080061882838e-06 -0.851809907354693
2.40460862501667e-06 -0.851810669380319
2.42865471126683e-06 -0.851811439026999
2.4529412583795e-06 -0.851812216370963
2.4774706709633e-06 -0.851813001489201
2.50224537767293e-06 -0.851813794459473
2.52726783144966e-06 -0.851814595360313
2.55254050976416e-06 -0.851815404271055
2.5780659148618e-06 -0.851816221271797
2.60384657401042e-06 -0.851817046443473
2.62988503975052e-06 -0.851817879867802
2.65618389014803e-06 -0.851818721627336
2.68274572904951e-06 -0.851819571805441
2.70957318634e-06 -0.851820430486323
2.7366689182034e-06 -0.851821297755034
2.76403560738544e-06 -0.851822173697469
2.79167596345929e-06 -0.851823058400386
2.81959272309388e-06 -0.851823951951413
2.84778865032482e-06 -0.851824854439052
2.87626653682807e-06 -0.851825765952693
2.90502920219635e-06 -0.851826686582615
2.93407949421831e-06 -0.851827616420006
2.9634202891605e-06 -0.85182855555696
2.9930544920521e-06 -0.851829504086504
3.02298503697262e-06 -0.851830462102584
3.05321488734235e-06 -0.851831429700092
3.08374703621577e-06 -0.851832406974866
3.11458450657793e-06 -0.851833394023706
3.14573035164371e-06 -0.851834390944379
3.17718765516015e-06 -0.851835397835628
3.20895953171175e-06 -0.851836414797187
3.24104912702887e-06 -0.85183744192979
3.27345961829915e-06 -0.851838479335177
3.30619421448215e-06 -0.851839527116098
3.33925615662697e-06 -0.851840585376344
3.37264871819324e-06 -0.851841654220737
3.40637520537517e-06 -0.851842733755149
3.44043895742892e-06 -0.851843824086516
3.47484334700321e-06 -0.851844925322833
3.50959178047324e-06 -0.851846037573188
3.54468769827798e-06 -0.851847160947754
3.58013457526076e-06 -0.851848295557803
3.61593592101336e-06 -0.851849441515729
3.6520952802235e-06 -0.851850598935046
3.68861623302573e-06 -0.851851767930408
3.72550239535599e-06 -0.851852948617602
3.76275741930955e-06 -0.851854141113593
3.80038499350264e-06 -0.851855345536507
3.83838884343767e-06 -0.851856562005647
3.87677273187205e-06 -0.851857790641524
3.91554045919077e-06 -0.85185903156584
3.95469586378268e-06 -0.851860284901517
3.9942428224205e-06 -0.851861550772725
4.03418525064471e-06 -0.851862829304849
4.07452710315115e-06 -0.851864120624551
4.11527237418267e-06 -0.851865424859749
4.15642509792449e-06 -0.851866742139645
4.19798934890374e-06 -0.851868072594734
4.23996924239277e-06 -0.851869416356811
4.2823689348167e-06 -0.851870773559003
4.32519262416487e-06 -0.851872144335752
4.36844455040652e-06 -0.851873528822864
4.41212899591058e-06 -0.851874927157485
4.45625028586969e-06 -0.851876339478151
4.50081278872839e-06 -0.851877765924776
4.54582091661567e-06 -0.851879206638668
4.59127912578183e-06 -0.851880661762566
4.63719191703965e-06 -0.851882131440618
4.68356383621004e-06 -0.85188361581843
4.73039947457214e-06 -0.851885115043057
4.77770346931786e-06 -0.851886629263029
4.82548050401104e-06 -0.851888158628361
4.87373530905115e-06 -0.851889703290568
4.92247266214166e-06 -0.85189126340269
4.97169738876308e-06 -0.851892839119289
5.02141436265071e-06 -0.851894430596473
5.07162850627722e-06 -0.851896037991922
5.12234479133999e-06 -0.851897661464887
5.17356823925339e-06 -0.851899301176213
5.22530392164593e-06 -0.85190095728836
5.27755696086239e-06 -0.851902629965411
5.33033253047101e-06 -0.85190431937308
5.38363585577572e-06 -0.851906025678767
5.43747221433348e-06 -0.851907749051518
5.49184693647681e-06 -0.851909489662093
5.54676540584158e-06 -0.85191124768295
5.6022330599e-06 -0.851913023288271
5.658255390499e-06 -0.851914816653993
5.71483794440399e-06 -0.851916627957803
5.77198632384803e-06 -0.851918457379172
5.82970618708651e-06 -0.851920305099367
5.88800324895737e-06 -0.851922171301462
5.94688328144694e-06 -0.851924056170387
6.00635211426141e-06 -0.851925959892889
6.06641563540403e-06 -0.851927882657611
6.12707979175807e-06 -0.851929824655076
6.18835058967565e-06 -0.851931786077709
6.25023409557241e-06 -0.851933767119875
6.31273643652813e-06 -0.851935767977859
6.37586380089341e-06 -0.851937788849943
6.43962243890235e-06 -0.85193982993637
6.50401866329137e-06 -0.851941891439404
6.56905884992428e-06 -0.851943973563324
6.63474943842353e-06 -0.851946076514453
6.70109693280776e-06 -0.851948200501184
6.76810790213584e-06 -0.851950345733996
6.8357889811572e-06 -0.85195251242547
6.90414687096877e-06 -0.85195470079033
6.97318833967846e-06 -0.851956911045431
7.04292022307524e-06 -0.851959143409815
7.113349425306e-06 -0.851961398104704
7.18448291955906e-06 -0.851963675353541
7.25632774875465e-06 -0.851965975382008
7.32889102624219e-06 -0.851968298418048
7.40217993650461e-06 -0.851970644691874
7.47620173586966e-06 -0.851973014436019
7.55096375322836e-06 -0.851975407885342
7.62647339076064e-06 -0.851977825277041
7.702738124668249e-06 -0.851980266850703
7.77976550591493e-06 -0.85198273284831
7.85756316097408e-06 -0.851985223514264
7.93613879258382e-06 -0.851987739095418
8.01550018050966e-06 -0.851990279841099
8.09565518231475e-06 -0.851992846003118
8.1766117341379e-06 -0.851995437835824
8.25837785147928e-06 -0.851998055596099
8.34096162999407e-06 -0.852000699543412
8.42437124629401e-06 -0.852003369939818
8.508614958756951e-06 -0.852006067050005
8.593701108344519e-06 -0.852008791141308
8.679638119427971e-06 -0.852011542483729
8.76643450062225e-06 -0.852014321349997
8.85409884562847e-06 -0.852017128015545
8.942639834084751e-06 -0.852019962758598
9.0320662324256e-06 -0.852022825860134
9.12238689474986e-06 -0.852025717603971
9.21361076369735e-06 -0.852028638276742
9.30574687133433e-06 -0.852031588167986
9.39880434004767e-06 -0.852034567570107
9.492792383448151e-06 -0.852037576778465
9.587720307282629e-06 -0.852040616091363
9.68359751035546e-06 -0.852043685810094
9.780433485459009e-06 -0.852046786238975
9.878237820313601e-06 -0.852049917685367
9.977020198516739e-06 -0.852053080459712
1.00767904005019e-05 -0.852056274875554
1.01775583045069e-05 -0.852059501249593
1.0279333887552e-05 -0.852062759901685
1.03821272264275e-05 -0.852066051154904
1.04859484986918e-05 -0.852069375335545
1.05908079836787e-05 -0.852072732773191
1.06967160635155e-05 -0.85207612380071
1.08036832241506e-05 -0.852079548754318
1.09117200563922e-05 -0.852083007973587
1.10208372569561e-05 -0.852086501801502
1.11310456295256e-05 -0.852090030584467
1.12423560858209e-05 -0.852093594672394
1.13547796466791e-05 -0.852097194418647
1.14683274431459e-05 -0.852100830180189
1.15830107175774e-05 -0.852104502317503
1.16988408247531e-05 -0.852108211194726
1.18158292330007e-05 -0.852111957179627
1.19339875253307e-05 -0.852115740643657
1.2053327400584e-05 -0.852119561961997
1.21738606745898e-05 -0.852123421513588
1.22955992813357e-05 -0.852127319681163
1.24185552741491e-05 -0.852131256851287
1.25427408268906e-05 -0.852135233414425
1.26681682351595e-05 -0.852139249764895
1.27948499175111e-05 -0.852143306301036
1.29227984166862e-05 -0.852147403425151
1.3052026400853e-05 -0.852151541543563
1.31825466648616e-05 -0.85215572106667
1.33143721315102e-05 -0.852159942409001
1.34475158528253e-05 -0.852164205989228
1.35819910113535e-05 -0.852168512230227
1.37178109214671e-05 -0.85217286155909
1.38549890306817e-05 -0.852177254407224
1.39935389209886e-05 -0.852181691210323
1.41334743101984e-05 -0.85218617240848
1.42748090533004e-05 -0.852190698446191
1.44175571438334e-05 -0.852195269772396
1.45617327152718e-05 -0.852199886840544
1.47073500424245e-05 -0.852204550108638
1.48544235428487e-05 -0.852209260039255
1.50029677782772e-05 -0.852214017099619
1.515299745606e-05 -0.852218821761646
1.53045274306206e-05 -0.852223674501974
1.54575727049268e-05 -0.852228575802012
1.56121484319761e-05 -0.852233526148007
1.57682699162958e-05 -0.852238526031094
1.59259526154588e-05 -0.852243575947283
1.60852121416134e-05 -0.852248676397621
1.62460642630295e-05 -0.852253827888158
1.64085249056598e-05 -0.852259030929989
1.65726101547164e-05 -0.852264286039364
1.67383362562636e-05 -0.852269593737699
1.69057196188262e-05 -0.852274954551648
1.70747768150145e-05 -0.85228036901314
1.72455245831646e-05 -0.85228583765945
1.74179798289962e-05 -0.852291361033202
1.75921596272862e-05 -0.852296939682534
1.77680812235591e-05 -0.852302574160991
1.79457620357947e-05 -0.852308265027765
1.81252196561526e-05 -0.852314012847588
1.83064718527141e-05 -0.852319818190861
1.84895365712413e-05 -0.852325681633764
1.86744319369537e-05 -0.852331603758214
1.88611762563232e-05 -0.852337585151933
1.90497880188865e-05 -0.852343626408622
1.92402858990753e-05 -0.852349728127847
1.94326887580661e-05 -0.852355890915236
1.96270156456467e-05 -0.852362115382569
1.98232858021032e-05 -0.852368402147614
2.00215186601242e-05 -0.852374751834352
2.02217338467255e-05 -0.852381165073232
2.04239511851927e-05 -0.852387642500634
2.06281906970447e-05 -0.8523941847598
2.08344726040151e-05 -0.85240079249597
2.10428173300553e-05 -0.852407466379417
2.12532455033558e-05 -0.852414207056328
2.14657779583894e-05 -0.852421015202471
2.16804357379733e-05 -0.852427891493704
2.1897240095353e-05 -0.852434836612453
2.21162124963065e-05 -0.852441851248427
2.23373746212696e-05 -0.852448936098092
2.25607483674823e-05 -0.85245609186492
2.27863558511571e-05 -0.852463319259414
2.30142194096687e-05 -0.852470618999317
2.32443616037654e-05 -0.852477991809487
2.3476805219803e-05 -0.852485438422049
2.37115732720011e-05 -0.85249295957657
2.39486890047211e-05 -0.852500556019974
2.41881758947683e-05 -0.85250822850666
2.4430057653716e-05 -0.852515977798674
2.46743582302531e-05 -0.852523804665689
2.49211018125557e-05 -0.852531709885066
2.51703128306812e-05 -0.852539694242006
2.5422015958988e-05 -0.852547758529612
2.56762361185779e-05 -0.852555903548913
2.59329984797637e-05 -0.85256413010902
2.61923284645613e-05 -0.852572439027155
2.64542517492069e-05 -0.852580831128742
2.6718794266699e-05 -0.85258930724748
2.6985982209366e-05 -0.852597868225496
2.72558420314597e-05 -0.85260651491333
2.75284004517743e-05 -0.852615248170078
2.7803684456292e-05 -0.852624068863462
2.80817213008549e-05 -0.852632977869958
2.83625385138635e-05 -0.852641976074804
2.86461638990021e-05 -0.852651064372149
2.89326255379921e-05 -0.85266024366511
2.92219517933721e-05 -0.852669514865933
2.95141713113058e-05 -0.852678878895965
2.98093130244188e-05 -0.852688336685852
3.0107406154663e-05 -0.852697889175572
3.04084802162097e-05 -0.85270753731458
3.07125650183718e-05 -0.85271728206184
3.10196906685555e-05 -0.852727124385973
3.1329887575241e-05 -0.852737065265338
3.16431864509934e-05 -0.852747105688124
3.19596183155034e-05 -0.852757246652448
3.22792144986584e-05 -0.852767489166478
3.2602006643645e-05 -0.85277783424851
3.29280267100814e-05 -0.85278828292708
3.32573069771823e-05 -0.852798836241059
3.35898800469541e-05 -0.852809495239782
3.39257788474236e-05 -0.852820260983107
3.42650366358979e-05 -0.852831134541582
3.46076870022568e-05 -0.852842116996502
3.49537638722794e-05 -0.852853209440044
3.53033015110022e-05 -0.852864412975387
3.56563345261122e-05 -0.852875728716775
3.60128978713733e-05 -0.852887157789675
3.63730268500871e-05 -0.852898701330892
3.67367571185879e-05 -0.852910360488648
3.71041246897738e-05 -0.852922136422721
3.74751659366716e-05 -0.852934030304578
3.78499175960383e-05 -0.852946043317437
3.82284167719987e-05 -0.85295817665647
3.86107009397186e-05 -0.852970431528841
3.89968079491158e-05 -0.852982809153869
3.9386776028607e-05 -0.85299531076316
3.97806437888931e-05 -0.853007937600681
4.0178450226782e-05 -0.853020690923011
4.05802347290498e-05 -0.85303357199931
4.09860370763403e-05 -0.853046582111625
4.13958974471037e-05 -0.853059722555165
4.18098564215747e-05 -0.853072994630611
4.22279549857905e-05 -0.853086399675533
4.26502345356484e-05 -0.853099939010947
4.30767368810049e-05 -0.853113613988062
4.35075042498149e-05 -0.853127425968259
4.39425792923131e-05 -0.853141376326756
4.43820050852362e-05 -0.853155466452454
4.48258251360886e-05 -0.853169697748268
4.52740833874495e-05 -0.853184071631298
4.5726824221324e-05 -0.853198589532877
4.61840924635372e-05 -0.853213252898794
4.66459333881726e-05 -0.85322806318935
4.71123927220543e-05 -0.853243021879586
4.75835166492748e-05 -0.853258130459441
4.80593518157676e-05 -0.853273390433807
4.85399453339253e-05 -0.853288803322822
4.90253447872645e-05 -0.853304370661889
4.95155982351372e-05 -0.853320094001889
5.00107542174885e-05 -0.853335974909386
5.05108617596634e-05 -0.853352014966678
5.10159703772601e-05 -0.853368215772076
5.15261300810327e-05 -0.853384578939971
5.2041391381843e-05 -0.853401106101047
5.25618052956614e-05 -0.853417798902435
5.3087423348618e-05 -0.853434659007875
5.36182975821042e-05 -0.853451688097896
5.41544805579252e-05 -0.853468887869978
5.46960253635045e-05 -0.853486260038726
5.52429856171395e-05 -0.853503806336049
5.57954154733109e-05 -0.853521528511328
5.6353369628044e-05 -0.853539428331596
5.69169033243245e-05 -0.853557507581724
5.74860723575677e-05 -0.8535757680646
5.80609330811434e-05 -0.853594211601308
5.86415424119548e-05 -0.853612840031316
5.92279578360744e-05 -0.853631655212669
5.98202374144351e-05 -0.853650659022154
6.04184397885795e-05 -0.853669853355537
6.10226241864653e-05 -0.853689240127709
6.16328504283299e-05 -0.853708821272907
6.22491789326132e-05 -0.853728598744903
6.28716707219394e-05 -0.85374857451721
6.350038742915879e-05 -0.853768750583272
6.41353913034504e-05 -0.853789128956678
6.477674521648491e-05 -0.853809711671363
6.54245126686497e-05 -0.853830500781816
6.607875779533621e-05 -0.853851498363287
6.673954537328961e-05 -0.853872706512004
6.74069408270225e-05 -0.853894127345384
6.80810102352927e-05 -0.853915763002247
6.876182033764561e-05 -0.853937615643048
6.944943854102211e-05 -0.853959687450066
7.01439329264323e-05 -0.853981980627674
7.084537225569659e-05 -0.854004497402519
7.155382597825361e-05 -0.854027240023785
7.22693642380361e-05 -0.854050210763396
7.299205788041651e-05 -0.854073411916266
7.37219784592207e-05 -0.854096845800532
7.44591982438129e-05 -0.854120514757775
7.5203790226251e-05 -0.854144421153292
7.59558281285135e-05 -0.854168567376305
7.671538640979859e-05 -0.854192955840225
7.74825402738966e-05 -0.8542175889829
7.82573656766356e-05 -0.854242469266849
7.9039939333402e-05 -0.854267599179541
7.9830338726736e-05 -0.854292981233614
8.062864211400339e-05 -0.854318617967178
8.143492853514339e-05 -0.854344511944036
8.22492778204948e-05 -0.854370665753969
8.307177059869981e-05 -0.854397082012993
8.39024883046868e-05 -0.854423763363645
8.474151318773359e-05 -0.85445071247522
8.5588928319611e-05 -0.854477932044084
8.64448176028071e-05 -0.854505424793929
8.730926577883521e-05 -0.854533193476057
8.81823584366235e-05 -0.854561240869669
8.90641820209897e-05 -0.854589569782151
8.995482384119961e-05 -0.854618183049354
9.08543720796116e-05 -0.854647083535896
9.17629158004077e-05 -0.854676274135444
9.26805449584118e-05 -0.854705757771047
9.36073504079959e-05 -0.854735537395396
9.45434239120759e-05 -0.854765615991145
9.548885815119661e-05 -0.854795996571218
9.64437467327086e-05 -0.854826682179149
9.74081842000357e-05 -0.854857675889333
9.838226604203611e-05 -0.854888980807405
9.93660887024564e-05 -0.85492060007054
0.000100359749589481 -0.854952536847759
0.000101363347085376 -0.854984794340284
0.00010237698055623 -0.855017375781869
0.000103400750361792 -0.855050284439085
0.00010443475786541 -0.855083523611766
0.000105479105444064 -0.855117096633216
0.000106533896498505 -0.855151006870651
0.00010759923546349 -0.855185257725532
0.000108675227818124 -0.855219852633893
0.000109761980096306 -0.855254795066703
0.000110859599897269 -0.855290088530253
0.000111968195896241 -0.855325736566495
0.000113087877855204 -0.855361742753402
0.000114218756633756 -0.855398110705367
0.000115360944200093 -0.855434844073573
0.000116514553642094 -0.855471946546375
0.000117679699178515 -0.855509421849624
0.0001188564961703 -0.855547273747201
0.000120045061132003 -0.855585506041164
0.000121245511743324 -0.855624122572411
0.000122457966860757 -0.855663127220703
0.000123682546529364 -0.855702523903703
0.000124919371994658 -0.855742316593213
0.000126168565714605 -0.855782509269374
0.000127430251371751 -0.855823105984121
0.000128704553885468 -0.855864110817731
0.000129991599424323 -0.855905527893546
0.000131291515418566 -0.855947361376948
0.000132604430572752 -0.855989615475936
0.000133930474878479 -0.856032294441327
0.000135269779627264 -0.856075402567463
0.000136622477423537 -0.856118944192391
0.000137988702197772 -0.856162923698521
0.00013936858921975 -0.856207345512986
0.000140762275111947 -0.85625221410811
0.000142169897863067 -0.856297534001885
0.000143591596841697 -0.856343309758483
0.000145027512810114 -0.856389545988693
0.000146477787938216 -0.856436247350398
0.000147942565817598 -0.856483418549132
0.000149421991475774 -0.856531064338493
0.000150916211390531 -0.856579189520694
0.000152425373504437 -0.856627798947051
0.000153949627239481 -0.856676897518512
0.000155489123511876 -0.856726490186138
0.000157044014746995 -0.856776581951677
0.000158614454894465 -0.856827177868045
0.000160200599443409 -0.856878283039883
0.000161802605437843 -0.8569299026241
0.000163420631492222 -0.856982041830404
0.000165054837807144 -0.857034705921862
0.000166705386185215 -0.857087900215461
0.000168372440047068 -0.857141630082652
0.000170056164447538 -0.857195900949957
0.000171756726092014 -0.857250718299498
0.000173474293352934 -0.857306087669612
0.000175209036286463 -0.857362014655427
0.000176961126649328 -0.857418504909461
0.000178730737915821 -0.85747556414221
0.000180518045294979 -0.857533198122776
0.000182323225747929 -0.857591412679457
0.000184146458005408 -0.857650213700389
0.000185987922585462 -0.857709607134174
0.000187847801811317 -0.857769598990469
0.00018972627982943 -0.857830195340698
0.000191623542627725 -0.857891402318639
0.000193539778054002 -0.85795322612112
0.000195475175834542 -0.858015673008653
0.000197429927592887 -0.858078749306108
0.000199404226868816 -0.858142461403404
0.000201398269137504 -0.85820681575619
0.000203412251828879 -0.858271818886511
0.000205446374347168 -0.858337477383544
0.00020750083809064 -0.858403797904264
0.000209575846471546 -0.858470787174193
0.000211671604936262 -0.858538451988102
0.000213788320985624 -0.858606799210745
0.000215926204195481 -0.858675835777601
0.000218085466237435 -0.858745568695617
0.00022026632089981 -0.858816005043935
0.000222468984108808 -0.858887151974693
0.000224693673949896 -0.858959016713806
0.000226940610689395 -0.859031606561646
0.000229210016796289 -0.859104928893967
0.000231502116964252 -0.859178991162575
0.000233817138133894 -0.859253800896191
0.000236155309515233 -0.859329365701208
0.000238516862610385 -0.859405693262452
0.000240902031236489 -0.85948279134388
0.000243311051548854 -0.85956066778874
0.000245744162064343 -0.859639330516085
0.000248201603684986 -0.85971878730728
0.000250683619721836 -0.859799047055185
0.000253190455919054 -0.859880117029321
0.000255722360478245 -0.85996200584009
0.000258279584083027 -0.860044721820769
0.000260862379923858 -0.860128273399969
0.000263471003723096 -0.86021266909486
0.000266105713760327 -0.860297917511207
0.00026876677089793 -0.86038402836141
0.00027145443860691 -0.860471008396007
0.000274168982992979 -0.860558867508614
0.000276910672822909 -0.860647614667542
0.000279679779551138 -0.860737258934146
0.000282476577346649 -0.860827809463746
0.000285301343120116 -0.860919275506663
0.000288154356551317 -0.861011666409243
0.00029103590011683 -0.861104991614824
0.000293946259117998 -0.861199260664849
0.000296885721709178 -0.861294483199867
0.00029985457892627 -0.861390668960526
0.000302853124715533 -0.861487827788801
0.000305881655962688 -0.861585969628934
0.000308940472522315 -0.861685104528583
0.000312029877247538 -0.861785242639927
0.000315150176020014 -0.861886394220803
0.000318301677780214 -0.861988569635762
0.000321484694558016 -0.862091779357449
0.000324699541503596 -0.86219603396762
0.000327946536918632 -0.862301344160588
0.000331226002287818 -0.86240772071688
0.000334538262310697 -0.86251517459439
0.000337883644933803 -0.862623716794467
0.000341262481383142 -0.862733358466858
0.000344675106196973 -0.862844110872762
0.000348121857258943 -0.862955985390744
0.000351603075831532 -0.863068993518011
0.000355119106589847 -0.863183146871818
0.000358670297655746 -0.863298457190718
0.000362257000632303 -0.863414936335962
0.000365879570638626 -0.863532596292741
0.000369538366345013 -0.863651449171575
0.000373233750008463 -0.863771507209629
0.000376966087508547 -0.863892782772086
0.000380735748383633 -0.864015288353547
0.000384543105867469 -0.864139036579414
0.000388388536926144 -0.864264040207288
0.000392272422295405 -0.864390312128435
0.00039619514651836 -0.864517865369194
0.000400157097983543 -0.864646713092463
0.000404158668963379 -0.86477686859916
0.000408200255653012 -0.864908345329725
0.000412282258209542 -0.865041156865635
0.000416405080791638 -0.865175316930922
0.000420569131599554 -0.865310839393739
0.00042477482291555 -0.865447738267897
0.000429022571144705 -0.86558602771447
0.000433312796856152 -0.865725722043387
0.000437645924824714 -0.865866835715051
0.000442022384072961 -0.866009383341962
0.000446442607913691 -0.866153379690404
0.000450907033992828 -0.866298839682103
0.000455416104332756 -0.866445778395902
0.000459970265376083 -0.866594211069515
0.000464569968029844 -0.866744153101231
0.000469215667710143 -0.866895620051685
0.000473907824387244 -0.867048627645618
0.000478646902631117 -0.867203191773696
0.000483433371657428 -0.867359328494294
0.000488267705374002 -0.867517054035361
0.000493150382427742 -0.86767638479628
0.0004980818862520199 -0.867837337349722
0.00050306270511454 -0.867999928443582
0.000508093332165685 -0.868164175002889
0.000513174265487342 -0.868330094131765
0.000518306008142215 -0.868497703115376
0.0005234890682236369 -0.868667019421959
0.000528723958905874 -0.868838060704814
0.000534011198494933 -0.869010844804383
0.000539351310479882 -0.869185389750266
0.000544744823584681 -0.86936171376338
0.000550192271820528 -0.869539835258012
0.000555694194538733 -0.869719772844042
0.00056125113648412 -0.86990154532902
0.000566863647848961 -0.870085171720431
0.000572532284327451 -0.870270671227899
0.000578257607170726 -0.870458064395447
0.000584040183242433 -0.870647368583989
0.000589880585074857 -0.870838604752881
0.000595779390925606 -0.871031792943004
0.000601737184834862 -0.87122695340876
0.00060775455668321 -0.871424106620367
0.000613832102250043 -0.87162327326561
0.000619970423272543 -0.871824474250187
0.000626170127505268 -0.872027729548342
0.000632431828780321 -0.872233063110103
0.000638756147068124 -0.87244049473512
0.000645143708538805 -0.87265004668132
0.0006515951456241939 -0.87286174088859
0.000658111097080435 -0.873075598990343
0.00066469220805124 -0.873291646377458
0.000671339130131752 -0.873509902084893
0.00067805252143307 -0.873730390853237
0.0006848330466474 -0.873953135823488
0.000691681377113875 -0.874178161624886
0.000698598190885013 -0.874405489748457
0.000705584172793863 -0.87463514534914
0.000712640014521802 -0.874867152707475
0.00071976641466702 -0.87510153636661
0.00072696407881369 -0.875338321135079
0.000734233719601827 -0.875577532089779
0.000741576056797845 -0.875819194579061
0.000748991817365824 -0.876063334225871
0.000756481735539482 -0.876309976930969
0.000764046552894877 -0.876559148876209
0.000771687018423826 -0.876810876527845
0.000779403888608064 -0.87706518663992
0.000787197927494145 -0.87732210625769
0.000795069906769086 -0.87758166272111
0.000803020605836777 -0.877843883668369
0.000811050811895145 -0.878108797039483
0.000819161320014096 -0.878376431079951
0.000827352933214237 -0.878646814344464
0.00083562646254638 -0.878919975700673
0.000843982727171843 -0.879195944333032
0.0008524225544435619 -0.879474749746677
0.000860946779987997 -0.87975642177141
0.000869556247787878 -0.88004099081519
0.000878251810265756 -0.880328486870339
0.000887034328368414 -0.880618941014571
0.000895904671652098 -0.880912384417309
0.000904863718368619 -0.881208848593524
0.000913912355552305 -0.881508365408097
0.000923051479107828 -0.881810967080346
0.0009322819938989071 -0.882116686188566
0.000941604813837896 -0.882425555674729
0.000951020861976275 -0.882737608849266
0.000960531070596037 -0.88305287939604
0.000970136381301998 -0.883371401377548
0.000979837745115018 -0.883693209240992
0.0009896361225661681 -0.884018337827061
0.00099953248379183 -0.884346822399459
0.00100952780862975 -0.88467869825639
0.00101962308671605 -0.885014000568618
0.00102981931758321 -0.88535276949362
0.00104011751075904 -0.885695038074865
0.00105051868586663 -0.886040844794727
0.00106102387272529 -0.886390227365758
0.00107163411145255 -0.886743223926548
0.00108235045256707 -0.887099873052933
0.00109317395709274 -0.887460213765592
0.00110410569666367 -0.88782428553691
0.00111514675363031 -0.888192128297709
0.00112629822116661 -0.888563782444102
0.00113756120337828 -0.888939288844415
0.00114893681541206 -0.889318688846294
0.00116042618356618 -0.889702024283944
0.00117203044540184 -0.89008933748553
0.00118375074985586 -0.890480671280754
0.00119558825735442 -0.890876069008586
0.00120754413992796 -0.891275574524988
0.00121961958132724 -0.891679232210521
0.00123181577714052 -0.892087086976679
0.00124413393491192 -0.892499184263384
0.00125657527426104 -0.892915569885579
0.00126914102700365 -0.893336291611367
0.00128183243727369 -0.893761394715773
0.00129465076164642 -0.894190927966617
0.00130759726926289 -0.89462493954586
0.00132067324195552 -0.895063478347721
0.00133387997437507 -0.8955065938878
0.00134721877411882 -0.895954336305119
0.00136069096186001 -0.896406756371417
0.00137429787147861 -0.896863905502016
0.0013880408501934 -0.897325835767489
0.00140192125869533 -0.897792599906239
0.00141594047128228 -0.898264251338991
0.00143009987599511 -0.89874084419307
0.00144440087475506 -0.899222433489689
0.00145884488350261 -0.899709073565471
0.00147343333233764 -0.90020082249853
0.00148816766566101 -0.900697736281628
0.00150304934231762 -0.901199872813791
0.0015180798357408 -0.901707290657121
0.00153326063409821 -0.902220049154024
0.00154859324043919 -0.902738208452183
0.00156407917284358 -0.903261829523023
0.00157971996457202 -0.903790974179384
0.00159551716421774 -0.904325705093429
0.00161147233585991 -0.904866085814951
0.00162758705921851 -0.905412180790237
0.0016438629298107 -0.905964055381491
0.00166030155910881 -0.906521775886861
0.00167690457469989 -0.907085409636244
0.00169367362044689 -0.907655024712045
0.00171061035665136 -0.908230690421989
0.00172771646021787 -0.908812477021283
0.00174499362482005 -0.909400455811156
0.00176244356106825 -0.909994699163047
0.00178006799667894 -0.910595280543586
0.00179786867664573 -0.911202274465173
0.00181584736341218 -0.911815756813393
0.0018340058370463 -0.912435804423692
0.00185234589541677 -0.913062495411059
0.00187086935437094 -0.913695909126191
0.00188957804791465 -0.914336126193438
0.00190847382839379 -0.914983228584813
0.00192755856667773 -0.915637300452971
0.00194683415234451 -0.916298421665105
0.00196630249386795 -0.916966684845952
0.00198596551880663 -0.917642174024256
0.0020058251739947 -0.918324978280242
0.00202588342573464 -0.919015189576373
0.00204614225999199 -0.919712896376276
0.00206660368259191 -0.920418194885251
0.00208726971941783 -0.921131179572449
0.00210814241661201 -0.921851947168844
0.00212922384077813 -0.922580596137253
0.00215051607918591 -0.92331722669509
0.00217202123997777 -0.924061940856632
0.00219374145237755 -0.924814842479206
0.00221567886690132 -0.925576037311428
0.00223783565557034 -0.926345633042983
0.00226021401212604 -0.927123739355824
0.0022828161522473 -0.927910467979131
0.00230564431376977 -0.928705932733725
0.00232870075690747 -0.929510249601055
0.00235198776447654 -0.930323536768646
0.00237550764212131 -0.931145914683747
0.00239926271854252 -0.931977504854233
0.00242325534572795 -0.932818433721988
0.00244748789918523 -0.933668832688548
0.00247196277817708 -0.934528827871367
0.00249668240595885 -0.935398550280184
0.00252164923001844 -0.936278137659284
0.00254686572231862 -0.937167728008816
0.00257233437954181 -0.938067462234754
0.00259805772333723 -0.93897748413533
0.0026240383005706 -0.939897940460739
0.00265027868357631 -0.940828980985167
0.00267678147041207 -0.941770758583104
0.00270354928511619 -0.942723429307996
0.00273058477796735 -0.943687152472792
0.00275789062574703 -0.944662090732142
0.0027854695320045 -0.945648410166276
0.00281332422732454 -0.946646280366876
0.00284145746959779 -0.947655874527526
0.00286987204429376 -0.948677369565424
0.0028985707647367 -0.949710949076771
0.00292755647238407 -0.950756788044471
0.00295683203710791 -0.95181508549221
0.00298640035747899 -0.952886025487873
0.00301626436105378 -0.953969816339908
0.00304642700466432 -0.955066648310634
0.00307689127471096 -0.956176730245897
0.00310766018745807 -0.957300271707411
0.00313873678933265 -0.958437488171181
0.00317012415722598 -0.95958859592465
0.00320182539879824 -0.960753819811285
0.00323384365278622 -0.961933388231048
0.00326618208931408 -0.963127534513437
0.00329884391020722 -0.964336493185264
0.00333183234930929 -0.965560514100085
0.00336515067280239 -0.966799845110463
0.00339880217953041 -0.968054738286745
0.00343279020132572 -0.969325435536715
0.00346711810333897 -0.970612256924938
0.00350178928437236 -0.971915416588746
0.00353680717721609 -0.973235210269449
0.00357217524898825 -0.974571920129477
0.00360789700147813 -0.975925832958896
0.00364397597149291 -0.97729724549569
0.00368041573120784 -0.978686456656279
0.00371721988851992 -0.980093772947903
0.00375439208740512 -0.981519507274001
0.00379193600827917 -0.982963978325063
0.00382985536836196 -0.984427506425357
0.00386815392204558 -0.985910434412765
0.00390683546126603 -0.987413103082847
0.0039459038158787 -0.988935839859155
0.00398536285403748 -0.990479011282381
0.00402521648257786 -0.992042971244323
0.00406546864740364 -0.99362808691816
0.00410612333387767 -0.995234731328404
0.00414718456721645 -0.996863284157577
0.00418865641288861 -0.998514132557186
0.0042305429770175 -1.00018766637982
0.00427284840678767 -1.00188429962734
0.00431557689085555 -1.00360442850022
0.00435873265976411 -1.00534847274997
0.00440231998636175 -1.00711685115612
0.00444634318622536 -1.00891000266592
0.00449080661808762 -1.01072835581922
0.00453571468426849 -1.01257237434246
0.00458107183111118 -1.01444249965094
0.00462688254942229 -1.01633917185832
0.00467315137491651 -1.01826287837589
0.00471988288866568 -1.0202141019013
0.00476708171755234 -1.02219326295985
0.00481475253472786 -1.02420098788458
0.00486290006007514 -1.02623764019743
0.00491152906067589 -1.02830376650496
0.00496064435128265 -1.03039991760408
0.00501025079479548 -1.0325265289885
0.00506035330274343 -1.03468420847943
0.00511095683577087 -1.0368734165827
0.00516206640412858 -1.0390947452989
0.00521368706816986 -1.04134871554239
0.00526582393885156 -1.04363593008572
0.00531848217824008 -1.04595686458861
0.00537166700002248 -1.04831214903357
0.0054253836700227 -1.05070231566223
0.00547963750672293 -1.05312797340139
0.00553443388179016 -1.05558968384954
0.00558977822060806 -1.05808808734349
0.00564567600281414 -1.06062379365429
0.00570213276284228 -1.06319729146071
0.0057591540904707 -1.06580922920409
0.00581674563137541 -1.06846030275097
0.00587491308768917 -1.07115096412347
0.00593366221856606 -1.07388213512594
0.00599299884075172 -1.07665417084254
0.00605292882915924 -1.07946778531635
0.00611345811745083 -1.08232364481925
0.00617459269862534 -1.08522236263758
0.00623633862561159 -1.08816460303094
0.00629870201186771 -1.09115097209592
0.00636168903198638 -1.09418222666141
0.00642530592230625 -1.09725894128135
0.00648955898152931 -1.10038180789773
0.0065544545713446 -1.10355145618384
0.00661999911705805 -1.10676855568758
0.00668619910822863 -1.11003379883149
0.00675306109931092 -1.11334774522491
0.00682059171030403 -1.11671092014528
0.00688879762740707 -1.12012487441819
0.00695768560368114 -1.12358934390182
0.00702726245971795 -1.1271051522557
0.00709753508431513 -1.1306731297954
0.00716851043515828 -1.13429389220738
0.00724019553950986 -1.13796801354117
0.00731259749490496 -1.14169615135085
0.00738572346985401 -1.14547942310166
0.00745958070455255 -1.14931790721846
0.00753417651159808 -1.15321224721833
0.00760951827671406 -1.1571633767742
0.0076856134594812 -1.16117173435473
0.00776246959407601 -1.16523801316147
0.00784009429001677 -1.16936267012178
0.00791849523291694 -1.17354651214974
0.00799768018524611 -1.17778995349897
0.00807765698709857 -1.18209360394222
0.00815843355696956 -1.18645795045965
0.00824001789253925 -1.19088365119769
0.00832241807146464 -1.19537098598149
0.008405642252179289 -1.19992051737942
0.00848969867470108 -1.20453266914176
0.0085745956614481 -1.20920793147034
0.008660341618062581 -1.21394653270971
0.008746945034243199 -1.21874879017802
0.008834414484585631 -1.22361515224687
0.008922758629431491 -1.22854577453373
0.0090119862157258 -1.23354084420599
0.00910210607788306 -1.23860051111898
0.00919312713866189 -1.24372478916107
0.00928505841004851 -1.24891367560541
0.009377908994149 -1.25416711857731
0.00947168808409049 -1.25948491138136
0.009566404964931391 -1.26486682711691
0.00966206901458071 -1.27031242225146
0.009758689704726511 -1.27582126878317
0.009856276601773781 -1.28139272958533
0.00995483936779152 -1.2870260632151
0.0100543877614694 -1.29272031593702
0.0101549316390841 -1.29847442878899
0.010256480955475 -1.30428711511643
0.0103590457650297 -1.31015693487362
0.01046263622268 -1.3160821991637
0.0105672625849068 -1.3220609570883
0.0106729352107559 -1.32809094514381
0.0107796645628634 -1.33416973038337
0.0108874612084921 -1.34029436211254
0.010996335820577 -1.34646163888935
0.0111062991787828 -1.35266807298276
0.0112173621705706 -1.35890945168693
0.0113295357922763 -1.36518128717632
0.0114428311501991 -1.37147854892812
0.0115572594617011 -1.37779559871138
0.0116728320563181 -1.38412617222338
0.0117895603768812 -1.39046327736062
0.0119074559806501 -1.3967992023755
0.0120265305404566 -1.4031253342117
0.0121467958458611 -1.40943220417656
0.0122682638043197 -1.41570935741851
0.0123909464423629 -1.42194507177174
0.0125148559067866 -1.42812663447423
0.0126400044658544 -1.43423984005975
0.012766404510513 -1.44026907400164
0.0128940685556181 -1.44619722853581
0.0130230092411743 -1.45200532971331
0.013153239333586 -1.45767248755488
0.0132847717269219 -1.46317614840421
0.0134176194441911 -1.46849061770539
0.013551795638633 -1.47358865932407
0.0136873135950193 -1.47843990514277
0.0138241867309695 -1.48301105692537
0.0139624285982792 -1.48726577688208
0.014102052884262 -1.49116421946463
0.0142430734131046 -1.49466270749202
0.0143855041472357 -1.49771375628746
0.014529359188708 -1.50026530443898
0.0146746527805951 -1.50226072835361
0.0148213993084011 -1.50363815011989
0.0149696133014851 -1.50433054681507
0.0151193094344999 -1.50426497761069
0.0152705025288449 -1.50336233003868
0.0154232075541334 -1.50153704291766
0.0155774396296747 -1.49869671342271
0.0157332140259715 -1.49474164839113
0.0158905461662312 -1.48956484327987
0.0160494516278935 -1.48305138542272
0.0162099461441724 -1.47507875730039
0.0163720456056142 -1.46551644819512
0.0165357660616703 -1.4542258710336
0.016701123722287 -1.44106110789369
0.0168681349595099 -1.42586895526787
0.017036816309105 -1.40848954365171
0.017207184472196 -1.3887573885529
0.017379256316918 -1.36650256144935
0.0175530488800872 -1.34155247716303
0.017728579368888 -1.31373302912505
0.0179058651625769 -1.28287281582462
0.0180849238142027 -1.24880437002563
0.0182657730523447 -1.21136845191362
0.0184484307828682 -1.17041777373432
0.0186329150906968 -1.1258218254288
0.0188192442416038 -1.07747153115843
0.0190074366840199 -1.02528494104953
0.0191975110508601 -0.969212403932179
0.0193894861613687 -0.909242983610481
0.0195833810229823 -0.845409163335807
0.0197792148332122 -0.777793323843609
0.0199770069815443 -0.706531378681191
0.0201767770513597 -0.631816840467913
0.0203785448218733 -0.553903132511332
0.0205823302700921 -0.473104350259434
0.020788153572793 -0.389794063354062
0.0209960351085209 -0.304401752826312
0.0212059954596061 -0.217408512869947
0.0214180554142022 -0.129338100454551
0.0216322359683442 -0.0407481716935243
0.0218485583280276 0.047780971043134
0.0220670439113079 0.135658667444316
0.022287714350421 0.222297955373761
0.0225105914939252 0.307127269297873
0.0227356974088645 0.389604369712934
0.0229630543829531 0.469227435650038
0.0231926849267826 0.545545132164449
0.0234246117760505 0.618164559213636
0.023658857893811 0.686756319275691
0.0238954464727491 0.751059726561826
0.0241344009374766 0.810880916177774
0.0243757449468513 0.866093812125367
0.0246195023963198 0.916636515667798
0.024865697420283 0.962505262004457
0.0251143543944859 1.00375163952373
0.0253654979384307 1.04047265398382
0.025619152917815 1.07280632284749
0.0258753444469932 1.10092250910423
0.0261340978914631 1.12501740216868
0.0263954388703778 1.14530657994886
0.0266593932590815 1.16201860100387
0.0269259871916724 1.17539016871136
0.0271952470635891 1.18566100721877
0.027467199534225 1.19307032729557
0.0277418715295672 1.19785316429197
0.0280192902448629 1.20023785181722
0.0282994831473115 1.20044411626606
0.0285824779787846 1.19868143396921
0.0288683027585725 1.19514794655378
0.0291569857861582 1.19002984567554
0.0294485556440198 1.18350115341728
0.02974304120046 1.17572338774451
0.0300404716124646 1.16684603620591
0.0303408763285892 1.15700660499459
0.0306442850918751 1.1463311611859
0.0309507279427939 1.13493489688864
0.0312602352222218 1.12292274811343
0.031572837574444 1.11038970895468
0.0318885659501885 1.09742190405391
0.0322074516096904 1.0840969490144
0.0325295261257873 1.07048463836958
0.0328548213870451 1.05664788308634
0.0331833696009156 1.04264256940635
0.0335152032969248 1.02851865990872
0.033850355329894 1.01432084224016
0.0341888588831929 1.00008867318595
0.0345307474720249 0.985857023469608
0.0348760549467451 0.971656915111254
0.0352248154962126 0.957515375321702
0.0355770636511747 0.943456449065277
0.0359328342876865 0.929500507954948
0.0362921626305633 0.915665192269343
0.036655084256869 0.901967645313223
0.0370216350994376 0.888420103918602
0.037391851450432 0.875034159056453
0.0377657699649363 0.861819571522244
0.0381434276645857 0.848784031322131
0.0385248619412316 0.835934949312654
0.0389101105606439 0.823277469899286
0.0392992116662503 0.810815799035833
0.0396922037829128 0.798553592230806
0.0400891258207419 0.78649318601335
0.0404900170789494 0.774636354824667
0.0408949172497389 0.762984143327909
0.0413038664222363 0.751536970185434
0.0417169050864586 0.740294582054021
0.0421340741373232 0.729257017657318
0.0425554148786964 0.718422870818931
0.0429809690274834 0.707790695756934
0.0434107787177582 0.697359111401852
0.0438448865049358 0.687126246472538
0.0442833353699852 0.677089938242608
0.044726168723685 0.667247867539076
0.0451734304109219 0.657597542665905
0.0456251647150311 0.648136467506563
0.0460814163621814 0.638861580604295
0.0465422305258032 0.629770377301482
0.0470076528310613 0.620859601493363
0.0474777293593719 0.61212650149658
0.0479525066529656 0.603567911810846
0.0484320317194952 0.595180722166607
0.0489163520366902 0.586961778134932
0.0494055155570571 0.578908026334541
0.0498995707126277 0.571016147015246
0.0503985664197539 0.56328314072502
0.0509025520839515 0.555705580529879
0.051411577604791 0.548280480293827
0.0519256933808389 0.541004675852315
0.0524449503146473 0.53387493055565
0.0529693998177938 0.526888180073907
0.0534990938159717 0.520041309802559
0.0540340847541314 0.513331192809663
0.0545744256016727 0.506754818285257
0.0551201698576895 0.50030918879722
0.0556713715562664 0.493991168171218
0.056228085271829 0.487798007992381
0.0567903661245473 0.481726659860336
0.0573582697857928 0.475774240932308
0.0579318524836507 0.469937916115229
0.0585111710084872 0.464214886414654
0.0590962827185721 0.458602366090767
0.0596872455457578 0.453097624632092
0.0602841180012154 0.447697953309012
0.0608869591812276 0.442400734019893
0.0614958287730398 0.437203344708881
0.0621107870607702 0.432103253210461
0.0627318949313779 0.427097859277442
0.0633592138806917 0.422184722909999
0.0639928060194986 0.417361412574286
0.0646327340796936 0.412625509954909
0.0652790614204906 0.407974665373545
0.0659318520346955 0.403406589685562
0.06659117055504241 0.39891901381669
0.06725708226059279 0.394509719306552
0.0679296530831988 0.390176482797087
0.0686089496140308 0.385917257157003
0.0692950391101711 0.38172989674086
0.0699879895012728 0.377612354625392
0.0706878693962855 0.373562668900027
0.0713947480902484 0.369578857322628
0.0721086955711509 0.365659026127463
0.0728297825268624 0.361801298472244
0.073558080352131 0.358003872237936
0.07429366115565229 0.354265005635537
0.07503659776720881 0.350582895205262
0.07578696374488091 0.346955960702579
0.0765448333823297 0.343382517978089
0.07731028171615301 0.339860994532494
0.07808338453331461 0.336389816741483
0.0788642183786477 0.332967562806601
0.0796528605624342 0.329592737793406
0.08044938916805849 0.326263999197901
0.0812538830597391 0.32297995363964
0.0820664218903365 0.319739304893157
0.08288708610923989 0.316540822759507
0.08371595697033229 0.313383301611894
0.0845531165400356 0.310265566789526
0.085398647705436 0.307186496858044
0.0862526341824903 0.304145098818364
0.0871151605243152 0.301140303284836
0.0879863121295584 0.298171125311386
0.0888661752508539 0.295236675449393
0.08975483700336249 0.292336033407722
0.09065238537339609 0.28946835477253
0.0915589092271301 0.286633080459218
0.0924744983194014 0.283829077436919
0.0933992433025954 0.281056015900508
0.0943332357356213 0.278312871474869
0.0952765680929776 0.275599441030624
0.0962293337739073 0.272914786934686
0.0971916271116464 0.270258554162577
0.0981635433827629 0.267630094119927
0.0991451788165905 0.265029109232506
0.100136630604756 0.262455048522954
0.101137996910804 0.259907554305817
0.102149376879912 0.257386251357039
0.103170870648711 0.254890811197591
0.104202579355198 0.25242089516885
0.10524460514875 0.24997625425596
0.106297051200238 0.247556601875215
0.10736002171224 0.245161734901032
0.108433621929363 0.242791413832036
0.109517958148656 0.240445517458124
0.110613137730143 0.238123776824614
0.111719269107444 0.235826095687221
0.112836461798519 0.233552324223941
0.113964826416504 0.231302334681904
0.115104474680669 0.229076008293092
0.116255519427476 0.226873237496779
0.11741807462175 0.224693956458193
0.118592255367968 0.222538046776021
0.119778177921647 0.220405488432078
0.120975959700864 0.218296125940623
0.122185719297873 0.216209869472829
0.123407576490851 0.214146745154397
0.12464165225576 0.212106644712944
0.125888068778317 0.210089464333869
0.127146949466101 0.208095154139151
0.128418418960762 0.206123645680502
0.129702603150369 0.204174842773661
0.130999629181873 0.202248651418082
0.132309625473692 0.200345045477919
0.133632721728429 0.198463861689208
0.134969048945713 0.196605023208993
0.13631873943517 0.194768414840715
0.137681926829522 0.192953934216543
0.139058746097817 0.191161447401691
0.140449333558795 0.189390833806841
0.141853826894383 0.18764195582281
0.143272365163327 0.185914686512408
0.14470508881496 0.18420878678207
0.14615213970311 0.182524197823539
0.147613661100141 0.180860708845536
0.149089797711142 0.179218146388502
0.150580695688254 0.177596327360152
0.152086502645136 0.175995031899325
0.153607367671588 0.174414148624433
0.155143441348303 0.172853408734401
0.156694875761787 0.171312574726485
0.158261824519404 0.169791491081997
0.159844442764598 0.168289916774728
0.161442887192244 0.166807629667283
0.163057316064167 0.165344406046721
0.164687889224809 0.163900003764926
0.166334768117057 0.162474212683848
0.167998115798227 0.16106677087055
0.169678096956209 0.159677462971247
0.171374877925772 0.158306041129625
0.173088626705029 0.156952274841308
0.17481951297208 0.155615921242941
0.1765677081018 0.15429674593274
0.178333385182818 0.152994512071768
0.180116719034647 0.151708989653564
0.181917886224993 0.150439953853902
0.183737065087243 0.149187170125991
0.185574435738115 0.147950424309883
0.187430180095497 0.146729508117487
0.189304481896452 0.145524216730505
0.191197526715416 0.144334369021862
0.19310950198257 0.143159816142621
0.195040597002396 0.142000490491422
0.19699100297242 0.140856284775382
0.198960913002144 0.13973102929554
0.200950522132166 0.138604170718703
0.202960027353487 0.137493564315523
0.204989627627022 0.136403006080992
0.207039523903292 0.135326261452381
0.209109919142325 0.134263460613737
0.211201018333748 0.133214239936788
0.213313028517086 0.132178345791616
0.215446158802257 0.13115556193536
0.217600620390279 0.13014570200088
0.219776626594182 0.129148582248743
0.221974392860124 0.128164029540516
0.224194136788725 0.127191881527937
0.226436078156613 0.12623197913599
0.228700438938179 0.125284168501392
0.23098744332756 0.12434830093297
0.233297317760836 0.123424227414921
0.235630290938444 0.122511808090502
0.237986593847829 0.121610898965992
0.240366459786307 0.120721366253505
0.24277012438417 0.119843069856772
0.245197825628012 0.118975873780754
0.247649803884292 0.118119648188987
0.250126301923135 0.117274261984399
0.252627564942366 0.116439579126812
0.25515384059179 0.115615467869582
0.257705378997708 0.114801803924615
0.260282432787685 0.113998445860476
0.262885257115562 0.113205285077143
0.265514109686717 0.112422170325077
0.268169250783585 0.111648978666101
0.27085094329142 0.110885584530566
0.273559452724335 0.110131847309858
0.276295047251578 0.109387638941693
0.279057997724094 0.1086528316972
0.281848577701335 0.107927288259279
0.284667063478348 0.107210882235238
0.287513734113132 0.10650347234038
0.290388871454263 0.105804928337464
0.293292760168805 0.105115111328002
0.296225687770494 0.104433896554231
0.299187944648198 0.103761146359356
0.30217982409468 0.103096723350827
0.305201622335627 0.102440503746318
0.308253638558984 0.101792331008534
0.311336174944573 0.101152095397365
0.314449536694019 0.100519650667728
0.317594032060959 0.0998948829499753
0.320769972381569 0.0992776482477252
0.323977672105385 0.0986678080428718
0.327217448826438 0.0980652562640949
0.330489623314703 0.0974698753399691
0.33379451954785 0.096881520012959
0.337132464743328 0.0963000945237689
0.340503789390762 0.0957254628298572
0.343908827284669 0.095157531319102
0.347347915557516 0.0945961849482888
0.350821394713091 0.094041320707014
0.354329608660222 0.0934928405588599
0.357872904746824 0.0929506403786619
0.361451633794292 0.0924146341571893
0.365066150132235 0.0918847430167953
0.368716811633558 0.0913608719709796
0.372403979749893 0.0908429601401881
0.376128019547392 0.0903309162036374
0.379889299742866 0.0898246888309139
0.383688192740295 0.0893242119662418
0.387525074667698 0.0888294277983748
0.391400325414375 0.0883402734383591
0.395314328668518 0.0878567236187239
0.399267471955204 0.0873787026440537
0.403260146674756 0.0869061942535332
0.407292748141503 0.0864391411717838
0.411365675622918 0.0859775288183181
0.415479332379147 0.0855213116553409
0.419634125702939 0.0850704635145385
0.423830466959968 0.0846249582904341
0.428068771629568 0.0841847682645984
0.432349459345864 0.0837498650885063
0.436672953939322 0.0833202250804737
0.441039683478716 0.0828958234877922
0.445450080313503 0.0824766390812653
0.449904581116638 0.0820626313482583
0.454403626927804 0.0816537859308596
0.458947663197082 0.0812500638779393
0.463537139829053 0.0808514484765042
0.468172511227344 0.0804578897613589
0.472854236339617 0.080069358440242
0.477582778703013 0.07968581679708
0.482358606490043 0.0793072257610585
0.487182192554944 0.0789335336337735
0.492054014480493 0.0785646958474557
0.496974554625298 0.0782006589257248
0.501944300171551 0.0778413781285298
0.506963743173267 0.077486794660734
0.512033380604999 0.0771368525884887
0.517153714411049 0.0767914831962545
0.52232525155516 0.0764506359323132
0.527548504070711 0.0761142390263239
0.532823989111418 0.0757822306129912
0.538152229002533 0.0754545397086358
0.543533751292558 0.0751311039220601
0.548969088805484 0.0748118495423327
0.554458779693538 0.0744967086521609
0.560003367490474 0.0741856122686149
0.565603401165378 0.0738784909584647
0.571259435177032 0.0735752790782804
0.576972029528803 0.0732759046535174
0.582741749824091 0.072980303467437
0.588569167322331 0.0726884212690963
0.5944548589955549 0.072400168162492
0.60039940758551 0.0721154970982087
0.606403401661365 0.0718343180280711
0.612467435677979 0.0715566182989576
0.618592110034759 0.0712823033520632
0.624778031135106 0.071011333297855
0.631025811446457 0.0707436375581603
0.637336069560922 0.0704791451625659
0.643709430256531 0.0702178512379989
0.650146524559097 0.0699596898703393
0.656647989804688 0.069704565435827
0.663214469702734 0.0694524598292766
0.669846614399762 0.069203306832822
0.6765450805437589 0.0689570616528778
0.6833105313491969 0.0687136856300677
0.690143636662689 0.0684730627207138
0.697045073029316 0.0682352065745282
0.704015523759609 0.0680000196905932
0.711055678997205 0.0677674583365551
0.718166235787177 0.0675374492155487
0.725347898145049 0.0673099449969923
0.732601377126499 0.0670848402860397
0.739927390897764 0.0668620321378098
0.747326664806742 0.0666414952679911
0.7547999314548089 0.0664231181350357
0.762347930769357 0.0662068040961236
0.7699714100770511 0.0659924514562983
0.777671124177822 0.0657799379257351
0.7854478354195999 0.0655691480910753
0.793302313773796 0.0653599436753282
0.801235336911534 0.0651521914507317
0.809247690280649 0.0649457384336423
0.817340167183456 0.0647404244044194
0.82551356885529 0.0645360770780724
0.833768704543843 0.0643325142357684
0.842106391589282 0.0641295364512038
0.8505274555051739 0.0639269594331298
0.8547800927827 0.0638254875769948
0.859032730060226 0.0637245390446775
0.863327893710527 0.0636230734100336
0.867623057360828 0.0635220684127008
0.871961172647633 0.0634204831975898
0.874130230291035 0.0633698392081513
0.876299287934437 0.063319302108637
0.878490036154273 0.0632683501156963
0.880680784374109 0.063217479372388
0.882871532593945 0.0631667013353514
0.885062280813781 0.0631159999551773
0.887274936515815 0.0630648693134318
0.88948759221785 0.0630138136451903
0.891700247919885 0.0629628211649857
0.893912903621919 0.0629118973830349
0.898382468140029 0.0628092112753822
0.902852032658138 0.0627067363242565
0.907366292821429 0.0626034172196098
0.91188055298472 0.0625002420807785
0.916439955749644 0.0623961511231947
0.920999358514567 0.0622921324005711
0.92560435530714 0.0621871209042963
0.930209352099712 0.0620821203533807
0.93951144562071 0.0618699152424457
0.948906560076917 0.0616552169099595
0.958395625677686 0.0614377235744968
0.967979581934463 0.0612171348130053
0.977659377753807 0.0609931374675769
0.987435971531345 0.0607654523795665
0.997310331246659 0.0605337613786605
1.00728343455913 0.0602977787434415
1.01735626890472 0.0600572042994555
1.02752983159376 0.0598117176534361
1.0378051299097 0.0595611042385001
1.0481831812088 0.0593051305396335
1.05866501302089 0.0590434502899706
1.0692516631511 0.0587758532251158
1.07994417978261 0.058502163030271
1.09074362158043 0.0582220333276092
1.10165105779624 0.0579354132095063
1.1126675683742 0.0576420665436576
1.12379424405794 0.0573418391245075
1.13503218649852 0.0570345996400478
1.14638250836351 0.0567202353637579
1.15784633344714 0.0563986435068324
1.16942479678161 0.0560697693659984
1.18111904474943 0.0557335567673245
1.19293023519692 0.0553900163335051
1.20485953754889 0.0550389561214068
1.21690813292438 0.0546808444285529
1.22299267358901 0.0544984513061569
1.22907721425363 0.0543152899239682
1.23522260032489 0.0541293413764602
1.24136798639616 0.0539425882609352
1.24447140636215 0.0538479284430634
1.24757482632814 0.053753073616979
1.25067824629413 0.0536580309122409
1.25378166626012 0.0535627879355599
1.25534889334295 0.0535146099802177
1.25691612042577 0.0534663772177175
1.26005057459142 0.0533697757079828
1.26318502875707 0.0532729868360935
1.26631948292272 0.0531760163055687
1.26948528163003 0.0530778857530889
1.27265108033733 0.0529795738255923
1.27581687904464 0.0528810766286961
1.27898267775195 0.0527824248974195
1.28218013444633 0.05268262491366
1.28537759114071 0.0525826281077694
1.29177250452947 0.0523822360037997
1.29823136705212 0.0521791461943783
1.30469022957477 0.0519755230072957
1.31121368072264 0.0517693212701206
1.31773713187051 0.0515626070374778
1.32432581752987 0.0513533647716911
1.33091450318922 0.0511436895801968
1.33756907570517 0.0509315423215736
1.34422364822111 0.0507190253931626
1.35094476646222 0.0505040922330958
1.35766588470332 0.0502888800932583
1.36445421412684 0.050071376343688
1.37124254355036 0.0498535354367199
1.38495496898586 0.0494135465270024
1.39880451867572 0.0489685597055618
1.41279256386247 0.0485195629842137
1.4269204895011 0.0480666393067877
1.44118969439611 0.0476101557142503
1.45560159134007 0.0471504602792538
1.47015760725347 0.0466879195276846
1.48485918332601 0.0462228987474498
1.49970777515927 0.0457557483130077
1.51470485291086 0.0452868330448499
1.52985190143997 0.0448165223866243
1.54515042045437 0.0443451714954258
1.56060192465891 0.0438731361812377
1.5762079439055 0.0434007608002244
1.59197002334456 0.0429284092210093
1.607889723578 0.0424563963499405
1.62396862081378 0.0419850563670351
1.64020830702192 0.0415147039764329
1.65661039009214 0.0410456474925629
1.67317649399306 0.040578166559506
1.68990825893299 0.0401125847302055
1.70680734152232 0.0396491314229825
1.72387541493754 0.0391880749697577
1.74111416908692 0.0387296594706668
1.75852531077779 0.0382741134953455
1.77611056388557 0.0378216512882764
1.79387166952442 0.0373724740061274
1.81181038621967 0.0369267586517706
1.82992849008186 0.0364847054184097
1.84822777498268 0.0360464436192284
1.86671005273251 0.03561212848935
1.88537715325983 0.0351818926533536
1.90423092479243 0.0347558530884187
1.92327323404036 0.0343341143527463
1.94250596638076 0.033916770884641
1.96193102604457 0.0335039046545825
1.98155033630501 0.0330955816637452
2.00136583966806 0.0326918645015852
2.02137949806474 0.0322928021134754
2.04159329304539 0.0318984320686119
2.06200922597584 0.0315087848745789
2.0826293182356 0.0311238780618769
2.10345561141796 0.0307437356853254
2.12449016753214 0.0303683544577111
2.14573506920746 0.0299977343028451
2.16719241989954 0.0296318693435293
2.18886434409853 0.0292707459096621
2.21075298753952 0.0289143468787651
2.23286051741491 0.0285626462332518
2.25518912258906 0.0282156196052704
2.27774101381495 0.0278732322631365
2.3005184239531 0.0275354527664752
2.32352360819263 0.0272022408724102
2.34675884427456 0.0268735561695221
2.3702264327173 0.0265493550759663
2.39392869704448 0.0262295951805559
2.41786798401492 0.0259142276089418
2.44204666385507 0.0256032052715011
2.46646713049362 0.0252964780830067
2.49113180179856 0.0249939915788748
2.51604311981654 0.024695704473014
2.54120355101471 0.0244015552690941
2.56661558652486 0.0241115025207463
2.5922817423901 0.0238254722853765
2.618204559814 0.0235434321711949
2.64438660541214 0.0232653219117745
2.67083047146627 0.0229910885561895
2.69753877618093 0.0227206769732245
2.72451416394274 0.0224540358785233
2.75175930558217 0.0221911113933335
2.77927689863799 0.0219318485353712
2.80706966762437 0.0216761955132609
2.83514036430061 0.0214241017463837
2.86349176794362 0.0211755121043438
2.89212668562305 0.020930373679776
2.92104795247928 0.0206886367180534
2.95025843200408 0.0204502504903901
2.97976101632412 0.0202151608458477
3.00955862648736 0.0199833175235308
3.03965421275223 0.0197546692866509
3.07005075487975 0.0195291688077197
3.10075126242855 0.019306764219695
3.13175877505284 0.0190874057717299
3.16307636280337 0.018871046214368
3.1947071264314 0.0186576373862521
3.22665419769571 0.0184471276502987
3.25892073967267 0.0182394733172629
3.2915099470694 0.0180346262576519
3.32442504654009 0.0178325405635453
3.35766929700549 0.0176331687240439
3.39124598997555 0.0174364674650628
3.4251584498753 0.017242390253821
3.45941003437406 0.0170508939294157
3.4940041347178 0.016861933964566
3.52894417606497 0.0166754686479462
3.56423361782562 0.0164914562019827
3.59987595400388 0.0163098540715967
3.63587471354392 0.0161306209272547
3.67223346067936 0.0159537169436268
3.70895579528615 0.0157791039692785
3.74604535323901 0.0156067402701387
3.7835058067714 0.0154365902069982
3.82134086483912 0.0152686139017458
3.85955427348751 0.0151027761906758
3.89814981622238 0.014939042210342
3.93713131438461 0.0147773723346988
3.97650262752845 0.0146177358299451
4.01626765380374 0.0144600972360895
4.05643033034178 0.014304422886464
4.09699463364519 0.0141506806166789
4.13796457998165 0.0139988382766483
4.17934422578146 0.0138488646068636
4.22113766803928 0.0137007287960295
4.26334904471967 0.0135544009898107
4.30598253516687 0.0134098517837577
4.34904236051854 0.0132670526943392
4.39253278412372 0.0131259753109466
4.43645811196496 0.0129865923456012
4.48082269308461 0.0128488766781331
4.52563092001545 0.0127128024898821
4.57088722921561 0.0125783438679623
4.61659610150777 0.0124454760699708
4.66276206252284 0.0123141736355166
4.70938968314807 0.0121844136824
4.75648357997955 0.0120561715007819
4.80404841577935 0.0119294255498088
4.85208889993714 0.0118041519575913
4.90060978893651 0.0116803297868217
4.94961588682588 0.0115579372999499
4.99911204569414 0.0114369534352522
5.04910316615108 0.0113173575002705
5.09959419781259 0.0111991295646715
5.15059013979072 0.0110822497683622
5.20209604118862 0.0109666990418896
5.25411700160051 0.0108524583723843
5.30665817161651 0.0107395095660384
5.35972475333268 0.0106278343055624
5.41332200086601 0.0105174149919185
5.46745522087467 0.0104082342633994
5.52212977308341 0.0103002751778193
5.57735107081425 0.0101935210848843
5.63312458152239 0.0100879556881839
5.68945582733762 0.00998356301157478
5.74635038561099 0.00988032738347793
5.8038138894671 0.00977823345618167
5.86185202836177 0.00967726615337726
5.92047054864539 0.00957741071734293
5.97967525413184 0.00947865263040685
6.03947200667316 0.00938097766219963
6.0998667267399 0.00928437188394705
6.16086539400729 0.00918882154935555
6.22247404794737 0.00909431321109946
6.28469878842684 0.00900083368111169
6.34754577631111 0.0089083699289223
6.41102123407422 0.00881690921898724
6.47513144641496 0.00872643901909761
6.53988276087911 0.00863694700495435
6.60528158848791 0.0085484210674847
6.67133440437278 0.008460849303311
6.73804774841651 0.00837422000331191
6.80542822590068 0.0082885216577457
6.87348250815968 0.00820374293947668
6.94221733324128 0.00811987270825228
7.01163950657369 0.00803689999795473
7.08175590163943 0.00795481402101526
7.15257346065582 0.00787360415942697
7.22409919526238 0.00779325995957171
7.29634018721501 0.00771377112990022
7.36930358908716 0.00763512753665025
7.44299662497803 0.00755731919974196
7.51742659122781 0.00748033629431945
7.59260085714009 0.00740416913140722
7.66852686571149 0.00732880817492047
7.7452121343686 0.00725424400140964
7.82266425571229 0.00718046740487
7.90089089826941 0.00710746922764441
7.97989980725211 0.00703524047662293
8.059698805324629 0.00696377228442514
8.14029579337787 0.00689305591110562
8.221698751311649 0.00682308273828282
8.30391573882477 0.00675384426890678
8.38695489621302 0.00668533212403315
8.47082444517515 0.00661753804054172
8.555532689626901 0.0065504538684865
8.64108801652317 0.00648407156992778
8.727498896688401 0.00641838321525735
8.81477388565529 0.0063533809821886
8.902921624511841 0.00628905715332118
8.99195084075696 0.0062254041147747
9.081870349164531 0.00616241435219918
9.172689052656169 0.0061000804522548
9.26441594318274 0.00603839509808595
9.357060102614559 0.00597735106875053
9.45063070364071 0.00591694123664223
9.54513701067712 0.00585715856737418
9.640588380783891 0.0057979961165614
9.736994264591729 0.00573944702924638
9.834364207237639 0.00568150453767964
9.93270784931002 0.00562416196051223
10.0320349278031 0.00556741270071677
10.1323552770812 0.00551125024505903
10.233678829852 0.0054556681610584
10.3360156181505 0.00540066009828506
10.439375774332 0.00534621978372192
10.5437695320753 0.00529234102347748
10.6492072273961 0.00523901769970198
10.75569929967 0.005186243771275
10.8632562926667 0.00513401326896814
10.9718888555934 0.00508232029857839
11.0816077441493 0.00503115903722076
11.1924238215908 0.00498052373291611
11.3043480598067 0.00493040870322761
11.4173915404048 0.0048808083348634
11.5315654558088 0.00483171708199489
11.6468811103669 0.004783129465427
11.7633499214706 0.00473504007149289
11.8809834206853 0.00468744355133339
11.9997932548922 0.00464033461995191
12.1197911874411 0.0045937080548756
12.2409890993155 0.0045475586960654
12.3633989903086 0.0045018814439099
12.4870329802117 0.0044566712591878
12.6119033100138 0.00441192316190707
12.738022343114 0.00436763223049527
12.8654025665451 0.00432379360098985
12.9940565922106 0.00428040246571118
13.1239971581327 0.0042374540745687
13.255237129714 0.0041949437305941
13.3877895010112 0.00415286679244
13.5216673960213 0.0041112186722037
13.6568840699815 0.00406999483491092
13.7934529106813 0.00402919079779076
13.9313874397881 0.00398880212943384
14.070701314186 0.0039488244499443
14.2114083273278 0.00390925342823717
14.3535224106011 0.00387008478368356
14.4970576347071 0.00383131428408705
14.6420282110542 0.00379293774537377
14.7884484931648 0.00375495103093612
14.9363329780964 0.00371735005098616
15.0856963078774 0.00368013076205876
15.2365532709561 0.00364328916605028
15.3889188036657 0.00360682131008528
15.5428079917024 0.00357072328560895
15.6982360716194 0.00353499122790517
15.8552184323356 0.00349962131551499
16.0137706166589 0.00346460976954323
16.1739083228255 0.00342995285391226
16.3356474060538 0.00339564687300058
16.4990038801143 0.0033616881731293
16.6639939189155 0.00332807314090181
16.8306338581046 0.00329479848677541
16.9989401966857 0.00326186010641859
17.1689295986525 0.00322925479204004
17.340618894639 0.00319697908683758
17.5140250835854 0.00316502957278683
17.6891653344213 0.00313340286920464
17.8660569877655 0.00310209563249426
18.0447175576431 0.00307110455584925
18.2251647332196 0.00304042636833963
18.4074163805518 0.00301005783504993
18.5914905443573 0.00297999575626423
18.7774054498009 0.00295023696707364
18.9651795042989 0.00292077833718118
19.1548312993419 0.00289161677011916
19.3463796123353 0.00286274920301352
19.5398434084586 0.00283417260653154
19.7352418425432 0.00280588398359641
19.9325942609687 0.00277788037003231
20.1319202035783 0.00275015883330021
20.3332394056141 0.00272271647272335
20.5365717996703 0.00269555041867547
20.741937517667 0.00266865783276368
20.9493568928436 0.00264203590667601
21.1588504617721 0.00261568186250127
21.3704389663898 0.0025895929519383
21.5841433560537 0.00256376645659519
21.7999847896142 0.0025381996865221
22.0179846375104 0.00251288998092545
22.2381644838855 0.0024878347073441
22.4605461287243 0.0024630312613979
22.6851515900116 0.00243847706645004
22.9120031059117 0.0024141695733396
23.1411231369708 0.00239010625998111
23.3725343683405 0.00236628463111155
23.6062597120239 0.00234270221797684
23.8423223091442 0.00231935657795719
24.0807455322356 0.00229624529434959
24.321552987558 0.00227336597615703
24.5647685174336 0.00225071625743206
24.8104162026079 0.00222829379743587
25.058520364634 0.002206096280085
25.3091055682803 0.00218412141373961
25.5621966239631 0.00216236693092237
25.8178185902027 0.00214083058804291
26.0759967761048 0.00211951016513664
26.3367567438658 0.00209840346556888
26.6001243113045 0.00207750831581055
26.8661255544175 0.00205682256515004
27.1347868099617 0.00203634408544524
27.4061346780613 0.00201607077086921
27.6801960248419 0.00199600053766006
27.9569979850903 0.00197613132385415
28.2365679649412 0.00195646108912664
28.5189336445907 0.00193698781439631
28.8041229810366 0.0019177095017295
29.0921642108469 0.00189862417404072
29.3830858529554 0.00187972987487174
29.676916711485 0.0018610246681627
29.9736858785998 0.00184250663802042
30.2734227373858 0.00182417388852651
30.5761569647597 0.00180602454344962
30.8819185344073 0.00178805674609905
31.1907377197513 0.00177026865907156
31.5026450969488 0.00175265846404745
31.8176715479183 0.00173522436158076
32.1358482633975 0.00171796457088963
32.4572067460315 0.00170087732966158
32.7817788134918 0.00168396089383406
33.1095966016267 0.00166721353741014
33.440692567643 0.00165063355225468
33.7750994933194 0.00163421924790058
34.1128504882526 0.00161796895135534
34.4539789931351 0.00160188100691528
34.7985187830665 0.00158595377597013
35.1465039708972 0.00157018563682435
35.4979690106061 0.0015545749845108
35.8529487007122 0.00153912023060961
36.2114781877193 0.00152381980307225
36.5735929695965 0.00150867214603884
36.9393288992925 0.00149367571966974
37.3087221882854 0.00147882899996996
37.6818094101683 0.00146413047862038
38.0586275042699 0.00144957866280882
38.4392137793127 0.0014351720750673
38.8236059171058 0.00142090925311205
39.2118419762768 0.00140678874969873
39.6039603960396 0.00139280913254639
40 0.0013789689773925
