-40 1e-5
-39.6039603960396 1e-5
-39.2118419762768 1e-5
-38.8236059171058 1e-5
-38.4392137793127 1e-5
-38.0586275042699 1e-5
-37.6818094101683 1e-5
-37.3087221882854 1e-5
-36.9393288992925 1e-5
-36.5735929695965 1e-5
-36.2114781877193 1e-5
-35.8529487007122 1e-5
-35.4979690106061 1e-5
-35.1465039708972 1e-5
-34.7985187830665 1e-5
-34.4539789931351 1e-5
-34.1128504882526 1e-5
-33.7750994933194 1e-5
-33.440692567643 1e-5
-33.1095966016267 1e-5
-32.7817788134918 1e-5
-32.4572067460315 1e-5
-32.1358482633975 1e-5
-31.8176715479183 1e-5
-31.5026450969488 1e-5
-31.1907377197513 1e-5
-30.8819185344073 1e-5
-30.5761569647597 1e-5
-30.2734227373858 1e-5
-29.9736858785998 1e-5
-29.676916711485 1e-5
-29.3830858529554 1e-5
-29.0921642108469 1e-5
-28.8041229810366 1e-5
-28.5189336445907 1e-5
-28.2365679649412 1e-5
-27.9569979850903 1e-5
-27.6801960248419 1e-5
-27.4061346780613 1e-5
-27.1347868099617 1e-5
-26.8661255544175 1e-5
-26.6001243113045 1e-5
-26.3367567438658 1e-5
-26.0759967761048 1e-5
-25.8178185902027 1e-5
-25.5621966239631 1e-5
-25.3091055682803 1e-5
-25.058520364634 1e-5
-24.8104162026079 1e-5
-24.5647685174336 1e-5
-24.321552987558 1e-5
-24.0807455322356 1e-5
-23.8423223091442 1e-5
-23.6062597120239 1e-5
-23.3725343683405 1e-5
-23.1411231369708 1e-5
-22.9120031059117 1e-5
-22.6851515900116 1e-5
-22.4605461287243 1e-5
-22.2381644838855 1e-5
-22.0179846375104 1e-5
-21.7999847896142 1e-5
-21.5841433560537 1e-5
-21.3704389663898 1e-5
-21.1588504617721 1e-5
-20.9493568928436 1e-5
-20.741937517667 1e-5
-20.5365717996703 1e-5
-20.3332394056141 1e-5
-20.1319202035783 1e-5
-19.9325942609687 1e-5
-19.7352418425432 1e-5
-19.5398434084586 1e-5
-19.3463796123353 1e-5
-19.1548312993419 1e-5
-18.9651795042989 1e-5
-18.7774054498009 1e-5
-18.5914905443573 1e-5
-18.4074163805518 1e-5
-18.2251647332196 1e-5
-18.0447175576431 1e-5
-17.8660569877655 1e-5
-17.6891653344213 1e-5
-17.5140250835854 1e-5
-17.340618894639 1e-5
-17.1689295986525 1e-5
-16.9989401966857 1e-5
-16.8306338581046 1e-5
-16.6639939189155 1e-5
-16.4990038801143 1e-5
-16.3356474060538 1e-5
-16.1739083228255 1e-5
-16.0137706166589 1e-5
-15.8552184323356 1e-5
-15.6982360716194 1e-5
-15.5428079917024 1e-5
-15.3889188036657 1e-5
-15.2365532709561 1e-5
-15.0856963078774 1e-5
-14.9363329780964 1e-5
-14.7884484931648 1e-5
-14.6420282110542 1e-5
-14.4970576347071 1e-5
-14.3535224106011 1e-5
-14.2114083273278 1e-5
-14.070701314186 1e-5
-13.9313874397881 1e-5
-13.7934529106813 1e-5
-13.6568840699815 1e-5
-13.5216673960213 1e-5
-13.3877895010112 1e-5
-13.255237129714 1e-5
-13.1239971581327 1e-5
-12.9940565922106 1e-5
-12.8654025665451 1e-5
-12.738022343114 1e-5
-12.6119033100138 1e-5
-12.4870329802117 1e-5
-12.3633989903086 1e-5
-12.2409890993155 1e-5
-12.1197911874411 1e-5
-11.9997932548922 1e-5
-11.8809834206853 1e-5
-11.7633499214706 1e-5
-11.6468811103669 1e-5
-11.5315654558088 1e-5
-11.4173915404048 1e-5
-11.3043480598067 1e-5
-11.1924238215908 1e-5
-11.0816077441493 1e-5
-10.9718888555934 1e-5
-10.8632562926667 1e-5
-10.75569929967 1e-5
-10.6492072273961 1e-5
-10.5437695320753 1e-5
-10.439375774332 1e-5
-10.3360156181505 1e-5
-10.233678829852 1e-5
-10.1323552770812 1e-5
-10.0320349278031 1e-5
-9.93270784931002 1e-5
-9.834364207237639 1e-5
-9.736994264591729 1e-5
-9.640588380783891 1e-5
-9.54513701067712 1e-5
-9.45063070364071 1e-5
-9.357060102614559 1e-5
-9.26441594318274 1e-5
-9.172689052656169 1e-5
-9.081870349164531 1e-5
-8.99195084075696 1e-5
-8.902921624511841 1e-5
-8.81477388565529 1e-5
-8.727498896688401 1e-5
-8.64108801652317 1e-5
-8.555532689626901 1e-5
-8.47082444517515 1e-5
-8.38695489621302 1e-5
-8.30391573882477 1e-5
-8.221698751311649 1e-5
-8.14029579337787 1e-5
-8.059698805324629 1e-5
-7.97989980725211 1e-5
-7.90089089826941 1e-5
-7.82266425571229 1e-5
-7.7452121343686 1e-5
-7.66852686571149 1e-5
-7.59260085714009 1e-5
-7.51742659122781 1e-5
-7.44299662497803 1e-5
-7.36930358908716 1e-5
-7.29634018721501 1e-5
-7.22409919526238 1e-5
-7.15257346065582 1e-5
-7.08175590163943 1e-5
-7.01163950657369 1e-5
-6.94221733324128 1e-5
-6.87348250815968 1e-5
-6.80542822590068 1e-5
-6.73804774841651 1e-5
-6.67133440437278 1e-5
-6.60528158848791 1e-5
-6.53988276087911 1e-5
-6.47513144641496 1e-5
-6.41102123407422 1e-5
-6.34754577631111 1e-5
-6.28469878842684 1e-5
-6.22247404794737 1e-5
-6.16086539400729 1e-5
-6.0998667267399 1e-5
-6.03947200667316 1e-5
-5.97967525413184 1e-5
-5.92047054864539 1e-5
-5.86185202836177 1e-5
-5.8038138894671 1e-5
-5.74635038561099 1e-5
-5.68945582733762 1e-5
-5.63312458152239 1e-5
-5.57735107081425 1e-5
-5.52212977308341 1e-5
-5.46745522087467 1e-5
-5.41332200086601 1e-5
-5.35972475333268 1e-5
-5.30665817161651 1e-5
-5.25411700160051 1e-5
-5.20209604118862 1e-5
-5.15059013979072 1e-5
-5.09959419781259 1e-5
-5.04910316615108 1e-5
-4.99911204569414 1e-5
-4.94961588682588 1e-5
-4.90060978893651 1e-5
-4.85208889993714 1e-5
-4.80404841577935 1e-5
-4.75648357997955 1e-5
-4.70938968314807 1e-5
-4.66276206252284 1e-5
-4.61659610150777 1e-5
-4.57088722921561 1e-5
-4.52563092001545 1e-5
-4.48082269308461 1e-5
-4.43645811196496 1e-5
-4.39253278412372 1e-5
-4.34904236051854 1e-5
-4.30598253516687 1e-5
-4.26334904471967 1e-5
-4.22113766803928 1e-5
-4.17934422578146 1e-5
-4.13796457998165 1e-5
-4.09699463364519 1e-5
-4.05643033034178 1e-5
-4.01626765380374 1e-5
-3.97650262752845 1e-5
-3.93713131438461 1e-5
-3.89814981622238 1e-5
-3.85955427348751 1e-5
-3.82134086483912 1e-5
-3.7835058067714 1e-5
-3.74604535323901 1e-5
-3.70895579528615 1e-5
-3.67223346067936 1e-5
-3.63587471354392 1e-5
-3.59987595400388 1e-5
-3.56423361782562 1e-5
-3.52894417606497 1e-5
-3.4940041347178 1e-5
-3.45941003437406 1e-5
-3.4251584498753 1e-5
-3.39124598997555 1e-5
-3.35766929700549 1e-5
-3.32442504654009 1e-5
-3.2915099470694 1e-5
-3.25892073967267 1e-5
-3.22665419769571 1e-5
-3.1947071264314 1e-5
-3.16307636280337 1e-5
-3.13175877505284 1e-5
-3.10075126242855 1e-5
-3.07005075487975 1e-5
-3.03965421275223 1e-5
-3.00955862648736 1e-5
-2.97976101632412 1e-5
-2.95025843200408 1e-5
-2.92104795247928 1e-5
-2.89212668562305 1e-5
-2.86349176794362 1e-5
-2.83514036430061 1e-5
-2.80706966762437 1e-5
-2.77927689863799 1e-5
-2.75175930558217 1e-5
-2.72451416394274 1e-5
-2.69753877618093 1e-5
-2.67083047146627 1e-5
-2.64438660541214 1e-5
-2.618204559814 1e-5
-2.5922817423901 1e-5
-2.56661558652486 1e-5
-2.54120355101471 1e-5
-2.51604311981654 1e-5
-2.49113180179856 1e-5
-2.46646713049362 1e-5
-2.44204666385507 1e-5
-2.41786798401492 1e-5
-2.39392869704448 1e-5
-2.3702264327173 1e-5
-2.34675884427456 1e-5
-2.32352360819263 1e-5
-2.3005184239531 1e-5
-2.27774101381495 1e-5
-2.25518912258906 1e-5
-2.23286051741491 1e-5
-2.21075298753952 1.00429429104788e-05
-2.18886434409853 1.09489504579515e-05
-2.16719241989954 1.19298322761262e-05
-2.14573506920746 1.29912723725228e-05
-2.12449016753214 1.41394390550756e-05
-2.10345561141796 1.53806904595921e-05
-2.0826293182356 1.67219677389967e-05
-2.06200922597584 1.81707001684369e-05
-2.04159329304539 1.97348404135639e-05
-2.02137949806474 2.14229035025914e-05
-2.00136583966806 2.32440045338826e-05
-1.98155033630501 2.52079068890021e-05
-1.96193102604457 2.73250683936386e-05
-1.94250596638076 2.96066940578905e-05
-1.92327323404036 3.2064792940244e-05
-1.90423092479243 3.47122404968353e-05
-1.88537715325983 3.75628423540448e-05
-1.86671005273251 4.06385975348914e-05
-1.84822777498268 4.39338481383957e-05
-1.82992849008186 4.7487217088477e-05
-1.81181038621967 5.130985218797e-05
-1.79387166952442 5.54214531100286e-05
-1.77611056388557 5.9843191753158e-05
-1.75852531077779 6.45978438238231e-05
-1.74111416908692 6.97099089312675e-05
-1.72387541493754 7.52057581942201e-05
-1.70680734152232 8.11137896749674e-05
-1.68990825893299 8.74645991398332e-05
-1.67317649399306 9.42911457468757e-05
-1.65661039009214 0.000101628994646101
-1.64020830702192 0.000109516472241233
-1.62396862081378 0.000117994956095268
-1.607889723578 0.000127109096953858
-1.59197002334456 0.000136907121637353
-1.5762079439055 0.000147441119136282
-1.56060192465891 0.00015876737752783
-1.54515042045437 0.000170946743611913
-1.52985190143997 0.00018404500797826
-1.51470485291086 0.000198133347201274
-1.49970777515927 0.000213288775059166
-1.48485918332601 0.000229594652324004
-1.47015760725347 0.000247141240378844
-1.45560159134007 0.000266026331411037
-1.44118969439611 0.000286355852801073
-1.4269204895011 0.000308244659695417
-1.41279256386247 0.000331817328988701
-1.39880451867572 0.000357209028887867
-1.38495496898586 0.000384566224211478
-1.37124254355036 0.000414048842255427
-1.36445421412684 0.000429600878531447
-1.35766588470332 0.000445829486236051
-1.35094476646222 0.000462597263619245
-1.34422364822111 0.000480096696268925
-1.33756907570517 0.000498180161755077
-1.33091450318922 0.000517055415474842
-1.32432581752987 0.000536563502241405
-1.31773713187051 0.000556928858957161
-1.31121368072264 0.000577980295834423
-1.30469022957477 0.000599960392949708
-1.29823136705212 0.000622684715111118
-1.29177250452947 0.000646415421029244
-1.28537759114071 0.000670954207364645
-1.28218013444633 0.000683629310799086
-1.27898267775195 0.000696584386419678
-1.27581687904464 0.000709693937743207
-1.27265108033733 0.00072309207930642
-1.26948528163003 0.000736786305102008
-1.26631948292272 0.00075078427015144
-1.26318502875707 0.00076495063098615
-1.26005057459142 0.000779430308613922
-1.25691612042577 0.000794231603998863
-1.25534889334295 0.000801755379770226
-1.25378166626012 0.000809362771143639
-1.25067824629413 0.00082467758206367
-1.24757482632814 0.000840332975444993
-1.24447140636215 0.000856337692837998
-1.24136798639616 0.000872700988269386
-1.23522260032489 0.000906199366409211
-1.22907721425363 0.000941217922250366
-1.22299267358901 0.000977468791457479
-1.21690813292438 0.0010153745356646
-1.20485953754889 0.00109568060498884
-1.19293023519692 0.00118269518786821
-1.18111904474943 0.00127704429411659
-1.16942479678161 0.00137941910108016
-1.15784633344714 0.00149059111885701
-1.14638250836351 0.00161142293693093
-1.13503218649852 0.00174288235805768
-1.12379424405794 0.00188605961016871
-1.1126675683742 0.00204218790497194
-1.10165105779624 0.0022126688918003
-1.09074362158043 0.00239910369844909
-1.07994417978261 0.00260333172151545
-1.0692516631511 0.00282747914938394
-1.05866501302089 0.00307402012693711
-1.0481831812088 0.00334585552518537
-1.0378051299097 0.00364641434167458
-1.02752983159376 0.00397978722978211
-1.01735626890472 0.00435090310321281
-1.00728343455913 0.00476576877051385
-0.997310331246659 0.00523179611243017
-0.987435971531345 0.0057582651774247
-0.977659377753807 0.00635697950605468
-0.967979581934463 0.00704323560695494
-0.958395625677686 0.00783728308588124
-0.948906560076917 0.00876660145472558
-0.93951144562071 0.00986960845785514
-0.930209352099712 0.0112018822606832
-0.92560435530714 0.0119766366015733
-0.920999358514567 0.0128474098266345
-0.916439955749644 0.0138239404325084
-0.91188055298472 0.0149398077586171
-0.907366292821429 0.0162153685090128
-0.902852032658138 0.0177058484817056
-0.898382468140029 0.0194546860643574
-0.893912903621919 0.0215616483719056
-0.891700247919885 0.02277383889193
-0.88948759221785 0.0241234405518366
-0.887274936515815 0.0256348921508748
-0.885062280813781 0.0273374343056088
-0.882871532593945 0.0292462540948422
-0.880680784374109 0.0314174634338676
-0.878490036154273 0.0338974107362645
-0.876299287934437 0.0367355358780364
-0.874130230291035 0.0399454528368211
-0.871961172647633 0.0435879944032549
-0.867623057360828 0.0521767413742947
-0.863327893710527 0.0620366614503601
-0.859032730060226 0.0724865213312859
-0.8547800927827 0.0827512288597503
-0.8505274555051739 0.0925871649726309
-0.842106391589282 0.110457739618249
-0.833768704543843 0.126199947654802
-0.82551356885529 0.140227754989547
-0.817340167183456 0.152891612339032
-0.809247690280649 0.164451289690379
-0.801235336911534 0.17509827541147
-0.793302313773796 0.184982776315379
-0.7854478354195999 0.194204541098645
-0.777671124177822 0.202852589007144
-0.7699714100770511 0.210996402160025
-0.762347930769357 0.21869232825463
-0.7547999314548089 0.225986999182501
-0.747326664806742 0.232919379997183
-0.739927390897764 0.239522490278553
-0.732601377126499 0.245824697891708
-0.725347898145049 0.251850513950326
-0.718166235787177 0.257621327009755
-0.711055678997205 0.263155930767566
-0.704015523759609 0.2684709840771
-0.697045073029316 0.273581249260694
-0.690143636662689 0.278500039217379
-0.6833105313491969 0.283239256957037
-0.6765450805437589 0.28780970495193
-0.669846614399762 0.292221149191072
-0.663214469702734 0.296482552311884
-0.656647989804688 0.300602029287221
-0.650146524559097 0.304587075603668
-0.643709430256531 0.30844458491887
-0.637336069560922 0.312180887187416
-0.631025811446457 0.315801863675566
-0.624778031135106 0.319312961284388
-0.618592110034759 0.322719238057112
-0.612467435677979 0.326025404841062
-0.606403401661365 0.329235851900414
-0.60039940758551 0.332354687430032
-0.5944548589955549 0.335385760037315
-0.588569167322331 0.338332667867764
-0.582741749824091 0.341198794497104
-0.576972029528803 0.343987321305374
-0.571259435177032 0.346701251702115
-0.565603401165378 0.349343400422585
-0.560003367490474 0.351916438680797
-0.554458779693538 0.354422879393641
-0.548969088805484 0.356865108301745
-0.543533751292558 0.359245379107441
-0.538152229002533 0.361565831002798
-0.532823989111418 0.3638284897054
-0.527548504070711 0.366035292035037
-0.52232525155516 0.368188042330801
-0.517153714411049 0.370288500554478
-0.512033380604999 0.372338318591811
-0.506963743173267 0.374339077328975
-0.501944300171551 0.376292276906811
-0.496974554625298 0.378199353757861
-0.492054014480493 0.380061672119032
-0.487182192554944 0.381880563352812
-0.482358606490043 0.383657258030343
-0.477582778703013 0.385392960612312
-0.472854236339617 0.387088819334172
-0.468172511227344 0.38874593718967
-0.463537139829053 0.390365369018669
-0.458947663197082 0.39194812809208
-0.454403626927804 0.393495184679144
-0.449904581116638 0.395007481429806
-0.445450080313503 0.396485917944544
-0.441039683478716 0.397931359106381
-0.436672953939322 0.39934464444445
-0.432349459345864 0.400726581545488
-0.428068771629568 0.402077950162354
-0.423830466959968 0.403399504287358
-0.419634125702939 0.404691973904935
-0.415479332379147 0.405956063917229
-0.411365675622918 0.407192461852578
-0.407292748141503 0.408401829143129
-0.403260146674756 0.409584813421257
-0.399267471955204 0.410742035181328
-0.395314328668518 0.411874108185693
-0.391400325414375 0.412981623872089
-0.387525074667698 0.414065158961636
-0.383688192740295 0.415125273821024
-0.379889299742866 0.416162517609749
-0.376128019547392 0.417177423589178
-0.372403979749893 0.418170513658353
-0.368716811633558 0.41914229517551
-0.365066150132235 0.420093265205274
-0.361451633794292 0.421023909261915
-0.357872904746824 0.421934697895641
-0.354329608660222 0.422826096806428
-0.350821394713091 0.423698557778392
-0.347347915557516 0.424552522540253
-0.343908827284669 0.425388421166003
-0.340503789390762 0.426206675984614
-0.337132464743328 0.427007698496278
-0.33379451954785 0.427791891559872
-0.330489623314703 0.428559645924027
-0.327217448826438 0.42931134601243
-0.323977672105385 0.430047364481094
-0.320769972381569 0.430768066230621
-0.317594032060959 0.431473806449095
-0.314449536694019 0.432164930242168
-0.311336174944573 0.432841776121147
-0.308253638558984 0.43350467120502
-0.305201622335627 0.434153936299951
-0.30217982409468 0.434789877378922
-0.299187944648198 0.435412801356112
-0.296225687770494 0.436022998200453
-0.293292760168805 0.436620753401319
-0.290388871454263 0.437206345635221
-0.287513734113132 0.437780039760843
-0.284667063478348 0.438342097083842
-0.281848577701335 0.43889276936607
-0.279057997724094 0.439432301635978
-0.276295047251578 0.439960930252317
-0.273559452724335 0.440478885462531
-0.27085094329142 0.440986388589233
-0.268169250783585 0.441483656020224
-0.265514109686717 0.441970896318339
-0.262885257115562 0.442448311010215
-0.260282432787685 0.442916098371224
-0.257705378997708 0.443374446099121
-0.25515384059179 0.443823540502471
-0.252627564942366 0.44426356109604
-0.250126301923135 0.444694680913304
-0.247649803884292 0.445117069588202
-0.245197825628012 0.445530892790851
-0.24277012438417 0.44593631009294
-0.240366459786307 0.446333478355142
-0.237986593847829 0.446722549911851
-0.235630290938444 0.447103675892783
-0.233297317760836 0.447477000325688
-0.23098744332756 0.447842667757265
-0.228700438938179 0.44820081923677
-0.226436078156613 0.448551591067444
-0.224194136788725 0.448895121227744
-0.221974392860124 0.449231543007734
-0.219776626594182 0.4495609893991
-0.217600620390279 0.449883590782038
-0.215446158802257 0.450199478550618
-0.213313028517086 0.45050878143792
-0.211201018333748 0.450811630661142
-0.209109919142325 0.451108157839416
-0.207039523903292 0.451398502408718
-0.204989627627022 0.451682822381785
-0.202960027353487 0.451961178654549
-0.200950522132166 0.452234924653685
-0.198960913002144 0.45249913374354
-0.19699100297242 0.452758520075439
-0.195040597002396 0.45301329807152
-0.19310950198257 0.453262771789788
-0.191197526715416 0.453507017747246
-0.189304481896452 0.453746116400421
-0.187430180095497 0.453980163732208
-0.185574435738115 0.454209258873185
-0.183737065087243 0.454433504115174
-0.181917886224993 0.45465299932114
-0.180116719034647 0.454867847954144
-0.178333385182818 0.455078147909034
-0.1765677081018 0.455283998396128
-0.17481951297208 0.455485494964032
-0.173088626705029 0.455682733221715
-0.171374877925772 0.455875805233449
-0.169678096956209 0.456064801138311
-0.167998115798227 0.456249810008931
-0.166334768117057 0.456430916276046
-0.164687889224809 0.456608203450048
-0.163057316064167 0.456781752081413
-0.161442887192244 0.456951639571606
-0.159844442764598 0.457117942498627
-0.158261824519404 0.457280729143413
-0.156694875761787 0.457440072742728
-0.155143441348303 0.457596037138579
-0.153607367671588 0.457748689397287
-0.152086502645136 0.457898084628471
-0.150580695688254 0.458044284930772
-0.149089797711142 0.45818734725796
-0.147613661100141 0.458327312143587
-0.14615213970311 0.458464238402106
-0.14470508881496 0.458598169767516
-0.143272365163327 0.458729152432426
-0.141853826894383 0.458857214734024
-0.140449333558795 0.458982407786745
-0.139058746097817 0.459104760725918
-0.137681926829522 0.459224305192081
-0.13631873943517 0.459341073264249
-0.134969048945713 0.459455093077642
-0.133632721728429 0.459566389308278
-0.132309625473692 0.459674983479079
-0.130999629181873 0.459780900618615
-0.129702603150369 0.459884159901888
-0.128418418960762 0.459984771768302
-0.127146949466101 0.460082764502693
-0.125888068778317 0.460178145551994
-0.12464165225576 0.460270927465802
-0.123407576490851 0.460361124585335
-0.122185719297873 0.460448749022395
-0.120975959700864 0.460533810418512
-0.119778177921647 0.460616315916462
-0.118592255367968 0.460696276472193
-0.11741807462175 0.46077369970075
-0.116255519427476 0.460848593133156
-0.115104474680669 0.460920961282457
-0.113964826416504 0.460990816905225
-0.112836461798519 0.461058162778544
-0.111719269107444 0.461123006645157
-0.110613137730143 0.461185354736167
-0.109517958148656 0.461245214002351
-0.108433621929363 0.461302590187424
-0.10736002171224 0.461357496138425
-0.106297051200238 0.461409924985529
-0.10524460514875 0.46145989478073
-0.104202579355198 0.461507410174377
-0.103170870648711 0.461552479063872
-0.102149376879912 0.461595108203794
-0.101137996910804 0.461635305312347
-0.100136630604756 0.461673077132743
-0.0991451788165905 0.461708432447279
-0.0981635433827629 0.461741378106458
-0.0971916271116464 0.461771923536607
-0.0962293337739073 0.461800073021559
-0.0952765680929776 0.46182583463749
-0.0943332357356213 0.461849217552256
-0.0933992433025954 0.461870224623028
-0.0924744983194014 0.461888864944678
-0.0915589092271301 0.461905141180314
-0.09065238537339609 0.4619190594937
-0.08975483700336249 0.461930619246223
-0.0888661752508539 0.46193983073276
-0.0879863121295584 0.461946691337996
-0.0871151605243152 0.461951203278192
-0.0862526341824903 0.461953365337986
-0.085398647705436 0.461953174354716
-0.0845531165400356 0.461950627973153
-0.08371595697033229 0.461945720072278
-0.08288708610923989 0.461938446127817
-0.0820664218903365 0.461928795294304
-0.0812538830597391 0.461916760313468
-0.08044938916805849 0.461902325758628
-0.0796528605624342 0.4618854804189
-0.0788642183786477 0.461866207876865
-0.07808338453331461 0.461844486028418
-0.07731028171615301 0.461820299462766
-0.0765448333823297 0.461793624604303
-0.07578696374488091 0.461764433692936
-0.07503659776720881 0.461732704525557
-0.07429366115565229 0.4616984060887
-0.073558080352131 0.461661508052654
-0.0728297825268624 0.461621979454737
-0.0721086955711509 0.461579782143985
-0.0713947480902484 0.461534882301282
-0.0706878693962855 0.461487241718643
-0.0699879895012728 0.46143682063401
-0.0692950391101711 0.461383576049784
-0.0686089496140308 0.461327466674014
-0.0679296530831988 0.461268448691221
-0.06725708226059279 0.461206475379897
-0.06659117055504241 0.461141507076598
-0.0659318520346955 0.461073488041492
-0.0652790614204906 0.461002375138774
-0.0646327340796936 0.460928122614118
-0.0639928060194986 0.460850681629478
-0.0633592138806917 0.460770005377371
-0.0627318949313779 0.460686044021577
-0.0621107870607702 0.460598752036637
-0.0614958287730398 0.460508081759958
-0.0608869591812276 0.460413994065364
-0.0602841180012154 0.460316428946392
-0.0596872455457578 0.460215356482978
-0.0590962827185721 0.460110729117931
-0.0585111710084872 0.46000250570945
-0.0579318524836507 0.459890646438275
-0.0573582697857928 0.459775113562999
-0.0567903661245473 0.459655869816914
-0.056228085271829 0.459532880206655
-0.0556713715562664 0.459406111986559
-0.0551201698576895 0.459275536908801
-0.0545744256016727 0.459141113941134
-0.0540340847541314 0.459002829532873
-0.0534990938159717 0.45886065227974
-0.0529693998177938 0.458714556685599
-0.0524449503146473 0.458564521804963
-0.0519256933808389 0.458410527629075
-0.051411577604791 0.4582525573877
-0.0509025520839515 0.458090585736627
-0.0503985664197539 0.45792460677643
-0.0498995707126277 0.457754596985339
-0.0494055155570571 0.457580543188751
-0.0489163520366902 0.457402433109289
-0.0484320317194952 0.45722026234482
-0.0479525066529656 0.457034015627795
-0.0474777293593719 0.456843677304623
-0.0470076528310613 0.456649238675302
-0.0465422305258032 0.456450692480187
-0.0460814163621814 0.456248029286565
-0.0456251647150311 0.456041230933968
-0.0451734304109219 0.455830287170013
-0.044726168723685 0.455615194139784
-0.0442833353699852 0.455395935898796
-0.0438448865049358 0.455172500208656
-0.0434107787177582 0.454944871776544
-0.0429809690274834 0.454713037050172
-0.0425554148786964 0.454476989221251
-0.0421340741373232 0.454236698016989
-0.0417169050864586 0.453992154111054
-0.0413038664222363 0.453743335218795
-0.0408949172497389 0.453490223585629
-0.0404900170789494 0.453232797694321
-0.0400891258207419 0.452971038366095
-0.0396922037829128 0.452704917730535
-0.0392992116662503 0.452434419214074
-0.0389101105606439 0.452159515894426
-0.0385248619412316 0.451880183981731
-0.0381434276645857 0.45159639083233
-0.0377657699649363 0.451308121505905
-0.037391851450432 0.451015335081054
-0.0370216350994376 0.450718033907856
-0.036655084256869 0.45041615205342
-0.0362921626305633 0.450109698982999
-0.0359328342876865 0.44979862827366
-0.0355770636511747 0.449482930064039
-0.0352248154962126 0.449162585965068
-0.0348760549467451 0.44883756180292
-0.0345307474720249 0.448507834333204
-0.0341888588831929 0.44817341221801
-0.033850355329894 0.447834232210508
-0.0335152032969248 0.447490322235672
-0.0331833696009156 0.4471416622564
-0.0328548213870451 0.446788224448799
-0.0325295261257873 0.446430020194751
-0.0322074516096904 0.446067038025961
-0.0318885659501885 0.445699281939474
-0.031572837574444 0.445326745651169
-0.0312602352222218 0.444949432019828
-0.0309507279427939 0.44456736028228
-0.0306442850918751 0.444180531992268
-0.0303408763285892 0.443788960583994
-0.0300404716124646 0.443392663657793
-0.02974304120046 0.44299165842609
-0.0294485556440198 0.442585968797359
-0.0291569857861582 0.442175616607231
-0.0288683027585725 0.441760629278272
-0.0285824779787846 0.441341041929939
-0.0282994831473115 0.440916870593516
-0.0280192902448629 0.440488179793629
-0.0277418715295672 0.440054977921417
-0.027467199534225 0.439617303825435
-0.0271952470635891 0.439175200625685
-0.0269259871916724 0.43872871419466
-0.0266593932590815 0.438277892296184
-0.0263954388703778 0.437822749205436
-0.0261340978914631 0.43736335377697
-0.0258753444469932 0.436899734680559
-0.025619152917815 0.436431931504469
-0.0253654979384307 0.435960014331688
-0.0251143543944859 0.435484009880282
-0.024865697420283 0.435003956952958
-0.0246195023963198 0.434519893711639
-0.0243757449468513 0.434031875819209
-0.0241344009374766 0.433539941828036
-0.0238954464727491 0.433044125384308
-0.023658857893811 0.432544470768793
-0.0234246117760505 0.432041014034708
-0.0231926849267826 0.431533808593632
-0.0229630543829531 0.431022867267569
-0.0227356974088645 0.430508237410639
-0.0225105914939252 0.429989953376896
-0.022287714350421 0.429468049151819
-0.0220670439113079 0.428942558143959
-0.0218485583280276 0.428413514031905
-0.0216322359683442 0.427880945637914
-0.0214180554142022 0.427344884835153
-0.0212059954596061 0.426805363954786
-0.0209960351085209 0.426262409636251
-0.020788153572793 0.425716064566418
-0.0205823302700921 0.425166336322495
-0.0203785448218733 0.424613269269037
-0.0201767770513597 0.424056899300168
-0.0199770069815443 0.423497242992338
-0.0197792148332122 0.422934347475566
-0.0195833810229823 0.422368234252566
-0.0193894861613687 0.421798935385785
-0.0191975110508601 0.421226489625945
-0.0190074366840199 0.420650929235126
-0.0188192442416038 0.42007229675761
-0.0186329150906968 0.419490623426631
-0.0184484307828682 0.418905950692287
-0.0182657730523447 0.418318313014343
-0.0180849238142027 0.417727769914594
-0.0179058651625769 0.417134356260093
-0.017728579368888 0.416538114451006
-0.0175530488800872 0.415939091465191
-0.017379256316918 0.415337342411366
-0.017207184472196 0.414732916032742
-0.017036816309105 0.414125865546752
-0.0168681349595099 0.413516245179943
-0.016701123722287 0.412904112379752
-0.0165357660616703 0.412289525594317
-0.0163720456056142 0.411672543385914
-0.0162099461441724 0.411053223909936
-0.0160494516278935 0.410431634837872
-0.0158905461662312 0.409807836576668
-0.0157332140259715 0.409181892236865
-0.0155774396296747 0.408553878742446
-0.0154232075541334 0.407923849444427
-0.0152705025288449 0.407291885410699
-0.0151193094344999 0.406658035891425
-0.0149696133014851 0.406022380772768
-0.0148213993084011 0.405385003770545
-0.0146746527805951 0.404745957454934
-0.014529359188708 0.404105309844342
-0.0143855041472357 0.403463161784202
-0.0142430734131046 0.40281955169457
-0.014102052884262 0.402174562553923
-0.0139624285982792 0.401528259836904
-0.0138241867309695 0.400880721307263
-0.0136873135950193 0.400232005405001
-0.013551795638633 0.399582220105521
-0.0134176194441911 0.39893140218401
-0.0132847717269219 0.398279615233413
-0.013153239333586 0.397626949795661
-0.0130230092411743 0.396973465672458
-0.0128940685556181 0.39631923807878
-0.012766404510513 0.395664328356302
-0.0126400044658544 0.395008806882278
-0.0125148559067866 0.394352740935231
-0.0123909464423629 0.39369619826455
-0.0122682638043197 0.393039246085915
-0.0121467958458611 0.392381948734084
-0.0120265305404566 0.391724371287093
-0.0119074559806501 0.391066573345256
-0.0117895603768812 0.390408633299415
-0.0116728320563181 0.389750602155671
-0.0115572594617011 0.389092546000054
-0.0114428311501991 0.388434533494551
-0.0113295357922763 0.387776608175651
-0.0112173621705706 0.387118869409345
-0.0111062991787828 0.386461330495034
-0.010996335820577 0.385804087211915
-0.0108874612084921 0.385147192063767
-0.0107796645628634 0.384490700630969
-0.0106729352107559 0.383834672735525
-0.0105672625849068 0.383179168237592
-0.01046263622268 0.382524251466208
-0.0103590457650297 0.381869968339002
-0.010256480955475 0.381216389050183
-0.0101549316390841 0.380563563194463
-0.0100543877614694 0.379911550427701
-0.00995483936779152 0.379260405073651
-0.009856276601773781 0.378610184950152
-0.009758689704726511 0.377960944769516
-0.00966206901458071 0.377312735163288
-0.009566404964931391 0.37666561525058
-0.00947168808409049 0.376019635412453
-0.009377908994149 0.375374848531293
-0.00928505841004851 0.374731302397367
-0.00919312713866189 0.374089056782439
-0.00910210607788306 0.373448157394559
-0.0090119862157258 0.372808651787003
-0.008922758629431491 0.372170591156586
-0.008834414484585631 0.371534023542733
-0.008746945034243199 0.370898994529221
-0.008660341618062581 0.370265548325718
-0.0085745956614481 0.369633734135194
-0.00848969867470108 0.369003597734034
-0.008405642252179289 0.368375174750484
-0.00832241807146464 0.367748515027923
-0.00824001789253925 0.367123657016953
-0.00815843355696956 0.366500641148179
-0.00807765698709857 0.36587950720825
-0.00799768018524611 0.365260290304697
-0.00791849523291694 0.364643034385298
-0.00784009429001677 0.364027770685229
-0.00776246959407601 0.363414535045473
-0.0076856134594812 0.362803364342846
-0.00760951827671406 0.3621942865841
-0.00753417651159808 0.361587333801094
-0.00745958070455255 0.360982542433026
-0.00738572346985401 0.360379939202671
-0.00731259749490496 0.359779550499632
-0.00724019553950986 0.35918140983413
-0.00716851043515828 0.358585539993381
-0.00709753508431513 0.357991965372781
-0.00702726245971795 0.357400715513841
-0.00695768560368114 0.356811810120543
-0.00688879762740707 0.356225273747543
-0.00682059171030403 0.355641125767336
-0.00675306109931092 0.355059392340758
-0.00668619910822863 0.354480086436664
-0.00661999911705805 0.353903234288336
-0.0065544545713446 0.353328849520046
-0.00648955898152931 0.352756951265254
-0.00642530592230625 0.35218755629119
-0.00636168903198638 0.351620679685712
-0.00629870201186771 0.35105633824712
-0.00623633862561159 0.350494543029371
-0.00617459269862534 0.349935310008031
-0.00611345811745083 0.349378651500987
-0.00605292882915924 0.348824579333911
-0.00599299884075172 0.348273105235054
-0.00593366221856606 0.347724240580892
-0.00587491308768917 0.347177997887526
-0.00581674563137541 0.346634380529473
-0.0057591540904707 0.346093402608509
-0.00570213276284228 0.345555071541692
-0.00564567600281414 0.345019395208539
-0.00558977822060806 0.344486381038614
-0.00553443388179016 0.343956036345009
-0.00547963750672293 0.343428366784916
-0.0054253836700227 0.342903380616815
-0.00537166700002248 0.342381081186737
-0.00531848217824008 0.341861474676301
-0.00526582393885156 0.341344565804172
-0.00521368706816986 0.340830364973651
-0.00516206640412858 0.340318858343171
-0.00511095683577087 0.339810067286523
-0.00506035330274343 0.339303989510382
-0.00501025079479548 0.338800630246052
-0.00496064435128265 0.338299985149361
-0.00491152906067589 0.337802062515088
-0.00486290006007514 0.337306865919118
-0.00481475253472786 0.336814390874003
-0.00476708171755234 0.336324643230012
-0.00471988288866568 0.335837623998126
-0.00467315137491651 0.335353332537083
-0.00462688254942229 0.334871767842478
-0.00458107183111118 0.334392934586766
-0.00453571468426849 0.333916825712305
-0.00449080661808762 0.333443438058583
-0.00444634318622536 0.332972793393748
-0.00440231998636175 0.33250487632454
-0.00435873265976411 0.332039687262607
-0.00431557689085555 0.331577224711696
-0.00427284840678767 0.331117487476303
-0.0042305429770175 0.330660474428568
-0.00418865641288861 0.33020618314831
-0.00414718456721645 0.329754612096794
-0.00410612333387767 0.32930575990524
-0.00406546864740364 0.328859624213169
-0.00402521648257786 0.328416205695497
-0.00398536285403748 0.327975507650947
-0.0039459038158787 0.327537501528454
-0.00390683546126603 0.327102200878285
-0.00386815392204558 0.326669602431634
-0.00382985536836196 0.326239701132683
-0.00379193600827917 0.325812493465211
-0.00375439208740512 0.325387977396438
-0.00371721988851992 0.324966148013139
-0.00368041573120784 0.324547000400306
-0.00364397597149291 0.3241305314242
-0.00360789700147813 0.323716735873097
-0.00357217524898825 0.323305609779433
-0.00353680717721609 0.322897147157239
-0.00350178928437236 0.322491343611076
-0.00346711810333897 0.322088193900193
-0.00343279020132572 0.321687697400397
-0.00339880217953041 0.32128983464863
-0.00336515067280239 0.320894614576227
-0.00333183234930929 0.320502025020101
-0.00329884391020722 0.32011206125817
-0.00326618208931408 0.319724717138611
-0.00323384365278622 0.319339986310034
-0.00320182539879824 0.318957862684877
-0.00317012415722598 0.318578338935972
-0.00313873678933265 0.318201407955402
-0.00310766018745807 0.317827064610533
-0.00307689127471096 0.31745530030343
-0.00304642700466432 0.317086106915549
-0.00301626436105378 0.316719481755019
-0.00298640035747899 0.316355411659828
-0.00295683203710791 0.315993893310426
-0.00292755647238407 0.315634914688216
-0.0028985707647367 0.315278474718841
-0.00286987204429376 0.314924562061142
-0.00284145746959779 0.314573161882424
-0.00281332422732454 0.314224274800645
-0.0027854695320045 0.313877888877752
-0.00275789062574703 0.313533996942259
-0.00273058477796735 0.313192589984476
-0.00270354928511619 0.312853658819321
-0.00267678147041207 0.31251719415726
-0.00265027868357631 0.312183187446846
-0.0026240383005706 0.311851630188665
-0.00259805772333723 0.311522510552977
-0.00257233437954181 0.311195823456472
-0.00254686572231862 0.310871557300345
-0.00252164923001844 0.310549702470171
-0.00249668240595885 0.310230249662868
-0.00247196277817708 0.30991318909836
-0.00244748789918523 0.309598510640499
-0.00242325534572795 0.309286204583716
-0.00239926271854252 0.308976260845092
-0.00237550764212131 0.308668669421067
-0.00235198776447654 0.308363419679324
-0.00232870075690747 0.308060501968466
-0.00230564431376977 0.307759905631441
-0.0022828161522473 0.307461620092637
-0.00226021401212604 0.307165634833614
-0.00223783565557034 0.306871939255207
-0.00221567886690132 0.306580522607536
-0.00219374145237755 0.306291374117019
-0.00217202123997777 0.306004482909316
-0.00215051607918591 0.30571983802035
-0.00212922384077813 0.305437428714711
-0.00210814241661201 0.305157243267257
-0.00208726971941783 0.304879272584932
-0.00206660368259191 0.304603503457823
-0.00204614225999199 0.304329924004784
-0.00202588342573464 0.304058521624214
-0.0020058251739947 0.303789286972211
-0.00198596551880663 0.303522212495085
-0.00196630249386795 0.303257282622501
-0.00194683415234451 0.302994485903294
-0.00192755856667773 0.302733810848791
-0.00190847382839379 0.302475244843833
-0.00188957804791465 0.30221878058299
-0.00187086935437094 0.301964402430858
-0.00185234589541677 0.301712098171386
-0.0018340058370463 0.301461857893252
-0.00181584736341218 0.301213670039796
-0.00179786867664573 0.300967520553909
-0.00178006799667894 0.30072339974408
-0.00176244356106825 0.300481294935779
-0.00174499362482005 0.30024119421343
-0.00172771646021787 0.300003085425079
-0.00171061035665136 0.299766956989577
-0.00169367362044689 0.299532796727473
-0.00167690457469989 0.299300592612519
-0.00166030155910881 0.299070332616854
-0.0016438629298107 0.298842004714853
-0.00162758705921851 0.298615596852401
-0.00161147233585991 0.298391096931127
-0.00159551716421774 0.298168492902191
-0.00157971996457202 0.297947772684972
-0.00156407917284358 0.297728924201096
-0.00154859324043919 0.297511935334602
-0.00153326063409821 0.297296793994914
-0.0015180798357408 0.297083488178623
-0.00150304934231762 0.296872005982699
-0.00148816766566101 0.296662334923299
-0.00147343333233764 0.296454462544976
-0.00145884488350261 0.296248377898375
-0.00144440087475506 0.296044068012
-0.00143009987599511 0.295841521461875
-0.00141594047128228 0.295640726002229
-0.00140192125869533 0.295441669859323
-0.0013880408501934 0.295244340453124
-0.00137429787147861 0.295048726053078
-0.00136069096186001 0.294854814720683
-0.00134721877411882 0.29466259450254
-0.00133387997437507 0.294472053478929
-0.00132067324195552 0.294283179748553
-0.00130759726926289 0.294095961406435
-0.00129465076164642 0.293910386598463
-0.00128183243727369 0.293726443436178
-0.00126914102700365 0.293544119614222
-0.00125657527426104 0.293363406740428
-0.00124413393491192 0.293184287930368
-0.00123181577714052 0.293006754052225
-0.00121961958132724 0.292830793329635
-0.00120754413992796 0.292656394065853
-0.00119558825735442 0.292483544638753
-0.00118375074985586 0.292312233474586
-0.00117203044540184 0.292142449040928
-0.00116042618356618 0.291974179845439
-0.00114893681541206 0.291807414435708
-0.00113756120337828 0.291642141400344
-0.00112629822116661 0.291478349369439
-0.00111514675363031 0.29131602701552
-0.00110410569666367 0.291155163054429
-0.00109317395709274 0.290995746246201
-0.00108235045256707 0.290837765396114
-0.00107163411145255 0.290681209345056
-0.00106102387272529 0.290526067024487
-0.00105051868586663 0.290372327096727
-0.00104011751075904 0.290219979089393
-0.00102981931758321 0.290069011801443
-0.00101962308671605 0.289919413502976
-0.00100952780862975 0.289771174776783
-0.00099953248379183 0.289624284091886
-0.0009896361225661681 0.289478730665008
-0.000979837745115018 0.289334504284554
-0.000970136381301998 0.289191593455231
-0.000960531070596037 0.289049988403279
-0.000951020861976275 0.288909677910171
-0.000941604813837896 0.288770651768139
-0.0009322819938989071 0.288632899474483
-0.000923051479107828 0.288496410677062
-0.000913912355552305 0.288361175046372
-0.000904863718368619 0.288227182307766
-0.000895904671652098 0.288094422243591
-0.000887034328368414 0.287962884691514
-0.000878251810265756 0.287832559545167
-0.000869556247787878 0.287703436756828
-0.000860946779987997 0.28757550633505
-0.0008524225544435619 0.287448758346634
-0.000843982727171843 0.28732318291624
-0.00083562646254638 0.287198770226523
-0.000827352933214237 0.287075510518721
-0.000819161320014096 0.286953394092887
-0.000811050811895145 0.286832411310197
-0.000803020605836777 0.286712552583965
-0.000795069906769086 0.286593808393703
-0.000787197927494145 0.286476169280731
-0.000779403888608064 0.286359625841436
-0.000771687018423826 0.286244168718275
-0.000764046552894877 0.286129788894345
-0.000756481735539482 0.286016476628013
-0.000748991817365824 0.285904223013438
-0.000741576056797845 0.285793018946022
-0.000734233719601827 0.28568285538195
-0.00072696407881369 0.285573723336845
-0.00071976641466702 0.285465613886704
-0.000712640014521802 0.285358518167653
-0.000705584172793863 0.285252427375894
-0.000698598190885013 0.285147332767602
-0.000691681377113875 0.28504322565865
-0.0006848330466474 0.284940097423981
-0.00067805252143307 0.284837939495564
-0.000671339130131752 0.284736743353647
-0.00066469220805124 0.284636500450816
-0.000658111097080435 0.284537205259637
-0.0006515951456241939 0.284438842349483
-0.000645143708538805 0.284341409412168
-0.000638756147068124 0.28424489640473
-0.000632431828780321 0.284149296602385
-0.000626170127505268 0.284054600047162
-0.000619970423272543 0.283960799650024
-0.000613832102250043 0.283867886889326
-0.00060775455668321 0.283775854421822
-0.000601737184834862 0.283684694222077
-0.000595779390925606 0.283594398429366
-0.000589880585074857 0.283504959343394
-0.000584040183242433 0.283416369290321
-0.000578257607170726 0.283328620655484
-0.000572532284327451 0.283241705881332
-0.000566863647848961 0.283155617469423
-0.00056125113648412 0.2830703479788
-0.000555694194538733 0.282985890025484
-0.000550192271820528 0.282902236283013
-0.000544744823584681 0.282819379482015
-0.000539351310479882 0.282737312409769
-0.000534011198494933 0.282656027910173
-0.000528723958905874 0.282575518883338
-0.0005234890682236369 0.282495778285497
-0.000518306008142215 0.282416799128628
-0.000513174265487342 0.282338574480348
-0.000508093332165685 0.28226109772516
-0.00050306270511454 0.282184361517976
-0.0004980818862520199 0.282108359353115
-0.000493150382427742 0.282033084517921
-0.000488267705374002 0.281958530354514
-0.000483433371657428 0.281884690257639
-0.000478646902631117 0.28181155767707
-0.000473907824387244 0.281739126115723
-0.000469215667710143 0.281667389130785
-0.000464569968029844 0.281596340329526
-0.000459970265376083 0.281525973373544
-0.000455416104332756 0.281456281979602
-0.000450907033992828 0.281387259909175
-0.000446442607913691 0.281318901061766
-0.000442022384072961 0.281251199147645
-0.000437645924824714 0.281184148166996
-0.000433312796856152 0.281117742090589
-0.000429022571144705 0.281051974940457
-0.00042477482291555 0.280986840788976
-0.000420569131599554 0.280922333758024
-0.000416405080791638 0.280858448019573
-0.000412282258209542 0.280795177794843
-0.000408200255653012 0.280732517354014
-0.000404158668963379 0.28067046101637
-0.000400157097983543 0.280609003149328
-0.00039619514651836 0.280548138168572
-0.000392272422295405 0.280487860537633
-0.000388388536926144 0.280428164767583
-0.000384543105867469 0.280369045416723
-0.000380735748383633 0.280310497090274
-0.000376966087508547 0.280252514440061
-0.000373233750008463 0.280195092164215
-0.000369538366345013 0.280138225006846
-0.000365879570638626 0.280081907757741
-0.000362257000632303 0.280026135252043
-0.000358670297655746 0.279970902369946
-0.000355119106589847 0.279916204036365
-0.000351603075831532 0.279862035220648
-0.000348121857258943 0.279808390936161
-0.000344675106196973 0.279755266240014
-0.000341262481383142 0.279702656232597
-0.000337883644933803 0.279650556056673
-0.000334538262310697 0.279598960894407
-0.000331226002287818 0.279547865626367
-0.000327946536918632 0.279497266619145
-0.000324699541503596 0.279447158035351
-0.000321484694558016 0.279397535684761
-0.000318301677780214 0.279348394915191
-0.000315150176020014 0.279299731172434
-0.000312029877247538 0.279251539933892
-0.000308940472522315 0.279203816717996
-0.000305881655962688 0.279156557083474
-0.000302853124715533 0.279109756628959
-0.00029985457892627 0.279063410992622
-0.000296885721709178 0.279017515851878
-0.000293946259117998 0.278972066923044
-0.00029103590011683 0.278927059961053
-0.000288154356551317 0.278882490759158
-0.000285301343120116 0.278838355148613
-0.000282476577346649 0.27879464899839
-0.000279679779551138 0.278751368214887
-0.000276910672822909 0.278708508741617
-0.000274168982992979 0.278666066558931
-0.00027145443860691 0.278624037683716
-0.00026876677089793 0.278582418169108
-0.000266105713760327 0.278541204104188
-0.000263471003723096 0.278500391613715
-0.000260862379923858 0.278459976857804
-0.000258279584083027 0.278419956031601
-0.000255722360478245 0.278380325364943
-0.000253190455919054 0.278341081121646
-0.000250683619721836 0.278302219596109
-0.000248201603684986 0.27826373726414
-0.000245744162064343 0.278225630125306
-0.000243311051548854 0.278187894904556
-0.000240902031236489 0.278150527943528
-0.000238516862610385 0.278113525705535
-0.000236155309515233 0.278076884688555
-0.000233817138133894 0.278040601423297
-0.000231502116964252 0.278004672472649
-0.000229210016796289 0.277969094431336
-0.000226940610689395 0.277933863925618
-0.000224693673949896 0.277898977601411
-0.000222468984108808 0.277864432170512
-0.00022026632089981 0.27783022434058
-0.000218085466237435 0.277796350861374
-0.000215926204195481 0.277762808512882
-0.000213788320985624 0.277729594105051
-0.000211671604936262 0.277696704477535
-0.000209575846471546 0.277664136499449
-0.00020750083809064 0.277631887069101
-0.000205446374347168 0.277599953113762
-0.000203412251828879 0.277568331589396
-0.000201398269137504 0.277537019480434
-0.000199404226868816 0.277506013799513
-0.000197429927592887 0.277475311587233
-0.000195475175834542 0.277444909911933
-0.000193539778054002 0.277414805869423
-0.000191623542627725 0.277384996582766
-0.00018972627982943 0.277355479202033
-0.000187847801811317 0.277326250904068
-0.000185987922585462 0.277297308892254
-0.000184146458005408 0.277268650396283
-0.000182323225747929 0.277240272671918
-0.000180518045294979 0.277212173000775
-0.000178730737915821 0.27718434869009
-0.000176961126649328 0.277156797072486
-0.000175209036286463 0.277129515505761
-0.000173474293352934 0.277102501372662
-0.000171756726092014 0.277075752080658
-0.000170056164447538 0.277049265061727
-0.000168372440047068 0.277023037772135
-0.000166705386185215 0.276997067692222
-0.000165054837807144 0.276971352326185
-0.000163420631492222 0.276945889201868
-0.000161802605437843 0.27692067587055
-0.000160200599443409 0.276895709906734
-0.000158614454894465 0.276870988907937
-0.000157044014746995 0.276846510494488
-0.000155489123511876 0.27682227230932
-0.000153949627239481 0.276798272017771
-0.000152425373504437 0.276774507307371
-0.000150916211390531 0.276750975887654
-0.000149421991475774 0.276727675489966
-0.000147942565817598 0.276704603867231
-0.000146477787938216 0.276681758793801
-0.000145027512810114 0.276659138065233
-0.000143591596841697 0.276636739498112
-0.000142169897863067 0.276614560929849
-0.000140762275111947 0.276592600218496
-0.00013936858921975 0.276570855242556
-0.000137988702197772 0.27654932390097
-0.000136622477423537 0.276528004112255
-0.000135269779627264 0.276506893815334
-0.000133930474878479 0.276485990968669
-0.000132604430572752 0.276465293550271
-0.000131291515418566 0.276444799557497
-0.000129991599424323 0.276424507006901
-0.000128704553885468 0.276404413934045
-0.000127430251371751 0.276384518393363
-0.000126168565714605 0.276364818458128
-0.000124919371994658 0.276345312221992
-0.000123682546529364 0.276325997778332
-0.000122457966860757 0.27630687328367
-0.000121245511743324 0.276287936866069
-0.000120045061132003 0.276269186692073
-0.0001188564961703 0.276250620943332
-0.000117679699178515 0.276232237818799
-0.000116514553642094 0.276214035534705
-0.000115360944200093 0.276196012324397
-0.000114218756633756 0.276178166438232
-0.000113087877855204 0.276160496143404
-0.000111968195896241 0.276142999723783
-0.000110859599897269 0.276125675479776
-0.000109761980096306 0.276108521728156
-0.000108675227818124 0.276091536801927
-0.00010759923546349 0.276074719050161
-0.000106533896498505 0.276058066837845
-0.000105479105444064 0.276041578545748
-0.00010443475786541 0.276025252570258
-0.000103400750361792 0.276009087323247
-0.00010237698055623 0.275993081231918
-0.000101363347085376 0.275977232738661
-0.000100359749589481 0.275961540300922
-9.93660887024564e-05 0.275946002391045
-9.838226604203611e-05 0.275930617496148
-9.74081842000357e-05 0.275915384117971
-9.64437467327086e-05 0.275900300772751
-9.548885815119661e-05 0.275885365991075
-9.45434239120759e-05 0.27587057831775
-9.36073504079959e-05 0.275855936311667
-9.26805449584118e-05 0.275841438545674
-9.17629158004077e-05 0.275827083606433
-9.08543720796116e-05 0.275812870094306
-8.995482384119961e-05 0.275798796623205
-8.90641820209897e-05 0.275784861820485
-8.81823584366235e-05 0.275771064326802
-8.730926577883521e-05 0.275757402795993
-8.64448176028071e-05 0.275743875894954
-8.5588928319611e-05 0.275730482303507
-8.474151318773359e-05 0.27571722071429
-8.39024883046868e-05 0.275704089832622
-8.307177059869981e-05 0.275691088376399
-8.22492778204948e-05 0.275678215075959
-8.143492853514339e-05 0.275665468673972
-8.062864211400339e-05 0.27565284792532
-7.9830338726736e-05 0.275640351596986
-7.9039939333402e-05 0.275627978467923
-7.82573656766356e-05 0.275615727328989
-7.74825402738966e-05 0.275603596982744
-7.671538640979859e-05 0.275591586243428
-7.59558281285135e-05 0.275579693936805
-7.5203790226251e-05 0.275567918900058
-7.44591982438129e-05 0.275556259981688
-7.37219784592207e-05 0.275544716041399
-7.299205788041651e-05 0.275533285949996
-7.22693642380361e-05 0.275521968589276
-7.155382597825361e-05 0.275510762851923
-7.084537225569659e-05 0.27549966764141
-7.01439329264323e-05 0.275488681871883
-6.944943854102211e-05 0.275477804468071
-6.876182033764561e-05 0.275467034365183
-6.80810102352927e-05 0.275456370508801
-6.74069408270225e-05 0.275445811854789
-6.673954537328961e-05 0.275435357369185
-6.607875779533621e-05 0.275425006028114
-6.54245126686497e-05 0.275414756817685
-6.477674521648491e-05 0.275404608733898
-6.41353913034504e-05 0.275394560782542
-6.350038742915879e-05 0.275384611979114
-6.28716707219394e-05 0.275374761348714
-6.22491789326132e-05 0.27536500792596
-6.16328504283299e-05 0.275355350754891
-6.10226241864653e-05 0.275345788888884
-6.04184397885795e-05 0.275336321390556
-5.98202374144351e-05 0.275326947331681
-5.92279578360744e-05 0.275317665793097
-5.86415424119548e-05 0.275308475864625
-5.80609330811434e-05 0.275299376644981
-5.74860723575677e-05 0.275290367241677
-5.69169033243245e-05 0.27528144677096
-5.6353369628044e-05 0.275272614357709
-5.57954154733109e-05 0.275263869135364
-5.52429856171395e-05 0.275255210245834
-5.46960253635045e-05 0.275246636839417
-5.41544805579252e-05 0.275238148074728
-5.36182975821042e-05 0.275229743118605
-5.3087423348618e-05 0.275221421146039
-5.25618052956614e-05 0.2752131813401
-5.2041391381843e-05 0.27520502289184
-5.15261300810327e-05 0.275196945000234
-5.10159703772601e-05 0.275188946872095
-5.05108617596634e-05 0.275181027722007
-5.00107542174885e-05 0.275173186772238
-4.95155982351372e-05 0.275165423252669
-4.90253447872645e-05 0.275157736400726
-4.85399453339253e-05 0.275150125461301
-4.80593518157676e-05 0.275142589686689
-4.75835166492748e-05 0.2751351283365
-4.71123927220543e-05 0.275127740677599
-4.66459333881726e-05 0.275120425984042
-4.61840924635372e-05 0.275113183536991
-4.5726824221324e-05 0.275106012624664
-4.52740833874495e-05 0.275098912542232
-4.48258251360886e-05 0.275091882591808
-4.43820050852362e-05 0.275084922082316
-4.39425792923131e-05 0.275078030329479
-4.35075042498149e-05 0.275071206655713
-4.30767368810049e-05 0.275064450390081
-4.26502345356484e-05 0.275057760868236
-4.22279549857905e-05 0.275051137432332
-4.18098564215747e-05 0.275044579430825
-4.13958974471037e-05 0.275038086219285
-4.09860370763403e-05 0.275031657158493
-4.05802347290498e-05 0.275025291616187
-4.0178450226782e-05 0.275018988966192
-3.97806437888931e-05 0.275012748588477
-3.9386776028607e-05 0.275006569869089
-3.89968079491158e-05 0.275000452200078
-3.86107009397186e-05 0.274994394979496
-3.82284167719987e-05 0.274988397611284
-3.78499175960383e-05 0.274982459505225
-3.74751659366716e-05 0.274976580076924
-3.71041246897738e-05 0.274970758747716
-3.67367571185879e-05 0.27496499494461
-3.63730268500871e-05 0.274959288100252
-3.60128978713733e-05 0.274953637652857
-3.56563345261122e-05 0.274948043046163
-3.53033015110022e-05 0.274942503729369
-3.49537638722794e-05 0.274937019157083
-3.46076870022568e-05 0.274931588789286
-3.42650366358979e-05 0.274926212091249
-3.39257788474236e-05 0.274920888533507
-3.35898800469541e-05 0.274915617591799
-3.32573069771823e-05 0.27491039874701
-3.29280267100814e-05 0.274905231485142
-3.2602006643645e-05 0.274900115297234
-3.22792144986584e-05 0.274895049679338
-3.19596183155034e-05 0.274890034132462
-3.16431864509934e-05 0.274885068162512
-3.1329887575241e-05 0.274880151280264
-3.10196906685555e-05 0.274875283001295
-3.07125650183718e-05 0.27487046284595
-3.04084802162097e-05 0.274865690339299
-3.0107406154663e-05 0.274860965011072
-2.98093130244188e-05 0.274856286395632
-2.95141713113058e-05 0.274851654031919
-2.92219517933721e-05 0.274847067463412
-2.89326255379921e-05 0.274842526238085
-2.86461638990021e-05 0.274838029908349
-2.83625385138635e-05 0.274833578031029
-2.80817213008549e-05 0.274829170167309
-2.7803684456292e-05 0.274824805882691
-2.75284004517743e-05 0.274820484746952
-2.72558420314597e-05 0.274816206334104
-2.6985982209366e-05 0.274811970222356
-2.6718794266699e-05 0.274807775994063
-2.64542517492069e-05 0.2748036232357
-2.61923284645613e-05 0.274799511537801
-2.59329984797637e-05 0.274795440494946
-2.56762361185779e-05 0.274791409705693
-2.5422015958988e-05 0.274787418772558
-2.51703128306812e-05 0.274783467301983
-2.49211018125557e-05 0.274779554904265
-2.46743582302531e-05 0.274775681193546
-2.4430057653716e-05 0.274771845787783
-2.41881758947683e-05 0.274768048308682
-2.39486890047211e-05 0.274764288381676
-2.37115732720011e-05 0.274760565635885
-2.3476805219803e-05 0.274756879704089
-2.32443616037654e-05 0.274753230222691
-2.30142194096687e-05 0.27474961683166
-2.27863558511571e-05 0.274746039174532
-2.25607483674823e-05 0.274742496898334
-2.23373746212696e-05 0.274738989653593
-2.21162124963065e-05 0.27473551709426
-2.1897240095353e-05 0.274732078877702
-2.16804357379733e-05 0.27472867466469
-2.14657779583894e-05 0.274725304119314
-2.12532455033558e-05 0.274721966908996
-2.10428173300553e-05 0.274718662704683
-2.08344726040151e-05 0.274715391174404
-2.06281906970447e-05 0.274712152010042
-2.04239511851927e-05 0.274708944878978
-2.02217338467255e-05 0.274705769468351
-2.00215186601242e-05 0.274702625464829
-1.98232858021032e-05 0.274699512558126
-1.96270156456467e-05 0.274696430440986
-1.94326887580661e-05 0.274693378809176
-1.92402858990753e-05 0.274690357361491
-1.90497880188865e-05 0.274687365799675
-1.88611762563232e-05 0.274684403828399
-1.86744319369537e-05 0.274681471155269
-1.84895365712413e-05 0.274678567490755
-1.83064718527141e-05 0.274675692548205
-1.81252196561526e-05 0.274672846043781
-1.79457620357947e-05 0.274670027696441
-1.77680812235591e-05 0.274667237227931
-1.75921596272862e-05 0.274664474362709
-1.74179798289962e-05 0.274661738827988
-1.72455245831646e-05 0.274659030353657
-1.70747768150145e-05 0.274656348672262
-1.69057196188262e-05 0.274653693518998
-1.67383362562636e-05 0.274651064631672
-1.65726101547164e-05 0.274648461750673
-1.64085249056598e-05 0.27464588461895
-1.62460642630295e-05 0.274643332981999
-1.60852121416134e-05 0.274640806587814
-1.59259526154588e-05 0.274638305186885
-1.57682699162958e-05 0.274635828532161
-1.56121484319761e-05 0.274633376379026
-1.54575727049268e-05 0.274630948485283
-1.53045274306206e-05 0.274628544611126
-1.515299745606e-05 0.274626164519107
-1.50029677782772e-05 0.274623807974133
-1.48544235428487e-05 0.274621474743423
-1.47073500424245e-05 0.274619164596498
-1.45617327152718e-05 0.274616877305149
-1.44175571438334e-05 0.274614612643426
-1.42748090533004e-05 0.274612370387605
-1.41334743101984e-05 0.274610150316174
-1.39935389209886e-05 0.274607952209801
-1.38549890306817e-05 0.274605775851327
-1.37178109214671e-05 0.274603621025735
-1.35819910113535e-05 0.274601487520126
-1.34475158528253e-05 0.274599375123709
-1.33143721315102e-05 0.274597283627771
-1.31825466648616e-05 0.274595212825659
-1.3052026400853e-05 0.274593162512763
-1.29227984166862e-05 0.274591132486492
-1.27948499175111e-05 0.274589122546255
-1.26681682351595e-05 0.27458713249344
-1.25427408268906e-05 0.274585162131405
-1.24185552741491e-05 0.274583211265436
-1.22955992813357e-05 0.274581279702755
-1.21738606745898e-05 0.274579367252479
-1.2053327400584e-05 0.274577473725611
-1.19339875253307e-05 0.274575598935029
-1.18158292330007e-05 0.27457374269545
-1.16988408247531e-05 0.274571904823422
-1.15830107175774e-05 0.274570085137306
-1.14683274431459e-05 0.274568283457263
-1.13547796466791e-05 0.274566499605219
-1.12423560858209e-05 0.274564733404871
-1.11310456295256e-05 0.274562984681646
-1.10208372569561e-05 0.274561253262705
-1.09117200563922e-05 0.274559538976911
-1.08036832241506e-05 0.27455784165482
-1.06967160635155e-05 0.274556161128659
-1.05908079836787e-05 0.274554497232316
-1.04859484986918e-05 0.274552849801318
-1.03821272264275e-05 0.274551218672817
-1.0279333887552e-05 0.274549603685573
-1.01775583045069e-05 0.274548004679942
-1.00767904005019e-05 0.274546421497856
-9.977020198516739e-06 0.274544853982806
-9.878237820313601e-06 0.274543301979833
-9.780433485459009e-06 0.274541765335507
-9.68359751035546e-06 0.274540243897917
-9.587720307282629e-06 0.274538737516648
-9.492792383448151e-06 0.274537246042774
-9.39880434004767e-06 0.274535769328842
-9.30574687133433e-06 0.274534307228857
-9.21361076369735e-06 0.274532859598259
-9.12238689474986e-06 0.274531426293926
-9.0320662324256e-06 0.274530007174147
-8.942639834084751e-06 0.27452860209861
-8.85409884562847e-06 0.274527210928389
-8.76643450062225e-06 0.274525833525929
-8.679638119427971e-06 0.274524469755052
-8.593701108344519e-06 0.274523119480898
-8.508614958756951e-06 0.274521782569959
-8.42437124629401e-06 0.274520458890039
-8.34096162999407e-06 0.274519148310253
-8.25837785147928e-06 0.274517850701006
-8.1766117341379e-06 0.274516565933987
-8.09565518231475e-06 0.27451529388215
-8.01550018050966e-06 0.274514034419709
-7.93613879258382e-06 0.274512787422117
-7.85756316097408e-06 0.274511552766059
-7.77976550591493e-06 0.274510330329442
-7.702738124668249e-06 0.274509119991377
-7.62647339076064e-06 0.274507921632171
-7.55096375322836e-06 0.274506735133312
-7.47620173586966e-06 0.274505560377464
-7.40217993650461e-06 0.274504397248448
-7.32889102624219e-06 0.274503245631235
-7.25632774875465e-06 0.274502105411929
-7.18448291955906e-06 0.274500976477765
-7.113349425306e-06 0.274499858717091
-7.04292022307524e-06 0.274498752019361
-6.97318833967846e-06 0.274497656275118
-6.90414687096877e-06 0.274496571375986
-6.8357889811572e-06 0.274495497214671
-6.76810790213584e-06 0.274494433684924
-6.70109693280776e-06 0.274493380681558
-6.63474943842353e-06 0.274492338100426
-6.56905884992428e-06 0.274491305838404
-6.50401866329137e-06 0.274490283793391
-6.43962243890235e-06 0.274489271864299
-6.37586380089341e-06 0.27448826995103
-6.31273643652813e-06 0.274487277954489
-6.25023409557241e-06 0.274486295776551
-6.18835058967565e-06 0.274485323320063
-6.12707979175807e-06 0.274484360488837
-6.06641563540403e-06 0.274483407187629
-6.00635211426141e-06 0.274482463322144
-5.94688328144694e-06 0.274481528799017
-5.88800324895737e-06 0.274480603525802
-5.82970618708651e-06 0.274479687410973
-5.77198632384803e-06 0.274478780363907
-5.71483794440399e-06 0.274477882294876
-5.658255390499e-06 0.274476993115042
-5.6022330599e-06 0.274476112736443
-5.54676540584158e-06 0.274475241071989
-5.49184693647681e-06 0.274474378035448
-5.43747221433348e-06 0.274473523541444
-5.38363585577572e-06 0.274472677505446
-5.33033253047101e-06 0.274471839843757
-5.27755696086239e-06 0.274471010473506
-5.22530392164593e-06 0.274470189312644
-5.17356823925339e-06 0.274469376279937
-5.12234479133999e-06 0.274468571294946
-5.07162850627722e-06 0.274467774278035
-5.02141436265071e-06 0.274466985150352
-4.97169738876308e-06 0.274466203833827
-4.92247266214166e-06 0.27446543025116
-4.87373530905115e-06 0.274464664325816
-4.82548050401104e-06 0.27446390598202
-4.77770346931786e-06 0.274463155144741
-4.73039947457214e-06 0.274462411739695
-4.68356383621004e-06 0.274461675693333
-4.63719191703965e-06 0.274460946932828
-4.59127912578183e-06 0.274460225386079
-4.54582091661567e-06 0.274459510981694
-4.50081278872839e-06 0.274458803648992
-4.45625028586969e-06 0.274458103317987
-4.41212899591058e-06 0.274457409919387
-4.36844455040652e-06 0.274456723384586
-4.32519262416487e-06 0.274456043645655
-4.2823689348167e-06 0.274455370635339
-4.23996924239277e-06 0.274454704287043
-4.19798934890374e-06 0.274454044534841
-4.15642509792449e-06 0.274453391313448
-4.11527237418267e-06 0.274452744558234
-4.07452710315115e-06 0.274452104205201
-4.03418525064471e-06 0.274451470190989
-3.9942428224205e-06 0.274450842452865
-3.95469586378268e-06 0.274450220928712
-3.91554045919077e-06 0.27444960555703
-3.87677273187205e-06 0.274448996276929
-3.83838884343767e-06 0.274448393028121
-3.80038499350264e-06 0.274447795750911
-3.76275741930955e-06 0.274447204386201
-3.72550239535599e-06 0.27444661887547
-3.68861623302573e-06 0.274446039160782
-3.6520952802235e-06 0.274445465184772
-3.61593592101336e-06 0.274444896890641
-3.58013457526076e-06 0.274444334222156
-3.54468769827798e-06 0.274443777123635
-3.50959178047324e-06 0.274443225539952
-3.47484334700321e-06 0.274442679416524
-3.44043895742892e-06 0.274442138699306
-3.40637520537517e-06 0.274441603334792
-3.37264871819324e-06 0.274441073270003
-3.33925615662697e-06 0.274440548452484
-3.30619421448215e-06 0.274440028830299
-3.27345961829915e-06 0.27443951435203
-3.24104912702887e-06 0.274439004966758
-3.20895953171175e-06 0.274438500624079
-3.17718765516015e-06 0.274438001274081
-3.14573035164371e-06 0.274437506867346
-3.11458450657793e-06 0.274437017354949
-3.08374703621577e-06 0.274436532688445
-3.05321488734235e-06 0.274436052819872
-3.02298503697262e-06 0.274435577701737
-2.9930544920521e-06 0.274435107287023
-2.9634202891605e-06 0.274434641529174
-2.93407949421831e-06 0.274434180382098
-2.90502920219635e-06 0.274433723800158
-2.87626653682807e-06 0.274433271738165
-2.84778865032482e-06 0.274432824151383
-2.81959272309388e-06 0.274432380995513
-2.79167596345929e-06 0.274431942226701
-2.76403560738544e-06 0.27443150780152
-2.7366689182034e-06 0.274431077676978
-2.70957318634e-06 0.274430651810504
-2.68274572904951e-06 0.274430230159952
-2.65618389014803e-06 0.274429812683592
-2.62988503975052e-06 0.274429399340105
-2.60384657401042e-06 0.274428990088584
-2.5780659148618e-06 0.274428584888523
-2.55254050976416e-06 0.274428183699822
-2.52726783144966e-06 0.274427786482773
-2.50224537767293e-06 0.274427393198063
-2.4774706709633e-06 0.274427003806769
-2.4529412583795e-06 0.27442661827035
-2.42865471126683e-06 0.274426236550651
-2.40460862501667e-06 0.274425858609889
-2.38080061882838e-06 0.274425484410661
-2.35722833547365e-06 0.274425113915929
-2.33388944106302e-06 0.274424747089025
-2.31078162481487e-06 0.274424383893641
-2.2879025988266e-06 0.274424024293831
-2.26525009784812e-06 0.274423668254002
-2.24282187905755e-06 0.274423315738918
-2.22061572183915e-06 0.274422966713685
-2.19862942756352e-06 0.27442262114376
-2.17686081936982e-06 0.274422278994938
-2.15530774195032e-06 0.274421940233355
-2.13396806133695e-06 0.274421604825484
-2.11283966469005e-06 0.274421272738123
-2.09192046008916e-06 0.274420943938403
-2.0712083763259e-06 0.274420618393784
-2.05070136269891e-06 0.274420296072039
-2.0303973888108e-06 0.274419976941269
-2.01029444436713e-06 0.274419660969884
-1.99039053897736e-06 0.274419348126611
-1.97068370195778e-06 0.274419038380484
-1.95117198213641e-06 0.274418731700846
-1.93185344765982e-06 0.27441842805734
-1.9127261858018e-06 0.274418127419912
-1.89378830277406e-06 0.274417829758804
-1.87503792353867e-06 0.274417535044552
-1.85647319162245e-06 0.274417243247988
-1.83809226893311e-06 0.274416954340228
-1.81989333557734e-06 0.274416668292673
-1.80187458968054e-06 0.274416385077013
-1.78403424720845e-06 0.274416104665213
-1.76637054179055e-06 0.274415827029516
-1.74888172454509e-06 0.274415552142442
-1.73156606390603e-06 0.274415279976783
-1.71442184545152e-06 0.274415010505596
-1.69744737173418e-06 0.27441474370221
-1.68064096211305e-06 0.274414479540214
-1.66400095258717e-06 0.274414217993462
-1.64752569563087e-06 0.274413959036064
-1.63121356003056e-06 0.274413702642387
-1.61506293072333e-06 0.274413448787052
-1.59907220863696e-06 0.274413197444931
-1.58323981053164e-06 0.274412948591145
-1.56756416884321e-06 0.274412702201059
-1.55204373152793e-06 0.274412458250286
-1.53667696190884e-06 0.274412216714679
-1.52146233852361e-06 0.274411977570328
-1.50639835497387e-06 0.274411740793559
-1.49148351977611e-06 0.274411506360937
-1.47671635621397e-06 0.274411274249255
-1.46209540219205e-06 0.274411044435536
-1.44761921009113e-06 0.274410816897034
-1.43328634662489e-06 0.274410591611222
-1.41909539269791e-06 0.274410368555802
-1.40504494326525e-06 0.274410147708693
-1.39113360719332e-06 0.274409929048033
-1.3773600071221e-06 0.274409712552178
-1.36372277932881e-06 0.274409498199697
-1.35022057359288e-06 0.274409285969373
-1.33685205306226e-06 0.274409075840194
-1.32361589412105e-06 0.274408867791362
-1.31051078625847e-06 0.274408661802282
-1.29753543193907e-06 0.274408457852563
-1.28468854647433e-06 0.274408255922015
-1.27196885789538e-06 0.27440805599065
-1.25937510682711e-06 0.274407858038676
-1.24690604636347e-06 0.274407662046496
-1.23456044194403e-06 0.274407467994712
-1.22233707123171e-06 0.274407275864114
-1.2102347239918e-06 0.27440708563568
-1.19825220197208e-06 0.274406897290582
-1.18638831878423e-06 0.274406710810173
-1.17464189978637e-06 0.274406526175994
-1.1630117819667e-06 0.274406343369768
-1.15149681382842e-06 0.274406162373398
-1.14009585527566e-06 0.274405983168967
-1.12880777750065e-06 0.274405805738736
-1.11763146287194e-06 0.274405630065139
-1.1065658048237e-06 0.274405456130786
-1.09560970774624e-06 0.274405283918459
-1.08476208687746e-06 0.274405113411111
-1.07402186819551e-06 0.274404944591861
-1.06338798831238e-06 0.274404777443998
-1.0528593943687e-06 0.274404611950976
-1.0424350439294e-06 0.274404448096412
-1.0321139048806e-06 0.274404285864084
-1.02189495532732e-06 0.274404125237933
-1.0117771834924e-06 0.274403966202059
-1.00175958761624e-06 0.274403808740715
1.00175958761624e-06 0.274372314862729
1.0117771834924e-06 0.274372157385297
1.02189495532732e-06 0.274371998333008
1.0321139048806e-06 0.274371837690113
1.0424350439294e-06 0.274371675440705
1.0528593943687e-06 0.274371511568716
1.06338798831238e-06 0.274371346057919
1.07402186819551e-06 0.274371178891926
1.08476208687746e-06 0.274371010054181
1.09560970774624e-06 0.274370839527964
1.1065658048237e-06 0.274370667296391
1.11763146287194e-06 0.274370493342404
1.12880777750065e-06 0.27437031764878
1.14009585527566e-06 0.274370140198117
1.15149681382842e-06 0.274369960972844
1.1630117819667e-06 0.274369779955213
1.17464189978637e-06 0.2743695971273
1.18638831878423e-06 0.274369412470997
1.19825220197208e-06 0.274369225968021
1.2102347239918e-06 0.2743690375999
1.22233707123171e-06 0.274368847347982
1.23456044194403e-06 0.274368655193426
1.24690604636347e-06 0.274368461117203
1.25937510682711e-06 0.274368265100096
1.27196885789538e-06 0.274368067122691
1.28468854647433e-06 0.274367867165384
1.29753543193907e-06 0.274367665208373
1.31051078625847e-06 0.274367461231659
1.32361589412105e-06 0.27436725521504
1.33685205306226e-06 0.274367047138118
1.35022057359288e-06 0.274366836980284
1.36372277932881e-06 0.274366624720726
1.3773600071221e-06 0.274366410338427
1.39113360719332e-06 0.274366193812153
1.40504494326525e-06 0.274365975120463
1.41909539269791e-06 0.274365754241701
1.43328634662489e-06 0.27436553115399
1.44761921009113e-06 0.274365305835239
1.46209540219205e-06 0.274365078263135
1.47671635621397e-06 0.274364848415141
1.49148351977611e-06 0.274364616268493
1.50639835497387e-06 0.274364381800202
1.52146233852361e-06 0.274364144987049
1.53667696190884e-06 0.27436390580558
1.55204373152793e-06 0.27436366423211
1.56756416884321e-06 0.274363420242715
1.58323981053164e-06 0.274363173813229
1.59907220863696e-06 0.274362924919251
1.61506293072333e-06 0.274362673536129
1.63121356003056e-06 0.274362419638971
1.64752569563087e-06 0.274362163202629
1.66400095258717e-06 0.274361904201708
1.68064096211305e-06 0.274361642610559
1.69744737173418e-06 0.274361378403275
1.71442184545152e-06 0.274361111553689
1.73156606390603e-06 0.274360842035374
1.74888172454509e-06 0.274360569821638
1.76637054179055e-06 0.274360294885523
1.78403424720845e-06 0.274360017199799
1.80187458968054e-06 0.274359736736966
1.81989333557734e-06 0.274359453469247
1.83809226893311e-06 0.274359167368588
1.85647319162245e-06 0.274358878406654
1.87503792353867e-06 0.274358586554827
1.89378830277406e-06 0.274358291784205
1.9127261858018e-06 0.274357994065591
1.93185344765982e-06 0.274357693369501
1.95117198213641e-06 0.274357389666155
1.97068370195778e-06 0.274357082925473
1.99039053897736e-06 0.274356773117076
2.01029444436713e-06 0.274356460210281
2.0303973888108e-06 0.274356144174099
2.05070136269891e-06 0.274355824977228
2.0712083763259e-06 0.274355502588054
2.09192046008916e-06 0.274355176974648
2.11283966469005e-06 0.274354848104762
2.13396806133695e-06 0.274354515945823
2.15530774195032e-06 0.274354180464934
2.17686081936982e-06 0.274353841628868
2.19862942756352e-06 0.274353499404065
2.22061572183915e-06 0.27435315375663
2.24282187905755e-06 0.274352804652331
2.26525009784812e-06 0.274352452056591
2.2879025988266e-06 0.274352095934486
2.31078162481487e-06 0.274351736250745
2.33388944106302e-06 0.274351372969744
2.35722833547365e-06 0.2743510060555
2.38080061882838e-06 0.274350635471674
2.40460862501667e-06 0.27435026118156
2.42865471126683e-06 0.274349883148088
2.4529412583795e-06 0.274349501333813
2.4774706709633e-06 0.274349115700918
2.50224537767293e-06 0.274348726211208
2.52726783144966e-06 0.274348332826105
2.55254050976416e-06 0.274347935506644
2.5780659148618e-06 0.274347534213474
2.60384657401042e-06 0.274347128906844
2.62988503975052e-06 0.27434671954661
2.65618389014803e-06 0.274346306092227
2.68274572904951e-06 0.27434588850274
2.70957318634e-06 0.274345466736789
2.7366689182034e-06 0.274345040752595
2.76403560738544e-06 0.274344610507967
2.79167596345929e-06 0.274344175960287
2.81959272309388e-06 0.274343737066513
2.84778865032482e-06 0.274343293783172
2.87626653682807e-06 0.274342846066354
2.90502920219635e-06 0.274342393871713
2.93407949421831e-06 0.274341937154456
2.9634202891605e-06 0.274341475869345
2.9930544920521e-06 0.274341009970687
3.02298503697262e-06 0.274340539412333
3.05321488734235e-06 0.274340064147672
3.08374703621577e-06 0.274339584129626
3.11458450657793e-06 0.274339099310644
3.14573035164371e-06 0.274338609642707
3.17718765516015e-06 0.274338115077304
3.20895953171175e-06 0.274337615565449
3.24104912702887e-06 0.274337111057659
3.27345961829915e-06 0.274336601503959
3.30619421448215e-06 0.274336086853875
3.33925615662697e-06 0.274335567056422
3.37264871819324e-06 0.274335042060112
3.40637520537517e-06 0.274334511812939
3.44043895742892e-06 0.274333976262375
3.47484334700321e-06 0.274333435355367
3.50959178047324e-06 0.274332889038333
3.54468769827798e-06 0.274332337257154
3.58013457526076e-06 0.274331779957168
3.61593592101336e-06 0.274331217083166
3.6520952802235e-06 0.27433064857939
3.68861623302573e-06 0.274330074389519
3.72550239535599e-06 0.274329494456673
3.76275741930955e-06 0.274328908723398
3.80038499350264e-06 0.27432831713167
3.83838884343767e-06 0.274327719622882
3.87677273187205e-06 0.274327116137838
3.91554045919077e-06 0.274326506616756
3.95469586378268e-06 0.274325890999247
3.9942428224205e-06 0.274325269224326
4.03418525064471e-06 0.274324641230392
4.07452710315115e-06 0.274324006955231
4.11527237418267e-06 0.274323366336003
4.15642509792449e-06 0.274322719309242
4.19798934890374e-06 0.274322065810847
4.23996924239277e-06 0.274321405776073
4.2823689348167e-06 0.274320739139527
4.32519262416487e-06 0.274320065835165
4.36844455040652e-06 0.274319385796278
4.41212899591058e-06 0.274318698955493
4.45625028586969e-06 0.274318005244758
4.50081278872839e-06 0.274317304595345
4.54582091661567e-06 0.274316596937835
4.59127912578183e-06 0.274315882202113
4.63719191703965e-06 0.274315160317366
4.68356383621004e-06 0.27431443121207
4.73039947457214e-06 0.274313694813986
4.77770346931786e-06 0.27431295105015
4.82548050401104e-06 0.274312199846869
4.87373530905115e-06 0.274311441129714
4.92247266214166e-06 0.274310674823506
4.97169738876308e-06 0.274309900852321
5.02141436265071e-06 0.274309119139467
5.07162850627722e-06 0.274308329607491
5.12234479133999e-06 0.274307532178159
5.17356823925339e-06 0.274306726772458
5.22530392164593e-06 0.274305913310583
5.27755696086239e-06 0.274305091711929
5.33033253047101e-06 0.274304261895086
5.38363585577572e-06 0.274303423777828
5.43747221433348e-06 0.274302577277103
5.49184693647681e-06 0.274301722309033
5.54676540584158e-06 0.274300858788898
5.6022330599e-06 0.274299986631127
5.658255390499e-06 0.274299105749296
5.71483794440399e-06 0.274298216056116
5.77198632384803e-06 0.274297317463421
5.82970618708651e-06 0.274296409882165
5.88800324895737e-06 0.274295493222408
5.94688328144694e-06 0.274294567393313
6.00635211426141e-06 0.274293632303132
6.06641563540403e-06 0.274292687859195
6.12707979175807e-06 0.27429173396791
6.18835058967565e-06 0.274290770534744
6.25023409557241e-06 0.274289797464218
6.31273643652813e-06 0.274288814659901
6.37586380089341e-06 0.274287822024389
6.43962243890235e-06 0.274286819459309
6.50401866329137e-06 0.2742858068653
6.56905884992428e-06 0.274284784142008
6.63474943842353e-06 0.274283751188072
6.70109693280776e-06 0.274282707901119
6.76810790213584e-06 0.274281654177747
6.8357889811572e-06 0.274280589913521
6.90414687096877e-06 0.274279515002961
6.97318833967846e-06 0.274278429339529
7.04292022307524e-06 0.274277332815621
7.113349425306e-06 0.274276225322553
7.18448291955906e-06 0.274275106750558
7.25632774875465e-06 0.274273976988766
7.32889102624219e-06 0.274272835925195
7.40217993650461e-06 0.274271683446745
7.47620173586966e-06 0.274270519439185
7.55096375322836e-06 0.274269343787132
7.62647339076064e-06 0.274268156374056
7.702738124668249e-06 0.274266957082257
7.77976550591493e-06 0.274265745792852
7.85756316097408e-06 0.274264522385774
7.93613879258382e-06 0.274263286739751
8.01550018050966e-06 0.274262038732293
8.09565518231475e-06 0.274260778239688
8.1766117341379e-06 0.274259505136982
8.25837785147928e-06 0.274258219297971
8.34096162999407e-06 0.274256920595186
8.42437124629401e-06 0.274255608899881
8.508614958756951e-06 0.27425428408202
8.593701108344519e-06 0.274252946010268
8.679638119427971e-06 0.274251594551967
8.76643450062225e-06 0.274250229573139
8.85409884562847e-06 0.274248850938457
8.942639834084751e-06 0.274247458511241
9.0320662324256e-06 0.274246052153443
9.12238689474986e-06 0.274244631725631
9.21361076369735e-06 0.274243197086975
9.30574687133433e-06 0.274241748095233
9.39880434004767e-06 0.274240284606744
9.492792383448151e-06 0.2742388064764
9.587720307282629e-06 0.274237313557645
9.68359751035546e-06 0.274235805702452
9.780433485459009e-06 0.274234282761312
9.878237820313601e-06 0.274232744583215
9.977020198516739e-06 0.274231191015643
1.00767904005019e-05 0.274229621904545
1.01775583045069e-05 0.27422803709433
1.0279333887552e-05 0.274226436427845
1.03821272264275e-05 0.274224819746365
1.04859484986918e-05 0.274223186889573
1.05908079836787e-05 0.274221537695547
1.06967160635155e-05 0.274219872000737
1.08036832241506e-05 0.274218189639961
1.09117200563922e-05 0.27421649044638
1.10208372569561e-05 0.274214774251479
1.11310456295256e-05 0.274213040885059
1.12423560858209e-05 0.274211290175211
1.13547796466791e-05 0.274209521948306
1.14683274431459e-05 0.274207736028974
1.15830107175774e-05 0.274205932240088
1.16988408247531e-05 0.274204110402745
1.18158292330007e-05 0.274202270336249
1.19339875253307e-05 0.274200411858093
1.2053327400584e-05 0.274198534783938
1.21738606745898e-05 0.274196638927601
1.22955992813357e-05 0.274194724101032
1.24185552741491e-05 0.274192790114294
1.25427408268906e-05 0.274190836775545
1.26681682351595e-05 0.274188863891027
1.27948499175111e-05 0.274186871265031
1.29227984166862e-05 0.274184858699888
1.3052026400853e-05 0.274182825995952
1.31825466648616e-05 0.27418077295157
1.33143721315102e-05 0.274178699363071
1.34475158528253e-05 0.274176605024739
1.35819910113535e-05 0.274174489728796
1.37178109214671e-05 0.274172353265382
1.38549890306817e-05 0.274170195422531
1.39935389209886e-05 0.274168015986155
1.41334743101984e-05 0.274165814740016
1.42748090533004e-05 0.274163591465705
1.44175571438334e-05 0.27416134594263
1.45617327152718e-05 0.274159077947981
1.47073500424245e-05 0.274156787256715
1.48544235428487e-05 0.274154473641534
1.50029677782772e-05 0.274152136872857
1.515299745606e-05 0.274149776718803
1.53045274306206e-05 0.274147392945164
1.54575727049268e-05 0.274144985315385
1.56121484319761e-05 0.274142553590535
1.57682699162958e-05 0.274140097529286
1.59259526154588e-05 0.274137616887899
1.60852121416134e-05 0.274135111420173
1.62460642630295e-05 0.27413258087745
1.64085249056598e-05 0.274130025008574
1.65726101547164e-05 0.274127443559871
1.67383362562636e-05 0.274124836275119
1.69057196188262e-05 0.274122202895523
1.70747768150145e-05 0.2741195431597
1.72455245831646e-05 0.274116856803634
1.74179798289962e-05 0.274114143560672
1.75921596272862e-05 0.274111403161472
1.77680812235591e-05 0.274108635334001
1.79457620357947e-05 0.274105839803489
1.81252196561526e-05 0.274103016292411
1.83064718527141e-05 0.274100164520463
1.84895365712413e-05 0.274097284204511
1.86744319369537e-05 0.274094375058592
1.88611762563232e-05 0.274091436793878
1.90497880188865e-05 0.274088469118628
1.92402858990753e-05 0.274085471738186
1.94326887580661e-05 0.274082444354934
1.96270156456467e-05 0.274079386668256
1.98232858021032e-05 0.274076298374529
2.00215186601242e-05 0.274073179167108
2.02217338467255e-05 0.274070028736205
2.04239511851927e-05 0.274066846769043
2.06281906970447e-05 0.274063632949644
2.08344726040151e-05 0.274060386913079
2.10428173300553e-05 0.274057108472381
2.12532455033558e-05 0.274053797168189
2.14657779583894e-05 0.274050452715386
2.16804357379733e-05 0.274047074781921
2.1897240095353e-05 0.274043663032343
2.21162124963065e-05 0.274040217127745
2.23373746212696e-05 0.27403673672582
2.25607483674823e-05 0.274033221480863
2.27863558511571e-05 0.274029671043657
2.30142194096687e-05 0.274026085061478
2.32443616037654e-05 0.274022463178071
2.3476805219803e-05 0.274018805033605
2.37115732720011e-05 0.274015110264616
2.39486890047211e-05 0.274011378504004
2.41881758947683e-05 0.274007609380985
2.4430057653716e-05 0.274003802521037
2.46743582302531e-05 0.273999957545872
2.49211018125557e-05 0.273996074073421
2.51703128306812e-05 0.273992151717759
2.5422015958988e-05 0.273988190089087
2.56762361185779e-05 0.27398418879369
2.59329984797637e-05 0.273980147433894
2.61923284645613e-05 0.27397606560803
2.64542517492069e-05 0.273971942910395
2.6718794266699e-05 0.273967778931204
2.6985982209366e-05 0.273963573256555
2.72558420314597e-05 0.273959325468381
2.75284004517743e-05 0.273955035144423
2.7803684456292e-05 0.273950701858167
2.80817213008549e-05 0.273946325178812
2.83625385138635e-05 0.273941904671227
2.86461638990021e-05 0.273937439895911
2.89326255379921e-05 0.273932930408941
2.92219517933721e-05 0.27392837576192
2.95141713113058e-05 0.273923775501958
2.98093130244188e-05 0.273919129171599
3.0107406154663e-05 0.273914436308796
3.04084802162097e-05 0.27390969644684
3.07125650183718e-05 0.273904909114345
3.10196906685555e-05 0.273900073835171
3.1329887575241e-05 0.273895190128391
3.16431864509934e-05 0.273890257508246
3.19596183155034e-05 0.273885275484082
3.22792144986584e-05 0.273880243560312
3.2602006643645e-05 0.273875161236363
3.29280267100814e-05 0.273870028006624
3.32573069771823e-05 0.273864843360396
3.35898800469541e-05 0.273859606781841
3.39257788474236e-05 0.27385431774993
3.42650366358979e-05 0.273848975738391
3.46076870022568e-05 0.273843580215653
3.49537638722794e-05 0.273838130644795
3.53033015110022e-05 0.273832626483488
3.56563345261122e-05 0.273827067183949
3.60128978713733e-05 0.273821452192878
3.63730268500871e-05 0.273815780951402
3.67367571185879e-05 0.273810052895022
3.71041246897738e-05 0.273804267453559
3.74751659366716e-05 0.273798424001844
3.78499175960383e-05 0.27379252205663
3.82284167719987e-05 0.273786560981091
3.86107009397186e-05 0.273780540181726
3.89968079491158e-05 0.273774459059059
3.9386776028607e-05 0.273768317007566
3.97806437888931e-05 0.27376211341563
4.0178450226782e-05 0.273755847665455
4.05802347290498e-05 0.273749519133036
4.09860370763403e-05 0.27374312718803
4.13958974471037e-05 0.273736671193654
4.18098564215747e-05 0.273730150509767
4.22279549857905e-05 0.273723564480092
4.26502345356484e-05 0.273716912454004
4.30767368810049e-05 0.2737101937674
4.35075042498149e-05 0.273703407750892
4.39425792923131e-05 0.273696553728291
4.43820050852362e-05 0.273689631016661
4.48258251360886e-05 0.273682638926174
4.52740833874495e-05 0.273675576760007
4.5726824221324e-05 0.273668443814384
4.61840924635372e-05 0.273661239378345
4.66459333881726e-05 0.273653962733818
4.71123927220543e-05 0.273646613155481
4.75835166492748e-05 0.273639189910674
4.80593518157676e-05 0.273631692259371
4.85399453339253e-05 0.273624119454053
4.90253447872645e-05 0.273616470739688
4.95155982351372e-05 0.273608745353592
5.00107542174885e-05 0.273600942525406
5.05108617596634e-05 0.273593061476997
5.10159703772601e-05 0.273585101422369
5.15261300810327e-05 0.273577061567598
5.2041391381843e-05 0.273568941110736
5.25618052956614e-05 0.273560739241753
5.3087423348618e-05 0.273552455142428
5.36182975821042e-05 0.273544087986282
5.41544805579252e-05 0.273535636938489
5.46960253635045e-05 0.273527101155797
5.52429856171395e-05 0.27351847978643
5.57954154733109e-05 0.273509771970007
5.6353369628044e-05 0.273500976837463
5.69169033243245e-05 0.273492093510947
5.74860723575677e-05 0.273483121103737
5.80609330811434e-05 0.273474058720154
5.86415424119548e-05 0.273464905455467
5.92279578360744e-05 0.273455660395795
5.98202374144351e-05 0.273446322618034
6.04184397885795e-05 0.273436891189731
6.10226241864653e-05 0.273427365169019
6.16328504283299e-05 0.273417743604501
6.22491789326132e-05 0.273408025535164
6.28716707219394e-05 0.273398209990272
6.350038742915879e-05 0.273388295989275
6.41353913034504e-05 0.273378282541705
6.477674521648491e-05 0.273368168647075
6.54245126686497e-05 0.273357953294771
6.607875779533621e-05 0.273347635463959
6.673954537328961e-05 0.273337214123475
6.74069408270225e-05 0.27332668823172
6.80810102352927e-05 0.273316056736548
6.876182033764561e-05 0.27330531857517
6.944943854102211e-05 0.273294472674037
7.01439329264323e-05 0.273283517948727
7.084537225569659e-05 0.273272453303841
7.155382597825361e-05 0.273261277632892
7.22693642380361e-05 0.273249989818177
7.299205788041651e-05 0.273238588730682
7.37219784592207e-05 0.27322707322995
7.44591982438129e-05 0.273215442163977
7.5203790226251e-05 0.27320369436908
7.59558281285135e-05 0.27319182866979
7.671538640979859e-05 0.273179843878723
7.74825402738966e-05 0.273167738796461
7.82573656766356e-05 0.273155512211429
7.9039939333402e-05 0.273143162899768
7.9830338726736e-05 0.273130689625208
8.062864211400339e-05 0.273118091138974
8.143492853514339e-05 0.273105366179568
8.22492778204948e-05 0.273092513472734
8.307177059869981e-05 0.273079531731295
8.39024883046868e-05 0.273066419655005
8.474151318773359e-05 0.27305317593043
8.5588928319611e-05 0.273039799230807
8.64448176028071e-05 0.273026288215908
8.730926577883521e-05 0.273012641531906
8.81823584366235e-05 0.272998857811223
8.90641820209897e-05 0.272984935672409
8.995482384119961e-05 0.272970873719978
9.08543720796116e-05 0.272956670544267
9.17629158004077e-05 0.272942324701206
9.26805449584118e-05 0.2729278347926
9.36073504079959e-05 0.272913199345277
9.45434239120759e-05 0.272898416891434
9.548885815119661e-05 0.272883485948348
9.64437467327086e-05 0.272868405018231
9.74081842000357e-05 0.27285317258807
9.838226604203611e-05 0.272837787129474
9.93660887024564e-05 0.272822247098512
0.000100359749589481 0.272806550935557
0.000101363347085376 0.272790697065123
0.00010237698055623 0.272774683895696
0.000103400750361792 0.272758509819583
0.00010443475786541 0.272742173212721
0.000105479105444064 0.27272567243454
0.000106533896498505 0.272709005827767
0.00010759923546349 0.272692171718262
0.000108675227818124 0.272675168414849
0.000109761980096306 0.272657994209133
0.000110859599897269 0.272640647266434
0.000111968195896241 0.272623126061165
0.000113087877855204 0.272605428723327
0.000114218756633756 0.272587553473874
0.000115360944200093 0.272569498515624
0.000116514553642094 0.272551262033092
0.000117679699178515 0.272532842192302
0.0001188564961703 0.272514237140579
0.000120045061132003 0.272495445006386
0.000121245511743324 0.272476463899133
0.000122457966860757 0.272457291909098
0.000123682546529364 0.272437927217767
0.000124919371994658 0.272418367537046
0.000126168565714605 0.27239861124417
0.000127430251371751 0.272378656230091
0.000128704553885468 0.272358500486926
0.000129991599424323 0.272338141984973
0.000131291515418566 0.27231757867375
0.000132604430572752 0.272296808481783
0.000133930474878479 0.272275829316468
0.000135269779627264 0.272254639063797
0.000136622477423537 0.272233235588206
0.000137988702197772 0.272211616691999
0.00013936858921975 0.272189780276323
0.000140762275111947 0.272167724099189
0.000142169897863067 0.27214544593641
0.000143591596841697 0.272122943541055
0.000145027512810114 0.272100214643233
0.000146477787938216 0.272077256949849
0.000147942565817598 0.272054068144358
0.000149421991475774 0.272030645886537
0.000150916211390531 0.272006987812221
0.000152425373504437 0.271983091533064
0.000153949627239481 0.271958954636292
0.000155489123511876 0.27193457468444
0.000157044014746995 0.271909949215098
0.000158614454894465 0.271885075740661
0.000160200599443409 0.271859951748055
0.000161802605437843 0.271834574698477
0.000163420631492222 0.271808942027133
0.000165054837807144 0.271783051142962
0.000166705386185215 0.271756899428361
0.000168372440047068 0.271730484238918
0.000170056164447538 0.271703802903126
0.000171756726092014 0.271676852722104
0.000173474293352934 0.271649630969309
0.000175209036286463 0.271622134890259
0.000176961126649328 0.271594361702224
0.000178730737915821 0.271566308593956
0.000180518045294979 0.27153797272537
0.000182323225747929 0.271509351227259
0.000184146458005408 0.271480441200984
0.000185987922585462 0.271451239718167
0.000187847801811317 0.271421743820394
0.00018972627982943 0.271391950518881
0.000191623542627725 0.271361856794208
0.000193539778054002 0.271331459595874
0.000195475175834542 0.271300755842143
0.000197429927592887 0.271269742419617
0.000199404226868816 0.271238416182924
0.000201398269137504 0.271206773954388
0.000203412251828879 0.271174812513505
0.000205446374347168 0.271142528637363
0.00020750083809064 0.271109919039158
0.000209575846471546 0.271076980408605
0.000211671604936262 0.271043709401404
0.000213788320985624 0.271010102638879
0.000215926204195481 0.270976156707623
0.000218085466237435 0.27094186815914
0.00022026632089981 0.270907233509479
0.000222468984108808 0.270872249238858
0.000224693673949896 0.2708369117913
0.000226940610689395 0.270801217574263
0.000229210016796289 0.270765162958237
0.000231502116964252 0.27072874427639
0.000233817138133894 0.270691957824173
0.000236155309515233 0.270654799858921
0.000238516862610385 0.270617266599544
0.000240902031236489 0.270579354226128
0.000243311051548854 0.270541058879888
0.000245744162064343 0.270502376664792
0.000248201603684986 0.270463303747906
0.000250683619721836 0.270423835771486
0.000253190455919054 0.270383969141088
0.000255722360478245 0.270343699628458
0.000258279584083027 0.27030302313462
0.000260862379923858 0.270261935514105
0.000263471003723096 0.270220432578118
0.000266105713760327 0.270178510094513
0.00026876677089793 0.270136163624806
0.00027145443860691 0.270093389174445
0.000274168982992979 0.27005018221638
0.000276910672822909 0.270006538341236
0.000279679779551138 0.269962453094153
0.000282476577346649 0.2699179219744
0.000285301343120116 0.269872940434845
0.000288154356551317 0.269827503800073
0.00029103590011683 0.26978160759158
0.000293946259117998 0.269735247038762
0.000296885721709178 0.269688417404095
0.00029985457892627 0.269641113901239
0.000302853124715533 0.269593331694488
0.000305881655962688 0.269545065898305
0.000308940472522315 0.269496311576778
0.000312029877247538 0.269447063743108
0.000315150176020014 0.269397317359055
0.000318301677780214 0.269347067334405
0.000321484694558016 0.269296308526269
0.000324699541503596 0.269245035738061
0.000327946536918632 0.269193243823554
0.000331226002287818 0.269140927217779
0.000334538262310697 0.269088080763855
0.000337883644933803 0.269034699025611
0.000341262481383142 0.268980776518547
0.000344675106196973 0.268926307716008
0.000348121857258943 0.268871287035416
0.000351603075831532 0.268815708836909
0.000355119106589847 0.268759567422593
0.000358670297655746 0.268702857035909
0.000362257000632303 0.268645571861011
0.000365879570638626 0.268587706022156
0.000369538366345013 0.268529253583093
0.000373233750008463 0.268470208546445
0.000376966087508547 0.268410564853095
0.000380735748383633 0.268350316381536
0.000384543105867469 0.268289456947265
0.000388388536926144 0.268227980302126
0.000392272422295405 0.268165880133676
0.00039619514651836 0.268103150064527
0.000400157097983543 0.268039783651719
0.000404158668963379 0.267975774385973
0.000408200255653012 0.267911115691139
0.000412282258209542 0.267845800923456
0.000416405080791638 0.267779823370882
0.000420569131599554 0.267713176252416
0.00042477482291555 0.267645852717403
0.000429022571144705 0.26757784584484
0.000433312796856152 0.267509148642675
0.000437645924824714 0.267439754047093
0.000442022384072961 0.267369654921813
0.000446442607913691 0.267298844057354
0.000450907033992828 0.267227314170321
0.000455416104332756 0.267155057902654
0.000459970265376083 0.267082067820949
0.000464569968029844 0.267008336415629
0.000469215667710143 0.266933856100242
0.000473907824387244 0.266858619210708
0.000478646902631117 0.26678261800455
0.000483433371657428 0.266705844660127
0.000488267705374002 0.266628291275859
0.000493150382427742 0.266549949869458
0.0004980818862520199 0.266470812377126
0.00050306270511454 0.266390870652784
0.000508093332165685 0.266310116467262
0.000513174265487342 0.266228541507509
0.000518306008142215 0.266146137375773
0.0005234890682236369 0.266062895588799
0.000528723958905874 0.265978807577006
0.000534011198494933 0.265893864678393
0.000539351310479882 0.265808058158784
0.000544744823584681 0.265721379179383
0.000550192271820528 0.26563381881701
0.000555694194538733 0.265545368057976
0.00056125113648412 0.265456017797201
0.000566863647848961 0.265365758837533
0.000572532284327451 0.265274581888607
0.000578257607170726 0.265182477339524
0.000584040183242433 0.26508943616446
0.000589880585074857 0.264995448562055
0.000595779390925606 0.264900504860978
0.000601737184834862 0.264804595292434
0.00060775455668321 0.264707709989232
0.000613832102250043 0.264609838984818
0.000619970423272543 0.264510972211868
0.000626170127505268 0.264411099721527
0.000632431828780321 0.264310210778899
0.000638756147068124 0.264208295480575
0.000645143708538805 0.264105342836291
0.0006515951456241939 0.26400134270362
0.000658111097080435 0.263896284605829
0.00066469220805124 0.263790156308418
0.000671339130131752 0.263682948778873
0.00067805252143307 0.263574650153606
0.0006848330466474 0.263465249370887
0.000691681377113875 0.263354734983716
0.000698598190885013 0.263243096109923
0.000705584172793863 0.263130321070386
0.000712640014521802 0.263016398300441
0.00071976641466702 0.262901316120442
0.00072696407881369 0.262785062735707
0.000734233719601827 0.262667626235409
0.000741576056797845 0.262548994591657
0.000748991817365824 0.26242915565853
0.000756481735539482 0.262308097171122
0.000764046552894877 0.262185806744575
0.000771687018423826 0.262062271873113
0.000779403888608064 0.261937479929067
0.000787197927494145 0.261811418161896
0.000795069906769086 0.261684073697224
0.000803020605836777 0.261555433535843
0.000811050811895145 0.261425484552785
0.000819161320014096 0.261294213496274
0.000827352933214237 0.261161606986772
0.00083562646254638 0.261027651516058
0.000843982727171843 0.260892333477395
0.0008524225544435619 0.260755639039596
0.000860946779987997 0.260617554313406
0.000869556247787878 0.26047806526616
0.000878251810265756 0.260337157791316
0.000887034328368414 0.26019481754753
0.000895904671652098 0.260051030098017
0.000904863718368619 0.259905780869553
0.000913912355552305 0.259759055158984
0.000923051479107828 0.259610838101161
0.0009322819938989071 0.259461114715182
0.000941604813837896 0.25930986987608
0.000951020861976275 0.259157088304427
0.000960531070596037 0.259002754589004
0.000970136381301998 0.258846853178028
0.000979837745115018 0.25868936836793
0.0009896361225661681 0.25853028431133
0.00099953248379183 0.258369585004316
0.00100952780862975 0.258207254358694
0.00101962308671605 0.258043276310295
0.00102981931758321 0.25787763364006
0.00104011751075904 0.257710310522669
0.00105051868586663 0.25754128998499
0.00106102387272529 0.257370555135799
0.00107163411145255 0.257198088932319
0.00108235045256707 0.257023874178347
0.00109317395709274 0.256847893523095
0.00110410569666367 0.256670129460193
0.00111514675363031 0.25649056432673
0.00112629822116661 0.256309180302309
0.00113756120337828 0.256125959408111
0.00114893681541206 0.255940883505981
0.00116042618356618 0.255753934297487
0.00117203044540184 0.255565093323024
0.00118375074985586 0.25537434196089
0.00119558825735442 0.255181661426419
0.00120754413992796 0.254987032771163
0.00121961958132724 0.254790436882273
0.00123181577714052 0.254591854482663
0.00124413393491192 0.254391266133742
0.00125657527426104 0.25418865232179
0.00126914102700365 0.253983992659206
0.00128183243727369 0.253777268142859
0.00129465076164642 0.253568458110753
0.00130759726926289 0.253357542336626
0.00132067324195552 0.253144500361318
0.00133387997437507 0.252929311546301
0.00134721877411882 0.252711955077119
0.00136069096186001 0.252492409963286
0.00137429787147861 0.252270655037518
0.0013880408501934 0.252046668954724
0.00140192125869533 0.251820430190802
0.00141594047128228 0.251591917040934
0.00143009987599511 0.25136110761507
0.00144440087475506 0.25112797979313
0.00145884488350261 0.250892511655514
0.00147343333233764 0.250654680251117
0.00148816766566101 0.25041446326972
0.00150304934231762 0.250171837848334
0.0015180798357408 0.249926780996408
0.00153326063409821 0.249679269530016
0.00154859324043919 0.249429280075493
0.00156407917284358 0.2491767890675
0.00157971996457202 0.248921772747439
0.00159551716421774 0.248664207161913
0.00161147233585991 0.24840406816118
0.00162758705921851 0.248141331397542
0.0016438629298107 0.247875972323757
0.00166030155910881 0.247607966190675
0.00167690457469989 0.247337288035754
0.00169367362044689 0.247063912719986
0.00171061035665136 0.246787814880148
0.00172771646021787 0.246508968938076
0.00174499362482005 0.24622734911084
0.00176244356106825 0.245942929402516
0.00178006799667894 0.245655683601934
0.00179786867664573 0.245365585292451
0.00181584736341218 0.245072607807086
0.0018340058370463 0.24477672426907
0.00185234589541677 0.244477907595185
0.00187086935437094 0.244176130475386
0.00188957804791465 0.243871365304245
0.00190847382839379 0.243563584315988
0.00192755856667773 0.243252759194445
0.00194683415234451 0.242938863113868
0.00196630249386795 0.242621865498991
0.00198596551880663 0.242301738672614
0.0020058251739947 0.241978453560419
0.00202588342573464 0.241651980470594
0.00204614225999199 0.241322290707068
0.00206660368259191 0.240989353893437
0.00208726971941783 0.240653140115691
0.00210814241661201 0.240313619075108
0.00212922384077813 0.239970760180722
0.00215051607918591 0.239624532565388
0.00217202123997777 0.239274905078355
0.00219374145237755 0.238921846279527
0.00221567886690132 0.238565324428308
0.00223783565557034 0.238205307513007
0.00226021401212604 0.237841763202544
0.0022828161522473 0.237474658824935
0.00230564431376977 0.237103961277297
0.00232870075690747 0.236729637602033
0.00235198776447654 0.236351654023482
0.00237550764212131 0.235969976626543
0.00239926271854252 0.235584571497672
0.00242325534572795 0.235195403551779
0.00244748789918523 0.234802436939291
0.00247196277817708 0.234405637694427
0.00249668240595885 0.234004969977491
0.00252164923001844 0.233600397617177
0.00254686572231862 0.233191884088171
0.00257233437954181 0.232779392546183
0.00259805772333723 0.232362885847724
0.0026240383005706 0.231942326398554
0.00265027868357631 0.231517676226917
0.00267678147041207 0.231088896954685
0.00270354928511619 0.230655949796797
0.00273058477796735 0.230218795497638
0.00275789062574703 0.229777394551607
0.0027854695320045 0.229331706877767
0.00281332422732454 0.228881691981431
0.00284145746959779 0.2284273090383
0.00286987204429376 0.227968516660952
0.0028985707647367 0.22750527205282
0.00292755647238407 0.227037536483435
0.00295683203710791 0.226565263221994
0.00298640035747899 0.22608841234618
0.00301626436105378 0.225606937141659
0.00304642700466432 0.225120796338403
0.00307689127471096 0.224629944361876
0.00310766018745807 0.224134337004412
0.00313873678933265 0.22363392854179
0.00317012415722598 0.22312867383838
0.00320182539879824 0.222618526621655
0.00323384365278622 0.222103440471281
0.00326618208931408 0.221583368525866
0.00329884391020722 0.221058264227246
0.00333183234930929 0.220528079057758
0.00336515067280239 0.219992765253327
0.00339880217953041 0.219452275070557
0.00343279020132572 0.218906567412241
0.00346711810333897 0.21835556925507
0.00350178928437236 0.217799256795476
0.00353680717721609 0.217237572083979
0.00357217524898825 0.21667046570577
0.00360789700147813 0.216097888297962
0.00364397597149291 0.215519789802486
0.00368041573120784 0.214936120463224
0.00371721988851992 0.214346830588591
0.00375439208740512 0.213751870384402
0.00379193600827917 0.213151190209129
0.00382985536836196 0.212544741380855
0.00386815392204558 0.2119324730646
0.00390683546126603 0.211314333918473
0.0039459038158787 0.210690281971039
0.00398536285403748 0.210060263558542
0.00402521648257786 0.209424232678629
0.00406546864740364 0.208782141791731
0.00410612333387767 0.208133943947856
0.00414718456721645 0.207479593885132
0.00418865641288861 0.206819046482901
0.0042305429770175 0.206152258647695
0.00427284840678767 0.20547918520584
0.00431557689085555 0.204799786042619
0.00435873265976411 0.204114021146374
0.00440231998636175 0.20342185230224
0.00444634318622536 0.202723240445527
0.00449080661808762 0.20201815184392
0.00453571468426849 0.201306548233043
0.00458107183111118 0.200588399109215
0.00462688254942229 0.199863683780626
0.00467315137491651 0.199132366788494
0.00471988288866568 0.198394421828126
0.00476708171755234 0.197649847979424
0.00481475253472786 0.196898578974278
0.00486290006007514 0.196140642716101
0.00491152906067589 0.195376014278068
0.00496064435128265 0.194604670719123
0.00501025079479548 0.19382663117135
0.00506035330274343 0.193041869173207
0.00511095683577087 0.192250404834646
0.00516206640412858 0.19145223272447
0.00521368706816986 0.190647367232429
0.00526582393885156 0.18983581446851
0.00531848217824008 0.189017610382317
0.00537166700002248 0.188192767594312
0.0054253836700227 0.187361322823933
0.00547963750672293 0.186523301758847
0.00553443388179016 0.185678754630149
0.00558977822060806 0.184827722127472
0.00564567600281414 0.183970249036124
0.00570213276284228 0.183106413697338
0.0057591540904707 0.182236268377668
0.00581674563137541 0.181359878118694
0.00587491308768917 0.180477361105952
0.00593366221856606 0.179588708041198
0.00599299884075172 0.178694098590212
0.00605292882915924 0.177793604113103
0.00611345811745083 0.176887321445007
0.00617459269862534 0.175975367633399
0.00623633862561159 0.175057860410558
0.00629870201186771 0.174134935526392
0.00636168903198638 0.173206698165214
0.00642530592230625 0.172273313877228
0.00648955898152931 0.171334919911645
0.0065544545713446 0.17039167676616
0.00661999911705805 0.169443748816307
0.00668619910822863 0.168491297633161
0.00675306109931092 0.167534525794672
0.00682059171030403 0.166573662853422
0.00688879762740707 0.1656086472802
0.00695768560368114 0.16463994547474
0.00702726245971795 0.163667690434152
0.00709753508431513 0.162692071036924
0.00716851043515828 0.161713308013536
0.00724019553950986 0.160731644250333
0.00731259749490496 0.159747302721086
0.00738572346985401 0.158760409978507
0.00745958070455255 0.157771339025463
0.00753417651159808 0.156780310270211
0.00760951827671406 0.155787534337145
0.0076856134594812 0.15479328058818
0.00776246959407601 0.153797789545831
0.00784009429001677 0.152801353448073
0.00791849523291694 0.151804180378548
0.00799768018524611 0.150806570746968
0.00807765698709857 0.1498087758487
0.00815843355696956 0.148811072622877
0.00824001789253925 0.147813708086312
0.00832241807146464 0.146816975054038
0.008405642252179289 0.145821139377927
0.00848969867470108 0.144826466777435
0.0085745956614481 0.143833210481485
0.008660341618062581 0.142841665025341
0.008746945034243199 0.141852094053895
0.008834414484585631 0.140864740835162
0.008922758629431491 0.139879874659363
0.0090119862157258 0.138897757705273
0.00910210607788306 0.137918641627732
0.00919312713866189 0.136942789738614
0.00928505841004851 0.135970448637053
0.009377908994149 0.135001860227656
0.00947168808409049 0.134037269468179
0.009566404964931391 0.133076906881641
0.00966206901458071 0.132121017753495
0.009758689704726511 0.131169818224276
0.009856276601773781 0.13022353383711
0.00995483936779152 0.129282381224173
0.0100543877614694 0.128346575882994
0.0101549316390841 0.127416323194279
0.010256480955475 0.126491828374504
0.0103590457650297 0.125573275111087
0.01046263622268 0.124660859119818
0.0105672625849068 0.123754763678364
0.0106729352107559 0.122855173560691
0.0107796645628634 0.121962252146577
0.0108874612084921 0.121076180274132
0.010996335820577 0.120197120136866
0.0111062991787828 0.119325221514922
0.0112173621705706 0.118460643763624
0.0113295357922763 0.117603544733541
0.0114428311501991 0.116754064966871
0.0115572594617011 0.115912345011467
0.0116728320563181 0.115078522918817
0.0117895603768812 0.114252735396214
0.0119074559806501 0.113435112909691
0.0120265305404566 0.112625787671912
0.0121467958458611 0.111824884442971
0.0122682638043197 0.111032522625994
0.0123909464423629 0.110248836480575
0.0125148559067866 0.109473937836987
0.0126400044658544 0.108707953998713
0.012766404510513 0.107951003673575
0.0128940685556181 0.107203201216233
0.0130230092411743 0.106464670940561
0.013153239333586 0.105735538575715
0.0132847717269219 0.105015898440548
0.0134176194441911 0.104305918463687
0.013551795638633 0.103605688505466
0.0136873135950193 0.102915338079284
0.0138241867309695 0.102235005438208
0.0139624285982792 0.10156481271559
0.014102052884262 0.10090489303269
0.0142430734131046 0.100255389041988
0.0143855041472357 0.0996164288695062
0.014529359188708 0.0989881639766183
0.0146746527805951 0.098370728906479
0.0148213993084011 0.0977642916160385
0.0149696133014851 0.0971689959024306
0.0151193094344999 0.0965850016510025
0.0152705025288449 0.0960124748207521
0.0154232075541334 0.0954515836587218
0.0155774396296747 0.0949025007452894
0.0157332140259715 0.0943654060601635
0.0158905461662312 0.0938404854465894
0.0160494516278935 0.0933279322939458
0.0162099461441724 0.0928279375122473
0.0163720456056142 0.092340704028264
0.0165357660616703 0.0918664452093863
0.016701123722287 0.091405370071595
0.0168681349595099 0.0909577034075398
0.017036816309105 0.0905236703903657
0.017207184472196 0.0901035072555331
0.017379256316918 0.0896974555920457
0.0175530488800872 0.0893057635870219
0.017728579368888 0.0889286810602521
0.0179058651625769 0.0885664813737196
0.0180849238142027 0.0882194276167639
0.0182657730523447 0.087887799052199
0.0184484307828682 0.08757188288786
0.0186329150906968 0.0872719721744021
0.0188192442416038 0.0869883718741906
0.0190074366840199 0.0867213927658001
0.0191975110508601 0.0864713555953671
0.0193894861613687 0.0862385802077845
0.0195833810229823 0.0860234320236029
0.0197792148332122 0.085826240894626
0.0199770069815443 0.0856473718555999
0.0201767770513597 0.0854871963964949
0.0203785448218733 0.085346103254151
0.0205823302700921 0.0852244848168646
0.020788153572793 0.0851227529478641
0.0209960351085209 0.0850413353655411
0.0212059954596061 0.0849806537027127
0.0214180554142022 0.0849411783400825
0.0216322359683442 0.0849233702387449
0.0218485583280276 0.084927715653512
0.0220670439113079 0.0849547195953202
0.022287714350421 0.0850049006555635
0.0225105914939252 0.0850788012720616
0.0227356974088645 0.0851769800077905
0.0229630543829531 0.0853000181792588
0.0231926849267826 0.0854485201349967
0.0234246117760505 0.0856231075656559
0.023658857893811 0.0858244360076666
0.0238954464727491 0.0860531735289339
0.0241344009374766 0.0863100228283577
0.0243757449468513 0.0865957074446437
0.0246195023963198 0.0869109677974833
0.024865697420283 0.0872566450964993
0.0251143543944859 0.0876334889013809
0.0253654979384307 0.0880423721286147
0.025619152917815 0.0884841716219179
0.0258753444469932 0.0889598039612588
0.0261340978914631 0.0894702192505908
0.0263954388703778 0.0900164053195033
0.0266593932590815 0.0905993901075943
0.0269259871916724 0.0912202415967731
0.0271952470635891 0.0918800739812403
0.027467199534225 0.0925800401954267
0.0277418715295672 0.0933213392661317
0.0280192902448629 0.094105219688795
0.0282994831473115 0.0949329730859707
0.0285824779787846 0.0958059391498413
0.0288683027585725 0.0967255131256315
0.0291569857861582 0.0976931353329777
0.0294485556440198 0.0987102948374974
0.02974304120046 0.0997785361495963
0.0300404716124646 0.10089944487074
0.0303408763285892 0.102074661334355
0.0306442850918751 0.103305868792164
0.0309507279427939 0.104594794394333
0.0312602352222218 0.105943197098355
0.031572837574444 0.107352887426697
0.0318885659501885 0.108825694922073
0.0322074516096904 0.11036347242055
0.0325295261257873 0.111968086724052
0.0328548213870451 0.113641410534564
0.0331833696009156 0.11538530125539
0.0335152032969248 0.11720161890525
0.033850355329894 0.11909215036914
0.0341888588831929 0.121058645036963
0.0345307474720249 0.123102794673435
0.0348760549467451 0.125226148172018
0.0352248154962126 0.127430177370587
0.0355770636511747 0.12971614071279
0.0359328342876865 0.132085227214088
0.0362921626305633 0.134538384129284
0.036655084256869 0.137076037908337
0.0370216350994376 0.139698781622532
0.037391851450432 0.142406626931574
0.0377657699649363 0.145199334985803
0.0381434276645857 0.148076262381217
0.0385248619412316 0.151036292764211
0.0389101105606439 0.154077970684479
0.0392992116662503 0.157199398664192
0.0396922037829128 0.160398121371564
0.0400891258207419 0.163671293293064
0.0404900170789494 0.167015571798281
0.0408949172497389 0.170427138207515
0.0413038664222363 0.173901755945623
0.0417169050864586 0.177434807813641
0.0421340741373232 0.181021085763925
0.0425554148786964 0.184655319184685
0.0429809690274834 0.188331997240338
0.0434107787177582 0.192045038080919
0.0438448865049358 0.195788462550066
0.0442833353699852 0.199556138822723
0.044726168723685 0.203341908919688
0.0451734304109219 0.207139643873901
0.0456251647150311 0.210943260800846
0.0460814163621814 0.214746964633843
0.0465422305258032 0.218544986086989
0.0470076528310613 0.222331987500075
0.0474777293593719 0.226102733492621
0.0479525066529656 0.229852437577393
0.0484320317194952 0.233576624158878
0.0489163520366902 0.237271167110894
0.0494055155570571 0.240932256043291
0.0498995707126277 0.244556558354664
0.0503985664197539 0.248140957750054
0.0509025520839515 0.251682941544019
0.051411577604791 0.255180059101714
0.0519256933808389 0.258630350874144
0.0524449503146473 0.262032200457697
0.0529693998177938 0.265384210960989
0.0534990938159717 0.268685307037641
0.0540340847541314 0.271934698272123
0.0545744256016727 0.275131785678414
0.0551201698576895 0.27827620774185
0.0556713715562664 0.281367858218658
0.056228085271829 0.284406687324668
0.0567903661245473 0.287392933793695
0.0573582697857928 0.290326929308004
0.0579318524836507 0.29320912719087
0.0585111710084872 0.296040099251466
0.0590962827185721 0.298820524983903
0.0596872455457578 0.301551156264586
0.0602841180012154 0.304232821991749
0.0608869591812276 0.306866399286493
0.0614958287730398 0.309452830063772
0.0621107870607702 0.311993046687757
0.0627318949313779 0.314488135498599
0.0633592138806917 0.316939077771279
0.0639928060194986 0.319346921506771
0.0646327340796936 0.321712725700669
0.0652790614204906 0.324037550099076
0.0659318520346955 0.326322442034109
0.06659117055504241 0.328568447113208
0.06725708226059279 0.330776608260809
0.0679296530831988 0.332947987961435
0.0686089496140308 0.335083514387792
0.0692950391101711 0.337184240959895
0.0699879895012728 0.339251131817867
0.0706878693962855 0.341285109488476
0.0713947480902484 0.343287110412022
0.0721086955711509 0.345258019954763
0.0728297825268624 0.347198711653702
0.073558080352131 0.349110017839791
0.07429366115565229 0.350992708891523
0.07503659776720881 0.352847639473714
0.07578696374488091 0.354675456997313
0.0765448333823297 0.35647694483029
0.07731028171615301 0.35825275907316
0.07808338453331461 0.360003571776319
0.0788642183786477 0.361729972794923
0.0796528605624342 0.363432592544352
0.08044938916805849 0.365111929391867
0.0812538830597391 0.366768568071951
0.0820664218903365 0.36840300074497
0.08288708610923989 0.370015686269843
0.08371595697033229 0.371607071937665
0.0845531165400356 0.373177585014942
0.085398647705436 0.374727629909958
0.0862526341824903 0.376257520260276
0.0871151605243152 0.37776763980673
0.0879863121295584 0.379258321162031
0.0888661752508539 0.380729838264287
0.08975483700336249 0.382182482286873
0.09065238537339609 0.383616511800969
0.0915589092271301 0.385032131996094
0.0924744983194014 0.386429625093937
0.0933992433025954 0.387809113248895
0.0943332357356213 0.389170902580079
0.0952765680929776 0.390515038076081
0.0962293337739073 0.3918418047658
0.0971916271116464 0.393151277808851
0.0981635433827629 0.394443664555354
0.0991451788165905 0.395719036542376
0.100136630604756 0.396977570805533
0.101137996910804 0.398219368203942
0.102149376879912 0.399444556335426
0.103170870648711 0.400653232870041
0.104202579355198 0.401845529980085
0.10524460514875 0.403021535064085
0.106297051200238 0.404181375184151
0.10736002171224 0.40532513600551
0.108433621929363 0.406452919652481
0.109517958148656 0.407564852259027
0.110613137730143 0.408661051184097
0.111719269107444 0.409741604890479
0.112836461798519 0.410806642281297
0.113964826416504 0.411856283263943
0.115104474680669 0.412890652547578
0.116255519427476 0.413909880893267
0.11741807462175 0.414914090695933
0.118592255367968 0.41590342764467
0.119778177921647 0.416878016161561
0.120975959700864 0.417838038680951
0.122185719297873 0.418783645410735
0.123407576490851 0.419714966056347
0.12464165225576 0.420632173468883
0.125888068778317 0.421535451966908
0.127146949466101 0.422424966336039
0.128418418960762 0.42330089438691
0.129702603150369 0.424163421918433
0.130999629181873 0.425012738866049
0.132309625473692 0.425849020860112
0.133632721728429 0.426672482429633
0.134969048945713 0.427483312279967
0.13631873943517 0.428281716284687
0.137681926829522 0.42906788757572
0.139058746097817 0.429842037296717
0.140449333558795 0.430604365916517
0.141853826894383 0.431355079809773
0.143272365163327 0.432094385875393
0.14470508881496 0.432822495972074
0.14615213970311 0.433539602096832
0.147613661100141 0.434245918304245
0.149089797711142 0.434941644699474
0.150580695688254 0.435626982884673
0.152086502645136 0.436302134455118
0.153607367671588 0.436967277418277
0.155143441348303 0.437622620876097
0.156694875761787 0.438268351654342
0.158261824519404 0.438904649957655
0.159844442764598 0.439531698569536
0.161442887192244 0.440149667917776
0.163057316064167 0.440758734784797
0.164687889224809 0.441359064964552
0.166334768117057 0.441950814561666
0.167998115798227 0.442534146065272
0.169678096956209 0.443109203007666
0.171374877925772 0.443676132585593
0.173088626705029 0.444235071311129
0.17481951297208 0.44478615377445
0.1765677081018 0.445329507011547
0.178333385182818 0.445865252220444
0.180116719034647 0.446393505287597
0.181917886224993 0.446914374047933
0.183737065087243 0.447427965123023
0.185574435738115 0.447934379830038
0.187430180095497 0.448433710001622
0.189304481896452 0.448926051622724
0.191197526715416 0.449411492924127
0.19310950198257 0.449890128355267
0.195040597002396 0.450362071124768
0.19699100297242 0.450827344681304
0.198960913002144 0.451287299175837
0.200950522132166 0.451745727701313
0.202960027353487 0.452188298388561
0.204989627627022 0.452626174573865
0.207039523903292 0.453057611469545
0.209109919142325 0.45348274344629
0.211201018333748 0.453901553753281
0.213313028517086 0.454314053704084
0.215446158802257 0.454720255599556
0.217600620390279 0.455120175914367
0.219776626594182 0.455513830251549
0.221974392860124 0.455901232153064
0.224194136788725 0.456282393705184
0.226436078156613 0.456657324434651
0.228700438938179 0.457026031527231
0.23098744332756 0.457388520722732
0.233297317760836 0.457744793524747
0.235630290938444 0.458094850923535
0.237986593847829 0.458438690922189
0.240366459786307 0.45877630640456
0.24277012438417 0.459107693972838
0.245197825628012 0.459432843725034
0.247649803884292 0.459751741212591
0.250126301923135 0.460064371129683
0.252627564942366 0.460370719306186
0.25515384059179 0.46067076534831
0.257705378997708 0.460964482224267
0.260282432787685 0.461251849747784
0.262885257115562 0.46153283081971
0.265514109686717 0.461807400979013
0.268169250783585 0.462075521331158
0.27085094329142 0.462337151795252
0.273559452724335 0.462592251690382
0.276295047251578 0.462840773130501
0.279057997724094 0.463082666092386
0.281848577701335 0.463317875867576
0.284667063478348 0.463546340918128
0.287513734113132 0.46376800130497
0.290388871454263 0.463982786788909
0.293292760168805 0.46419062605489
0.296225687770494 0.464391437325847
0.299187944648198 0.464585138143745
0.30217982409468 0.46477164173458
0.305201622335627 0.464950852999362
0.308253638558984 0.465122667398769
0.311336174944573 0.465286984311588
0.314449536694019 0.46544368976083
0.317594032060959 0.465592664138757
0.320769972381569 0.465733786310745
0.323977672105385 0.465866924730121
0.327217448826438 0.465991940371937
0.330489623314703 0.466108687475717
0.33379451954785 0.466217021806974
0.337132464743328 0.466316782051738
0.340503789390762 0.466407806639567
0.343908827284669 0.466489924694748
0.347347915557516 0.466562960271129
0.350821394713091 0.466626730099761
0.354329608660222 0.466681043528992
0.357872904746824 0.466725707605097
0.361451633794292 0.466760517500031
0.365066150132235 0.466785266026538
0.368716811633558 0.466799734533707
0.372403979749893 0.46680370783762
0.376128019547392 0.466796952309799
0.379889299742866 0.466779240089918
0.383688192740295 0.466750330387186
0.387525074667698 0.466709978575517
0.391400325414375 0.466657935665425
0.395314328668518 0.466593942607212
0.399267471955204 0.466517741728812
0.403260146674756 0.466429062441571
0.407292748141503 0.466327630385026
0.411365675622918 0.466213168970482
0.415479332379147 0.466085392561716
0.419634125702939 0.46594401046642
0.423830466959968 0.465788725223484
0.428068771629568 0.465619234482226
0.432349459345864 0.465435231110616
0.436672953939322 0.465236388006946
0.441039683478716 0.46502239176508
0.445450080313503 0.46479290670127
0.449904581116638 0.464547592682874
0.454403626927804 0.464286102728447
0.458947663197082 0.464008079777744
0.463537139829053 0.463713157107449
0.468172511227344 0.463400958014375
0.472854236339617 0.463071095975995
0.477582778703013 0.462723173492037
0.482358606490043 0.46235678007565
0.487182192554944 0.46197149354316
0.492054014480493 0.461566880404862
0.496974554625298 0.461142491864599
0.501944300171551 0.460697863819788
0.506963743173267 0.460232518610434
0.512033380604999 0.459745962865577
0.517153714411049 0.459237686414773
0.52232525155516 0.458707163136523
0.527548504070711 0.458153848477931
0.532823989111418 0.457577179378761
0.538152229002533 0.456976574558452
0.543533751292558 0.456351431514546
0.548969088805484 0.45570112894575
0.554458779693538 0.45502502369413
0.560003367490474 0.454322450918254
0.565603401165378 0.453592723917815
0.571259435177032 0.45283513103115
0.576972029528803 0.45204893736378
0.582741749824091 0.451233383823408
0.588569167322331 0.450387685826991
0.5944548589955549 0.449511028051044
0.60039940758551 0.448602573877249
0.606403401661365 0.447661451944241
0.612467435677979 0.446686767447094
0.618592110034759 0.445677588299208
0.624778031135106 0.444632955389903
0.631025811446457 0.443551872688774
0.637336069560922 0.442433315231109
0.643709430256531 0.441276209979603
0.650146524559097 0.440079456431906
0.656647989804688 0.438841914029465
0.663214469702734 0.437562394460026
0.669846614399762 0.436239670360312
0.6765450805437589 0.434872466223886
0.6833105313491969 0.433459463095291
0.690143636662689 0.431999271526641
0.697045073029316 0.430490480245112
0.704015523759609 0.428931596119103
0.711055678997205 0.427321074619299
0.718166235787177 0.425657304833267
0.725347898145049 0.423938613917141
0.732601377126499 0.422163245236883
0.739927390897764 0.42032935964179
0.747326664806742 0.418435067176954
0.7547999314548089 0.416478359432578
0.762347930769357 0.414457147732185
0.7699714100770511 0.412369236262118
0.777671124177822 0.41021232438862
0.7854478354195999 0.407983995265982
0.793302313773796 0.405681706912646
0.801235336911534 0.403302784250033
0.809247690280649 0.400844406947764
0.817340167183456 0.39830360014273
0.82551356885529 0.395677220179464
0.833768704543843 0.392961940559483
0.842106391589282 0.390154246997989
0.8505274555051739 0.387250385398298
0.8547800927827 0.385757434849269
0.859032730060226 0.384246404941213
0.863327893710527 0.382701694345655
0.867623057360828 0.381138081707136
0.871961172647633 0.379539392547248
0.874130230291035 0.378732643347028
0.876299287934437 0.377920914678831
0.878490036154273 0.377095976831966
0.880680784374109 0.376265887571313
0.882871532593945 0.375430611836917
0.885062280813781 0.374590112428469
0.887274936515815 0.373735868440517
0.88948759221785 0.372876221751718
0.891700247919885 0.372011125315173
0.893912903621919 0.371140548485016
0.898382468140029 0.369365084365847
0.902852032658138 0.367566736719218
0.907366292821429 0.365726807721955
0.91188055298472 0.363862790483235
0.916439955749644 0.361955283540437
0.920999358514567 0.36002238864101
0.92560435530714 0.358043951714018
0.930209352099712 0.356038721416752
0.93951144562071 0.351904431122019
0.948906560076917 0.347611592929184
0.958395625677686 0.343151557364027
0.967979581934463 0.338514957962383
0.977659377753807 0.333691561975889
0.987435971531345 0.328670177914552
0.997310331246659 0.323438501284754
1.00728343455913 0.317982973569805
1.01735626890472 0.312288573443387
1.02752983159376 0.306338565648077
1.0378051299097 0.300114289444667
1.0481831812088 0.293594745156327
1.05866501302089 0.286756055747426
1.0692516631511 0.279571098870058
1.07994417978261 0.27200869377252
1.09074362158043 0.264032577352286
1.10165105779624 0.255600412448011
1.1126675683742 0.246661893905079
1.12379424405794 0.237156632508273
1.13503218649852 0.227010959277794
1.14638250836351 0.216133382222945
1.15784633344714 0.204407841935763
1.16942479678161 0.191683421823744
1.18111904474943 0.177757877844771
1.19293023519692 0.162350287727232
1.20485953754889 0.145054833487064
1.21690813292438 0.125277504401259
1.22299267358901 0.114159679288673
1.22907721425363 0.102126440400043
1.23522260032489 0.0889598356568805
1.24136798639616 0.0748985781784899
1.24447140636215 0.0676534359654256
1.24757482632814 0.0605443307111961
1.25067824629413 0.0538228671555994
1.25378166626012 0.0477313611918911
1.25534889334295 0.0449476948083108
1.25691612042577 0.0423717227578555
1.26005057459142 0.0378312570929665
1.26318502875707 0.0340351537637118
1.26631948292272 0.0308665827594915
1.26948528163003 0.0281832599785072
1.27265108033733 0.0259145677916032
1.27581687904464 0.0239762665607996
1.27898267775195 0.0223027574277897
1.28218013444633 0.0208299054232822
1.28537759114071 0.0195353202966337
1.29177250452947 0.0173629467771723
1.29823136705212 0.0155918526987715
1.30469022957477 0.0141295862280645
1.31121368072264 0.0128876448940192
1.31773713187051 0.0118274020973546
1.32432581752987 0.0109017021666537
1.33091450318922 0.0100929842841046
1.33756907570517 0.00937299145833487
1.34422364822111 0.00873342085878668
1.35094476646222 0.00815579197969307
1.35766588470332 0.00763625168701666
1.36445421412684 0.00716187864189556
1.37124254355036 0.00673108978421733
1.38495496898586 0.00597138396552865
1.39880451867572 0.00532496767035272
1.41279256386247 0.00476879567490899
1.4269204895011 0.00428587014992785
1.44118969439611 0.00386333418470051
1.45560159134007 0.00349125336570208
1.47015760725347 0.00316181044165084
1.48485918332601 0.00286875560319722
1.49970777515927 0.00260701886333646
1.51470485291086 0.00237243952490815
1.52985190143997 0.00216156380566427
1.54515042045437 0.0019714959119194
1.56060192465891 0.00179978667206279
1.5762079439055 0.00164434815869345
1.59197002334456 0.00150338804776532
1.607889723578 0.0013753560839791
1.62396862081378 0.00125890519044597
1.64020830702192 0.00115285769278327
1.65661039009214 0.00105617913063201
1.67317649399306 0.000967956251978817
1.68990825893299 0.000887382205769645
1.70680734152232 0.000813736506797749
1.72387541493754 0.000746378437823543
1.74111416908692 0.000684734265844057
1.75852531077779 0.000628289207960689
1.77611056388557 0.000576580249557718
1.79387166952442 0.000529190021637558
1.81181038621967 0.000485741385724847
1.82992849008186 0.000445893522640672
1.84822777498268 0.000409336821111594
1.86671005273251 0.0003757906639242
1.88537715325983 0.00034499987910679
1.90423092479243 0.000316732212368661
1.92327323404036 0.000290776096799379
1.94250596638076 0.000266938585680163
1.96193102604457 0.000245043567951391
1.98155033630501 0.000224930221679488
2.00136583966806 0.000206451502395724
2.02137949806474 0.000189472967546611
2.04159329304539 0.000173871578010814
2.06200922597584 0.000159534705361642
2.0826293182356 0.000146359149499758
2.10345561141796 0.000134250472943603
2.12449016753214 0.000123121958263228
2.14573506920746 0.000112894202004395
2.16719241989954 0.000103494351919584
2.18886434409853 9.48555763320277e-05
2.21075298753952 8.6916545650807e-05
2.23286051741491 7.9620970112484e-05
2.25518912258906 7.29171701142452e-05
2.27774101381495 6.6757686299132e-05
2.3005184239531 6.10989265633317e-05
2.32352360819263 5.59008405305361e-05
2.34675884427456 5.11266182860021e-05
2.3702264327173 4.6742428910851e-05
2.39392869704448 4.27171634510754e-05
2.41786798401492 3.90222122450304e-05
2.44204666385507 3.56312564622809e-05
2.46646713049362 3.2520078555584e-05
2.49113180179856 2.96663896796726e-05
2.51604311981654 2.7049670223168e-05
2.54120355101471 2.46510231017298e-05
2.56661558652486 2.24530440628716e-05
2.5922817423901 2.04397000606242e-05
2.618204559814 1.85962142171674e-05
2.64438660541214 1.69089701682161e-05
2.67083047146627 1.53654143657871e-05
2.69753877618093 1.39539742296572e-05
2.72451416394274 1.26639785863361e-05
2.75175930558217 1.14856426647067e-05
2.77927689863799 1.04099560846353e-05
2.80706966762437 1e-5
2.83514036430061 1e-5
2.86349176794362 1e-5
2.89212668562305 1e-5
2.92104795247928 1e-5
2.95025843200408 1e-5
2.97976101632412 1e-5
3.00955862648736 1e-5
3.03965421275223 1e-5
3.07005075487975 1e-5
3.10075126242855 1e-5
3.13175877505284 1e-5
3.16307636280337 1e-5
3.1947071264314 1e-5
3.22665419769571 1e-5
3.25892073967267 1e-5
3.2915099470694 1e-5
3.32442504654009 1e-5
3.35766929700549 1e-5
3.39124598997555 1e-5
3.4251584498753 1e-5
3.45941003437406 1e-5
3.4940041347178 1e-5
3.52894417606497 1e-5
3.56423361782562 1e-5
3.59987595400388 1e-5
3.63587471354392 1e-5
3.67223346067936 1e-5
3.70895579528615 1e-5
3.74604535323901 1e-5
3.7835058067714 1e-5
3.82134086483912 1e-5
3.85955427348751 1e-5
3.89814981622238 1e-5
3.93713131438461 1e-5
3.97650262752845 1e-5
4.01626765380374 1e-5
4.05643033034178 1e-5
4.09699463364519 1e-5
4.13796457998165 1e-5
4.17934422578146 1e-5
4.22113766803928 1e-5
4.26334904471967 1e-5
4.30598253516687 1e-5
4.34904236051854 1e-5
4.39253278412372 1e-5
4.43645811196496 1e-5
4.48082269308461 1e-5
4.52563092001545 1e-5
4.57088722921561 1e-5
4.61659610150777 1e-5
4.66276206252284 1e-5
4.70938968314807 1e-5
4.75648357997955 1e-5
4.80404841577935 1e-5
4.85208889993714 1e-5
4.90060978893651 1e-5
4.94961588682588 1e-5
4.99911204569414 1e-5
5.04910316615108 1e-5
5.09959419781259 1e-5
5.15059013979072 1e-5
5.20209604118862 1e-5
5.25411700160051 1e-5
5.30665817161651 1e-5
5.35972475333268 1e-5
5.41332200086601 1e-5
5.46745522087467 1e-5
5.52212977308341 1e-5
5.57735107081425 1e-5
5.63312458152239 1e-5
5.68945582733762 1e-5
5.74635038561099 1e-5
5.8038138894671 1e-5
5.86185202836177 1e-5
5.92047054864539 1e-5
5.97967525413184 1e-5
6.03947200667316 1e-5
6.0998667267399 1e-5
6.16086539400729 1e-5
6.22247404794737 1e-5
6.28469878842684 1e-5
6.34754577631111 1e-5
6.41102123407422 1e-5
6.47513144641496 1e-5
6.53988276087911 1e-5
6.60528158848791 1e-5
6.67133440437278 1e-5
6.73804774841651 1e-5
6.80542822590068 1e-5
6.87348250815968 1e-5
6.94221733324128 1e-5
7.01163950657369 1e-5
7.08175590163943 1e-5
7.15257346065582 1e-5
7.22409919526238 1e-5
7.29634018721501 1e-5
7.36930358908716 1e-5
7.44299662497803 1e-5
7.51742659122781 1e-5
7.59260085714009 1e-5
7.66852686571149 1e-5
7.7452121343686 1e-5
7.82266425571229 1e-5
7.90089089826941 1e-5
7.97989980725211 1e-5
8.059698805324629 1e-5
8.14029579337787 1e-5
8.221698751311649 1e-5
8.30391573882477 1e-5
8.38695489621302 1e-5
8.47082444517515 1e-5
8.555532689626901 1e-5
8.64108801652317 1e-5
8.727498896688401 1e-5
8.81477388565529 1e-5
8.902921624511841 1e-5
8.99195084075696 1e-5
9.081870349164531 1e-5
9.172689052656169 1e-5
9.26441594318274 1e-5
9.357060102614559 1e-5
9.45063070364071 1e-5
9.54513701067712 1e-5
9.640588380783891 1e-5
9.736994264591729 1e-5
9.834364207237639 1e-5
9.93270784931002 1e-5
10.0320349278031 1e-5
10.1323552770812 1e-5
10.233678829852 1e-5
10.3360156181505 1e-5
10.439375774332 1e-5
10.5437695320753 1e-5
10.6492072273961 1e-5
10.75569929967 1e-5
10.8632562926667 1e-5
10.9718888555934 1e-5
11.0816077441493 1e-5
11.1924238215908 1e-5
11.3043480598067 1e-5
11.4173915404048 1e-5
11.5315654558088 1e-5
11.6468811103669 1e-5
11.7633499214706 1e-5
11.8809834206853 1e-5
11.9997932548922 1e-5
12.1197911874411 1e-5
12.2409890993155 1e-5
12.3633989903086 1e-5
12.4870329802117 1e-5
12.6119033100138 1e-5
12.738022343114 1e-5
12.8654025665451 1e-5
12.9940565922106 1e-5
13.1239971581327 1e-5
13.255237129714 1e-5
13.3877895010112 1e-5
13.5216673960213 1e-5
13.6568840699815 1e-5
13.7934529106813 1e-5
13.9313874397881 1e-5
14.070701314186 1e-5
14.2114083273278 1e-5
14.3535224106011 1e-5
14.4970576347071 1e-5
14.6420282110542 1e-5
14.7884484931648 1e-5
14.9363329780964 1e-5
15.0856963078774 1e-5
15.2365532709561 1e-5
15.3889188036657 1e-5
15.5428079917024 1e-5
15.6982360716194 1e-5
15.8552184323356 1e-5
16.0137706166589 1e-5
16.1739083228255 1e-5
16.3356474060538 1e-5
16.4990038801143 1e-5
16.6639939189155 1e-5
16.8306338581046 1e-5
16.9989401966857 1e-5
17.1689295986525 1e-5
17.340618894639 1e-5
17.5140250835854 1e-5
17.6891653344213 1e-5
17.8660569877655 1e-5
18.0447175576431 1e-5
18.2251647332196 1e-5
18.4074163805518 1e-5
18.5914905443573 1e-5
18.7774054498009 1e-5
18.9651795042989 1e-5
19.1548312993419 1e-5
19.3463796123353 1e-5
19.5398434084586 1e-5
19.7352418425432 1e-5
19.9325942609687 1e-5
20.1319202035783 1e-5
20.3332394056141 1e-5
20.5365717996703 1e-5
20.741937517667 1e-5
20.9493568928436 1e-5
21.1588504617721 1e-5
21.3704389663898 1e-5
21.5841433560537 1e-5
21.7999847896142 1e-5
22.0179846375104 1e-5
22.2381644838855 1e-5
22.4605461287243 1e-5
22.6851515900116 1e-5
22.9120031059117 1e-5
23.1411231369708 1e-5
23.3725343683405 1e-5
23.6062597120239 1e-5
23.8423223091442 1e-5
24.0807455322356 1e-5
24.321552987558 1e-5
24.5647685174336 1e-5
24.8104162026079 1e-5
25.058520364634 1e-5
25.3091055682803 1e-5
25.5621966239631 1e-5
25.8178185902027 1e-5
26.0759967761048 1e-5
26.3367567438658 1e-5
26.6001243113045 1e-5
26.8661255544175 1e-5
27.1347868099617 1e-5
27.4061346780613 1e-5
27.6801960248419 1e-5
27.9569979850903 1e-5
28.2365679649412 1e-5
28.5189336445907 1e-5
28.8041229810366 1e-5
29.0921642108469 1e-5
29.3830858529554 1e-5
29.676916711485 1e-5
29.9736858785998 1e-5
30.2734227373858 1e-5
30.5761569647597 1e-5
30.8819185344073 1e-5
31.1907377197513 1e-5
31.5026450969488 1e-5
31.8176715479183 1e-5
32.1358482633975 1e-5
32.4572067460315 1e-5
32.7817788134918 1e-5
33.1095966016267 1e-5
33.440692567643 1e-5
33.7750994933194 1e-5
34.1128504882526 1e-5
34.4539789931351 1e-5
34.7985187830665 1e-5
35.1465039708972 1e-5
35.4979690106061 1e-5
35.8529487007122 1e-5
36.2114781877193 1e-5
36.5735929695965 1e-5
36.9393288992925 1e-5
37.3087221882854 1e-5
37.6818094101683 1e-5
38.0586275042699 1e-5
38.4392137793127 1e-5
38.8236059171058 1e-5
39.2118419762768 1e-5
39.6039603960396 1e-5
40 1e-5
