-40 0.007920260013841761
-39.6039603960396 0.007999101713285914
-39.2118419762768 0.008078724915958509
-38.8236059171058 0.008159137308428226
-38.4392137793127 0.008240346651365723
-38.0586275042699 0.008322360780927988
-37.6818094101683 0.008405187609185497
-37.3087221882854 0.008488835125127086
-36.9393288992925 0.008573311394996933
-36.5735929695965 0.008658624563408105
-36.2114781877193 0.008744782853164905
-35.8529487007122 0.008831794568188917
-35.4979690106061 0.00891966809171953
-35.1465039708972 0.009008411888633803
-34.7985187830665 0.009098034505305623
-34.4539789931351 0.009188544571463061
-34.1128504882526 0.009279950800019428
-33.7750994933194 0.009372261988425605
-33.440692567643 0.009465487018972974
-33.1095966016267 0.009559634859874369
-32.7817788134918 0.009654714567140897
-32.4572067460315 0.009750735282641152
-32.1358482633975 0.009847706237813596
-31.8176715479183 0.009945636721262202
-31.5026450969488 0.01004453623856541
-31.1907377197513 0.01014441419559199
-30.8819185344073 0.0102452802185373
-30.5761569647597 0.01034714399242661
-30.2734227373858 0.01045001529563553
-29.9736858785998 0.0105539040040324
-29.676916711485 0.01065882008577932
-29.3830858529554 0.01076477360647816
-29.0921642108469 0.01087177472906248
-28.8041229810366 0.01097983371385385
-28.5189336445907 0.01108896091987134
-28.2365679649412 0.01119916680811761
-27.9569979850903 0.01131046193861505
-27.6801960248419 0.01142285697373303
-27.4061346780613 0.01153636267876795
-27.1347868099617 0.01165098992267439
-26.8661255544175 0.01176674967956013
-26.6001243113045 0.01188365302790561
-26.3367567438658 0.0120017111552295
-26.0759967761048 0.01212093535493071
-25.8178185902027 0.01224133703089295
-25.5621966239631 0.01236292769517729
-25.3091055682803 0.0124857189716196
-25.058520364634 0.01260972259588488
-24.8104162026079 0.01273495041692905
-24.5647685174336 0.01286141439713679
-24.321552987558 0.01298912661440975
-24.0807455322356 0.01311809926323997
-23.8423223091442 0.0132483446550325
-23.6062597120239 0.01337987521985037
-23.3725343683405 0.01351270350799731
-23.1411231369708 0.01364684218877719
-22.9120031059117 0.01378230405518549
-22.6851515900116 0.01391910202265288
-22.4605461287243 0.01405724913156253
-22.2381644838855 0.01419675854624495
-22.0179846375104 0.0143376435588512
-21.7999847896142 0.01447991758907211
-21.5841433560537 0.01462359418527342
-21.3704389663898 0.01476868702670352
-21.1588504617721 0.01491520916942313
-20.9493568928436 0.01506317682074888
-20.741937517667 0.01521260179540344
-20.5365717996703 0.01536349905825382
-20.3332394056141 0.01551588296164256
-20.1319202035783 0.01566976799158708
-19.9325942609687 0.01582516877553986
-19.7352418425432 0.01598210008128892
-19.5398434084586 0.01614057681890857
-19.3463796123353 0.016300614039784
-19.1548312993419 0.01646222694302015
-18.9651795042989 0.01662543087236967
-18.7774054498009 0.01679024131922844
-18.5914905443573 0.01695667392520198
-18.4074163805518 0.01712474447742076
-18.2251647332196 0.0172944689280452
-18.0447175576431 0.0174658633645955
-17.8660569877655 0.01763894404144651
-17.6891653344213 0.01781372736725647
-17.5140250835854 0.01799022990611338
-17.340618894639 0.0181684683846431
-17.1689295986525 0.01834845968842671
-16.9989401966857 0.01853022086637218
-16.8306338581046 0.01871376913215828
-16.6639939189155 0.01889912186478411
-16.4990038801143 0.01908629661027033
-16.3356474060538 0.01927531108425195
-16.1739083228255 0.01946618317290589
-16.0137706166589 0.01965893093587312
-15.8552184323356 0.01985357260596364
-15.6982360716194 0.02005012659191448
-15.5428079917024 0.02024861148032806
-15.3889188036657 0.02044904603756654
-15.2365532709561 0.02065144921149172
-15.0856963078774 0.02085584013224388
-14.9363329780964 0.02106223811470724
-14.7884484931648 0.02127066266106203
-14.6420282110542 0.02148113346257753
-14.4970576347071 0.02169367040144628
-14.3535224106011 0.02190829354956282
-14.2114083273278 0.02212502317535473
-14.070701314186 0.0223438797448223
-13.9313874397881 0.02256488392020311
-13.7934529106813 0.02278805656497147
-13.6568840699815 0.02301341874439757
-13.5216673960213 0.02324099173033754
-13.3877895010112 0.02347079699880362
-13.255237129714 0.02370285623585168
-13.1239971581327 0.02393719133974408
-12.9940565922106 0.02417382441929964
-12.8654025665451 0.02441277780001917
-12.738022343114 0.02465407402624624
-12.6119033100138 0.02489773586153607
-12.4870329802117 0.02514378628737016
-12.3633989903086 0.02539224851744292
-12.2409890993155 0.0256431459879682
-12.1197911874411 0.02589650236529214
-11.9997932548922 0.02615234154671041
-11.8809834206853 0.02641068766527334
-11.7633499214706 0.02667156508847465
-11.6468811103669 0.02693499842937895
-11.5315654558088 0.0272010125347333
-11.4173915404048 0.02746963249995465
-11.3043480598067 0.02774088366909167
-11.1924238215908 0.02801479163396538
-11.0816077441493 0.02829138223895673
-10.9718888555934 0.02857068158614803
-10.8632562926667 0.0288527160337548
-10.75569929967 0.02913751220187161
-10.6492072273961 0.02942509697603887
-10.5437695320753 0.0297154975067898
-10.439375774332 0.03000874121616766
-10.3360156181505 0.03030485579893587
-10.233678829852 0.03060386922606286
-10.1323552770812 0.03090580974875522
-10.0320349278031 0.03121070590071705
-9.93270784931002 0.03151858650123779
-9.834364207237639 0.03182948065745537
-9.736994264591729 0.03214341777179439
-9.640588380783891 0.03246042754235603
-9.54513701067712 0.03278053996506917
-9.45063070364071 0.03310378534010059
-9.357060102614559 0.03343019427580204
-9.26441594318274 0.03375979768684929
-9.172689052656169 0.03409262680698219
-9.081870349164531 0.03442871318573092
-8.99195084075696 0.03476808869264837
-8.902921624511841 0.03511078552810398
-8.81477388565529 0.03545683621580835
-8.727498896688401 0.03580627361900949
-8.64108801652317 0.03615913093680048
-8.555532689626901 0.03651544170974809
-8.47082444517515 0.03687523982744301
-8.38695489621302 0.03723855952805826
-8.30391573882477 0.03760543540800274
-8.221698751311649 0.03797590242109171
-8.14029579337787 0.03834999588896294
-8.059698805324629 0.0387277515004275
-7.97989980725211 0.03910920533268285
-7.90089089826941 0.03949439379237409
-7.82266425571229 0.03988335374486238
-7.7452121343686 0.04027612239584014
-7.66852686571149 0.04067273735841554
-7.59260085714009 0.04107323664601802
-7.51742659122781 0.04147765867761374
-7.44299662497803 0.04188604228457105
-7.36930358908716 0.04229842671386826
-7.29634018721501 0.04271485163636426
-7.22409919526238 0.0431353571560296
-7.15257346065582 0.04355998379630899
-7.08175590163943 0.04398877254469267
-7.01163950657369 0.04442176482086482
-6.94221733324128 0.04485900250509058
-6.87348250815968 0.04530052793244296
-6.80542822590068 0.04574638391435369
-6.73804774841651 0.04619661372665769
-6.67133440437278 0.04665126113809906
-6.60528158848791 0.04711037039636085
-6.53988276087911 0.04757398625187557
-6.47513144641496 0.04804215395672914
-6.41102123407422 0.04851491927589188
-6.34754577631111 0.0489923284938185
-6.28469878842684 0.04947442842324484
-6.22247404794737 0.04996126641332922
-6.16086539400729 0.05045289035842022
-6.0998667267399 0.05094934870699917
-6.03947200667316 0.05145069046991133
-5.97967525413184 0.05195696523047773
-5.92047054864539 0.05246822315411584
-5.86185202836177 0.05298451499658947
-5.8038138894671 0.0535058921158903
-5.74635038561099 0.05403240648082523
-5.68945582733762 0.05456411068313217
-5.63312458152239 0.05510105794716847
-5.57735107081425 0.05564330213793778
-5.52212977308341 0.0561908977792216
-5.46745522087467 0.05674390006071604
-5.41332200086601 0.05730236485310554
-5.35972475333268 0.05786634871631662
-5.30665817161651 0.05843577122761837
-5.25411700160051 0.05901110341180613
-5.20209604118862 0.05959199093777313
-5.15059013979072 0.06017863092563269
-5.09959419781259 0.06077108360024229
-5.04910316615108 0.0613694099355263
-4.99911204569414 0.06197367169910536
-4.94961588682588 0.06258393146248992
-4.90060978893651 0.06320025261244654
-4.85208889993714 0.06382269936900185
-4.80404841577935 0.06445133680464478
-4.75648357997955 0.06508623085712525
-4.70938968314807 0.06572744835017003
-4.66276206252284 0.0663750570169979
-4.61659610150777 0.06702912548190723
-4.57088722921561 0.06768972336023962
-4.52563092001545 0.06835692119261366
-4.48082269308461 0.06903079050981617
-4.43645811196496 0.0697114038431856
-4.39253278412372 0.070398834750958
-4.34904236051854 0.07109315783457755
-4.30598253516687 0.07179444876715006
-4.26334904471967 0.07250278430051368
-4.22113766803928 0.07321824233257519
-4.17934422578146 0.0739409018740721
-4.13796457998165 0.07467084312777927
-4.09699463364519 0.07540814746586544
-4.05643033034178 0.07615289750946572
-4.01626765380374 0.07690517710455526
-3.97650262752845 0.07766507140916246
-3.93713131438461 0.0784326668711291
-3.89814981622238 0.07920805128251862
-3.85955427348751 0.07999131381702167
-3.82134086483912 0.08078254505315505
-3.7835058067714 0.08158183701757288
-3.74604535323901 0.08238927952000778
-3.70895579528615 0.08320497868008334
-3.67223346067936 0.08402901995874526
-3.63587471354392 0.08486150525664023
-3.59987595400388 0.08570253434834438
-3.56423361782562 0.08655220874683299
-3.52894417606497 0.08741063165759233
-3.4940041347178 0.08827790805100023
-3.45941003437406 0.08915414476370676
-3.4251584498753 0.09003945035299725
-3.39124598997555 0.09093393549410662
-3.35766929700549 0.091837712662809
-3.32442504654009 0.09275089640295939
-3.2915099470694 0.0936736034233286
-3.25892073967267 0.09460595247097796
-3.22665419769571 0.09554806451406728
-3.1947071264314 0.09650006280370046
-3.16307636280337 0.09746207281546922
-3.13175877505284 0.0984342225789681
-3.10075126242855 0.09941664246936731
-3.07005075487975 0.100409465418162
-3.03965421275223 0.101412827021738
-3.00955862648736 0.1024268654111536
-2.97976101632412 0.1034517217233719
-2.95025843200408 0.1044875396801359
-2.92104795247928 0.1055344661870281
-2.89212668562305 0.1065926510406667
-2.86349176794362 0.107662247170257
-2.83514036430061 0.1087433592895564
-2.80706966762437 0.1098363014150901
-2.77927689863799 0.1109410820027327
-2.75175930558217 0.112057918897721
-2.72451416394274 0.1131869824335402
-2.69753877618093 0.1143284464047973
-2.67083047146627 0.1154824887313785
-2.64438660541214 0.116649291314054
-2.618204559814 0.1178290400029319
-2.5922817423901 0.1190219252941081
-2.56661558652486 0.1202281420906099
-2.54120355101471 0.121447889597659
-2.51604311981654 0.1226813722556598
-2.49113180179856 0.1239287989964739
-2.46646713049362 0.1251903842418165
-2.44204666385507 0.1264663476169728
-2.41786798401492 0.127756913984974
-2.39392869704448 0.1290623144183675
-2.3702264327173 0.1303827852794141
-2.34675884427456 0.1317185696366092
-2.32352360819263 0.1330699168731494
-2.3005184239531 0.1344370819789881
-2.27774101381495 0.1358203283217221
-2.25518912258906 0.137219925401449
-2.23286051741491 0.1386361505086139
-2.21075298753952 0.1400692884893101
-2.18886434409853 0.1415196319580588
-2.16719241989954 0.1429874821866062
-2.14573506920746 0.1444731491114392
-2.12449016753214 0.145976951546338
-2.10345561141796 0.1474992177324925
-2.0826293182356 0.1490402860786239
-2.06200922597584 0.1506005038413197
-2.04159329304539 0.15218023099705
-2.02137949806474 0.1537798372947899
-2.00136583966806 0.1553997042690965
-1.98155033630501 0.1570402258728541
-1.96193102604457 0.1587018083727091
-1.94250596638076 0.1603848711125423
-1.92327323404036 0.1620898484739482
-1.90423092479243 0.1638171878438842
-1.88537715325983 0.1655673526088239
-1.86671005273251 0.1673393593633202
-1.84822777498268 0.1691380912962034
-1.82992849008186 0.1709596743994526
-1.81181038621967 0.1728061025497784
-1.79387166952442 0.1746779267479729
-1.77611056388557 0.1765757178889941
-1.75852531077779 0.178500068292243
-1.74111416908692 0.1804515926425064
-1.72387541493754 0.1824309290489723
-1.70680734152232 0.1844387403853133
-1.68990825893299 0.1864757156925101
-1.67317649399306 0.1885425708789352
-1.65661039009214 0.1906400523203609
-1.64020830702192 0.192768935126917
-1.62396862081378 0.194930027868251
-1.607889723578 0.1971241728648876
-1.59197002334456 0.199352248675092
-1.5762079439055 0.2016151730863907
-1.56060192465891 0.2039139000606137
-1.54515042045437 0.2062494330875515
-1.52985190143997 0.208622817337515
-1.51470485291086 0.2110351443088995
-1.49970777515927 0.2134875626571843
-1.48485918332601 0.2159812715144054
-1.47015760725347 0.2185175283215015
-1.45560159134007 0.22109765625863
-1.44118969439611 0.2237230418669621
-1.4269204895011 0.2263951409013748
-1.41279256386247 0.2291154906321249
-1.39880451867572 0.2318857033605345
-1.38495496898586 0.2347075087705197
-1.37124254355036 0.2375826374960329
-1.36445421412684 0.2390371796385691
-1.35766588470332 0.240513053853868
-1.35094476646222 0.2419958935171219
-1.34422364822111 0.2435007400327266
-1.33756907570517 0.2450129291227625
-1.33091450318922 0.2465478214977513
-1.32432581752987 0.2480904682967105
-1.31773713187051 0.2496565518988868
-1.31121368072264 0.2512308308789175
-1.30469022957477 0.2528293227997326
-1.29823136705212 0.2544364802994132
-1.29177250452947 0.2560686807842361
-1.28537759114071 0.2577100389287474
-1.28218013444633 0.2585403928081205
-1.27898267775195 0.2593773097943098
-1.27581687904464 0.2602124960023818
-1.27265108033733 0.2610542989820246
-1.26948528163003 0.2619028061239178
-1.26631948292272 0.2627581119630604
-1.26318502875707 0.2636117458684905
-1.26005057459142 0.2644722357939936
-1.25691612042577 0.26533967252065
-1.25534889334295 0.265776029181789
-1.25378166626012 0.2662141626480673
-1.25067824629413 0.267087036624323
-1.24757482632814 0.2679670278175833
-1.24447140636215 0.2688542222714455
-1.24136798639616 0.2697487466178172
-1.23522260032489 0.2715420710606699
-1.22907721425363 0.2733653901993262
-1.22299267358901 0.2752010335249203
-1.21690813292438 0.2770678769763401
-1.20485953754889 0.2808602136857986
-1.19293023519692 0.2847469473354751
-1.18111904474943 0.2887326491162577
-1.16942479678161 0.292822507524104
-1.15784633344714 0.2970220742392535
-1.14638250836351 0.3013374007494841
-1.13503218649852 0.3057750883060678
-1.12379424405794 0.31034236764343
-1.1126675683742 0.3150471711177336
-1.10165105779624 0.3198982466509059
-1.09074362158043 0.3249052689316636
-1.07994417978261 0.3300789841714104
-1.0692516631511 0.3354313813524292
-1.05866501302089 0.3409758997470582
-1.0481831812088 0.3467276795243359
-1.0378051299097 0.3527038828460364
-1.02752983159376 0.3589240745497352
-1.01735626890472 0.3654107174382616
-1.00728343455913 0.3721897957656403
-0.997310331246659 0.3792916139933706
-0.987435971531345 0.3867518593206435
-0.977659377753807 0.3946129771818318
-0.967979581934463 0.40292606158264
-0.958395625677686 0.4117534289479867
-0.948906560076917 0.4211722026591303
-0.93951144562071 0.4312797580244114
-0.930209352099712 0.4422000714843864
-0.92560435530714 0.4479996311175322
-0.920999358514567 0.4540968468412481
-0.916439955749644 0.4604603834823753
-0.91188055298472 0.4671875141019777
-0.907366292821429 0.4742506716037935
-0.902852032658138 0.4817659600325439
-0.898382468140029 0.489710522513465
-0.893912903621919 0.4982201164631267
-0.891700247919885 0.5026621794065679
-0.88948759221785 0.5072656978765074
-0.887274936515815 0.5120359925706515
-0.885062280813781 0.5169749374708968
-0.882871532593945 0.5220274338542212
-0.880680784374109 0.527228971183926
-0.878490036154273 0.5325532395353042
-0.876299287934437 0.5379541091443797
-0.874130230291035 0.5433058932129652
-0.871961172647633 0.5485625242107016
-0.867623057360828 0.5582801967997237
-0.863327893710527 0.5660688156870236
-0.859032730060226 0.5716133967660098
-0.8547800927827 0.5751155087886248
-0.8505274555051739 0.5771057219229467
-0.842106391589282 0.5781308162983699
-0.833768704543843 0.5768780886407426
-0.82551356885529 0.5743826931462593
-0.817340167183456 0.5711543980089986
-0.809247690280649 0.5674672465659836
-0.801235336911534 0.5634807498547584
-0.793302313773796 0.5592939359528935
-0.7854478354195999 0.5549715509028208
-0.777671124177822 0.5505577197847336
-0.7699714100770511 0.5460835564327093
-0.762347930769357 0.5415716154640581
-0.7547999314548089 0.5370385612583991
-0.747326664806742 0.5324970786399109
-0.739927390897764 0.527956846505213
-0.732601377126499 0.5234253796902179
-0.725347898145049 0.5189086058732501
-0.718166235787177 0.5144111983112157
-0.711055678997205 0.5099368937847328
-0.704015523759609 0.5054886223881987
-0.697045073029316 0.5010688399316189
-0.690143636662689 0.496679391906984
-0.6833105313491969 0.4923218277116101
-0.6765450805437589 0.4879973283553332
-0.669846614399762 0.4837068622000092
-0.663214469702734 0.4794511197995469
-0.656647989804688 0.4752306881594436
-0.650146524559097 0.4710459544584999
-0.643709430256531 0.4668971811738504
-0.637336069560922 0.4627845536863757
-0.631025811446457 0.4587081468739364
-0.624778031135106 0.4546679563764925
-0.618592110034759 0.4506639208840128
-0.612467435677979 0.4466959208678445
-0.606403401661365 0.4427638026078632
-0.60039940758551 0.4388673514655341
-0.5944548589955549 0.4350063293163258
-0.588569167322331 0.4311804674000854
-0.582741749824091 0.4273894894247096
-0.576972029528803 0.4236330795919961
-0.571259435177032 0.4199109046788861
-0.565603401165378 0.4162226332927947
-0.560003367490474 0.4125679095911282
-0.554458779693538 0.4089463837817777
-0.548969088805484 0.4053576815199905
-0.543533751292558 0.4018014387368578
-0.538152229002533 0.3982772764876309
-0.532823989111418 0.3947848232509983
-0.527548504070711 0.3913236871933389
-0.52232525155516 0.3878935322054947
-0.517153714411049 0.384493950043644
-0.512033380604999 0.3811245851603486
-0.506963743173267 0.3777850497173338
-0.501944300171551 0.3744749987166958
-0.496974554625298 0.371194065622274
-0.492054014480493 0.367941906915129
-0.487182192554944 0.3647181437752932
-0.482358606490043 0.3615224551887858
-0.477582778703013 0.3583544846460345
-0.472854236339617 0.3552139315818618
-0.468172511227344 0.3521004452862898
-0.463537139829053 0.3490137139908885
-0.458947663197082 0.3459534244028176
-0.454403626927804 0.342919293032266
-0.449904581116638 0.3399109742746831
-0.445450080313503 0.3369282145529802
-0.441039683478716 0.3339707243707397
-0.436672953939322 0.3310382225226098
-0.432349459345864 0.3281304387975487
-0.428068771629568 0.3252471059194712
-0.423830466959968 0.3223879717590691
-0.419634125702939 0.3195527755594408
-0.415479332379147 0.3167412808977839
-0.411365675622918 0.3139532332109211
-0.407292748141503 0.3111884051945255
-0.403260146674756 0.3084465613419742
-0.399267471955204 0.3057274767660633
-0.395314328668518 0.3030309237562437
-0.391400325414375 0.3003566811085945
-0.387525074667698 0.2977045331642652
-0.383688192740295 0.2950742678747973
-0.379889299742866 0.2924656672571446
-0.376128019547392 0.2898785260146449
-0.372403979749893 0.2873126295973413
-0.368716811633558 0.2847677754313602
-0.365066150132235 0.2822437526135748
-0.361451633794292 0.2797403576406922
-0.357872904746824 0.2772573864525087
-0.354329608660222 0.2747946329602096
-0.350821394713091 0.2723518848043507
-0.347347915557516 0.269928940828619
-0.343908827284669 0.2675255969102944
-0.340503789390762 0.2651416363271771
-0.337132464743328 0.2627768625148182
-0.33379451954785 0.2604310560195378
-0.330489623314703 0.2581040124893381
-0.327217448826438 0.2557955166500413
-0.323977672105385 0.2535053605260845
-0.320769972381569 0.2512333217809849
-0.317594032060959 0.2489791949597626
-0.314449536694019 0.246742761008231
-0.311336174944573 0.2445238038549355
-0.308253638558984 0.2423221051366594
-0.305201622335627 0.2401374492394609
-0.30217982409468 0.237969620432263
-0.299187944648198 0.2358183967736862
-0.296225687770494 0.2336835587913642
-0.293292760168805 0.2315649003411783
-0.290388871454263 0.2294621871054527
-0.287513734113132 0.2273752144969859
-0.284667063478348 0.2253037645210188
-0.281848577701335 0.2232476202007276
-0.279057997724094 0.2212065765262826
-0.276295047251578 0.2191804144934915
-0.273559452724335 0.2171689255213474
-0.27085094329142 0.2151719075690511
-0.268169250783585 0.2131891497557575
-0.265514109686717 0.2112204533357497
-0.262885257115562 0.209265617232879
-0.260282432787685 0.2073244462014468
-0.257705378997708 0.2053967399900709
-0.25515384059179 0.203482318262269
-0.252627564942366 0.2015809869033348
-0.250126301923135 0.1996925615883159
-0.247649803884292 0.1978168611361693
-0.245197825628012 0.1959537104128731
-0.24277012438417 0.1941029332310429
-0.240366459786307 0.1922643593441651
-0.237986593847829 0.1904378184326748
-0.235630290938444 0.1886231514834566
-0.233297317760836 0.1868201950875593
-0.23098744332756 0.1850287889020926
-0.228700438938179 0.1832487823887334
-0.226436078156613 0.1814800181828119
-0.224194136788725 0.1797223516447857
-0.221974392860124 0.17797563240666
-0.219776626594182 0.1762397169001346
-0.217600620390279 0.1745144609638865
-0.215446158802257 0.1727997244188253
-0.213313028517086 0.1710953631863509
-0.211201018333748 0.1694012397987663
-0.209109919142325 0.167717208689341
-0.207039523903292 0.1660431243521313
-0.204989627627022 0.1643788176201456
-0.202960027353487 0.1627242349823579
-0.200950522132166 0.1610780284635498
-0.198960913002144 0.1594392174237792
-0.19699100297242 0.1578145385430052
-0.195040597002396 0.1561981440915173
-0.19310950198257 0.1545907452662728
-0.191197526715416 0.1529922224175412
-0.189304481896452 0.1514024737846578
-0.187430180095497 0.149821385147699
-0.185574435738115 0.1482488245248401
-0.183737065087243 0.1466846718897986
-0.181917886224993 0.1451287915188059
-0.180116719034647 0.1435810553134519
-0.178333385182818 0.1420413274392426
-0.1765677081018 0.1405094751199825
-0.17481951297208 0.1389853580369671
-0.173088626705029 0.1374688410828823
-0.171374877925772 0.1359597876011484
-0.169678096956209 0.1344580565351169
-0.167998115798227 0.1329635092366324
-0.166334768117057 0.1314760018651847
-0.164687889224809 0.129995395221242
-0.163057316064167 0.1285215462670763
-0.161442887192244 0.1270543116046979
-0.159844442764598 0.1255935562965075
-0.158261824519404 0.1241391244519245
-0.156694875761787 0.1226908622738197
-0.155143441348303 0.1212486500202766
-0.153607367671588 0.1198123412552066
-0.152086502645136 0.1183817775956144
-0.150580695688254 0.1169568332660005
-0.149089797711142 0.1155373599309228
-0.147613661100141 0.1141232125837967
-0.14615213970311 0.1127142552101604
-0.14470508881496 0.111310348263742
-0.143272365163327 0.1099113484961695
-0.141853826894383 0.1085171370405878
-0.140449333558795 0.1071275614416861
-0.139058746097817 0.1057424922559829
-0.137681926829522 0.1043618089055225
-0.13631873943517 0.102985367492272
-0.134969048945713 0.1016130579616493
-0.133632721728429 0.1002447467608041
-0.132309625473692 0.09888030828101901
-0.130999629181873 0.09751963354250094
-0.129702603150369 0.09616257995516547
-0.128418418960762 0.09480910826293372
-0.127146949466101 0.09345899703203059
-0.125888068778317 0.09211220914308392
-0.12464165225576 0.09076862130565909
-0.123407576490851 0.08942812641471329
-0.122185719297873 0.08809062954167565
-0.120975959700864 0.08675603118302339
-0.119778177921647 0.08542422940053397
-0.118592255367968 0.0840951319588179
-0.11741807462175 0.08276865047065023
-0.116255519427476 0.08144469818684015
-0.115104474680669 0.08012318346745376
-0.113964826416504 0.07880402682477262
-0.112836461798519 0.0774871455741023
-0.111719269107444 0.07617245633781017
-0.110613137730143 0.07485988168313538
-0.109517958148656 0.07354934568257634
-0.108433621929363 0.07224077096678426
-0.10736002171224 0.0709340795902232
-0.106297051200238 0.06962922351253874
-0.10524460514875 0.0683261003057069
-0.104202579355198 0.06702465345410284
-0.103170870648711 0.0657248122844868
-0.102149376879912 0.06442650818032952
-0.101137996910804 0.06312967216140017
-0.100136630604756 0.06183423436711513
-0.0991451788165905 0.06054013784549436
-0.0981635433827629 0.0592472995358652
-0.0971916271116464 0.057955665314676
-0.0962293337739073 0.05666516382407186
-0.0952765680929776 0.05537571534821072
-0.0943332357356213 0.05408725261128976
-0.0933992433025954 0.05279975864933825
-0.0924744983194014 0.05151311108548632
-0.0915589092271301 0.05022723103843618
-0.09065238537339609 0.04894210327792153
-0.08975483700336249 0.04765762715636009
-0.0888661752508539 0.0463737354814607
-0.0879863121295584 0.0450903576724654
-0.0871151605243152 0.04380743172453108
-0.0862526341824903 0.04252488137540796
-0.085398647705436 0.04124263537092213
-0.0845531165400356 0.03996060690982852
-0.08371595697033229 0.03867877526424236
-0.08288708610923989 0.03739702581997581
-0.0820664218903365 0.03611529443401468
-0.0812538830597391 0.03483352251352639
-0.08044938916805849 0.0335516289193976
-0.0796528605624342 0.03226955554156401
-0.0788642183786477 0.03098723354312786
-0.07808338453331461 0.02970457496263969
-0.07731028171615301 0.0284215269817707
-0.0765448333823297 0.02713803988691769
-0.07578696374488091 0.02585401642435539
-0.07503659776720881 0.02456942297275649
-0.07429366115565229 0.0232841901639707
-0.073558080352131 0.02199825653226289
-0.0728297825268624 0.02071157297194667
-0.0721086955711509 0.01942407418513347
-0.0713947480902484 0.01813571900639862
-0.0706878693962855 0.01684645649525577
-0.0699879895012728 0.01555624240502138
-0.0692950391101711 0.01426502907781576
-0.0686089496140308 0.01297278447408085
-0.0679296530831988 0.01167946308996818
-0.06725708226059279 0.01038504063813537
-0.06659117055504241 0.009089496337893204
-0.0659318520346955 0.007792785599907145
-0.0652790614204906 0.006494901014199351
-0.0646327340796936 0.005195821399533812
-0.0639928060194986 0.003895532793200163
-0.0633592138806917 0.002594026785346965
-0.0627318949313779 0.001291293553014924
-0.0621107870607702 -1.266770885391222e-05
-0.0614958287730398 -0.001317855562353778
-0.0608869591812276 -0.00262427842332327
-0.0602841180012154 -0.00393188917178051
-0.0596872455457578 -0.005240714895117688
-0.0590962827185721 -0.006550734138455751
-0.0585111710084872 -0.007861922183233606
-0.0579318524836507 -0.009174259993026776
-0.0573582697857928 -0.01048772644325774
-0.0567903661245473 -0.01180229504530382
-0.056228085271829 -0.0131179387804711
-0.0556713715562664 -0.01443463317861155
-0.0551201698576895 -0.01575233084329607
-0.0545744256016727 -0.01707103350012009
-0.0540340847541314 -0.01839067586313542
-0.0534990938159717 -0.01971123200132542
-0.0529693998177938 -0.0210326693032366
-0.0524449503146473 -0.02235495456989117
-0.0519256933808389 -0.02367804264905669
-0.051411577604791 -0.02500189522651508
-0.0509025520839515 -0.026326491565393
-0.0503985664197539 -0.02765178891372437
-0.0498995707126277 -0.02897773065206818
-0.0494055155570571 -0.03030431673781227
-0.0489163520366902 -0.0316314958677066
-0.0484320317194952 -0.03295922927927904
-0.0479525066529656 -0.03428747644805229
-0.0474777293593719 -0.03561622481051753
-0.0470076528310613 -0.03694543139880535
-0.0465422305258032 -0.03827506645917265
-0.0460814163621814 -0.03960509074270131
-0.0456251647150311 -0.04093550152278519
-0.0451734304109219 -0.04226624444915589
-0.044726168723685 -0.04359729845042643
-0.0442833353699852 -0.04492863808820786
-0.0438448865049358 -0.04626023204139428
-0.0434107787177582 -0.04759205765235585
-0.0429809690274834 -0.04892408067552144
-0.0425554148786964 -0.0502562654703306
-0.0421340741373232 -0.0515886164846882
-0.0417169050864586 -0.05292106266383545
-0.0413038664222363 -0.05425360079174327
-0.0408949172497389 -0.05558558115013396
-0.0404900170789494 -0.05691881036643971
-0.0400891258207419 -0.05825140487905785
-0.0396922037829128 -0.0595839638520859
-0.0392992116662503 -0.0609164319939771
-0.0389101105606439 -0.06224876364560702
-0.0385248619412316 -0.06358093033507614
-0.0381434276645857 -0.0649128803694536
-0.0377657699649363 -0.06624456399388537
-0.037391851450432 -0.0675759469989715
-0.0370216350994376 -0.06890693009394484
-0.036655084256869 -0.07023752547482172
-0.0362921626305633 -0.07156760781677647
-0.0359328342876865 -0.07289715933469718
-0.0355770636511747 -0.07422610293666509
-0.0352248154962126 -0.07555431787960185
-0.0348760549467451 -0.07688177982445275
-0.0345307474720249 -0.07820842632897386
-0.0341888588831929 -0.07953412629912122
-0.033850355329894 -0.0808588737860091
-0.0335152032969248 -0.08218251588473213
-0.0331833696009156 -0.08350497813235791
-0.0328548213870451 -0.08482620118569377
-0.0325295261257873 -0.08614606445089917
-0.0322074516096904 -0.08746448714158225
-0.0318885659501885 -0.08878137184939006
-0.031572837574444 -0.09009661504711353
-0.0312602352222218 -0.09141014125282163
-0.0309507279427939 -0.09272183201262822
-0.0306442850918751 -0.09403159222017116
-0.0303408763285892 -0.0953393444032682
-0.0300404716124646 -0.09664496062477165
-0.02974304120046 -0.09794837459176564
-0.0294485556440198 -0.09924946017653362
-0.0291569857861582 -0.1005481431135915
-0.0288683027585725 -0.1018443268959079
-0.0285824779787846 -0.1031379083663002
-0.0282994831473115 -0.1044288234952516
-0.0280192902448629 -0.1057169333435451
-0.0277418715295672 -0.1070021944483775
-0.027467199534225 -0.1082845204698583
-0.0271952470635891 -0.1095638229038338
-0.0269259871916724 -0.1108400139684292
-0.0266593932590815 -0.1121130080659544
-0.0263954388703778 -0.1133827706242446
-0.0261340978914631 -0.1146491823350891
-0.0258753444469932 -0.1159122352600476
-0.025619152917815 -0.1171718232288019
-0.0253654979384307 -0.1184278230070049
-0.0251143543944859 -0.1196802673775395
-0.024865697420283 -0.1209290604083635
-0.0246195023963198 -0.1221741559015905
-0.0243757449468513 -0.1234154814941347
-0.0241344009374766 -0.1246529782449773
-0.0238954464727491 -0.1258866125777875
-0.023658857893811 -0.1271163213231073
-0.0234246117760505 -0.1283420608450651
-0.0231926849267826 -0.1295637568296482
-0.0229630543829531 -0.1307813932241511
-0.0227356974088645 -0.1319949044110588
-0.0225105914939252 -0.1332042448693241
-0.022287714350421 -0.1344093638994023
-0.0220670439113079 -0.1356102134675705
-0.0218485583280276 -0.1368067387163893
-0.0216322359683442 -0.1379988961899954
-0.0214180554142022 -0.1391866336943816
-0.0212059954596061 -0.1403698885147557
-0.0209960351085209 -0.1415486435165097
-0.020788153572793 -0.1427227833787921
-0.0205823302700921 -0.1438923108490005
-0.0203785448218733 -0.1450571498821462
-0.0201767770513597 -0.1462172234086641
-0.0199770069815443 -0.1473725042803749
-0.0197792148332122 -0.1485229053696095
-0.0195833810229823 -0.1496683753075615
-0.0193894861613687 -0.1508088656807169
-0.0191975110508601 -0.151944291397464
-0.0190074366840199 -0.153074605652519
-0.0188192442416038 -0.1541997293828675
-0.0186329150906968 -0.1553196046772101
-0.0184484307828682 -0.1564341634310844
-0.0182657730523447 -0.1575433455927007
-0.0180849238142027 -0.1586470684915062
-0.0179058651625769 -0.1597452630620968
-0.017728579368888 -0.160837877876055
-0.0175530488800872 -0.1619248468868578
-0.017379256316918 -0.1630060941210026
-0.017207184472196 -0.1640815547142836
-0.017036816309105 -0.165151165773831
-0.0168681349595099 -0.1662148627891011
-0.016701123722287 -0.1672725816773025
-0.0165357660616703 -0.1683242614390477
-0.0163720456056142 -0.1693698401177469
-0.0162099461441724 -0.1704092685796013
-0.0160494516278935 -0.1714424778880176
-0.0158905461662312 -0.1724694199510949
-0.0157332140259715 -0.1734900444607096
-0.0155774396296747 -0.1745042864586583
-0.0154232075541334 -0.1755120937072647
-0.0152705025288449 -0.1765134424402329
-0.0151193094344999 -0.1775083084715365
-0.0149696133014851 -0.1784966005531327
-0.0148213993084011 -0.1794782822297117
-0.0146746527805951 -0.180453340397542
-0.014529359188708 -0.1814217415331194
-0.0143855041472357 -0.1823834131766075
-0.0142430734131046 -0.1833383662065931
-0.014102052884262 -0.1842865646073446
-0.0139624285982792 -0.1852279695154439
-0.0138241867309695 -0.1861625689769033
-0.0136873135950193 -0.1870903404284086
-0.013551795638633 -0.1880112347355421
-0.0134176194441911 -0.1889252507406256
-0.0132847717269219 -0.189832414452795
-0.013153239333586 -0.1907326611499641
-0.0130230092411743 -0.1916259785050848
-0.0128940685556181 -0.1925123757623206
-0.012766404510513 -0.1933918376700981
-0.0126400044658544 -0.1942643520184529
-0.0125148559067866 -0.195129916287472
-0.0123909464423629 -0.1959885251298056
-0.0122682638043197 -0.1968401700610945
-0.0121467958458611 -0.1976848501895121
-0.0120265305404566 -0.1985225718241932
-0.0119074559806501 -0.1993533305214945
-0.0117895603768812 -0.2001771133536327
-0.0116728320563181 -0.2009939535622421
-0.0115572594617011 -0.2018038340039478
-0.0114428311501991 -0.2026067495064901
-0.0113295357922763 -0.2034027518855237
-0.0112173621705706 -0.2041917606324451
-0.0111062991787828 -0.2049739072202617
-0.010996335820577 -0.2057491052961363
-0.0108874612084921 -0.2065173900761952
-0.0107796645628634 -0.2072787767671007
-0.0106729352107559 -0.2080332827994661
-0.0105672625849068 -0.2087809181005447
-0.01046263622268 -0.209521691257366
-0.0103590457650297 -0.2102556344236533
-0.010256480955475 -0.2109827459883865
-0.0101549316390841 -0.21170305877005
-0.0100543877614694 -0.2124165837194023
-0.00995483936779152 -0.2131233414079266
-0.009856276601773781 -0.2138233645143834
-0.009758689704726511 -0.2145166614551035
-0.00966206901458071 -0.2152032669445609
-0.009566404964931391 -0.215883196160574
-0.00947168808409049 -0.2165564887058607
-0.009377908994149 -0.2172231559877276
-0.00928505841004851 -0.2178832467097211
-0.00919312713866189 -0.2185367722290772
-0.00910210607788306 -0.219183768989002
-0.0090119862157258 -0.2198242745973046
-0.008922758629431491 -0.2204583125179708
-0.008834414484585631 -0.2210859249443998
-0.008746945034243199 -0.2217071449724087
-0.008660341618062581 -0.2223220089460001
-0.0085745956614481 -0.2229305500981762
-0.00848969867470108 -0.2235328076279928
-0.008405642252179289 -0.2241288270223829
-0.00832241807146464 -0.2247186377009884
-0.00824001789253925 -0.2253022857471958
-0.00815843355696956 -0.2258798097732754
-0.00807765698709857 -0.2264512515544596
-0.00799768018524611 -0.2270166572095909
-0.00791849523291694 -0.2275760655763134
-0.00784009429001677 -0.2281295183956112
-0.00776246959407601 -0.2286770680763863
-0.0076856134594812 -0.2292187470864777
-0.00760951827671406 -0.2297546135736011
-0.00753417651159808 -0.2302847094937031
-0.00745958070455255 -0.2308090775503752
-0.00738572346985401 -0.2313277612470929
-0.00731259749490496 -0.2318408108677846
-0.00724019553950986 -0.2323482704956318
-0.00716851043515828 -0.2328501892269206
-0.00709753508431513 -0.2333466131815219
-0.00702726245971795 -0.233837585977783
-0.00695768560368114 -0.2343231571239718
-0.00688879762740707 -0.2348033727788122
-0.00682059171030403 -0.235278283116775
-0.00675306109931092 -0.2357479267022408
-0.00668619910822863 -0.2362123621675219
-0.00661999911705805 -0.2366716244070795
-0.0065544545713446 -0.2371257652240243
-0.00648955898152931 -0.2375748298620328
-0.00642530592230625 -0.2380188622853258
-0.00636168903198638 -0.2384579109255272
-0.00629870201186771 -0.2388920181687971
-0.00623633862561159 -0.239321233614205
-0.00617459269862534 -0.2397455991519102
-0.00611345811745083 -0.2401651597965592
-0.00605292882915924 -0.2405799586568456
-0.00599299884075172 -0.2409900446390486
-0.00593366221856606 -0.2413954548497743
-0.00587491308768917 -0.24179623392321
-0.00581674563137541 -0.2421924288831297
-0.0057591540904707 -0.2425840781902586
-0.00570213276284228 -0.2429712255860067
-0.00564567600281414 -0.2433539130020582
-0.00558977822060806 -0.2437321816568866
-0.00553443388179016 -0.2441060727900688
-0.00547963750672293 -0.2444756280388443
-0.0054253836700227 -0.244840884290332
-0.00537166700002248 -0.2452018859969656
-0.00531848217824008 -0.245558671096803
-0.00526582393885156 -0.2459112789987772
-0.00521368706816986 -0.2462597447403194
-0.00516206640412858 -0.2466041186973649
-0.00511095683577087 -0.2469444277118916
-0.00506035330274343 -0.2472807135531521
-0.00501025079479548 -0.2476130124977154
-0.00496064435128265 -0.2479413657609115
-0.00491152906067589 -0.2482658070297564
-0.00486290006007514 -0.2485863728392625
-0.00481475253472786 -0.2489031024503733
-0.00476708171755234 -0.2492160287981587
-0.00471988288866568 -0.2495251888782225
-0.00467315137491651 -0.2498306202096477
-0.00462688254942229 -0.2501323543958676
-0.00458107183111118 -0.2504304306920841
-0.00453571468426849 -0.2507248789803118
-0.00449080661808762 -0.2510157450803082
-0.00444634318622536 -0.2513030464383812
-0.00440231998636175 -0.2515868260804844
-0.00435873265976411 -0.2518671156412985
-0.00431557689085555 -0.2521439495782748
-0.00427284840678767 -0.2524173472436161
-0.0042305429770175 -0.2526873832899973
-0.00418865641288861 -0.2529540489381122
-0.00414718456721645 -0.2532173905853746
-0.00410612333387767 -0.2534774406062529
-0.00406546864740364 -0.2537342311529286
-0.00402521648257786 -0.2539877949207725
-0.00398536285403748 -0.2542381533244218
-0.0039459038158787 -0.2544853576414774
-0.00390683546126603 -0.2547294270975832
-0.00386815392204558 -0.2549703949958025
-0.00382985536836196 -0.2552082930053582
-0.00379193600827917 -0.255443151534188
-0.00375439208740512 -0.2556749997081228
-0.00371721988851992 -0.2559038681018201
-0.00368041573120784 -0.2561297894402623
-0.00364397597149291 -0.2563527910835858
-0.00360789700147813 -0.2565729038465763
-0.00357217524898825 -0.2567901564092854
-0.00353680717721609 -0.2570045802880721
-0.00350178928437236 -0.2572162038217473
-0.00346711810333897 -0.2574250561958647
-0.00343279020132572 -0.2576311590869508
-0.00339880217953041 -0.2578345635928026
-0.00336515067280239 -0.2580352754186049
-0.00333183234930929 -0.2582333312412958
-0.00329884391020722 -0.2584287596789336
-0.00326618208931408 -0.2586215877390751
-0.00323384365278622 -0.2588118439677207
-0.00320182539879824 -0.258999555600487
-0.00317012415722598 -0.2591847514078132
-0.00313873678933265 -0.2593674588524368
-0.00310766018745807 -0.2595477038484332
-0.00307689127471096 -0.2597255149143792
-0.00304642700466432 -0.2599009179956799
-0.00301626436105378 -0.2600739402944612
-0.00298640035747899 -0.2602446083256311
-0.00295683203710791 -0.2604129480172074
-0.00292755647238407 -0.2605789880853565
-0.0028985707647367 -0.2607427499982256
-0.00286987204429376 -0.2609042625109361
-0.00284145746959779 -0.2610635546924887
-0.00281332422732454 -0.2612206469011342
-0.0027854695320045 -0.2613755664246238
-0.00275789062574703 -0.2615283382576523
-0.00273058477796735 -0.2616789878946714
-0.00270354928511619 -0.2618275399915064
-0.00267678147041207 -0.261974019250643
-0.00265027868357631 -0.2621184501749603
-0.0026240383005706 -0.2622608571593231
-0.00259805772333723 -0.2624012643511322
-0.00257233437954181 -0.26253969541685
-0.00254686572231862 -0.2626761748202278
-0.00252164923001844 -0.2628107258675307
-0.00249668240595885 -0.2629433720104768
-0.00247196277817708 -0.263074136519559
-0.00244748789918523 -0.2632030424834979
-0.00242325534572795 -0.2633301127980506
-0.00239926271854252 -0.2634553702079809
-0.00237550764212131 -0.2635788372427727
-0.00235198776447654 -0.2637005362586826
-0.00232870075690747 -0.26382048942762
-0.00230564431376977 -0.2639387187367294
-0.0022828161522473 -0.2640552459879478
-0.00226021401212604 -0.2641700927976462
-0.00223783565557034 -0.2642832805962645
-0.00221567886690132 -0.2643948306279779
-0.00219374145237755 -0.2645047639504494
-0.00217202123997777 -0.2646131014345796
-0.00215051607918591 -0.2647198637643783
-0.00212922384077813 -0.2648250714369408
-0.00210814241661201 -0.2649287447627887
-0.00208726971941783 -0.2650309026382908
-0.00206660368259191 -0.2651315670866634
-0.00204614225999199 -0.2652307583187618
-0.00202588342573464 -0.2653284939649723
-0.0020058251739947 -0.265424794024153
-0.00198596551880663 -0.2655196772584003
-0.00196630249386795 -0.2656131630548138
-0.00194683415234451 -0.2657052697026656
-0.00192755856667773 -0.265796017110944
-0.00190847382839379 -0.2658854220131297
-0.00188957804791465 -0.2659735049007723
-0.00187086935437094 -0.266060281294649
-0.00185234589541677 -0.266145770660513
-0.0018340058370463 -0.2662299903019669
-0.00181584736341218 -0.2663129577128788
-0.00179786867664573 -0.2663946903699789
-0.00178006799667894 -0.2664752050749809
-0.00176244356106825 -0.2665545189379886
-0.00174499362482005 -0.2666326487171217
-0.00172771646021787 -0.2667096109874988
-0.00171061035665136 -0.2667854221351519
-0.00169367362044689 -0.2668600983833048
-0.00167690457469989 -0.2669336557541748
-0.00166030155910881 -0.2670061100955152
-0.0016438629298107 -0.2670774770747816
-0.00162758705921851 -0.2671477721798556
-0.00161147233585991 -0.2672170107197827
-0.00159551716421774 -0.2672852078255513
-0.00157971996457202 -0.2673523784508678
-0.00156407917284358 -0.2674185373730007
-0.00154859324043919 -0.2674836992326467
-0.00153326063409821 -0.2675478783781758
-0.0015180798357408 -0.2676110891960574
-0.00150304934231762 -0.2676733455734737
-0.00148816766566101 -0.2677346615056126
-0.00147343333233764 -0.2677950508781358
-0.00145884488350261 -0.2678545271069705
-0.00144440087475506 -0.2679131035582955
-0.00143009987599511 -0.2679707937871461
-0.00141594047128228 -0.2680276102260353
-0.00140192125869533 -0.2680835662142104
-0.0013880408501934 -0.26813867444642
-0.00137429787147861 -0.2681929474865288
-0.00136069096186001 -0.268246397743943
-0.00134721877411882 -0.268299037470129
-0.00133387997437507 -0.2683508787586467
-0.00132067324195552 -0.2684019335220268
-0.00130759726926289 -0.2684522135913162
-0.00129465076164642 -0.2685017305753502
-0.00128183243727369 -0.2685504959789112
-0.00126914102700365 -0.2685985214086193
-0.00125657527426104 -0.2686458164712608
-0.00124413393491192 -0.2686923939741158
-0.00123181577714052 -0.2687382645036888
-0.00121961958132724 -0.2687834384117297
-0.00120754413992796 -0.2688279263133507
-0.00119558825735442 -0.2688717386466605
-0.00118375074985586 -0.2689148856990553
-0.00117203044540184 -0.268957377613419
-0.00116042618356618 -0.2689992243908757
-0.00114893681541206 -0.2690404358926946
-0.00113756120337828 -0.2690810218418802
-0.00112629822116661 -0.2691209918246532
-0.00111514675363031 -0.2691603552919008
-0.00110410569666367 -0.2691991215605627
-0.00109317395709274 -0.2692372998150281
-0.00108235045256707 -0.2692748991084619
-0.00107163411145255 -0.2693119283640276
-0.00106102387272529 -0.2693483963759761
-0.00105051868586663 -0.2693843118101109
-0.00104011751075904 -0.2694196832023401
-0.00102981931758321 -0.2694545189483426
-0.00101962308671605 -0.2694888277857977
-0.00100952780862975 -0.2695226171746242
-0.00099953248379183 -0.2695558954924685
-0.0009896361225661681 -0.2695886706859902
-0.000979837745115018 -0.2696209504976646
-0.000970136381301998 -0.2696527426904901
-0.000960531070596037 -0.2696840548726575
-0.000951020861976275 -0.2697148945157625
-0.000941604813837896 -0.2697452689835274
-0.0009322819938989071 -0.26977518553093
-0.000923051479107828 -0.2698046513048211
-0.000913912355552305 -0.2698336733444398
-0.000904863718368619 -0.2698622585846872
-0.000895904671652098 -0.2698904138543136
-0.000887034328368414 -0.2699181458792554
-0.000878251810265756 -0.2699454612834375
-0.000869556247787878 -0.2699723665900676
-0.000860946779987997 -0.2699988682229458
-0.0008524225544435619 -0.270024972507747
-0.000843982727171843 -0.2700506856733253
-0.00083562646254638 -0.2700760138529708
-0.000827352933214237 -0.2701009630857074
-0.000819161320014096 -0.2701255393175375
-0.000811050811895145 -0.2701497483824096
-0.000803020605836777 -0.2701735960841177
-0.000795069906769086 -0.2701970880771191
-0.000787197927494145 -0.2702202299477767
-0.000779403888608064 -0.2702430271956003
-0.000771687018423826 -0.2702654852344499
-0.000764046552894877 -0.2702876093937301
-0.000756481735539482 -0.270309404919564
-0.000748991817365824 -0.2703308769759808
-0.000741576056797845 -0.2703520306460513
-0.000734233719601827 -0.2703728709330614
-0.00072696407881369 -0.2703934027616328
-0.00071976641466702 -0.2704136309788523
-0.000712640014521802 -0.2704335603553989
-0.000705584172793863 -0.2704531955871354
-0.000698598190885013 -0.2704725412941886
-0.000691681377113875 -0.2704916020250729
-0.0006848330466474 -0.2705103822557531
-0.00067805252143307 -0.2705288863912611
-0.000671339130131752 -0.2705471187669638
-0.00066469220805124 -0.2705650836513839
-0.000658111097080435 -0.270582783813709
-0.0006515951456241939 -0.2706002274000398
-0.000645143708538805 -0.270617414885113
-0.000638756147068124 -0.2706343512414228
-0.000632431828780321 -0.2706510401389882
-0.000626170127505268 -0.270667486339863
-0.000619970423272543 -0.2706836923092661
-0.000613832102250043 -0.2706996628654422
-0.00060775455668321 -0.270715401385641
-0.000601737184834862 -0.2707309115004286
-0.000595779390925606 -0.2707461967814992
-0.000589880585074857 -0.2707612607438916
-0.000584040183242433 -0.2707761068461799
-0.000578257607170726 -0.2707907384913112
-0.000572532284327451 -0.2708051590274388
-0.000566863647848961 -0.2708193717487649
-0.00056125113648412 -0.270833379896375
-0.000555694194538733 -0.2708471866590668
-0.000550192271820528 -0.270860795174162
-0.000544744823584681 -0.270874208528316
-0.000539351310479882 -0.2708874297583119
-0.000534011198494933 -0.2709004618518362
-0.000528723958905874 -0.2709133077482729
-0.0005234890682236369 -0.2709259703394394
-0.000518306008142215 -0.2709384524703661
-0.000513174265487342 -0.2709507569400159
-0.000508093332165685 -0.2709628865020353
-0.00050306270511454 -0.2709748438654639
-0.0004980818862520199 -0.2709866316954475
-0.000493150382427742 -0.2709982526139408
-0.000488267705374002 -0.2710097092004019
-0.000483433371657428 -0.2710210039924698
-0.000478646902631117 -0.2710321394866339
-0.000473907824387244 -0.2710431181389037
-0.000469215667710143 -0.2710539423654529
-0.000464569968029844 -0.271064614543269
-0.000459970265376083 -0.2710751370107759
-0.000455416104332756 -0.2710855120638847
-0.000450907033992828 -0.2710957419749569
-0.000446442607913691 -0.2711058289658612
-0.000442022384072961 -0.2711157752269561
-0.000437645924824714 -0.2711255829130548
-0.000433312796856152 -0.2711352541440363
-0.000429022571144705 -0.2711447910053868
-0.00042477482291555 -0.2711541955487874
-0.000420569131599554 -0.2711634697926443
-0.000416405080791638 -0.271172615722643
-0.000412282258209542 -0.2711816352922833
-0.000408200255653012 -0.2711905304234172
-0.000404158668963379 -0.2711993030067423
-0.000400157097983543 -0.2712079549023447
-0.00039619514651836 -0.2712164879401777
-0.000392272422295405 -0.2712249039205727
-0.000388388536926144 -0.2712332046147178
-0.000384543105867469 -0.2712413917651452
-0.000380735748383633 -0.2712494670861957
-0.000376966087508547 -0.2712574322645064
-0.000373233750008463 -0.271265288959417
-0.000369538366345013 -0.2712730387917726
-0.000365879570638626 -0.2712806833912047
-0.000362257000632303 -0.2712882243262226
-0.000358670297655746 -0.2712956631515762
-0.000355119106589847 -0.2713030013969189
-0.000351603075831532 -0.271310240567248
-0.000348121857258943 -0.2713173821432963
-0.000344675106196973 -0.2713244275818981
-0.000341262481383142 -0.2713313783280709
-0.000337883644933803 -0.2713382357685492
-0.000334538262310697 -0.2713450013015421
-0.000331226002287818 -0.2713516762796128
-0.000327946536918632 -0.2713582621069596
-0.000324699541503596 -0.2713647600204993
-0.000321484694558016 -0.271371171367405
-0.000318301677780214 -0.2713774974210803
-0.000315150176020014 -0.2713837394400172
-0.000312029877247538 -0.2713898986631271
-0.000308940472522315 -0.2713959763096412
-0.000305881655962688 -0.2714019735793359
-0.000302853124715533 -0.2714078916528447
-0.00029985457892627 -0.2714137316919432
-0.000296885721709178 -0.2714194948398828
-0.000293946259117998 -0.27142518222168
-0.00029103590011683 -0.2714307949444313
-0.000288154356551317 -0.2714363340976019
-0.000285301343120116 -0.2714418007533304
-0.000282476577346649 -0.2714471959667068
-0.000279679779551138 -0.2714525207760663
-0.000276910672822909 -0.2714577762032613
-0.000274168982992979 -0.2714629632539413
-0.00027145443860691 -0.2714680829178195
-0.00026876677089793 -0.2714731361689437
-0.000266105713760327 -0.2714781239659542
-0.000263471003723096 -0.27148304725234
-0.000260862379923858 -0.2714879069566923
-0.000258279584083027 -0.2714927039929566
-0.000255722360478245 -0.2714974392606721
-0.000253190455919054 -0.2715021136452034
-0.000250683619721836 -0.2715067280179454
-0.000248201603684986 -0.2715112832383575
-0.000245744162064343 -0.271515780146345
-0.000243311051548854 -0.2715202195768358
-0.000240902031236489 -0.2715246023467565
-0.000238516862610385 -0.2715289292612883
-0.000236155309515233 -0.2715332011130521
-0.000233817138133894 -0.2715374186822808
-0.000231502116964252 -0.2715415827370403
-0.000229210016796289 -0.2715456940334245
-0.000226940610689395 -0.2715497533157451
-0.000224693673949896 -0.2715537613167381
-0.000222468984108808 -0.2715577187577563
-0.00022026632089981 -0.27156162634895
-0.000218085466237435 -0.271565484789464
-0.000215926204195481 -0.2715692947676062
-0.000213788320985624 -0.2715730569610386
-0.000211671604936262 -0.271576772036956
-0.000209575846471546 -0.2715804406522492
-0.00020750083809064 -0.2715840634536777
-0.000205446374347168 -0.2715876410780471
-0.000203412251828879 -0.2715911741523601
-0.000201398269137504 -0.2715946632939915
-0.000199404226868816 -0.2715981091108384
-0.000197429927592887 -0.2716015122014812
-0.000195475175834542 -0.2716048731553327
-0.000193539778054002 -0.2716081925527972
-0.000191623542627725 -0.271611470965414
-0.00018972627982943 -0.2716147089560023
-0.000187847801811317 -0.2716179070788064
-0.000185987922585462 -0.2716210658796382
-0.000184146458005408 -0.2716241858960179
-0.000182323225747929 -0.2716272676573022
-0.000180518045294979 -0.2716303116848252
-0.000178730737915821 -0.2716333184920293
-0.000176961126649328 -0.2716362885845949
-0.000175209036286463 -0.2716392224605622
-0.000173474293352934 -0.2716421206104684
-0.000171756726092014 -0.2716449835174541
-0.000170056164447538 -0.2716478116574004
-0.000168372440047068 -0.2716506054990393
-0.000166705386185215 -0.2716533655040622
-0.000165054837807144 -0.2716560921272579
-0.000163420631492222 -0.2716587858166019
-0.000161802605437843 -0.2716614470133804
-0.000160200599443409 -0.2716640761522954
-0.000158614454894465 -0.2716666736615682
-0.000157044014746995 -0.2716692399630543
-0.000155489123511876 -0.2716717754723363
-0.000153949627239481 -0.2716742805988382
-0.000152425373504437 -0.271676755745909
-0.000150916211390531 -0.27167920131093
-0.000149421991475774 -0.2716816176854148
-0.000147942565817598 -0.2716840052551028
-0.000146477787938216 -0.2716863644000422
-0.000145027512810114 -0.2716886954946951
-0.000143591596841697 -0.2716909989080165
-0.000142169897863067 -0.2716932750035584
-0.000140762275111947 -0.2716955241395366
-0.00013936858921975 -0.2716977466689326
-0.000137988702197772 -0.2716999429395682
-0.000136622477423537 -0.2717021132941995
-0.000135269779627264 -0.2717042580705794
-0.000133930474878479 -0.27170637760156
-0.000132604430572752 -0.2717084722151498
-0.000131291515418566 -0.2717105422346164
-0.000129991599424323 -0.2717125879785317
-0.000128704553885468 -0.271714609760881
-0.000127430251371751 -0.2717166078911392
-0.000126168565714605 -0.2717185826743798
-0.000124919371994658 -0.2717205344121111
-0.000123682546529364 -0.2717224633935287
-0.000122457966860757 -0.2717243699229885
-0.000121245511743324 -0.2717262542805779
-0.000120045061132003 -0.2717281167512193
-0.0001188564961703 -0.2717299576146998
-0.000117679699178515 -0.2717317771467306
-0.000116514553642094 -0.2717335756190734
-0.000115360944200093 -0.2717353532996146
-0.000114218756633756 -0.271737110452436
-0.000113087877855204 -0.2717388473378754
-0.000111968195896241 -0.2717405642125883
-0.000110859599897269 -0.2717422613295988
-0.000109761980096306 -0.2717439389383631
-0.000108675227818124 -0.2717455972848162
-0.00010759923546349 -0.2717472366114445
-0.000106533896498505 -0.2717488571573185
-0.000105479105444064 -0.2717504591581647
-0.00010443475786541 -0.2717520428464022
-0.000103400750361792 -0.2717536084512051
-0.00010237698055623 -0.2717551561985473
-0.000101363347085376 -0.2717566863112494
-0.000100359749589481 -0.2717581990090437
-9.93660887024564e-05 -0.2717596945085952
-9.838226604203611e-05 -0.2717611730235764
-9.74081842000357e-05 -0.2717626347646922
-9.64437467327086e-05 -0.2717640799397378
-9.548885815119661e-05 -0.2717655087536381
-9.45434239120759e-05 -0.2717669214084955
-9.36073504079959e-05 -0.2717683181036303
-9.26805449584118e-05 -0.2717696990356246
-9.17629158004077e-05 -0.27177106439836
-9.08543720796116e-05 -0.271772414383068
-8.995482384119961e-05 -0.2717737491783617
-8.90641820209897e-05 -0.271775068970283
-8.81823584366235e-05 -0.2717763739423315
-8.730926577883521e-05 -0.2717776642755143
-8.64448176028071e-05 -0.2717789401483777
-8.5588928319611e-05 -0.2717802017370433
-8.474151318773359e-05 -0.2717814492152504
-8.39024883046868e-05 -0.2717826827543884
-8.307177059869981e-05 -0.2717839025235319
-8.22492778204948e-05 -0.2717851086894718
-8.143492853514339e-05 -0.2717863014167593
-8.062864211400339e-05 -0.2717874808677346
-7.9830338726736e-05 -0.2717886472025562
-7.9039939333402e-05 -0.2717898005792393
-7.82573656766356e-05 -0.271790941153685
-7.74825402738966e-05 -0.2717920690797144
-7.671538640979859e-05 -0.2717931845090937
-7.59558281285135e-05 -0.2717942875915727
-7.5203790226251e-05 -0.27179537847491
-7.44591982438129e-05 -0.271796457304901
-7.37219784592207e-05 -0.271797524225413
-7.299205788041651e-05 -0.2717985793784083
-7.22693642380361e-05 -0.2717996229039762
-7.155382597825361e-05 -0.2718006549403555
-7.084537225569659e-05 -0.2718016756239674
-7.01439329264323e-05 -0.2718026850894387
-6.944943854102211e-05 -0.2718036834696307
-6.876182033764561e-05 -0.2718046708956638
-6.80810102352927e-05 -0.2718056474969431
-6.74069408270225e-05 -0.2718066134011803
-6.673954537328961e-05 -0.2718075687344225
-6.607875779533621e-05 -0.2718085136210819
-6.54245126686497e-05 -0.2718094481839414
-6.477674521648491e-05 -0.2718103725442025
-6.41353913034504e-05 -0.2718112868214864
-6.350038742915879e-05 -0.2718121911338681
-6.28716707219394e-05 -0.2718130855979039
-6.22491789326132e-05 -0.2718139703286359
-6.16328504283299e-05 -0.2718148454396339
-6.10226241864653e-05 -0.2718157110429982
-6.04184397885795e-05 -0.2718165672493992
-5.98202374144351e-05 -0.2718174141680802
-5.92279578360744e-05 -0.2718182519068878
-5.86415424119548e-05 -0.2718190805722941
-5.80609330811434e-05 -0.2718199002694092
-5.74860723575677e-05 -0.2718207111020014
-5.69169033243245e-05 -0.2718215131725238
-5.6353369628044e-05 -0.2718223065821244
-5.57954154733109e-05 -0.2718230914306708
-5.52429856171395e-05 -0.2718238678167607
-5.46960253635045e-05 -0.271824635837752
-5.41544805579252e-05 -0.2718253955897683
-5.36182975821042e-05 -0.2718261471677201
-5.3087423348618e-05 -0.2718268906653261
-5.25618052956614e-05 -0.2718276261751273
-5.2041391381843e-05 -0.2718283537884987
-5.15261300810327e-05 -0.271829073595678
-5.10159703772601e-05 -0.2718297856857608
-5.05108617596634e-05 -0.2718304901467411
-5.00107542174885e-05 -0.2718311870655112
-4.95155982351372e-05 -0.2718318765278805
-4.90253447872645e-05 -0.2718325586185881
-4.85399453339253e-05 -0.2718332334213225
-4.80593518157676e-05 -0.2718339010187416
-4.75835166492748e-05 -0.2718345614924615
-4.71123927220543e-05 -0.2718352149231037
-4.66459333881726e-05 -0.27183586139029
-4.61840924635372e-05 -0.2718365009726609
-4.5726824221324e-05 -0.2718371337478841
-4.52740833874495e-05 -0.2718377597926755
-4.48258251360886e-05 -0.2718383791828111
-4.43820050852362e-05 -0.2718389919931333
-4.39425792923131e-05 -0.2718395982975684
-4.35075042498149e-05 -0.2718401981691403
-4.30767368810049e-05 -0.2718407916799818
-4.26502345356484e-05 -0.2718413789013466
-4.22279549857905e-05 -0.2718419599036169
-4.18098564215747e-05 -0.2718425347562867
-4.13958974471037e-05 -0.2718431035281619
-4.09860370763403e-05 -0.2718436662869509
-4.05802347290498e-05 -0.2718442230997467
-4.0178450226782e-05 -0.2718447740327644
-3.97806437888931e-05 -0.2718453191514195
-3.9386776028607e-05 -0.2718458585203427
-3.89968079491158e-05 -0.271846392203393
-3.86107009397186e-05 -0.2718469202636452
-3.82284167719987e-05 -0.2718474427634315
-3.78499175960383e-05 -0.2718479597643319
-3.74751659366716e-05 -0.2718484713271814
-3.71041246897738e-05 -0.2718489775120961
-3.67367571185879e-05 -0.2718494783784722
-3.63730268500871e-05 -0.2718499739849987
-3.60128978713733e-05 -0.2718504643896562
-3.56563345261122e-05 -0.2718509496497512
-3.53033015110022e-05 -0.2718514298218868
-3.49537638722794e-05 -0.2718519049620156
-3.46076870022568e-05 -0.271852375125422
-3.42650366358979e-05 -0.2718528403667244
-3.39257788474236e-05 -0.2718533007399066
-3.35898800469541e-05 -0.2718537562983133
-3.32573069771823e-05 -0.271854207094658
-3.29280267100814e-05 -0.2718546531810318
-3.2602006643645e-05 -0.2718550946089193
-3.22792144986584e-05 -0.2718555314291907
-3.19596183155034e-05 -0.2718559636921313
-3.16431864509934e-05 -0.2718563914474237
-3.1329887575241e-05 -0.2718568147441799
-3.10196906685555e-05 -0.2718572336309331
-3.07125650183718e-05 -0.2718576481556483
-3.04084802162097e-05 -0.2718580583657347
-3.0107406154663e-05 -0.2718584643080521
-2.98093130244188e-05 -0.2718588660288992
-2.95141713113058e-05 -0.2718592635740577
-2.92219517933721e-05 -0.2718596569887646
-2.89326255379921e-05 -0.2718600463177395
-2.86461638990021e-05 -0.271860431605181
-2.83625385138635e-05 -0.2718608128947651
-2.80817213008549e-05 -0.2718611902296935
-2.7803684456292e-05 -0.2718615636526388
-2.75284004517743e-05 -0.2718619332057907
-2.72558420314597e-05 -0.2718622989308642
-2.6985982209366e-05 -0.2718626608690892
-2.6718794266699e-05 -0.2718630190612097
-2.64542517492069e-05 -0.2718633735475138
-2.61923284645613e-05 -0.2718637243678366
-2.59329984797637e-05 -0.2718640715615304
-2.56762361185779e-05 -0.2718644151675271
-2.5422015958988e-05 -0.2718647552243024
-2.51703128306812e-05 -0.2718650917698767
-2.49211018125557e-05 -0.2718654248418665
-2.46743582302531e-05 -0.2718657544774363
-2.4430057653716e-05 -0.2718660807133462
-2.41881758947683e-05 -0.2718664035859196
-2.39486890047211e-05 -0.2718667231310864
-2.37115732720011e-05 -0.2718670393843542
-2.3476805219803e-05 -0.2718673523808466
-2.32443616037654e-05 -0.271867662155259
-2.30142194096687e-05 -0.271867968741927
-2.27863558511571e-05 -0.27186827217479
-2.25607483674823e-05 -0.2718685724873903
-2.23373746212696e-05 -0.2718688697129091
-2.21162124963065e-05 -0.271869163884144
-2.1897240095353e-05 -0.2718694550335548
-2.16804357379733e-05 -0.2718697431931736
-2.14657779583894e-05 -0.2718700283947392
-2.12532455033558e-05 -0.2718703106696048
-2.10428173300553e-05 -0.2718705900489056
-2.08344726040151e-05 -0.2718708665600593
-2.06281906970447e-05 -0.2718711402415229
-2.04239511851927e-05 -0.2718714111161958
-2.02217338467255e-05 -0.2718716792156295
-2.00215186601242e-05 -0.2718719445692302
-1.98232858021032e-05 -0.2718722072059575
-1.96270156456467e-05 -0.2718724671545167
-1.94326887580661e-05 -0.2718727244432297
-1.92402858990753e-05 -0.271872979100147
-1.90497880188865e-05 -0.2718732311529741
-1.88611762563232e-05 -0.2718734806291223
-1.86744319369537e-05 -0.2718737275557001
-1.84895365712413e-05 -0.271873971959519
-1.83064718527141e-05 -0.2718742138670863
-1.81252196561526e-05 -0.2718744533046253
-1.79457620357947e-05 -0.2718746902980594
-1.77680812235591e-05 -0.2718749248730353
-1.75921596272862e-05 -0.2718751570549183
-1.74179798289962e-05 -0.2718753868687857
-1.72455245831646e-05 -0.2718756143394496
-1.70747768150145e-05 -0.2718758394914406
-1.69057196188262e-05 -0.271876062349024
-1.67383362562636e-05 -0.2718762829362034
-1.65726101547164e-05 -0.2718765012767106
-1.64085249056598e-05 -0.2718767173940277
-1.62460642630295e-05 -0.2718769313113705
-1.60852121416134e-05 -0.2718771430517069
-1.59259526154588e-05 -0.271877352637752
-1.57682699162958e-05 -0.2718775600919768
-1.56121484319761e-05 -0.2718777654366026
-1.54575727049268e-05 -0.2718779686936085
-1.53045274306206e-05 -0.2718781698847403
-1.515299745606e-05 -0.2718783690315034
-1.50029677782772e-05 -0.2718785661551675
-1.48544235428487e-05 -0.2718787612767752
-1.47073500424245e-05 -0.2718789544171386
-1.45617327152718e-05 -0.2718791455968476
-1.44175571438334e-05 -0.271879334836265
-1.42748090533004e-05 -0.2718795221555335
-1.41334743101984e-05 -0.2718797075745842
-1.39935389209886e-05 -0.2718798911131232
-1.38549890306817e-05 -0.2718800727906513
-1.37178109214671e-05 -0.2718802526264554
-1.35819910113535e-05 -0.2718804306396155
-1.34475158528253e-05 -0.2718806068490089
-1.33143721315102e-05 -0.2718807812733021
-1.31825466648616e-05 -0.2718809539309676
-1.3052026400853e-05 -0.2718811248402812
-1.29227984166862e-05 -0.2718812940193108
-1.27948499175111e-05 -0.2718814614859463
-1.26681682351595e-05 -0.2718816272578721
-1.25427408268906e-05 -0.2718817913525869
-1.24185552741491e-05 -0.2718819537874103
-1.22955992813357e-05 -0.2718821145794664
-1.21738606745898e-05 -0.2718822737456958
-1.2053327400584e-05 -0.2718824313028646
-1.19339875253307e-05 -0.271882587267557
-1.18158292330007e-05 -0.2718827416561804
-1.16988408247531e-05 -0.2718828944849689
-1.15830107175774e-05 -0.2718830457699745
-1.14683274431459e-05 -0.2718831955270906
-1.13547796466791e-05 -0.2718833437720347
-1.12423560858209e-05 -0.2718834905203564
-1.11310456295256e-05 -0.2718836357874446
-1.10208372569561e-05 -0.2718837795885184
-1.09117200563922e-05 -0.2718839219386436
-1.08036832241506e-05 -0.2718840628527148
-1.06967160635155e-05 -0.2718842023454808
-1.05908079836787e-05 -0.2718843404315232
-1.04859484986918e-05 -0.2718844771252765
-1.03821272264275e-05 -0.2718846124410187
-1.0279333887552e-05 -0.2718847463928818
-1.01775583045069e-05 -0.2718848789948423
-1.00767904005019e-05 -0.2718850102607276
-9.977020198516739e-06 -0.2718851402042272
-9.878237820313601e-06 -0.2718852688388771
-9.780433485459009e-06 -0.2718853961780802
-9.68359751035546e-06 -0.2718855222350891
-9.587720307282629e-06 -0.271885647023022
-9.492792383448151e-06 -0.2718857705548545
-9.39880434004767e-06 -0.2718858928434321
-9.30574687133433e-06 -0.2718860139014579
-9.21361076369735e-06 -0.2718861337415069
-9.12238689474986e-06 -0.2718862523760202
-9.0320662324256e-06 -0.2718863698173088
-8.942639834084751e-06 -0.2718864860775498
-8.85409884562847e-06 -0.2718866011687991
-8.76643450062225e-06 -0.2718867151029823
-8.679638119427971e-06 -0.2718868278919034
-8.593701108344519e-06 -0.2718869395472351
-8.508614958756951e-06 -0.2718870500805405
-8.42437124629401e-06 -0.2718871595032492
-8.34096162999407e-06 -0.2718872678266767
-8.25837785147928e-06 -0.2718873750620213
-8.1766117341379e-06 -0.2718874812203616
-8.09565518231475e-06 -0.2718875863126614
-8.01550018050966e-06 -0.2718876903497732
-7.93613879258382e-06 -0.271887793342431
-7.85756316097408e-06 -0.2718878953012567
-7.77976550591493e-06 -0.2718879962367689
-7.702738124668249e-06 -0.271888096159369
-7.62647339076064e-06 -0.2718881950793532
-7.55096375322836e-06 -0.2718882930069063
-7.47620173586966e-06 -0.2718883899521174
-7.40217993650461e-06 -0.2718884859249604
-7.32889102624219e-06 -0.2718885809353092
-7.25632774875465e-06 -0.2718886749929377
-7.18448291955906e-06 -0.2718887681075098
-7.113349425306e-06 -0.2718888602886
-7.04292022307524e-06 -0.2718889515456753
-6.97318833967846e-06 -0.2718890418881123
-6.90414687096877e-06 -0.2718891313251777
-6.8357889811572e-06 -0.2718892198660566
-6.76810790213584e-06 -0.2718893075198332
-6.70109693280776e-06 -0.2718893942954876
-6.63474943842353e-06 -0.2718894802019247
-6.56905884992428e-06 -0.2718895652479471
-6.50401866329137e-06 -0.2718896494422661
-6.43962243890235e-06 -0.2718897327935055
-6.37586380089341e-06 -0.2718898153101996
-6.31273643652813e-06 -0.2718898970007943
-6.25023409557241e-06 -0.2718899778736449
-6.18835058967565e-06 -0.2718900579370281
-6.12707979175807e-06 -0.2718901371991292
-6.06641563540403e-06 -0.2718902156680492
-6.00635211426141e-06 -0.2718902933518084
-5.94688328144694e-06 -0.2718903702583427
-5.88800324895737e-06 -0.2718904463955055
-5.82970618708651e-06 -0.271890521771072
-5.77198632384803e-06 -0.2718905963927319
-5.71483794440399e-06 -0.2718906702681054
-5.658255390499e-06 -0.2718907434047269
-5.6022330599e-06 -0.2718908158100499
-5.54676540584158e-06 -0.271890887491461
-5.49184693647681e-06 -0.2718909584562644
-5.43747221433348e-06 -0.2718910287116925
-5.38363585577572e-06 -0.271891098264899
-5.33033253047101e-06 -0.2718911671229694
-5.27755696086239e-06 -0.2718912352929131
-5.22530392164593e-06 -0.2718913027816702
-5.17356823925339e-06 -0.2718913695961037
-5.12234479133999e-06 -0.2718914357430168
-5.07162850627722e-06 -0.2718915012291313
-5.02141436265071e-06 -0.2718915660611073
-4.97169738876308e-06 -0.271891630245537
-4.92247266214166e-06 -0.2718916937889395
-4.87373530905115e-06 -0.2718917566977725
-4.82548050401104e-06 -0.2718918189784237
-4.77770346931786e-06 -0.2718918806372238
-4.73039947457214e-06 -0.2718919416804251
-4.68356383621004e-06 -0.2718920021142253
-4.63719191703965e-06 -0.2718920619447612
-4.59127912578183e-06 -0.2718921211780968
-4.54582091661567e-06 -0.2718921798202408
-4.50081278872839e-06 -0.271892237877141
-4.45625028586969e-06 -0.2718922953546849
-4.41212899591058e-06 -0.2718923522586954
-4.36844455040652e-06 -0.2718924085949377
-4.32519262416487e-06 -0.2718924643691218
-4.2823689348167e-06 -0.2718925195868976
-4.23996924239277e-06 -0.271892574253853
-4.19798934890374e-06 -0.2718926283755261
-4.15642509792449e-06 -0.2718926819573913
-4.11527237418267e-06 -0.271892735004872
-4.07452710315115e-06 -0.2718927875233404
-4.03418525064471e-06 -0.2718928395181031
-3.9942428224205e-06 -0.2718928909944199
-3.95469586378268e-06 -0.2718929419574967
-3.91554045919077e-06 -0.271892992412486
-3.87677273187205e-06 -0.2718930423644875
-3.83838884343767e-06 -0.2718930918185444
-3.80038499350264e-06 -0.2718931407796589
-3.76275741930955e-06 -0.2718931892527746
-3.72550239535599e-06 -0.2718932372427865
-3.68861623302573e-06 -0.2718932847545416
-3.6520952802235e-06 -0.2718933317928327
-3.61593592101336e-06 -0.2718933783624105
-3.58013457526076e-06 -0.2718934244679768
-3.54468769827798e-06 -0.2718934701141787
-3.50959178047324e-06 -0.2718935153056258
-3.47484334700321e-06 -0.2718935600468693
-3.44043895742892e-06 -0.2718936043424272
-3.40637520537517e-06 -0.2718936481967639
-3.37264871819324e-06 -0.2718936916143007
-3.33925615662697e-06 -0.2718937345994102
-3.30619421448215e-06 -0.2718937771564268
-3.27345961829915e-06 -0.2718938192896402
-3.24104912702887e-06 -0.2718938610032896
-3.20895953171175e-06 -0.2718939023015813
-3.17718765516015e-06 -0.2718939431886717
-3.14573035164371e-06 -0.2718939836686768
-3.11458450657793e-06 -0.2718940237456722
-3.08374703621577e-06 -0.2718940634236941
-3.05321488734235e-06 -0.2718941027067334
-3.02298503697262e-06 -0.2718941415987441
-2.9930544920521e-06 -0.2718941801036359
-2.9634202891605e-06 -0.2718942182252848
-2.93407949421831e-06 -0.2718942559675246
-2.90502920219635e-06 -0.2718942933341497
-2.87626653682807e-06 -0.2718943303289171
-2.84778865032482e-06 -0.271894366955548
-2.81959272309388e-06 -0.2718944032177197
-2.79167596345929e-06 -0.2718944391190785
-2.76403560738544e-06 -0.2718944746632351
-2.7366689182034e-06 -0.2718945098537549
-2.70957318634e-06 -0.2718945446941765
-2.68274572904951e-06 -0.2718945791879985
-2.65618389014803e-06 -0.2718946133386834
-2.62988503975052e-06 -0.2718946471496641
-2.60384657401042e-06 -0.271894680624332
-2.5780659148618e-06 -0.2718947137660496
-2.55254050976416e-06 -0.2718947465781412
-2.52726783144966e-06 -0.2718947790639011
-2.50224537767293e-06 -0.2718948112265881
-2.4774706709633e-06 -0.2718948430694305
-2.4529412583795e-06 -0.2718948745956213
-2.42865471126683e-06 -0.2718949058083247
-2.40460862501667e-06 -0.2718949367106704
-2.38080061882838e-06 -0.271894967305754
-2.35722833547365e-06 -0.2718949975966459
-2.33388944106302e-06 -0.2718950275863852
-2.31078162481487e-06 -0.2718950572779752
-2.2879025988266e-06 -0.2718950866743925
-2.26525009784812e-06 -0.2718951157785824
-2.24282187905755e-06 -0.2718951445934633
-2.22061572183915e-06 -0.2718951731219207
-2.19862942756352e-06 -0.2718952013668132
-2.17686081936982e-06 -0.27189522933097
-2.15530774195032e-06 -0.2718952570171911
-2.13396806133695e-06 -0.271895284428253
-2.11283966469005e-06 -0.2718953115668958
-2.09192046008916e-06 -0.2718953384358406
-2.0712083763259e-06 -0.2718953650377745
-2.05070136269891e-06 -0.2718953913753616
-2.0303973888108e-06 -0.2718954174512381
-2.01029444436713e-06 -0.2718954432680155
-1.99039053897736e-06 -0.2718954688282729
-1.97068370195778e-06 -0.2718954941345738
-1.95117198213641e-06 -0.2718955191894438
-1.93185344765982e-06 -0.2718955439953956
-1.9127261858018e-06 -0.2718955685549068
-1.89378830277406e-06 -0.2718955928704331
-1.87503792353867e-06 -0.2718956169444083
-1.85647319162245e-06 -0.2718956407792403
-1.83809226893311e-06 -0.2718956643773117
-1.81989333557734e-06 -0.2718956877409805
-1.80187458968054e-06 -0.2718957108725856
-1.78403424720845e-06 -0.2718957337744371
-1.76637054179055e-06 -0.2718957564488237
-1.74888172454509e-06 -0.2718957788980127
-1.73156606390603e-06 -0.2718958011242469
-1.71442184545152e-06 -0.2718958231297482
-1.69744737173418e-06 -0.2718958449167103
-1.68064096211305e-06 -0.2718958664873181
-1.66400095258717e-06 -0.2718958878437224
-1.64752569563087e-06 -0.2718959089880564
-1.63121356003056e-06 -0.2718959299224323
-1.61506293072333e-06 -0.2718959506489412
-1.59907220863696e-06 -0.2718959711696527
-1.58323981053164e-06 -0.2718959914866153
-1.56756416884321e-06 -0.2718960116018575
-1.55204373152793e-06 -0.2718960315173896
-1.53667696190884e-06 -0.2718960512351961
-1.52146233852361e-06 -0.2718960707572493
-1.50639835497387e-06 -0.2718960900854953
-1.49148351977611e-06 -0.2718961092218671
-1.47671635621397e-06 -0.2718961281682677
-1.46209540219205e-06 -0.2718961469265925
-1.44761921009113e-06 -0.2718961654987125
-1.43328634662489e-06 -0.2718961838864818
-1.41909539269791e-06 -0.271896202091732
-1.40504494326525e-06 -0.2718962201162813
-1.39113360719332e-06 -0.2718962379619272
-1.3773600071221e-06 -0.2718962556304508
-1.36372277932881e-06 -0.2718962731236123
-1.35022057359288e-06 -0.2718962904431571
-1.33685205306226e-06 -0.2718963075908113
-1.32361589412105e-06 -0.2718963245682911
-1.31051078625847e-06 -0.2718963413772806
-1.29753543193907e-06 -0.2718963580194602
-1.28468854647433e-06 -0.2718963744964881
-1.27196885789538e-06 -0.2718963908100092
-1.25937510682711e-06 -0.2718964069616459
-1.24690604636347e-06 -0.2718964229530106
-1.23456044194403e-06 -0.2718964387856954
-1.22233707123171e-06 -0.2718964544612812
-1.2102347239918e-06 -0.2718964699813266
-1.19825220197208e-06 -0.2718964853473808
-1.18638831878423e-06 -0.2718965005609754
-1.17464189978637e-06 -0.2718965156236221
-1.1630117819667e-06 -0.2718965305368272
-1.15149681382842e-06 -0.2718965453020722
-1.14009585527566e-06 -0.2718965599208302
-1.12880777750065e-06 -0.2718965743945578
-1.11763146287194e-06 -0.2718965887246928
-1.1065658048237e-06 -0.2718966029126655
-1.09560970774624e-06 -0.2718966169598911
-1.08476208687746e-06 -0.2718966308677656
-1.07402186819551e-06 -0.2718966446376736
-1.06338798831238e-06 -0.2718966582709875
-1.0528593943687e-06 -0.2718966717690654
-1.0424350439294e-06 -0.2718966851332507
-1.0321139048806e-06 -0.2718966983648735
-1.02189495532732e-06 -0.2718967114652505
-1.0117771834924e-06 -0.271896724435688
-1.00175958761624e-06 -0.2718967372774744
1.00175958761624e-06 -0.2718993010460454
1.0117771834924e-06 -0.2718993138419419
1.02189495532732e-06 -0.2718993267655639
1.0321139048806e-06 -0.2718993398181886
1.0424350439294e-06 -0.2718993530010952
1.0528593943687e-06 -0.2718993663155863
1.06338798831238e-06 -0.2718993797629721
1.07402186819551e-06 -0.2718993933445721
1.08476208687746e-06 -0.271899407061732
1.09560970774624e-06 -0.2718994209157938
1.1065658048237e-06 -0.2718994349081261
1.11763146287194e-06 -0.2718994490401031
1.12880777750065e-06 -0.2718994633131182
1.14009585527566e-06 -0.2718994777285726
1.15149681382842e-06 -0.2718994922878892
1.1630117819667e-06 -0.271899506992499
1.17464189978637e-06 -0.2718995218438477
1.18638831878423e-06 -0.2718995368433995
1.19825220197208e-06 -0.2718995519926268
1.2102347239918e-06 -0.2718995672930206
1.22233707123171e-06 -0.2718995827460867
1.23456044194403e-06 -0.2718995983533435
1.24690604636347e-06 -0.2718996141163319
1.25937510682711e-06 -0.2718996300365972
1.27196885789538e-06 -0.2718996461157062
1.28468854647433e-06 -0.2718996623552356
1.29753543193907e-06 -0.2718996787567884
1.31051078625847e-06 -0.2718996953219787
1.32361589412105e-06 -0.2718997120524296
1.33685205306226e-06 -0.2718997289497902
1.35022057359288e-06 -0.271899746015717
1.36372277932881e-06 -0.2718997632518912
1.3773600071221e-06 -0.2718997806600068
1.39113360719332e-06 -0.2718997982417741
1.40504494326525e-06 -0.27189981599892
1.41909539269791e-06 -0.2718998339331892
1.43328634662489e-06 -0.2718998520463485
1.44761921009113e-06 -0.2718998703401707
1.46209540219205e-06 -0.2718998888164579
1.47671635621397e-06 -0.271899907477025
1.49148351977611e-06 -0.2718999263237025
1.50639835497387e-06 -0.2718999453583443
1.52146233852361e-06 -0.2718999645828174
1.53667696190884e-06 -0.2718999839990108
1.55204373152793e-06 -0.2719000036088317
1.56756416884321e-06 -0.271900023414208
1.58323981053164e-06 -0.27190004341708
1.59907220863696e-06 -0.2719000636194103
1.61506293072333e-06 -0.2719000840231864
1.63121356003056e-06 -0.2719001046304121
1.64752569563087e-06 -0.2719001254431063
1.66400095258717e-06 -0.2719001464633121
1.68064096211305e-06 -0.2719001676930949
1.69744737173418e-06 -0.2719001891345336
1.71442184545152e-06 -0.2719002107897341
1.73156606390603e-06 -0.2719002326608224
1.74888172454509e-06 -0.2719002547499403
1.76637054179055e-06 -0.2719002770592585
1.78403424720845e-06 -0.2719002995909638
1.80187458968054e-06 -0.2719003223472648
1.81989333557734e-06 -0.2719003453303949
1.83809226893311e-06 -0.2719003685426062
1.85647319162245e-06 -0.2719003919861732
1.87503792353867e-06 -0.2719004156633959
1.89378830277406e-06 -0.2719004395765964
1.9127261858018e-06 -0.2719004637281106
1.93185344765982e-06 -0.2719004881203151
1.95117198213641e-06 -0.2719005127555981
1.97068370195778e-06 -0.2719005376363734
1.99039053897736e-06 -0.2719005627650722
2.01029444436713e-06 -0.2719005881441641
2.0303973888108e-06 -0.2719006137761292
2.05070136269891e-06 -0.271900639663481
2.0712083763259e-06 -0.2719006658087548
2.09192046008916e-06 -0.2719006922145111
2.11283966469005e-06 -0.2719007188833326
2.13396806133695e-06 -0.2719007458178313
2.15530774195032e-06 -0.2719007730206446
2.17686081936982e-06 -0.2719008004944323
2.19862942756352e-06 -0.2719008282418849
2.22061572183915e-06 -0.2719008562657205
2.24282187905755e-06 -0.2719008845686752
2.26525009784812e-06 -0.2719009131535213
2.2879025988266e-06 -0.271900942023052
2.31078162481487e-06 -0.271900971180092
2.33388944106302e-06 -0.2719010006274969
2.35722833547365e-06 -0.2719010303681387
2.38080061882838e-06 -0.2719010604049287
2.40460862501667e-06 -0.2719010907408052
2.42865471126683e-06 -0.2719011213787302
2.4529412583795e-06 -0.2719011523216983
2.4774706709633e-06 -0.2719011835727315
2.50224537767293e-06 -0.2719012151348873
2.52726783144966e-06 -0.271901247011249
2.55254050976416e-06 -0.2719012792049246
2.5780659148618e-06 -0.2719013117190627
2.60384657401042e-06 -0.2719013445568334
2.62988503975052e-06 -0.2719013777214514
2.65618389014803e-06 -0.2719014112161444
2.68274572904951e-06 -0.2719014450441896
2.70957318634e-06 -0.2719014792088846
2.7366689182034e-06 -0.2719015137135637
2.76403560738544e-06 -0.2719015485615924
2.79167596345929e-06 -0.2719015837563722
2.81959272309388e-06 -0.2719016193013348
2.84778865032482e-06 -0.2719016551999451
2.87626653682807e-06 -0.2719016914557062
2.90502920219635e-06 -0.2719017280721499
2.93407949421831e-06 -0.2719017650528494
2.9634202891605e-06 -0.2719018024014038
2.9930544920521e-06 -0.2719018401214572
3.02298503697262e-06 -0.2719018782166782
3.05321488734235e-06 -0.2719019166907841
3.08374703621577e-06 -0.2719019555475177
3.11458450657793e-06 -0.2719019947906655
3.14573035164371e-06 -0.2719020344240503
3.17718765516015e-06 -0.2719020744515253
3.20895953171175e-06 -0.2719021148769886
3.24104912702887e-06 -0.2719021557043756
3.27345961829915e-06 -0.2719021969376547
3.30619421448215e-06 -0.2719022385808416
3.33925615662697e-06 -0.2719022806379831
3.37264871819324e-06 -0.2719023231131701
3.40637520537517e-06 -0.271902366010537
3.44043895742892e-06 -0.2719024093342446
3.47484334700321e-06 -0.2719024530885086
3.50959178047324e-06 -0.2719024972775825
3.54468769827798e-06 -0.2719025419057528
3.58013457526076e-06 -0.2719025869773644
3.61593592101336e-06 -0.2719026324967852
3.6520952802235e-06 -0.2719026784684427
3.68861623302573e-06 -0.2719027248967909
3.72550239535599e-06 -0.2719027717863404
3.76275741930955e-06 -0.271902819141646
3.80038499350264e-06 -0.2719028669672927
3.83838884343767e-06 -0.271902915267929
3.87677273187205e-06 -0.2719029640482316
3.91554045919077e-06 -0.2719030133129333
3.95469586378268e-06 -0.2719030630668093
3.9942428224205e-06 -0.271903113314679
4.03418525064471e-06 -0.2719031640614141
4.07452710315115e-06 -0.2719032153119334
4.11527237418267e-06 -0.2719032670711941
4.15642509792449e-06 -0.2719033193442125
4.19798934890374e-06 -0.2719033721360477
4.23996924239277e-06 -0.2719034254518077
4.2823689348167e-06 -0.271903479296654
4.32519262416487e-06 -0.2719035336757921
4.36844455040652e-06 -0.2719035885944851
4.41212899591058e-06 -0.2719036440580425
4.45625028586969e-06 -0.2719037000718258
4.50081278872839e-06 -0.2719037566412489
4.54582091661567e-06 -0.2719038137717741
4.59127912578183e-06 -0.2719038714689236
4.63719191703965e-06 -0.2719039297382722
4.68356383621004e-06 -0.2719039885854424
4.73039947457214e-06 -0.2719040480161131
4.77770346931786e-06 -0.2719041080360205
4.82548050401104e-06 -0.2719041686509567
4.87373530905115e-06 -0.2719042298667645
4.92247266214166e-06 -0.2719042916893514
4.97169738876308e-06 -0.2719043541246738
5.02141436265071e-06 -0.2719044171787507
5.07162850627722e-06 -0.2719044808576538
5.12234479133999e-06 -0.2719045451675199
5.17356823925339e-06 -0.2719046101145389
5.22530392164593e-06 -0.2719046757049657
5.27755696086239e-06 -0.2719047419451093
5.33033253047101e-06 -0.2719048088413448
5.38363585577572e-06 -0.2719048764001029
5.43747221433348e-06 -0.2719049446278828
5.49184693647681e-06 -0.271905013531243
5.54676540584158e-06 -0.2719050831167998
5.6022330599e-06 -0.2719051533912445
5.658255390499e-06 -0.2719052243613223
5.71483794440399e-06 -0.2719052960338454
5.77198632384803e-06 -0.2719053684156937
5.82970618708651e-06 -0.271905441513811
5.88800324895737e-06 -0.2719055153352101
5.94688328144694e-06 -0.2719055898869691
6.00635211426141e-06 -0.2719056651762311
6.06641563540403e-06 -0.2719057412102101
6.12707979175807e-06 -0.2719058179961878
6.18835058967565e-06 -0.2719058955415215
6.25023409557241e-06 -0.2719059738536298
6.31273643652813e-06 -0.2719060529400081
6.37586380089341e-06 -0.2719061328082192
6.43962243890235e-06 -0.2719062134658998
6.50401866329137e-06 -0.2719062949207626
6.56905884992428e-06 -0.271906377180583
6.63474943842353e-06 -0.271906460253225
6.70109693280776e-06 -0.2719065441466211
6.76810790213584e-06 -0.271906628868771
6.8357889811572e-06 -0.2719067144277639
6.90414687096877e-06 -0.2719068008317566
6.97318833967846e-06 -0.2719068880889845
7.04292022307524e-06 -0.2719069762077657
7.113349425306e-06 -0.2719070651964923
7.18448291955906e-06 -0.2719071550636433
7.25632774875465e-06 -0.2719072458177652
7.32889102624219e-06 -0.271907337467492
7.40217993650461e-06 -0.2719074300215461
7.47620173586966e-06 -0.2719075234887233
7.55096375322836e-06 -0.2719076178779027
7.62647339076064e-06 -0.2719077131980511
7.702738124668249e-06 -0.2719078094582164
7.77976550591493e-06 -0.2719079066675396
7.85756316097408e-06 -0.2719080048352374
7.93613879258382e-06 -0.2719081039706173
8.01550018050966e-06 -0.2719082040830731
8.09565518231475e-06 -0.2719083051820933
8.1766117341379e-06 -0.2719084072772476
8.25837785147928e-06 -0.2719085103782
8.34096162999407e-06 -0.2719086144947
8.42437124629401e-06 -0.2719087196365981
8.508614958756951e-06 -0.271908825813828
8.593701108344519e-06 -0.2719089330364192
8.679638119427971e-06 -0.2719090413144921
8.76643450062225e-06 -0.2719091506582733
8.85409884562847e-06 -0.2719092610780674
8.942639834084751e-06 -0.2719093725842903
9.0320662324256e-06 -0.2719094851874447
9.12238689474986e-06 -0.2719095988981392
9.21361076369735e-06 -0.2719097137270755
9.30574687133433e-06 -0.2719098296850517
9.39880434004767e-06 -0.2719099467829819
9.492792383448151e-06 -0.2719100650318604
9.587720307282629e-06 -0.2719101844427983
9.68359751035546e-06 -0.2719103050270049
9.780433485459009e-06 -0.2719104267957946
9.878237820313601e-06 -0.2719105497605869
9.977020198516739e-06 -0.2719106739328996
1.00767904005019e-05 -0.2719107993243677
1.01775583045069e-05 -0.2719109259467284
1.0279333887552e-05 -0.2719110538118232
1.03821272264275e-05 -0.2719111829316159
1.04859484986918e-05 -0.2719113133181662
1.05908079836787e-05 -0.2719114449836454
1.06967160635155e-05 -0.2719115779403512
1.08036832241506e-05 -0.2719117122006778
1.09117200563922e-05 -0.2719118477771405
1.10208372569561e-05 -0.2719119846823673
1.11310456295256e-05 -0.2719121229291021
1.12423560858209e-05 -0.2719122625302109
1.13547796466791e-05 -0.2719124034986675
1.14683274431459e-05 -0.2719125458475708
1.15830107175774e-05 -0.271912689590136
1.16988408247531e-05 -0.2719128347397027
1.18158292330007e-05 -0.2719129813097231
1.19339875253307e-05 -0.271913129313784
1.2053327400584e-05 -0.2719132787655825
1.21738606745898e-05 -0.2719134296789515
1.22955992813357e-05 -0.2719135820678396
1.24185552741491e-05 -0.2719137359463286
1.25427408268906e-05 -0.2719138913286199
1.26681682351595e-05 -0.2719140482290567
1.27948499175111e-05 -0.271914206662094
1.29227984166862e-05 -0.2719143666423293
1.3052026400853e-05 -0.2719145281844877
1.31825466648616e-05 -0.2719146913034255
1.33143721315102e-05 -0.2719148560141331
1.34475158528253e-05 -0.2719150223317351
1.35819910113535e-05 -0.2719151902714935
1.37178109214671e-05 -0.2719153598488007
1.38549890306817e-05 -0.2719155310791911
1.39935389209886e-05 -0.2719157039783345
1.41334743101984e-05 -0.2719158785620509
1.42748090533004e-05 -0.2719160548462802
1.44175571438334e-05 -0.2719162328471232
1.45617327152718e-05 -0.2719164125808183
1.47073500424245e-05 -0.2719165940637399
1.48544235428487e-05 -0.2719167773124088
1.50029677782772e-05 -0.2719169623435018
1.515299745606e-05 -0.2719171491738336
1.53045274306206e-05 -0.2719173378203687
1.54575727049268e-05 -0.2719175283002239
1.56121484319761e-05 -0.2719177206306571
1.57682699162958e-05 -0.2719179148290855
1.59259526154588e-05 -0.2719181109130761
1.60852121416134e-05 -0.2719183089003476
1.62460642630295e-05 -0.2719185088087777
1.64085249056598e-05 -0.2719187106563973
1.65726101547164e-05 -0.2719189144613904
1.67383362562636e-05 -0.2719191202420963
1.69057196188262e-05 -0.2719193280170242
1.70747768150145e-05 -0.2719195378048384
1.72455245831646e-05 -0.271919749624355
1.74179798289962e-05 -0.2719199634945629
1.75921596272862e-05 -0.2719201794346123
1.77680812235591e-05 -0.2719203974638157
1.79457620357947e-05 -0.2719206176016441
1.81252196561526e-05 -0.2719208398677492
1.83064718527141e-05 -0.2719210642819421
1.84895365712413e-05 -0.271921290864195
1.86744319369537e-05 -0.2719215196346685
1.88611762563232e-05 -0.2719217506136704
1.90497880188865e-05 -0.271921983821708
1.92402858990753e-05 -0.2719222192794302
1.94326887580661e-05 -0.2719224570076855
1.96270156456467e-05 -0.2719226970274845
1.98232858021032e-05 -0.2719229393600285
2.00215186601242e-05 -0.2719231840266637
2.02217338467255e-05 -0.2719234310489566
2.04239511851927e-05 -0.2719236804486276
2.06281906970447e-05 -0.2719239322476274
2.08344726040151e-05 -0.2719241864701159
2.10428173300553e-05 -0.2719244431311472
2.12532455033558e-05 -0.2719247022613405
2.14657779583894e-05 -0.271924963880098
2.16804357379733e-05 -0.2719252280103557
2.1897240095353e-05 -0.2719254946751351
2.21162124963065e-05 -0.271925763897658
2.23373746212696e-05 -0.2719260357013094
2.25607483674823e-05 -0.2719263101096599
2.27863558511571e-05 -0.2719265871464657
2.30142194096687e-05 -0.2719268668357001
2.32443616037654e-05 -0.271927149201504
2.3476805219803e-05 -0.2719274342682239
2.37115732720011e-05 -0.2719277220603976
2.39486890047211e-05 -0.2719280126027567
2.41881758947683e-05 -0.2719283059202327
2.4430057653716e-05 -0.2719286020379511
2.46743582302531e-05 -0.27192890098124
2.49211018125557e-05 -0.2719292027756252
2.51703128306812e-05 -0.2719295074468299
2.5422015958988e-05 -0.2719298150207813
2.56762361185779e-05 -0.2719301255236073
2.59329984797637e-05 -0.2719304389816359
2.61923284645613e-05 -0.27193075542141
2.64542517492069e-05 -0.2719310748696626
2.6718794266699e-05 -0.27193139735334
2.6985982209366e-05 -0.2719317228995936
2.72558420314597e-05 -0.271932051535782
2.75284004517743e-05 -0.2719323832894699
2.7803684456292e-05 -0.2719327181884302
2.80817213008549e-05 -0.2719330562606477
2.83625385138635e-05 -0.2719333975343165
2.86461638990021e-05 -0.2719337420378374
2.89326255379921e-05 -0.2719340897998282
2.92219517933721e-05 -0.2719344408491121
2.95141713113058e-05 -0.2719347952147314
2.98093130244188e-05 -0.271935152925938
3.0107406154663e-05 -0.2719355140121966
3.04084802162097e-05 -0.2719358785031902
3.07125650183718e-05 -0.2719362464288093
3.10196906685555e-05 -0.2719366178191689
3.1329887575241e-05 -0.2719369927045916
3.16431864509934e-05 -0.2719373711156216
3.19596183155034e-05 -0.2719377530830144
3.22792144986584e-05 -0.2719381386377473
3.2602006643645e-05 -0.2719385278110116
3.29280267100814e-05 -0.2719389206342199
3.32573069771823e-05 -0.2719393171389978
3.35898800469541e-05 -0.2719397173571922
3.39257788474236e-05 -0.271940121320865
3.42650366358979e-05 -0.2719405290623027
3.46076870022568e-05 -0.271940940614002
3.49537638722794e-05 -0.2719413560086846
3.53033015110022e-05 -0.2719417752792875
3.56563345261122e-05 -0.2719421984589699
3.60128978713733e-05 -0.2719426255811027
3.63730268500871e-05 -0.2719430566792836
3.67367571185879e-05 -0.2719434917873218
3.71041246897738e-05 -0.2719439309392456
3.74751659366716e-05 -0.2719443741693083
3.78499175960383e-05 -0.2719448215119706
3.82284167719987e-05 -0.271945273001918
3.86107009397186e-05 -0.2719457286740477
3.89968079491158e-05 -0.2719461885634744
3.9386776028607e-05 -0.2719466527055335
3.97806437888931e-05 -0.2719471211357676
4.0178450226782e-05 -0.2719475938899399
4.05802347290498e-05 -0.2719480710040258
4.09860370763403e-05 -0.2719485525142067
4.13958974471037e-05 -0.2719490384568753
4.18098564215747e-05 -0.271949528868855
4.22279549857905e-05 -0.271950023786488
4.26502345356484e-05 -0.2719505232471865
4.30767368810049e-05 -0.2719510272880998
4.35075042498149e-05 -0.2719515359466716
4.39425792923131e-05 -0.2719520492605527
4.43820050852362e-05 -0.2719525672675981
4.48258251360886e-05 -0.271953090005871
4.52740833874495e-05 -0.2719536175136316
4.5726824221324e-05 -0.2719541498293401
4.61840924635372e-05 -0.2719546869916575
4.66459333881726e-05 -0.2719552290394391
4.71123927220543e-05 -0.2719557760117352
4.75835166492748e-05 -0.2719563279477897
4.80593518157676e-05 -0.2719568848870361
4.85399453339253e-05 -0.271957446869093
4.90253447872645e-05 -0.2719580139337728
4.95155982351372e-05 -0.2719585861210629
5.00107542174885e-05 -0.2719591634711354
5.05108617596634e-05 -0.2719597460243448
5.10159703772601e-05 -0.2719603338212105
5.15261300810327e-05 -0.271960926902437
5.2041391381843e-05 -0.2719615253088891
5.25618052956614e-05 -0.2719621290816059
5.3087423348618e-05 -0.2719627382617835
5.36182975821042e-05 -0.2719633528907809
5.41544805579252e-05 -0.2719639730101149
5.46960253635045e-05 -0.2719645986614555
5.52429856171395e-05 -0.2719652298866186
5.57954154733109e-05 -0.2719658667275657
5.6353369628044e-05 -0.271966509226403
5.69169033243245e-05 -0.2719671574253714
5.74860723575677e-05 -0.2719678113668445
5.80609330811434e-05 -0.2719684710933234
5.86415424119548e-05 -0.2719691366474357
5.92279578360744e-05 -0.2719698080719221
5.98202374144351e-05 -0.2719704854096397
6.04184397885795e-05 -0.271971168703553
6.10226241864653e-05 -0.2719718579967343
6.16328504283299e-05 -0.2719725533323402
6.22491789326132e-05 -0.271973254753636
6.28716707219394e-05 -0.2719739623039549
6.350038742915879e-05 -0.2719746760267231
6.41353913034504e-05 -0.2719753959654302
6.477674521648491e-05 -0.2719761221636405
6.54245126686497e-05 -0.2719768546649687
6.607875779533621e-05 -0.2719775935130854
6.673954537328961e-05 -0.2719783387517102
6.74069408270225e-05 -0.2719790904245915
6.80810102352927e-05 -0.2719798485755198
6.876182033764561e-05 -0.2719806132482976
6.944943854102211e-05 -0.2719813844867409
7.01439329264323e-05 -0.2719821623346752
7.084537225569659e-05 -0.2719829468359237
7.155382597825361e-05 -0.2719837380342899
7.22693642380361e-05 -0.2719845359735659
7.299205788041651e-05 -0.2719853406974971
7.37219784592207e-05 -0.2719861522498041
7.44591982438129e-05 -0.2719869706741438
7.5203790226251e-05 -0.271987796014122
7.59558281285135e-05 -0.27198862831326
7.671538640979859e-05 -0.2719894676150038
7.74825402738966e-05 -0.271990313962704
7.82573656766356e-05 -0.2719911673995968
7.9039939333402e-05 -0.2719920279688101
7.9830338726736e-05 -0.271992895713335
8.062864211400339e-05 -0.2719937706760152
8.143492853514339e-05 -0.2719946528995471
8.22492778204948e-05 -0.2719955424264504
8.307177059869981e-05 -0.2719964392990593
8.39024883046868e-05 -0.2719973435595138
8.474151318773359e-05 -0.2719982552497317
8.5588928319611e-05 -0.2719991744114162
8.64448176028071e-05 -0.2720001010860201
8.730926577883521e-05 -0.2720010353147315
8.81823584366235e-05 -0.2720019771384702
8.90641820209897e-05 -0.2720029265978673
8.995482384119961e-05 -0.2720038837332236
9.08543720796116e-05 -0.2720048485845399
9.17629158004077e-05 -0.2720058211914499
9.26805449584118e-05 -0.2720068015932387
9.36073504079959e-05 -0.272007789828798
9.45434239120759e-05 -0.2720087859366157
9.548885815119661e-05 -0.2720097899547665
9.64437467327086e-05 -0.2720108019208713
9.74081842000357e-05 -0.2720118218720921
9.838226604203611e-05 -0.2720128498451067
9.93660887024564e-05 -0.2720138858760715
0.000100359749589481 -0.2720149300006239
0.000101363347085376 -0.272015982253844
0.00010237698055623 -0.2720170426702289
0.000103400750361792 -0.2720181112836685
0.00010443475786541 -0.2720191881274269
0.000105479105444064 -0.2720202732341187
0.000106533896498505 -0.2720213666356679
0.00010759923546349 -0.2720224683632851
0.000108675227818124 -0.2720235784474577
0.000109761980096306 -0.2720246969178954
0.000110859599897269 -0.2720258238035115
0.000111968195896241 -0.2720269591324043
0.000113087877855204 -0.2720281029317988
0.000114218756633756 -0.2720292552280508
0.000115360944200093 -0.2720304160465695
0.000116514553642094 -0.2720315854118433
0.000117679699178515 -0.2720327633473407
0.0001188564961703 -0.2720339498755296
0.000120045061132003 -0.27203514501782
0.000121245511743324 -0.2720363487945502
0.000122457966860757 -0.2720375612250437
0.000123682546529364 -0.2720387823286933
0.000124919371994658 -0.2720400121131782
0.000126168565714605 -0.2720412506085246
0.000127430251371751 -0.2720424978206841
0.000128704553885468 -0.2720437537636104
0.000129991599424323 -0.2720450184489336
0.000131291515418566 -0.2720462918867768
0.000132604430572752 -0.2720475740857764
0.000133930474878479 -0.2720488650530464
0.000135269779627264 -0.2720501647941137
0.000136622477423537 -0.2720514733129074
0.000137988702197772 -0.2720527906116809
0.00013936858921975 -0.2720541166909751
0.000140762275111947 -0.2720554515495632
0.000142169897863067 -0.2720567951843907
0.000143591596841697 -0.2720581475905298
0.000145027512810114 -0.2720595087611191
0.000146477787938216 -0.2720608786872999
0.000147942565817598 -0.2720622573581635
0.000149421991475774 -0.2720636447606936
0.000150916211390531 -0.2720650408796972
0.000152425373504437 -0.2720664456977424
0.000153949627239481 -0.2720678591950964
0.000155489123511876 -0.2720692813496614
0.000157044014746995 -0.2720707121368967
0.000158614454894465 -0.2720721515297584
0.000160200599443409 -0.2720735994986276
0.000161802605437843 -0.2720750560112264
0.000163420631492222 -0.2720765210325652
0.000165054837807144 -0.2720779945248393
0.000166705386185215 -0.272079476447377
0.000168372440047068 -0.272080966756537
0.000170056164447538 -0.2720824654056446
0.000171756726092014 -0.2720839723448921
0.000173474293352934 -0.2720854875212728
0.000175209036286463 -0.2720870108784766
0.000176961126649328 -0.2720885423568046
0.000178730737915821 -0.2720900818930811
0.000180518045294979 -0.2720916294205564
0.000182323225747929 -0.2720931848688237
0.000184146458005408 -0.2720947481636924
0.000185987922585462 -0.2720963192271137
0.000187847801811317 -0.2720978979770742
0.00018972627982943 -0.272099484327485
0.000191623542627725 -0.2721010781880761
0.000193539778054002 -0.2721026794642837
0.000195475175834542 -0.2721042880571395
0.000197429927592887 -0.2721059038631755
0.000199404226868816 -0.272107526774267
0.000201398269137504 -0.2721091566775466
0.000203412251828879 -0.2721107934552728
0.000205446374347168 -0.2721124369846931
0.00020750083809064 -0.2721140871379358
0.000209575846471546 -0.2721157437818559
0.000211671604936262 -0.2721174067779185
0.000213788320985624 -0.2721190759820679
0.000215926204195481 -0.2721207512445539
0.000218085466237435 -0.2721224324098309
0.00022026632089981 -0.2721241193163806
0.000222468984108808 -0.2721258117965792
0.000224693673949896 -0.2721275096765376
0.000226940610689395 -0.2721292127759448
0.000229210016796289 -0.2721309209079131
0.000231502116964252 -0.272132633878808
0.000233817138133894 -0.272134351488086
0.000236155309515233 -0.2721360735281328
0.000238516862610385 -0.2721377997840679
0.000240902031236489 -0.2721395300336056
0.000243311051548854 -0.2721412640468659
0.000245744162064343 -0.2721430015863834
0.000248201603684986 -0.2721447424155105
0.000250683619721836 -0.2721464862481771
0.000253190455919054 -0.2721482328583275
0.000255722360478245 -0.2721499819609931
0.000258279584083027 -0.2721517332769281
0.000260862379923858 -0.2721534865175175
0.000263471003723096 -0.2721552413848701
0.000266105713760327 -0.2721569975716331
0.00026876677089793 -0.2721587547607865
0.00027145443860691 -0.2721605126253898
0.000274168982992979 -0.2721622711269243
0.000276910672822909 -0.2721640293207005
0.000279679779551138 -0.2721657871473058
0.000282476577346649 -0.2721675442377683
0.000285301343120116 -0.2721693002119829
0.000288154356551317 -0.2721710546784462
0.00029103590011683 -0.2721728072339767
0.000293946259117998 -0.2721745574634608
0.000296885721709178 -0.2721763049395505
0.00029985457892627 -0.2721780492223874
0.000302853124715533 -0.272179789859315
0.000305881655962688 -0.2721815263845631
0.000308940472522315 -0.2721832583189419
0.000312029877247538 -0.2721849851695465
0.000315150176020014 -0.2721867064293732
0.000318301677780214 -0.2721884215770067
0.000321484694558016 -0.2721901300760646
0.000324699541503596 -0.2721918313741634
0.000327946536918632 -0.2721935248943753
0.000331226002287818 -0.2721952101502704
0.000334538262310697 -0.2721968863653657
0.000337883644933803 -0.2721985530441988
0.000341262481383142 -0.2722002095340836
0.000344675106196973 -0.2722018551843754
0.000348121857258943 -0.2722034893282134
0.000351603075831532 -0.2722051112810346
0.000355119106589847 -0.2722067203399444
0.000358670297655746 -0.2722083157832389
0.000362257000632303 -0.2722098968699599
0.000365879570638626 -0.2722114628394524
0.000369538366345013 -0.2722130129109026
0.000373233750008463 -0.2722145462829014
0.000376966087508547 -0.2722160621329556
0.000380735748383633 -0.2722175596170311
0.000384543105867469 -0.2722190378690619
0.000388388536926144 -0.2722204960004601
0.000392272422295405 -0.2722219330996049
0.00039619514651836 -0.2722233482313374
0.000400157097983543 -0.2722247404364251
0.000404158668963379 -0.2722261087310369
0.000408200255653012 -0.2722274521061889
0.000412282258209542 -0.2722287695271856
0.000416405080791638 -0.272230059933058
0.000420569131599554 -0.272231322235973
0.00042477482291555 -0.2722325553206449
0.000429022571144705 -0.2722337580437336
0.000433312796856152 -0.2722349292332158
0.000437645924824714 -0.2722360676877698
0.000442022384072961 -0.2722371721761156
0.000446442607913691 -0.2722382414363728
0.000450907033992828 -0.2722392741753837
0.000455416104332756 -0.2722402690680301
0.000459970265376083 -0.2722412247565429
0.000464569968029844 -0.2722421398497791
0.000469215667710143 -0.2722430129225133
0.000473907824387244 -0.2722438425146785
0.000478646902631117 -0.2722446271306271
0.000483433371657428 -0.2722453652383537
0.000488267705374002 -0.2722460552687118
0.000493150382427742 -0.2722466956146112
0.0004980818862520199 -0.2722472846302063
0.00050306270511454 -0.2722478206300574
0.000508093332165685 -0.2722483018882854
0.000513174265487342 -0.2722487266376995
0.000518306008142215 -0.2722490930689253
0.0005234890682236369 -0.2722493993294924
0.000528723958905874 -0.2722496435229253
0.000534011198494933 -0.2722498233390425
0.000539351310479882 -0.2722499375286423
0.000544744823584681 -0.2722499836881791
0.000550192271820528 -0.2722499597355916
0.000555694194538733 -0.2722498635399406
0.00056125113648412 -0.2722496929203904
0.000566863647848961 -0.2722494456451385
0.000572532284327451 -0.2722491194303522
0.000578257607170726 -0.2722487119390688
0.000584040183242433 -0.2722482207800859
0.000589880585074857 -0.2722476435067991
0.000595779390925606 -0.2722469776160274
0.000601737184834862 -0.2722462205467551
0.00060775455668321 -0.2722453696787397
0.000613832102250043 -0.2722444223306822
0.000619970423272543 -0.272243375756247
0.000626170127505268 -0.2722422271191756
0.000632431828780321 -0.2722409737395722
0.000638756147068124 -0.2722396128828233
0.000645143708538805 -0.2722381407426372
0.0006515951456241939 -0.2722365547356749
0.000658111097080435 -0.2722348517549403
0.00066469220805124 -0.2722330284026854
0.000671339130131752 -0.2722310812899005
0.00067805252143307 -0.2722290076571452
0.0006848330466474 -0.2722268037302003
0.000691681377113875 -0.2722244660054747
0.000698598190885013 -0.2722219909004115
0.000705584172793863 -0.2722193747525314
0.000712640014521802 -0.2722166138179791
0.00071976641466702 -0.272213704269923
0.00072696407881369 -0.2722106421969318
0.000734233719601827 -0.2722074236012834
0.000741576056797845 -0.2722040443972564
0.000748991817365824 -0.2722005004094095
0.000756481735539482 -0.272196787370788
0.000764046552894877 -0.2721929009211461
0.000771687018423826 -0.2721888366050988
0.000779403888608064 -0.2721845898702729
0.000787197927494145 -0.2721801560654134
0.000795069906769086 -0.2721755304384567
0.000803020605836777 -0.2721707081345834
0.000811050811895145 -0.2721656841942302
0.000819161320014096 -0.2721604535510629
0.000827352933214237 -0.2721550110299354
0.00083562646254638 -0.2721493513448068
0.000843982727171843 -0.2721434690966225
0.0008524225544435619 -0.2721373587711563
0.000860946779987997 -0.2721310147368339
0.000869556247787878 -0.2721244313097209
0.000878251810265756 -0.272117602482384
0.000887034328368414 -0.2721105223250503
0.000895904671652098 -0.2721031847142436
0.000904863718368619 -0.2720955833977043
0.000913912355552305 -0.272087711992023
0.000923051479107828 -0.2720795639801962
0.0009322819938989071 -0.2720711327091758
0.000941604813837896 -0.2720624113874068
0.000951020861976275 -0.2720533930823007
0.000960531070596037 -0.2720440707177582
0.000970136381301998 -0.2720344370717416
0.000979837745115018 -0.2720244847741453
0.0009896361225661681 -0.2720142063061904
0.00099953248379183 -0.2720035940109177
0.00100952780862975 -0.2719926398361592
0.00101962308671605 -0.271981336377481
0.00102981931758321 -0.2719696745687811
0.00104011751075904 -0.2719576468674532
0.00105051868586663 -0.2719452445011477
0.00106102387272529 -0.2719324588130067
0.00107163411145255 -0.271919280967895
0.00108235045256707 -0.2719057019522048
0.00109317395709274 -0.2718917125714679
0.00110410569666367 -0.271877303447486
0.00111514675363031 -0.2718624650152823
0.00112629822116661 -0.2718471875199701
0.00113756120337828 -0.2718314610135583
0.00114893681541206 -0.2718152753517182
0.00116042618356618 -0.2717986201904921
0.00117203044540184 -0.27178148498298
0.00118375074985586 -0.2717638589759733
0.00119558825735442 -0.2717457312065611
0.00120754413992796 -0.271727090498708
0.00121961958132724 -0.2717079254598379
0.00123181577714052 -0.2716882244775237
0.00124413393491192 -0.2716679757170988
0.00125657527426104 -0.2716471671352628
0.00126914102700365 -0.2716257863101102
0.00128183243727369 -0.2716038209096954
0.00129465076164642 -0.2715812580548922
0.00130759726926289 -0.2715580847489405
0.00132067324195552 -0.2715342877371276
0.00133387997437507 -0.2715098535136934
0.00134721877411882 -0.2714847683188044
0.00136069096186001 -0.2714590181348649
0.00137429787147861 -0.2714325886825739
0.0013880408501934 -0.2714054654170016
0.00140192125869533 -0.2713776335237413
0.00141594047128228 -0.2713490779155245
0.00143009987599511 -0.2713197832319675
0.00144440087475506 -0.2712897338944715
0.00145884488350261 -0.2712589135415812
0.00147343333233764 -0.2712273066023564
0.00148816766566101 -0.2711948961891813
0.00150304934231762 -0.2711616655232771
0.0015180798357408 -0.2711275974983878
0.00153326063409821 -0.271092674649248
0.00154859324043919 -0.2710568792421524
0.00156407917284358 -0.2710201932093523
0.00157971996457202 -0.2709825981598513
0.00159551716421774 -0.2709440753746127
0.00161147233585991 -0.2709046058016633
0.00162758705921851 -0.2708641700510795
0.0016438629298107 -0.2708227483899019
0.00166030155910881 -0.2707803207511656
0.00167690457469989 -0.2707368666716715
0.00169367362044689 -0.2706923653720728
0.00171061035665136 -0.2706467956943556
0.00172771646021787 -0.2706001360067965
0.00174499362482005 -0.2705523646168809
0.00176244356106825 -0.2705034591280787
0.00178006799667894 -0.2704533968709961
0.00179786867664573 -0.2704021548639104
0.00181584736341218 -0.2703497094699409
0.0018340058370463 -0.2702960369012679
0.00185234589541677 -0.270241112871962
0.00187086935437094 -0.2701849126768052
0.00188957804791465 -0.2701274111856723
0.00190847382839379 -0.2700685828427343
0.00192755856667773 -0.2700084020070219
0.00194683415234451 -0.2699468407823142
0.00196630249386795 -0.2698838740323448
0.00198596551880663 -0.2698194735833549
0.0020058251739947 -0.2697536116457501
0.00202588342573464 -0.2696862597342633
0.00204614225999199 -0.2696173893681275
0.00206660368259191 -0.2695469709456194
0.00208726971941783 -0.2694749746896459
0.00210814241661201 -0.2694013702415431
0.00212922384077813 -0.2693261267081506
0.00215051607918591 -0.2692492126530596
0.00217202123997777 -0.2691705960855814
0.00219374145237755 -0.2690902444489573
0.00221567886690132 -0.2690081246079609
0.00223783565557034 -0.2689242028359888
0.00226021401212604 -0.2688384448015541
0.0022828161522473 -0.2687508155541801
0.00230564431376977 -0.268661279510171
0.00232870075690747 -0.268569800435249
0.00235198776447654 -0.2684763414302802
0.00237550764212131 -0.2683808649169412
0.00239926271854252 -0.26828333275549
0.00242325534572795 -0.2681837056150916
0.00244748789918523 -0.2680819437744772
0.00247196277817708 -0.267978007310531
0.00249668240595885 -0.2678718544014779
0.00252164923001844 -0.2677634431402737
0.00254686572231862 -0.2676527306328511
0.00257233437954181 -0.2675396731383794
0.00259805772333723 -0.2674242252814408
0.0026240383005706 -0.2673063430795241
0.00265027868357631 -0.2671859793298035
0.00267678147041207 -0.267063086640848
0.00270354928511619 -0.2669376166368087
0.00273058477796735 -0.2668095199261776
0.00275789062574703 -0.2666787460691969
0.0027854695320045 -0.2665452435455103
0.00281332422732454 -0.2664089597116582
0.00284145746959779 -0.2662698407740763
0.00286987204429376 -0.2661278317381023
0.0028985707647367 -0.265982875922384
0.00292755647238407 -0.2658349174307739
0.00295683203710791 -0.2656838961082974
0.00298640035747899 -0.2655297509304655
0.00301626436105378 -0.265372421948287
0.00304642700466432 -0.265211845570759
0.00307689127471096 -0.2650479571990966
0.00310766018745807 -0.264880690720696
0.00313873678933265 -0.2647099783578669
0.00317012415722598 -0.2645357508134535
0.00320182539879824 -0.264357936906371
0.00323384365278622 -0.2641764637214551
0.00326618208931408 -0.2639912564952844
0.00329884391020722 -0.2638022385533902
0.00333183234930929 -0.2636093312391914
0.00336515067280239 -0.2634124538653427
0.00339880217953041 -0.2632115236361671
0.00343279020132572 -0.2630064601591729
0.00346711810333897 -0.2627971623114536
0.00350178928437236 -0.2625835545085599
0.00353680717721609 -0.262365540093856
0.00357217524898825 -0.2621430246394145
0.00360789700147813 -0.261915911152033
0.00364397597149291 -0.2616841000298986
0.00368041573120784 -0.2614474889449427
0.00371721988851992 -0.2612059727843851
0.00375439208740512 -0.2609594436344113
0.00379193600827917 -0.26070779047508
0.00382985536836196 -0.2604508994400909
0.00386815392204558 -0.2601886532706338
0.00390683546126603 -0.2599209313498045
0.0039459038158787 -0.2596476112246204
0.00398536285403748 -0.2593685652491836
0.00402521648257786 -0.2590836631642669
0.00406546864740364 -0.2587927711861897
0.00410612333387767 -0.2584957518940698
0.00414718456721645 -0.2581924642177758
0.00418865641288861 -0.2578827633246299
0.0042305429770175 -0.2575665005544499
0.00427284840678767 -0.2572435237663157
0.00431557689085555 -0.2569136760721054
0.00435873265976411 -0.2565767973769462
0.00440231998636175 -0.2562327231323808
0.00444634318622536 -0.2558812853452668
0.00449080661808762 -0.2555223106773554
0.00453571468426849 -0.255155624242055
0.00458107183111118 -0.2547810389907794
0.00462688254942229 -0.2543983782925909
0.00467315137491651 -0.254007447767515
0.00471988288866568 -0.2536080536357564
0.00476708171755234 -0.253200009270174
0.00481475253472786 -0.2527830867470915
0.00486290006007514 -0.2523571021636248
0.00491152906067589 -0.2519218359373596
0.00496064435128265 -0.2514770818010317
0.00501025079479548 -0.2510226149938753
0.00506035330274343 -0.2505582116055352
0.00511095683577087 -0.2500836492038343
0.00516206640412858 -0.2495986953310233
0.00521368706816986 -0.2491031177106544
0.00526582393885156 -0.24859667460812
0.00531848217824008 -0.2480791304643448
0.00537166700002248 -0.2475502389849666
0.0054253836700227 -0.2470097530051442
0.00547963750672293 -0.2464574224835865
0.00553443388179016 -0.2458929952597597
0.00558977822060806 -0.2453161899191754
0.00564567600281414 -0.244726799709494
0.00570213276284228 -0.2441245394984717
0.0057591540904707 -0.2435091508036373
0.00581674563137541 -0.2428803645892025
0.00587491308768917 -0.2422379444685489
0.00593366221856606 -0.2415815492077571
0.00599299884075172 -0.2409109945130493
0.00605292882915924 -0.240225988223387
0.00611345811745083 -0.2395262613560164
0.00617459269862534 -0.2388115538288916
0.00623633862561159 -0.2380815984140405
0.00629870201186771 -0.2373361391235954
0.00636168903198638 -0.2365749009823035
0.00642530592230625 -0.2357976384260183
0.00648955898152931 -0.2350040891988253
0.0065544545713446 -0.2341940048436171
0.00661999911705805 -0.2333671361855056
0.00668619910822863 -0.2325232313268457
0.00675306109931092 -0.2316620573943793
0.00682059171030403 -0.2307834837697863
0.00688879762740707 -0.2298869459502012
0.00695768560368114 -0.2289725462924135
0.00702726245971795 -0.2280399579494194
0.00709753508431513 -0.2270889698156805
0.00716851043515828 -0.2261193730895176
0.00724019553950986 -0.2251309956997118
0.00731259749490496 -0.2241236412014648
0.00738572346985401 -0.2230969738037958
0.00745958070455255 -0.2220510393873474
0.00753417651159808 -0.2209855553686892
0.00760951827671406 -0.2199003850332107
0.0076856134594812 -0.2187953773912857
0.00776246959407601 -0.2176703889501388
0.00784009429001677 -0.2165253222590243
0.00791849523291694 -0.2153599924461934
0.00799768018524611 -0.2141743272292199
0.00807765698709857 -0.2129682186750124
0.00815843355696956 -0.2117415817185222
0.00824001789253925 -0.2104942932746336
0.00832241807146464 -0.2092263515579628
0.008405642252179289 -0.2079376600223198
0.00848969867470108 -0.2066281690442831
0.0085745956614481 -0.205297820710244
0.008660341618062581 -0.2039466194551151
0.008746945034243199 -0.2025745282817861
0.008834414484585631 -0.2011815181934765
0.008922758629431491 -0.1997675947433069
0.0090119862157258 -0.1983327627017629
0.00910210607788306 -0.1968770279063784
0.00919312713866189 -0.1954004254597548
0.00928505841004851 -0.1939029788948676
0.009377908994149 -0.1923847214643982
0.00947168808409049 -0.1908456975307244
0.009566404964931391 -0.1892859526659152
0.00966206901458071 -0.1877055496600427
0.009758689704726511 -0.1861045461325214
0.009856276601773781 -0.184483006052967
0.00995483936779152 -0.1828409981221783
0.0100543877614694 -0.1811786055435791
0.0101549316390841 -0.1794959273885069
0.010256480955475 -0.177792984637498
0.0103590457650297 -0.1760698916340254
0.01046263622268 -0.1743267349906168
0.0105672625849068 -0.1725635957779236
0.0106729352107559 -0.1707805647530748
0.0107796645628634 -0.1689777239937397
0.0108874612084921 -0.1671551652824342
0.010996335820577 -0.1653129733959418
0.0111062991787828 -0.163451201254609
0.0112173621705706 -0.1615699899205464
0.0113295357922763 -0.1596693932016595
0.0114428311501991 -0.1577494871833998
0.0115572594617011 -0.155810347317154
0.0116728320563181 -0.1538520445484174
0.0117895603768812 -0.1518746510835039
0.0119074559806501 -0.1498782219631001
0.0120265305404566 -0.1478628265137203
0.0121467958458611 -0.1458285172269768
0.0122682638043197 -0.1437753407830946
0.0123909464423629 -0.1417033513590741
0.0125148559067866 -0.1396125813000952
0.0126400044658544 -0.1375030774203137
0.012766404510513 -0.1353748628425881
0.0128940685556181 -0.1332279513740298
0.0130230092411743 -0.1310623757176076
0.013153239333586 -0.1288781473225258
0.0132847717269219 -0.1266752663151769
0.0134176194441911 -0.1244537600825248
0.013551795638633 -0.1222136038643874
0.0136873135950193 -0.1199547778985285
0.0138241867309695 -0.117677304351742
0.0139624285982792 -0.1153811428041603
0.014102052884262 -0.1130662698061594
0.0142430734131046 -0.1107326649417966
0.0143855041472357 -0.1083802879071965
0.014529359188708 -0.1060091068562149
0.0146746527805951 -0.1036190573728681
0.0148213993084011 -0.1012101266163788
0.0149696133014851 -0.09878224869120478
0.0151193094344999 -0.09633536678724772
0.0152705025288449 -0.09386942352529037
0.0154232075541334 -0.09138435589718297
0.0155774396296747 -0.08888010066925688
0.0157332140259715 -0.0863565813091584
0.0158905461662312 -0.08381373949318817
0.0160494516278935 -0.08125149148620062
0.0162099461441724 -0.07866976239400868
0.0163720456056142 -0.07606847592405555
0.0165357660616703 -0.07344754410714666
0.016701123722287 -0.07080688196703183
0.0168681349595099 -0.06814641347142178
0.017036816309105 -0.0654660438524306
0.017207184472196 -0.06276568596936018
0.017379256316918 -0.060045248854861
0.0175530488800872 -0.05730465316300042
0.017728579368888 -0.05454375533236137
0.0179058651625769 -0.05176251965065108
0.0180849238142027 -0.04896082706182977
0.0182657730523447 -0.04613858244662929
0.0184484307828682 -0.04329568391550799
0.0186329150906968 -0.04043203766743679
0.0188192442416038 -0.0375475421191807
0.0190074366840199 -0.03464210284966012
0.0191975110508601 -0.03171561231998975
0.0193894861613687 -0.02876797017767875
0.0195833810229823 -0.02579908362619427
0.0197792148332122 -0.02280884328288391
0.0199770069815443 -0.0197971491720635
0.0201767770513597 -0.01676390117294644
0.0203785448218733 -0.01370899842019717
0.0205823302700921 -0.01063233868548737
0.020788153572793 -0.007533824575151101
0.0209960351085209 -0.004413343217793262
0.0212059954596061 -0.001270814009304747
0.0214180554142022 0.001893866380048731
0.0216322359683442 0.005080801395843211
0.0218485583280276 0.008290078955166693
0.0220670439113079 0.01152178487403569
0.022287714350421 0.01477602543892109
0.0225105914939252 0.01805287501737411
0.0227356974088645 0.02135241688575625
0.0229630543829531 0.02467472891456775
0.0231926849267826 0.02801988382379368
0.0234246117760505 0.03138794954988432
0.023658857893811 0.03477896495575826
0.0238954464727491 0.03819302159054683
0.0241344009374766 0.04163013140823491
0.0243757449468513 0.04509033350428483
0.0246195023963198 0.04857363172401461
0.024865697420283 0.05208007342816145
0.0251143543944859 0.05560960813807451
0.0253654979384307 0.05916220678652472
0.025619152917815 0.06273786086897284
0.0258753444469932 0.06633647171993004
0.0261340978914631 0.06995795452897068
0.0263954388703778 0.07360218380131214
0.0266593932590815 0.07726901087591243
0.0269259871916724 0.0809582532654617
0.0271952470635891 0.08466967595824471
0.027467199534225 0.08840302850561933
0.0277418715295672 0.09215798746141415
0.0280192902448629 0.09593418396113797
0.0282994831473115 0.09973119824161412
0.0285824779787846 0.1035485365996466
0.0288683027585725 0.107385640455372
0.0291569857861582 0.111241872380948
0.0294485556440198 0.1151165121046694
0.02974304120046 0.1190087258280935
0.0300404716124646 0.1229175989964577
0.0303408763285892 0.1268420930473354
0.0306442850918751 0.1307810413003291
0.0309507279427939 0.1347331220804071
0.0312602352222218 0.1386969470580974
0.031572837574444 0.142670851906028
0.0318885659501885 0.1466530354076921
0.0322074516096904 0.1506416531131436
0.0325295261257873 0.154634336264992
0.0328548213870451 0.158628932848921
0.0331833696009156 0.1626226054611912
0.0335152032969248 0.1666126589781147
0.033850355329894 0.1705958764497809
0.0341888588831929 0.1745688782215035
0.0345307474720249 0.1785280826356656
0.0348760549467451 0.1824694217236331
0.0352248154962126 0.1863887452259549
0.0355770636511747 0.1902813311574195
0.0359328342876865 0.1941426405592905
0.0362921626305633 0.1979674162023427
0.036655084256869 0.201750035556437
0.0370216350994376 0.2054849393077928
0.037391851450432 0.2091662917739267
0.0377657699649363 0.2127879016189616
0.0381434276645857 0.2163434008791418
0.0385248619412316 0.2198263612378096
0.0389101105606439 0.223230286732102
0.0392992116662503 0.2265486604489875
0.0396922037829128 0.2297748997236449
0.0400891258207419 0.2329026734592613
0.0404900170789494 0.235925752727472
0.0408949172497389 0.2388381608899168
0.0413038664222363 0.2416344763283159
0.0417169050864586 0.244309429896225
0.0421340741373232 0.2468582326342877
0.0425554148786964 0.2492766431949699
0.0429809690274834 0.2515617217187397
0.0434107787177582 0.2537099504590883
0.0438448865049358 0.2557193242234461
0.0442833353699852 0.2575882943943164
0.044726168723685 0.2593160266570231
0.0451734304109219 0.2609024120045002
0.0456251647150311 0.2623479468424704
0.0460814163621814 0.2636538510223078
0.0465422305258032 0.2648218667160612
0.0470076528310613 0.2658544257725999
0.0474777293593719 0.2667543024122612
0.0479525066529656 0.2675248187172397
0.0484320317194952 0.2681697122309526
0.0489163520366902 0.2686929849283159
0.0494055155570571 0.2690989164321634
0.0498995707126277 0.2693920665190687
0.0503985664197539 0.269577030520959
0.0509025520839515 0.2696587189037702
0.051411577604791 0.2696418420220637
0.0519256933808389 0.26953132756798
0.0524449503146473 0.2693320031374968
0.0529693998177938 0.269048653584147
0.0534990938159717 0.2686859890865484
0.0540340847541314 0.2682486115103419
0.0545744256016727 0.2677409925961227
0.0551201698576895 0.2671674566721218
0.0556713715562664 0.2665322076238408
0.056228085271829 0.2658392429646665
0.0567903661245473 0.2650923965131866
0.0573582697857928 0.2642953332158041
0.0579318524836507 0.2634515382227771
0.0585111710084872 0.2625643244797819
0.0590962827185721 0.2616368035896504
0.0596872455457578 0.2606719230735159
0.0602841180012154 0.259672454251165
0.0608869591812276 0.2586410029605508
0.0614958287730398 0.2575800050983166
0.0621107870607702 0.2564917100079535
0.0627318949313779 0.2553782774393311
0.0633592138806917 0.254241657798942
0.0639928060194986 0.2530836828988803
0.0646327340796936 0.2519060387627592
0.0652790614204906 0.2507102881465805
0.0659318520346955 0.2494978726615159
0.06659117055504241 0.2482701064798487
0.06725708226059279 0.2470282036591181
0.0679296530831988 0.2457732695779838
0.0686089496140308 0.2445062829344972
0.0692950391101711 0.2432281796946854
0.0699879895012728 0.2419397731062474
0.0706878693962855 0.2406418054741268
0.0713947480902484 0.2393349355485778
0.0721086955711509 0.2380197555790522
0.0728297825268624 0.2366967871297536
0.073558080352131 0.235366497229813
0.07429366115565229 0.2340292731766332
0.07503659776720881 0.2326854881554726
0.07578696374488091 0.2313354238954441
0.0765448333823297 0.2299793470334739
0.07731028171615301 0.2286174764132108
0.07808338453331461 0.2272499687441128
0.0788642183786477 0.2258769900825587
0.0796528605624342 0.2244986532364465
0.08044938916805849 0.2231150341509921
0.0812538830597391 0.2217261985865637
0.0820664218903365 0.2203321857962155
0.08288708610923989 0.2189330291537784
0.08371595697033229 0.2175287348721687
0.0845531165400356 0.2161192933092983
0.085398647705436 0.2147046915380477
0.0862526341824903 0.2132849124267966
0.0871151605243152 0.2118599221192887
0.0879863121295584 0.2104296862580432
0.0888661752508539 0.208994164062169
0.08975483700336249 0.2075533274237197
0.09065238537339609 0.2061071224227114
0.0915589092271301 0.2046556262776899
0.0924744983194014 0.2031986184702283
0.0933992433025954 0.2017362526270176
0.0943332357356213 0.2002683582176766
0.0952765680929776 0.1987950933499176
0.0962293337739073 0.1973163139254058
0.0971916271116464 0.1958320892380433
0.0981635433827629 0.1943423806921047
0.0991451788165905 0.1928472774881306
0.100136630604756 0.1913467671904583
0.101137996910804 0.1898409033142348
0.102149376879912 0.1883297397317098
0.103170870648711 0.1868133286837133
0.104202579355198 0.1852917373843041
0.10524460514875 0.1837650500917258
0.106297051200238 0.1822333455138608
0.10736002171224 0.1806967249700565
0.108433621929363 0.179155269419344
0.109517958148656 0.1776091395476161
0.110613137730143 0.176058393179036
0.111719269107444 0.1745031740414016
0.112836461798519 0.1729436069164594
0.113964826416504 0.1713798203301653
0.115104474680669 0.1698119438895308
0.116255519427476 0.1682401100700951
0.11741807462175 0.1666644670388088
0.118592255367968 0.1650851385500072
0.119778177921647 0.1635022862401144
0.120975959700864 0.1619160198742253
0.122185719297873 0.1603264551811232
0.123407576490851 0.1587337733789457
0.12464165225576 0.1571380826251408
0.125888068778317 0.1555394950127054
0.127146949466101 0.1539381383071119
0.128418418960762 0.1523341297714299
0.129702603150369 0.1507275712384345
0.130999629181873 0.1491185447660013
0.132309625473692 0.1475071866492057
0.133632721728429 0.1458935432606931
0.134969048945713 0.1442777011377882
0.13631873943517 0.1426597242026049
0.137681926829522 0.1410396738911003
0.139058746097817 0.1394175933445096
0.140449333558795 0.137793524501757
0.141853826894383 0.1361674944228738
0.143272365163327 0.1345395329150767
0.14470508881496 0.1329095976730754
0.14615213970311 0.131277740642422
0.147613661100141 0.1296439309859902
0.149089797711142 0.1280081427391126
0.150580695688254 0.1263703438153277
0.152086502645136 0.1247304749135896
0.153607367671588 0.1230885270013195
0.155143441348303 0.1214444058897837
0.156694875761787 0.1197980198825729
0.158261824519404 0.1181493226562381
0.159844442764598 0.1164982137767341
0.161442887192244 0.1148445931527375
0.163057316064167 0.1131883601950371
0.164687889224809 0.1115293966259131
0.166334768117057 0.1098675881978537
0.167998115798227 0.1082028016997314
0.169678096956209 0.1065349123116003
0.171374877925772 0.1048637765768534
0.173088626705029 0.1031892545829059
0.17481951297208 0.1015111957016507
0.1765677081018 0.09982944813663688
0.178333385182818 0.0981438546571799
0.180116719034647 0.09645425730264476
0.181917886224993 0.09476049600856234
0.183737065087243 0.09306240189309417
0.185574435738115 0.09135981412787592
0.187430180095497 0.08965256981482651
0.189304481896452 0.08794050677016578
0.191197526715416 0.08622347177059457
0.19310950198257 0.08450132934221655
0.195040597002396 0.08277399265475872
0.19699100297242 0.08104133056108669
0.198960913002144 0.07930578526071887
0.200950522132166 0.07755586616199948
0.202960027353487 0.07579932123205896
0.204989627627022 0.07404042650985067
0.207039523903292 0.07227509962506766
0.209109919142325 0.07050335499473966
0.211201018333748 0.06872488773043937
0.213313028517086 0.06693946113382947
0.215446158802257 0.06514685857626266
0.217600620390279 0.06334687964674077
0.219776626594182 0.06153932430374415
0.221974392860124 0.05972399484810494
0.224194136788725 0.05790069865268331
0.226436078156613 0.05606924229844215
0.228700438938179 0.05422943301650462
0.23098744332756 0.05238107874043019
0.233297317760836 0.05052398459630104
0.235630290938444 0.04865795885206183
0.237986593847829 0.04678280486296634
0.240366459786307 0.04489832917581876
0.24277012438417 0.04300433299207812
0.245197825628012 0.04110061692623039
0.247649803884292 0.03918698257810917
0.250126301923135 0.03726322855085924
0.252627564942366 0.03532914843010698
0.25515384059179 0.03338453546589532
0.257705378997708 0.03142918451857589
0.260282432787685 0.0294628786712317
0.262885257115562 0.02748541669423026
0.265514109686717 0.02549657130710554
0.268169250783585 0.02349612722450941
0.27085094329142 0.02148386716958959
0.273559452724335 0.01945956144921267
0.276295047251578 0.017422985079758
0.279057997724094 0.01537391117615409
0.281848577701335 0.01331210471219356
0.284667063478348 0.01123733325403727
0.287513734113132 0.009149355158729762
0.290388871454263 0.007047931300778794
0.293292760168805 0.004932815329651703
0.296225687770494 0.002803766691233997
0.299187944648198 0.0006605345142930987
0.30217982409468 -0.001497133959907798
0.305201622335627 -0.003669486260554756
0.308253638558984 -0.005856791552608479
0.311336174944573 -0.008059293890874439
0.314449536694019 -0.01027726120961322
0.317594032060959 -0.01251094467746167
0.320769972381569 -0.01476061567578674
0.323977672105385 -0.01702654466712372
0.327217448826438 -0.01930898503621087
0.330489623314703 -0.0216081992077953
0.33379451954785 -0.02392446860936086
0.337132464743328 -0.0262580470398539
0.340503789390762 -0.02860921465018789
0.343908827284669 -0.03097822839484425
0.347347915557516 -0.03336536016789693
0.350821394713091 -0.03577087677212313
0.354329608660222 -0.03819504404490262
0.357872904746824 -0.04063813391890513
0.361451633794292 -0.04310040908277186
0.365066150132235 -0.04558213049716942
0.368716811633558 -0.04808357021865809
0.372403979749893 -0.05060498305162948
0.376128019547392 -0.05314664248210425
0.379889299742866 -0.05570880289246002
0.383688192740295 -0.05829172678622445
0.387525074667698 -0.0608956755984854
0.391400325414375 -0.06352091603278825
0.395314328668518 -0.06616769371238704
0.399267471955204 -0.06883628824413177
0.403260146674756 -0.07152694472777694
0.407292748141503 -0.07423993586077748
0.411365675622918 -0.07697551168261178
0.415479332379147 -0.0797339431989899
0.419634125702939 -0.08251549258232925
0.423830466959968 -0.08532042469418277
0.428068771629568 -0.08814900861457731
0.432349459345864 -0.09100151643217604
0.436672953939322 -0.09387822067670953
0.441039683478716 -0.09677939774299076
0.445450080313503 -0.09970532460675074
0.449904581116638 -0.102656293598508
0.454403626927804 -0.1056325845124929
0.458947663197082 -0.1086344964830243
0.463537139829053 -0.1116623138010649
0.468172511227344 -0.1147163511920085
0.472854236339617 -0.1177969099013331
0.477582778703013 -0.1209043008182734
0.482358606490043 -0.1240388388097679
0.487182192554944 -0.1272008501237422
0.492054014480493 -0.1303906605031719
0.496974554625298 -0.1336086041292967
0.501944300171551 -0.1368550125996333
0.506963743173267 -0.1401302301752583
0.512033380604999 -0.143434602556374
0.517153714411049 -0.1467684865981085
0.52232525155516 -0.1501322311361485
0.527548504070711 -0.1535262016086079
0.532823989111418 -0.1569507599433656
0.538152229002533 -0.1604062775316976
0.543533751292558 -0.1638931225438828
0.548969088805484 -0.1674116744151544
0.554458779693538 -0.1709623115086097
0.560003367490474 -0.1745454158801224
0.565603401165378 -0.1781613727517248
0.571259435177032 -0.1818105684391491
0.576972029528803 -0.1854933959405759
0.582741749824091 -0.1892102467680553
0.588569167322331 -0.1929615088004484
0.5944548589955549 -0.1967475954772569
0.60039940758551 -0.2005688973498214
0.606403401661365 -0.2044258345403886
0.612467435677979 -0.2083187804982579
0.618592110034759 -0.2122481651867871
0.624778031135106 -0.2162143865163755
0.631025811446457 -0.2202178657433045
0.637336069560922 -0.2242590310486481
0.643709430256531 -0.2283382605529798
0.650146524559097 -0.2324559857284676
0.656647989804688 -0.2366126618826819
0.663214469702734 -0.2408086903991247
0.669846614399762 -0.2450445125865712
0.6765450805437589 -0.2493205569039583
0.6833105313491969 -0.2536372541693128
0.690143636662689 -0.2579950841316597
0.697045073029316 -0.2623944539712133
0.704015523759609 -0.2668358414248455
0.711055678997205 -0.2713196933264524
0.718166235787177 -0.275846480574431
0.725347898145049 -0.2804166623073921
0.732601377126499 -0.2850307343174447
0.739927390897764 -0.2896891952557784
0.747326664806742 -0.2943925022139287
0.7547999314548089 -0.2991411612383529
0.762347930769357 -0.3039356779344989
0.7699714100770511 -0.3087765648606863
0.777671124177822 -0.3136643392372236
0.7854478354195999 -0.3185995217032383
0.793302313773796 -0.3235826468678345
0.801235336911534 -0.3286142423975753
0.809247690280649 -0.333694847702206
0.817340167183456 -0.3388250031684227
0.82551356885529 -0.3440052515616327
0.833768704543843 -0.3492361340265288
0.842106391589282 -0.3545182040930952
0.8505274555051739 -0.3598519614118568
0.8547800927827 -0.3625451113281365
0.859032730060226 -0.3652379787842019
0.863327893710527 -0.3679575034734453
0.867623057360828 -0.37067675364398
0.871961172647633 -0.3734229155139328
0.874130230291035 -0.3747958951242962
0.876299287934437 -0.376168794330369
0.878490036154273 -0.3775553508399234
0.880680784374109 -0.3789418412102711
0.882871532593945 -0.3803282495781314
0.885062280813781 -0.3817145863207519
0.887274936515815 -0.3831147088107874
0.88948759221785 -0.3845147531058385
0.891700247919885 -0.3859147179260491
0.893912903621919 -0.387314601416243
0.898382468140029 -0.3901421068496355
0.902852032658138 -0.3929692667729627
0.907366292821429 -0.3958243198679757
0.91188055298472 -0.3986789808636091
0.916439955749644 -0.4015617632221563
0.920999358514567 -0.4044441018130752
0.92560435530714 -0.4073547716284614
0.930209352099712 -0.4102649289084028
0.93951144562071 -0.4161416836059328
0.948906560076917 -0.4220745579161027
0.958395625677686 -0.4280635814836792
0.967979581934463 -0.4341087169764226
0.977659377753807 -0.4402097836724923
0.987435971531345 -0.4463664150939659
0.997310331246659 -0.4525780733823735
1.00728343455913 -0.4588439588365816
1.01735626890472 -0.4651630002144285
1.02752983159376 -0.4715337612788204
1.0378051299097 -0.4779543168439035
1.0481831812088 -0.4844221848591976
1.05866501302089 -0.4909342248094015
1.0692516631511 -0.4974863296043301
1.07994417978261 -0.5040732596500755
1.09074362158043 -0.5106882150934293
1.10165105779624 -0.5173221417477615
1.1126675683742 -0.5239632676688302
1.12379424405794 -0.5305957073390501
1.13503218649852 -0.5371977126226583
1.14638250836351 -0.5437388157133274
1.15784633344714 -0.5501750293204659
1.16942479678161 -0.5564404014586365
1.18111904474943 -0.5624313361527723
1.19293023519692 -0.5679747574856218
1.20485953754889 -0.5727575422444104
1.21690813292438 -0.5761482150964972
1.22299267358901 -0.5769272091974833
1.22907721425363 -0.5766801319431791
1.23522260032489 -0.5748284913823766
1.24136798639616 -0.5704642307991418
1.24447140636215 -0.5669380727050669
1.24757482632814 -0.5623662056325995
1.25067824629413 -0.5567564764524721
1.25378166626012 -0.550279489781928
1.25534889334295 -0.546771145348575
1.25691612042577 -0.5431602288155646
1.26005057459142 -0.5357888164296489
1.26318502875707 -0.528426268353233
1.26631948292272 -0.5212382628964399
1.26948528163003 -0.5142440439126131
1.27265108033733 -0.5075532182932644
1.27581687904464 -0.5011719421387544
1.27898267775195 -0.495090702845371
1.28218013444633 -0.4892360393016663
1.28537759114071 -0.4836500974091162
1.29177250452947 -0.4732040191239354
1.29823136705212 -0.463510559768597
1.30469022957477 -0.4545498533023461
1.31121368072264 -0.4461364118716351
1.31773713187051 -0.4382760277220915
1.32432581752987 -0.4308263748048087
1.33091450318922 -0.4238090616175583
1.33756907570517 -0.4171103223093187
1.34422364822111 -0.4107601148817865
1.35094476646222 -0.4046640061415318
1.35766588470332 -0.3988560715792995
1.36445421412684 -0.3932555665974189
1.37124254355036 -0.3878981668403478
1.38495496898586 -0.3777373480967517
1.39880451867572 -0.3682581001285281
1.41279256386247 -0.3593701722861717
1.4269204895011 -0.3510004961794762
1.44118969439611 -0.3430895368284106
1.45560159134007 -0.3355879520430073
1.47015760725347 -0.3284543560294345
1.48485918332601 -0.3216536491733656
1.49970777515927 -0.3151557707530823
1.51470485291086 -0.3089347646795648
1.52985190143997 -0.302968043606089
1.54515042045437 -0.2972358085403267
1.56060192465891 -0.2917206005106333
1.5762079439055 -0.2864069322593458
1.59197002334456 -0.2812810034701646
1.607889723578 -0.276330437953431
1.62396862081378 -0.271544107286456
1.64020830702192 -0.2669119537966417
1.65661039009214 -0.2624248568308771
1.67317649399306 -0.2580745110282892
1.68990825893299 -0.2538533464215282
1.70680734152232 -0.2497544102772309
1.72387541493754 -0.2457713287943724
1.74111416908692 -0.2418982296126004
1.75852531077779 -0.2381296907721747
1.77611056388557 -0.2344606947151787
1.79387166952442 -0.2308865881414095
1.81181038621967 -0.227403044536161
1.82992849008186 -0.2240060419014764
1.84822777498268 -0.2206918178186242
1.86671005273251 -0.2174568631393741
1.88537715325983 -0.2142978913571241
1.90423092479243 -0.2112118207483316
1.92327323404036 -0.2081957577575855
1.94250596638076 -0.2052469819389601
1.96193102604457 -0.2023629317425227
1.98155033630501 -0.1995411915916675
2.00136583966806 -0.1967794824269115
2.02137949806474 -0.1940756500357957
2.04159329304539 -0.1914276561814341
2.06200922597584 -0.1888335707711083
2.0826293182356 -0.1862915634673496
2.10345561141796 -0.1837998990462054
2.12449016753214 -0.1813569269638286
2.14573506920746 -0.1789610791831683
2.16719241989954 -0.1766108636889529
2.18886434409853 -0.1743048593481938
2.21075298753952 -0.1720417118398141
2.23286051741491 -0.1698201289171434
2.25518912258906 -0.1676388776057807
2.27774101381495 -0.1654967794395559
2.3005184239531 -0.1633927084808258
2.32352360819263 -0.1613255870986186
2.34675884427456 -0.1592943839718212
2.3702264327173 -0.1572981111088838
2.39392869704448 -0.1553358218191534
2.41786798401492 -0.1534066077533596
2.44204666385507 -0.1515095974627663
2.46646713049362 -0.1496439540579443
2.49113180179856 -0.1478088732074668
2.51604311981654 -0.1460035827405538
2.54120355101471 -0.1442273385579343
2.56661558652486 -0.1424794260274145
2.5922817423901 -0.1407591549137903
2.618204559814 -0.1390658630621802
2.64438660541214 -0.1373989104803994
2.67083047146627 -0.1357576805082563
2.69753877618093 -0.1341415781366023
2.72451416394274 -0.1325500292775379
2.75175930558217 -0.130982479445704
2.77927689863799 -0.1294383929138069
2.80706966762437 -0.1279172520980461
2.83514036430061 -0.126418556615409
2.86349176794362 -0.1249418222289348
2.89212668562305 -0.1234865803644821
2.92104795247928 -0.1220523777282713
2.95025843200408 -0.1206387751662805
2.97976101632412 -0.1192453469757761
3.00955862648736 -0.1178716811694855
3.03965421275223 -0.1165173776536162
3.07005075487975 -0.1151820489497377
3.10075126242855 -0.1138653188245646
3.13175877505284 -0.1125668222079431
3.16307636280337 -0.1112862047579383
3.1947071264314 -0.1100231222932725
3.22665419769571 -0.108777240272246
3.25892073967267 -0.1075482339860475
3.2915099470694 -0.1063357874448374
3.32442504654009 -0.1051395935509268
3.35766929700549 -0.1039593535033731
3.39124598997555 -0.1027947767073041
3.4251584498753 -0.1016455802167224
3.45941003437406 -0.1005114886783099
3.4940041347178 -0.09939223388893333
3.52894417606497 -0.09828755468423894
3.56423361782562 -0.09719719658159445
3.59987595400388 -0.09612091154523369
3.63587471354392 -0.09505845778411809
3.67223346067936 -0.09400959958141655
3.70895579528615 -0.09297410706275508
3.74604535323901 -0.0919517558622054
3.7835058067714 -0.09094232720087736
3.82134086483912 -0.08994560741132258
3.85955427348751 -0.0889613880192832
3.89814981622238 -0.08798946544280729
3.93713131438461 -0.08702964071781738
3.97650262752845 -0.08608171967703268
4.01626765380374 -0.08514551247486908
4.05643033034178 -0.08422083359631249
4.09699463364519 -0.08330750171716879
4.13796457998165 -0.08240533954257921
4.17934422578146 -0.08151417369543157
4.22113766803928 -0.08063383459243265
4.26334904471967 -0.07976415633756212
4.30598253516687 -0.07890497659802224
4.34904236051854 -0.07805613649642337
4.39253278412372 -0.07721748052952207
4.43645811196496 -0.0763888564462331
4.48082269308461 -0.07557011515504543
4.52563092001545 -0.07476111065203506
4.57088722921561 -0.07396169990649019
4.61659610150777 -0.07317174279760003
4.66276206252284 -0.07239110199707106
4.70938968314807 -0.07161964295491346
4.75648357997955 -0.07085723374394504
4.80404841577935 -0.07010374506745536
4.85208889993714 -0.06935905010314022
4.90060978893651 -0.06862302451702407
4.94961588682588 -0.06789554633994219
4.99911204569414 -0.06717649592816378
5.04910316615108 -0.06646575589392179
5.09959419781259 -0.0657632110528943
5.15059013979072 -0.06506874836292706
5.20209604118862 -0.06438225687129004
5.25411700160051 -0.06370362765482157
5.30665817161651 -0.06303275377810937
5.35972475333268 -0.06236953023149493
5.41332200086601 -0.06171385389439156
5.46745522087467 -0.06106562348020519
5.52212977308341 -0.06042473949492057
5.57735107081425 -0.05979110419593621
5.63312458152239 -0.05916462154119029
5.68945582733762 -0.0585451971550677
5.74635038561099 -0.0579327382880213
5.8038138894671 -0.05732715377453353
5.86185202836177 -0.05672835400221259
5.92047054864539 -0.05613625086512471
5.97967525413184 -0.05555075773937165
6.03947200667316 -0.05497178944734872
6.0998667267399 -0.05439926221419127
6.16086539400729 -0.05383309365133628
6.22247404794737 -0.05327320271615037
6.28469878842684 -0.0527195096795721
6.34754577631111 -0.05217193610755298
6.41102123407422 -0.05163040482154398
6.47513144641496 -0.05109483987847516
6.53988276087911 -0.05056516653833616
6.60528158848791 -0.05004131124346239
6.67133440437278 -0.04952320158831635
6.73804774841651 -0.04901076630201221
6.80542822590068 -0.04850393521443754
6.87348250815968 -0.04800263924229674
6.94221733324128 -0.04750681036221589
7.01163950657369 -0.04701638158759987
7.08175590163943 -0.04653128695347305
7.15257346065582 -0.04605146148577151
7.22409919526238 -0.04557684119252969
7.29634018721501 -0.04510736303547756
7.36930358908716 -0.04464296491489753
7.44299662497803 -0.04418358564880678
7.51742659122781 -0.04372916495917497
7.59260085714009 -0.04327964345033706
7.66852686571149 -0.04283496258996235
7.7452121343686 -0.04239506469972441
7.82266425571229 -0.0419598929314418
7.90089089826941 -0.04152939125532706
7.97989980725211 -0.04110350444342062
8.059698805324629 -0.04068217805351185
8.14029579337787 -0.0402653584165767
8.221698751311649 -0.03985299262026025
8.30391573882477 -0.03944502849639434
8.38695489621302 -0.03904141460590409
8.47082444517515 -0.03864210022424702
8.555532689626901 -0.03824703534373949
8.64108801652317 -0.0378561706256943
8.727498896688401 -0.03746945742459908
8.81477388565529 -0.03708684775839404
8.902921624511841 -0.0367082942988963
8.99195084075696 -0.03633375036084308
9.081870349164531 -0.03596316989256556
9.172689052656169 -0.03559650745955889
9.26441594318274 -0.03523371824202057
9.357060102614559 -0.03487475801385275
9.45063070364071 -0.03451958314481293
9.54513701067712 -0.03416815057764011
9.640588380783891 -0.03382041783049831
9.736994264591729 -0.03347634297723678
9.834364207237639 -0.03313588464175211
9.93270784931002 -0.03279900199210743
10.0320349278031 -0.03246565472528526
10.1323552770812 -0.03213580306599191
10.233678829852 -0.0318094077518636
10.3360156181505 -0.03148643002622011
10.439375774332 -0.03116683163049961
10.5437695320753 -0.03085057479817493
10.6492072273961 -0.03053762224596132
10.75569929967 -0.03022793716186614
10.8632562926667 -0.02992148320274438
10.9718888555934 -0.02961822448758356
11.0816077441493 -0.02931812558349517
11.1924238215908 -0.02902115150701791
11.3043480598067 -0.02872726771187075
11.4173915404048 -0.02843644008190796
11.5315654558088 -0.02814863492905618
11.6468811103669 -0.02786381898212751
11.7633499214706 -0.02758195938119731
11.8809834206853 -0.02730302367519726
11.9997932548922 -0.02702697980973938
12.1197911874411 -0.02675379612529384
12.2409890993155 -0.02648344135203981
12.3633989903086 -0.02621588459934136
12.4870329802117 -0.02595109535382081
12.6119033100138 -0.02568904347404393
12.738022343114 -0.02542969918324726
12.8654025665451 -0.02517303306481536
12.9940565922106 -0.0249190160559048
13.1239971581327 -0.02466761944426768
13.255237129714 -0.02441881486209118
13.3877895010112 -0.02417257428172096
13.5216673960213 -0.02392887000857803
13.6568840699815 -0.02368767467793855
13.7934529106813 -0.02344896125411538
13.9313874397881 -0.02321270301713883
14.070701314186 -0.02297887356514029
14.2114083273278 -0.02274744680942119
14.3535224106011 -0.02251839696417789
14.4970576347071 -0.022291698552205
14.6420282110542 -0.02206732639165649
14.7884484931648 -0.0218452451010586
14.9363329780964 -0.02162539836321114
15.0856963078774 -0.02140776450227799
15.2365532709561 -0.02119232632609282
15.3889188036657 -0.02097906826180251
15.5428079917024 -0.02076857117574636
15.6982360716194 -0.02055980194726581
15.8552184323356 -0.02035316779500439
16.0137706166589 -0.02014864604980979
16.1739083228255 -0.01994621430156632
16.3356474060538 -0.0197458503977375
16.4990038801143 -0.01954753244010501
16.6639939189155 -0.01935123878040963
16.8306338581046 -0.01915694801694188
16.9989401966857 -0.01896463899119556
17.1689295986525 -0.01877429078304233
17.340618894639 -0.01858588272217742
17.5140250835854 -0.01839939435341266
17.6891653344213 -0.01821480546502041
17.8660569877655 -0.01803209607096742
18.0447175576431 -0.01785124640999494
18.2251647332196 -0.01767223694378613
18.4074163805518 -0.01749504835304081
18.5914905443573 -0.01731966153424659
18.7774054498009 -0.01714605760033781
18.9651795042989 -0.01697421787332491
19.1548312993419 -0.01680412388459179
19.3463796123353 -0.01663575737211447
19.5398434084586 -0.01646910027406651
19.7352418425432 -0.01630413473378614
19.9325942609687 -0.01614084309021954
20.1319202035783 -0.01597920787722139
20.3332394056141 -0.01581921182497673
20.5365717996703 -0.01566083785128281
20.741937517667 -0.01550406906638893
20.9493568928436 -0.01534888876324926
21.1588504617721 -0.01519528042035927
21.3704389663898 -0.01504322769556237
21.5841433560537 -0.01489271442945576
21.7999847896142 -0.01474372463869224
22.0179846375104 -0.01459624251436253
22.2381644838855 -0.01445025242071703
22.4605461287243 -0.0143057388921768
22.6851515900116 -0.01416268663384457
22.9120031059117 -0.01402108051582938
23.1411231369708 -0.01388090557385704
23.3725343683405 -0.01374214700646349
23.6062597120239 -0.01360479017106146
23.8423223091442 -0.01346882058598485
24.0807455322356 -0.01333422392589319
24.321552987558 -0.01320098602058253
24.5647685174336 -0.01306909285284761
24.8104162026079 -0.01293853055689272
25.058520364634 -0.01280928541704088
25.3091055682803 -0.01268134386421615
25.5621966239631 -0.01255469247713864
25.8178185902027 -0.01242931797775178
26.0759967761048 -0.01230520723089877
26.3367567438658 -0.01218234724259999
26.6001243113045 -0.01206072515815744
26.8661255544175 -0.01194032826044953
27.1347868099617 -0.01182114396903161
27.4061346780613 -0.0117031598364781
27.6801960248419 -0.01158636355044502
27.9569979850903 -0.01147074292862841
28.2365679649412 -0.01135628591914694
28.5189336445907 -0.01124298059843593
28.8041229810366 -0.01113081516983102
29.0921642108469 -0.01101977796199734
29.3830858529554 -0.01090985742788121
29.676916711485 -0.01080104214286267
29.9736858785998 -0.01069332080356176
30.2734227373858 -0.01058668222663159
30.5761569647597 -0.01048111534693193
30.8819185344073 -0.01037660921653364
31.1907377197513 -0.01027315300324363
31.5026450969488 -0.01017073598928723
31.8176715479183 -0.01006934757012774
32.1358482633975 -0.009968977252823802
32.4572067460315 -0.009869614656082271
32.7817788134918 -0.009771249506335589
33.1095966016267 -0.009673871639575454
33.440692567643 -0.009577470997983133
33.7750994933194 -0.00948203762965932
34.1128504882526 -0.009387561687375616
34.4539789931351 -0.009294033426962266
34.7985187830665 -0.009201443206730778
35.1465039708972 -0.009109781485882167
35.4979690106061 -0.009019038823702901
35.8529487007122 -0.008929205878216167
36.2114781877193 -0.008840273404396672
36.5735929695965 -0.008752232257455049
36.9393288992925 -0.008665073382674207
37.3087221882854 -0.008578787823200301
37.6818094101683 -0.008493366715419318
38.0586275042699 -0.00840880128755242
38.4392137793127 -0.008325082859651322
38.8236059171058 -0.008242202841861949
39.2118419762768 -0.0081601527339079
39.6039603960396 -0.008078924124042432
40 -0.007998508687982122
