-40 0.007920260068649935
-39.6039603960396 0.007999101769199043
-39.2118419762768 0.00807872497299874
-38.8236059171058 0.008159137366618859
-38.4392137793127 0.008240346710729145
-38.0586275042699 0.008322360841488413
-37.6818094101683 0.008405187670967301
-37.3087221882854 0.00848883518815496
-36.9393288992925 0.008573311459295541
-36.5735929695965 0.008658624629003617
-36.2114781877193 0.008744782920083172
-35.8529487007122 0.008831794636456971
-35.4979690106061 0.008919668161363935
-35.1465039708972 0.009008411959683108
-34.7985187830665 0.009098034577788194
-34.4539789931351 0.009188544645407718
-34.1128504882526 0.009279950875455736
-33.7750994933194 0.009372262065383795
-33.440692567643 0.009465487097483544
-33.1095966016267 0.009559634939969041
-32.7817788134918 0.00965471464885128
-32.4572067460315 0.009750735365999932
-32.1358482633975 0.009847706322854808
-31.8176715479183 0.009945636808018866
-31.5026450969488 0.01004453632707299
-31.1907377197513 0.01014441428588553
-30.8819185344073 0.01024528031065311
-30.5761569647597 0.01034714408640174
-30.2734227373858 0.01045001539150753
-29.9736858785998 0.01055390410183916
-29.676916711485 0.01065882018556012
-29.3830858529554 0.01076477370827317
-29.0921642108469 0.01087177483291275
-28.8041229810366 0.0109798338198006
-28.5189336445907 0.01108896102795686
-28.2365679649412 0.01119916691838545
-27.9569979850903 0.01131046205110927
-27.6801960248419 0.01142285708849858
-27.4061346780613 0.01153636279585082
-27.1347868099617 0.01165099004212156
-26.8661255544175 0.01176674980142017
-26.6001243113045 0.01188365315222676
-26.3367567438658 0.01200171128206165
-26.0759967761048 0.01212093548432471
-25.8178185902027 0.01224133716290075
-25.5621966239631 0.01236292782985169
-25.3091055682803 0.01248571910901463
-25.058520364634 0.01260972273605604
-24.8104162026079 0.01273495055993246
-24.5647685174336 0.01286141454302999
-24.321552987558 0.01298912676325158
-24.0807455322356 0.01311809941508932
-23.8423223091442 0.01324834480995037
-23.6062597120239 0.01337987537789993
-23.3725343683405 0.01351270366924096
-23.1411231369708 0.01364684235328068
-22.9120031059117 0.01378230422301419
-22.6851515900116 0.01391910219387451
-22.4605461287243 0.0140572493062464
-22.2381644838855 0.01419675872446098
-22.0179846375104 0.01433764374067079
-21.7999847896142 0.01447991777456869
-21.5841433560537 0.0146235943745213
-21.3704389663898 0.01476868721977958
-21.1588504617721 0.01491520936639928
-20.9493568928436 0.01506317702171502
-20.741937517667 0.01521260200043498
-20.5365717996703 0.0153634992674339
-20.3332394056141 0.01551588317505535
-20.1319202035783 0.01566976820931866
-19.9325942609687 0.01582516899767817
-19.7352418425432 0.01598210030792253
-19.5398434084586 0.01614057705012949
-19.3463796123353 0.01630061427568572
-19.1548312993419 0.01646222718369721
-18.9651795042989 0.0166254311179202
-18.7774054498009 0.01679024156975063
-18.5914905443573 0.0169566741807972
-18.4074163805518 0.01712474473819227
-18.2251647332196 0.01729446919409844
-18.0447175576431 0.01746586363603784
-17.8660569877655 0.01763894431838765
-17.6891653344213 0.01781372764980868
-17.5140250835854 0.01799023019439021
-17.340618894639 0.018168468678762
-17.1689295986525 0.01834845998850659
-16.9989401966857 0.01853022117253384
-16.8306338581046 0.01871376944452601
-16.6639939189155 0.01889912218348435
-16.4990038801143 0.019086296935432
-16.3356474060538 0.01927531141600669
-16.1739083228255 0.019466183511389
-16.0137706166589 0.01965893128122097
-15.8552184323356 0.01985357295831648
-15.6982360716194 0.02005012695141539
-15.5428079917024 0.02024861184712289
-15.3889188036657 0.02044904641180378
-15.2365532709561 0.02065144959332394
-15.0856963078774 0.02085584052182596
-14.9363329780964 0.02106223851219708
-14.7884484931648 0.0212706630666214
-14.6420282110542 0.02148113387637186
-14.4970576347071 0.02169367082364303
-14.3535224106011 0.02190829398033452
-14.2114083273278 0.02212502361487646
-14.070701314186 0.02234388019327286
-13.9313874397881 0.02256488437778765
-13.7934529106813 0.02278805703183168
-13.6568840699815 0.02301341922074577
-13.5216673960213 0.02324099221636852
-13.3877895010112 0.02347079749471537
-13.255237129714 0.02370285674184644
-13.1239971581327 0.02393719185602889
-12.9940565922106 0.02417382494608485
-12.8654025665451 0.02441277833752116
-12.738022343114 0.02465407457468335
-12.6119033100138 0.02489773642113388
-12.4870329802117 0.02514378685835661
-12.3633989903086 0.02539224910005242
-12.2409890993155 0.02564314658243922
-12.1197911874411 0.02589650297186775
-11.9997932548922 0.02615234216563969
-11.8809834206853 0.02641068829681004
-11.7633499214706 0.02667156573287797
-11.6468811103669 0.02693499908691385
-11.5315654558088 0.0272010132056691
-11.4173915404048 0.02746963318456744
-11.3043480598067 0.02774088436766292
-11.1924238215908 0.02801479234678185
-11.0816077441493 0.02829138296631238
-10.9718888555934 0.02857068232834245
-10.8632562926667 0.02885271679109385
-10.75569929967 0.02913751297466728
-10.6492072273961 0.02942509776461005
-10.5437695320753 0.02971549831145511
-10.439375774332 0.03000874203727294
-10.3360156181505 0.03030485663681277
-10.233678829852 0.0306038700810594
-10.1323552770812 0.03090581062122463
-10.0320349278031 0.03121070679102011
-9.93270784931002 0.03151858740974369
-9.834364207237639 0.03182948158454065
-9.736994264591729 0.03214341871784297
-9.640588380783891 0.0324604285077608
-9.54513701067712 0.03278054095023162
-9.45063070364071 0.03310378634543007
-9.357060102614559 0.03343019530171606
-9.26441594318274 0.03375979873377571
-9.172689052656169 0.03409262787535625
-9.081870349164531 0.03442871427599833
-8.99195084075696 0.03476808980526353
-8.902921624511841 0.03511078666353184
-8.81477388565529 0.03545683737502069
-8.727498896688401 0.03580627480149584
-8.64108801652317 0.03615913214355246
-8.555532689626901 0.03651544294127117
-8.47082444517515 0.03687524108425371
-8.38695489621302 0.03723856081068329
-8.30391573882477 0.03760543671698079
-8.221698751311649 0.03797590375697273
-8.14029579337787 0.03834999725230862
-8.059698805324629 0.03872775289181152
-7.97989980725211 0.03910920675269031
-7.90089089826941 0.03949439524160613
-7.82266425571229 0.03988335522392919
-7.7452121343686 0.04027612390536681
-7.66852686571149 0.04067273889904036
-7.59260085714009 0.04107323821839341
-7.51742659122781 0.04147766028240529
-7.44299662497803 0.04188604392245998
-7.36930358908716 0.04229842838554956
-7.29634018721501 0.04271485334254827
-7.22409919526238 0.04313535889744291
-7.15257346065582 0.0435599855736924
-7.08175590163943 0.04398877435880451
-7.01163950657369 0.04442176667247945
-6.94221733324128 0.04485900439499928
-6.87348250815968 0.04530052986145441
-6.80542822590068 0.04574638588329427
-6.73804774841651 0.04619661573637277
-6.67133440437278 0.04665126318944992
-6.60528158848791 0.04711037249022976
-6.53988276087911 0.04757398838916752
-6.47513144641496 0.04804215613835909
-6.41102123407422 0.04851492150280421
-6.34754577631111 0.04899233076697653
-6.28469878842684 0.049474430743631
-6.22247404794737 0.0499612687819506
-6.16086539400729 0.0504528927763057
-6.0998667267399 0.05094935117519644
-6.03947200667316 0.05145069298949642
-5.97967525413184 0.05195696780254855
-5.92047054864539 0.05246822577979551
-5.86185202836177 0.05298451767702592
-5.8038138894671 0.05350589485225782
-5.74635038561099 0.05403240927432373
-5.68945582733762 0.05456411353498849
-5.63312458152239 0.05510106085863851
-5.57735107081425 0.05564330511030451
-5.52212977308341 0.05619090081379757
-5.46745522087467 0.05674390315884397
-5.41332200086601 0.05730236801615773
-5.35972475333268 0.05786635194569788
-5.30665817161651 0.05843577452250037
-5.25411700160051 0.05901110677818797
-5.20209604118862 0.05959199437489239
-5.15059013979072 0.06017863443502798
-5.09959419781259 0.06077108718348411
-5.04910316615108 0.06136941359422705
-4.99911204569414 0.06197367543491068
-4.94961588682588 0.06258393527708746
-4.90060978893651 0.06320025650755692
-4.85208889993714 0.06382270334639063
-4.80404841577935 0.06445134086611853
-4.75648357997955 0.06508623500453245
-4.70938968314807 0.06572745258540294
-4.66276206252284 0.06637506134199241
-4.61659610150777 0.06702912989864615
-4.57088722921561 0.06768972787025496
-4.52563092001545 0.06835692579897934
-4.48082269308461 0.06903079521416161
-4.43645811196496 0.0697114086476901
-4.39253278412372 0.07039883965784964
-4.34904236051854 0.07109316284614338
-4.30598253516687 0.07179445388572951
-4.26334904471967 0.07250278952850364
-4.22113766803928 0.07321824767243194
-4.17934422578146 0.07394090732830884
-4.13796457998165 0.07467084869897325
-4.09699463364519 0.07540815315659356
-4.05643033034178 0.0761529033225586
-4.01626765380374 0.07690518304272763
-3.97650262752845 0.07766507747525056
-3.93713131438461 0.07843267306804599
-3.89814981622238 0.07920805761325252
-3.85955427348751 0.07999132028462966
-3.82134086483912 0.0807825516607647
-3.7835058067714 0.08158184376842388
-3.74604535323901 0.08238928641648438
-3.70895579528615 0.08320498572738039
-3.67223346067936 0.08402902715942723
-3.63587471354392 0.08486151261426739
-3.59987595400388 0.08570254186658996
-3.56423361782562 0.08655221642940153
-3.52894417606497 0.087410639508352
-3.4940041347178 0.08827791607389585
-3.45941003437406 0.08915415296275675
-3.4251584498753 0.09003945873243055
-3.39124598997555 0.09093394405814667
-3.35766929700549 0.09183772141584404
-3.32442504654009 0.09275090534949787
-3.2915099470694 0.09367361256797603
-3.25892073967267 0.09460596181849938
-3.22665419769571 0.0955480740692938
-3.1947071264314 0.09650007257170068
-3.16307636280337 0.09746208280133405
-3.13175877505284 0.09843423278802181
-3.10075126242855 0.09941665290703838
-3.07005075487975 0.1004094760900472
-3.03965421275223 0.1014128379336066
-3.00955862648736 0.1024268765688815
-2.97976101632412 0.1034517331330342
-2.95025843200408 0.1044875513479769
-2.92104795247928 0.1055344781194796
-2.89212668562305 0.1065926632443291
-2.86349176794362 0.1076622596519398
-2.83514036430061 0.1087433720492371
-2.80706966762437 0.1098363144739967
-2.77927689863799 0.1109410953612649
-2.75175930558217 0.1120579325635103
-2.72451416394274 0.1131869964144263
-2.69753877618093 0.1143284607089108
-2.67083047146627 0.1154825033670307
-2.64438660541214 0.1166493062898214
-2.618204559814 0.1178290553276888
-2.5922817423901 0.1190219409769145
-2.56661558652486 0.1202281581408834
-2.54120355101471 0.1214479060250691
-2.51604311981654 0.1226813890701454
-2.49113180179856 0.1239288162084029
-2.46646713049362 0.1251904018616921
-2.44204666385507 0.1264663656558578
-2.41786798401492 0.1277569324541019
-2.39392869704448 0.1290623333293812
-2.3702264327173 0.1303828046442052
-2.34675884427456 0.1317185894675272
-2.32352360819263 0.1330699371835117
-2.3005184239531 0.1344371027816508
-2.27774101381495 0.1358203496304405
-2.25518912258906 0.1372199472302981
-2.23286051741491 0.1386361728721797
-2.21075298753952 0.1400693114026811
-2.18886434409853 0.141519655436814
-2.16719241989954 0.1429875062468913
-2.14573506920746 0.1444731737699177
-2.12449016753214 0.1459769768202804
-2.10345561141796 0.1474992436397665
-2.0826293182356 0.1490403126377118
-2.06200922597584 0.1506005310714104
-2.04159329304539 0.1521802589179831
-2.02137949806474 0.1537798659271279
-2.00136583966806 0.1553997336341732
-1.98155033630501 0.1570402559927817
-1.96193102604457 0.1587018392704297
-1.94250596638076 0.1603849028118244
-1.92327323404036 0.1620898809995331
-1.90423092479243 0.1638172212214183
-1.88537715325983 0.1655673868645212
-1.86671005273251 0.1673393944062059
-1.84822777498268 0.1691381273935652
-1.82992849008186 0.1709597114616954
-1.81181038621967 0.1728061406079856
-1.79387166952442 0.1746779658344757
-1.77611056388557 0.1765757580373742
-1.75852531077779 0.1785001095374548
-1.74111416908692 0.1804516350209537
-1.72387541493754 0.1824309725985299
-1.70680734152232 0.1844387851453984
-1.68990825893299 0.1864757617042247
-1.67317649399306 0.1885426181848096
-1.65661039009214 0.1906401009649581
-1.64020830702192 0.1927689851565493
-1.62396862081378 0.1949300793311203
-1.607889723578 0.1971242258111827
-1.59197002334456 0.1993523031570761
-1.5762079439055 0.2016152291585058
-1.56060192465891 0.203913957779419
-1.54515042045437 0.20624949251203
-1.52985190143997 0.2086228785290807
-1.51470485291086 0.2110352073312558
-1.49970777515927 0.2134876275768306
-1.48485918332601 0.215981338400607
-1.47015760725347 0.2185175972460071
-1.45560159134007 0.2210977272961407
-1.44118969439611 0.2237231150952676
-1.4269204895011 0.2263952164010591
-1.41279256386247 0.22911556848742
-1.39880451867572 0.2318857836587266
-1.38495496898586 0.2347075916029204
-1.37124254355036 0.2375827229561319
-1.36445421412684 0.2390372664461168
-1.35766588470332 0.2405131420402885
-1.35094476646222 0.241995983101206
-1.34422364822111 0.243500831047483
-1.33756907570517 0.2450130215875657
-1.33091450318922 0.2465479154469521
-1.32432581752987 0.248090563750497
-1.31773713187051 0.2496566488929533
-1.31121368072264 0.2512309294343156
-1.30469022957477 0.2528294229534611
-1.29823136705212 0.254436582073673
-1.29177250452947 0.2560687842177098
-1.28537759114071 0.2577101440438717
-1.28218013444633 0.2585404987794517
-1.27898267775195 0.2593774166318836
-1.27581687904464 0.2602126037078473
-1.27265108033733 0.261054407565796
-1.26948528163003 0.2619029155963895
-1.26631948292272 0.2627582223349824
-1.26318502875707 0.2636118571416149
-1.26005057459142 0.2644723479791345
-1.25691612042577 0.2653397856287183
-1.25534889334295 0.2657761427555189
-1.25378166626012 0.2662142766902283
-1.25067824629413 0.2670871516024393
-1.24757482632814 0.2679671437430353
-1.24447140636215 0.2688543391554792
-1.24136798639616 0.2697488644722885
-1.23522260032489 0.2715421908715359
-1.22907721425363 0.2733655120148131
-1.22299267358901 0.2752011573735829
-1.21690813292438 0.2770680029088265
-1.20485953754889 0.2808603438985852
-1.19293023519692 0.2847470820022927
-1.18111904474943 0.2887327884185898
-1.16942479678161 0.2928226516549634
-1.15784633344714 0.2970222234034221
-1.14638250836351 0.3013375551652068
-1.13503218649852 0.3057752482067158
-1.12379424405794 0.3103425332797955
-1.1126675683742 0.315047342760283
-1.10165105779624 0.319898424592822
-1.09074362158043 0.3249054534924522
-1.07994417978261 0.3300791757011832
-1.0692516631511 0.335431580237135
-1.05866501302089 0.3409761064146737
-1.0481831812088 0.3467278944529762
-1.0378051299097 0.352704106573123
-1.02752983159376 0.3589243076841228
-1.01735626890472 0.3654109606750449
-1.00728343455913 0.3721900499050245
-0.997310331246659 0.3792918801665414
-0.987435971531345 0.3867521382120436
-0.977659377753807 0.3946132702823802
-0.967979581934463 0.4029263704326101
-0.958395625677686 0.4117537554086744
-0.948906560076917 0.4211725490067229
-0.93951144562071 0.4312801270570407
-0.930209352099712 0.4422004666963097
-0.92560435530714 0.4480000409406967
-0.920999358514567 0.4540972725481521
-0.916439955749644 0.460460826300139
-0.91188055298472 0.4671879755220185
-0.907366292821429 0.4742511529717379
-0.902852032658138 0.4817664627971427
-0.898382468140029 0.4897110475202409
-0.893912903621919 0.4982206637706416
-0.891700247919885 0.5026627371296605
-0.88948759221785 0.5072662649952254
-0.887274936515815 0.5120365673289933
-0.885062280813781 0.5169755170461185
-0.882871532593945 0.5220280139180432
-0.880680784374109 0.5272295454080966
-0.878490036154273 0.5325537988596128
-0.876299287934437 0.5379546411790009
-0.874130230291035 0.5433063825961264
-0.871961172647633 0.5485629528478935
-0.867623057360828 0.5582804530581931
-0.863327893710527 0.5660688742226062
-0.859032730060226 0.5716132892408423
-0.8547800927827 0.5751152893859246
-0.8505274555051739 0.5771054339479893
-0.842106391589282 0.5781304665651992
-0.833768704543843 0.5768777226060907
-0.82551356885529 0.5743823282014444
-0.817340167183456 0.5711540412546005
-0.809247690280649 0.5674669010047226
-0.801235336911534 0.5634804167147791
-0.793302313773796 0.5592936156429454
-0.7854478354195999 0.5549712434299835
-0.777671124177822 0.5505574249578901
-0.7699714100770511 0.5460832739645776
-0.762347930769357 0.5415713450154075
-0.7547999314548089 0.5370383024683291
-0.747326664806742 0.5324968311336292
-0.739927390897764 0.5279566099058902
-0.732601377126499 0.5234251536228364
-0.725347898145049 0.5189083899570938
-0.718166235787177 0.5144109921747114
-0.711055678997205 0.509936697053131
-0.704015523759609 0.5054884346936165
-0.697045073029316 0.5010686609103974
-0.690143636662689 0.4966792211906291
-0.6833105313491969 0.4923216649366206
-0.6765450805437589 0.4879971731619211
-0.669846614399762 0.4837067142303449
-0.663214469702734 0.4794509786995507
-0.656647989804688 0.4752305535766094
-0.650146524559097 0.4710458260479335
-0.643709430256531 0.4668970585944429
-0.637336069560922 0.462784436592909
-0.631025811446457 0.4587080349434454
-0.624778031135106 0.4546678492799071
-0.618592110034759 0.4506638182949156
-0.612467435677979 0.4466958224613128
-0.606403401661365 0.4427637081014854
-0.60039940758551 0.4388672605483985
-0.5944548589955549 0.4350062416897801
-0.588569167322331 0.4311803827825227
-0.582741749824091 0.4273894075368791
-0.576972029528803 0.4236330001631088
-0.571259435177032 0.4199108274485335
-0.565603401165378 0.4162225580054371
-0.560003367490474 0.4125678360007525
-0.554458779693538 0.4089463116553368
-0.548969088805484 0.4053576106252598
-0.543533751292558 0.4018013688530627
-0.538152229002533 0.3982772074015788
-0.532823989111418 0.3947847547584785
-0.527548504070711 0.3913236190823073
-0.52232525155516 0.3878934643460852
-0.517153714411049 0.384493882172351
-0.512033380604999 0.3811245170567073
-0.506963743173267 0.3777849813829756
-0.501944300171551 0.3744749299034851
-0.496974554625298 0.3711939961755497
-0.492054014480493 0.3679418366884858
-0.487182192554944 0.364718072628802
-0.482358606490043 0.3615223829903369
-0.477582778703013 0.3583544112648243
-0.472854236339617 0.3552138568957793
-0.468172511227344 0.3521003691735283
-0.463537139829053 0.3490136363524074
-0.458947663197082 0.3459533451284869
-0.454403626927804 0.3429192120315416
-0.449904581116638 0.3399108913769772
-0.445450080313503 0.3369279376309396
-0.441039683478716 0.3339706376183906
-0.436672953939322 0.3310381336918084
-0.432349459345864 0.3281303478172891
-0.428068771629568 0.3252470127215739
-0.423830466959968 0.3223878762798165
-0.419634125702939 0.3195526777416328
-0.415479332379147 0.316741180687712
-0.411365675622918 0.3139531305601059
-0.407292748141503 0.3111883000584749
-0.403260146674756 0.3084464536756887
-0.399267471955204 0.3057273665445266
-0.395314328668518 0.3030308109427728
-0.391400325414375 0.300356565676172
-0.387525074667698 0.2977044150894399
-0.383688192740295 0.295074147138884
-0.379889299742866 0.2924655438390276
-0.376128019547392 0.2898783999100256
-0.372403979749893 0.2873125008049472
-0.368716811633558 0.2847676439358204
-0.365066150132235 0.2822436184216577
-0.361451633794292 0.279740220756832
-0.357872904746824 0.2772572468844391
-0.354329608660222 0.2747944907214733
-0.350821394713091 0.2723517399133395
-0.347347915557516 0.2699287933013823
-0.343908827284669 0.2675254467784999
-0.340503789390762 0.2651414836099208
-0.337132464743328 0.2627767072532057
-0.33379451954785 0.260430898248264
-0.330489623314703 0.2581038522512143
-0.327217448826438 0.2557953539939579
-0.323977672105385 0.2535051955055338
-0.320769972381569 0.2512331544506078
-0.317594032060959 0.2489790253823398
-0.314449536694019 0.2467425892502493
-0.311336174944573 0.244523629991089
-0.308253638558984 0.2423219292440995
-0.305201622335627 0.2401372714036133
-0.30217982409468 0.2379694407368114
-0.299187944648198 0.2358182153146126
-0.296225687770494 0.2336833756676531
-0.293292760168805 0.2315647156551219
-0.290388871454263 0.229462000964154
-0.287513734113132 0.2273750270112299
-0.284667063478348 0.2253035758044075
-0.281848577701335 0.2232474303745205
-0.279057997724094 0.2212063857094322
-0.276295047251578 0.2191802228083093
-0.273559452724335 0.2171687330913329
-0.27085094329142 0.215171714517514
-0.268169250783585 0.2131889562063411
-0.265514109686717 0.2112202594100955
-0.262885257115562 0.2092654230494199
-0.260282432787685 0.2073242518784938
-0.257705378997708 0.205396545634708
-0.25515384059179 0.2034821239805935
-0.252627564942366 0.2015807927951295
-0.250126301923135 0.199692367742933
-0.247649803884292 0.1978166676334955
-0.245197825628012 0.1959535173251578
-0.24277012438417 0.1941027406165234
-0.240366459786307 0.1922641672494077
-0.237986593847829 0.1904376268893471
-0.235630290938444 0.1886229605127366
-0.233297317760836 0.1868200046910046
-0.23098744332756 0.1850285990665318
-0.228700438938179 0.1832485930846153
-0.226436078156613 0.1814798293624246
-0.224194136788725 0.1797221632432081
-0.221974392860124 0.1779754443406031
-0.219776626594182 0.1762395290679428
-0.217600620390279 0.1745142732459554
-0.215446158802257 0.1727995366769883
-0.213313028517086 0.1710951752653165
-0.211201018333748 0.1694010515257935
-0.209109919142325 0.1677170198754804
-0.207039523903292 0.1660429347937663
-0.204989627627022 0.1643786270879673
-0.202960027353487 0.1627240434135652
-0.200950522132166 0.1610778356383493
-0.198960913002144 0.1594390220597338
-0.19699100297242 0.1578143413955218
-0.195040597002396 0.1561979444445079
-0.19310950198257 0.1545905428781512
-0.191197526715416 0.1529920169930889
-0.189304481896452 0.1514022650092029
-0.187430180095497 0.149821172700252
-0.185574435738115 0.1482486091578784
-0.183737065087243 0.1466844510965248
-0.181917886224993 0.1451285660442396
-0.180116719034647 0.1435808248151073
-0.178333385182818 0.1420410915723883
-0.1765677081018 0.140509233539288
-0.17481951297208 0.1389851103968581
-0.173088626705029 0.1374685870417852
-0.171374877925772 0.1359595268165625
-0.169678096956209 0.1344577886679172
-0.167998115798227 0.132963233951462
-0.166334768117057 0.1314757188302393
-0.164687889224809 0.1299951041087921
-0.163057316064167 0.128521246754681
-0.161442887192244 0.1270540033732878
-0.159844442764598 0.1255932390293637
-0.158261824519404 0.1241387978482881
-0.156694875761787 0.1226905260257849
-0.155143441348303 0.1212483038333577
-0.153607367671588 0.1198119848318469
-0.152086502645136 0.1183814106567748
-0.150580695688254 0.1169564555241787
-0.149089797711142 0.1155369711137757
-0.147613661100141 0.1141228124171128
-0.14615213970311 0.1127138434308423
-0.14470508881496 0.1113099246095991
-0.143272365163327 0.109910912712123
-0.141853826894383 0.1085166888800285
-0.140449333558795 0.1071271006584948
-0.139058746097817 0.1057420186137289
-0.137681926829522 0.1043613221744299
-0.13631873943517 0.1029848674308242
-0.134969048945713 0.1016125443570007
-0.133632721728429 0.1002442193944734
-0.132309625473692 0.09887976694696383
-0.130999629181873 0.09751907803321085
-0.129702603150369 0.09616201007474806
-0.128418418960762 0.09480852381871224
-0.127146949466101 0.09345839783961515
-0.125888068778317 0.09211159502490511
-0.12464165225576 0.09076799209142639
-0.123407576490851 0.08942748194094188
-0.122185719297873 0.0880899696506527
-0.120975959700864 0.08675535572516103
-0.119778177921647 0.08542353823218893
-0.118592255367968 0.08409442494392548
-0.11741807462175 0.08276792747865903
-0.116255519427476 0.08144395909361596
-0.115104474680669 0.08012242815695478
-0.113964826416504 0.07880325518201393
-0.112836461798519 0.07748635749132472
-0.111719269107444 0.07617165171142068
-0.110613137730143 0.07485906041426174
-0.109517958148656 0.0735485076736058
-0.108433621929363 0.07223991612240573
-0.10736002171224 0.07093320782113742
-0.106297051200238 0.06962833471961319
-0.10524460514875 0.06832519440253765
-0.104202579355198 0.06702373034522133
-0.103170870648711 0.06572387187367155
-0.102149376879912 0.06442555037000651
-0.101137996910804 0.06312869684681036
-0.100136630604756 0.06183324144361518
-0.0991451788165905 0.06053912720046336
-0.0981635433827629 0.05924627104995561
-0.0971916271116464 0.05795461886121486
-0.0962293337739073 0.05666409926679894
-0.0952765680929776 0.05537463254343235
-0.0943332357356213 0.05408615140897778
-0.0933992433025954 0.05279863888282964
-0.0924744983194014 0.05151197258519953
-0.0915589092271301 0.0502260736103518
-0.09065238537339609 0.04894092673223859
-0.08975483700336249 0.04765643129017479
-0.0888661752508539 0.04637252007183311
-0.0879863121295584 0.04508912248942271
-0.0871151605243152 0.04380617652545586
-0.0862526341824903 0.04252360590824772
-0.085398647705436 0.04124133936641413
-0.0845531165400356 0.03995929009884581
-0.08371595697033229 0.03867743735348466
-0.08288708610923989 0.03739566651649439
-0.0820664218903365 0.03611391343167435
-0.0812538830597391 0.03483211949668166
-0.08044938916805849 0.03355020356773265
-0.0796528605624342 0.03226810751881655
-0.0788642183786477 0.03098576252057032
-0.07808338453331461 0.02970308059117946
-0.07731028171615301 0.02842000890943506
-0.0765448333823297 0.02713649776477989
-0.07578696374488091 0.02585244989425971
-0.07503659776720881 0.02456783167580471
-0.07429366115565229 0.02328257373922717
-0.073558080352131 0.02199661461874
-0.0728297825268624 0.02070990520669339
-0.0721086955711509 0.01942238020705938
-0.0713947480902484 0.01813399845352895
-0.0706878693962855 0.01684470901129899
-0.0699879895012728 0.01555446763097532
-0.0692950391101711 0.01426322666339654
-0.0686089496140308 0.01297095407096952
-0.0679296530831988 0.01167760435247008
-0.06725708226059279 0.01038315744870935
-0.06659117055504241 0.009087579922711869
-0.0659318520346955 0.007790839850564894
-0.0652790614204906 0.006492925609657388
-0.0646327340796936 0.005193816024544603
-0.0639928060194986 0.003893497139668513
-0.0633592138806917 0.002591960550831593
-0.0627318949313779 0.001289196443902051
-0.0621107870607702 -1.479597956199704e-05
-0.0614958287730398 -0.001320015275859096
-0.0608869591812276 -0.00262646985759716
-0.0602841180012154 -0.00393411287826254
-0.0596872455457578 -0.00524297054185793
-0.0590962827185721 -0.006553022289344818
-0.0585111710084872 -0.007864243071382167
-0.0579318524836507 -0.009176613854000955
-0.0573582697857928 -0.01049011350938648
-0.0567903661245473 -0.01180471554233089
-0.056228085271829 -0.013120392918358
-0.0556713715562664 -0.01443712118255737
-0.0551201698576895 -0.01575485292252876
-0.0545744256016727 -0.01707358985714302
-0.0540340847541314 -0.01839326670165483
-0.0534990938159717 -0.01971385751582238
-0.0529693998177938 -0.02103532968736593
-0.0524449503146473 -0.02235765001270454
-0.0519256933808389 -0.02368077334198573
-0.051411577604791 -0.02500466135189578
-0.0509025520839515 -0.02632929331236888
-0.0503985664197539 -0.02765462645922332
-0.0498995707126277 -0.02898060418897115
-0.0494055155570571 -0.03030722644767342
-0.0489163520366902 -0.03163444194123772
-0.0484320317194952 -0.03296221190239437
-0.0479525066529656 -0.03429049580915329
-0.0474777293593719 -0.03561928110290014
-0.0470076528310613 -0.03694852481454043
-0.0465422305258032 -0.03827819756249681
-0.0460814163621814 -0.03960825902666226
-0.0456251647150311 -0.04093870755666969
-0.0451734304109219 -0.04226948843852365
-0.044726168723685 -0.04360058064560938
-0.0442833353699852 -0.04493195869831362
-0.0438448865049358 -0.04626359131290168
-0.0434107787177582 -0.04759545584176951
-0.0429809690274834 -0.04892751803213296
-0.0425554148786964 -0.05025974224445418
-0.0421340741373232 -0.05159213296878315
-0.0417169050864586 -0.05292461914247489
-0.0413038664222363 -0.05425719755918934
-0.0408949172497389 -0.05558983145387129
-0.0404900170789494 -0.05692248864948241
-0.0400891258207419 -0.05825512440689275
-0.0396922037829128 -0.05958772498468056
-0.0392992116662503 -0.06092023506626684
-0.0389101105606439 -0.06225260903496908
-0.0385248619412316 -0.06358481842564762
-0.0381434276645857 -0.06491681155050474
-0.0377657699649363 -0.06624853869033005
-0.037391851450432 -0.06757996563097012
-0.0370216350994376 -0.06891099309460877
-0.036655084256869 -0.07024163330992642
-0.0362921626305633 -0.07157176095300223
-0.0359328342876865 -0.07290135825941554
-0.0355770636511747 -0.0742303481524698
-0.0352248154962126 -0.07555860989691188
-0.0348760549467451 -0.07688611917930729
-0.0345307474720249 -0.07821281357663665
-0.0341888588831929 -0.07953856199888468
-0.033850355329894 -0.08086335853000652
-0.0335152032969248 -0.08218705028447737
-0.0331833696009156 -0.08350956279670958
-0.0328548213870451 -0.08483083675291006
-0.0325295261257873 -0.08615075157104864
-0.0322074516096904 -0.08746922537305848
-0.0318885659501885 -0.08878616412478475
-0.031572837574444 -0.09010146095268981
-0.0312602352222218 -0.09141504151702519
-0.0309507279427939 -0.09272678737937272
-0.0306442850918751 -0.09403660345662089
-0.0303408763285892 -0.09534441230089072
-0.0300404716124646 -0.09665008596418605
-0.02974304120046 -0.09795355821194428
-0.0294485556440198 -0.09925470289704734
-0.0291569857861582 -0.1005534457300511
-0.0288683027585725 -0.1018496904231678
-0.0285824779787846 -0.1031433336202023
-0.0282994831473115 -0.1044343113924592
-0.0280192902448629 -0.1057224848015694
-0.0277418715295672 -0.1070078104182583
-0.027467199534225 -0.1082902019135812
-0.0271952470635891 -0.1095695707995114
-0.0269259871916724 -0.1108458293105401
-0.0266593932590815 -0.1121188918637155
-0.0263954388703778 -0.1133887239118424
-0.0261340978914631 -0.114655206152717
-0.0258753444469932 -0.1159183303964371
-0.025619152917815 -0.1171779913669808
-0.0253654979384307 -0.1184340647641125
-0.0251143543944859 -0.1196865839688281
-0.024865697420283 -0.1209354529364928
-0.0246195023963198 -0.1221806254891566
-0.0243757449468513 -0.1234220292711176
-0.0241344009374766 -0.1246596053587784
-0.0238954464727491 -0.1258933201720664
-0.023658857893811 -0.1271231105643542
-0.0234246117760505 -0.1283489329048862
-0.0231926849267826 -0.1295707137197651
-0.0229630543829531 -0.1307884344541442
-0.0227356974088645 -0.132002032005453
-0.0225105914939252 -0.1332114600310508
-0.022287714350421 -0.1344166678338963
-0.0220670439113079 -0.1356176073753946
-0.0218485583280276 -0.1368142238050414
-0.0216322359683442 -0.1380064736737198
-0.0214180554142022 -0.1391943047831712
-0.0212059954596061 -0.1403776544186776
-0.0209960351085209 -0.1415565054615758
-0.020788153572793 -0.1427307425742315
-0.0205823302700921 -0.1439003684938056
-0.0203785448218733 -0.1450653071966398
-0.0201767770513597 -0.1462254815853384
-0.0199770069815443 -0.1473808645346454
-0.0197792148332122 -0.1485313688967995
-0.0195833810229823 -0.1496769432712509
-0.0193894861613687 -0.1508175392752095
-0.0191975110508601 -0.1519530717966795
-0.0190074366840199 -0.1530834940227382
-0.0188192442416038 -0.1542087268805655
-0.0186329150906968 -0.155328712447502
-0.0184484307828682 -0.1564433826072958
-0.0182657730523447 -0.1575526772939692
-0.0180849238142027 -0.1586565138270727
-0.0179058651625769 -0.1597548231249435
-0.017728579368888 -0.1608475537486742
-0.0175530488800872 -0.1619346396431076
-0.017379256316918 -0.1630160047822496
-0.017207184472196 -0.164091584327953
-0.017036816309105 -0.1651613153532003
-0.0168681349595099 -0.1662251333290989
-0.016701123722287 -0.1672829741550602
-0.0165357660616703 -0.1683347768089103
-0.0163720456056142 -0.1693804793160306
-0.0162099461441724 -0.1704200325247036
-0.0160494516278935 -0.1714533674734749
-0.0158905461662312 -0.1724804360529067
-0.0157332140259715 -0.1735011879356609
-0.0155774396296747 -0.1745155581606449
-0.0154232075541334 -0.1755234933006511
-0.0152705025288449 -0.176524973123241
-0.0151193094344999 -0.1775199694122683
-0.0149696133014851 -0.1785083927924388
-0.0148213993084011 -0.1794902063579722
-0.0146746527805951 -0.1804653972860834
-0.014529359188708 -0.18143393174114
-0.0143855041472357 -0.1823957373146963
-0.0142430734131046 -0.1833508249026601
-0.014102052884262 -0.1842991584778836
-0.0139624285982792 -0.1852406990532413
-0.0138241867309695 -0.1861754347589061
-0.0136873135950193 -0.1871033429403251
-0.013551795638633 -0.1880243744621553
-0.0134176194441911 -0.1889385281052883
-0.0132847717269219 -0.1898458286515082
-0.013153239333586 -0.1907462105080188
-0.0130230092411743 -0.1916396713308052
-0.0128940685556181 -0.1925262077987656
-0.012766404510513 -0.1934058092353814
-0.0126400044658544 -0.1942784634330612
-0.0125148559067866 -0.1951441677817236
-0.0123909464423629 -0.1960029169799878
-0.0122682638043197 -0.1968547024611258
-0.0121467958458611 -0.1976995233099157
-0.0120265305404566 -0.1985373858446527
-0.0119074559806501 -0.1993682855897083
-0.0117895603768812 -0.2001922095854464
-0.0116728320563181 -0.2010091910342032
-0.0115572594617011 -0.2018192127720363
-0.0114428311501991 -0.2026222695694202
-0.0113295357922763 -0.2034184133137806
-0.0112173621705706 -0.2042075633114342
-0.0111062991787828 -0.2049898512378183
-0.010996335820577 -0.2057651905328428
-0.0108874612084921 -0.2065336164356121
-0.0107796645628634 -0.2072951441232173
-0.0106729352107559 -0.2080497910106545
-0.0105672625849068 -0.2087975670663116
-0.01046263622268 -0.2095384806740699
-0.0103590457650297 -0.2102725641302915
-0.010256480955475 -0.2109998157466657
-0.0101549316390841 -0.2117202683223714
-0.0100543877614694 -0.2124339327739128
-0.00995483936779152 -0.213140829664939
-0.009856276601773781 -0.2138409916449385
-0.009758689704726511 -0.2145344271002479
-0.00966206901458071 -0.2152211707311251
-0.009566404964931391 -0.2159012376925816
-0.00947168808409049 -0.2165746674997483
-0.009377908994149 -0.2172414717268423
-0.00928505841004851 -0.217901698858998
-0.00919312713866189 -0.2185553593325205
-0.00910210607788306 -0.2192024925318143
-0.0090119862157258 -0.2198431330529814
-0.008922758629431491 -0.2204773053400559
-0.008834414484585631 -0.221105054666559
-0.008746945034243199 -0.221726404826082
-0.008660341618062581 -0.2223414014138608
-0.0085745956614481 -0.2229500745576755
-0.00848969867470108 -0.2235524634460242
-0.008405642252179289 -0.2241486135314537
-0.00832241807146464 -0.2247385542291749
-0.00824001789253925 -0.2253223315882169
-0.00815843355696956 -0.2258999842194695
-0.00807765698709857 -0.226471553874864
-0.00799768018524611 -0.2270370866567772
-0.00791849523291694 -0.2275966213809705
-0.00784009429001677 -0.2281501997743677
-0.00776246959407601 -0.2286978742316737
-0.0076856134594812 -0.2292396771962893
-0.00760951827671406 -0.2297756668136055
-0.00753417651159808 -0.2303058850144842
-0.00745958070455255 -0.2308303744907005
-0.00738572346985401 -0.2313491787271122
-0.00731259749490496 -0.2318623480002263
-0.00724019553950986 -0.2323699263660431
-0.00716851043515828 -0.2328719629163352
-0.00709753508431513 -0.2333685037503945
-0.00702726245971795 -0.2338595924752966
-0.00695768560368114 -0.2343452785832388
-0.00688879762740707 -0.2348256082301697
-0.00682059171030403 -0.2353006315668296
-0.00675306109931092 -0.235770387144838
-0.00668619910822863 -0.2362349335967122
-0.00661999911705805 -0.2366943057870101
-0.0065544545713446 -0.2371485555186783
-0.00648955898152931 -0.2375977280203591
-0.00642530592230625 -0.2380418672454981
-0.00636168903198638 -0.2384810216161435
-0.00629870201186771 -0.2389152335061202
-0.00623633862561159 -0.2393445525026869
-0.00617459269862534 -0.2397690204935753
-0.00611345811745083 -0.2401886824803038
-0.00605292882915924 -0.2406035815614563
-0.00599299884075172 -0.2410137666404244
-0.00593366221856606 -0.241419274809049
-0.00587491308768917 -0.2418201506977591
-0.00581674563137541 -0.242216441341529
-0.0057591540904707 -0.2426081851547693
-0.00570213276284228 -0.2429954258930208
-0.00564567600281414 -0.2433782053564597
-0.00558977822060806 -0.2437565650100664
-0.00553443388179016 -0.2441305454242812
-0.00547963750672293 -0.2445001886439444
-0.0054253836700227 -0.2448655335471473
-0.00537166700002248 -0.2452266215110578
-0.00531848217824008 -0.2455834916743768
-0.00526582393885156 -0.2459361834436008
-0.00521368706816986 -0.2462847319203747
-0.00516206640412858 -0.2466291872808838
-0.00511095683577087 -0.2469695765643747
-0.00506035330274343 -0.2473059414735816
-0.00501025079479548 -0.2476383182820453
-0.00496064435128265 -0.247966748214866
-0.00491152906067589 -0.2482912650143642
-0.00486290006007514 -0.2486119051215773
-0.00481475253472786 -0.2489287078089815
-0.00476708171755234 -0.2492417060352763
-0.00471988288866568 -0.2495509368058725
-0.00467315137491651 -0.2498564376381141
-0.00462688254942229 -0.2501582401397935
-0.00458107183111118 -0.2504563835715791
-0.00453571468426849 -0.2507508978177168
-0.00449080661808762 -0.251041828714211
-0.00444634318622536 -0.2513291946781842
-0.00440231998636175 -0.2516130358086235
-0.00435873265976411 -0.2518933866840841
-0.00431557689085555 -0.2521702807896148
-0.00427284840678767 -0.2524437424944082
-0.0042305429770175 -0.2527138314283431
-0.00418865641288861 -0.2529805538498829
-0.00414718456721645 -0.2532439511544076
-0.00410612333387767 -0.2535040557246935
-0.00406546864740364 -0.2537608997215484
-0.00402521648257786 -0.2540145158499281
-0.00398536285403748 -0.2542649255306512
-0.0039459038158787 -0.2545121799453949
-0.00390683546126603 -0.2547562986527986
-0.00386815392204558 -0.2549973146421573
-0.00382985536836196 -0.2552352597097979
-0.00379193600827917 -0.2554701642593912
-0.00375439208740512 -0.2557020574328112
-0.00371721988851992 -0.2559309698159071
-0.00368041573120784 -0.2561569341457919
-0.00364397597149291 -0.2563799777922753
-0.00360789700147813 -0.2566001315820904
-0.00357217524898825 -0.2568174242053514
-0.00353680717721609 -0.2570318871927986
-0.00350178928437236 -0.25724354889358
-0.00346711810333897 -0.2574524385050884
-0.00343279020132572 -0.2576585776884605
-0.00339880217953041 -0.2578620176589753
-0.00336515067280239 -0.2580627639815912
-0.00333183234930929 -0.2582608534428716
-0.00329884391020722 -0.2584563146504538
-0.00326618208931408 -0.2586491746226996
-0.00323384365278622 -0.2588394619186305
-0.00320182539879824 -0.2590272037854634
-0.00317012415722598 -0.2592124290074216
-0.00313873678933265 -0.259395165059587
-0.00310766018745807 -0.2595754378629565
-0.00307689127471096 -0.2597532759570432
-0.00304642700466432 -0.2599287052955193
-0.00301626436105378 -0.2601017530928527
-0.00298640035747899 -0.2602724458766581
-0.00295683203710791 -0.260440809585169
-0.00292755647238407 -0.2606068729497908
-0.0028985707647367 -0.2607706574476942
-0.00286987204429376 -0.2609321918492901
-0.00284145746959779 -0.2610915052325168
-0.00281332422732454 -0.2612486179697439
-0.0027854695320045 -0.2614035573597475
-0.00275789062574703 -0.2615563480775452
-0.00273058477796735 -0.261707016622885
-0.00270354928511619 -0.2618555866702788
-0.00267678147041207 -0.2620020832413133
-0.00265027868357631 -0.262146530919658
-0.0026240383005706 -0.2622889540420826
-0.00259805772333723 -0.2624293767903158
-0.00257233437954181 -0.2625678228419235
-0.00254686572231862 -0.2627043166716236
-0.00252164923001844 -0.2628388815965541
-0.00249668240595885 -0.2629715410791895
-0.00247196277817708 -0.2631023184006646
-0.00244748789918523 -0.2632312366602062
-0.00242325534572795 -0.2633583187639897
-0.00239926271854252 -0.2634835874670214
-0.00237550764212131 -0.2636070653089556
-0.00235198776447654 -0.2637287746560612
-0.00232870075690747 -0.2638487376901568
-0.00230564431376977 -0.2639669764081436
-0.0022828161522473 -0.2640835126216172
-0.00226021401212604 -0.2641983679564466
-0.00223783565557034 -0.2643115638524491
-0.00221567886690132 -0.264423121563067
-0.00219374145237755 -0.2645330621550712
-0.00217202123997777 -0.2646414065083657
-0.00215051607918591 -0.2647481753158052
-0.00212922384077813 -0.2648533890832217
-0.00210814241661201 -0.2649570681297181
-0.00208726971941783 -0.2650592313634966
-0.00206660368259191 -0.2651599008090785
-0.00204614225999199 -0.2652590966904601
-0.00202588342573464 -0.2653568366441796
-0.0020058251739947 -0.2654531406777169
-0.00198596551880663 -0.2655480275608817
-0.00196630249386795 -0.2656415166885299
-0.00194683415234451 -0.2657336263575636
-0.00192755856667773 -0.265824376484316
-0.00190847382839379 -0.2659137838093103
-0.00188957804791465 -0.2660018688323454
-0.00187086935437094 -0.2660886470797507
-0.00185234589541677 -0.266174138025378
-0.0018340058370463 -0.2662583589793229
-0.00181584736341218 -0.2663413274421561
-0.00179786867664573 -0.2664230608973353
-0.00178006799667894 -0.2665035761527675
-0.00176244356106825 -0.2665828903250534
-0.00174499362482005 -0.266661020178558
-0.00172771646021787 -0.2667379822880243
-0.00171061035665136 -0.2668137930649791
-0.00169367362044689 -0.2668884687190718
-0.00167690457469989 -0.2669620252848062
-0.00166030155910881 -0.2670344786156187
-0.0016438629298107 -0.2671058443845549
-0.00162758705921851 -0.2671761380849534
-0.00161147233585991 -0.2672453750312366
-0.00159551716421774 -0.2673135703596506
-0.00157971996457202 -0.2673807390290812
-0.00156407917284358 -0.267446895821851
-0.00154859324043919 -0.2675120553836188
-0.00153326063409821 -0.267576232067629
-0.0015180798357408 -0.2676394402651279
-0.00150304934231762 -0.2677016938679603
-0.00148816766566101 -0.2677630068759
-0.00147343333233764 -0.2678233931791865
-0.00145884488350261 -0.2678828661980209
-0.00144440087475506 -0.2679414393029442
-0.00143009987599511 -0.2679991260534107
-0.00141594047128228 -0.2680559388856238
-0.00140192125869533 -0.2681118911431893
-0.0013880408501934 -0.2681669955247858
-0.00137429787147861 -0.2682212645981689
-0.00136069096186001 -0.2682747107765557
-0.00134721877411882 -0.2683273463151233
-0.00133387997437507 -0.2683791833110888
-0.00132067324195552 -0.2684302336805519
-0.00130759726926289 -0.268480509258072
-0.00129465076164642 -0.2685300216558968
-0.00128183243727369 -0.268578782382193
-0.00126914102700365 -0.2686268030469784
-0.00125657527426104 -0.2686740932591987
-0.00124413393491192 -0.2687206658309882
-0.00123181577714052 -0.2687665313509771
-0.00121961958132724 -0.2688117001739874
-0.00120754413992796 -0.2688561829180908
-0.00119558825735442 -0.2688999900242735
-0.00118375074985586 -0.2689431317827396
-0.00117203044540184 -0.2689856183391127
-0.00116042618356618 -0.2690274596972055
-0.00114893681541206 -0.2690686657209085
-0.00113756120337828 -0.2691092461357815
-0.00112629822116661 -0.2691492105305572
-0.00111514675363031 -0.269188568358564
-0.00110410569666367 -0.2692273289391374
-0.00109317395709274 -0.2692655014589964
-0.00108235045256707 -0.2693030949735821
-0.00107163411145255 -0.2693401184082991
-0.00106102387272529 -0.2693765805595645
-0.00105051868586663 -0.269412490095308
-0.00104011751075904 -0.2694478555535086
-0.00102981931758321 -0.2694826853318729
-0.00101962308671605 -0.2695169881701805
-0.00100952780862975 -0.2695507715300641
-0.00099953248379183 -0.2695840437911547
-0.0009896361225661681 -0.2696168129379095
-0.000979837745115018 -0.2696490866067182
-0.000970136381301998 -0.2696808726701684
-0.000960531070596037 -0.2697121787022307
-0.000951020861976275 -0.2697430121761706
-0.000941604813837896 -0.2697733804573229
-0.0009322819938989071 -0.2698032908022525
-0.000923051479107828 -0.2698327503588334
-0.000913912355552305 -0.2698617661693499
-0.000904863718368619 -0.2698903451686273
-0.000895904671652098 -0.269918494187353
-0.000887034328368414 -0.2699462199528574
-0.000878251810265756 -0.2699735290904122
-0.000869556247787878 -0.2700004281245549
-0.000860946779987997 -0.2700269234803603
-0.0008524225544435619 -0.2700530214847561
-0.000843982727171843 -0.2700787283678128
-0.00083562646254638 -0.2701040502640117
-0.000827352933214237 -0.2701289932135156
-0.000819161320014096 -0.2701535631431735
-0.000811050811895145 -0.2701777659485583
-0.000803020605836777 -0.2702016073742988
-0.000795069906769086 -0.2702250930958592
-0.000787197927494145 -0.270248228700598
-0.000779403888608064 -0.2702710196890019
-0.000771687018423826 -0.2702934714758758
-0.000764046552894877 -0.2703155893915447
-0.000756481735539482 -0.2703373786830245
-0.000748991817365824 -0.2703588445152049
-0.000741576056797845 -0.2703799919720075
-0.000734233719601827 -0.2704008260575294
-0.00072696407881369 -0.2704213516971814
-0.00071976641466702 -0.2704415737388269
-0.000712640014521802 -0.2704614969538778
-0.000705584172793863 -0.2704811260389272
-0.000698598190885013 -0.2705004656147976
-0.000691681377113875 -0.2705195202306871
-0.0006848330466474 -0.27053829436321
-0.00067805252143307 -0.2705567924180236
-0.000671339130131752 -0.2705750187306263
-0.00066469220805124 -0.2705929775716345
-0.000658111097080435 -0.2706106717095017
-0.0006515951456241939 -0.2706281092910899
-0.000645143708538805 -0.270645290791697
-0.000638756147068124 -0.2706622211844251
-0.000632431828780321 -0.2706789041396466
-0.000626170127505268 -0.2706953444198777
-0.000619970423272543 -0.2707115444911816
-0.000613832102250043 -0.2707275091715433
-0.00060775455668321 -0.270743241840142
-0.000601737184834862 -0.2707587461264362
-0.000595779390925606 -0.2707740256030307
-0.000589880585074857 -0.2707890837853474
-0.000584040183242433 -0.270803924132336
-0.000578257607170726 -0.2708185500472942
-0.000572532284327451 -0.2708329648787202
-0.000566863647848961 -0.2708471719211418
-0.00056125113648412 -0.2708611744159589
-0.000555694194538733 -0.2708749755522702
-0.000550192271820528 -0.2708885784676853
-0.000544744823584681 -0.2709019862491301
-0.000539351310479882 -0.2709152019336526
-0.000534011198494933 -0.2709282285091933
-0.000528723958905874 -0.2709410689153645
-0.0005234890682236369 -0.2709537260442191
-0.000518306008142215 -0.270966202740996
-0.000513174265487342 -0.2709785018048724
-0.000508093332165685 -0.2709906259896773
-0.00050306270511454 -0.2710025780046357
-0.0004980818862520199 -0.2710143605150682
-0.000493150382427742 -0.2710259761430899
-0.000488267705374002 -0.2710374274683132
-0.000483433371657428 -0.2710487170285206
-0.000478646902631117 -0.2710598473203352
-0.000473907824387244 -0.2710708207998888
-0.000469215667710143 -0.2710816398834768
-0.000464569968029844 -0.2710923069481863
-0.000459970265376083 -0.2711028243325467
-0.000455416104332756 -0.2711131943325574
-0.000450907033992828 -0.2711234192206622
-0.000446442607913691 -0.2711335012188072
-0.000442022384072961 -0.271143442517412
-0.000437645924824714 -0.2711532452713548
-0.000433312796856152 -0.2711629116005685
-0.000429022571144705 -0.2711724435905845
-0.00042477482291555 -0.2711818432931173
-0.000420569131599554 -0.2711911127266165
-0.000416405080791638 -0.2712002538767804
-0.000412282258209542 -0.2712092686971385
-0.000408200255653012 -0.2712181591095544
-0.000404158668963379 -0.2712269270047293
-0.000400157097983543 -0.2712355742427496
-0.00039619514651836 -0.2712441026417992
-0.000392272422295405 -0.2712525140257502
-0.000388388536926144 -0.2712608101539929
-0.000384543105867469 -0.2712689927690481
-0.000380735748383633 -0.2712770635852201
-0.000376966087508547 -0.2712850242891183
-0.000373233750008463 -0.2712928765400656
-0.000369538366345013 -0.2713006219705689
-0.000365879570638626 -0.2713082621867641
-0.000362257000632303 -0.2713157987688525
-0.000358670297655746 -0.2713232332715251
-0.000355119106589847 -0.27133056722439
-0.000351603075831532 -0.2713378021323758
-0.000348121857258943 -0.2713449394761394
-0.000344675106196973 -0.2713519807124784
-0.000341262481383142 -0.2713589272746367
-0.000337883644933803 -0.2713657805726415
-0.000334538262310697 -0.2713725420045773
-0.000331226002287818 -0.2713792128996357
-0.000327946536918632 -0.2713857946735951
-0.000324699541503596 -0.2713922885633019
-0.000321484694558016 -0.2713986959157735
-0.000318301677780214 -0.2714050180043579
-0.000315150176020014 -0.2714112560874464
-0.000312029877247538 -0.2714174114038529
-0.000308940472522315 -0.2714234851727091
-0.000305881655962688 -0.2714294785936883
-0.000302853124715533 -0.2714353928473104
-0.00029985457892627 -0.2714412290952512
-0.000296885721709178 -0.271446988480642
-0.000293946259117998 -0.2714526721283925
-0.00029103590011683 -0.2714582811454833
-0.000288154356551317 -0.2714638166212615
-0.000285301343120116 -0.2714692796277444
-0.000282476577346649 -0.2714746712199037
-0.000279679779551138 -0.2714799924359494
-0.000276910672822909 -0.271485244297611
-0.000274168982992979 -0.2714904278104129
-0.00027145443860691 -0.2714955439639383
-0.00026876677089793 -0.2715005937321069
-0.000266105713760327 -0.2715055780734285
-0.000263471003723096 -0.2715104979312606
-0.000260862379923858 -0.271515354234062
-0.000258279584083027 -0.2715201478956409
-0.000255722360478245 -0.2715248798154019
-0.000253190455919054 -0.2715295508785733
-0.000250683619721836 -0.2715341619564141
-0.000248201603684986 -0.2715387139082476
-0.000245744162064343 -0.2715432075738247
-0.000243311051548854 -0.2715476437879495
-0.000240902031236489 -0.2715520233673981
-0.000238516862610385 -0.2715563471172116
-0.000236155309515233 -0.2715606158298657
-0.000233817138133894 -0.2715648302854559
-0.000231502116964252 -0.2715689912518992
-0.000229210016796289 -0.2715730994851422
-0.000226940610689395 -0.2715771557293557
-0.000224693673949896 -0.271581160717128
-0.000222468984108808 -0.2715851151696638
-0.00022026632089981 -0.2715890197969683
-0.000218085466237435 -0.2715928752980376
-0.000215926204195481 -0.2715966823610293
-0.000213788320985624 -0.2716004416634645
-0.000211671604936262 -0.2716041538723835
-0.000209575846471546 -0.2716078196445287
-0.00020750083809064 -0.2716114396265115
-0.000205446374347168 -0.2716150144549929
-0.000203412251828879 -0.2716185447568202
-0.000201398269137504 -0.2716220311492208
-0.000199404226868816 -0.2716254742399433
-0.000197429927592887 -0.2716288746274167
-0.000195475175834542 -0.2716322329009074
-0.000193539778054002 -0.2716355496406701
-0.000191623542627725 -0.2716388254180888
-0.00018972627982943 -0.2716420607958383
-0.000187847801811317 -0.2716452563280136
-0.000185987922585462 -0.2716484125602757
-0.000184146458005408 -0.2716515300299951
-0.000182323225747929 -0.2716546092663785
-0.000180518045294979 -0.2716576507906174
-0.000178730737915821 -0.2716606551159998
-0.000176961126649328 -0.2716636227480571
-0.000175209036286463 -0.2716665541846892
-0.000173474293352934 -0.2716694499162762
-0.000171756726092014 -0.2716723104258162
-0.000170056164447538 -0.2716751361890414
-0.000168372440047068 -0.2716779276745304
-0.000166705386185215 -0.2716806853438441
-0.000165054837807144 -0.2716834096516099
-0.000163420631492222 -0.2716861010456637
-0.000161802605437843 -0.2716887599671456
-0.000160200599443409 -0.2716913868506106
-0.000158614454894465 -0.2716939821241425
-0.000157044014746995 -0.2716965462094419
-0.000155489123511876 -0.2716990795219564
-0.000153949627239481 -0.2717015824709639
-0.000152425373504437 -0.2717040554596661
-0.000150916211390531 -0.2717064988853093
-0.000149421991475774 -0.27170891313926
-0.000147942565817598 -0.2717112986071188
-0.000146477787938216 -0.2717136556687901
-0.000145027512810114 -0.2717159846985968
-0.000143591596841697 -0.271718286065355
-0.000142169897863067 -0.2717205601324814
-0.000140762275111947 -0.2717228072580484
-0.00013936858921975 -0.2717250277948984
-0.000137988702197772 -0.2717272220907234
-0.000136622477423537 -0.2717293904881367
-0.000135269779627264 -0.2717315333247506
-0.000133930474878479 -0.2717336509332878
-0.000132604430572752 -0.2717357436416301
-0.000131291515418566 -0.27173781177289
-0.000129991599424323 -0.2717398556455289
-0.000128704553885468 -0.2717418755733855
-0.000127430251371751 -0.2717438718658037
-0.000126168565714605 -0.2717458448277345
-0.000124919371994658 -0.27174779476052
-0.000123682546529364 -0.2717497219532543
-0.000122457966860757 -0.2717516267101646
-0.000121245511743324 -0.2717535093112093
-0.000120045061132003 -0.271755370041189
-0.0001188564961703 -0.2717572091797506
-0.000117679699178515 -0.2717590270024812
-0.000116514553642094 -0.2717608237810135
-0.000115360944200093 -0.2717625997831093
-0.000114218756633756 -0.2717643552727293
-0.000113087877855204 -0.2717660905100859
-0.000111968195896241 -0.2717678057517104
-0.000110859599897269 -0.2717695012505011
-0.000109761980096306 -0.2717711772557937
-0.000108675227818124 -0.2717728340134116
-0.00010759923546349 -0.2717744717657047
-0.000106533896498505 -0.2717760907516367
-0.000105479105444064 -0.2717776912068069
-0.00010443475786541 -0.271779273363519
-0.000103400750361792 -0.2717808374508283
-0.00010237698055623 -0.2717823836945937
-0.000101363347085376 -0.2717839123175201
-0.000100359749589481 -0.2717854235392203
-9.93660887024564e-05 -0.2717869175762514
-9.838226604203611e-05 -0.2717883946421631
-9.74081842000357e-05 -0.2717898549475556
-9.64437467327086e-05 -0.2717912987001047
-9.548885815119661e-05 -0.2717927261046283
-9.45434239120759e-05 -0.2717941373631157
-9.36073504079959e-05 -0.2717955326747765
-9.26805449584118e-05 -0.2717969122360834
-9.17629158004077e-05 -0.2717982762408099
-9.08543720796116e-05 -0.2717996248800808
-8.995482384119961e-05 -0.2718009583424
-8.90641820209897e-05 -0.2718022768136987
-8.81823584366235e-05 -0.2718035804773795
-8.730926577883521e-05 -0.2718048695143364
-8.64448176028071e-05 -0.2718061441030153
-8.5588928319611e-05 -0.2718074044194353
-8.474151318773359e-05 -0.2718086506372289
-8.39024883046868e-05 -0.2718098829276834
-8.307177059869981e-05 -0.2718111014597747
-8.22492778204948e-05 -0.2718123064001898
-8.143492853514339e-05 -0.2718134979133836
-8.062864211400339e-05 -0.2718146761615941
-7.9830338726736e-05 -0.2718158413048819
-7.9039939333402e-05 -0.2718169935011654
-7.82573656766356e-05 -0.2718181329062449
-7.74825402738966e-05 -0.2718192596738491
-7.671538640979859e-05 -0.2718203739556446
-7.59558281285135e-05 -0.2718214759012902
-7.5203790226251e-05 -0.2718225656584455
-7.44591982438129e-05 -0.2718236433728161
-7.37219784592207e-05 -0.2718247091881741
-7.299205788041651e-05 -0.2718257632463911
-7.22693642380361e-05 -0.2718268056874602
-7.155382597825361e-05 -0.2718278366495371
-7.084537225569659e-05 -0.2718288562689439
-7.01439329264323e-05 -0.2718298646802273
-6.944943854102211e-05 -0.2718308620161503
-6.876182033764561e-05 -0.2718318484077553
-6.80810102352927e-05 -0.2718328239843501
-6.74069408270225e-05 -0.2718337888735621
-6.673954537328961e-05 -0.2718347432013568
-6.607875779533621e-05 -0.271835687092058
-6.54245126686497e-05 -0.2718366206683628
-6.477674521648491e-05 -0.2718375440513882
-6.41353913034504e-05 -0.2718384573606747
-6.350038742915879e-05 -0.2718393607142154
-6.28716707219394e-05 -0.2718402542284765
-6.22491789326132e-05 -0.2718411380184255
-6.16328504283299e-05 -0.2718420121975501
-6.10226241864653e-05 -0.2718428768778708
-6.04184397885795e-05 -0.2718437321699732
-5.98202374144351e-05 -0.2718445781830272
-5.92279578360744e-05 -0.2718454150248037
-5.86415424119548e-05 -0.2718462428016879
-5.80609330811434e-05 -0.2718470616187188
-5.74860723575677e-05 -0.2718478715795891
-5.69169033243245e-05 -0.2718486727866727
-5.6353369628044e-05 -0.2718494653410458
-5.57954154733109e-05 -0.2718502493424967
-5.52429856171395e-05 -0.2718510248895554
-5.46960253635045e-05 -0.2718517920795005
-5.41544805579252e-05 -0.2718525510083855
-5.36182975821042e-05 -0.2718533017710481
-5.3087423348618e-05 -0.2718540444611376
-5.25618052956614e-05 -0.2718547791711197
-5.2041391381843e-05 -0.2718555059923004
-5.15261300810327e-05 -0.2718562250148467
-5.10159703772601e-05 -0.271856936327792
-5.05108617596634e-05 -0.2718576400190531
-5.00107542174885e-05 -0.2718583361754573
-4.95155982351372e-05 -0.2718590248827463
-4.90253447872645e-05 -0.2718597062255927
-4.85399453339253e-05 -0.2718603802876175
-4.80593518157676e-05 -0.2718610471514122
-4.75835166492748e-05 -0.2718617068985328
-4.71123927220543e-05 -0.271862359609529
-4.66459333881726e-05 -0.2718630053639582
-4.61840924635372e-05 -0.2718636442404055
-4.5726824221324e-05 -0.2718642763164671
-4.52740833874495e-05 -0.2718649016688046
-4.48258251360886e-05 -0.2718655203731204
-4.43820050852362e-05 -0.2718661325042039
-4.39425792923131e-05 -0.2718667381359213
-4.35075042498149e-05 -0.271867337341231
-4.30767368810049e-05 -0.2718679301922076
-4.26502345356484e-05 -0.2718685167600455
-4.22279549857905e-05 -0.2718690971150662
-4.18098564215747e-05 -0.2718696713267111
-4.13958974471037e-05 -0.2718702394637252
-4.09860370763403e-05 -0.2718708015937586
-4.05802347290498e-05 -0.2718713577838486
-4.0178450226782e-05 -0.2718719081001432
-3.97806437888931e-05 -0.2718724526080185
-3.9386776028607e-05 -0.2718729913720455
-3.89968079491158e-05 -0.27187352445602
-3.86107009397186e-05 -0.2718740519229701
-3.82284167719987e-05 -0.2718745738351726
-3.78499175960383e-05 -0.271875090254146
-3.74751659366716e-05 -0.2718756012406869
-3.71041246897738e-05 -0.2718761068548521
-3.67367571185879e-05 -0.2718766071559806
-3.63730268500871e-05 -0.2718771022027164
-3.60128978713733e-05 -0.2718775920529864
-3.56563345261122e-05 -0.2718780767640409
-3.53033015110022e-05 -0.2718785563924447
-3.49537638722794e-05 -0.2718790309940966
-3.46076870022568e-05 -0.2718795006242167
-3.42650366358979e-05 -0.2718799653373963
-3.39257788474236e-05 -0.2718804251875597
-3.35898800469541e-05 -0.2718808802280028
-3.32573069771823e-05 -0.271881330511395
-3.29280267100814e-05 -0.2718817760897778
-3.2602006643645e-05 -0.271882217014588
-3.22792144986584e-05 -0.2718826533366558
-3.19596183155034e-05 -0.2718830851062098
-3.16431864509934e-05 -0.2718835123728974
-3.1329887575241e-05 -0.271883935185777
-3.10196906685555e-05 -0.2718843535933417
-3.07125650183718e-05 -0.2718847676435159
-3.04084802162097e-05 -0.2718851773836576
-3.0107406154663e-05 -0.2718855828605785
-2.98093130244188e-05 -0.2718859841205536
-2.95141713113058e-05 -0.2718863812093029
-2.92219517933721e-05 -0.2718867741720311
-2.89326255379921e-05 -0.2718871630534067
-2.86461638990021e-05 -0.2718875478975936
-2.83625385138635e-05 -0.2718879287482315
-2.80817213008549e-05 -0.2718883056484689
-2.7803684456292e-05 -0.2718886786409414
-2.75284004517743e-05 -0.2718890477678108
-2.72558420314597e-05 -0.2718894130707359
-2.6985982209366e-05 -0.27188977459091
-2.6718794266699e-05 -0.2718901323690479
-2.64542517492069e-05 -0.2718904864453945
-2.61923284645613e-05 -0.2718908368597396
-2.59329984797637e-05 -0.2718911836514108
-2.56762361185779e-05 -0.2718915268592844
-2.5422015958988e-05 -0.2718918665218074
-2.51703128306812e-05 -0.2718922026769788
-2.49211018125557e-05 -0.2718925353623532
-2.46743582302531e-05 -0.2718928646150767
-2.4430057653716e-05 -0.2718931904718576
-2.41881758947683e-05 -0.2718935129689983
-2.39486890047211e-05 -0.2718938321423816
-2.37115732720011e-05 -0.2718941480274958
-2.3476805219803e-05 -0.2718944606594081
-2.32443616037654e-05 -0.2718947700728056
-2.30142194096687e-05 -0.2718950763019728
-2.27863558511571e-05 -0.2718953793808203
-2.25607483674823e-05 -0.2718956793428519
-2.23373746212696e-05 -0.2718959762212229
-2.21162124963065e-05 -0.2718962700486987
-2.1897240095353e-05 -0.2718965608576662
-2.16804357379733e-05 -0.2718968486801995
-2.14657779583894e-05 -0.2718971335479379
-2.12532455033558e-05 -0.27189741549228
-2.10428173300553e-05 -0.2718976945442604
-2.08344726040151e-05 -0.271897970731296
-2.06281906970447e-05 -0.2718982440917612
-2.04239511851927e-05 -0.2718985146486085
-2.02217338467255e-05 -0.2718987824332976
-2.00215186601242e-05 -0.2718990474752193
-1.98232858021032e-05 -0.2718993098033469
-1.96270156456467e-05 -0.2718995694463021
-1.94326887580661e-05 -0.2718998264324058
-1.92402858990753e-05 -0.2719000807896558
-1.90497880188865e-05 -0.271900332545746
-1.88611762563232e-05 -0.2719005817280632
-1.86744319369537e-05 -0.2719008283636759
-1.84895365712413e-05 -0.2719010724793801
-1.83064718527141e-05 -0.271901314101645
-1.81252196561526e-05 -0.2719015532566652
-1.79457620357947e-05 -0.2719017899703525
-1.77680812235591e-05 -0.2719020242683165
-1.75921596272862e-05 -0.2719022561758931
-1.74179798289962e-05 -0.2719024857181402
-1.72455245831646e-05 -0.271902712919838
-1.70747768150145e-05 -0.2719029378054966
-1.69057196188262e-05 -0.2719031603993522
-1.67383362562636e-05 -0.2719033807253862
-1.65726101547164e-05 -0.2719035988073033
-1.64085249056598e-05 -0.2719038146685591
-1.62460642630295e-05 -0.2719040283323508
-1.60852121416134e-05 -0.271904239821618
-1.59259526154588e-05 -0.2719044491590528
-1.57682699162958e-05 -0.271904656367099
-1.56121484319761e-05 -0.2719048614679584
-1.54575727049268e-05 -0.2719050644835892
-1.53045274306206e-05 -0.2719052654357083
-1.515299745606e-05 -0.2719054643457979
-1.50029677782772e-05 -0.2719056612351095
-1.48544235428487e-05 -0.2719058561246621
-1.47073500424245e-05 -0.2719060490352439
-1.45617327152718e-05 -0.2719062399874219
-1.44175571438334e-05 -0.2719064290015413
-1.42748090533004e-05 -0.2719066160977202
-1.41334743101984e-05 -0.2719068012958638
-1.39935389209886e-05 -0.2719069846156665
-1.38549890306817e-05 -0.2719071660766025
-1.37178109214671e-05 -0.2719073456979373
-1.35819910113535e-05 -0.2719075234987358
-1.34475158528253e-05 -0.2719076994978452
-1.33143721315102e-05 -0.271907873713921
-1.31825466648616e-05 -0.2719080461654132
-1.3052026400853e-05 -0.2719082168705695
-1.29227984166862e-05 -0.2719083858474534
-1.27948499175111e-05 -0.2719085531139198
-1.26681682351595e-05 -0.2719087186876448
-1.25427408268906e-05 -0.2719088825861062
-1.24185552741491e-05 -0.2719090448265986
-1.22955992813357e-05 -0.2719092054262326
-1.21738606745898e-05 -0.2719093644019286
-1.2053327400584e-05 -0.271909521770437
-1.19339875253307e-05 -0.2719096775483196
-1.18158292330007e-05 -0.2719098317519704
-1.16988408247531e-05 -0.2719099843975974
-1.15830107175774e-05 -0.2719101355012445
-1.14683274431459e-05 -0.2719102850787832
-1.13547796466791e-05 -0.2719104331459132
-1.12423560858209e-05 -0.2719105797181692
-1.11310456295256e-05 -0.2719107248109193
-1.10208372569561e-05 -0.2719108684393716
-1.09117200563922e-05 -0.2719110106185667
-1.08036832241506e-05 -0.2719111513633901
-1.06967160635155e-05 -0.2719112906885713
-1.05908079836787e-05 -0.2719114286086761
-1.04859484986918e-05 -0.2719115651381239
-1.03821272264275e-05 -0.2719117002911774
-1.0279333887552e-05 -0.2719118340819467
-1.01775583045069e-05 -0.2719119665243981
-1.00767904005019e-05 -0.2719120976323439
-9.977020198516739e-06 -0.2719122274194549
-9.878237820313601e-06 -0.2719123558992593
-9.780433485459009e-06 -0.2719124830851362
-9.68359751035546e-06 -0.2719126089903244
-9.587720307282629e-06 -0.2719127336279332
-9.492792383448151e-06 -0.2719128570109206
-9.39880434004767e-06 -0.2719129791521145
-9.30574687133433e-06 -0.2719131000642087
-9.21361076369735e-06 -0.2719132197597625
-9.12238689474986e-06 -0.2719133382512002
-9.0320662324256e-06 -0.2719134555508199
-8.942639834084751e-06 -0.2719135716707872
-8.85409884562847e-06 -0.2719136866231452
-8.76643450062225e-06 -0.2719138004198032
-8.679638119427971e-06 -0.271913913072551
-8.593701108344519e-06 -0.271914024593054
-8.508614958756951e-06 -0.2719141349928506
-8.42437124629401e-06 -0.2719142442833708
-8.34096162999407e-06 -0.2719143524759071
-8.25837785147928e-06 -0.2719144595816507
-8.1766117341379e-06 -0.2719145656116655
-8.09565518231475e-06 -0.2719146705769062
-8.01550018050966e-06 -0.2719147744882069
-7.93613879258382e-06 -0.2719148773562907
-7.85756316097408e-06 -0.2719149791917722
-7.77976550591493e-06 -0.2719150800051542
-7.702738124668249e-06 -0.2719151798068274
-7.62647339076064e-06 -0.2719152786070732
-7.55096375322836e-06 -0.2719153764160726
-7.47620173586966e-06 -0.2719154732438935
-7.40217993650461e-06 -0.2719155691005017
-7.32889102624219e-06 -0.2719156639957646
-7.25632774875465e-06 -0.271915757939436
-7.18448291955906e-06 -0.2719158509411791
-7.113349425306e-06 -0.2719159430105482
-7.04292022307524e-06 -0.2719160341570074
-6.97318833967846e-06 -0.2719161243899125
-6.90414687096877e-06 -0.2719162137185285
-6.8357889811572e-06 -0.2719163021520282
-6.76810790213584e-06 -0.271916389699479
-6.70109693280776e-06 -0.2719164763698602
-6.63474943842353e-06 -0.2719165621720609
-6.56905884992428e-06 -0.2719166471148728
-6.50401866329137e-06 -0.2719167312069992
-6.43962243890235e-06 -0.2719168144570533
-6.37586380089341e-06 -0.2719168968735598
-6.31273643652813e-06 -0.2719169784649532
-6.25023409557241e-06 -0.2719170592395817
-6.18835058967565e-06 -0.2719171392057118
-6.12707979175807e-06 -0.2719172183715158
-6.06641563540403e-06 -0.2719172967450914
-6.00635211426141e-06 -0.2719173743344444
-5.94688328144694e-06 -0.2719174511475027
-5.88800324895737e-06 -0.2719175271921136
-5.82970618708651e-06 -0.2719176024760389
-5.77198632384803e-06 -0.2719176770069639
-5.71483794440399e-06 -0.2719177507924944
-5.658255390499e-06 -0.2719178238401596
-5.6022330599e-06 -0.2719178961574055
-5.54676540584158e-06 -0.2719179677516082
-5.49184693647681e-06 -0.2719180386300634
-5.43747221433348e-06 -0.2719181087999917
-5.38363585577572e-06 -0.271918178268544
-5.33033253047101e-06 -0.2719182470427962
-5.27755696086239e-06 -0.271918315129749
-5.22530392164593e-06 -0.2719183825363307
-5.17356823925339e-06 -0.271918449269403
-5.12234479133999e-06 -0.2719185153357531
-5.07162850627722e-06 -0.2719185807421023
-5.02141436265071e-06 -0.2719186454951023
-4.97169738876308e-06 -0.2719187096013321
-4.92247266214166e-06 -0.2719187730673071
-4.87373530905115e-06 -0.2719188358994774
-4.82548050401104e-06 -0.2719188981042244
-4.77770346931786e-06 -0.2719189596878632
-4.73039947457214e-06 -0.271919020656649
-4.68356383621004e-06 -0.271919081016768
-4.63719191703965e-06 -0.2719191407743498
-4.59127912578183e-06 -0.2719191999354489
-4.54582091661567e-06 -0.2719192585060737
-4.50081278872839e-06 -0.2719193164921593
-4.45625028586969e-06 -0.2719193738995856
-4.41212899591058e-06 -0.2719194307341711
-4.36844455040652e-06 -0.271919487001675
-4.32519262416487e-06 -0.2719195427078007
-4.2823689348167e-06 -0.2719195978581861
-4.23996924239277e-06 -0.2719196524584183
-4.19798934890374e-06 -0.2719197065140266
-4.15642509792449e-06 -0.2719197600304796
-4.11527237418267e-06 -0.2719198130131973
-4.07452710315115e-06 -0.2719198654675349
-4.03418525064471e-06 -0.2719199173988037
-3.9942428224205e-06 -0.2719199688122557
-3.95469586378268e-06 -0.271920019713085
-3.91554045919077e-06 -0.2719200701064421
-3.87677273187205e-06 -0.2719201199974198
-3.83838884343767e-06 -0.2719201693910573
-3.80038499350264e-06 -0.2719202182923474
-3.76275741930955e-06 -0.2719202667062323
-3.72550239535599e-06 -0.2719203146375946
-3.68861623302573e-06 -0.2719203620912806
-3.6520952802235e-06 -0.2719204090720769
-3.61593592101336e-06 -0.2719204555847287
-3.58013457526076e-06 -0.2719205016339285
-3.54468769827798e-06 -0.2719205472243226
-3.50959178047324e-06 -0.2719205923605088
-3.47484334700321e-06 -0.2719206370470447
-3.44043895742892e-06 -0.2719206812884304
-3.40637520537517e-06 -0.2719207250891304
-3.37264871819324e-06 -0.2719207684535619
-3.33925615662697e-06 -0.2719208113860894
-3.30619421448215e-06 -0.2719208538910452
-3.27345961829915e-06 -0.2719208959727076
-3.24104912702887e-06 -0.2719209376353218
-3.20895953171175e-06 -0.2719209788830791
-3.17718765516015e-06 -0.2719210197201334
-3.14573035164371e-06 -0.2719210601505977
-3.11458450657793e-06 -0.2719211001785435
-3.08374703621577e-06 -0.2719211398079961
-3.05321488734235e-06 -0.2719211790429497
-3.02298503697262e-06 -0.2719212178873482
-2.9930544920521e-06 -0.2719212563450967
-2.9634202891605e-06 -0.2719212944200724
-2.93407949421831e-06 -0.2719213321160969
-2.90502920219635e-06 -0.2719213694369655
-2.87626653682807e-06 -0.2719214063864289
-2.84778865032482e-06 -0.2719214429681987
-2.81959272309388e-06 -0.2719214791859557
-2.79167596345929e-06 -0.2719215150433414
-2.76403560738544e-06 -0.2719215505439543
-2.7366689182034e-06 -0.2719215856913648
-2.70957318634e-06 -0.2719216204891017
-2.68274572904951e-06 -0.2719216549406613
-2.65618389014803e-06 -0.2719216890495023
-2.62988503975052e-06 -0.271921722819051
-2.60384657401042e-06 -0.2719217562526951
-2.5780659148618e-06 -0.2719217893537976
-2.55254050976416e-06 -0.2719218221256722
-2.52726783144966e-06 -0.2719218545716154
-2.50224537767293e-06 -0.271921886694879
-2.4774706709633e-06 -0.2719219184986855
-2.4529412583795e-06 -0.2719219499862275
-2.42865471126683e-06 -0.2719219811606634
-2.40460862501667e-06 -0.2719220120251198
-2.38080061882838e-06 -0.2719220425826925
-2.35722833547365e-06 -0.2719220728364408
-2.33388944106302e-06 -0.2719221027894048
-2.31078162481487e-06 -0.2719221324445811
-2.2879025988266e-06 -0.2719221618049467
-2.26525009784812e-06 -0.2719221908734415
-2.24282187905755e-06 -0.2719222196529771
-2.22061572183915e-06 -0.2719222481464412
-2.19862942756352e-06 -0.2719222763566856
-2.17686081936982e-06 -0.2719223042865378
-2.15530774195032e-06 -0.2719223319387924
-2.13396806133695e-06 -0.2719223593162253
-2.11283966469005e-06 -0.2719223864215697
-2.09192046008916e-06 -0.2719224132575458
-2.0712083763259e-06 -0.2719224398268346
-2.05070136269891e-06 -0.2719224661321029
-2.0303973888108e-06 -0.2719224921759802
-2.01029444436713e-06 -0.2719225179610721
-1.99039053897736e-06 -0.2719225434899589
-1.97068370195778e-06 -0.2719225687651989
-1.95117198213641e-06 -0.2719225937893157
-1.93185344765982e-06 -0.2719226185648189
-1.9127261858018e-06 -0.2719226430941809
-1.89378830277406e-06 -0.2719226673798573
-1.87503792353867e-06 -0.2719226914242796
-1.85647319162245e-06 -0.2719227152298467
-1.83809226893311e-06 -0.2719227387989429
-1.81989333557734e-06 -0.2719227621339285
-1.80187458968054e-06 -0.2719227852371294
-1.78403424720845e-06 -0.2719228081108562
-1.76637054179055e-06 -0.2719228307573993
-1.74888172454509e-06 -0.2719228531790192
-1.73156606390603e-06 -0.2719228753779573
-1.71442184545152e-06 -0.2719228973564318
-1.69744737173418e-06 -0.2719229191166386
-1.68064096211305e-06 -0.2719229406607518
-1.66400095258717e-06 -0.2719229619909224
-1.64752569563087e-06 -0.2719229831092831
-1.63121356003056e-06 -0.2719230040179435
-1.61506293072333e-06 -0.2719230247189907
-1.59907220863696e-06 -0.2719230452144928
-1.58323981053164e-06 -0.2719230655064931
-1.56756416884321e-06 -0.2719230855970223
-1.55204373152793e-06 -0.271923105488085
-1.53667696190884e-06 -0.2719231251816665
-1.52146233852361e-06 -0.2719231446797303
-1.50639835497387e-06 -0.2719231639842273
-1.49148351977611e-06 -0.2719231830970829
-1.47671635621397e-06 -0.2719232020201993
-1.46209540219205e-06 -0.271923220755473
-1.44761921009113e-06 -0.2719232393047694
-1.43328634662489e-06 -0.2719232576699374
-1.41909539269791e-06 -0.2719232758528143
-1.40504494326525e-06 -0.2719232938552086
-1.39113360719332e-06 -0.27192331167892
-1.3773600071221e-06 -0.2719233293257266
-1.36372277932881e-06 -0.271923346797383
-1.35022057359288e-06 -0.2719233640956388
-1.33685205306226e-06 -0.2719233812222165
-1.32361589412105e-06 -0.2719233981788222
-1.31051078625847e-06 -0.2719234149671448
-1.29753543193907e-06 -0.2719234315888664
-1.28468854647433e-06 -0.2719234480456366
-1.27196885789538e-06 -0.2719234643390993
-1.25937510682711e-06 -0.2719234804708774
-1.24690604636347e-06 -0.271923496442578
-1.23456044194403e-06 -0.2719235122557987
-1.22233707123171e-06 -0.2719235279121073
-1.2102347239918e-06 -0.2719235434130685
-1.19825220197208e-06 -0.2719235587602256
-1.18638831878423e-06 -0.2719235739551087
-1.17464189978637e-06 -0.2719235889992339
-1.1630117819667e-06 -0.2719236038940979
-1.15149681382842e-06 -0.2719236186411826
-1.14009585527566e-06 -0.2719236332419621
-1.12880777750065e-06 -0.2719236476978841
-1.11763146287194e-06 -0.2719236620103964
-1.1065658048237e-06 -0.2719236761809192
-1.09560970774624e-06 -0.2719236902108649
-1.08476208687746e-06 -0.2719237041016307
-1.07402186819551e-06 -0.2719237178546013
-1.06338798831238e-06 -0.2719237314711438
-1.0528593943687e-06 -0.2719237449526183
-1.0424350439294e-06 -0.2719237583003618
-1.0321139048806e-06 -0.2719237715157087
-1.02189495532732e-06 -0.2719237845999675
-1.0117771834924e-06 -0.2719237975544478
-1.00175958761624e-06 -0.2719238103804363
1.00175958761624e-06 -0.2719263709869226
1.0117771834924e-06 -0.2719263837669986
1.02189495532732e-06 -0.2719263966746433
1.0321139048806e-06 -0.2719264097111238
1.0424350439294e-06 -0.2719264228777338
1.0528593943687e-06 -0.2719264361757573
1.06338798831238e-06 -0.2719264496065169
1.07402186819551e-06 -0.2719264631713216
1.08476208687746e-06 -0.2719264768715172
1.09560970774624e-06 -0.2719264907084442
1.1065658048237e-06 -0.2719265046834726
1.11763146287194e-06 -0.2719265187979725
1.12880777750065e-06 -0.2719265330533328
1.14009585527566e-06 -0.2719265474509606
1.15149681382842e-06 -0.2719265619922691
1.1630117819667e-06 -0.2719265766786904
1.17464189978637e-06 -0.2719265915116704
1.18638831878423e-06 -0.2719266064926637
1.19825220197208e-06 -0.2719266216231548
1.2102347239918e-06 -0.2719266369046234
1.22233707123171e-06 -0.2719266523385697
1.23456044194403e-06 -0.2719266679265224
1.24690604636347e-06 -0.2719266836700073
1.25937510682711e-06 -0.2719266995705739
1.27196885789538e-06 -0.2719267156297903
1.28468854647433e-06 -0.2719267318492267
1.29753543193907e-06 -0.2719267482304872
1.31051078625847e-06 -0.2719267647751796
1.32361589412105e-06 -0.2719267814849281
1.33685205306226e-06 -0.2719267983613801
1.35022057359288e-06 -0.2719268154061881
1.36372277932881e-06 -0.271926832621034
1.3773600071221e-06 -0.2719268500076049
1.39113360719332e-06 -0.271926867567614
1.40504494326525e-06 -0.2719268853027817
1.41909539269791e-06 -0.2719269032148566
1.43328634662489e-06 -0.2719269213055949
1.44761921009113e-06 -0.2719269395767771
1.46209540219205e-06 -0.2719269580301931
1.47671635621397e-06 -0.2719269766676601
1.49148351977611e-06 -0.2719269954910076
1.50639835497387e-06 -0.2719270145020837
1.52146233852361e-06 -0.2719270337027598
1.53667696190884e-06 -0.2719270530949163
1.55204373152793e-06 -0.2719270726804597
1.56756416884321e-06 -0.2719270924613122
1.58323981053164e-06 -0.271927112439418
1.59907220863696e-06 -0.271927132616735
1.61506293072333e-06 -0.2719271529952459
1.63121356003056e-06 -0.271927173576953
1.64752569563087e-06 -0.271927194363871
1.66400095258717e-06 -0.2719272153580467
1.68064096211305e-06 -0.2719272365615353
1.69744737173418e-06 -0.2719272579764208
1.71442184545152e-06 -0.2719272796047998
1.73156606390603e-06 -0.2719273014487964
1.74888172454509e-06 -0.2719273235105557
1.76637054179055e-06 -0.2719273457922378
1.78403424720845e-06 -0.2719273682960306
1.80187458968054e-06 -0.2719273910241409
1.81989333557734e-06 -0.2719274139787967
1.83809226893311e-06 -0.2719274371622494
1.85647319162245e-06 -0.2719274605767701
1.87503792353867e-06 -0.2719274842246545
1.89378830277406e-06 -0.2719275081082195
1.9127261858018e-06 -0.271927532229813
1.93185344765982e-06 -0.2719275565917893
1.95117198213641e-06 -0.2719275811965404
1.97068370195778e-06 -0.2719276060464786
1.99039053897736e-06 -0.2719276311440339
2.01029444436713e-06 -0.2719276564916681
2.0303973888108e-06 -0.2719276820918648
2.05070136269891e-06 -0.2719277079471281
2.0712083763259e-06 -0.2719277340599898
2.09192046008916e-06 -0.2719277604330084
2.11283966469005e-06 -0.2719277870687664
2.13396806133695e-06 -0.2719278139698725
2.15530774195032e-06 -0.2719278411389549
2.17686081936982e-06 -0.271927868578677
2.19862942756352e-06 -0.2719278962917224
2.22061572183915e-06 -0.2719279242808037
2.24282187905755e-06 -0.2719279525486587
2.26525009784812e-06 -0.271927981098051
2.2879025988266e-06 -0.2719280099317741
2.31078162481487e-06 -0.2719280390526514
2.33388944106302e-06 -0.2719280684635267
2.35722833547365e-06 -0.2719280981672739
2.38080061882838e-06 -0.271928128166804
2.40460862501667e-06 -0.2719281584650405
2.42865471126683e-06 -0.2719281890649524
2.4529412583795e-06 -0.2719282199695252
2.4774706709633e-06 -0.2719282511817815
2.50224537767293e-06 -0.2719282827047689
2.52726783144966e-06 -0.2719283145415696
2.55254050976416e-06 -0.2719283466952879
2.5780659148618e-06 -0.2719283791690688
2.60384657401042e-06 -0.2719284119660809
2.62988503975052e-06 -0.2719284450895277
2.65618389014803e-06 -0.2719284785426415
2.68274572904951e-06 -0.2719285123286885
2.70957318634e-06 -0.2719285464509644
2.7366689182034e-06 -0.2719285809128004
2.76403560738544e-06 -0.2719286157175567
2.79167596345929e-06 -0.2719286508686288
2.81959272309388e-06 -0.2719286863694468
2.84778865032482e-06 -0.2719287222234713
2.87626653682807e-06 -0.2719287584341989
2.90502920219635e-06 -0.2719287950051582
2.93407949421831e-06 -0.2719288319399163
2.9634202891605e-06 -0.2719288692420694
2.9930544920521e-06 -0.271928906915254
3.02298503697262e-06 -0.2719289449631432
3.05321488734235e-06 -0.2719289833894378
3.08374703621577e-06 -0.271929022197884
3.11458450657793e-06 -0.2719290613922604
3.14573035164371e-06 -0.2719291009763818
3.17718765516015e-06 -0.271929140954102
3.20895953171175e-06 -0.2719291813293123
3.24104912702887e-06 -0.2719292221059412
3.27345961829915e-06 -0.2719292632879547
3.30619421448215e-06 -0.2719293048793603
3.33925615662697e-06 -0.2719293468842058
3.37264871819324e-06 -0.2719293893065696
3.40637520537517e-06 -0.2719294321505813
3.44043895742892e-06 -0.2719294754203999
3.47484334700321e-06 -0.2719295191202407
3.50959178047324e-06 -0.2719295632543388
3.54468769827798e-06 -0.2719296078269894
3.58013457526076e-06 -0.2719296528425173
3.61593592101336e-06 -0.2719296983052969
3.6520952802235e-06 -0.2719297442197391
3.68861623302573e-06 -0.2719297905903056
3.72550239535599e-06 -0.2719298374214928
3.76275741930955e-06 -0.2719298847178498
3.80038499350264e-06 -0.2719299324839587
3.83838884343767e-06 -0.2719299807244534
3.87677273187205e-06 -0.2719300294440172
3.91554045919077e-06 -0.2719300786473715
3.95469586378268e-06 -0.2719301283392838
3.9942428224205e-06 -0.2719301785245683
4.03418525064471e-06 -0.2719302292080932
4.07452710315115e-06 -0.2719302803947626
4.11527237418267e-06 -0.2719303320895386
4.15642509792449e-06 -0.2719303842974218
4.19798934890374e-06 -0.2719304370234701
4.23996924239277e-06 -0.2719304902727842
4.2823689348167e-06 -0.2719305440505184
4.32519262416487e-06 -0.2719305983618721
4.36844455040652e-06 -0.2719306532120984
4.41212899591058e-06 -0.2719307086065049
4.45625028586969e-06 -0.2719307645504399
4.50081278872839e-06 -0.2719308210493164
4.54582091661567e-06 -0.2719308781085884
4.59127912578183e-06 -0.2719309357337701
4.63719191703965e-06 -0.2719309939304248
4.68356383621004e-06 -0.2719310527041738
4.73039947457214e-06 -0.2719311120606889
4.77770346931786e-06 -0.2719311720056941
4.82548050401104e-06 -0.2719312325449803
4.87373530905115e-06 -0.2719312936843791
4.92247266214166e-06 -0.2719313554297875
4.97169738876308e-06 -0.2719314177871591
5.02141436265071e-06 -0.2719314807624986
5.07162850627722e-06 -0.2719315443618764
5.12234479133999e-06 -0.2719316085914201
5.17356823925339e-06 -0.2719316734573125
5.22530392164593e-06 -0.2719317389657953
5.27755696086239e-06 -0.2719318051231758
5.33033253047101e-06 -0.2719318719358136
5.38363585577572e-06 -0.2719319394101388
5.43747221433348e-06 -0.2719320075526354
5.49184693647681e-06 -0.2719320763698571
5.54676540584158e-06 -0.2719321458684156
5.6022330599e-06 -0.2719322160549811
5.658255390499e-06 -0.2719322869363022
5.71483794440399e-06 -0.2719323585191747
5.77198632384803e-06 -0.2719324308104741
5.82970618708651e-06 -0.2719325038171336
5.88800324895737e-06 -0.2719325775461536
5.94688328144694e-06 -0.2719326520046104
6.00635211426141e-06 -0.2719327271996281
6.06641563540403e-06 -0.2719328031384196
6.12707979175807e-06 -0.2719328798282575
6.18835058967565e-06 -0.271932957276484
6.25023409557241e-06 -0.2719330354905074
6.31273643652813e-06 -0.2719331144778178
6.37586380089341e-06 -0.2719331942459646
6.43962243890235e-06 -0.2719332748025776
6.50401866329137e-06 -0.2719333561553536
6.56905884992428e-06 -0.271933438312069
6.63474943842353e-06 -0.2719335212805632
6.70109693280776e-06 -0.2719336050687672
6.76810790213584e-06 -0.2719336896846702
6.8357889811572e-06 -0.2719337751363485
6.90414687096877e-06 -0.2719338614319471
6.97318833967846e-06 -0.2719339485796923
7.04292022307524e-06 -0.2719340365878931
7.113349425306e-06 -0.2719341254649294
7.18448291955906e-06 -0.2719342152192606
7.25632774875465e-06 -0.2719343058594308
7.32889102624219e-06 -0.2719343973940672
7.40217993650461e-06 -0.2719344898318687
7.47620173586966e-06 -0.2719345831816249
7.55096375322836e-06 -0.2719346774522015
7.62647339076064e-06 -0.2719347726525609
7.702738124668249e-06 -0.2719348687917306
7.77976550591493e-06 -0.2719349658788395
7.85756316097408e-06 -0.2719350639230937
7.93613879258382e-06 -0.2719351629337917
8.01550018050966e-06 -0.2719352629203132
8.09565518231475e-06 -0.271935363892128
8.1766117341379e-06 -0.2719354658588043
8.25837785147928e-06 -0.2719355688299803
8.34096162999407e-06 -0.271935672815407
8.42437124629401e-06 -0.2719357778249065
8.508614958756951e-06 -0.2719358838684075
8.593701108344519e-06 -0.2719359909559244
8.679638119427971e-06 -0.2719360990975695
8.76643450062225e-06 -0.2719362083035398
8.85409884562847e-06 -0.2719363185841459
8.942639834084751e-06 -0.2719364299497739
9.0320662324256e-06 -0.2719365424109272
9.12238689474986e-06 -0.2719366559781847
9.21361076369735e-06 -0.2719367706622422
9.30574687133433e-06 -0.2719368864738861
9.39880434004767e-06 -0.2719370034240059
9.492792383448151e-06 -0.2719371215235902
9.587720307282629e-06 -0.2719372407837286
9.68359751035546e-06 -0.2719373612156191
9.780433485459009e-06 -0.2719374828305626
9.878237820313601e-06 -0.2719376056399519
9.977020198516739e-06 -0.2719377296553021
1.00767904005019e-05 -0.2719378548882281
1.01775583045069e-05 -0.27193798135045
1.0279333887552e-05 -0.2719381090537945
1.03821272264275e-05 -0.271938238010206
1.04859484986918e-05 -0.2719383682317269
1.05908079836787e-05 -0.2719384997305205
1.06967160635155e-05 -0.2719386325188557
1.08036832241506e-05 -0.2719387666091208
1.09117200563922e-05 -0.2719389020138064
1.10208372569561e-05 -0.2719390387455276
1.11310456295256e-05 -0.2719391768170052
1.12423560858209e-05 -0.2719393162410961
1.13547796466791e-05 -0.2719394570307482
1.14683274431459e-05 -0.2719395991990425
1.15830107175774e-05 -0.271939742759182
1.16988408247531e-05 -0.2719398877244807
1.18158292330007e-05 -0.2719400341083815
1.19339875253307e-05 -0.2719401819244407
1.2053327400584e-05 -0.271940331186344
1.21738606745898e-05 -0.2719404819079054
1.22955992813357e-05 -0.2719406341030493
1.24185552741491e-05 -0.27194078778584
1.25427408268906e-05 -0.2719409429704646
1.26681682351595e-05 -0.2719410996712368
1.27948499175111e-05 -0.2719412579025958
1.29227984166862e-05 -0.2719414176791178
1.3052026400853e-05 -0.271941579015506
1.31825466648616e-05 -0.2719417419266046
1.33143721315102e-05 -0.2719419064273723
1.34475158528253e-05 -0.2719420725329139
1.35819910113535e-05 -0.2719422402584685
1.37178109214671e-05 -0.2719424096194165
1.38549890306817e-05 -0.2719425806312609
1.39935389209886e-05 -0.2719427533096548
1.41334743101984e-05 -0.2719429276703875
1.42748090533004e-05 -0.2719431037293918
1.44175571438334e-05 -0.2719432815027329
1.45617327152718e-05 -0.2719434610066211
1.47073500424245e-05 -0.271943642257417
1.48544235428487e-05 -0.271943825271621
1.50029677782772e-05 -0.2719440100658795
1.515299745606e-05 -0.2719441966569823
1.53045274306206e-05 -0.2719443850618713
1.54575727049268e-05 -0.2719445752976354
1.56121484319761e-05 -0.2719447673815135
1.57682699162958e-05 -0.2719449613308992
1.59259526154588e-05 -0.2719451571633274
1.60852121416134e-05 -0.271945354896491
1.62460642630295e-05 -0.2719455545482476
1.64085249056598e-05 -0.271945756136594
1.65726101547164e-05 -0.2719459596796998
1.67383362562636e-05 -0.2719461651958665
1.69057196188262e-05 -0.2719463727035776
1.70747768150145e-05 -0.2719465822214703
1.72455245831646e-05 -0.2719467937683409
1.74179798289962e-05 -0.2719470073631414
1.75921596272862e-05 -0.2719472230249961
1.77680812235591e-05 -0.2719474407731876
1.79457620357947e-05 -0.2719476606271686
1.81252196561526e-05 -0.2719478826065447
1.83064718527141e-05 -0.2719481067311017
1.84895365712413e-05 -0.271948333020796
1.86744319369537e-05 -0.2719485614957443
1.88611762563232e-05 -0.2719487921762272
1.90497880188865e-05 -0.271949025082718
1.92402858990753e-05 -0.2719492602358508
1.94326887580661e-05 -0.2719494976564236
1.96270156456467e-05 -0.27194973736543
1.98232858021032e-05 -0.2719499793840326
2.00215186601242e-05 -0.2719502237335247
2.02217338467255e-05 -0.2719504704354724
2.04239511851927e-05 -0.2719507195115715
2.06281906970447e-05 -0.2719509709837318
2.08344726040151e-05 -0.2719512248759531
2.10428173300553e-05 -0.2719514812034106
2.12532455033558e-05 -0.2719517399967496
2.14657779583894e-05 -0.2719520012751545
2.16804357379733e-05 -0.2719522650616182
2.1897240095353e-05 -0.2719525313791445
2.21162124963065e-05 -0.2719528002508642
2.23373746212696e-05 -0.2719530717001406
2.25607483674823e-05 -0.2719533457505288
2.27863558511571e-05 -0.2719536224257465
2.30142194096687e-05 -0.2719539017497068
2.32443616037654e-05 -0.2719541837465392
2.3476805219803e-05 -0.2719544684405296
2.37115732720011e-05 -0.2719547558561941
2.39486890047211e-05 -0.2719550460182136
2.41881758947683e-05 -0.271955338951486
2.4430057653716e-05 -0.2719556346810991
2.46743582302531e-05 -0.2719559332323324
2.49211018125557e-05 -0.2719562346306779
2.51703128306812e-05 -0.2719565389018142
2.5422015958988e-05 -0.2719568460716285
2.56762361185779e-05 -0.2719571561662073
2.59329984797637e-05 -0.2719574692118358
2.61923284645613e-05 -0.2719577852350125
2.64542517492069e-05 -0.2719581042624265
2.6718794266699e-05 -0.2719584263209832
2.6985982209366e-05 -0.2719587514377864
2.72558420314597e-05 -0.2719590796401516
2.75284004517743e-05 -0.271959410955599
2.7803684456292e-05 -0.271959745411855
2.80817213008549e-05 -0.2719600830368551
2.83625385138635e-05 -0.2719604238587494
2.86461638990021e-05 -0.2719607679058941
2.89326255379921e-05 -0.2719611152068543
2.92219517933721e-05 -0.2719614657904081
2.95141713113058e-05 -0.2719618196855457
2.98093130244188e-05 -0.2719621769214733
3.0107406154663e-05 -0.2719625375276043
3.04084802162097e-05 -0.2719629015335697
3.07125650183718e-05 -0.2719632689692127
3.10196906685555e-05 -0.2719636398645939
3.1329887575241e-05 -0.2719640142499828
3.16431864509934e-05 -0.2719643921558741
3.19596183155034e-05 -0.2719647736129672
3.22792144986584e-05 -0.2719651586521888
3.2602006643645e-05 -0.2719655473046739
3.29280267100814e-05 -0.2719659396017791
3.32573069771823e-05 -0.2719663355750772
3.35898800469541e-05 -0.271966735256356
3.39257788474236e-05 -0.2719671386776249
3.42650366358979e-05 -0.2719675458711075
3.46076870022568e-05 -0.271967956869246
3.49537638722794e-05 -0.2719683717047033
3.53033015110022e-05 -0.2719687904103559
3.56563345261122e-05 -0.2719692130193023
3.60128978713733e-05 -0.2719696395648576
3.63730268500871e-05 -0.2719700700805506
3.67367571185879e-05 -0.2719705046001373
3.71041246897738e-05 -0.2719709431575769
3.74751659366716e-05 -0.2719713857870623
3.78499175960383e-05 -0.2719718325229897
3.82284167719987e-05 -0.2719722833999798
3.86107009397186e-05 -0.2719727384528627
3.89968079491158e-05 -0.271973197716692
3.9386776028607e-05 -0.2719736612267302
3.97806437888931e-05 -0.2719741290184577
4.0178450226782e-05 -0.2719746011275668
4.05802347290498e-05 -0.2719750775899617
4.09860370763403e-05 -0.2719755584417599
4.13958974471037e-05 -0.2719760437192774
4.18098564215747e-05 -0.2719765334592704
4.22279549857905e-05 -0.271977027698004
4.26502345356484e-05 -0.2719775264728245
4.30767368810049e-05 -0.271978029820802
4.35075042498149e-05 -0.27197853777931
4.39425792923131e-05 -0.2719790503859237
4.43820050852362e-05 -0.2719795676784162
4.48258251360886e-05 -0.2719800896947793
4.52740833874495e-05 -0.2719806164731892
4.5726824221324e-05 -0.2719811480520345
4.61840924635372e-05 -0.2719816844698923
4.66459333881726e-05 -0.2719822257655392
4.71123927220543e-05 -0.2719827719779454
4.75835166492748e-05 -0.2719833231462681
4.80593518157676e-05 -0.2719838793098607
4.85399453339253e-05 -0.2719844405082569
4.90253447872645e-05 -0.2719850067811811
4.95155982351372e-05 -0.2719855781685416
5.00107542174885e-05 -0.2719861547104174
5.05108617596634e-05 -0.2719867364470746
5.10159703772601e-05 -0.2719873234189489
5.15261300810327e-05 -0.2719879156666505
5.2041391381843e-05 -0.2719885132309533
5.25618052956614e-05 -0.2719891161528091
5.3087423348618e-05 -0.2719897244733128
5.36182975821042e-05 -0.2719903382337379
5.41544805579252e-05 -0.2719909574754983
5.46960253635045e-05 -0.2719915822401697
5.52429856171395e-05 -0.2719922125694743
5.57954154733109e-05 -0.2719928485052733
5.6353369628044e-05 -0.2719934900895721
5.69169033243245e-05 -0.2719941373645142
5.74860723575677e-05 -0.2719947903723652
5.80609330811434e-05 -0.2719954491555284
5.86415424119548e-05 -0.2719961137565222
5.92279578360744e-05 -0.2719967842179885
5.98202374144351e-05 -0.2719974605826725
6.04184397885795e-05 -0.271998142893436
6.10226241864653e-05 -0.2719988311932346
6.16328504283299e-05 -0.271999525525124
6.22491789326132e-05 -0.2720002259322478
6.28716707219394e-05 -0.272000932457834
6.350038742915879e-05 -0.2720016451451936
6.41353913034504e-05 -0.2720023640376996
6.477674521648491e-05 -0.2720030891787933
6.54245126686497e-05 -0.2720038206119798
6.607875779533621e-05 -0.2720045583808131
6.673954537328961e-05 -0.2720053025288777
6.74069408270225e-05 -0.272006053099815
6.80810102352927e-05 -0.272006810137281
6.876182033764561e-05 -0.2720075736849552
6.944943854102211e-05 -0.2720083437865323
7.01439329264323e-05 -0.272009120485706
7.084537225569659e-05 -0.2720099038261681
7.155382597825361e-05 -0.2720106938515952
7.22693642380361e-05 -0.2720114906056378
7.299205788041651e-05 -0.2720122941319231
7.37219784592207e-05 -0.2720131044740207
7.44591982438129e-05 -0.2720139216754627
7.5203790226251e-05 -0.2720147457797004
7.59558281285135e-05 -0.2720155768301291
7.671538640979859e-05 -0.2720164148700452
7.74825402738966e-05 -0.2720172599426542
7.82573656766356e-05 -0.2720181120910564
7.9039939333402e-05 -0.2720189713582203
7.9830338726736e-05 -0.2720198377869939
8.062864211400339e-05 -0.2720207114200693
8.143492853514339e-05 -0.2720215922999905
8.22492778204948e-05 -0.272022480469122
8.307177059869981e-05 -0.2720233759696423
8.39024883046868e-05 -0.2720242788435294
8.474151318773359e-05 -0.2720251891325527
8.5588928319611e-05 -0.2720261068782378
8.64448176028071e-05 -0.2720270321218816
8.730926577883521e-05 -0.2720279649045116
8.81823584366235e-05 -0.2720289052668715
8.90641820209897e-05 -0.272029853249421
8.995482384119961e-05 -0.2720308088922956
9.08543720796116e-05 -0.272031772235317
9.17629158004077e-05 -0.2720327433179502
9.26805449584118e-05 -0.2720337221792952
9.36073504079959e-05 -0.2720347088580607
9.45434239120759e-05 -0.2720357033925633
9.548885815119661e-05 -0.2720367058206798
9.64437467327086e-05 -0.2720377161798556
9.74081842000357e-05 -0.2720387345070566
9.838226604203611e-05 -0.2720397608387675
9.93660887024564e-05 -0.2720407952109572
0.000100359749589481 -0.2720418376590618
0.000101363347085376 -0.2720428882179641
0.00010237698055623 -0.272043946921958
0.000103400750361792 -0.2720450138047354
0.00010443475786541 -0.2720460888993509
0.000105479105444064 -0.2720471722382078
0.000106533896498505 -0.2720482638530221
0.00010759923546349 -0.2720493637747904
0.000108675227818124 -0.2720504720337842
0.000109761980096306 -0.2720515886594881
0.000110859599897269 -0.2720527136806039
0.000111968195896241 -0.2720538471249934
0.000113087877855204 -0.272054989019666
0.000114218756633756 -0.2720561393907305
0.000115360944200093 -0.2720572982633814
0.000116514553642094 -0.2720584656618603
0.000117679699178515 -0.2720596416094022
0.0001188564961703 -0.2720608261282285
0.000120045061132003 -0.2720620192395045
0.000121245511743324 -0.2720632209633284
0.000122457966860757 -0.2720644313187385
0.000123682546529364 -0.2720656503248884
0.000124919371994658 -0.2720668779892716
0.000126168565714605 -0.2720681143416053
0.000127430251371751 -0.2720693593875179
0.000128704553885468 -0.2720706131407376
0.000129991599424323 -0.2720718756126333
0.000131291515418566 -0.2720731468130501
0.000132604430572752 -0.2720744267503468
0.000133930474878479 -0.2720757154313464
0.000135269779627264 -0.2720770128613013
0.000136622477423537 -0.2720783190438428
0.000137988702197772 -0.2720796339809393
0.00013936858921975 -0.2720809576728297
0.000140762275111947 -0.2720822901179892
0.000142169897863067 -0.2720836313130601
0.000143591596841697 -0.2720849812528064
0.000145027512810114 -0.2720863399300484
0.000146477787938216 -0.2720877073356173
0.000147942565817598 -0.2720890834582845
0.000149421991475774 -0.2720904682847077
0.000150916211390531 -0.2720918617993626
0.000152425373504437 -0.2720932639844883
0.000153949627239481 -0.2720946748200123
0.000155489123511876 -0.2720960942834948
0.000157044014746995 -0.2720975223500501
0.000158614454894465 -0.2720989589922844
0.000160200599443409 -0.2721004041802178
0.000161802605437843 -0.2721018578812191
0.000163420631492222 -0.2721033200599269
0.000165054837807144 -0.2721047906781706
0.000166705386185215 -0.2721062696949006
0.000168372440047068 -0.2721077570661002
0.000170056164447538 -0.2721092527447041
0.000171756726092014 -0.2721107566805211
0.000173474293352934 -0.2721122688201448
0.000175209036286463 -0.2721137891068631
0.000176961126649328 -0.2721153174805724
0.000178730737915821 -0.2721168538776859
0.000180518045294979 -0.272118398231041
0.000182323225747929 -0.272119950469793
0.000184146458005408 -0.2721215105193394
0.000185987922585462 -0.2721230783011941
0.000187847801811317 -0.2721246537328948
0.00018972627982943 -0.2721262367279141
0.000191623542627725 -0.2721278271955244
0.000193539778054002 -0.2721294250407043
0.000195475175834542 -0.272131030164029
0.000197429927592887 -0.2721326424615435
0.000199404226868816 -0.2721342618246569
0.000201398269137504 -0.2721358881400129
0.000203412251828879 -0.2721375212893798
0.000205446374347168 -0.2721391611495032
0.00020750083809064 -0.2721408075920105
0.000209575846471546 -0.2721424604832463
0.000211671604936262 -0.2721441196841548
0.000213788320985624 -0.2721457850501481
0.000215926204195481 -0.2721474564309517
0.000218085466237435 -0.2721491336704703
0.00022026632089981 -0.2721508166066434
0.000222468984108808 -0.2721525050712853
0.000224693673949896 -0.2721541988899427
0.000226940610689395 -0.2721558978817349
0.000229210016796289 -0.2721576018591883
0.000231502116964252 -0.2721593106280851
0.000233817138133894 -0.2721610239872846
0.000236155309515233 -0.2721627417285601
0.000238516862610385 -0.2721644636364217
0.000240902031236489 -0.2721661894879572
0.000243311051548854 -0.2721679190526573
0.000245744162064343 -0.2721696520924122
0.000248201603684986 -0.27217138836996
0.000250683619721836 -0.2721731275984573
0.000253190455919054 -0.2721748695513038
0.000255722360478245 -0.2721766139428019
0.000258279584083027 -0.2721783604930147
0.000260862379923858 -0.2721801089126288
0.000263471003723096 -0.2721818589030514
0.000266105713760327 -0.2721836101562029
0.00026876677089793 -0.2721853623543291
0.00027145443860691 -0.2721871151697502
0.000274168982992979 -0.2721888682646419
0.000276910672822909 -0.2721906215891702
0.000279679779551138 -0.2721923741875761
0.000282476577346649 -0.2721941259886129
0.000285301343120116 -0.272195876611372
0.000288154356551317 -0.2721976256635436
0.00029103590011683 -0.2721993727411225
0.000293946259117998 -0.2722011174281596
0.000296885721709178 -0.2722028592964584
0.00029985457892627 -0.2722045979053088
0.000302853124715533 -0.2722063328011758
0.000305881655962688 -0.272208063517398
0.000308940472522315 -0.2722097895739023
0.000312029877247538 -0.2722115104768568
0.000315150176020014 -0.2722132257183386
0.000318301677780214 -0.2722149347759741
0.000321484694558016 -0.2722166371124534
0.000324699541503596 -0.2722183321744101
0.000327946536918632 -0.2722200193839502
0.000331226002287818 -0.2722216982535809
0.000334538262310697 -0.2722233680058929
0.000337883644933803 -0.2722250281443266
0.000341262481383142 -0.2722266780151805
0.000344675106196973 -0.2722283169667339
0.000348121857258943 -0.2722299443310546
0.000351603075831532 -0.2722315594224806
0.000355119106589847 -0.2722331615369987
0.000358670297655746 -0.2722347499517839
0.000362257000632303 -0.2722363239247241
0.000365879570638626 -0.2722378826939982
0.000369538366345013 -0.2722394254776089
0.000373233750008463 -0.2722409514729391
0.000376966087508547 -0.2722424598562783
0.000380735748383633 -0.2722439497823507
0.000384543105867469 -0.2722454203838265
0.000388388536926144 -0.2722468707708333
0.000392272422295405 -0.2722483000304554
0.00039619514651836 -0.2722497072262033
0.000400157097983543 -0.2722510913975071
0.000404158668963379 -0.2722524515591631
0.000408200255653012 -0.2722537867008039
0.000412282258209542 -0.2722550957863246
0.000416405080791638 -0.2722563777533211
0.000420569131599554 -0.272257631512506
0.00042477482291555 -0.2722588559471156
0.000429022571144705 -0.2722600499122968
0.000433312796856152 -0.2722612122345127
0.000437645924824714 -0.2722623417108767
0.000442022384072961 -0.2722634371085337
0.000446442607913691 -0.272264497164
0.000450907033992828 -0.272265520582486
0.000455416104332756 -0.2722665060372166
0.000459970265376083 -0.2722674521687343
0.000464569968029844 -0.2722683575841888
0.000469215667710143 -0.2722692208566074
0.000473907824387244 -0.2722700405241529
0.000478646902631117 -0.2722708150893832
0.000483433371657428 -0.2722715430184567
0.000488267705374002 -0.2722722223665636
0.000493150382427742 -0.27227285227288
0.0004980818862520199 -0.2722734307152928
0.00050306270511454 -0.2722739560064032
0.000508093332165685 -0.272274426418339
0.000513174265487342 -0.2722748401818955
0.000518306008142215 -0.2722751954856316
0.0005234890682236369 -0.2722754904749927
0.000528723958905874 -0.2722757232513692
0.000534011198494933 -0.2722758918711805
0.000539351310479882 -0.2722759943449009
0.000544744823584681 -0.272276028636094
0.000550192271820528 -0.2722759926604323
0.000555694194538733 -0.2722758842846584
0.00056125113648412 -0.2722757013255746
0.000566863647848961 -0.2722754415489856
0.000572532284327451 -0.2722751026686195
0.000578257607170726 -0.272274682345033
0.000584040183242433 -0.2722741781844941
0.000589880585074857 -0.2722735877378386
0.000595779390925606 -0.2722729084992672
0.000601737184834862 -0.2722721379051057
0.00060775455668321 -0.2722712733324076
0.000613832102250043 -0.272270312097125
0.000619970423272543 -0.2722692514501263
0.000626170127505268 -0.2722680885523057
0.000632431828780321 -0.2722668207205658
0.000638756147068124 -0.2722654452178702
0.000645143708538805 -0.2722639582347111
0.0006515951456241939 -0.272262357184657
0.000658111097080435 -0.2722606386032538
0.00066469220805124 -0.2722587997986629
0.000671339130131752 -0.272256837377405
0.00067805252143307 -0.272254747869352
0.0006848330466474 -0.2722525278508466
0.000691681377113875 -0.2722501738148949
0.000698598190885013 -0.2722476821754759
0.000705584172793863 -0.2722450492665845
0.000712640014521802 -0.2722422713407734
0.00071976641466702 -0.2722393445675547
0.00072696407881369 -0.2722362650317715
0.000734233719601827 -0.2722330287319068
0.000741576056797845 -0.2722296315783878
0.000748991817365824 -0.2722260693918346
0.000756481735539482 -0.2722223379012872
0.000764046552894877 -0.2722184327424241
0.000771687018423826 -0.2722143494557059
0.000779403888608064 -0.2722100834845319
0.000787197927494145 -0.2722056301733371
0.000795069906769086 -0.2722009847656739
0.000803020605836777 -0.2721961424022505
0.000811050811895145 -0.2721910981189477
0.000819161320014096 -0.2721858468448012
0.000827352933214237 -0.2721803833999341
0.00083562646254638 -0.2721747024935008
0.000843982727171843 -0.2721687987215335
0.0008524225544435619 -0.2721626665648188
0.000860946779987997 -0.2721563003866937
0.000869556247787878 -0.2721496944980366
0.000878251810265756 -0.2721428428861312
0.000887034328368414 -0.2721357396158284
0.000895904671652098 -0.2721283785581587
0.000904863718368619 -0.2721207534552842
0.000913912355552305 -0.2721128579180948
0.000923051479107828 -0.2721046854237812
0.0009322819938989071 -0.2720962293133844
0.000941604813837896 -0.2720874827893243
0.000951020861976275 -0.2720784389128666
0.000960531070596037 -0.2720690906016623
0.000970136381301998 -0.2720594306272782
0.000979837745115018 -0.2720494516145144
0.0009896361225661681 -0.2720391460351574
0.00099953248379183 -0.272028506226857
0.00100952780862975 -0.272017524129162
0.00101962308671605 -0.2720061923338067
0.00102981931758321 -0.2719945017655984
0.00104011751075904 -0.2719824448747459
0.00105051868586663 -0.2719700128815586
0.00106102387272529 -0.2719571971215912
0.00107163411145255 -0.2719439887519798
0.00108235045256707 -0.2719303787512348
0.00109317395709274 -0.271916357916858
0.00110410569666367 -0.2719019168624611
0.00111514675363031 -0.2718870460147212
0.00112629822116661 -0.2718717356102349
0.00113756120337828 -0.2718559756923379
0.00114893681541206 -0.2718397561078468
0.00116042618356618 -0.2718230665037822
0.00117203044540184 -0.2718058963255422
0.00118375074985586 -0.2717882348075442
0.00119558825735442 -0.2717700709788082
0.00120754413992796 -0.2717513936535424
0.00121961958132724 -0.2717321914292208
0.00123181577714052 -0.2717124526832812
0.00124413393491192 -0.2716921655707268
0.00125657527426104 -0.271671318037857
0.00126914102700365 -0.2716498976510651
0.00128183243727369 -0.2716278920689233
0.00129465076164642 -0.2716052884002707
0.00130759726926289 -0.2715820736370423
0.00132067324195552 -0.2715582345129146
0.00133387997437507 -0.2715337575102484
0.00134721877411882 -0.2715086288571197
0.00136069096186001 -0.271482834523577
0.00137429787147861 -0.2714563602177387
0.0013880408501934 -0.2714291913818436
0.00140192125869533 -0.2714013131883798
0.00141594047128228 -0.2713727105367215
0.00143009987599511 -0.2713433680528567
0.00144440087475506 -0.2713132701425348
0.00145884488350261 -0.2712824004347626
0.00147343333233764 -0.2712507433401263
0.00148816766566101 -0.2712182819575895
0.00150304934231762 -0.2711849994932409
0.0015180798357408 -0.2711508788101395
0.00153326063409821 -0.2711159024734306
0.00154859324043919 -0.2710800526874393
0.00156407917284358 -0.2710433113835046
0.00157971996457202 -0.2710056601540577
0.00159551716421774 -0.2709670802631627
0.00161147233585991 -0.2709275526416058
0.00162758705921851 -0.2708870578818923
0.0016438629298107 -0.2708455762331434
0.00166030155910881 -0.2708030876101204
0.00167690457469989 -0.2707595715309904
0.00169367362044689 -0.2707150071974052
0.00171061035665136 -0.2706693733279911
0.00172771646021787 -0.2706226485832567
0.00174499362482005 -0.2705748109349858
0.00176244356106825 -0.2705258380808338
0.00178006799667894 -0.2704757073197677
0.00179786867664573 -0.2704243956522838
0.00181584736341218 -0.2703718794197796
0.0018340058370463 -0.2703181348122519
0.00185234589541677 -0.2702631375211696
0.00187086935437094 -0.2702068628182706
0.00188957804791465 -0.2701492855499443
0.00190847382839379 -0.2700903801375804
0.00192755856667773 -0.2700301209105976
0.00194683415234451 -0.2699684799582888
0.00196630249386795 -0.2699054321090194
0.00198596551880663 -0.2698409491672901
0.0020058251739947 -0.2697750033161395
0.00202588342573464 -0.2697075660552199
0.00204614225999199 -0.2696386088503337
0.00206660368259191 -0.2695681020925187
0.00208726971941783 -0.269496015971563
0.00210814241661201 -0.2694223200997199
0.00212922384077813 -0.2693469835544098
0.00215051607918591 -0.2692699748693234
0.00217202123997777 -0.2691912620233351
0.00219374145237755 -0.2691108124287014
0.00221567886690132 -0.2690285929186632
0.00223783565557034 -0.2689445697345234
0.00226021401212604 -0.2688587085121172
0.0022828161522473 -0.2687709742677331
0.00230564431376977 -0.268681331383844
0.00232870075690747 -0.2685897435917588
0.00235198776447654 -0.2684961739584755
0.00237550764212131 -0.2684005848664591
0.00239926271854252 -0.2683029380016131
0.00242325534572795 -0.2682031944229905
0.00244748789918523 -0.2681013139296891
0.00247196277817708 -0.2679972567358863
0.00249668240595885 -0.2678909809547952
0.00252164923001844 -0.2677824446465162
0.00254686572231862 -0.2676716048774312
0.00257233437954181 -0.2675584178661549
0.00259805772333723 -0.267442838958706
0.0026240383005706 -0.2673248218427735
0.00265027868357631 -0.2672043215608589
0.00267678147041207 -0.2670812899157609
0.00270354928511619 -0.2669556784878113
0.00273058477796735 -0.2668274378410301
0.00275789062574703 -0.266696517490553
0.0027854695320045 -0.2665628658702799
0.00281332422732454 -0.2664264302903928
0.00284145746959779 -0.2662871569104186
0.00286987204429376 -0.2661449906886482
0.0028985707647367 -0.2659998749233368
0.00292755647238407 -0.2658517535737734
0.00295683203710791 -0.2657005665376724
0.00298640035747899 -0.2655462527079205
0.00301626436105378 -0.2653887520779428
0.00304642700466432 -0.2652280010129461
0.00307689127471096 -0.2650639347995839
0.00310766018745807 -0.2648964873919912
0.00313873678933265 -0.2647255909481302
0.00317012415722598 -0.2645511760146717
0.00320182539879824 -0.2643731714095622
0.00323384365278622 -0.2641915041629773
0.00326618208931408 -0.2640060994563356
0.00329884391020722 -0.2638168806064191
0.00333183234930929 -0.2636237687360363
0.00336515067280239 -0.263426683314915
0.00339880217953041 -0.2632255413691497
0.00343279020132572 -0.2630202625020081
0.00346711810333897 -0.2628107454530538
0.00350178928437236 -0.2625969146585211
0.00353680717721609 -0.2623786733780502
0.00357217524898825 -0.262155927125453
0.00360789700147813 -0.2619285788581145
0.00364397597149291 -0.2616965289025726
0.00368041573120784 -0.2614596748588673
0.00371721988851992 -0.2612179115876758
0.00375439208740512 -0.2609711311026771
0.00379193600827917 -0.260719222326125
0.00382985536836196 -0.2604620713319797
0.00386815392204558 -0.2601995608102955
0.00390683546126603 -0.2599315700747157
0.0039459038158787 -0.2596579766094237
0.00398536285403748 -0.2593786526996507
0.00402521648257786 -0.2590934681521064
0.00406546864740364 -0.2588022889757259
0.00410612333387767 -0.2585049777513531
0.00414718456721645 -0.2582013933522752
0.00418865641288861 -0.2578913908052359
0.0042305429770175 -0.2575748217319094
0.00427284840678767 -0.2572515334419723
0.00431557689085555 -0.2569213694617591
0.00435873265976411 -0.2565841691761249
0.00440231998636175 -0.2562397685907489
0.00444634318622536 -0.2558879995847917
0.00449080661808762 -0.2555286879361708
0.00453571468426849 -0.2551616595612204
0.00458107183111118 -0.2547867271341575
0.00462688254942229 -0.2544037140160862
0.00467315137491651 -0.2540124257578047
0.00471988288866568 -0.2536126685553518
0.00476708171755234 -0.253204255816549
0.00481475253472786 -0.2527869595048484
0.00486290006007514 -0.2523605962379648
0.00491152906067589 -0.251924945475944
0.00496064435128265 -0.2514798009373912
0.00501025079479548 -0.2510249387913371
0.00506035330274343 -0.250560134646923
0.00511095683577087 -0.2500851660949612
0.00516206640412858 -0.2495998006802729
0.00521368706816986 -0.2491038062963016
0.00526582393885156 -0.248596940817696
0.00531848217824008 -0.248078969211984
0.00537166700002248 -0.2475496447622988
0.0054253836700227 -0.2470087206708116
0.00547963750672293 -0.2464559468629817
0.00553443388179016 -0.2458910711706014
0.00558977822060806 -0.2453138123512949
0.00564567600281414 -0.2447239636321587
0.00570213276284228 -0.2441212399843579
0.0057591540904707 -0.2435053830093044
0.00581674563137541 -0.2428761237669161
0.00587491308768917 -0.242233225998148
0.00593366221856606 -0.2415763485470094
0.00599299884075172 -0.2409053072580189
0.00605292882915924 -0.2402198100991117
0.00611345811745083 -0.2395195882174704
0.00617459269862534 -0.2388043817013606
0.00623633862561159 -0.2380739234720566
0.00629870201186771 -0.2373279574892038
0.00636168903198638 -0.23656620963269
0.00642530592230625 -0.235788433824987
0.00648955898152931 -0.2349943682696765
0.0065544545713446 -0.2341837647067134
0.00661999911705805 -0.2333563741815583
0.00668619910822863 -0.2325119450173426
0.00675306109931092 -0.2316502445864
0.00682059171030403 -0.2307711424653352
0.00688879762740707 -0.2298740745322156
0.00695768560368114 -0.2289591433167363
0.00702726245971795 -0.2280260222286696
0.00709753508431513 -0.2270745004935267
0.00716851043515828 -0.2261043695834246
0.00724019553950986 -0.2251154577431662
0.00731259749490496 -0.2241075687355979
0.00738572346985401 -0.2230803672992394
0.00745958070455255 -0.2220338994311513
0.00753417651159808 -0.2209678829327984
0.00760951827671406 -0.2198821814172678
0.0076856134594812 -0.2187766442430605
0.00776246959407601 -0.2176511282459873
0.00784009429001677 -0.2165055358617621
0.00791849523291694 -0.2153396838862764
0.00799768018524611 -0.2141534990851159
0.00807765698709857 -0.2129468743108655
0.00815843355696956 -0.2117197248360069
0.00824001789253925 -0.2104719279168336
0.00832241807146464 -0.2092034821257626
0.008405642252179289 -0.2079142912613977
0.00848969867470108 -0.2066043060567349
0.0085745956614481 -0.2052734689374031
0.008660341618062581 -0.203921784593413
0.008746945034243199 -0.2025492164520572
0.008834414484585631 -0.2011557358214813
0.008922758629431491 -0.1997413485735836
0.0090119862157258 -0.1983060597947182
0.00910210607788306 -0.196849875663208
0.00919312713866189 -0.1953728315209782
0.00928505841004851 -0.1938749512306276
0.009377908994149 -0.1923562683332603
0.00947168808409049 -0.1908168274692531
0.009566404964931391 -0.1892566744869457
0.00966206901458071 -0.1876758724321215
0.009758689704726511 -0.1860744791680163
0.009856276601773781 -0.184452558915309
0.00995483936779152 -0.1828101806283018
0.0100543877614694 -0.1811474276989639
0.0101549316390841 -0.1794643994567653
0.010256480955475 -0.1777611170546185
0.0103590457650297 -0.1760376950487807
0.01046263622268 -0.1742942201529418
0.0105672625849068 -0.1725307737804441
0.0106729352107559 -0.1707474467272952
0.0107796645628634 -0.1689443212828345
0.0108874612084921 -0.1671214893497017
0.010996335820577 -0.1652790357888174
0.0111062991787828 -0.1634170139051141
0.0112173621705706 -0.1615355651674687
0.0113295357922763 -0.1596347418140519
0.0114428311501991 -0.1577146214266936
0.0115572594617011 -0.1557752802480496
0.0116728320563181 -0.1538167883611563
0.0117895603768812 -0.1518392174403107
0.0119074559806501 -0.1498426235963631
0.0120265305404566 -0.14782707597244
0.0121467958458611 -0.1457926270515408
0.0122682638043197 -0.1437393236054374
0.0123909464423629 -0.1416672198490317
0.0125148559067866 -0.1395763481840637
0.0126400044658544 -0.1374667554763679
0.012766404510513 -0.135338464854167
0.0128940685556181 -0.1331914901164063
0.0130230092411743 -0.1310258640442442
0.013153239333586 -0.1288415980953238
0.0132847717269219 -0.1266386924059774
0.0134176194441911 -0.1244171743799453
0.013551795638633 -0.1221770192604178
0.0136873135950193 -0.1199182072363828
0.0138241867309695 -0.1176407605573847
0.0139624285982792 -0.1153446387426824
0.014102052884262 -0.1130298183222463
0.0142430734131046 -0.1106962789018708
0.0143855041472357 -0.108343980120887
0.014529359188708 -0.1059728901067125
0.0146746527805951 -0.1035829444018835
0.0148213993084011 -0.1011741301798799
0.0149696133014851 -0.09874638146812846
0.0151193094344999 -0.09629964139606186
0.0152705025288449 -0.09383385258476243
0.0154232075541334 -0.09134895192271544
0.0155774396296747 -0.08884487613240502
0.0157332140259715 -0.08632154861176178
0.0158905461662312 -0.08377891097371094
0.0160494516278935 -0.0812168794052994
0.0162099461441724 -0.07863537892836991
0.0163720456056142 -0.07603433316238364
0.0165357660616703 -0.07341365404961621
0.016701123722287 -0.07077325651341226
0.0168681349595099 -0.06811306442180477
0.017036816309105 -0.06543298289571568
0.017207184472196 -0.0627329246789536
0.017379256316918 -0.06001279868632104
0.0175530488800872 -0.05727252545027402
0.017728579368888 -0.05451196126904137
0.0179058651625769 -0.05173107029839237
0.0180849238142027 -0.04892973334468059
0.0182657730523447 -0.04610785513959147
0.0184484307828682 -0.04326533364143412
0.0186329150906968 -0.04040207489605087
0.0188192442416038 -0.03751797715882385
0.0190074366840199 -0.03461294583186721
0.0191975110508601 -0.03168687322434688
0.0193894861613687 -0.02873965881078686
0.0195833810229823 -0.02577120959972305
0.0197792148332122 -0.02278141603269508
0.0199770069815443 -0.01977017796620205
0.0201767770513597 -0.01673739507172552
0.0203785448218733 -0.01368296631696139
0.0205823302700921 -0.01060678927224686
0.020788153572793 -0.007508766362791432
0.0209960351085209 -0.004388784473984367
0.0212059954596061 -0.001246762873918702
0.0214180554142022 0.001917401998958616
0.0216322359683442 0.005103813783696038
0.0218485583280276 0.00831256058762907
0.0220670439113079 0.01154372842028929
0.022287714350421 0.01479742375596914
0.0225105914939252 0.01807372119882304
0.0227356974088645 0.02137270417773791
0.0229630543829531 0.02469445076782491
0.0231926849267826 0.02803903388243464
0.0234246117760505 0.03140652165992087
0.023658857893811 0.03479695299662655
0.0238954464727491 0.03821041996807092
0.0241344009374766 0.04164693444059616
0.0243757449468513 0.04510653575259494
0.0246195023963198 0.04858922908102241
0.024865697420283 0.05209505871866253
0.0251143543944859 0.05562397729794409
0.0253654979384307 0.05917595525923409
0.025619152917815 0.06275098414629764
0.0258753444469932 0.06634896549030139
0.0261340978914631 0.06996981463786599
0.0263954388703778 0.07361340630464079
0.0266593932590815 0.07727959201876386
0.0269259871916724 0.08096818950213427
0.0271952470635891 0.08467896397357547
0.027467199534225 0.08841166529496902
0.0277418715295672 0.09216596735422801
0.0280192902448629 0.09594150976927576
0.0282994831473115 0.09973786415195905
0.0285824779787846 0.1035545401135251
0.0288683027585725 0.1073909836529736
0.0291569857861582 0.1112465516805451
0.0294485556440198 0.1151205266569826
0.02974304120046 0.1190120764891011
0.0300404716124646 0.1229202833868527
0.0303408763285892 0.1268441131262754
0.0306442850918751 0.1307823983226294
0.0309507279427939 0.1347338191319133
0.0312602352222218 0.1386969849713604
0.031572837574444 0.1426702353140516
0.0318885659501885 0.14665176899464
0.0322074516096904 0.1506397424509874
0.0325295261257873 0.1546317883103815
0.0328548213870451 0.1586257555796773
0.0331833696009156 0.1626188086401139
0.0335152032969248 0.1666082535149865
0.033850355329894 0.1705908752016428
0.0341888588831929 0.1745632958514665
0.0345307474720249 0.1785219354522586
0.0348760549467451 0.1824627285271145
0.0352248154962126 0.1863815266041043
0.0355770636511747 0.1902736594776142
0.0359328342876865 0.1941344432704235
0.0362921626305633 0.197958769346779
0.036655084256869 0.2017409728984451
0.0370216350994376 0.2054754905176338
0.037391851450432 0.2091564940933987
0.0377657699649363 0.2127777934243692
0.0381434276645857 0.2163330232234776
0.0385248619412316 0.2198157567741261
0.0389101105606439 0.2232195007620303
0.0392992116662503 0.226537739880639
0.0396922037829128 0.2297638929455908
0.0400891258207419 0.2328916301705903
0.0404900170789494 0.2359147229385932
0.0408949172497389 0.2388271951342068
0.0413038664222363 0.2416236243589686
0.0417169050864586 0.2442987408170433
0.0421340741373232 0.2468477542128206
0.0425554148786964 0.2492664219277053
0.0429809690274834 0.2515519445948186
0.0434107787177582 0.2537003683289289
0.0438448865049358 0.2557101188023099
0.0442833353699852 0.2575794991664061
0.044726168723685 0.2593076708801046
0.0451734304109219 0.2608945207234068
0.0456251647150311 0.2623405407680216
0.0460814163621814 0.2636469404983598
0.0465422305258032 0.2648154753790694
0.0470076528310613 0.2658485557350838
0.0474777293593719 0.2667489570141894
0.0479525066529656 0.267519997592924
0.0484320317194952 0.268165411332839
0.0489163520366902 0.2686891968850448
0.0494055155570571 0.2690956307985357
0.0498995707126277 0.2693892701747954
0.0503985664197539 0.2695747079277797
0.0509025520839515 0.2696568524037479
0.051411577604791 0.2696404122987487
0.0519256933808389 0.2695303138983601
0.0524449503146473 0.2693313836552659
0.0529693998177938 0.2690484056205772
0.0534990938159717 0.2686860879253418
0.0540340847541314 0.2682490363639027
0.0545744256016727 0.2677417183154771
0.0551201698576895 0.267168459577563
0.0556713715562664 0.2665334642968132
0.056228085271829 0.2658407303267586
0.0567903661245473 0.2650940920138738
0.0573582697857928 0.2642972149267032
0.0579318524836507 0.2634535849139986
0.0585111710084872 0.262566515727453
0.0590962827185721 0.2616391197643909
0.0596872455457578 0.2606743454978503
0.0602841180012154 0.2596749651476722
0.0608869591812276 0.2586435855050607
0.0614958287730398 0.2575826434417112
0.0621107870607702 0.2564943892575053
0.0627318949313779 0.2553809836781816
0.0633592138806917 0.2542443781007702
0.0639928060194986 0.2530864052626308
0.0646327340796936 0.2519087521276714
0.0652790614204906 0.2507129823833569
0.0659318520346955 0.2495005385256455
0.06659117055504241 0.2482727355972129
0.06725708226059279 0.2470307884824996
0.0679296530831988 0.245775803379733
0.0686089496140308 0.2445087597470521
0.0692950391101711 0.2432305943060039
0.0699879895012728 0.2419421210001981
0.0706878693962855 0.2406440828129339
0.0713947480902484 0.239337139128716
0.0721086955711509 0.2380218828007653
0.0728297825268624 0.2366988359619737
0.073558080352131 0.2353684661725331
0.07429366115565229 0.2340311612400198
0.07503659776720881 0.2326872947943549
0.07578696374488091 0.2313371520871756
0.0765448333823297 0.2299809909143923
0.07731028171615301 0.2286190397602019
0.07808338453331461 0.2272514524808553
0.0788642183786477 0.2258783955423397
0.0796528605624342 0.2244999819974839
0.08044938916805849 0.2231162880386233
0.0812538830597391 0.2217273796342403
0.0820664218903365 0.2203332962329112
0.08288708610923989 0.2189340713755479
0.08371595697033229 0.2175297114154694
0.0845531165400356 0.216120206823492
0.085398647705436 0.2147055447702633
0.0862526341824903 0.2132857081984552
0.0871151605243152 0.2118606633009969
0.0879863121295584 0.210430375761339
0.0888661752508539 0.2089948046195358
0.08975483700336249 0.2075539218268471
0.09065238537339609 0.206107674620159
0.0915589092271301 0.204656138174217
0.0924744983194014 0.2031990931692364
0.0933992433025954 0.2017366928900775
0.0943332357356213 0.2002687668192935
0.0952765680929776 0.1987954728347336
0.0962293337739073 0.1973166669136046
0.0971916271116464 0.1958324181993792
0.0981635433827629 0.1943426880235767
0.0991451788165905 0.1928475654680045
0.100136630604756 0.1913470380037216
0.101137996910804 0.1898411590412223
0.102149376879912 0.1883299823409194
0.103170870648711 0.1868135600373518
0.104202579355198 0.1852919592333635
0.10524460514875 0.1837652640785765
0.106297051200238 0.1822335531701116
0.10736002171224 0.1806969277193189
0.108433621929363 0.1791554685957044
0.109517958148656 0.1776093363322183
0.110613137730143 0.1760585886992727
0.111719269107444 0.1745033693113642
0.112836461798519 0.1729438028600724
0.113964826416504 0.1713800177632256
0.115104474680669 0.1698121435472411
0.116255519427476 0.168240312595228
0.11741807462175 0.1666646730182976
0.118592255367968 0.1650853484628881
0.119778177921647 0.1635025003936069
0.120975959700864 0.1619162388773831
0.122185719297873 0.1603266801162743
0.123407576490851 0.1587340025055183
0.12464165225576 0.1571383170882152
0.125888068778317 0.1555397349392891
0.127146949466101 0.1539383837389457
0.128418418960762 0.1523343807158975
0.129702603150369 0.1507278276575607
0.130999629181873 0.1491188065706607
0.132309625473692 0.147507453731178
0.133632721728429 0.1458938154620256
0.134969048945713 0.1442779782738454
0.13631873943517 0.1426600060567654
0.137681926829522 0.1410399602242814
0.139058746097817 0.1394178838899878
0.140449333558795 0.1377938189754362
0.141853826894383 0.1361677925194261
0.143272365163327 0.1345398343113019
0.14470508881496 0.1329099020366464
0.14615213970311 0.1312780476248146
0.147613661100141 0.1296442402295699
0.149089797711142 0.1280084538786118
0.150580695688254 0.126370656479935
0.152086502645136 0.1247307887277057
0.153607367671588 0.1230888415832896
0.155143441348303 0.1214447208589676
0.156694875761787 0.1197983348649398
0.158261824519404 0.1181496372740022
0.159844442764598 0.1164985276626832
0.161442887192244 0.1148449059260158
0.163057316064167 0.1131886715005271
0.164687889224809 0.1115297061142882
0.166334768117057 0.1098678955164285
0.167998115798227 0.1082031065181899
0.169678096956209 0.1065352143080198
0.171374877925772 0.1048640754368644
0.173088626705029 0.1031895500488067
0.17481951297208 0.1015114874140855
0.1765677081018 0.09982973586325292
0.178333385182818 0.09814413814361907
0.180116719034647 0.09645453631216444
0.181917886224993 0.09476077032093527
0.183737065087243 0.09306267130343251
0.185574435738115 0.0913600784490438
0.187430180095497 0.08965282887885108
0.189304481896452 0.08794076042424408
0.191197526715416 0.08622371987919716
0.19310950198257 0.08450157178666649
0.195040597002396 0.08277422933127616
0.19699100297242 0.08104156134413493
0.198960913002144 0.07930600999652604
0.200950522132166 0.07755608532569616
0.202960027353487 0.07579953459730943
0.204989627627022 0.07404063393625201
0.207039523903292 0.0722753011121656
0.209109919142325 0.07050355055005665
0.211201018333748 0.06872507738140775
0.213313028517086 0.06693964492217805
0.215446158802257 0.06514703655736154
0.217600620390279 0.06334705188648912
0.219776626594182 0.06153949087837608
0.221974392860124 0.05972415584254954
0.224194136788725 0.05790085415947557
0.226436078156613 0.05606939241645564
0.228700438938179 0.05422957785033035
0.23098744332756 0.0523812183983059
0.233297317760836 0.05052411918979602
0.235630290938444 0.04865808792213069
0.237986593847829 0.04678292967127663
0.240366459786307 0.04489844926323497
0.24277012438417 0.04300444847456102
0.245197825628012 0.04110072791812862
0.247649803884292 0.03918708919109296
0.250126301923135 0.03726333089420289
0.252627564942366 0.03532924661167307
0.25515384059179 0.03338462958963136
0.257705378997708 0.03142927468347548
0.260282432787685 0.02946296497272813
0.262885257115562 0.02748549922921519
0.265514109686717 0.02549665016241383
0.268169250783585 0.02349620248590516
0.27085094329142 0.02148393891831929
0.273559452724335 0.01945962976261155
0.276295047251578 0.01742305003337289
0.279057997724094 0.01537397284155383
0.281848577701335 0.01331216315822028
0.284667063478348 0.01123738854790589
0.287513734113132 0.009149407365393533
0.290388871454263 0.007047980483736092
0.293292760168805 0.004932861551561261
0.296225687770494 0.002803810013767906
0.299187944648198 0.0006605749991444326
0.30217982409468 -0.001497096251304665
0.305201622335627 -0.003669451266180885
0.308253638558984 -0.00585675920868485
0.311336174944573 -0.008059264133591787
0.314449536694019 -0.010277233973395
0.317594032060959 -0.01251091989531675
0.320769972381569 -0.01476059327718572
0.323977672105385 -0.0170265245842951
0.327217448826438 -0.01930896719525732
0.330489623314703 -0.02160818353375066
0.33379451954785 -0.02392445502546814
0.337132464743328 -0.02625803546787439
0.340503789390762 -0.02860920501021506
0.343908827284669 -0.03097822060471238
0.347347915557516 -0.03336535414404834
0.350821394713091 -0.0357708724301897
0.354329608660222 -0.03819504129932277
0.357872904746824 -0.04063813268273964
0.361451633794292 -0.04310040926948219
0.365066150132235 -0.04558213201860142
0.368716811633558 -0.04808357298817886
0.372403979749893 -0.05060498698161035
0.376128019547392 -0.05314664748591979
0.379889299742866 -0.05570880888385297
0.383688192740295 -0.0582917336797551
0.387525074667698 -0.06089568330988718
0.391400325414375 -0.06352092447873589
0.395314328668518 -0.06616770281149557
0.399267471955204 -0.06883629791565256
0.403260146674756 -0.07152695489301795
0.407292748141503 -0.07423994644314799
0.411365675622918 -0.07697552260684715
0.415479332379147 -0.07973395439148387
0.419634125702939 -0.08251550397123994
0.423830466959968 -0.0853204362096564
0.428068771629568 -0.08814902018847522
0.432349459345864 -0.09100152799760231
0.436672953939322 -0.09387823216965452
0.441039683478716 -0.09677940909944212
0.445450080313503 -0.09970533576528236
0.449904581116638 -0.1026563044983006
0.454403626927804 -0.1056325950947477
0.458947663197082 -0.108634506690267
0.463537139829053 -0.1116623235763757
0.468172511227344 -0.1147163604800921
0.472854236339617 -0.117796918648365
0.477582778703013 -0.1209043089707167
0.482358606490043 -0.1240388463153378
0.487182192554944 -0.1272008569308652
0.492054014480493 -0.1303906665613594
0.496974554625298 -0.13360860938878
0.501944300171551 -0.1368550170111718
0.506963743173267 -0.1401302336906624
0.512033380604999 -0.1434346051282966
0.517153714411049 -0.1467684881789563
0.52232525155516 -0.1501322316795919
0.527548504070711 -0.1535262010690661
0.532823989111418 -0.1569507582760986
0.538152229002533 -0.1604062746922933
0.543533751292558 -0.1638931184882483
0.548969088805484 -0.167411669100125
0.554458779693538 -0.1709623048914225
0.560003367490474 -0.1745454079190637
0.565603401165378 -0.1781613634054157
0.571259435177032 -0.1818105576671362
0.576972029528803 -0.1854933837022707
0.582741749824091 -0.1892102330251347
0.588569167322331 -0.1929614935145903
0.5944548589955549 -0.1967475786104042
0.60039940758551 -0.2005688788652324
0.606403401661365 -0.2044258144016783
0.612467435677979 -0.2083187586708895
0.618592110034759 -0.2122481416378832
0.624778031135106 -0.2162143612133476
0.631025811446457 -0.2202178386552723
0.637336069560922 -0.2242590021478962
0.643709430256531 -0.2283382298080541
0.650146524559097 -0.2324559531162592
0.656647989804688 -0.2366126273783234
0.663214469702734 -0.2408086539810842
0.669846614399762 -0.2450444742358169
0.6765450805437589 -0.2493205166039508
0.6833105313491969 -0.2536372119055975
0.690143636662689 -0.2579950398961624
0.697045073029316 -0.2623944077562517
0.704015523759609 -0.2668357932276014
0.711055678997205 -0.2713196431482526
0.718166235787177 -0.2758464284213564
0.725347898145049 -0.2804166081858608
0.732601377126499 -0.2850306782458985
0.739927390897764 -0.2896891372837605
0.747326664806742 -0.2943924423188357
0.7547999314548089 -0.2991410994797966
0.762347930769357 -0.3039356143501187
0.7699714100770511 -0.308776499497054
0.777671124177822 -0.3136642721481132
0.7854478354195999 -0.3185994529499191
0.793302313773796 -0.3235825765192339
0.801235336911534 -0.3286141705303691
0.809247690280649 -0.3336947744010869
0.817340167183456 -0.3388249285263953
0.82551356885529 -0.3440051756796951
0.833768704543843 -0.3492360570144685
0.842106391589282 -0.3545181260682606
0.8505274555051739 -0.3598518825013814
0.8547800927827 -0.3625450320235361
0.859032730060226 -0.3652378991222701
0.863327893710527 -0.3679574234881895
0.867623057360828 -0.3706766733734695
0.871961172647633 -0.3734228349944216
0.874130230291035 -0.3747958144953509
0.876299287934437 -0.3761687136019278
0.878490036154273 -0.3775552700211705
0.880680784374109 -0.3789417603115137
0.882871532593945 -0.3803281686092799
0.885062280813781 -0.3817145052930386
0.887274936515815 -0.3831146277337589
0.88948759221785 -0.3845146719900147
0.891700247919885 -0.385914636782281
0.893912903621919 -0.3873145202549697
0.898382468140029 -0.3901420256870002
0.902852032658138 -0.3929691856523904
0.907366292821429 -0.3958242388347266
0.91188055298472 -0.3986788999634052
0.916439955749644 -0.401561682502156
0.920999358514567 -0.4044440213204193
0.92560435530714 -0.407354691411835
0.930209352099712 -0.4102648490155121
0.93951144562071 -0.4161416045115501
0.948906560076917 -0.422074479823502
0.958395625677686 -0.4280635046003399
0.967979581934463 -0.4341086415139413
0.977659377753807 -0.4402097098458785
0.987435971531345 -0.4463663431200414
0.997310331246659 -0.4525780034801841
1.00728343455913 -0.4588438912259101
1.01735626890472 -0.4651629351158335
1.02752983159376 -0.4715336989099448
1.0378051299097 -0.4779542574353487
1.0481831812088 -0.4844221286088832
1.05866501302089 -0.4909341719433863
1.0692516631511 -0.4974862803243382
1.07994417978261 -0.5040732141722551
1.09074362158043 -0.5106881736139181
1.10165105779624 -0.5173221044583104
1.1126675683742 -0.5239632347533832
1.12379424405794 -0.5305956789694606
1.13503218649852 -0.5371976889540035
1.14638250836351 -0.54373879687614
1.15784633344714 -0.5501750154065479
1.16942479678161 -0.5564403924915562
1.18111904474943 -0.5624313320292476
1.19293023519692 -0.5679747578384639
1.20485953754889 -0.5727575461001857
1.21690813292438 -0.5761482198726507
1.22299267358901 -0.5769272121881617
1.22907721425363 -0.5766801300633982
1.23522260032489 -0.5748284789502394
1.24136798639616 -0.5704641982849362
1.24447140636215 -0.5669380255217493
1.24757482632814 -0.5623661415075799
1.25067824629413 -0.5567563951987407
1.25378166626012 -0.5502793939199796
1.25534889334295 -0.5467710437153153
1.25691612042577 -0.5431601226186816
1.26005057459142 -0.5357887045004306
1.26318502875707 -0.5284261542902534
1.26631948292272 -0.5212381490561271
1.26948528163003 -0.5142439316770294
1.27265108033733 -0.5075531083734511
1.27581687904464 -0.5011718348399909
1.27898267775195 -0.4950905982417368
1.28218013444633 -0.4892359373675226
1.28537759114071 -0.4836499980270911
1.29177250452947 -0.4732039244034449
1.29823136705212 -0.4635104691406069
1.30469022957477 -0.4545497662174082
1.31121368072264 -0.4461363278939026
1.31773713187051 -0.4382759464597465
1.32432581752987 -0.430826295958011
1.33091450318922 -0.4238089849152363
1.33756907570517 -0.4171102475453375
1.34422364822111 -0.410760041864988
1.35094476646222 -0.4046639347273901
1.35766588470332 -0.3988560016300919
1.36445421412684 -0.3932554980103985
1.37124254355036 -0.3878980995119551
1.38495496898586 -0.377737283061521
1.39880451867572 -0.368258037133916
1.41279256386247 -0.3593701111442131
1.4269204895011 -0.3510004367420899
1.44118969439611 -0.3430894789789841
1.45560159134007 -0.3355878956881889
1.47015760725347 -0.3284543010938289
1.48485918332601 -0.321653595595095
1.49970777515927 -0.3151557184802641
1.51470485291086 -0.3089347136683107
1.52985190143997 -0.30296799381865
1.54515042045437 -0.2972357599434369
1.56060192465891 -0.2917205530749197
1.5762079439055 -0.2864068859577166
1.59197002334456 -0.2812809582778236
1.607889723578 -0.2763303938469189
1.62396862081378 -0.2715440642434765
1.64020830702192 -0.2669119117956209
1.65661039009214 -0.2624248158507866
1.67317649399306 -0.2580744710483954
1.68990825893299 -0.2538533074215271
1.70680734152232 -0.2497543722367367
1.72387541493754 -0.2457712916931324
1.74111416908692 -0.2418981934304175
1.75852531077779 -0.238129655488833
1.77611056388557 -0.2344606603104777
1.79387166952442 -0.2308865545951666
1.81181038621967 -0.2274030118282019
1.82992849008186 -0.2240060100117398
1.84822777498268 -0.2206917867270856
1.86671005273251 -0.2174568328261368
1.88537715325983 -0.2142978618024342
1.90423092479243 -0.2112117919326199
1.92327323404036 -0.2081957296614925
1.94250596638076 -0.2052469545433704
1.96193102604457 -0.202362905028603
1.98155033630501 -0.1995411655408512
2.00136583966806 -0.1967794570209952
2.02137949806474 -0.194075625256899
2.04159329304539 -0.1914276320120553
2.06200922597584 -0.1888335471941284
2.0826293182356 -0.1862915404660475
2.10345561141796 -0.1837998766042576
2.12449016753214 -0.1813569050653536
2.14573506920746 -0.1789610578126925
2.16719241989954 -0.176610842831431
2.18886434409853 -0.1743048389890315
2.21075298753952 -0.1720416919648366
2.23286051741491 -0.1698201095125968
2.25518912258906 -0.167638858658357
2.27774101381495 -0.1654967609363455
2.3005184239531 -0.1633926904074435
2.32352360819263 -0.1613255694468333
2.34675884427456 -0.1592943667280281
2.3702264327173 -0.157298094261822
2.39392869704448 -0.1553358053579607
2.41786798401492 -0.1534065916673549
2.44204666385507 -0.1515095817416571
2.46646713049362 -0.1496439386923008
2.49113180179856 -0.1478088581876058
2.51604311981654 -0.1460035680572941
2.54120355101471 -0.1442273242024367
2.56661558652486 -0.1424794119910573
2.5922817423901 -0.1407591411883277
2.618204559814 -0.1390658496396305
2.64438660541214 -0.1373988973530254
2.67083047146627 -0.1357576676685791
2.69753877618093 -0.1341415655773871
2.72451416394274 -0.1325500169917863
2.75175930558217 -0.1309824674266342
2.77927689863799 -0.129438381154858
2.80706966762437 -0.1279172405927422
2.83514036430061 -0.1264185453577987
2.86349176794362 -0.1249418111842526
2.89212668562305 -0.1234865695843528
2.92104795247928 -0.1220523671783614
2.95025843200408 -0.1206387648411252
2.97976101632412 -0.1192453368695778
3.00955862648736 -0.1178716712780941
3.03965421275223 -0.1165173679715339
3.07005075487975 -0.115182039472105
3.10075126242855 -0.1138653095466588
3.13175877505284 -0.1125668131251647
3.16307636280337 -0.1112861958658213
3.1947071264314 -0.1100231135874667
3.22665419769571 -0.1087772317487069
3.25892073967267 -0.1075482256402772
3.2915099470694 -0.1063357792730042
3.32442504654009 -0.1051395855491274
3.35766929700549 -0.1039593456677951
3.39124598997555 -0.1027947690342377
3.4251584498753 -0.1016455727025534
3.45941003437406 -0.1005114813195097
3.4940041347178 -0.09939222668206282
3.52894417606497 -0.09828754762598166
3.56423361782562 -0.09719718966864779
3.59987595400388 -0.09612090477438807
3.63587471354392 -0.09505845115228291
3.67223346067936 -0.09400959308557248
3.70895579528615 -0.09297410069994647
3.74604535323901 -0.09195174962953728
3.7835058067714 -0.0909423210955372
3.82134086483912 -0.08994560143055762
3.85955427348751 -0.0889613821604342
3.89814981622238 -0.08798945970321144
3.93713131438461 -0.0870296350949403
3.97650262752845 -0.0860817141683782
4.01626765380374 -0.08514550707799912
4.05643033034178 -0.08422082830884764
4.09699463364519 -0.08330749653678296
4.13796457998165 -0.08240533446700381
4.17934422578146 -0.08151416872244932
4.22113766803928 -0.08063382971987804
4.26334904471967 -0.07976415156332123
4.30598253516687 -0.07890497192002476
4.34904236051854 -0.07805613191265108
4.39253278412372 -0.07721747603800273
4.43645811196496 -0.07638885204503484
4.48082269308461 -0.07557011084228564
4.52563092001545 -0.0747611064258713
4.57088722921561 -0.07396169576512136
4.61659610150777 -0.07317173873926495
4.66276206252284 -0.07239109802005682
4.70938968314807 -0.07161963905752378
4.75648357997955 -0.0708572299245423
4.80404841577935 -0.07010374132443004
4.85208889993714 -0.06935904643492001
4.90060978893651 -0.0686230209220693
4.94961588682588 -0.06789554281674905
4.99911204569414 -0.06717649247525985
5.04910316615108 -0.06646575250986832
5.09959419781259 -0.06576320773628258
5.15059013979072 -0.06506874511238166
5.20209604118862 -0.0643822536854583
5.25411700160051 -0.06370362453238726
5.30665817161651 -0.06303275071778169
5.35972475333268 -0.06236952723201152
5.41332200086601 -0.06171385095451615
5.46745522087467 -0.06106562059872867
5.52212977308341 -0.0604247366706603
5.57735107081425 -0.05979110142773205
5.63312458152239 -0.05916461882790956
5.68945582733762 -0.0585451944956005
5.74635038561099 -0.05793273568128075
5.8038138894671 -0.05732715121945654
5.86185202836177 -0.05672835149775728
5.92047054864539 -0.05613624841027276
5.97967525413184 -0.05555075533312503
6.03947200667316 -0.05497178708872945
6.0998667267399 -0.05439925990224392
6.16086539400729 -0.05383309138514891
6.22247404794737 -0.05327320049475315
6.28469878842684 -0.05271950750209349
6.34754577631111 -0.05217193397311349
6.41102123407422 -0.05163040272975224
6.47513144641496 -0.05109483782754669
6.53988276087911 -0.05056516452791549
6.60528158848791 -0.05004130927273965
6.67133440437278 -0.049523199656499
6.73804774841651 -0.04901076440832425
6.80542822590068 -0.04850393335812257
6.87348250815968 -0.04800263742260114
6.94221733324128 -0.04750680857841465
7.01163950657369 -0.04701637983897749
7.08175590163943 -0.04653128523932806
7.15257346065582 -0.04605145980545235
7.22409919526238 -0.04557683954527745
7.29634018721501 -0.04510736142071217
7.36930358908716 -0.04464296333195018
7.44299662497803 -0.04418358409704581
7.51742659122781 -0.04372916343798117
7.59260085714009 -0.0432796419591041
7.66852686571149 -0.04283496112825074
7.7452121343686 -0.04239506326664257
7.82266425571229 -0.04195989152657363
7.90089089826941 -0.04152938987811374
7.97989980725211 -0.04110350309331446
8.059698805324629 -0.04068217672997612
8.14029579337787 -0.04026535711908578
8.221698751311649 -0.0398529913482983
8.30391573882477 -0.03944502724945638
8.38695489621302 -0.03904141338349623
8.47082444517515 -0.03864209902588565
8.555532689626901 -0.0382470341689453
8.64108801652317 -0.03785616947400372
8.727498896688401 -0.03746945629555601
8.81477388565529 -0.03708684665155109
8.902921624511841 -0.03670829321381534
8.99195084075696 -0.03633374929709442
9.081870349164531 -0.03596316884972683
9.172689052656169 -0.03559650643722011
9.26441594318274 -0.03523371723977649
9.357060102614559 -0.03487475703130697
9.45063070364071 -0.03451958218157686
9.54513701067712 -0.03416814963333351
9.640588380783891 -0.03382041690474742
9.736994264591729 -0.03347634206967637
9.834364207237639 -0.03313588375202383
9.93270784931002 -0.03279900111986019
10.0320349278031 -0.03246565387017426
10.1323552770812 -0.03213580222768028
10.233678829852 -0.03180940693002001
10.3360156181505 -0.0314864292205203
10.439375774332 -0.03116683084062637
10.5437695320753 -0.03085057402381627
10.6492072273961 -0.03053762148681209
10.75569929967 -0.03022793641762726
10.8632562926667 -0.02992148247312218
10.9718888555934 -0.02961822377229134
11.0816077441493 -0.02931812488224979
11.1924238215908 -0.02902115081954435
11.3043480598067 -0.02872726703789771
11.4173915404048 -0.0284364394211694
11.5315654558088 -0.02814863428129263
11.6468811103669 -0.02786381834708411
11.7633499214706 -0.02758195875862338
11.8809834206853 -0.02730302306484785
11.9997932548922 -0.02702697921137396
12.1197911874411 -0.02675379553867763
12.2409890993155 -0.02648344077694191
12.3633989903086 -0.02621588403553499
12.4870329802117 -0.02595109480108451
12.6119033100138 -0.02568904293215959
12.738022343114 -0.02542969865200182
12.8654025665451 -0.02517303254400086
12.9940565922106 -0.02491901554531493
13.1239971581327 -0.0246676189437021
13.255237129714 -0.02441881437135335
13.3877895010112 -0.02417257380061759
13.5216673960213 -0.02392886953692041
13.6568840699815 -0.02368767421554067
13.7934529106813 -0.02344896080079579
13.9313874397881 -0.02321270257271889
14.070701314186 -0.02297887312944576
14.2114083273278 -0.02274744638228337
14.3535224106011 -0.02251839654542276
14.4970576347071 -0.02229169814167073
14.6420282110542 -0.02206732598918214
14.7884484931648 -0.02184524470643031
14.9363329780964 -0.02162539797625476
15.0856963078774 -0.02140776412285351
15.2365532709561 -0.0211923259540656
15.3889188036657 -0.02097906789704221
15.5428079917024 -0.02076857081841526
15.6982360716194 -0.02055980159695043
15.8552184323356 -0.02035316745156673
16.0137706166589 -0.02014864571311511
16.1739083228255 -0.01994621397148204
16.3356474060538 -0.01974585007413359
16.4990038801143 -0.01954753212285519
16.6639939189155 -0.01935123846938896
16.8306338581046 -0.01915694771202747
16.9989401966857 -0.01896463869226779
17.1689295986525 -0.01877429048998321
17.340618894639 -0.0185858824348734
17.5140250835854 -0.01839939407174945
17.6891653344213 -0.01821480518888803
17.8660569877655 -0.01803209580025662
18.0447175576431 -0.01785124614460008
18.2251647332196 -0.01767223668360256
18.4074163805518 -0.0174950480979663
18.5914905443573 -0.0173196612841811
18.7774054498009 -0.01714605735518281
18.9651795042989 -0.01697421763298363
19.1548312993419 -0.01680412364897036
19.3463796123353 -0.01663575714112029
19.5398434084586 -0.01646910004760848
19.7352418425432 -0.01630413451177514
19.9325942609687 -0.01614084287256874
20.1319202035783 -0.01597920766384466
20.3332394056141 -0.01581921161579049
20.5365717996703 -0.01566083764620516
20.741937517667 -0.01550406886533895
20.9493568928436 -0.01534888856614801
21.1588504617721 -0.01519528022712913
21.3704389663898 -0.01504322750612728
21.5841433560537 -0.01489271424374145
21.7999847896142 -0.01474372445662505
22.0179846375104 -0.01459624233587158
22.2381644838855 -0.01445025224573142
22.4605461287243 -0.01430573872062905
22.6851515900116 -0.01416268646566646
22.9120031059117 -0.01402108035095471
23.1411231369708 -0.01388090541222114
23.3725343683405 -0.01374214684800223
23.6062597120239 -0.01360479001571349
23.8423223091442 -0.01346882043368875
24.0807455322356 -0.01333422377658863
24.321552987558 -0.01320098587421135
24.5647685174336 -0.01306909270935197
24.8104162026079 -0.01293853041621578
25.058520364634 -0.01280928527912783
25.3091055682803 -0.01268134372901237
25.5621966239631 -0.01255469234459154
25.8178185902027 -0.01242931784780875
26.0759967761048 -0.01230520710350877
26.3367567438658 -0.01218234711771303
26.6001243113045 -0.01206072503572408
26.8661255544175 -0.01194032814042206
27.1347868099617 -0.01182114385136242
27.4061346780613 -0.01170315972112143
27.6801960248419 -0.01158636343735467
27.9569979850903 -0.01147074281776063
28.2365679649412 -0.01135628581045725
28.5189336445907 -0.01124298049188229
28.8041229810366 -0.01113081506537109
29.0921642108469 -0.01101977785959046
29.3830858529554 -0.01090985732748695
29.676916711485 -0.01080104204444147
29.9736858785998 -0.01069332070707439
30.2734227373858 -0.01058668213204076
30.5761569647597 -0.01048111525419972
30.8819185344073 -0.01037660912562434
31.1907377197513 -0.01027315291412089
31.5026450969488 -0.01017073590191563
31.8176715479183 -0.010069347484474
32.1358482633975 -0.009968977168853704
32.4572067460315 -0.009869614573762479
32.7817788134918 -0.009771249425634339
33.1095966016267 -0.00967387156046033
33.440692567643 -0.009577470920423067
33.7750994933194 -0.009482037553623344
34.1128504882526 -0.009387561612834468
34.4539789931351 -0.009294033353886734
34.7985187830665 -0.009201443135091237
35.1465039708972 -0.009109781415651235
35.4979690106061 -0.009019038754852424
35.8529487007122 -0.008929205810719491
36.2114781877193 -0.008840273338226444
36.5735929695965 -0.008752232192585748
36.9393288992925 -0.008665073319080176
37.3087221882854 -0.008578787760856856
37.6818094101683 -0.008493366654301258
38.0586275042699 -0.008408801227636776
38.4392137793127 -0.00832508280091305
38.8236059171058 -0.008242202784278674
39.2118419762768 -0.008160152677456902
39.6039603960396 -0.008078924068701204
40 -0.007998508633729222
