-40 -0.00136998101233765
-39.6039603960396 -0.00138364013962354
-39.2118419762768 -0.00139743505667221
-38.8236059171058 -0.00141136713919356
-38.4392137793127 -0.00142543774371864
-38.0586275042699 -0.00143964824065797
-37.6818094101683 -0.00145400001401677
-37.3087221882854 -0.00146849446144076
-36.9393288992925 -0.00148313299417817
-36.5735929695965 -0.00149791703776326
-36.2114781877193 -0.00151284803131261
-35.8529487007122 -0.00152792742821266
-35.4979690106061 -0.00154315669610786
-35.1465039708972 -0.00155853731706008
-34.7985187830665 -0.00157407078766713
-34.4539789931351 -0.00158975861921442
-34.1128504882526 -0.00160560233781685
-33.7750994933194 -0.00162160348455558
-33.440692567643 -0.00163776361564045
-33.1095966016267 -0.00165408430253838
-32.7817788134918 -0.00167056713213248
-32.4572067460315 -0.00168721370686959
-32.1358482633975 -0.00170402564491267
-31.8176715479183 -0.00172100458028858
-31.5026450969488 -0.00173815216305475
-31.1907377197513 -0.00175547005944153
-30.8819185344073 -0.00177295995201759
-30.5761569647597 -0.00179062353984724
-30.2734227373858 -0.00180846253865119
-29.9736858785998 -0.0018264786809664
-29.676916711485 -0.00184467371632136
-29.3830858529554 -0.00186304941138045
-29.0921642108469 -0.00188160755013114
-28.8041229810366 -0.00190034993404351
-28.5189336445907 -0.00191927838224253
-28.2365679649412 -0.00193839473168019
-27.9569979850903 -0.00195770083730357
-27.6801960248419 -0.00197719857226541
-27.4061346780613 -0.00199688982802503
-27.1347868099617 -0.00201677651461088
-26.8661255544175 -0.00203686056075597
-26.6001243113045 -0.00205714391409136
-26.3367567438658 -0.00207762854133074
-26.0759967761048 -0.00209831642845751
-25.8178185902027 -0.00211920958090756
-25.5621966239631 -0.0021403100237774
-25.3091055682803 -0.00216161980199134
-25.058520364634 -0.00218314098051411
-24.8104162026079 -0.00220487564454097
-24.5647685174336 -0.00222682589969683
-24.321552987558 -0.00224899387223848
-24.0807455322356 -0.00227138170921243
-23.8423223091442 -0.00229399157882975
-23.6062597120239 -0.00231682567038725
-23.3725343683405 -0.00233988619471862
-23.1411231369708 -0.00236317538430488
-22.9120031059117 -0.00238669549350167
-22.6851515900116 -0.00241044879875365
-22.4605461287243 -0.00243443759882543
-22.2381644838855 -0.00245866421498282
-22.0179846375104 -0.00248313099126662
-21.7999847896142 -0.00250784029468103
-21.5841433560537 -0.00253279451543082
-21.3704389663898 -0.0025579960670906
-21.1588504617721 -0.00258344738716492
-20.9493568928436 -0.00260915093661825
-20.741937517667 -0.00263510920085779
-20.5365717996703 -0.00266132468950447
-20.3332394056141 -0.00268779993706427
-20.1319202035783 -0.00271453750250465
-19.9325942609687 -0.00274153997017279
-19.7352418425432 -0.00276880994963066
-19.5398434084586 -0.00279635007621004
-19.3463796123353 -0.00282416301083695
-19.1548312993419 -0.00285225144091334
-18.9651795042989 -0.00288061807982193
-18.7774054498009 -0.0029092656678652
-18.5914905443573 -0.00293819697221958
-18.4074163805518 -0.00296741478711305
-18.2251647332196 -0.00299692193435294
-18.0447175576431 -0.00302672126343404
-17.8660569877655 -0.00305681565177974
-17.6891653344213 -0.00308720800532682
-17.5140250835854 -0.00311790125834046
-17.340618894639 -0.00314889837407358
-17.1689295986525 -0.00318020234492696
-16.9989401966857 -0.00321181619255677
-16.8306338581046 -0.00324374296901363
-16.6639939189155 -0.00327598575557527
-16.4990038801143 -0.00330854766435856
-16.3356474060538 -0.00334143183806182
-16.1739083228255 -0.00337464145037665
-16.0137706166589 -0.00340817970602673
-15.8552184323356 -0.00344204984231466
-15.6982360716194 -0.00347625512715784
-15.5428079917024 -0.00351079886159435
-15.3889188036657 -0.00354568437908667
-15.2365532709561 -0.00358091504604398
-15.0856963078774 -0.00361649426217725
-14.9363329780964 -0.00365242546070372
-14.7884484931648 -0.00368871210914677
-14.6420282110542 -0.00372535770902525
-14.4970576347071 -0.00376236579670892
-14.3535224106011 -0.00379973994360348
-14.2114083273278 -0.00383748375653725
-14.070701314186 -0.00387560087815174
-13.9313874397881 -0.00391409498675683
-13.7934529106813 -0.0039529697987601
-13.6568840699815 -0.00399222906554531
-13.5216673960213 -0.00403187657690025
-13.3877895010112 -0.0040719161600755
-13.255237129714 -0.00411235168056236
-13.1239971581327 -0.00415318704221768
-12.9940565922106 -0.00419442618754449
-12.8654025665451 -0.00423607310004568
-12.738022343114 -0.00427813180008879
-12.6119033100138 -0.00432060635047234
-12.4870329802117 -0.00436350085392552
-12.3633989903086 -0.00440681945426577
-12.2409890993155 -0.00445056633681991
-12.1197911874411 -0.0044947457288349
-11.9997932548922 -0.00453936190030359
-11.8809834206853 -0.0045844191634075
-11.7633499214706 -0.00462992187434535
-11.6468811103669 -0.00467587443290034
-11.5315654558088 -0.00472228128321071
-11.4173915404048 -0.00476914691423734
-11.3043480598067 -0.00481647586039098
-11.1924238215908 -0.00486427270167829
-11.0816077441493 -0.00491254206479427
-10.9718888555934 -0.00496128862301019
-10.8632562926667 -0.00501051709729474
-10.75569929967 -0.00506023225595995
-10.6492072273961 -0.00511043891724958
-10.5437695320753 -0.00516114194785957
-10.439375774332 -0.00521234626334907
-10.3360156181505 -0.00526405683062459
-10.233678829852 -0.00531627866695777
-10.1323552770812 -0.00536901684136135
-10.0320349278031 -0.00542227647464419
-9.93270784931002 -0.00547606274075436
-9.834364207237639 -0.00553038086672665
-9.736994264591729 -0.00558523613377097
-9.640588380783891 -0.00564063387778779
-9.54513701067712 -0.00569657948998237
-9.45063070364071 -0.00575307841771434
-9.357060102614559 -0.00581013616522046
-9.26441594318274 -0.00586775829355437
-9.172689052656169 -0.00592595042301301
-9.081870349164531 -0.00598471823213234
-8.99195084075696 -0.00604406745941101
-8.902921624511841 -0.00610400390334186
-8.81477388565529 -0.00616453342458693
-8.727498896688401 -0.00622566194507759
-8.64108801652317 -0.00628739544988429
-8.555532689626901 -0.00634973998775372
-8.47082444517515 -0.00641270167199455
-8.38695489621302 -0.00647628668127819
-8.30391573882477 -0.00654050126197889
-8.221698751311649 -0.00660535172359733
-8.14029579337787 -0.00667084444776323
-8.059698805324629 -0.00673698588382741
-7.97989980725211 -0.00680378255133215
-7.90089089826941 -0.00687124104044925
-7.82266425571229 -0.00693936801376072
-7.7452121343686 -0.00700817020674308
-7.66852686571149 -0.00707765442901549
-7.59260085714009 -0.00714782756543586
-7.51742659122781 -0.0072186965772055
-7.44299662497803 -0.00729026850171666
-7.36930358908716 -0.00736255045827857
-7.29634018721501 -0.00743554964275784
-7.22409919526238 -0.00750927333338619
-7.15257346065582 -0.00758372889063094
-7.08175590163943 -0.0076589237585904
-7.01163950657369 -0.00773486546642702
-6.94221733324128 -0.00781156162924937
-6.87348250815968 -0.00788901995060078
-6.80542822590068 -0.00796724822265667
-6.73804774841651 -0.0080462543286456
-6.67133440437278 -0.00812604624401729
-6.60528158848791 -0.0082066320380853
-6.53988276087911 -0.00828801987559895
-6.47513144641496 -0.00837021801974181
-6.41102123407422 -0.0084532348346393
-6.34754577631111 -0.00853707877333689
-6.28469878842684 -0.00862175840520893
-6.22247404794737 -0.00870728239927841
-6.16086539400729 -0.00879365953117957
-6.0998667267399 -0.00888089868516807
-6.03947200667316 -0.00896900885564536
-5.97967525413184 -0.00905799915271811
-5.92047054864539 -0.00914787879721949
-5.86185202836177 -0.00923865713078454
-5.8038138894671 -0.00933034361412639
-5.74635038561099 -0.00942294783046523
-5.68945582733762 -0.00951647948807101
-5.63312458152239 -0.00961094842390645
-5.57735107081425 -0.00970636460253384
-5.52212977308341 -0.00980273787988234
-5.46745522087467 -0.00990007862937924
-5.41332200086601 -0.00999839768179374
-5.35972475333268 -0.0100977052076729
-5.30665817161651 -0.0101980118636293
-5.25411700160051 -0.0102993284802786
-5.20209604118862 -0.0104016660152761
-5.15059013979072 -0.0105050355898903
-5.09959419781259 -0.0106094484798029
-5.04910316615108 -0.0107149161443766
-4.99911204569414 -0.0108214501823421
-4.94961588682588 -0.0109290623923111
-4.90060978893651 -0.0110377647401996
-4.85208889993714 -0.0111475693391812
-4.80404841577935 -0.0112584885362018
-4.75648357997955 -0.0113705348325405
-4.70938968314807 -0.0114837209467505
-4.66276206252284 -0.0115980601939341
-4.61659610150777 -0.0117135640976735
-4.57088722921561 -0.0118302478681195
-4.52563092001545 -0.0119481242978302
-4.48082269308461 -0.0120672071227096
-4.43645811196496 -0.012187510295905
-4.39253278412372 -0.0123090480509079
-4.34904236051854 -0.0124318347861502
-4.30598253516687 -0.0125558853700941
-4.26334904471967 -0.012681213906414
-4.22113766803928 -0.0128078366461734
-4.17934422578146 -0.0129357683842433
-4.13796457998165 -0.013065025218532
-4.09699463364519 -0.0131956224430836
-4.05643033034178 -0.0133275768778088
-4.01626765380374 -0.0134609042312645
-3.97650262752845 -0.0135956222246148
-3.93713131438461 -0.0137317474591579
-3.89814981622238 -0.013869297235562
-3.85955427348751 -0.0140082892933744
-3.82134086483912 -0.0141487414920882
-3.7835058067714 -0.014290672160496
-3.74604535323901 -0.0144341004428893
-3.70895579528615 -0.0145790442733402
-3.67223346067936 -0.0147255230190041
-3.63587471354392 -0.0148735572248465
-3.59987595400388 -0.0150231654232144
-3.56423361782562 -0.0151743689259379
-3.52894417606497 -0.0153271881673332
-3.4940041347178 -0.0154816437537193
-3.45941003437406 -0.0156377587368291
-3.4251584498753 -0.0157955516344968
-3.39124598997555 -0.0159550460494835
-3.35766929700549 -0.016116264405178
-3.32442504654009 -0.016279227941282
-3.2915099470694 -0.0164439627115816
-3.25892073967267 -0.0166104909260808
-3.22665419769571 -0.0167788365992149
-3.1947071264314 -0.0169490245047198
-3.16307636280337 -0.0171210767950756
-3.13175877505284 -0.0172950215608448
-3.10075126242855 -0.0174708829690148
-3.07005075487975 -0.0176486866277652
-3.03965421275223 -0.0178284602214129
-3.00955862648736 -0.0180102270807173
-2.97976101632412 -0.0181940183261283
-2.95025843200408 -0.0183798570513902
-2.92104795247928 -0.018567774134523
-2.89212668562305 -0.0187577967789792
-2.86349176794362 -0.0189499525770057
-2.83514036430061 -0.019144271890047
-2.80706966762437 -0.019340782274003
-2.77927689863799 -0.0195395153060901
-2.75175930558217 -0.0197404966616421
-2.72451416394274 -0.019943761188587
-2.69753877618093 -0.0201493361327517
-2.67083047146627 -0.0203572544191078
-2.64438660541214 -0.0205675477179544
-2.618204559814 -0.020780243243553
-2.5922817423901 -0.0209953758850121
-2.56661558652486 -0.0212129792859281
-2.54120355101471 -0.0214330810375862
-2.51604311981654 -0.0216557183083312
-2.49113180179856 -0.0218809193663042
-2.46646713049362 -0.0221087200535728
-2.44204666385507 -0.022339154442693
-2.41786798401492 -0.022572251802852
-2.39392869704448 -0.0228080514304667
-2.3702264327173 -0.0230465812778567
-2.34675884427456 -0.0232878796097275
-2.32352360819263 -0.0235319847182581
-2.3005184239531 -0.0237789173055683
-2.27774101381495 -0.0240287247847642
-2.25518912258906 -0.0242814375968471
-2.23286051741491 -0.0245370932683009
-2.21075298753952 -0.0247957268047066
-2.18886434409853 -0.0250573701288153
-2.16719241989954 -0.0253220606440816
-2.14573506920746 -0.0255898357661327
-2.12449016753214 -0.0258607308777764
-2.10345561141796 -0.0261347824308202
-2.0826293182356 -0.0264120317251587
-2.06200922597584 -0.026692502118298
-2.04159329304539 -0.0269762450501281
-2.02137949806474 -0.0272632940659577
-2.00136583966806 -0.027553685571657
-1.98155033630501 -0.0278474597408521
-1.96193102604457 -0.0281446528344682
-1.94250596638076 -0.0284452995719703
-1.92327323404036 -0.0287494486578878
-1.90423092479243 -0.0290571316416965
-1.88537715325983 -0.0293683898091288
-1.86671005273251 -0.0296832633182126
-1.84822777498268 -0.0300017884325707
-1.82992849008186 -0.0303240098507194
-1.81181038621967 -0.0306499644281109
-1.79387166952442 -0.030979693572913
-1.77611056388557 -0.0313132355294264
-1.75852531077779 -0.0316506303030831
-1.74111416908692 -0.031991917589114
-1.72387541493754 -0.0323371362457692
-1.70680734152232 -0.0326863245987105
-1.68990825893299 -0.0330395214672915
-1.67317649399306 -0.0333967596228345
-1.65661039009214 -0.0337580832888613
-1.64020830702192 -0.0341235202081017
-1.62396862081378 -0.0344931062597533
-1.607889723578 -0.0348668725285131
-1.59197002334456 -0.0352448491617324
-1.5762079439055 -0.0356270711503538
-1.56060192465891 -0.036013540559922
-1.54515042045437 -0.036404303049619
-1.52985190143997 -0.0367993734583499
-1.51470485291086 -0.0371987503138106
-1.49970777515927 -0.0376024652927377
-1.48485918332601 -0.0380105178684464
-1.47015760725347 -0.0384229033682196
-1.45560159134007 -0.0388396328622117
-1.44118969439611 -0.0392606932586258
-1.4269204895011 -0.0396860560833548
-1.41279256386247 -0.0401157168811424
-1.39880451867572 -0.0405496294117191
-1.38495496898586 -0.0409878914674511
-1.37124254355036 -0.0414301266461713
-1.36445421412684 -0.0416523461798716
-1.35766588470332 -0.0418766119718946
-1.35094476646222 -0.0421008278131771
-1.34422364822111 -0.0423271616765788
-1.33756907570517 -0.0425533754570354
-1.33091450318922 -0.042781707793797
-1.32432581752987 -0.0430098874930834
-1.31773713187051 -0.0432401757524122
-1.31121368072264 -0.0434702782687704
-1.30469022957477 -0.0437024794896268
-1.29823136705212 -0.0439344507803604
-1.29177250452947 -0.0441685425245113
-1.28537759114071 -0.0444023078132761
-1.28218013444633 -0.0445199847227614
-1.27898267775195 -0.0446381726860858
-1.27581687904464 -0.0447556963546407
-1.27265108033733 -0.0448737381611156
-1.26948528163003 -0.0449922814781558
-1.26631948292272 -0.045111330222604
-1.26318502875707 -0.045229715724247
-1.26005057459142 -0.0453486078591679
-1.25691612042577 -0.0454679845236416
-1.25534889334295 -0.045527863900965
-1.25378166626012 -0.0455878753162919
-1.25067824629413 -0.0457070638566824
-1.24757482632814 -0.0458267707223256
-1.24447140636215 -0.0459469371241996
-1.24136798639616 -0.0460676438957683
-1.23522260032489 -0.0463080497066231
-1.22907721425363 -0.0465504885577332
-1.22299267358901 -0.0467923500252766
-1.21690813292438 -0.0470362473346675
-1.20485953754889 -0.0475245460202705
-1.19293023519692 -0.0480157314321151
-1.18111904474943 -0.0485090789758872
-1.16942479678161 -0.0490045864825071
-1.15784633344714 -0.0495020062970824
-1.14638250836351 -0.0500011107733386
-1.13503218649852 -0.0505016560563675
-1.12379424405794 -0.0510034021941273
-1.1126675683742 -0.0515060801593319
-1.10165105779624 -0.0520094280896884
-1.09074362158043 -0.0525131716212671
-1.07994417978261 -0.053017030931302
-1.0692516631511 -0.0535207214514783
-1.05866501302089 -0.0540239544384912
-1.0481831812088 -0.0545264320097524
-1.0378051299097 -0.0550278639862856
-1.02752983159376 -0.0555279517333944
-1.01735626890472 -0.0560263991840949
-1.00728343455913 -0.0565229131448007
-0.997310331246659 -0.0570171972142327
-0.987435971531345 -0.0575089702768608
-0.977659377753807 -0.0579979453036915
-0.967979581934463 -0.0584838464014542
-0.958395625677686 -0.0589664054440871
-0.948906560076917 -0.0594453399219401
-0.93951144562071 -0.0599206380889249
-0.930209352099712 -0.0603914875011588
-0.92560435530714 -0.0606248976864516
-0.920999358514567 -0.0608582336381759
-0.916439955749644 -0.0610893514775971
-0.91188055298472 -0.0613204553404342
-0.907366292821429 -0.0615492414107663
-0.902852032658138 -0.061777958772065
-0.898382468140029 -0.0620043688868835
-0.893912903621919 -0.0622305799177473
-0.891700247919885 -0.0623425545787765
-0.88948759221785 -0.0624544566288052
-0.887274936515815 -0.0625663338599687
-0.885062280813781 -0.0626781663231802
-0.882871532593945 -0.0627888413780587
-0.880680784374109 -0.0628994688003324
-0.878490036154273 -0.0630100411778182
-0.876299287934437 -0.0631205602051976
-0.874130230291035 -0.0632299114454866
-0.871961172647633 -0.0633392313084224
-0.867623057360828 -0.0635576071196107
-0.863327893710527 -0.0637736214853885
-0.859032730060226 -0.0639893083438727
-0.8547800927827 -0.0642025082031344
-0.8505274555051739 -0.0644154790340193
-0.842106391589282 -0.0648359524451745
-0.833768704543843 -0.0652510396539961
-0.82551356885529 -0.0656603510372174
-0.817340167183456 -0.0660640228772451
-0.809247690280649 -0.0664620556046451
-0.801235336911534 -0.0668544764306952
-0.793302313773796 -0.0672413378593114
-0.7854478354195999 -0.0676227061229485
-0.777671124177822 -0.0679986681059773
-0.7699714100770511 -0.0683693169698915
-0.762347930769357 -0.0687347458307208
-0.7547999314548089 -0.0690951943334265
-0.747326664806742 -0.0694506976552489
-0.739927390897764 -0.069801446320801
-0.732601377126499 -0.0701476284099777
-0.725347898145049 -0.0704894158548014
-0.718166235787177 -0.0708270077007331
-0.711055678997205 -0.071160595851506
-0.704015523759609 -0.071490434612614
-0.697045073029316 -0.0718166563762961
-0.690143636662689 -0.0721395651612778
-0.6833105313491969 -0.072459343567769
-0.6765450805437589 -0.0727762534524938
-0.669846614399762 -0.0730904914221535
-0.663214469702734 -0.0734023619674675
-0.656647989804688 -0.0737120387248289
-0.650146524559097 -0.0740197843657879
-0.643709430256531 -0.0743258560446519
-0.637336069560922 -0.0746304580484133
-0.631025811446457 -0.074933836907347
-0.624778031135106 -0.075236231935048
-0.618592110034759 -0.0755378712503095
-0.612467435677979 -0.0758389830060861
-0.606403401661365 -0.0761397782680383
-0.60039940758551 -0.0764404844968545
-0.5944548589955549 -0.0767413215240721
-0.588569167322331 -0.077042493088096
-0.582741749824091 -0.0773441915318483
-0.576972029528803 -0.0776466181090073
-0.571259435177032 -0.0779499783284358
-0.565603401165378 -0.0782544401545084
-0.560003367490474 -0.0785601931422899
-0.554458779693538 -0.0788673947539325
-0.548969088805484 -0.0791762218648765
-0.543533751292558 -0.0794868249198469
-0.538152229002533 -0.0797993614758416
-0.532823989111418 -0.0801139692581317
-0.527548504070711 -0.0804308126688489
-0.52232525155516 -0.0807499532453917
-0.517153714411049 -0.0810715712263819
-0.512033380604999 -0.0813957563567736
-0.506963743173267 -0.0817226381900291
-0.501944300171551 -0.0820522919304838
-0.496974554625298 -0.0823848163451272
-0.492054014480493 -0.0827202740512769
-0.487182192554944 -0.0830587986509295
-0.482358606490043 -0.0834004093594487
-0.477582778703013 -0.0837451975853323
-0.472854236339617 -0.0840931795133929
-0.468172511227344 -0.084444435666221
-0.463537139829053 -0.0847989991553253
-0.458947663197082 -0.0851569066679036
-0.454403626927804 -0.0855181599205095
-0.449904581116638 -0.085882840841608
-0.445450080313503 -0.0862511643263952
-0.441039683478716 -0.0866224217776938
-0.436672953939322 -0.0869973504674613
-0.432349459345864 -0.0873757108181816
-0.428068771629568 -0.08775750412425
-0.423830466959968 -0.0881427177762181
-0.419634125702939 -0.088531353315356
-0.415479332379147 -0.0889233856672284
-0.411365675622918 -0.0893188194121809
-0.407292748141503 -0.0897176254506254
-0.403260146674756 -0.0901197939527786
-0.399267471955204 -0.0905252982583498
-0.395314328668518 -0.0909341294468537
-0.391400325414375 -0.091346269538701
-0.387525074667698 -0.0917616989685426
-0.383688192740295 -0.0921803964566698
-0.379889299742866 -0.0926023553845386
-0.376128019547392 -0.0930275550001974
-0.372403979749893 -0.0934559921680096
-0.368716811633558 -0.0938876501962888
-0.365066150132235 -0.0943225298147915
-0.361451633794292 -0.094760624458445
-0.357872904746824 -0.0952019293622716
-0.354329608660222 -0.0956464516082727
-0.350821394713091 -0.096094206416126
-0.347347915557516 -0.0965451980909333
-0.343908827284669 -0.096999436775301
-0.340503789390762 -0.0974569537372298
-0.337132464743328 -0.0979177557587252
-0.33379451954785 -0.0983818832555225
-0.330489623314703 -0.0988493569621412
-0.327217448826438 -0.0993202170657912
-0.323977672105385 -0.099794494097005
-0.320769972381569 -0.100272241088081
-0.317594032060959 -0.100753490308104
-0.314449536694019 -0.101238292059827
-0.311336174944573 -0.10172669852796
-0.308253638558984 -0.102218761999291
-0.305201622335627 -0.102714536742295
-0.30217982409468 -0.103214072064455
-0.299187944648198 -0.103717435622635
-0.296225687770494 -0.104224687609403
-0.293292760168805 -0.104735871516362
-0.290388871454263 -0.105251074588435
-0.287513734113132 -0.105770338616884
-0.284667063478348 -0.106293729184248
-0.281848577701335 -0.106821310387037
-0.279057997724094 -0.107353131460144
-0.276295047251578 -0.107889262075021
-0.273559452724335 -0.108429759341201
-0.27085094329142 -0.108974671084055
-0.268169250783585 -0.109524060924962
-0.265514109686717 -0.11007797568744
-0.262885257115562 -0.110636466930474
-0.260282432787685 -0.111199581545057
-0.257705378997708 -0.111767372198141
-0.25515384059179 -0.112339867617669
-0.252627564942366 -0.112917117562697
-0.250126301923135 -0.113499158676772
-0.247649803884292 -0.114086026246082
-0.245197825628012 -0.114677749239344
-0.24277012438417 -0.115274359347565
-0.240366459786307 -0.115875882898533
-0.237986593847829 -0.11648234812328
-0.235630290938444 -0.117093770809268
-0.233297317760836 -0.11771017313568
-0.23098744332756 -0.118331577513477
-0.228700438938179 -0.118957994941751
-0.226436078156613 -0.119589446576294
-0.224194136788725 -0.120225940740316
-0.221974392860124 -0.120867495322321
-0.219776626594182 -0.121514121799641
-0.217600620390279 -0.122165834906698
-0.215446158802257 -0.122822647767284
-0.213313028517086 -0.123484581505707
-0.211201018333748 -0.124151652534288
-0.209109919142325 -0.124823892663635
-0.207039523903292 -0.125501342656501
-0.204989627627022 -0.12618409385776
-0.202960027353487 -0.126872004779087
-0.200950522132166 -0.127567696335862
-0.198960913002144 -0.128269546863913
-0.19699100297242 -0.128969667194937
-0.195040597002396 -0.129676962233288
-0.19310950198257 -0.130389680426135
-0.191197526715416 -0.131107809966791
-0.189304481896452 -0.131831316429711
-0.187430180095497 -0.132560196614753
-0.185574435738115 -0.133294478220532
-0.183737065087243 -0.1340341814513
-0.181917886224993 -0.134779341727611
-0.180116719034647 -0.135529994563583
-0.178333385182818 -0.13628618524806
-0.1765677081018 -0.137047957395841
-0.17481951297208 -0.137815367282202
-0.173088626705029 -0.138588465376618
-0.171374877925772 -0.139367305242338
-0.169678096956209 -0.140151948865843
-0.167998115798227 -0.140942456291476
-0.166334768117057 -0.14173889591572
-0.164687889224809 -0.142541330688838
-0.163057316064167 -0.143349830560049
-0.161442887192244 -0.144164466981414
-0.159844442764598 -0.144985299706976
-0.158261824519404 -0.14581242343438
-0.156694875761787 -0.146645922650237
-0.155143441348303 -0.147485842497377
-0.153607367671588 -0.148332263245608
-0.152086502645136 -0.149185283895681
-0.150580695688254 -0.150044956934361
-0.149089797711142 -0.150911369368333
-0.147613661100141 -0.151784603799506
-0.14615213970311 -0.152664729905188
-0.14470508881496 -0.153551824840843
-0.143272365163327 -0.154445973279186
-0.141853826894383 -0.155347215688528
-0.140449333558795 -0.156255658025141
-0.139058746097817 -0.157171361775796
-0.137681926829522 -0.158094381141196
-0.13631873943517 -0.159024803912143
-0.134969048945713 -0.159962669033887
-0.133632721728429 -0.16090805169934
-0.132309625473692 -0.161861016537808
-0.130999629181873 -0.162821604115515
-0.129702603150369 -0.16378990970757
-0.128418418960762 -0.164765858274323
-0.127146949466101 -0.165749682244604
-0.125888068778317 -0.166741305753751
-0.12464165225576 -0.167740799657976
-0.123407576490851 -0.168748209074345
-0.122185719297873 -0.169763561260518
-0.120975959700864 -0.170786892139266
-0.119778177921647 -0.171818242398331
-0.118592255367968 -0.172857640324508
-0.11741807462175 -0.173905108441119
-0.116255519427476 -0.174960668224488
-0.115104474680669 -0.176024350401709
-0.113964826416504 -0.17709616956248
-0.112836461798519 -0.178176144987922
-0.111719269107444 -0.179264299281803
-0.110613137730143 -0.180360647130534
-0.109517958148656 -0.181465202388742
-0.108433621929363 -0.182577982634274
-0.10736002171224 -0.183699009885979
-0.106297051200238 -0.184828252220001
-0.10524460514875 -0.185965777159788
-0.104202579355198 -0.187111573151045
-0.103170870648711 -0.188265654748328
-0.102149376879912 -0.189428034061413
-0.101137996910804 -0.19059872545026
-0.100136630604756 -0.19177774589626
-0.0991451788165905 -0.192965092864413
-0.0981635433827629 -0.19416080727184
-0.0971916271116464 -0.19536488509621
-0.0962293337739073 -0.196577350096179
-0.0952765680929776 -0.197798242535367
-0.0943332357356213 -0.199027583328922
-0.0933992433025954 -0.200265308557723
-0.0924744983194014 -0.20151153373829
-0.0915589092271301 -0.202766301756079
-0.09065238537339609 -0.204029549895476
-0.08975483700336249 -0.205301358813651
-0.0888661752508539 -0.206581756567935
-0.0879863121295584 -0.207870775660154
-0.0871151605243152 -0.209168435689544
-0.0862526341824903 -0.210474781176864
-0.085398647705436 -0.211789849059984
-0.0845531165400356 -0.213113703814962
-0.08371595697033229 -0.214446298872682
-0.08288708610923989 -0.215787747761385
-0.0820664218903365 -0.217138078954294
-0.0812538830597391 -0.218497313308166
-0.08044938916805849 -0.219865509829202
-0.0796528605624342 -0.221242690471102
-0.0788642183786477 -0.222628895821711
-0.07808338453331461 -0.224024199625001
-0.07731028171615301 -0.225428618197338
-0.0765448333823297 -0.226842162632251
-0.07578696374488091 -0.228264926001573
-0.07503659776720881 -0.229696895069257
-0.07429366115565229 -0.231138117888062
-0.073558080352131 -0.232588630589311
-0.0728297825268624 -0.234048449615973
-0.0721086955711509 -0.235517619860891
-0.0713947480902484 -0.236996146954832
-0.0706878693962855 -0.238484054317105
-0.0699879895012728 -0.239981355368085
-0.0692950391101711 -0.241488070679264
-0.0686089496140308 -0.24300419583419
-0.0679296530831988 -0.244529750798768
-0.06725708226059279 -0.246064713625029
-0.06659117055504241 -0.24760908666059
-0.0659318520346955 -0.249162871216555
-0.0652790614204906 -0.250726035696978
-0.0646327340796936 -0.252298566108677
-0.0639928060194986 -0.253880437772614
-0.0633592138806917 -0.255471618127575
-0.0627318949313779 -0.257072078465107
-0.0621107870607702 -0.258681776263353
-0.0614958287730398 -0.260300666643663
-0.0608869591812276 -0.261928723026058
-0.0602841180012154 -0.263565825905278
-0.0596872455457578 -0.26521198193822
-0.0590962827185721 -0.266867119341355
-0.0585111710084872 -0.268531159898342
-0.0579318524836507 -0.270204037008099
-0.0573582697857928 -0.271885681705773
-0.0567903661245473 -0.273576017080111
-0.056228085271829 -0.275274966432632
-0.0556713715562664 -0.276982458567095
-0.0551201698576895 -0.278698383769972
-0.0545744256016727 -0.280422718632645
-0.0540340847541314 -0.282155323900672
-0.0534990938159717 -0.283896130164035
-0.0529693998177938 -0.285645057060865
-0.0524449503146473 -0.287402023925504
-0.0519256933808389 -0.289166930254778
-0.051411577604791 -0.290939687864129
-0.0509025520839515 -0.292720240524113
-0.0503985664197539 -0.294508492863788
-0.0498995707126277 -0.296304328563754
-0.0494055155570571 -0.298107727889668
-0.0489163520366902 -0.299918583732565
-0.0484320317194952 -0.301736810440222
-0.0479525066529656 -0.303562320804047
-0.0474777293593719 -0.30539507695061
-0.0470076528310613 -0.307234988260682
-0.0465422305258032 -0.309081987963361
-0.0460814163621814 -0.310935991262238
-0.0456251647150311 -0.312796982001927
-0.0451734304109219 -0.314664852318719
-0.044726168723685 -0.316539551616353
-0.0442833353699852 -0.318421024470467
-0.0438448865049358 -0.320309205425144
-0.0434107787177582 -0.322204045292152
-0.0429809690274834 -0.324105475178483
-0.0425554148786964 -0.326013423259587
-0.0421340741373232 -0.327927892255614
-0.0417169050864586 -0.329848751393047
-0.0413038664222363 -0.331775990164443
-0.0408949172497389 -0.333709540333016
-0.0404900170789494 -0.335649342960969
-0.0400891258207419 -0.337595318124371
-0.0396922037829128 -0.339547442534948
-0.0392992116662503 -0.34150561986182
-0.0389101105606439 -0.343469771688992
-0.0385248619412316 -0.345439852226984
-0.0381434276645857 -0.347415777429715
-0.0377657699649363 -0.349397463669948
-0.037391851450432 -0.351384861778361
-0.0370216350994376 -0.353377800248888
-0.036655084256869 -0.355376319061342
-0.0362921626305633 -0.357380201213737
-0.0359328342876865 -0.359389433179297
-0.0355770636511747 -0.36140388833035
-0.0352248154962126 -0.363423370956815
-0.0348760549467451 -0.365447850232463
-0.0345307474720249 -0.367477237104534
-0.0341888588831929 -0.369511309532174
-0.033850355329894 -0.371550085549386
-0.0335152032969248 -0.373593302672011
-0.0331833696009156 -0.375640849390882
-0.0328548213870451 -0.377692643805133
-0.0325295261257873 -0.37974848662591
-0.0322074516096904 -0.381808252968104
-0.0318885659501885 -0.383871794498968
-0.031572837574444 -0.385938939312031
-0.0312602352222218 -0.388009576832668
-0.0309507279427939 -0.390083509992832
-0.0306442850918751 -0.392160589525562
-0.0303408763285892 -0.394240694832802
-0.0300404716124646 -0.396323612214112
-0.02974304120046 -0.398409241353778
-0.0294485556440198 -0.4004973690267
-0.0291569857861582 -0.402587878933057
-0.0288683027585725 -0.404680610611346
-0.0285824779787846 -0.40677538954358
-0.0282994831473115 -0.408872116816639
-0.0280192902448629 -0.410970543892586
-0.0277418715295672 -0.413070610113441
-0.027467199534225 -0.415172168011091
-0.0271952470635891 -0.41727506432034
-0.0269259871916724 -0.419379145406603
-0.0266593932590815 -0.421484260036268
-0.0263954388703778 -0.423590359559465
-0.0261340978914631 -0.425697225177153
-0.0258753444469932 -0.427804847427187
-0.025619152917815 -0.42991303861725
-0.0253654979384307 -0.432021571781448
-0.0251143543944859 -0.434130512149738
-0.024865697420283 -0.436239687126248
-0.0246195023963198 -0.438349015759552
-0.0243757449468513 -0.440458363542328
-0.0241344009374766 -0.442567623797272
-0.0238954464727491 -0.444676739433898
-0.023658857893811 -0.446785594588942
-0.0234246117760505 -0.448894111579319
-0.0231926849267826 -0.451002152051658
-0.0229630543829531 -0.453109692769213
-0.0227356974088645 -0.455216616194747
-0.0225105914939252 -0.45732284016036
-0.022287714350421 -0.459428275035129
-0.0220670439113079 -0.461532836025608
-0.0218485583280276 -0.463636426644049
-0.0216322359683442 -0.465738972509771
-0.0214180554142022 -0.467840382236543
-0.0212059954596061 -0.469940546762683
-0.0209960351085209 -0.472039440619439
-0.020788153572793 -0.474136852966685
-0.0205823302700921 -0.47623280591589
-0.0203785448218733 -0.478327160163894
-0.0201767770513597 -0.480419779410724
-0.0199770069815443 -0.482510624586251
-0.0197792148332122 -0.48459953906429
-0.0195833810229823 -0.486686435879035
-0.0193894861613687 -0.488771235948197
-0.0191975110508601 -0.490853783895413
-0.0190074366840199 -0.492934002196486
-0.0188192442416038 -0.49501174761305
-0.0186329150906968 -0.49708691948127
-0.0184484307828682 -0.499159394867416
-0.0182657730523447 -0.501229068402845
-0.0180849238142027 -0.503295782165115
-0.0179058651625769 -0.505359407021213
-0.017728579368888 -0.507419854190924
-0.0175530488800872 -0.50947699685587
-0.017379256316918 -0.511530687607814
-0.017207184472196 -0.513580801082701
-0.017036816309105 -0.515627213033012
-0.0168681349595099 -0.517669793988855
-0.016701123722287 -0.519708413804161
-0.0165357660616703 -0.521742945260637
-0.0163720456056142 -0.523773258699329
-0.0162099461441724 -0.525799246982703
-0.0160494516278935 -0.527820760227079
-0.0158905461662312 -0.529837689273492
-0.0157332140259715 -0.531849917993034
-0.0155774396296747 -0.533857295559298
-0.0154232075541334 -0.535859701118503
-0.0152705025288449 -0.537857065841691
-0.0151193094344999 -0.539849306683976
-0.0149696133014851 -0.541836227567637
-0.0148213993084011 -0.543817712072137
-0.0146746527805951 -0.545793713184803
-0.014529359188708 -0.547764131353054
-0.0143855041472357 -0.549728770656545
-0.0142430734131046 -0.55168763256579
-0.014102052884262 -0.553640600695588
-0.0139624285982792 -0.555587555991589
-0.0138241867309695 -0.557528432751567
-0.0136873135950193 -0.559463146210789
-0.013551795638633 -0.561391533070588
-0.0134176194441911 -0.563313566329625
-0.0132847717269219 -0.5652292365564
-0.013153239333586 -0.567138365444722
-0.0130230092411743 -0.569040896324386
-0.0128940685556181 -0.570936770133291
-0.012766404510513 -0.572825911647321
-0.0126400044658544 -0.574708244319271
-0.0125148559067866 -0.576583703701556
-0.0123909464423629 -0.57845222338515
-0.0122682638043197 -0.580313728096631
-0.0121467958458611 -0.582168157595481
-0.0120265305404566 -0.584015464057031
-0.0119074559806501 -0.585855581843111
-0.0117895603768812 -0.587688417883836
-0.0116728320563181 -0.589513975635064
-0.0115572594617011 -0.5913321610524
-0.0114428311501991 -0.593142897775574
-0.0113295357922763 -0.594946225547167
-0.0112173621705706 -0.596741902560539
-0.0111062991787828 -0.598530156434624
-0.010996335820577 -0.600310717630018
-0.0108874612084921 -0.602083595550224
-0.0107796645628634 -0.603848751327393
-0.0106729352107559 -0.605606149416938
-0.0105672625849068 -0.607355739277884
-0.01046263622268 -0.609097458931707
-0.0103590457650297 -0.610831308061367
-0.010256480955475 -0.612557201414886
-0.0101549316390841 -0.614275132077656
-0.0100543877614694 -0.615985045052964
-0.00995483936779152 -0.617686908510266
-0.009856276601773781 -0.619380701249355
-0.009758689704726511 -0.621066368042599
-0.00966206901458071 -0.622743898809523
-0.009566404964931391 -0.624413241630367
-0.00947168808409049 -0.626074393976474
-0.009377908994149 -0.627727299396492
-0.00928505841004851 -0.62937197461749
-0.00919312713866189 -0.631008354057537
-0.00910210607788306 -0.632636434674637
-0.0090119862157258 -0.634256204142865
-0.008922758629431491 -0.635867626549038
-0.008834414484585631 -0.637470706816159
-0.008746945034243199 -0.639065406558043
-0.008660341618062581 -0.64065174166765
-0.0085745956614481 -0.64222967647073
-0.00848969867470108 -0.643799208438223
-0.008405642252179289 -0.645360347354404
-0.00832241807146464 -0.646913060863029
-0.00824001789253925 -0.648457360448186
-0.00815843355696956 -0.649993236017602
-0.00807765698709857 -0.651520687467231
-0.00799768018524611 -0.653039723126634
-0.00791849523291694 -0.654550335985454
-0.00784009429001677 -0.656052525364507
-0.00776246959407601 -0.657546315056154
-0.0076856134594812 -0.659031683073768
-0.00760951827671406 -0.660508667372253
-0.00753417651159808 -0.661977268646546
-0.00745958070455255 -0.663437492004356
-0.00738572346985401 -0.664889341211331
-0.00731259749490496 -0.666332839637304
-0.00724019553950986 -0.667767993825309
-0.00716851043515828 -0.669194825187813
-0.00709753508431513 -0.67061334831533
-0.00702726245971795 -0.67202357116045
-0.00695768560368114 -0.673425518711597
-0.00688879762740707 -0.674819207165976
-0.00682059171030403 -0.676204662840888
-0.00675306109931092 -0.677581888522776
-0.00668619910822863 -0.678950929608708
-0.00661999911705805 -0.68031178240791
-0.0065544545713446 -0.681664480363775
-0.00648955898152931 -0.683009043636023
-0.00642530592230625 -0.684345490466904
-0.00636168903198638 -0.685673849917037
-0.00629870201186771 -0.686994138694734
-0.00623633862561159 -0.688306389766269
-0.00617459269862534 -0.689610621005809
-0.00611345811745083 -0.690906857568892
-0.00605292882915924 -0.692195121416678
-0.00599299884075172 -0.693475448536214
-0.00593366221856606 -0.69474784947102
-0.00587491308768917 -0.69601234945712
-0.00581674563137541 -0.69726898865479
-0.0057591540904707 -0.698517779115877
-0.00570213276284228 -0.699758750666229
-0.00564567600281414 -0.700991928795464
-0.00558977822060806 -0.70221733902492
-0.00553443388179016 -0.703435005473116
-0.00547963750672293 -0.704644958535675
-0.0054253836700227 -0.705847217458007
-0.00537166700002248 -0.707041813028807
-0.00531848217824008 -0.70822876930976
-0.00526582393885156 -0.70940811219013
-0.00521368706816986 -0.710579851749177
-0.00516206640412858 -0.711744060532696
-0.00511095683577087 -0.712900717970037
-0.00506035330274343 -0.714049865177101
-0.00501025079479548 -0.715191522436988
-0.00496064435128265 -0.716325731352926
-0.00491152906067589 -0.717452502789992
-0.00486290006007514 -0.718571863046983
-0.00481475253472786 -0.719683849280168
-0.00476708171755234 -0.720788474383428
-0.00471988288866568 -0.721885768627353
-0.00467315137491651 -0.72297576361558
-0.00462688254942229 -0.724058473865235
-0.00458107183111118 -0.725133938241002
-0.00453571468426849 -0.726202168186163
-0.00449080661808762 -0.7272632412214
-0.00444634318622536 -0.728317099095872
-0.00440231998636175 -0.729363804271443
-0.00435873265976411 -0.730403385209929
-0.00431557689085555 -0.731435867723938
-0.00427284840678767 -0.732461229027128
-0.0042305429770175 -0.733479640860969
-0.00418865641288861 -0.734490983446147
-0.00414718456721645 -0.735495331290479
-0.00410612333387767 -0.736492710474425
-0.00406546864740364 -0.737483147116017
-0.00402521648257786 -0.738466669197258
-0.00398536285403748 -0.739443250574865
-0.0039459038158787 -0.740413020772245
-0.00390683546126603 -0.741375947843334
-0.00386815392204558 -0.742332064135715
-0.00382985536836196 -0.743281399359678
-0.00379193600827917 -0.744223978595557
-0.00375439208740512 -0.745159823842117
-0.00371721988851992 -0.74608896248969
-0.00368041573120784 -0.74701142987349
-0.00364397597149291 -0.747927244040875
-0.00360789700147813 -0.748836435322224
-0.00357217524898825 -0.749739028154819
-0.00353680717721609 -0.75063505547461
-0.00350178928437236 -0.7515245419679
-0.00346711810333897 -0.752407515300614
-0.00343279020132572 -0.753283984723607
-0.00339880217953041 -0.754154034048926
-0.00336515067280239 -0.755017632978837
-0.00333183234930929 -0.75587483090083
-0.00329884391020722 -0.756725656371536
-0.00326618208931408 -0.757570134813865
-0.00323384365278622 -0.75840829601062
-0.00320182539879824 -0.759240167004875
-0.00317012415722598 -0.76006577922218
-0.00313873678933265 -0.760885161356861
-0.00310766018745807 -0.761698338461281
-0.00307689127471096 -0.762505343846977
-0.00304642700466432 -0.763306202913115
-0.00301626436105378 -0.764100946275546
-0.00298640035747899 -0.764889602814065
-0.00295683203710791 -0.765672200192011
-0.00292755647238407 -0.766448776286375
-0.0028985707647367 -0.767219343761695
-0.00286987204429376 -0.767983942402731
-0.00284145746959779 -0.768742615230086
-0.00281332422732454 -0.769495372084342
-0.0027854695320045 -0.77024224986218
-0.00275789062574703 -0.770983277115941
-0.00273058477796735 -0.771718488007664
-0.00270354928511619 -0.772447908837351
-0.00267678147041207 -0.773171571041255
-0.00265027868357631 -0.773889505089416
-0.0026240383005706 -0.774601741352177
-0.00259805772333723 -0.775308310336267
-0.00257233437954181 -0.77600924138571
-0.00254686572231862 -0.776704567623296
-0.00252164923001844 -0.777394318532621
-0.00249668240595885 -0.77807852489727
-0.00247196277817708 -0.778757217562479
-0.00244748789918523 -0.779430427432011
-0.00242325534572795 -0.780098185437153
-0.00239926271854252 -0.780760522644975
-0.00237550764212131 -0.781417470087879
-0.00235198776447654 -0.782069058871807
-0.00232870075690747 -0.782715320145095
-0.00230564431376977 -0.783356285095115
-0.0022828161522473 -0.783991984944965
-0.00226021401212604 -0.784622450950048
-0.00223783565557034 -0.785247714394741
-0.00221567886690132 -0.785867806589017
-0.00219374145237755 -0.786482758865061
-0.00217202123997777 -0.787092602574025
-0.00215051607918591 -0.787697369082795
-0.00212922384077813 -0.788297089771237
-0.00210814241661201 -0.7888917960302
-0.00208726971941783 -0.789481514287875
-0.00206660368259191 -0.790066284360135
-0.00204614225999199 -0.790646136955955
-0.00202588342573464 -0.791221103890938
-0.0020058251739947 -0.791791213862343
-0.00198596551880663 -0.792356490418032
-0.00196630249386795 -0.792916973680771
-0.00194683415234451 -0.793472692166862
-0.00192755856667773 -0.794023681790655
-0.00190847382839379 -0.794569966711089
-0.00188957804791465 -0.79511158753966
-0.00187086935437094 -0.795648564895061
-0.00185234589541677 -0.796180936622913
-0.0018340058370463 -0.796708732267922
-0.00181584736341218 -0.797231982906206
-0.00179786867664573 -0.797750720282699
-0.00178006799667894 -0.798264974015717
-0.00176244356106825 -0.798774775760369
-0.00174499362482005 -0.799280156405987
-0.00172771646021787 -0.799781146697532
-0.00171061035665136 -0.800277777585509
-0.00169367362044689 -0.80077007969198
-0.00167690457469989 -0.801258083660916
-0.00166030155910881 -0.801741820066737
-0.0016438629298107 -0.802221319411352
-0.00162758705921851 -0.802696612121213
-0.00161147233585991 -0.803167728544497
-0.00159551716421774 -0.803634698948268
-0.00157971996457202 -0.804097553515684
-0.00156407917284358 -0.804556322343142
-0.00154859324043919 -0.805011035547112
-0.00153326063409821 -0.805461722821446
-0.0015180798357408 -0.805908414359762
-0.00150304934231762 -0.806351139337038
-0.00148816766566101 -0.806789927606506
-0.00147343333233764 -0.807224809352284
-0.00145884488350261 -0.807655813314436
-0.00144440087475506 -0.808082968655677
-0.00143009987599511 -0.808506306036967
-0.00141594047128228 -0.808925851698636
-0.00140192125869533 -0.809341636601972
-0.0013880408501934 -0.809753689430018
-0.00137429787147861 -0.8101620388941
-0.00136069096186001 -0.810566713620491
-0.00134721877411882 -0.81096774212747
-0.00133387997437507 -0.811365152818246
-0.00132067324195552 -0.811758973909264
-0.00130759726926289 -0.81214923371148
-0.00129465076164642 -0.812535960227988
-0.00128183243727369 -0.81291918151634
-0.00126914102700365 -0.813298926613372
-0.00125657527426104 -0.813675215191304
-0.00124413393491192 -0.814048086133515
-0.00123181577714052 -0.814417562033334
-0.00121961958132724 -0.814783669729327
-0.00120754413992796 -0.815146436517126
-0.00119558825735442 -0.81550588941523
-0.00118375074985586 -0.815862055272473
-0.00117203044540184 -0.816214960787867
-0.00116042618356618 -0.816564632515552
-0.00114893681541206 -0.816911096865973
-0.00113756120337828 -0.817254380105819
-0.00112629822116661 -0.817594508357476
-0.00111514675363031 -0.817931507598318
-0.00110410569666367 -0.818265403659864
-0.00109317395709274 -0.818596222226857
-0.00108235045256707 -0.818923988836175
-0.00107163411145255 -0.819248728875334
-0.00106102387272529 -0.819570467580074
-0.00105051868586663 -0.819889230029278
-0.00104011751075904 -0.820205041130479
-0.00102981931758321 -0.820517925561963
-0.00101962308671605 -0.820827910114278
-0.00100952780862975 -0.82113501579771
-0.00099953248379183 -0.821439268518714
-0.0009896361225661681 -0.821740692688529
-0.000979837745115018 -0.82203931143379
-0.000970136381301998 -0.822335149452649
-0.000960531070596037 -0.82262823038836
-0.000951020861976275 -0.822918577790761
-0.000941604813837896 -0.823206215074266
-0.0009322819938989071 -0.823491165506764
-0.000923051479107828 -0.823773452205832
-0.000913912355552305 -0.824053098137121
-0.000904863718368619 -0.824330126113585
-0.000895904671652098 -0.824604558795109
-0.000887034328368414 -0.824876418688302
-0.000878251810265756 -0.825145728146406
-0.000869556247787878 -0.825412509369295
-0.000860946779987997 -0.825676784403496
-0.0008524225544435619 -0.825938575142264
-0.000843982727171843 -0.826197903325725
-0.00083562646254638 -0.826454790540978
-0.000827352933214237 -0.826709258222299
-0.000819161320014096 -0.826961327590415
-0.000811050811895145 -0.827211019895402
-0.000803020605836777 -0.827458356053888
-0.000795069906769086 -0.827703356891081
-0.000787197927494145 -0.827946043080593
-0.000779403888608064 -0.828186435144786
-0.000771687018423826 -0.828424553455095
-0.000764046552894877 -0.828660418232393
-0.000756481735539482 -0.828894049547385
-0.000748991817365824 -0.829125467321017
-0.000741576056797845 -0.829354691324883
-0.000734233719601827 -0.829581741181699
-0.00072696407881369 -0.829806636365748
-0.00071976641466702 -0.830029396203403
-0.000712640014521802 -0.830250039873663
-0.000705584172793863 -0.830468586408738
-0.000698598190885013 -0.830685054694804
-0.000691681377113875 -0.830899463472937
-0.0006848330466474 -0.831111831340785
-0.00067805252143307 -0.831322176756671
-0.000671339130131752 -0.831530518055873
-0.00066469220805124 -0.831736873592709
-0.000658111097080435 -0.83194125443623
-0.0006515951456241939 -0.832143696325397
-0.000645143708538805 -0.832344201760784
-0.000638756147068124 -0.832542792353481
-0.000632431828780321 -0.832739484076768
-0.000626170127505268 -0.832934297997118
-0.000619970423272543 -0.83312724644802
-0.000613832102250043 -0.833318350450515
-0.00060775455668321 -0.833507625480443
-0.000601737184834862 -0.833695088327734
-0.000595779390925606 -0.83388075562424
-0.000589880585074857 -0.834064643860379
-0.000584040183242433 -0.834246769389326
-0.000578257607170726 -0.834427148428952
-0.000572532284327451 -0.834605797062978
-0.000566863647848961 -0.83478273124196
-0.00056125113648412 -0.83495796678407
-0.000555694194538733 -0.835131519375925
-0.000550192271820528 -0.835303404573369
-0.000544744823584681 -0.835473637802222
-0.000539351310479882 -0.83564223435906
-0.000534011198494933 -0.835809209411994
-0.000528723958905874 -0.835974578001421
-0.0005234890682236369 -0.836138355040801
-0.000518306008142215 -0.836300555317443
-0.000513174265487342 -0.836461193493263
-0.000508093332165685 -0.836620284105575
-0.00050306270511454 -0.836777841567869
-0.0004980818862520199 -0.836933880170598
-0.000493150382427742 -0.837088414081948
-0.000488267705374002 -0.837241457348643
-0.000483433371657428 -0.837393023896726
-0.000478646902631117 -0.837543127532344
-0.000473907824387244 -0.837691781942545
-0.000469215667710143 -0.837839000696067
-0.000464569968029844 -0.83798479724413
-0.000459970265376083 -0.838129184921231
-0.000455416104332756 -0.838272176931612
-0.000450907033992828 -0.838413786407353
-0.000446442607913691 -0.838554026323215
-0.000442022384072961 -0.838692909554732
-0.000437645924824714 -0.838830448864681
-0.000433312796856152 -0.838966656903884
-0.000429022571144705 -0.839101546211978
-0.00042477482291555 -0.839235129218226
-0.000420569131599554 -0.839367418242312
-0.000416405080791638 -0.839498425495086
-0.000412282258209542 -0.83962816307942
-0.000408200255653012 -0.839756642990956
-0.000404158668963379 -0.839883877118865
-0.000400157097983543 -0.840009877246689
-0.00039619514651836 -0.840134654987225
-0.000392272422295405 -0.840258222046764
-0.000388388536926144 -0.840380589830688
-0.000384543105867469 -0.840501769707725
-0.000380735748383633 -0.840621772944788
-0.000376966087508547 -0.840740610707854
-0.000373233750008463 -0.84085829406264
-0.000369538366345013 -0.840974833975407
-0.000365879570638626 -0.841090241313728
-0.000362257000632303 -0.841204526847264
-0.000358670297655746 -0.841317701248498
-0.000355119106589847 -0.841429775093533
-0.000351603075831532 -0.841540758862822
-0.000348121857258943 -0.841650662941968
-0.000344675106196973 -0.841759497622624
-0.000341262481383142 -0.84186727310329
-0.000337883644933803 -0.841973999491117
-0.000334538262310697 -0.842079686872742
-0.000331226002287818 -0.842184345119463
-0.000327946536918632 -0.842287983604077
-0.000324699541503596 -0.842390612886331
-0.000321484694558016 -0.842492242184869
-0.000318301677780214 -0.842592881104705
-0.000315150176020014 -0.842692539127976
-0.000312029877247538 -0.842791225646171
-0.000308940472522315 -0.842888949963693
-0.000305881655962688 -0.842985721299173
-0.000302853124715533 -0.843081548786315
-0.00029985457892627 -0.843176441474748
-0.000296885721709178 -0.843270408330658
-0.000293946259117998 -0.843363458237539
-0.00029103590011683 -0.843455599996925
-0.000288154356551317 -0.843546842328997
-0.000285301343120116 -0.843637193873307
-0.000282476577346649 -0.843726663189476
-0.000279679779551138 -0.843815258757819
-0.000276910672822909 -0.843902988980057
-0.000274168982992979 -0.843989862179963
-0.00027145443860691 -0.844075886603983
-0.00026876677089793 -0.844161070421989
-0.000266105713760327 -0.844245421727846
-0.000263471003723096 -0.844328948540107
-0.000260862379923858 -0.844411658802678
-0.000258279584083027 -0.84449356038545
-0.000255722360478245 -0.844574661085212
-0.000253190455919054 -0.844654968626712
-0.000250683619721836 -0.844734490668311
-0.000248201603684986 -0.844813234565133
-0.000245744162064343 -0.844891208404062
-0.000243311051548854 -0.844968419111053
-0.000240902031236489 -0.84504487419969
-0.000238516862610385 -0.845120580973965
-0.000236155309515233 -0.845195546666171
-0.000233817138133894 -0.845269778440028
-0.000231502116964252 -0.845343283391832
-0.000229210016796289 -0.845416068551063
-0.000226940610689395 -0.845488140881084
-0.000224693673949896 -0.845559507279668
-0.000222468984108808 -0.84563017457961
-0.00022026632089981 -0.84570014954933
-0.000218085466237435 -0.845769438893382
-0.000215926204195481 -0.845838049253087
-0.000213788320985624 -0.845905987207043
-0.000211671604936262 -0.845973259271711
-0.000209575846471546 -0.846039871901949
-0.00020750083809064 -0.846105831491576
-0.000205446374347168 -0.846171144373903
-0.000203412251828879 -0.846235816822277
-0.000201398269137504 -0.846299855050619
-0.000199404226868816 -0.846363265213965
-0.000197429927592887 -0.846426053408965
-0.000195475175834542 -0.846488225674435
-0.000193539778054002 -0.846549787991867
-0.000191623542627725 -0.846610746285944
-0.00018972627982943 -0.846671106425047
-0.000187847801811317 -0.84673087422177
-0.000185987922585462 -0.846790055433426
-0.000184146458005408 -0.846848655762529
-0.000182323225747929 -0.846906680857319
-0.000180518045294979 -0.846964136312227
-0.000178730737915821 -0.84702102766838
-0.000176961126649328 -0.847077360414067
-0.000175209036286463 -0.847133139985248
-0.000173474293352934 -0.847188371766
-0.000171756726092014 -0.847243061089009
-0.000170056164447538 -0.847297213236035
-0.000168372440047068 -0.847350833438366
-0.000166705386185215 -0.847403926877305
-0.000165054837807144 -0.847456498684597
-0.000163420631492222 -0.8475085539429
-0.000161802605437843 -0.847560097686236
-0.000160200599443409 -0.847611134900426
-0.000158614454894465 -0.847661670523555
-0.000157044014746995 -0.847711709446373
-0.000155489123511876 -0.847761256512775
-0.000153949627239481 -0.847810316520212
-0.000152425373504437 -0.847858894220095
-0.000150916211390531 -0.847906994318271
-0.000149421991475774 -0.847954621475395
-0.000147942565817598 -0.848001780307397
-0.000146477787938216 -0.848048475385833
-0.000145027512810114 -0.848094711238357
-0.000143591596841697 -0.84814049234909
-0.000142169897863067 -0.848185823159061
-0.000140762275111947 -0.848230708066541
-0.00013936858921975 -0.848275151427511
-0.000137988702197772 -0.84831915755602
-0.000136622477423537 -0.848362730724582
-0.000135269779627264 -0.848405875164529
-0.000133930474878479 -0.848448595066486
-0.000132604430572752 -0.84849089458067
-0.000131291515418566 -0.848532777817231
-0.000129991599424323 -0.848574248846781
-0.000128704553885468 -0.848615311700535
-0.000127430251371751 -0.848655970370873
-0.000126168565714605 -0.848696228811268
-0.000124919371994658 -0.848736090934492
-0.000123682546529364 -0.84877556064051
-0.000122457966860757 -0.848814641731578
-0.000121245511743324 -0.848853338034892
-0.000120045061132003 -0.848891653313327
-0.0001188564961703 -0.84892959129656
-0.000117679699178515 -0.848967155678608
-0.000116514553642094 -0.849004350117795
-0.000115360944200093 -0.849041178237041
-0.000114218756633756 -0.849077643624214
-0.000113087877855204 -0.849113749832506
-0.000111968195896241 -0.849149500380636
-0.000110859599897269 -0.849184898753283
-0.000109761980096306 -0.849219948401364
-0.000108675227818124 -0.849254652742383
-0.00010759923546349 -0.849289015160656
-0.000106533896498505 -0.849323039007753
-0.000105479105444064 -0.84935672760274
-0.00010443475786541 -0.849390084232451
-0.000103400750361792 -0.849423112151861
-0.00010237698055623 -0.849455814584376
-0.000101363347085376 -0.849488194722084
-0.000100359749589481 -0.849520255726112
-9.93660887024564e-05 -0.849552000726892
-9.838226604203611e-05 -0.849583432824434
-9.74081842000357e-05 -0.849614555088663
-9.64437467327086e-05 -0.849645370559654
-9.548885815119661e-05 -0.849675882247953
-9.45434239120759e-05 -0.849706093134837
-9.36073504079959e-05 -0.849736006172611
-9.26805449584118e-05 -0.849765624284855
-9.17629158004077e-05 -0.849794950366734
-9.08543720796116e-05 -0.849823987285237
-8.995482384119961e-05 -0.849852737879467
-8.90641820209897e-05 -0.849881204960898
-8.81823584366235e-05 -0.849909391313637
-8.730926577883521e-05 -0.849937299694689
-8.64448176028071e-05 -0.84996493283422
-8.5588928319611e-05 -0.849992293435803
-8.474151318773359e-05 -0.850019384176674
-8.39024883046868e-05 -0.850046207708005
-8.307177059869981e-05 -0.850072766655116
-8.22492778204948e-05 -0.850099063617757
-8.143492853514339e-05 -0.85012510117033
-8.062864211400339e-05 -0.850150881862147
-7.9830338726736e-05 -0.850176408217661
-7.9039939333402e-05 -0.850201682736705
-7.82573656766356e-05 -0.850226707894727
-7.74825402738966e-05 -0.85025148614304
-7.671538640979859e-05 -0.850276019909033
-7.59558281285135e-05 -0.850300311596405
-7.5203790226251e-05 -0.850324363585396
-7.44591982438129e-05 -0.850348178233022
-7.37219784592207e-05 -0.850371757873284
-7.299205788041651e-05 -0.850395104817387
-7.22693642380361e-05 -0.850418221353972
-7.155382597825361e-05 -0.850441109749335
-7.084537225569659e-05 -0.850463772247609
-7.01439329264323e-05 -0.850486211071035
-6.944943854102211e-05 -0.850508428420114
-6.876182033764561e-05 -0.850530426473865
-6.80810102352927e-05 -0.850552207389985
-6.74069408270225e-05 -0.850573773305091
-6.673954537328961e-05 -0.850595126334919
-6.607875779533621e-05 -0.850616268574515
-6.54245126686497e-05 -0.850637202098421
-6.477674521648491e-05 -0.85065792896091
-6.41353913034504e-05 -0.850678451196147
-6.350038742915879e-05 -0.850698770818406
-6.28716707219394e-05 -0.850718889822244
-6.22491789326132e-05 -0.850738810182706
-6.16328504283299e-05 -0.850758533855513
-6.10226241864653e-05 -0.85077806277723
-6.04184397885795e-05 -0.850797398865481
-5.98202374144351e-05 -0.850816544019098
-5.92279578360744e-05 -0.850835500118345
-5.86415424119548e-05 -0.85085426902504
-5.80609330811434e-05 -0.850872852582805
-5.74860723575677e-05 -0.850891252617174
-5.69169033243245e-05 -0.850909470935816
-5.6353369628044e-05 -0.850927509328685
-5.57954154733109e-05 -0.850945369568191
-5.52429856171395e-05 -0.850963053409389
-5.46960253635045e-05 -0.850980562590118
-5.41544805579252e-05 -0.850997898831198
-5.36182975821042e-05 -0.851015063836573
-5.3087423348618e-05 -0.851032059293492
-5.25618052956614e-05 -0.85104888687264
-5.2041391381843e-05 -0.851065548228331
-5.15261300810327e-05 -0.851082044998689
-5.10159703772601e-05 -0.851098378805727
-5.05108617596634e-05 -0.851114551255557
-5.00107542174885e-05 -0.851130563938557
-4.95155982351372e-05 -0.851146418429494
-4.90253447872645e-05 -0.851162116287674
-4.85399453339253e-05 -0.851177659057091
-4.80593518157676e-05 -0.851193048266657
-4.75835166492748e-05 -0.851208285430207
-4.71123927220543e-05 -0.851223372046708
-4.66459333881726e-05 -0.851238309600468
-4.61840924635372e-05 -0.851253099561235
-4.5726824221324e-05 -0.851267743384251
-4.52740833874495e-05 -0.851282242510551
-4.48258251360886e-05 -0.851296598366913
-4.43820050852362e-05 -0.851310812366272
-4.39425792923131e-05 -0.851324885907548
-4.35075042498149e-05 -0.851338820375966
-4.30767368810049e-05 -0.851352617143137
-4.26502345356484e-05 -0.851366277567216
-4.22279549857905e-05 -0.851379802993003
-4.18098564215747e-05 -0.851393194753854
-4.13958974471037e-05 -0.851406454161905
-4.09860370763403e-05 -0.851419582530186
-4.05802347290498e-05 -0.851432581148314
-4.0178450226782e-05 -0.85144545129659
-3.97806437888931e-05 -0.851458194242222
-3.9386776028607e-05 -0.851470811240313
-3.89968079491158e-05 -0.851483303533498
-3.86107009397186e-05 -0.851495672352159
-3.82284167719987e-05 -0.851507918914678
-3.78499175960383e-05 -0.851520044427348
-3.74751659366716e-05 -0.851532050084671
-3.71041246897738e-05 -0.851543937069364
-3.67367571185879e-05 -0.851555706552566
-3.63730268500871e-05 -0.851567359693821
-3.60128978713733e-05 -0.851578897641344
-3.56563345261122e-05 -0.851590321531999
-3.53033015110022e-05 -0.851601632491504
-3.49537638722794e-05 -0.851612831634464
-3.46076870022568e-05 -0.851623920064552
-3.42650366358979e-05 -0.851634898874582
-3.39257788474236e-05 -0.851645769146578
-3.35898800469541e-05 -0.851656531951958
-3.32573069771823e-05 -0.851667188351582
-3.29280267100814e-05 -0.851677739395852
-3.2602006643645e-05 -0.851688186124858
-3.22792144986584e-05 -0.851698529568442
-3.19596183155034e-05 -0.851708770746305
-3.16431864509934e-05 -0.851718910668106
-3.1329887575241e-05 -0.851728950333586
-3.10196906685555e-05 -0.851738890732614
-3.07125650183718e-05 -0.851748732845344
-3.04084802162097e-05 -0.851758477642247
-3.0107406154663e-05 -0.851768126084255
-2.98093130244188e-05 -0.851777679122857
-2.95141713113058e-05 -0.851787137700125
-2.92219517933721e-05 -0.851796502748898
-2.89326255379921e-05 -0.851805775192797
-2.86461638990021e-05 -0.85181495594636
-2.83625385138635e-05 -0.851824045915121
-2.80817213008549e-05 -0.851833045995677
-2.7803684456292e-05 -0.851841957075803
-2.75284004517743e-05 -0.851850780034538
-2.72558420314597e-05 -0.851859515742233
-2.6985982209366e-05 -0.851868165060694
-2.6718794266699e-05 -0.85187672884321
-2.64542517492069e-05 -0.851885207934696
-2.61923284645613e-05 -0.851893603171708
-2.59329984797637e-05 -0.851901915382556
-2.56762361185779e-05 -0.851910145387402
-2.5422015958988e-05 -0.851918293998351
-2.51703128306812e-05 -0.851926362019459
-2.49211018125557e-05 -0.851934350246865
-2.46743582302531e-05 -0.851942259468886
-2.4430057653716e-05 -0.851950090466038
-2.41881758947683e-05 -0.851957844011165
-2.39486890047211e-05 -0.851965520869467
-2.37115732720011e-05 -0.851973121798669
-2.3476805219803e-05 -0.851980647548904
-2.32443616037654e-05 -0.851988098863037
-2.30142194096687e-05 -0.851995476476517
-2.27863558511571e-05 -0.8520027811176
-2.25607483674823e-05 -0.852010013507283
-2.23373746212696e-05 -0.852017174359576
-2.21162124963065e-05 -0.852024264381316
-2.1897240095353e-05 -0.85203128427241
-2.16804357379733e-05 -0.852038234726017
-2.14657779583894e-05 -0.852045116428086
-2.12532455033558e-05 -0.852051930058248
-2.10428173300553e-05 -0.852058676288913
-2.08344726040151e-05 -0.852065355792885
-2.06281906970447e-05 -0.852071969212045
-2.04239511851927e-05 -0.852078517215508
-2.02217338467255e-05 -0.852085000444802
-2.00215186601242e-05 -0.852091419540364
-1.98232858021032e-05 -0.852097775135954
-1.96270156456467e-05 -0.852104067859139
-1.94326887580661e-05 -0.852110298331345
-1.92402858990753e-05 -0.852116467167872
-1.90497880188865e-05 -0.852122574977959
-1.88611762563232e-05 -0.852128622364817
-1.86744319369537e-05 -0.852134609925659
-1.84895365712413e-05 -0.852140538251946
-1.83064718527141e-05 -0.852146407929104
-1.81252196561526e-05 -0.852152219536909
-1.79457620357947e-05 -0.852157973649429
-1.77680812235591e-05 -0.85216367083501
-1.75921596272862e-05 -0.852169311656392
-1.74179798289962e-05 -0.852174896670797
-1.72455245831646e-05 -0.852180426429903
-1.70747768150145e-05 -0.852185901479964
-1.69057196188262e-05 -0.852191322361862
-1.67383362562636e-05 -0.852196689611103
-1.65726101547164e-05 -0.852202003757937
-1.64085249056598e-05 -0.852207265327346
-1.62460642630295e-05 -0.852212474839179
-1.60852121416134e-05 -0.852217632808093
-1.59259526154588e-05 -0.85222273974371
-1.57682699162958e-05 -0.852227796150607
-1.56121484319761e-05 -0.852232802528375
-1.54575727049268e-05 -0.852237759371676
-1.53045274306206e-05 -0.852242667170266
-1.515299745606e-05 -0.852247526409114
-1.50029677782772e-05 -0.852252337568351
-1.48544235428487e-05 -0.852257101123396
-1.47073500424245e-05 -0.852261817544966
-1.45617327152718e-05 -0.852266487299119
-1.44175571438334e-05 -0.852271110847323
-1.42748090533004e-05 -0.852275688646488
-1.41334743101984e-05 -0.852280221149006
-1.39935389209886e-05 -0.8522847088028
-1.38549890306817e-05 -0.852289152051389
-1.37178109214671e-05 -0.852293551333878
-1.35819910113535e-05 -0.852297907085053
-1.34475158528253e-05 -0.852302219735415
-1.33143721315102e-05 -0.852306489711197
-1.31825466648616e-05 -0.852310717434416
-1.3052026400853e-05 -0.852314903322953
-1.29227984166862e-05 -0.852319047790527
-1.27948499175111e-05 -0.852323151246783
-1.26681682351595e-05 -0.852327214097324
-1.25427408268906e-05 -0.852331236743738
-1.24185552741491e-05 -0.852335219583646
-1.22955992813357e-05 -0.852339163010751
-1.21738606745898e-05 -0.852343067414849
-1.2053327400584e-05 -0.852346933181901
-1.19339875253307e-05 -0.852350760694051
-1.18158292330007e-05 -0.852354550329665
-1.16988408247531e-05 -0.852358302463368
-1.15830107175774e-05 -0.852362017466085
-1.14683274431459e-05 -0.852365695705083
-1.13547796466791e-05 -0.852369337543986
-1.12423560858209e-05 -0.852372943342837
-1.11310456295256e-05 -0.852376513458118
-1.10208372569561e-05 -0.852380048242794
-1.09117200563922e-05 -0.852383548046325
-1.08036832241506e-05 -0.852387013214734
-1.06967160635155e-05 -0.852390444090624
-1.05908079836787e-05 -0.852393841013199
-1.04859484986918e-05 -0.852397204318325
-1.03821272264275e-05 -0.852400534338537
-1.0279333887552e-05 -0.852403831403099
-1.01775583045069e-05 -0.852407095838003
-1.00767904005019e-05 -0.852410327966036
-9.977020198516739e-06 -0.852413528106777
-9.878237820313601e-06 -0.85241669657666
-9.780433485459009e-06 -0.85241983368899
-9.68359751035546e-06 -0.852422939753971
-9.587720307282629e-06 -0.852426015078742
-9.492792383448151e-06 -0.852429059967408
-9.39880434004767e-06 -0.852432074721063
-9.30574687133433e-06 -0.852435059637834
-9.21361076369735e-06 -0.852438015012891
-9.12238689474986e-06 -0.852440941138493
-9.0320662324256e-06 -0.852443838304011
-8.942639834084751e-06 -0.852446706795946
-8.85409884562847e-06 -0.852449546897979
-8.76643450062225e-06 -0.852452358890978
-8.679638119427971e-06 -0.852455143053039
-8.593701108344519e-06 -0.8524578996595
-8.508614958756951e-06 -0.852460628982999
-8.42437124629401e-06 -0.85246333129345
-8.34096162999407e-06 -0.852466006858118
-8.25837785147928e-06 -0.852468655941622
-8.1766117341379e-06 -0.852471278805955
-8.09565518231475e-06 -0.852473875710538
-8.01550018050966e-06 -0.852476446912209
-7.93613879258382e-06 -0.852478992665278
-7.85756316097408e-06 -0.852481513221535
-7.77976550591493e-06 -0.852484008830284
-7.702738124668249e-06 -0.85248647973836
-7.62647339076064e-06 -0.852488926190166
-7.55096375322836e-06 -0.852491348427673
-7.47620173586966e-06 -0.852493746690477
-7.40217993650461e-06 -0.852496121215792
-7.32889102624219e-06 -0.852498472238488
-7.25632774875465e-06 -0.852500799991121
-7.18448291955906e-06 -0.852503104703943
-7.113349425306e-06 -0.852505386604926
-7.04292022307524e-06 -0.852507645919787
-6.97318833967846e-06 -0.852509882872015
-6.90414687096877e-06 -0.85251209768289
-6.8357889811572e-06 -0.852514290571499
-6.76810790213584e-06 -0.852516461754767
-6.70109693280776e-06 -0.852518611447469
-6.63474943842353e-06 -0.852520739862258
-6.56905884992428e-06 -0.852522847209688
-6.50401866329137e-06 -0.852524933698229
-6.43962243890235e-06 -0.852526999534281
-6.37586380089341e-06 -0.852529044922212
-6.31273643652813e-06 -0.852531070064369
-6.25023409557241e-06 -0.852533075161092
-6.18835058967565e-06 -0.852535060410742
-6.12707979175807e-06 -0.852537026009722
-6.06641563540403e-06 -0.852538972152485
-6.00635211426141e-06 -0.852540899031571
-5.94688328144694e-06 -0.852542806837602
-5.88800324895737e-06 -0.852544695759329
-5.82970618708651e-06 -0.852546565983626
-5.77198632384803e-06 -0.852548417695521
-5.71483794440399e-06 -0.852550251078215
-5.658255390499e-06 -0.852552066313097
-5.6022330599e-06 -0.852553863579756
-5.54676540584158e-06 -0.852555643056011
-5.49184693647681e-06 -0.852557404917917
-5.43747221433348e-06 -0.852559149339792
-5.38363585577572e-06 -0.852560876494226
-5.33033253047101e-06 -0.852562586552105
-5.27755696086239e-06 -0.852564279682624
-5.22530392164593e-06 -0.8525659560533
-5.17356823925339e-06 -0.852567615830002
-5.12234479133999e-06 -0.852569259176948
-5.07162850627722e-06 -0.85257088625674
-5.02141436265071e-06 -0.852572497230366
-4.97169738876308e-06 -0.852574092257222
-4.92247266214166e-06 -0.852575671495131
-4.87373530905115e-06 -0.85257723510035
-4.82548050401104e-06 -0.852578783227594
-4.77770346931786e-06 -0.852580316030047
-4.73039947457214e-06 -0.852581833659372
-4.68356383621004e-06 -0.852583336265739
-4.63719191703965e-06 -0.852584823997832
-4.59127912578183e-06 -0.852586297002857
-4.54582091661567e-06 -0.852587755426571
-4.50081278872839e-06 -0.852589199413285
-4.45625028586969e-06 -0.852590629105886
-4.41212899591058e-06 -0.852592044645842
-4.36844455040652e-06 -0.852593446173225
-4.32519262416487e-06 -0.852594833826722
-4.2823689348167e-06 -0.852596207743648
-4.23996924239277e-06 -0.852597568059953
-4.19798934890374e-06 -0.85259891491025
-4.15642509792449e-06 -0.852600248427817
-4.11527237418267e-06 -0.852601568744614
-4.07452710315115e-06 -0.852602875991293
-4.03418525064471e-06 -0.852604170297217
-3.9942428224205e-06 -0.852605451790468
-3.95469586378268e-06 -0.852606720597855
-3.91554045919077e-06 -0.852607976844943
-3.87677273187205e-06 -0.852609220656049
-3.83838884343767e-06 -0.852610452154254
-3.80038499350264e-06 -0.852611671461436
-3.76275741930955e-06 -0.852612878698251
-3.72550239535599e-06 -0.852614073984173
-3.68861623302573e-06 -0.852615257437485
-3.6520952802235e-06 -0.852616429175308
-3.61593592101336e-06 -0.852617589313599
-3.58013457526076e-06 -0.852618737967167
-3.54468769827798e-06 -0.85261987524969
-3.50959178047324e-06 -0.852621001273714
-3.47484334700321e-06 -0.852622116150679
-3.44043895742892e-06 -0.852623219990913
-3.40637520537517e-06 -0.852624312903664
-3.37264871819324e-06 -0.85262539499709
-3.33925615662697e-06 -0.852626466378282
-3.30619421448215e-06 -0.852627527153272
-3.27345961829915e-06 -0.852628577427039
-3.24104912702887e-06 -0.852629617303528
-3.20895953171175e-06 -0.852630646885654
-3.17718765516015e-06 -0.85263166627531
-3.14573035164371e-06 -0.852632675573387
-3.11458450657793e-06 -0.852633674879772
-3.08374703621577e-06 -0.852634664293365
-3.05321488734235e-06 -0.852635643912094
-3.02298503697262e-06 -0.852636613832906
-2.9930544920521e-06 -0.852637574151793
-2.9634202891605e-06 -0.852638524963806
-2.93407949421831e-06 -0.852639466363045
-2.90502920219635e-06 -0.85264039844268
-2.87626653682807e-06 -0.852641321294965
-2.84778865032482e-06 -0.852642235011232
-2.81959272309388e-06 -0.852643139681919
-2.79167596345929e-06 -0.852644035396561
-2.76403560738544e-06 -0.852644922243812
-2.7366689182034e-06 -0.852645800311446
-2.70957318634e-06 -0.85264666968637
-2.68274572904951e-06 -0.852647530454629
-2.65618389014803e-06 -0.852648382701417
-2.62988503975052e-06 -0.85264922651109
-2.60384657401042e-06 -0.852650061967158
-2.5780659148618e-06 -0.852650889152317
-2.55254050976416e-06 -0.852651708148436
-2.52726783144966e-06 -0.852652519036577
-2.50224537767293e-06 -0.852653321897001
-2.4774706709633e-06 -0.852654116809167
-2.4529412583795e-06 -0.85265490385176
-2.42865471126683e-06 -0.852655683102681
-2.40460862501667e-06 -0.852656454639055
-2.38080061882838e-06 -0.852657218537249
-2.35722833547365e-06 -0.852657974872873
-2.33388944106302e-06 -0.852658723720789
-2.31078162481487e-06 -0.852659465155115
-2.2879025988266e-06 -0.852660199249242
-2.26525009784812e-06 -0.852660926075827
-2.24282187905755e-06 -0.852661645706815
-2.22061572183915e-06 -0.852662358213434
-2.19862942756352e-06 -0.852663063666209
-2.17686081936982e-06 -0.852663762134967
-2.15530774195032e-06 -0.852664453688841
-2.13396806133695e-06 -0.852665138396289
-2.11283966469005e-06 -0.852665816325078
-2.09192046008916e-06 -0.852666487542314
-2.0712083763259e-06 -0.852667152114433
-2.05070136269891e-06 -0.852667810107221
-2.0303973888108e-06 -0.852668461585809
-2.01029444436713e-06 -0.852669106614678
-1.99039053897736e-06 -0.852669745257675
-1.97068370195778e-06 -0.852670377578021
-1.95117198213641e-06 -0.852671003638301
-1.93185344765982e-06 -0.852671623500488
-1.9127261858018e-06 -0.852672237225937
-1.89378830277406e-06 -0.852672844875399
-1.87503792353867e-06 -0.852673446509023
-1.85647319162245e-06 -0.852674042186358
-1.83809226893311e-06 -0.852674631966373
-1.81989333557734e-06 -0.852675215907446
-1.80187458968054e-06 -0.852675794067379
-1.78403424720845e-06 -0.8526763665034
-1.76637054179055e-06 -0.852676933272177
-1.74888172454509e-06 -0.852677494429809
-1.73156606390603e-06 -0.852678050031845
-1.71442184545152e-06 -0.852678600133282
-1.69744737173418e-06 -0.852679144788573
-1.68064096211305e-06 -0.852679684051635
-1.66400095258717e-06 -0.852680217975843
-1.64752569563087e-06 -0.852680746614055
-1.63121356003056e-06 -0.852681270018597
-1.61506293072333e-06 -0.852681788241283
-1.59907220863696e-06 -0.852682301333407
-1.58323981053164e-06 -0.852682809345763
-1.56756416884321e-06 -0.852683312328637
-1.55204373152793e-06 -0.85268381033182
-1.53667696190884e-06 -0.852684303404611
-1.52146233852361e-06 -0.852684791595814
-1.50639835497387e-06 -0.852685274953761
-1.49148351977611e-06 -0.852685753526298
-1.47671635621397e-06 -0.852686227360794
-1.46209540219205e-06 -0.852686696504164
-1.44761921009113e-06 -0.852687161002841
-1.43328634662489e-06 -0.852687620902807
-1.41909539269791e-06 -0.852688076249594
-1.40504494326525e-06 -0.85268852708827
-1.39113360719332e-06 -0.852688973463468
-1.3773600071221e-06 -0.852689415419379
-1.36372277932881e-06 -0.852689852999745
-1.35022057359288e-06 -0.852690286247887
-1.33685205306226e-06 -0.852690715206697
-1.32361589412105e-06 -0.852691139918634
-1.31051078625847e-06 -0.852691560425741
-1.29753543193907e-06 -0.852691976769649
-1.28468854647433e-06 -0.852692388991572
-1.27196885789538e-06 -0.852692797132314
-1.25937510682711e-06 -0.852693201232282
-1.24690604636347e-06 -0.852693601331475
-1.23456044194403e-06 -0.852693997469509
-1.22233707123171e-06 -0.852694389685589
-1.2102347239918e-06 -0.852694778018547
-1.19825220197208e-06 -0.852695162506825
-1.18638831878423e-06 -0.852695543188487
-1.17464189978637e-06 -0.852695920101216
-1.1630117819667e-06 -0.852696293282326
-1.15149681382842e-06 -0.852696662768757
-1.14009585527566e-06 -0.852697028597091
-1.12880777750065e-06 -0.852697390803538
-1.11763146287194e-06 -0.852697749423961
-1.1065658048237e-06 -0.852698104493856
-1.09560970774624e-06 -0.852698456048375
-1.08476208687746e-06 -0.852698804122321
-1.07402186819551e-06 -0.852699148750153
-1.06338798831238e-06 -0.852699489965986
-1.0528593943687e-06 -0.852699827803601
-1.0424350439294e-06 -0.852700162296438
-1.0321139048806e-06 -0.852700493477618
-1.02189495532732e-06 -0.852700821379918
-1.0117771834924e-06 -0.852701146035808
-1.00175958761624e-06 -0.852701467477422
1.00175958761624e-06 -0.852765758609145
1.0117771834924e-06 -0.852766080078845
1.02189495532732e-06 -0.852766404763386
1.0321139048806e-06 -0.852766732694913
1.0424350439294e-06 -0.852767063905906
1.0528593943687e-06 -0.852767398429155
1.06338798831238e-06 -0.852767736297797
1.07402186819551e-06 -0.852768077545275
1.08476208687746e-06 -0.852768422205392
1.09560970774624e-06 -0.852768770312269
1.1065658048237e-06 -0.852769121900385
1.11763146287194e-06 -0.852769477004551
1.12880777750065e-06 -0.85276983565993
1.14009585527566e-06 -0.852770197902041
1.15149681382842e-06 -0.852770563766754
1.1630117819667e-06 -0.852770933290295
1.17464189978637e-06 -0.852771306509261
1.18638831878423e-06 -0.852771683460605
1.19825220197208e-06 -0.852772064181662
1.2102347239918e-06 -0.852772448710127
1.22233707123171e-06 -0.852772837084075
1.23456044194403e-06 -0.852773229341974
1.24690604636347e-06 -0.852773625522661
1.25937510682711e-06 -0.852774025665369
1.27196885789538e-06 -0.852774429809729
1.28468854647433e-06 -0.852774837995749
1.29753543193907e-06 -0.852775250263862
1.31051078625847e-06 -0.852775666654891
1.32361589412105e-06 -0.852776087210065
1.33685205306226e-06 -0.852776511971036
1.35022057359288e-06 -0.852776940979862
1.36372277932881e-06 -0.852777374279031
1.3773600071221e-06 -0.852777811911446
1.39113360719332e-06 -0.852778253920453
1.40504494326525e-06 -0.852778700349813
1.41909539269791e-06 -0.852779151243741
1.43328634662489e-06 -0.852779606646888
1.44761921009113e-06 -0.852780066604353
1.46209540219205e-06 -0.852780531161678
1.47671635621397e-06 -0.852781000364876
1.49148351977611e-06 -0.852781474260406
1.50639835497387e-06 -0.8527819528952
1.52146233852361e-06 -0.852782436316657
1.53667696190884e-06 -0.852782924572649
1.55204373152793e-06 -0.852783417711528
1.56756416884321e-06 -0.852783915782129
1.58323981053164e-06 -0.852784418833777
1.59907220863696e-06 -0.852784926916287
1.61506293072333e-06 -0.852785440079976
1.63121356003056e-06 -0.852785958375666
1.64752569563087e-06 -0.852786481854677
1.66400095258717e-06 -0.852787010568856
1.68064096211305e-06 -0.852787544570561
1.69744737173418e-06 -0.852788083912675
1.71442184545152e-06 -0.852788628648608
1.73156606390603e-06 -0.852789178832305
1.74888172454509e-06 -0.852789734518258
1.76637054179055e-06 -0.852790295761491
1.78403424720845e-06 -0.852790862617589
1.80187458968054e-06 -0.852791435142691
1.81989333557734e-06 -0.852792013393492
1.83809226893311e-06 -0.852792597427259
1.85647319162245e-06 -0.852793187301832
1.87503792353867e-06 -0.852793783075628
1.89378830277406e-06 -0.852794384807646
1.9127261858018e-06 -0.852794992557485
1.93185344765982e-06 -0.852795606385326
1.95117198213641e-06 -0.852796226351964
1.97068370195778e-06 -0.852796852518796
1.99039053897736e-06 -0.852797484947832
2.01029444436713e-06 -0.852798123701708
2.0303973888108e-06 -0.852798768843683
2.05070136269891e-06 -0.852799420437648
2.0712083763259e-06 -0.852800078548134
2.09192046008916e-06 -0.852800743240317
2.11283966469005e-06 -0.85280141458003
2.13396806133695e-06 -0.852802092633761
2.15530774195032e-06 -0.852802777468655
2.17686081936982e-06 -0.852803469152544
2.19862942756352e-06 -0.852804167753926
2.22061572183915e-06 -0.852804873341992
2.24282187905755e-06 -0.852805585986622
2.26525009784812e-06 -0.852806305758394
2.2879025988266e-06 -0.852807032728592
2.31078162481487e-06 -0.85280776696922
2.33388944106302e-06 -0.852808508552993
2.35722833547365e-06 -0.852809257553355
2.38080061882838e-06 -0.852810014044495
2.40460862501667e-06 -0.852810778101325
2.42865471126683e-06 -0.852811549799528
2.4529412583795e-06 -0.852812329215527
2.4774706709633e-06 -0.85281311642652
2.50224537767293e-06 -0.852813911510471
2.52726783144966e-06 -0.852814714546133
2.55254050976416e-06 -0.85281552561303
2.5780659148618e-06 -0.852816344791501
2.60384657401042e-06 -0.852817172162675
2.62988503975052e-06 -0.852818007808501
2.65618389014803e-06 -0.852818851811742
2.68274572904951e-06 -0.852819704255993
2.70957318634e-06 -0.852820565225682
2.7366689182034e-06 -0.852821434806084
2.76403560738544e-06 -0.852822313083327
2.79167596345929e-06 -0.852823200144398
2.81959272309388e-06 -0.85282409607716
2.84778865032482e-06 -0.85282500097035
2.87626653682807e-06 -0.852825914913595
2.90502920219635e-06 -0.852826837997415
2.93407949421831e-06 -0.852827770313246
2.9634202891605e-06 -0.852828711953421
2.9930544920521e-06 -0.852829663011216
3.02298503697262e-06 -0.852830623580829
3.05321488734235e-06 -0.852831593757403
3.08374703621577e-06 -0.852832573637031
3.11458450657793e-06 -0.852833563316774
3.14573035164371e-06 -0.852834562894657
3.17718765516015e-06 -0.852835572469687
3.20895953171175e-06 -0.852836592141864
3.24104912702887e-06 -0.852837622012188
3.27345961829915e-06 -0.852838662182669
3.30619421448215e-06 -0.852839712756337
3.33925615662697e-06 -0.852840773837258
3.37264871819324e-06 -0.852841845530527
3.40637520537517e-06 -0.852842927942305
3.44043895742892e-06 -0.852844021179804
3.47484334700321e-06 -0.85284512535132
3.50959178047324e-06 -0.852846240566219
3.54468769827798e-06 -0.852847366934973
3.58013457526076e-06 -0.852848504569152
3.61593592101336e-06 -0.852849653581447
3.6520952802235e-06 -0.852850814085671
3.68861623302573e-06 -0.852851986196788
3.72550239535599e-06 -0.852853170030895
3.76275741930955e-06 -0.852854365705269
3.80038499350264e-06 -0.85285557333834
3.83838884343767e-06 -0.852856793049739
3.87677273187205e-06 -0.852858024960294
3.91554045919077e-06 -0.852859269192034
3.95469586378268e-06 -0.852860525868213
3.9942428224205e-06 -0.852861795113314
4.03418525064471e-06 -0.852863077053077
4.07452710315115e-06 -0.852864371814486
4.11527237418267e-06 -0.85286567952581
4.15642509792449e-06 -0.852867000316587
4.19798934890374e-06 -0.852868334317663
4.23996924239277e-06 -0.852869681661188
4.2823689348167e-06 -0.852871042480636
4.32519262416487e-06 -0.852872416910813
4.36844455040652e-06 -0.85287380508788
4.41212899591058e-06 -0.85287520714936
4.45625028586969e-06 -0.852876623234145
4.50081278872839e-06 -0.852878053482527
4.54582091661567e-06 -0.852879498036193
4.59127912578183e-06 -0.852880957038254
4.63719191703965e-06 -0.852882430633252
4.68356383621004e-06 -0.852883918967174
4.73039947457214e-06 -0.852885422187472
4.77770346931786e-06 -0.852886940443063
4.82548050401104e-06 -0.852888473884373
4.87373530905115e-06 -0.852890022663314
4.92247266214166e-06 -0.852891586933328
4.97169738876308e-06 -0.852893166849397
5.02141436265071e-06 -0.85289476256804
5.07162850627722e-06 -0.852896374247357
5.12234479133999e-06 -0.852898002047028
5.17356823925339e-06 -0.852899646128325
5.22530392164593e-06 -0.852901306654135
5.27755696086239e-06 -0.852902983788981
5.33033253047101e-06 -0.852904677699023
5.38363585577572e-06 -0.852906388552097
5.43747221433348e-06 -0.852908116517707
5.49184693647681e-06 -0.852909861767064
5.54676540584158e-06 -0.852911624473087
5.6022330599e-06 -0.852913404810419
5.658255390499e-06 -0.852915202955471
5.71483794440399e-06 -0.852917019086394
5.77198632384803e-06 -0.852918853383144
5.82970618708651e-06 -0.852920706027466
5.88800324895737e-06 -0.85292257720293
5.94688328144694e-06 -0.852924467094948
6.00635211426141e-06 -0.852926375890767
6.06641563540403e-06 -0.852928303779536
6.12707979175807e-06 -0.852930250952282
6.18835058967565e-06 -0.852932217601947
6.25023409557241e-06 -0.852934203923397
6.31273643652813e-06 -0.852936210113467
6.37586380089341e-06 -0.852938236370943
6.43962243890235e-06 -0.852940282896615
6.50401866329137e-06 -0.852942349893274
6.56905884992428e-06 -0.85294443756575
6.63474943842353e-06 -0.852946546120908
6.70109693280776e-06 -0.852948675767709
6.76810790213584e-06 -0.852950826717184
6.8357889811572e-06 -0.852952999182486
6.90414687096877e-06 -0.852955193378897
6.97318833967846e-06 -0.852957409523856
7.04292022307524e-06 -0.85295964783699
7.113349425306e-06 -0.852961908540113
7.18448291955906e-06 -0.852964191857254
7.25632774875465e-06 -0.852966498014699
7.32889102624219e-06 -0.852968827241
7.40217993650461e-06 -0.852971179766982
7.47620173586966e-06 -0.852973555825798
7.55096375322836e-06 -0.85297595565292
7.62647339076064e-06 -0.852978379486201
7.702738124668249e-06 -0.852980827565842
7.77976550591493e-06 -0.852983300134482
7.85756316097408e-06 -0.852985797437166
7.93613879258382e-06 -0.852988319721412
8.01550018050966e-06 -0.8529908672372
8.09565518231475e-06 -0.852993440237018
8.1766117341379e-06 -0.852996038975897
8.25837785147928e-06 -0.852998663711392
8.34096162999407e-06 -0.853001314703672
8.42437124629401e-06 -0.853003992215478
8.508614958756951e-06 -0.853006696512209
8.593701108344519e-06 -0.853009427861904
8.679638119427971e-06 -0.853012186535301
8.76643450062225e-06 -0.853014972805826
8.85409884562847e-06 -0.85301778694968
8.942639834084751e-06 -0.853020629245793
9.0320662324256e-06 -0.853023499975922
9.12238689474986e-06 -0.85302639942461
9.21361076369735e-06 -0.853029327879278
9.30574687133433e-06 -0.853032285630218
9.39880434004767e-06 -0.853035272970624
9.492792383448151e-06 -0.853038290196633
9.587720307282629e-06 -0.853041337607339
9.68359751035546e-06 -0.853044415504848
9.780433485459009e-06 -0.853047524194286
9.878237820313601e-06 -0.853050663983813
9.977020198516739e-06 -0.85305383518471
1.00767904005019e-05 -0.853057038111361
1.01775583045069e-05 -0.853060273081298
1.0279333887552e-05 -0.853063540415225
1.03821272264275e-05 -0.853066840437086
1.04859484986918e-05 -0.853070173474036
1.05908079836787e-05 -0.853073539856536
1.06967160635155e-05 -0.85307693991834
1.08036832241506e-05 -0.853080373996561
1.09117200563922e-05 -0.853083842431669
1.10208372569561e-05 -0.85308734556756
1.11310456295256e-05 -0.853090883751562
1.12423560858209e-05 -0.853094457334518
1.13547796466791e-05 -0.853098066670734
1.14683274431459e-05 -0.853101712118099
1.15830107175774e-05 -0.853105394038091
1.16988408247531e-05 -0.853109112795792
1.18158292330007e-05 -0.853112868759957
1.19339875253307e-05 -0.85311666230302
1.2053327400584e-05 -0.853120493801158
1.21738606745898e-05 -0.85312436363433
1.22955992813357e-05 -0.853128272186268
1.24185552741491e-05 -0.853132219844579
1.25427408268906e-05 -0.853136207000749
1.26681682351595e-05 -0.853140234050181
1.27948499175111e-05 -0.853144301392234
1.29227984166862e-05 -0.853148409430284
1.3052026400853e-05 -0.853152558571742
1.31825466648616e-05 -0.853156749228122
1.33143721315102e-05 -0.853160981815021
1.34475158528253e-05 -0.853165256752228
1.35819910113535e-05 -0.853169574463736
1.37178109214671e-05 -0.853173935377807
1.38549890306817e-05 -0.853178339926951
1.39935389209886e-05 -0.85318278854805
1.41334743101984e-05 -0.853187281682354
1.42748090533004e-05 -0.853191819775547
1.44175571438334e-05 -0.853196403277756
1.45617327152718e-05 -0.853201032643627
1.47073500424245e-05 -0.853205708332383
1.48544235428487e-05 -0.853210430807842
1.50029677782772e-05 -0.853215200538463
1.515299745606e-05 -0.853220017997405
1.53045274306206e-05 -0.853224883662575
1.54575727049268e-05 -0.853229798016669
1.56121484319761e-05 -0.853234761547225
1.57682699162958e-05 -0.853239774746676
1.59259526154588e-05 -0.85324483811237
1.60852121416134e-05 -0.853249952146646
1.62460642630295e-05 -0.853255117356921
1.64085249056598e-05 -0.853260334255644
1.65726101547164e-05 -0.853265603360463
1.67383362562636e-05 -0.853270925194128
1.69057196188262e-05 -0.853276300284714
1.70747768150145e-05 -0.853281729165566
1.72455245831646e-05 -0.853287212375381
1.74179798289962e-05 -0.853292750458236
1.75921596272862e-05 -0.853298343963689
1.77680812235591e-05 -0.853303993446809
1.79457620357947e-05 -0.853309699468228
1.81252196561526e-05 -0.853315462594175
1.83064718527141e-05 -0.853321283396587
1.84895365712413e-05 -0.853327162453176
1.86744319369537e-05 -0.853333100347378
1.88611762563232e-05 -0.853339097668485
1.90497880188865e-05 -0.853345155011779
1.92402858990753e-05 -0.853351272978452
1.94326887580661e-05 -0.853357452175693
1.96270156456467e-05 -0.853363693216897
1.98232858021032e-05 -0.85336999672155
2.00215186601242e-05 -0.853376363315135
2.02217338467255e-05 -0.853382793629853
2.04239511851927e-05 -0.853389288303953
2.06281906970447e-05 -0.853395847981882
2.08344726040151e-05 -0.853402473310738
2.10428173300553e-05 -0.853409164962972
2.12532455033558e-05 -0.853415923586958
2.14657779583894e-05 -0.853422749859116
2.16804357379733e-05 -0.853429644457445
2.1897240095353e-05 -0.853436608066443
2.21162124963065e-05 -0.85344364137739
2.23373746212696e-05 -0.853450745088633
2.25607483674823e-05 -0.853457919905642
2.27863558511571e-05 -0.853465166540772
2.30142194096687e-05 -0.853472485713547
2.32443616037654e-05 -0.853479878150881
2.3476805219803e-05 -0.853487344586782
2.37115732720011e-05 -0.853494885762777
2.39486890047211e-05 -0.85350250242776
2.41881758947683e-05 -0.853510195338172
2.4430057653716e-05 -0.853517965258058
2.46743582302531e-05 -0.853525812959071
2.49211018125557e-05 -0.85353373922073
2.51703128306812e-05 -0.853541744830276
2.5422015958988e-05 -0.853549830582889
2.56762361185779e-05 -0.853557997281759
2.59329984797637e-05 -0.853566245738099
2.61923284645613e-05 -0.853574576771332
2.64542517492069e-05 -0.853582991209043
2.6718794266699e-05 -0.853591489887163
2.6985982209366e-05 -0.853600073650032
2.72558420314597e-05 -0.853608743350444
2.75284004517743e-05 -0.853617499849774
2.7803684456292e-05 -0.85362634401806
2.80817213008549e-05 -0.853635276734052
2.83625385138635e-05 -0.853644298885349
2.86461638990021e-05 -0.853653411368499
2.89326255379921e-05 -0.853662615088987
2.92219517933721e-05 -0.85367191096145
2.95141713113058e-05 -0.853681299909703
2.98093130244188e-05 -0.853690782866852
3.0107406154663e-05 -0.853700360775362
3.04084802162097e-05 -0.853710034587194
3.07125650183718e-05 -0.853719805263842
3.10196906685555e-05 -0.853729673776519
3.1329887575241e-05 -0.853739641106135
3.16431864509934e-05 -0.853749708243513
3.19596183155034e-05 -0.853759876189411
3.22792144986584e-05 -0.85377014595466
3.2602006643645e-05 -0.853780518560249
3.29280267100814e-05 -0.853790995037422
3.32573069771823e-05 -0.85380157642782
3.35898800469541e-05 -0.853812263783522
3.39257788474236e-05 -0.853823058167217
3.42650366358979e-05 -0.853833960652275
3.46076870022568e-05 -0.853844972322839
3.49537638722794e-05 -0.853856094273993
3.53033015110022e-05 -0.8538673276118
3.56563345261122e-05 -0.853878673453458
3.60128978713733e-05 -0.853890132927444
3.63730268500871e-05 -0.853901707173505
3.67367571185879e-05 -0.853913397342972
3.71041246897738e-05 -0.853925204598613
3.74751659366716e-05 -0.853937130115011
3.78499175960383e-05 -0.85394917507855
3.82284167719987e-05 -0.853961340687509
3.86107009397186e-05 -0.853973628152238
3.89968079491158e-05 -0.853986038695282
3.9386776028607e-05 -0.853998573551569
3.97806437888931e-05 -0.854011233968288
4.0178450226782e-05 -0.854024021205302
4.05802347290498e-05 -0.854036936535197
4.09860370763403e-05 -0.854049981243332
4.13958974471037e-05 -0.854063156628531
4.18098564215747e-05 -0.854076463993468
4.22279549857905e-05 -0.854089904682285
4.26502345356484e-05 -0.854103480017191
4.30767368810049e-05 -0.854117191353344
4.35075042498149e-05 -0.854131040055821
4.39425792923131e-05 -0.854145027503447
4.43820050852362e-05 -0.854159155088901
4.48258251360886e-05 -0.854173424218712
4.52740833874495e-05 -0.854187836313755
4.5726824221324e-05 -0.854202392809104
4.61840924635372e-05 -0.854217095154348
4.66459333881726e-05 -0.854231944813662
4.71123927220543e-05 -0.854246943265968
4.75835166492748e-05 -0.854262092005118
4.80593518157676e-05 -0.854277392539993
4.85399453339253e-05 -0.854292846394712
4.90253447872645e-05 -0.854308455108721
4.95155982351372e-05 -0.854324220237005
5.00107542174885e-05 -0.854340143350233
5.05108617596634e-05 -0.854356226034893
5.10159703772601e-05 -0.854372469893474
5.15261300810327e-05 -0.854388876544625
5.2041391381843e-05 -0.854405447623337
5.25618052956614e-05 -0.854422184781042
5.3087423348618e-05 -0.854439089685887
5.36182975821042e-05 -0.854456164022813
5.41544805579252e-05 -0.854473409493764
5.46960253635045e-05 -0.854490827817854
5.52429856171395e-05 -0.854508420731535
5.57954154733109e-05 -0.854526189988799
5.6353369628044e-05 -0.854544137361325
5.69169033243245e-05 -0.854562264638673
5.74860723575677e-05 -0.854580573628463
5.80609330811434e-05 -0.854599066156567
5.86415424119548e-05 -0.854617744067291
5.92279578360744e-05 -0.854636609223545
5.98202374144351e-05 -0.854655663507066
6.04184397885795e-05 -0.85467490881858
6.10226241864653e-05 -0.854694347078016
6.16328504283299e-05 -0.854713980224678
6.22491789326132e-05 -0.854733810217481
6.28716707219394e-05 -0.854753839035102
6.350038742915879e-05 -0.854774068676223
6.41353913034504e-05 -0.854794501159714
6.477674521648491e-05 -0.854815138524848
6.54245126686497e-05 -0.854835982831492
6.607875779533621e-05 -0.854857036160346
6.673954537328961e-05 -0.854878300613134
6.74069408270225e-05 -0.854899778312816
6.80810102352927e-05 -0.854921471403823
6.876182033764561e-05 -0.854943382052262
6.944943854102211e-05 -0.854965512446144
7.01439329264323e-05 -0.854987864795602
7.084537225569659e-05 -0.855010441333123
7.155382597825361e-05 -0.855033244313772
7.22693642380361e-05 -0.855056276015422
7.299205788041651e-05 -0.855079538739003
7.37219784592207e-05 -0.855103034808703
7.44591982438129e-05 -0.855126766572244
7.5203790226251e-05 -0.855150736401096
7.59558281285135e-05 -0.855174946690742
7.671538640979859e-05 -0.855199399860897
7.74825402738966e-05 -0.855224098355779
7.82573656766356e-05 -0.85524904464435
7.9039939333402e-05 -0.855274241220574
7.9830338726736e-05 -0.855299690603659
8.062864211400339e-05 -0.855325395338334
8.143492853514339e-05 -0.855351357995109
8.22492778204948e-05 -0.855377581170524
8.307177059869981e-05 -0.855404067487422
8.39024883046868e-05 -0.85543081959523
8.474151318773359e-05 -0.855457840170221
8.5588928319611e-05 -0.855485131915782
8.64448176028071e-05 -0.855512697562716
8.730926577883521e-05 -0.855540539869503
8.81823584366235e-05 -0.85556866162258
8.90641820209897e-05 -0.855597065636654
8.995482384119961e-05 -0.855625754754957
9.08543720796116e-05 -0.855654731849578
9.17629158004077e-05 -0.855683999821729
9.26805449584118e-05 -0.855713561602054
9.36073504079959e-05 -0.855743420150929
9.45434239120759e-05 -0.855773578458783
9.548885815119661e-05 -0.855804039546374
9.64437467327086e-05 -0.85583480646515
9.74081842000357e-05 -0.8558658822975
9.838226604203611e-05 -0.855897270157139
9.93660887024564e-05 -0.85592897318939
0.000100359749589481 -0.855960994571504
0.000101363347085376 -0.855993337513034
0.00010237698055623 -0.856026005256111
0.000103400750361792 -0.856059001075825
0.00010443475786541 -0.856092328280522
0.000105479105444064 -0.856125990212193
0.000106533896498505 -0.856159990246791
0.00010759923546349 -0.856194331794571
0.000108675227818124 -0.856229018300503
0.000109761980096306 -0.856264053244528
0.000110859599897269 -0.856299440142045
0.000111968195896241 -0.856335182544161
0.000113087877855204 -0.856371284038127
0.000114218756633756 -0.856407748247689
0.000115360944200093 -0.856444578833464
0.000116514553642094 -0.856481779493381
0.000117679699178515 -0.856519353962923
0.0001188564961703 -0.856557306015642
0.000120045061132003 -0.856595639463523
0.000121245511743324 -0.856634358157353
0.000122457966860757 -0.85667346598688
0.000123682546529364 -0.856712966880047
0.000124919371994658 -0.856752864818016
0.000126168565714605 -0.856793163792742
0.000127430251371751 -0.856833867865585
0.000128704553885468 -0.856874981127614
0.000129991599424323 -0.856916507712733
0.000131291515418566 -0.856958451797062
0.000132604430572752 -0.85700081759943
0.000133930474878479 -0.857043609381684
0.000135269779627264 -0.857086831449113
0.000136622477423537 -0.857130488150997
0.000137988702197772 -0.857174583881007
0.00013936858921975 -0.857219123077614
0.000140762275111947 -0.857264110224671
0.000142169897863067 -0.857309549851779
0.000143591596841697 -0.857355446534828
0.000145027512810114 -0.857401804896428
0.000146477787938216 -0.85744862960643
0.000147942565817598 -0.857495925382435
0.000149421991475774 -0.85754369699022
0.000150916211390531 -0.857591949244305
0.000152425373504437 -0.857640687008439
0.000153949627239481 -0.857689915196117
0.000155489123511876 -0.857739638771076
0.000157044014746995 -0.857789862747847
0.000158614454894465 -0.857840592192284
0.000160200599443409 -0.857891832222066
0.000161802605437843 -0.857943588007278
0.000163420631492222 -0.857995864770934
0.000165054837807144 -0.858048667789532
0.000166705386185215 -0.858102002393622
0.000168372440047068 -0.858155873968364
0.000170056164447538 -0.858210287954101
0.000171756726092014 -0.858265249846923
0.000173474293352934 -0.858320765199273
0.000175209036286463 -0.858376839620523
0.000176961126649328 -0.858433478777555
0.000178730737915821 -0.858490688395409
0.000180518045294979 -0.858548474257822
0.000182323225747929 -0.858606842207911
0.000184146458005408 -0.85866579814876
0.000185987922585462 -0.858725348044049
0.000187847801811317 -0.858785497918689
0.00018972627982943 -0.858846253859492
0.000191623542627725 -0.858907622015768
0.000193539778054002 -0.858969608600032
0.000195475175834542 -0.859032219888645
0.000197429927592887 -0.859095462222465
0.000199404226868816 -0.859159342007568
0.000201398269137504 -0.859223865715893
0.000203412251828879 -0.859289039885973
0.000205446374347168 -0.859354871123569
0.00020750083809064 -0.859421366102489
0.000209575846471546 -0.859488531565174
0.000211671604936262 -0.859556374323507
0.000213788320985624 -0.859624901259532
0.000215926204195481 -0.859694119326153
0.000218085466237435 -0.85976403554793
0.00022026632089981 -0.8598346570218
0.000222468984108808 -0.859905990917861
0.000224693673949896 -0.859978044480108
0.000226940610689395 -0.860050825027276
0.000229210016796289 -0.860124339953533
0.000231502116964252 -0.860198596729379
0.000233817138133894 -0.860273602902346
0.000236155309515233 -0.860349366097832
0.000238516862610385 -0.860425894019861
0.000240902031236489 -0.860503194451718
0.000243311051548854 -0.860581275256101
0.000245744162064343 -0.860660144371375
0.000248201603684986 -0.860739809580399
0.000250683619721836 -0.860820279860739
0.000253190455919054 -0.860901562429854
0.000255722360478245 -0.860983665946655
0.000258279584083027 -0.861066598764341
0.000260862379923858 -0.861150369332246
0.000263471003723096 -0.861234986188595
0.000266105713760327 -0.861320457960521
0.00026876677089793 -0.861406793364516
0.00027145443860691 -0.861494001207559
0.000274168982992979 -0.861582090387825
0.000276910672822909 -0.861671070912557
0.000279679779551138 -0.861760949831879
0.000282476577346649 -0.861851737340486
0.000285301343120116 -0.861943442711455
0.000288154356551317 -0.862036075314117
0.00029103590011683 -0.862129644615032
0.000293946259117998 -0.862224160179056
0.000296885721709178 -0.862319631670362
0.00029985457892627 -0.862416068853528
0.000302853124715533 -0.862513481594574
0.000305881655962688 -0.862611879862072
0.000308940472522315 -0.862711273728234
0.000312029877247538 -0.862811673370036
0.000315150176020014 -0.862913089070266
0.000318301677780214 -0.863015531218745
0.000321484694558016 -0.863119010313534
0.000324699541503596 -0.86322353696199
0.000327946536918632 -0.863329121883183
0.000331226002287818 -0.863435775894418
0.000334538262310697 -0.863543509960555
0.000337883644933803 -0.863652335122515
0.000341262481383142 -0.863762262554707
0.000344675106196973 -0.863873303545394
0.000348121857258943 -0.863985469500499
0.000351603075831532 -0.864098771944879
0.000355119106589847 -0.864213222523751
0.000358670297655746 -0.864328833003896
0.000362257000632303 -0.864445615275019
0.000365879570638626 -0.864563581351052
0.000369538366345013 -0.864682743371494
0.000373233750008463 -0.864803113602787
0.000376966087508547 -0.864924704439642
0.000380735748383633 -0.865047528406463
0.000384543105867469 -0.865171598158719
0.000388388536926144 -0.86529692648437
0.000392272422295405 -0.865423526305302
0.00039619514651836 -0.865551410678753
0.000400157097983543 -0.865680592798811
0.000404158668963379 -0.865811085997851
0.000408200255653012 -0.865942903748069
0.000412282258209542 -0.866076059662972
0.000416405080791638 -0.866210567498925
0.000420569131599554 -0.866346441156685
0.00042477482291555 -0.866483694682977
0.000429022571144705 -0.866622342272076
0.000433312796856152 -0.866762398267406
0.000437645924824714 -0.866903877163169
0.000442022384072961 -0.867046793605964
0.000446442607913691 -0.867191162396474
0.000450907033992828 -0.867336998491121
0.000455416104332756 -0.867484317003775
0.000459970265376083 -0.867633133207455
0.000464569968029844 -0.867783462536087
0.000469215667710143 -0.867935320586249
0.000473907824387244 -0.868088723118933
0.000478646902631117 -0.868243686061381
0.000483433371657428 -0.868400225508858
0.000488267705374002 -0.868558355027726
0.000493150382427742 -0.868718096452017
0.0004980818862520199 -0.86887946369395
0.00050306270511454 -0.869042473539598
0.000508093332165685 -0.869207142952491
0.000513174265487342 -0.869373489075598
0.000518306008142215 -0.869541529233253
0.0005234890682236369 -0.869711280933204
0.000528723958905874 -0.869882761868585
0.000534011198494933 -0.870055989920017
0.000539351310479882 -0.870230983157624
0.000544744823584681 -0.870407759843152
0.000550192271820528 -0.87058633843212
0.000555694194538733 -0.870766737575906
0.00056125113648412 -0.870948976123966
0.000566863647848961 -0.871133073126018
0.000572532284327451 -0.871319047834264
0.000578257607170726 -0.871506919705625
0.000584040183242433 -0.871696708404035
0.000589880585074857 -0.871888433802745
0.000595779390925606 -0.872082115986569
0.000601737184834862 -0.872277775254224
0.00060775455668321 -0.872475432120492
0.000613832102250043 -0.872675107318082
0.000619970423272543 -0.872876821797283
0.000626170127505268 -0.873080596706346
0.000632431828780321 -0.873286453683081
0.000638756147068124 -0.873494416751061
0.000645143708538805 -0.873704502424947
0.0006515951456241939 -0.873916735534809
0.000658111097080435 -0.874131135008138
0.00066469220805124 -0.874347731875594
0.000671339130131752 -0.874566542294502
0.00067805252143307 -0.874787591151546
0.0006848330466474 -0.875010901629801
0.000691681377113875 -0.875236497271882
0.000698598190885013 -0.875464401887952
0.000705584172793863 -0.875694639548291
0.000712640014521802 -0.875927234583887
0.00071976641466702 -0.876162211588758
0.00072696407881369 -0.876399595422678
0.000734233719601827 -0.876639411214177
0.000741576056797845 -0.876881684363591
0.000748991817365824 -0.877126440546238
0.000756481735539482 -0.877373705715624
0.000764046552894877 -0.8776235061067
0.000771687018423826 -0.877875868239206
0.000779403888608064 -0.878130818921027
0.000787197927494145 -0.878388385251631
0.000795069906769086 -0.878648594625547
0.000803020605836777 -0.878911474735909
0.000811050811895145 -0.879177053578039
0.000819161320014096 -0.879445359453102
0.000827352933214237 -0.879716420971816
0.00083562646254638 -0.879990267058221
0.000843982727171843 -0.880266926953512
0.0008524225544435619 -0.880546430219931
0.000860946779987997 -0.88082880674473
0.000869556247787878 -0.881114086992882
0.000878251810265756 -0.881402301016451
0.000887034328368414 -0.88169347995086
0.000895904671652098 -0.881987655024376
0.000904863718368619 -0.882284857811161
0.000913912355552305 -0.882585120235635
0.000923051479107828 -0.882888474576968
0.0009322819938989071 -0.883194953473658
0.000941604813837896 -0.883504589928224
0.000951020861976275 -0.883817417311948
0.000960531070596037 -0.884133469369923
0.000970136381301998 -0.884452780226227
0.000979837745115018 -0.884775384402219
0.0009896361225661681 -0.885101316777184
0.00099953248379183 -0.885430612692355
0.00100952780862975 -0.885763307342172
0.00101962308671605 -0.886099440291913
0.00102981931758321 -0.886439039686736
0.00104011751075904 -0.886782150435251
0.00105051868586663 -0.887128807186923
0.00106102387272529 -0.887479047719315
0.00107163411145255 -0.887832910235627
0.00108235045256707 -0.888190433376434
0.00109317395709274 -0.888551656227334
0.00110410569666367 -0.888916618325839
0.00111514675363031 -0.889285359668128
0.00112629822116661 -0.889657920715875
0.00113756120337828 -0.890034342403196
0.00114893681541206 -0.890414666143704
0.00116042618356618 -0.89079893383778
0.00117203044540184 -0.891187187894037
0.00118375074985586 -0.891579471180655
0.00119558825735442 -0.891975827117255
0.00120754413992796 -0.892376299626601
0.00121961958132724 -0.89278093315613
0.00123181577714052 -0.893189772684104
0.00124413393491192 -0.893602863716172
0.00125657527426104 -0.894020252119121
0.00126914102700365 -0.894441985823706
0.00128183243727369 -0.89486811002412
0.00129465076164642 -0.895298673639149
0.00130759726926289 -0.895733724908272
0.00132067324195552 -0.896173312792212
0.00133387997437507 -0.896617486874036
0.00134721877411882 -0.897066297360511
0.00136069096186001 -0.897519795091158
0.00137429787147861 -0.897978031549157
0.0013880408501934 -0.898441058872955
0.00140192125869533 -0.898908929868842
0.00141594047128228 -0.899381698025652
0.00143009987599511 -0.899859417539837
0.00144440087475506 -0.900342143498439
0.00145884488350261 -0.900829930202573
0.00147343333233764 -0.901322836012823
0.00148816766566101 -0.901820916865288
0.00150304934231762 -0.902324230735387
0.0015180798357408 -0.902832836253214
0.00153326063409821 -0.903346792891067
0.00154859324043919 -0.903866160737277
0.00156407917284358 -0.904391000892395
0.00157971996457202 -0.904921375235168
0.00159551716421774 -0.905457346503361
0.00161147233585991 -0.905998978312046
0.00162758705921851 -0.906546335172453
0.0016438629298107 -0.907099482511362
0.00166030155910881 -0.907658486750932
0.00167690457469989 -0.908223415090062
0.00169367362044689 -0.908794335884591
0.00171061035665136 -0.909371317988951
0.00172771646021787 -0.909954432602855
0.00174499362482005 -0.910543750648371
0.00176244356106825 -0.911139344573551
0.00178006799667894 -0.911741287875326
0.00179786867664573 -0.912349655582689
0.00181584736341218 -0.912964522758612
0.0018340058370463 -0.913585966738681
0.00185234589541677 -0.914214065696345
0.00187086935437094 -0.914848899040344
0.00188957804791465 -0.9154905474532
0.00190847382839379 -0.916139092968336
0.00192755856667773 -0.916794622682499
0.00194683415234451 -0.917457207711954
0.00196630249386795 -0.918126949683605
0.00198596551880663 -0.918803929619072
0.0020058251739947 -0.919488236708198
0.00202588342573464 -0.92017996241305
0.00204614225999199 -0.920879196481701
0.00206660368259191 -0.921586034198328
0.00208726971941783 -0.922300570307239
0.00210814241661201 -0.923022901598545
0.00212922384077813 -0.923753126583155
0.00215051607918591 -0.924491345523383
0.00217202123997777 -0.925237660476485
0.00219374145237755 -0.925992175341225
0.00221567886690132 -0.92675499590616
0.00223783565557034 -0.927526229899431
0.00226021401212604 -0.92830598703994
0.0022828161522473 -0.929094379089892
0.00230564431376977 -0.929891519910904
0.00232870075690747 -0.930697525509352
0.00235198776447654 -0.931512514105104
0.00237550764212131 -0.932336606145857
0.00239926271854252 -0.933169924441606
0.00242325534572795 -0.934012595822799
0.00244748789918523 -0.934864744025598
0.00247196277817708 -0.93572650383436
0.00249668240595885 -0.93659800440971
0.00252164923001844 -0.93747938280258
0.00254686572231862 -0.938370777045354
0.00257233437954181 -0.93927232805396
0.00259805772333723 -0.940184179635823
0.0026240383005706 -0.941106474708577
0.00265027868357631 -0.942039370726176
0.00267678147041207 -0.942983016729879
0.00270354928511619 -0.943937568772429
0.00273058477796735 -0.944903186163089
0.00275789062574703 -0.945880031549622
0.0027854695320045 -0.946868271001843
0.00281332422732454 -0.947868074096902
0.00284145746959779 -0.94887961400777
0.00286987204429376 -0.949903067613971
0.0028985707647367 -0.950938617718756
0.00292755647238407 -0.95198644445379
0.00295683203710791 -0.953046740033919
0.00298640035747899 -0.954119693032355
0.00301626436105378 -0.955205503338058
0.00304642700466432 -0.956304370391829
0.00307689127471096 -0.957416496952063
0.00310766018745807 -0.958542098526541
0.00313873678933265 -0.959681386289991
0.00317012415722598 -0.960834579010011
0.00320182539879824 -0.962001900180204
0.00323384365278622 -0.963183578117734
0.00326618208931408 -0.964379846062029
0.00329884391020722 -0.965590942549441
0.00333183234930929 -0.96681711076751
0.00336515067280239 -0.968058601889107
0.00339880217953041 -0.969315664170475
0.00343279020132572 -0.970588540945077
0.00346711810333897 -0.971877551565953
0.00350178928437236 -0.973182914670829
0.00353680717721609 -0.974504922893322
0.00357217524898825 -0.975843858214922
0.00360789700147813 -0.977200008501363
0.00364397597149291 -0.978573667745053
0.00368041573120784 -0.979965138937595
0.00371721988851992 -0.981374722201967
0.00375439208740512 -0.982802729562248
0.00379193600827917 -0.984249486545915
0.00382985536836196 -0.985715317812939
0.00386815392204558 -0.987200549986836
0.00390683546126603 -0.988705531440956
0.0039459038158787 -0.990230586859222
0.00398536285403748 -0.991776085264828
0.00402521648257786 -0.993342378634023
0.00406546864740364 -0.994929837798326
0.00410612333387767 -0.996538832048949
0.00414718456721645 -0.998169741019296
0.00418865641288861 -0.999822954413909
0.0042305429770175 -1.00149885400159
0.00427284840678767 -1.00319785681806
0.00431557689085555 -1.00492035632617
0.00435873265976411 -1.00666678288349
0.00440231998636175 -1.00843754281593
0.00444634318622536 -1.01023306519553
0.00449080661808762 -1.01205381363678
0.00453571468426849 -1.01390019756211
0.00458107183111118 -1.01577269813972
0.00462688254942229 -1.01767174135012
0.00467315137491651 -1.01959782297595
0.00471988288866568 -1.02155141716281
0.00476708171755234 -1.02353294355809
0.00481475253472786 -1.02554300844336
0.00486290006007514 -1.02758200726299
0.00491152906067589 -1.02965045621318
0.00496064435128265 -1.03174893000187
0.00501025079479548 -1.03387784415809
0.00506035330274343 -1.03603780102997
0.00511095683577087 -1.0382292872988
0.00516206640412858 -1.04045286359304
0.00521368706816986 -1.04270907957396
0.00526582393885156 -1.04499846825763
0.00531848217824008 -1.04732158315452
0.00537166700002248 -1.04967900502809
0.0054253836700227 -1.05207128666492
0.00547963750672293 -1.05449901308554
0.00553443388179016 -1.056962773467
0.00558977822060806 -1.05946321657422
0.00564567600281414 -1.06200078509414
0.00570213276284228 -1.06457616494607
0.0057591540904707 -1.06718992753124
0.00581674563137541 -1.06984277789322
0.00587491308768917 -1.07253514676188
0.00593366221856606 -1.07526795190088
0.00599299884075172 -1.07804154407563
0.00605292882915924 -1.08085663618186
0.00611345811745083 -1.08371389154589
0.00617459269862534 -1.08661390519384
0.00623633862561159 -1.08955734070476
0.00629870201186771 -1.09254480177933
0.00636168903198638 -1.09557701899987
0.00642530592230625 -1.09865458154036
0.00648955898152931 -1.10177816866873
0.0065544545713446 -1.10494839218289
0.00661999911705805 -1.10816591563117
0.00668619910822863 -1.11143142363109
0.00675306109931092 -1.11474545834712
0.00682059171030403 -1.11810855090441
0.00688879762740707 -1.12152221980805
0.00695768560368114 -1.12498613365272
0.00702726245971795 -1.12850130141691
0.00709753508431513 -1.1320683368946
0.00716851043515828 -1.13568790931158
0.00724019553950986 -1.13936056898092
0.00731259749490496 -1.14308698456368
0.00738572346985401 -1.14686822317154
0.00745958070455255 -1.15070424094577
0.00753417651159808 -1.15459601772416
0.00760951827671406 -1.15854412501033
0.0076856134594812 -1.16254906563728
0.00776246959407601 -1.16661154108467
0.00784009429001677 -1.17073197888759
0.00791849523291694 -1.17491115139507
0.00799768018524611 -1.17914945299748
0.00807765698709857 -1.18344746425729
0.00815843355696956 -1.18780564311535
0.00824001789253925 -1.1922246188988
0.00832241807146464 -1.19670463886124
0.008405642252179289 -1.20124623181907
0.00848969867470108 -1.20584978434291
0.0085745956614481 -1.2105157467129
0.008660341618062581 -1.21524432647767
0.008746945034243199 -1.22003577754573
0.008834414484585631 -1.22489051293764
0.008922758629431491 -1.22980864211797
0.0090119862157258 -1.2347903039093
0.00910210607788306 -1.23983559468588
0.00919312713866189 -1.24494447918655
0.00928505841004851 -1.2501168929105
0.009377908994149 -1.25535273048214
0.00947168808409049 -1.26065172159301
0.009566404964931391 -1.26601357968798
0.00966206901458071 -1.27143776876748
0.009758689704726511 -1.27692382081506
0.009856276601773781 -1.28247098879166
0.00995483936779152 -1.28807846914068
0.0100543877614694 -1.29374520655047
0.0101549316390841 -1.29946999665153
0.010256480955475 -1.30525164366663
0.0103590457650297 -1.31108847768045
0.01046263622268 -1.31697868589914
0.0105672625849068 -1.32292022248897
0.0106729352107559 -1.32891074141889
0.0107796645628634 -1.33494763298036
0.0108874612084921 -1.34102786526417
0.010996335820577 -1.34714806874317
0.0111062991787828 -1.35330463632023
0.0112173621705706 -1.35949316991312
0.0113295357922763 -1.36570906747184
0.0114428311501991 -1.3719470982933
0.0115572594617011 -1.3782014380948
0.0116728320563181 -1.38446565516253
0.0117895603768812 -1.3907325515953
0.0119074559806501 -1.3969942238162
0.0120265305404566 -1.40324183889931
0.0121467958458611 -1.40946569816395
0.0122682638043197 -1.41565510134153
0.0123909464423629 -1.42179808486749
0.0125148559067866 -1.42788166569306
0.0126400044658544 -1.43389137825779
0.012766404510513 -1.4398113475533
0.0128940685556181 -1.44562414474145
0.0130230092411743 -1.45131049789911
0.013153239333586 -1.45684928256142
0.0132847717269219 -1.4622174011998
0.0134176194441911 -1.4673890272364
0.013551795638633 -1.47233654050836
0.0136873135950193 -1.47702921491266
0.0138241867309695 -1.4814334070569
0.0139624285982792 -1.48551242886496
0.014102052884262 -1.48922610011699
0.0142430734131046 -1.49253037036988
0.0143855041472357 -1.49537748034499
0.014529359188708 -1.49771497693227
0.0146746527805951 -1.499485996863
0.0148213993084011 -1.50062840198954
0.0149696133014851 -1.50107495774939
0.0151193094344999 -1.50075253883418
0.0152705025288449 -1.499581928748
0.0154232075541334 -1.49747756569291
0.0155774396296747 -1.4943471032091
0.0157332140259715 -1.49009103806088
0.0158905461662312 -1.48460269307453
0.0160494516278935 -1.47776759613248
0.0162099461441724 -1.46946394361115
0.0163720456056142 -1.4595620356932
0.0165357660616703 -1.44792444077782
0.016701123722287 -1.4344065997531
0.0168681349595099 -1.41885702306793
0.017036816309105 -1.40111782270525
0.017207184472196 -1.38102591091005
0.017379256316918 -1.35841416758645
0.0175530488800872 -1.33311321105865
0.017728579368888 -1.30495253530273
0.0179058651625769 -1.2737648472901
0.0180849238142027 -1.23938719324163
0.0182657730523447 -1.20166524267263
0.0184484307828682 -1.16045710076406
0.0186329150906968 -1.11563780841971
0.0188192442416038 -1.06710416533791
0.0190074366840199 -1.01478016274046
0.0191975110508601 -0.958622084613156
0.0193894861613687 -0.898624641901145
0.0195833810229823 -0.834825632830198
0.0197792148332122 -0.767312032054359
0.0199770069815443 -0.696223487284409
0.0201767770513597 -0.621756217510702
0.0203785448218733 -0.544164873644739
0.0205823302700921 -0.463763327053708
0.020788153572793 -0.380923254254664
0.0209960351085209 -0.29607042313821
0.0212059954596061 -0.20968051793484
0.0214180554142022 -0.122270137839997
0.0216322359683442 -0.0343881385882454
0.0218485583280276 0.0533951203522595
0.0220670439113079 0.140500030106276
0.022287714350421 0.226351289018209
0.0225105914939252 0.310389222536823
0.0227356974088645 0.392083293482193
0.0229630543829531 0.470942790008226
0.0231926849267826 0.546526587339085
0.0234246117760505 0.618450731110447
0.023658857893811 0.686393389112052
0.0238954464727491 0.750099845039452
0.0241344009374766 0.809380469270115
0.0243757449468513 0.864111989806521
0.0246195023963198 0.91423361093385
0.024865697420283 0.959741578990576
0.0251143543944859 1.00068590528487
0.0253654979384307 1.03716123754328
0.025619152917815 1.06930245853178
0.0258753444469932 1.0972756332398
0.0261340978914631 1.12127285668967
0.0263954388703778 1.14150504983259
0.0266593932590815 1.15819654247194
0.0269259871916724 1.17157940453115
0.0271952470635891 1.18188917507231
0.027467199534225 1.1893609091174
0.0277418715295672 1.19422588195477
0.0280192902448629 1.19670880573533
0.0282994831473115 1.19702625614625
0.0285824779787846 1.19538484116033
0.0288683027585725 1.19198009001956
0.0291569857861582 1.18699601149359
0.0294485556440198 1.18060465073203
0.02974304120046 1.17296592990997
0.0300404716124646 1.16422786081585
0.0303408763285892 1.15452675241464
0.0306442850918751 1.14398771374442
0.0309507279427939 1.13272510622427
0.0312602352222218 1.12084322675973
0.031572837574444 1.10843661408684
0.0318885659501885 1.09559092063537
0.0322074516096904 1.08238350861498
0.0325295261257873 1.06888402745316
0.0328548213870451 1.05515521741503
0.0331833696009156 1.04125293072947
0.0335152032969248 1.02722712020792
0.033850355329894 1.01312250801938
0.0341888588831929 0.998978709968039
0.0345307474720249 0.984830710536751
0.0348760549467451 0.970709638209896
0.0352248154962126 0.956642665232605
0.0355770636511747 0.942653646775778
0.0359328342876865 0.928764091401468
0.0362921626305633 0.914990883481177
0.036655084256869 0.901351400383676
0.0370216350994376 0.887858515194197
0.037391851450432 0.874523411143024
0.0377657699649363 0.861356666376918
0.0381434276645857 0.848365463426575
0.0385248619412316 0.835557898289156
0.0389101105606439 0.822938963273813
0.0392992116662503 0.810513160152024
0.0396922037829128 0.798284140906794
0.0400891258207419 0.786254506182609
0.0404900170789494 0.77442611143318
0.0408949172497389 0.762800327581657
0.0413038664222363 0.751377184098013
0.0417169050864586 0.74015691429046
0.0421340741373232 0.729139861516142
0.0425554148786964 0.718324516037592
0.0429809690274834 0.707709007653577
0.0434107787177582 0.697293149840445
0.0438448865049358 0.687074310956394
0.0442833353699852 0.677050698237815
0.044726168723685 0.667220052707579
0.0451734304109219 0.657579944154201
0.0456251647150311 0.64812790915356
0.0460814163621814 0.63886117603534
0.0465422305258032 0.629777109280278
0.0470076528310613 0.620872458565121
0.0474777293593719 0.612144696577091
0.0479525066529656 0.603590661436811
0.0484320317194952 0.595207287673246
0.0489163520366902 0.586991480793906
0.0494055155570571 0.578940259482829
0.0498995707126277 0.571050290301761
0.0503985664197539 0.563318679342255
0.0509025520839515 0.555742009122687
0.051411577604791 0.54831738869279
0.0519256933808389 0.541041622399498
0.0524449503146473 0.533911554721929
0.0529693998177938 0.526924131921051
0.0534990938159717 0.520076283734877
0.0540340847541314 0.513364936141875
0.0545744256016727 0.506787058394374
0.0551201698576895 0.50033972107616
0.0556713715562664 0.494019800894927
0.056228085271829 0.487824576556255
0.0567903661245473 0.481751021725487
0.0573582697857928 0.475796275631296
0.0579318524836507 0.469957524120497
0.0585111710084872 0.464231987208205
0.0590962827185721 0.458616898437068
0.0596872455457578 0.453109542447375
0.0602841180012154 0.447707227153619
0.0608869591812276 0.442407349217651
0.0614958287730398 0.437207299861625
0.0621107870607702 0.432104560302833
0.0627318949313779 0.427096537095314
0.0633592138806917 0.422180815091041
0.0639928060194986 0.417354958493497
0.0646327340796936 0.412616562686097
0.0652790614204906 0.40796328657789
0.0659318520346955 0.403392846109151
0.06659117055504241 0.39890298344809
0.06725708226059279 0.394491487000236
0.0679296530831988 0.390156133219416
0.0686089496140308 0.385894882537009
0.0692950391101711 0.381705592910026
0.0699879895012728 0.37758622127232
0.0706878693962855 0.373534808926709
0.0713947480902484 0.369549375533629
0.0721086955711509 0.365628029211388
0.0728297825268624 0.361768894838362
0.073558080352131 0.357970170515377
0.07429366115565229 0.354230108828167
0.07503659776720881 0.350546919335148
0.07578696374488091 0.346919029251848
0.0765448333823297 0.343344707693465
0.07731028171615301 0.339822437853298
0.07808338453331461 0.336350609790785
0.0788642183786477 0.332927809015226
0.0796528605624342 0.329552538244639
0.08044938916805849 0.326223461239746
0.0812538830597391 0.322939163051905
0.0820664218903365 0.319698349037966
0.08288708610923989 0.316499798448726
0.08371595697033229 0.313342295274166
0.0845531165400356 0.310224661199679
0.085398647705436 0.307145771097736
0.0862526341824903 0.304104628326378
0.0871151605243152 0.301100159409354
0.0879863121295584 0.298131375591261
0.0888661752508539 0.295197362902137
0.08975483700336249 0.292297247482863
0.09065238537339609 0.289430155800574
0.0915589092271301 0.286595499401764
0.0924744983194014 0.283792166876155
0.0933992433025954 0.281019819623722
0.0943332357356213 0.278277426883504
0.0952765680929776 0.275564782354634
0.0962293337739073 0.272880946225029
0.0971916271116464 0.270225558756624
0.0981635433827629 0.267597968286061
0.0991451788165905 0.264997872863932
0.100136630604756 0.262424718465728
0.101137996910804 0.259878144053352
0.102149376879912 0.257357773528173
0.103170870648711 0.254863268695252
0.104202579355198 0.252394294719171
0.10524460514875 0.24995059757138
0.106297051200238 0.247531888204543
0.10736002171224 0.245137960982327
0.108433621929363 0.242768574456598
0.109517958148656 0.240423604492656
0.110613137730143 0.238102781071186
0.111719269107444 0.235806005830806
0.112836461798519 0.23353312654222
0.113964826416504 0.2312840154637
0.115104474680669 0.229058552578794
0.116255519427476 0.226856627186148
0.11741807462175 0.224678172137365
0.118592255367968 0.22252307251017
0.119778177921647 0.220391296933309
0.120975959700864 0.218282711098131
0.122185719297873 0.216197198808053
0.123407576490851 0.214134797618934
0.12464165225576 0.212095399310069
0.125888068778317 0.210078898641312
0.127146949466101 0.20808524531364
0.128418418960762 0.206114370809653
0.129702603150369 0.204166186390693
0.130999629181873 0.202240575539161
0.132309625473692 0.200337534598057
0.133632721728429 0.198456893052695
0.134969048945713 0.19659857421137
0.13631873943517 0.194762463054024
0.137681926829522 0.192948457592128
0.139058746097817 0.191156424132525
0.140449333558795 0.1893862437917
0.141853826894383 0.187637776743924
0.143272365163327 0.185910898407228
0.14470508881496 0.184205368926382
0.14615213970311 0.182521125282822
0.147613661100141 0.180857971178276
0.149089797711142 0.179215721540802
0.150580695688254 0.177594197243474
0.152086502645136 0.17599317901792
0.153607367671588 0.174412555830824
0.155143441348303 0.172852059543931
0.156694875761787 0.17131145347753
0.158261824519404 0.16979058246162
0.159844442764598 0.168289206200492
0.161442887192244 0.166807102644122
0.163057316064167 0.165344049205003
0.164687889224809 0.163899807874407
0.166334768117057 0.162474157922097
0.167998115798227 0.161066849164772
0.169678096956209 0.159677663132756
0.171374877925772 0.158306352415124
0.173088626705029 0.156952687287644
0.17481951297208 0.155616425190427
0.1765677081018 0.154297332400896
0.178333385182818 0.152995172685083
0.180116719034647 0.151709716485223
0.181917886224993 0.150440739536277
0.183737065087243 0.14918800776602
0.185574435738115 0.147951307520946
0.187430180095497 0.14673043102299
0.189304481896452 0.145525173898431
0.191197526715416 0.144335355436783
0.19310950198257 0.143160827229173
0.195040597002396 0.142001522067215
0.19699100297242 0.140857331750908
0.198960913002144 0.139732087744705
0.200950522132166 0.138605247134096
0.202960027353487 0.13749465158205
0.204989627627022 0.136404099197422
0.207039523903292 0.135327359251905
0.209109919142325 0.134264561255956
0.211201018333748 0.133215341953369
0.213313028517086 0.13217944799064
0.215446158802257 0.131156663352593
0.217600620390279 0.130146801390628
0.219776626594182 0.129149679942288
0.221974392860124 0.128165124605525
0.224194136788725 0.127192973617785
0.226436078156613 0.126233067996444
0.228700438938179 0.125285253960364
0.23098744332756 0.124349382856587
0.233297317760836 0.123425305703633
0.235630290938444 0.122512881620945
0.237986593847829 0.121611969760957
0.240366459786307 0.120722433141237
0.24277012438417 0.119844132733481
0.245197825628012 0.118976932491634
0.247649803884292 0.11812070252637
0.250126301923135 0.117275311685268
0.252627564942366 0.116440623882514
0.25515384059179 0.11561650731615
0.257705378997708 0.11480283759895
0.260282432787685 0.113999473235724
0.262885257115562 0.113206305668402
0.265514109686717 0.112423184107013
0.268169250783585 0.11164998371388
0.27085094329142 0.110886580753625
0.273559452724335 0.110132834059688
0.276295047251578 0.109388615215558
0.279057997724094 0.108653796792657
0.281848577701335 0.10792824193527
0.284667063478348 0.107211822496946
0.287513734113132 0.10650439895881
0.290388871454263 0.105805840510139
0.293292760168805 0.105116008289649
0.296225687770494 0.104434777693891
0.299187944648198 0.103762010712085
0.30217982409468 0.103097570410567
0.305201622335627 0.102441332935851
0.308253638558984 0.101793141828545
0.311336174944573 0.101152887415505
0.314449536694019 0.100520423536209
0.317594032060959 0.0998956363958442
0.320769972381569 0.099278382133766
0.323977672105385 0.0986685222473957
0.327217448826438 0.0980659508204122
0.330489623314703 0.0974705503403445
0.33379451954785 0.0968821756805468
0.337132464743328 0.0963007311381022
0.340503789390762 0.0957260807705792
0.343908827284669 0.0951581310546259
0.347347915557516 0.094596767032388
0.350821394713091 0.0940418857623497
0.354329608660222 0.0934933892800671
0.357872904746824 0.092951173548539
0.361451633794292 0.0924151525935562
0.365066150132235 0.0918852476190732
0.368716811633558 0.0913613636521655
0.372403979749893 0.0908434398923273
0.376128019547392 0.0903313854782944
0.379889299742866 0.0898251477798189
0.383688192740295 0.089324662112865
0.387525074667698 0.0888298702337084
0.391400325414375 0.0883407092826876
0.395314328668518 0.0878571539755076
0.399267471955204 0.0873791286586697
0.403260146674756 0.0869066170532584
0.407292748141503 0.0864395618687738
0.411365675622918 0.0859779485373419
0.415479332379147 0.0855217315125357
0.419634125702939 0.0850708846166412
0.423830466959968 0.0846253817278575
0.428068771629568 0.0841851951162484
0.432349459345864 0.0837502964215921
0.436672953939322 0.0833206620110044
0.441039683478716 0.0828962668848039
0.445450080313503 0.0824770900379497
0.449904581116638 0.0820630908579292
0.454403626927804 0.0816542549622702
0.458947663197082 0.0812505417366738
0.463537139829053 0.0808519393776718
0.468172511227344 0.0804583929707015
0.472854236339617 0.0800698748309812
0.477582778703013 0.0796863472304664
0.482358606490043 0.0793077710715484
0.487182192554944 0.0789340946351753
0.492054014480493 0.078565273321341
0.496974554625298 0.0782012536256896
0.501944300171551 0.0778419907903339
0.506963743173267 0.077487425985916
0.512033380604999 0.0771375032467551
0.517153714411049 0.0767921538285999
0.52232525155516 0.076451327151278
0.527548504070711 0.0761149514097365
0.532823989111418 0.0757829647085246
0.538152229002533 0.0754552960182242
0.543533751292558 0.0751318829274576
0.548969088805484 0.0748126516807644
0.554458779693538 0.0744975342219102
0.560003367490474 0.0741864615723636
0.565603401165378 0.0738793647762023
0.571259435177032 0.0735761774179076
0.576972029528803 0.0732768277796727
0.582741749824091 0.0729812515841645
0.588569167322331 0.0726893945412964
0.5944548589955549 0.0724011667477824
0.60039940758551 0.0721165210995491
0.606403401661365 0.0718353675382931
0.612467435677979 0.0715576933329291
0.618592110034759 0.0712834039037864
0.624778031135106 0.0710124593136657
0.631025811446457 0.0707447889657777
0.637336069560922 0.0704803218222465
0.643709430256531 0.0702190531051761
0.650146524559097 0.0699609166642609
0.656647989804688 0.069705817156066
0.663214469702734 0.0694537359280436
0.669846614399762 0.06920460719363
0.6765450805437589 0.068958385978728
0.6833105313491969 0.0687150336034158
0.690143636662689 0.0684744339581125
0.697045073029316 0.068236600697995
0.704015523759609 0.068001436279468
0.711055678997205 0.0677688969382257
0.718166235787177 0.0675389093449258
0.725347898145049 0.0673114261986408
0.732601377126499 0.0670863419723461
0.739927390897764 0.0668635532572821
0.747326664806742 0.066643035535754
0.7547999314548089 0.0664246774452887
0.762347930769357 0.066208385599796
0.7699714100770511 0.0659940458035834
0.777671124177822 0.0657815486453548
0.7854478354195999 0.0655707743645056
0.793302313773796 0.0653615846386215
0.801235336911534 0.0651538461977947
0.809247690280649 0.0649474060134495
0.817340167183456 0.0647421038638744
0.82551356885529 0.0645377672900933
0.833768704543843 0.0643342141550653
0.842106391589282 0.0641312449592255
0.8505274555051739 0.0639286753287081
0.8547800927827 0.0638272067284894
0.859032730060226 0.0637262611214547
0.863327893710527 0.0636247981074749
0.867623057360828 0.063523795403174
0.871961172647633 0.063422212167846
0.874130230291035 0.0633715690385008
0.876299287934437 0.0633210327125476
0.878490036154273 0.063270081416655
0.880680784374109 0.0632192112839305
0.882871532593945 0.0631684337778812
0.885062280813781 0.0631177328279999
0.887274936515815 0.0630666025403517
0.88948759221785 0.0630155471385938
0.891700247919885 0.0629645548533171
0.893912903621919 0.0629136311512557
0.898382468140029 0.0628109449492892
0.902852032658138 0.0627084695572436
0.907366292821429 0.0626051496493933
0.91188055298472 0.0625019733396251
0.916439955749644 0.0623978808403673
0.920999358514567 0.0622938602010593
0.92560435530714 0.0621888464143074
0.930209352099712 0.0620838432019696
0.93951144562071 0.0618716314556605
0.948906560076917 0.0616569252465922
0.958395625677686 0.0614394223305124
0.967979581934463 0.0612188224220728
0.977659377753807 0.0609948123562102
0.987435971531345 0.0607671129832861
0.997310331246659 0.0605354061337573
1.00728343455913 0.0602994081582815
1.01735626890472 0.0600588127467169
1.02752983159376 0.0598133055112954
1.0378051299097 0.0595626703659269
1.0481831812088 0.059306673227275
1.05866501302089 0.0590449684642802
1.0692516631511 0.0587773772674801
1.07994417978261 0.0585036273448482
1.09074362158043 0.0582234689744853
1.10165105779624 0.0579368189987363
1.1126675683742 0.0576434413140021
1.12379424405794 0.0573431818481478
1.13503218649852 0.0570359093484276
1.14638250836351 0.056721511175431
1.15784633344714 0.0563998846101534
1.16942479678161 0.0560709750578507
1.18111904474943 0.0557347264304267
1.19293023519692 0.0553911494509181
1.20485953754889 0.0550400522359122
1.21690813292438 0.0546819032845818
1.22299267358901 0.0544994913635962
1.22907721425363 0.0543163112590523
1.23522260032489 0.0541303438485269
1.24136798639616 0.0539435719617406
1.24447140636215 0.053848902688011
1.24757482632814 0.0537540384394375
1.25067824629413 0.0536589863314127
1.25378166626012 0.0535637339833165
1.25534889334295 0.0535155513071621
1.25691612042577 0.0534673123054548
1.26005057459142 0.0533707029103582
1.26318502875707 0.0532739046613568
1.26631948292272 0.0531769247885299
1.26948528163003 0.0530787848333692
1.27265108033733 0.0529804635391957
1.27581687904464 0.0528819570428368
1.27898267775195 0.0527832960107521
1.28218013444633 0.0526834866764091
1.28537759114071 0.0525834805708919
1.29177250452947 0.0523830700133971
1.29823136705212 0.0521799617425157
1.30469022957477 0.0519763202965386
1.31121368072264 0.0517701003286515
1.31773713187051 0.0515633680843397
1.32432581752987 0.0513541078591381
1.33091450318922 0.0511444149461194
1.33756907570517 0.0509322480254042
1.34422364822111 0.0507197157315536
1.35094476646222 0.0505047652846754
1.35766588470332 0.0502895361346092
1.36445421412684 0.0500720155034709
1.37124254355036 0.0498541579895101
1.38495496898586 0.0494141364963842
1.39880451867572 0.0489691179952923
1.41279256386247 0.048520090647346
1.4269204895011 0.048067137383197
1.44118969439611 0.0476106252892127
1.45560159134007 0.0471509025211772
1.47015760725347 0.0466883356219731
1.48485918332601 0.0462232896799611
1.49970777515927 0.0457561157678437
1.51470485291086 0.0452871781106278
1.52985190143997 0.044816846173592
1.54515042045437 0.0443454753230891
1.56060192465891 0.0438734213048948
1.5762079439055 0.0434010284504744
1.59197002334456 0.0429286606242611
1.607889723578 0.0424566327030316
1.62396862081378 0.0419852788427473
1.64020830702192 0.041514913718534
1.65661039009214 0.041045845608917
1.67317649399306 0.0405783541193681
1.68990825893299 0.0401127627658527
1.70680734152232 0.039649300919
1.72387541493754 0.0391882368679662
1.74111416908692 0.0387298146627845
1.75852531077779 0.0382742628273069
1.77611056388557 0.0378217955559194
1.79387166952442 0.0373726139556046
1.81181038621967 0.0369268949790517
1.82992849008186 0.036484838771671
1.84822777498268 0.0360465745963868
1.86671005273251 0.03561225763861
1.88537715325983 0.0351820204781639
1.90423092479243 0.034755980046213
1.92327323404036 0.0343342408567677
1.94250596638076 0.0339168973058354
1.96193102604457 0.0335040313233857
1.98155033630501 0.0330957088718698
2.00136583966806 0.0326919925040061
2.02137949806474 0.032292931132472
2.04159329304539 0.0318985622925169
2.06200922597584 0.0315089164624867
2.0826293182356 0.0311240111447068
2.10345561141796 0.0307438703686658
2.12449016753214 0.0303684908233241
2.14573506920746 0.0299978724119341
2.16719241989954 0.0296320092372429
2.18886434409853 0.029270887612539
2.21075298753952 0.0289144903980837
2.23286051741491 0.028562791564196
2.25518912258906 0.0282157667295418
2.27774101381495 0.0278733811534433
2.3005184239531 0.0275356033850481
2.32352360819263 0.0272023931742331
2.34675884427456 0.0268737101033844
2.3702264327173 0.0265495105851042
2.39392869704448 0.0262297522041836
2.41786798401492 0.025914386083319
2.44204666385507 0.025603365045869
2.46646713049362 0.0252966392567688
2.49113180179856 0.0249941539986479
2.51604311981654 0.0246958680686927
2.54120355101471 0.0244017199651687
2.56661558652486 0.0241116682589577
2.5922817423901 0.0238256389920204
2.618204559814 0.0235435997782313
2.64438660541214 0.0232654903532317
2.67083047146627 0.0229912577664446
2.69753877618093 0.022720846889435
2.72451416394274 0.0224542064389951
2.75175930558217 0.0221912825382028
2.77927689863799 0.0219320202070245
2.80706966762437 0.0216763676547561
2.83514036430061 0.021424274303381
2.86349176794362 0.0211756850241066
2.89212668562305 0.0209305469113032
2.92104795247928 0.0206888102117715
2.95025843200408 0.0204504241983798
2.97976101632412 0.0202153347216726
3.00955862648736 0.0199834915222355
3.03965421275223 0.0197548433646112
3.07005075487975 0.0195293429225953
3.10075126242855 0.0193069383304317
3.13175877505284 0.0190875798384982
3.16307636280337 0.0188712201982508
3.1947071264314 0.0186578112495805
3.22665419769571 0.0184473013581813
3.25892073967267 0.0182396468320183
3.2915099470694 0.0180347995445793
3.32442504654009 0.0178327135886214
3.35766929700549 0.0176333414550943
3.39124598997555 0.0174366398670195
3.4251584498753 0.0172425622972386
3.45941003437406 0.0170510655857854
3.4940041347178 0.0168621052028778
3.52894417606497 0.0166756394388977
3.56423361782562 0.0164916265179302
3.59987595400388 0.0163100238837032
3.63587471354392 0.0161307902212787
3.67223346067936 0.015953885672872
3.70895579528615 0.0157792721193422
3.74604535323901 0.0156069078172002
3.7835058067714 0.0154367571274896
3.82134086483912 0.0152687801734252
3.85955427348751 0.0151029417920014
3.89814981622238 0.0149392071202047
3.93713131438461 0.0147775365338939
3.97650262752845 0.0146178992988572
4.01626765380374 0.0144602599562913
4.05643033034178 0.014304584840761
4.09699463364519 0.0141508417881167
4.13796457998165 0.0139989986492583
4.17934422578146 0.0138490241654296
4.22113766803928 0.0137008875261366
4.26334904471967 0.0135545588778261
4.30598253516687 0.0134100088168026
4.34904236051854 0.0132672088599669
4.39253278412372 0.0131261305979267
4.43645811196496 0.0129867467433559
4.48082269308461 0.0128490301764325
4.52563092001545 0.0127129550793092
4.57088722921561 0.0125784955398061
4.61659610150777 0.0124456268160056
4.66276206252284 0.0123143234481886
4.70938968314807 0.0121845625550015
4.75648357997955 0.0120563194272018
4.80404841577935 0.0119295725238777
4.85208889993714 0.0118042979745219
4.90060978893651 0.0116804748417337
4.94961588682588 0.0115580813886894
4.99911204569414 0.0114370965540875
5.04910316615108 0.0113174996458826
5.09959419781259 0.0111992707344317
5.15059013979072 0.0110823899601193
5.20209604118862 0.0109668382534091
5.25411700160051 0.0108525966024594
5.30665817161651 0.0107396468132265
5.35972475333268 0.0106279705692466
5.41332200086601 0.010517550271675
5.46745522087467 0.010408368559144
5.52212977308341 0.0103004084897785
5.57735107081425 0.0101936534135919
5.63312458152239 0.0100880870344618
5.68945582733762 0.009983693376521
5.74635038561099 0.00988045676845543
5.8038138894671 0.00977836186279994
5.86185202836177 0.00967739358348637
5.92047054864539 0.0095775371730142
5.97967525413184 0.00947877811393316
6.03947200667316 0.00938110217588311
6.0998667267399 0.00928449543088654
6.16086539400729 0.00918894413219482
6.22247404794737 0.00909443483302007
6.28469878842684 0.00900095434495813
6.34754577631111 0.00890848963830335
6.41102123407422 0.00881702797742133
6.47513144641496 0.00872655683023776
6.53988276087911 0.00863706387259022
6.60528158848791 0.0085485369955287
6.67133440437278 0.00846096429579348
6.73804774841651 0.00837433406437404
6.80542822590068 0.00828863479163376
6.87348250815968 0.00820385515053542
6.94221733324128 0.00811998400091882
7.01163950657369 0.00803701037675464
7.08175590163943 0.00795492349055455
7.15257346065582 0.00787371272438903
7.22409919526238 0.00779336762471178
7.29634018721501 0.00771387790004082
7.36930358908716 0.00763523341667674
7.44299662497803 0.0075574241945983
7.51742659122781 0.00748044040900413
7.59260085714009 0.0074042723709697
7.66852686571149 0.00732891054445731
7.7452121343686 0.00725434550618059
7.82266425571229 0.00718056804993311
7.90089089826941 0.00710756901821694
7.97989980725211 0.00703533941795558
8.059698805324629 0.00696387038179017
8.14029579337787 0.00689315316982214
8.221698751311649 0.00682317916368567
8.30391573882477 0.00675393986635349
8.38695489621302 0.00668542689890147
8.47082444517515 0.00661763199822716
8.555532689626901 0.0065505470144003
8.64108801652317 0.0064841639094941
8.727498896688401 0.00641847475391178
8.81477388565529 0.00635347172537583
8.902921624511841 0.00628914710649316
8.99195084075696 0.00622549328338824
9.081870349164531 0.00616250274171557
9.172689052656169 0.00610016806813643
9.26441594318274 0.00603848194579553
9.357060102614559 0.00597743715374875
9.45063070364071 0.00591702656438919
9.54513701067712 0.00585724314332271
9.640588380783891 0.00579807994615953
9.736994264591729 0.00573953011793559
9.834364207237639 0.00568158689089238
9.93270784931002 0.00562424358367174
10.0320349278031 0.00556749359923534
10.1323552770812 0.00551133042428006
10.233678829852 0.00545574762648421
10.3360156181505 0.00540073885523247
10.439375774332 0.00534629783754981
10.5437695320753 0.00529241837952929
10.6492072273961 0.00523909436330415
10.75569929967 0.00518631974773775
10.8632562926667 0.00513408856358277
10.9718888555934 0.00508239491661762
11.0816077441493 0.00503123298393784
11.1924238215908 0.00498059701354416
11.3043480598067 0.00493048132297907
11.4173915404048 0.00488088029892946
11.5315654558088 0.00483178839554494
11.6468811103669 0.00478320013349586
11.7633499214706 0.00473511009935855
11.8809834206853 0.00468751294412656
11.9997932548922 0.0046404033826791
12.1197911874411 0.00459377619259031
12.2409890993155 0.0045476262137967
12.3633989903086 0.00450194834666216
12.4870329802117 0.0044567375519403
12.6119033100138 0.00441198884961375
12.738022343114 0.00436769731808438
12.8654025665451 0.00432385809336372
12.9940565922106 0.00428046636774602
13.1239971581327 0.00423751739111408
13.255237129714 0.00419500646647309
13.3877895010112 0.00415292895244875
13.5216673960213 0.00411128026111128
13.6568840699815 0.00407005585745912
13.7934529106813 0.00402925125869391
13.9313874397881 0.00398886203337869
14.070701314186 0.00394888380158975
14.2114083273278 0.00390931223221429
14.3535224106011 0.00387014304459533
14.4970576347071 0.00383137200650828
14.6420282110542 0.00379299493385102
14.7884484931648 0.0037550076899875
14.9363329780964 0.00371740618510135
15.0856963078774 0.00368018637569884
15.2365532709561 0.0036433442636477
15.3889188036657 0.0036068758960438
15.5428079917024 0.00357077736430353
15.6982360716194 0.00353504480368199
15.8552184323356 0.00349967439269137
16.0137706166589 0.00346466235240761
16.1739083228255 0.00343000494672415
16.3356474060538 0.00339569847999059
16.4990038801143 0.00336173929849912
16.6639939189155 0.00332812378882418
16.8306338581046 0.00329484866139357
16.9989401966857 0.00326190981184804
17.1689295986525 0.00322930403236679
17.340618894639 0.00319702786611881
17.5140250835854 0.0031650778950509
17.6891653344213 0.00313345073845108
17.8660569877655 0.00310214305269391
18.0447175576431 0.00307115153094421
18.2251647332196 0.0030404729022434
18.4074163805518 0.00301010393164741
18.5914905443573 0.00298004141941182
18.7774054498009 0.00295028220059931
18.9651795042989 0.00292082314488451
19.1548312993419 0.00289166115577146
19.3463796123353 0.00286279317035792
19.5398434084586 0.002834216159283
19.7352418425432 0.00280592712544189
19.9325942609687 0.00277792310463084
20.1319202035783 0.00275020116428297
20.3332394056141 0.0027227584036938
20.5365717996703 0.0026955919532094
20.741937517667 0.00266869897440938
20.9493568928436 0.00264207665895432
21.1588504617721 0.00261572222890573
21.3704389663898 0.00258963293593527
21.5841433560537 0.00256380606162389
21.7999847896142 0.00253823891599482
22.0179846375104 0.00251292883822916
22.2381644838855 0.00248787319583592
22.4605461287243 0.00246306938440993
22.6851515900116 0.0024385148272865
22.9120031059117 0.0024142069752812
23.1411231369708 0.00239014330628087
23.3725343683405 0.00236632132499642
23.6062597120239 0.00234273856264781
23.8423223091442 0.00231939257658938
24.0807455322356 0.00229628095009245
24.321552987558 0.00227340129213444
24.5647685174336 0.00225075123674246
24.8104162026079 0.00222832844315244
25.058520364634 0.00220613059525574
25.3091055682803 0.00218415540138752
25.5621966239631 0.00216240059404558
25.8178185902027 0.00214086392961482
26.0759967761048 0.00211954318810606
26.3367567438658 0.00209843617286019
26.6001243113045 0.00207754071032381
26.8661255544175 0.00205685464976115
27.1347868099617 0.00203637586300611
27.4061346780613 0.00201610224420789
27.6801960248419 0.00199603170958085
27.9569979850903 0.00197616219713781
28.2365679649412 0.00195649166653048
28.5189336445907 0.00193701809865438
28.8041229810366 0.00191773949555271
29.0921642108469 0.001898653880117
29.3830858529554 0.00187975929586618
29.676916711485 0.00186105380671772
29.9736858785998 0.0018425354967559
30.2734227373858 0.00182420247003992
30.5761569647597 0.00180605285031623
30.8819185344073 0.00178808478087201
31.1907377197513 0.00177029642428209
31.5026450969488 0.00175268596220498
31.8176715479183 0.00173525159517308
32.1358482633975 0.00171799154238303
32.4572067460315 0.001700904041501
32.7817788134918 0.00168398734844326
33.1095966016267 0.00166723973719182
33.440692567643 0.00165065949959065
33.7750994933194 0.00163424494515187
34.1128504882526 0.00161799440086243
34.4539789931351 0.00160190621099815
34.7985187830665 0.00158597873692847
35.1465039708972 0.00157021035693769
35.4979690106061 0.00155459946603865
35.8529487007122 0.0015391444757916
36.2114781877193 0.00152384381412832
36.5735929695965 0.00150869592516933
36.9393288992925 0.00149369926905555
37.3087221882854 0.00147885232177273
37.6818094101683 0.00146415357498259
38.0586275042699 0.00144960153585395
38.4392137793127 0.00143519472689999
38.8236059171058 0.00142093168581821
39.2118419762768 0.00140681096534571
39.6039603960396 0.00139283113318311
40 0.00137899076504976
