-40 -1e-06
-39.6039603960396 -1e-06
-39.2118419762768 -1e-06
-38.8236059171058 -1e-06
-38.4392137793127 -1e-06
-38.0586275042699 -1e-06
-37.6818094101683 -1e-06
-37.3087221882854 -1e-06
-36.9393288992925 -1e-06
-36.5735929695965 -1e-06
-36.2114781877193 -1e-06
-35.8529487007122 -1e-06
-35.4979690106061 -1e-06
-35.1465039708972 -1e-06
-34.7985187830665 -1e-06
-34.4539789931351 -1e-06
-34.1128504882526 -1e-06
-33.7750994933194 -1e-06
-33.440692567643 -1e-06
-33.1095966016267 -1e-06
-32.7817788134918 -1e-06
-32.4572067460315 -1e-06
-32.1358482633975 -1e-06
-31.8176715479183 -1e-06
-31.5026450969488 -1e-06
-31.1907377197513 -1e-06
-30.8819185344073 -1e-06
-30.5761569647597 -1e-06
-30.2734227373858 -1e-06
-29.9736858785998 -1e-06
-29.676916711485 -1e-06
-29.3830858529554 -1e-06
-29.0921642108469 -1e-06
-28.8041229810366 -1e-06
-28.5189336445907 -1e-06
-28.2365679649412 -1e-06
-27.9569979850903 -1e-06
-27.6801960248419 -1e-06
-27.4061346780613 -1e-06
-27.1347868099617 -1e-06
-26.8661255544175 -1e-06
-26.6001243113045 -1e-06
-26.3367567438658 -1e-06
-26.0759967761048 -1e-06
-25.8178185902027 -1e-06
-25.5621966239631 -1e-06
-25.3091055682803 -1e-06
-25.058520364634 -1e-06
-24.8104162026079 -1e-06
-24.5647685174336 -1e-06
-24.321552987558 -1e-06
-24.0807455322356 -1e-06
-23.8423223091442 -1e-06
-23.6062597120239 -1e-06
-23.3725343683405 -1e-06
-23.1411231369708 -1e-06
-22.9120031059117 -1e-06
-22.6851515900116 -1e-06
-22.4605461287243 -1e-06
-22.2381644838855 -1e-06
-22.0179846375104 -1e-06
-21.7999847896142 -1e-06
-21.5841433560537 -1e-06
-21.3704389663898 -1e-06
-21.1588504617721 -1e-06
-20.9493568928436 -1e-06
-20.741937517667 -1e-06
-20.5365717996703 -1e-06
-20.3332394056141 -1e-06
-20.1319202035783 -1e-06
-19.9325942609687 -1e-06
-19.7352418425432 -1e-06
-19.5398434084586 -1e-06
-19.3463796123353 -1e-06
-19.1548312993419 -1e-06
-18.9651795042989 -1e-06
-18.7774054498009 -1e-06
-18.5914905443573 -1e-06
-18.4074163805518 -1e-06
-18.2251647332196 -1e-06
-18.0447175576431 -1e-06
-17.8660569877655 -1e-06
-17.6891653344213 -1e-06
-17.5140250835854 -1e-06
-17.340618894639 -1e-06
-17.1689295986525 -1e-06
-16.9989401966857 -1e-06
-16.8306338581046 -1e-06
-16.6639939189155 -1e-06
-16.4990038801143 -1e-06
-16.3356474060538 -1e-06
-16.1739083228255 -1e-06
-16.0137706166589 -1e-06
-15.8552184323356 -1e-06
-15.6982360716194 -1e-06
-15.5428079917024 -1e-06
-15.3889188036657 -1e-06
-15.2365532709561 -1e-06
-15.0856963078774 -1e-06
-14.9363329780964 -1e-06
-14.7884484931648 -1e-06
-14.6420282110542 -1e-06
-14.4970576347071 -1e-06
-14.3535224106011 -1e-06
-14.2114083273278 -1e-06
-14.070701314186 -1e-06
-13.9313874397881 -1e-06
-13.7934529106813 -1e-06
-13.6568840699815 -1e-06
-13.5216673960213 -1e-06
-13.3877895010112 -1e-06
-13.255237129714 -1e-06
-13.1239971581327 -1e-06
-12.9940565922106 -1e-06
-12.8654025665451 -1e-06
-12.738022343114 -1e-06
-12.6119033100138 -1e-06
-12.4870329802117 -1e-06
-12.3633989903086 -1e-06
-12.2409890993155 -1e-06
-12.1197911874411 -1e-06
-11.9997932548922 -1e-06
-11.8809834206853 -1e-06
-11.7633499214706 -1e-06
-11.6468811103669 -1e-06
-11.5315654558088 -1e-06
-11.4173915404048 -1e-06
-11.3043480598067 -1e-06
-11.1924238215908 -1e-06
-11.0816077441493 -1e-06
-10.9718888555934 -1e-06
-10.8632562926667 -1e-06
-10.75569929967 -1e-06
-10.6492072273961 -1e-06
-10.5437695320753 -1e-06
-10.439375774332 -1e-06
-10.3360156181505 -1e-06
-10.233678829852 -1e-06
-10.1323552770812 -1e-06
-10.0320349278031 -1e-06
-9.93270784931002 -1e-06
-9.834364207237639 -1e-06
-9.736994264591729 -1e-06
-9.640588380783891 -1e-06
-9.54513701067712 -1e-06
-9.45063070364071 -1e-06
-9.357060102614559 -1e-06
-9.26441594318274 -1e-06
-9.172689052656169 -1e-06
-9.081870349164531 -1e-06
-8.99195084075696 -1e-06
-8.902921624511841 -1e-06
-8.81477388565529 -1e-06
-8.727498896688401 -1e-06
-8.64108801652317 -1e-06
-8.555532689626901 -1e-06
-8.47082444517515 -1e-06
-8.38695489621302 -1e-06
-8.30391573882477 -1e-06
-8.221698751311649 -1e-06
-8.14029579337787 -1e-06
-8.059698805324629 -1e-06
-7.97989980725211 -1e-06
-7.90089089826941 -1e-06
-7.82266425571229 -1e-06
-7.7452121343686 -1e-06
-7.66852686571149 -1e-06
-7.59260085714009 -1e-06
-7.51742659122781 -1e-06
-7.44299662497803 -1e-06
-7.36930358908716 -1e-06
-7.29634018721501 -1e-06
-7.22409919526238 -1e-06
-7.15257346065582 -1e-06
-7.08175590163943 -1e-06
-7.01163950657369 -1e-06
-6.94221733324128 -1e-06
-6.87348250815968 -1e-06
-6.80542822590068 -1e-06
-6.73804774841651 -1e-06
-6.67133440437278 -1e-06
-6.60528158848791 -1e-06
-6.53988276087911 -1e-06
-6.47513144641496 -1e-06
-6.41102123407422 -1e-06
-6.34754577631111 -1e-06
-6.28469878842684 -1e-06
-6.22247404794737 -1e-06
-6.16086539400729 -1e-06
-6.0998667267399 -1e-06
-6.03947200667316 -1e-06
-5.97967525413184 -1e-06
-5.92047054864539 -1e-06
-5.86185202836177 -1e-06
-5.8038138894671 -1e-06
-5.74635038561099 -1e-06
-5.68945582733762 -1e-06
-5.63312458152239 -1e-06
-5.57735107081425 -1e-06
-5.52212977308341 -1e-06
-5.46745522087467 -1e-06
-5.41332200086601 -1e-06
-5.35972475333268 -1e-06
-5.30665817161651 -1e-06
-5.25411700160051 -1e-06
-5.20209604118862 -1e-06
-5.15059013979072 -1e-06
-5.09959419781259 -1e-06
-5.04910316615108 -1e-06
-4.99911204569414 -1e-06
-4.94961588682588 -1e-06
-4.90060978893651 -1e-06
-4.85208889993714 -1e-06
-4.80404841577935 -1e-06
-4.75648357997955 -1e-06
-4.70938968314807 -1e-06
-4.66276206252284 -1e-06
-4.61659610150777 -1e-06
-4.57088722921561 -1e-06
-4.52563092001545 -1e-06
-4.48082269308461 -1e-06
-4.43645811196496 -1e-06
-4.39253278412372 -1e-06
-4.34904236051854 -1e-06
-4.30598253516687 -1e-06
-4.26334904471967 -1e-06
-4.22113766803928 -1e-06
-4.17934422578146 -1e-06
-4.13796457998165 -1e-06
-4.09699463364519 -1e-06
-4.05643033034178 -1e-06
-4.01626765380374 -1e-06
-3.97650262752845 -1e-06
-3.93713131438461 -1.05041039272857e-06
-3.89814981622238 -1.18872973199231e-06
-3.85955427348751 -1.34343800757762e-06
-3.82134086483912 -1.51615495550116e-06
-3.7835058067714 -1.70863242402248e-06
-3.74604535323901 -1.92276291961764e-06
-3.70895579528615 -2.16058854707073e-06
-3.67223346067936 -2.42431035644092e-06
-3.63587471354392 -2.71629810506869e-06
-3.59987595400388 -3.03910043999944e-06
-3.56423361782562 -3.3954555122411e-06
-3.52894417606497 -3.78830202393855e-06
-3.4940041347178 -4.2207907209094e-06
-3.45941003437406 -4.69629632517418e-06
-3.4251584498753 -5.2184299170911e-06
-3.39124598997555 -5.79105176411149e-06
-3.35766929700549 -6.4182846165042e-06
-3.32442504654009 -7.1045273425813e-06
-3.2915099470694 -7.85446919128192e-06
-3.25892073967267 -8.67310429664482e-06
-3.22665419769571 -9.56574671076499e-06
-3.1947071264314 -1.05380457677648e-05
-3.16307636280337 -1.15960018405544e-05
-3.13175877505284 -1.27459825171498e-05
-3.10075126242855 -1.39947390191575e-05
-3.07005075487975 -1.53494229904397e-05
-3.03965421275223 -1.68176035318267e-05
-3.00955862648736 -1.84072844831611e-05
-2.97976101632412 -2.01269218630371e-05
-2.95025843200408 -2.19854414305135e-05
-2.92104795247928 -2.39922565377765e-05
-2.89212668562305 -2.61572858126602e-05
-2.86349176794362 -2.84909709738356e-05
-2.83514036430061 -3.10042946090394e-05
-2.80706966762437 -3.37087977417125e-05
-2.77927689863799 -3.66165974369726e-05
-2.75175930558217 -3.97404041354382e-05
-2.72451416394274 -4.30935386502604e-05
-2.69753877618093 -4.6689948962978e-05
-2.67083047146627 -5.05442271746727e-05
-2.64438660541214 -5.46716251290555e-05
-2.618204559814 -5.90880700893463e-05
-2.5922817423901 -6.38101812800154e-05
-2.56661558652486 -6.88552833862348e-05
-2.54120355101471 -7.42414237779718e-05
-2.51604311981654 -7.99873837159573e-05
-2.49113180179856 -8.61126948204553e-05
-2.46646713049362 -9.26376532829419e-05
-2.44204666385507 -9.95833324101322e-05
-2.41786798401492 -0.00010697159626289
-2.39392869704448 -0.000114825115955576
-2.3702264327173 -0.000123167381622411
-2.34675884427456 -0.000132022717809173
-2.32352360819263 -0.00014141630004869
-2.3005184239531 -0.000151374167660891
-2.27774101381495 -0.000161923245530079
-2.25518912258906 -0.000173091358688278
-2.23286051741491 -0.000184907256094479
-2.21075298753952 -0.00019740062846463
-2.18886434409853 -0.00021060213131505
-2.16719241989954 -0.000224543429688163
-2.14573506920746 -0.000239257198954945
-2.12449016753214 -0.000254777177941127
-2.10345561141796 -0.000271138199439394
-2.0826293182356 -0.000288376231164313
-2.06200922597584 -0.000306528421520613
-2.04159329304539 -0.00032563314247368
-2.02137949806474 -0.000345730073410406
-2.00136583966806 -0.000366860201377106
-1.98155033630501 -0.00038906594764072
-1.96193102604457 -0.000412391207659578
-1.94250596638076 -0.000436881435726832
-1.92327323404036 -0.000462583724466854
-1.90423092479243 -0.000489546922205728
-1.88537715325983 -0.000517821634635883
-1.86671005273251 -0.000547460498106372
-1.84822777498268 -0.000578518106825713
-1.82992849008186 -0.000611051258914897
-1.81181038621967 -0.000645119007541423
-1.79387166952442 -0.00068078284216309
-1.77611056388557 -0.000718106698459132
-1.75852531077779 -0.00075715728252667
-1.74111416908692 -0.000798004040661059
-1.72387541493754 -0.000840719401057178
-1.70680734152232 -0.00088537886114726
-1.68990825893299 -0.000932061205857725
-1.67317649399306 -0.000980848402288453
-1.65661039009214 -0.00103182638904801
-1.64020830702192 -0.00108508416889651
-1.62396862081378 -0.00114071490417843
-1.607889723578 -0.00119881547861372
-1.59197002334456 -0.00125948688529425
-1.5762079439055 -0.00132283413698144
-1.56060192465891 -0.00138896649227649
-1.54515042045437 -0.00145799735592412
-1.52985190143997 -0.00153004442576322
-1.51470485291086 -0.00160522981794313
-1.49970777515927 -0.00168367981771685
-1.48485918332601 -0.00176552502326088
-1.47015760725347 -0.00185090019172709
-1.45560159134007 -0.00193994434214639
-1.44118969439611 -0.0020328001332778
-1.4269204895011 -0.00212961421330291
-1.41279256386247 -0.00223053701617804
-1.39880451867572 -0.00233572226481154
-1.38495496898586 -0.00244532445119757
-1.37124254355036 -0.00255950830694944
-1.36445421412684 -0.0026182178671601
-1.35766588470332 -0.00267843026764629
-1.35094476646222 -0.00273956589379423
-1.34422364822111 -0.00280225608089559
-1.33756907570517 -0.00286589916064461
-1.33091450318922 -0.00293115079651777
-1.32432581752987 -0.00299738401144546
-1.31773713187051 -0.00306528040551796
-1.31121368072264 -0.00313418674537702
-1.30469022957477 -0.00320481144215533
-1.29823136705212 -0.00327647396472496
-1.29177250452947 -0.00334990921173383
-1.28537759114071 -0.00342441133632631
-1.28218013444633 -0.00346234457911576
-1.27898267775195 -0.00350074154083093
-1.27581687904464 -0.00353922000382801
-1.27265108033733 -0.00357816350354993
-1.26948528163003 -0.00361757824495293
-1.26631948292272 -0.00365746999074486
-1.26318502875707 -0.00369744229166252
-1.26005057459142 -0.00373789334191043
-1.25691612042577 -0.00377882997478615
-1.25534889334295 -0.00379948166695243
-1.25378166626012 -0.00382025702617607
-1.25067824629413 -0.0038617630471633
-1.24757482632814 -0.00390376209732347
-1.24447140636215 -0.00394625949295755
-1.24136798639616 -0.00398926080830446
-1.23522260032489 -0.00407592604403213
-1.22907721425363 -0.00416463674810369
-1.22299267358901 -0.00425453695115904
-1.21690813292438 -0.0043465343744896
-1.20485953754889 -0.00453510592177001
-1.19293023519692 -0.00473047005504183
-1.18111904474943 -0.00493277682938633
-1.16942479678161 -0.00514214215014832
-1.15784633344714 -0.00535868042153343
-1.14638250836351 -0.00558249568919362
-1.13503218649852 -0.00581368106732039
-1.12379424405794 -0.00605231793466732
-1.1126675683742 -0.00629847519181783
-1.10165105779624 -0.00655220826311599
-1.09074362158043 -0.00681355828591468
-1.07994417978261 -0.00708255155944569
-1.0692516631511 -0.00735919889976219
-1.05866501302089 -0.00764349445102731
-1.0481831812088 -0.00793541606307288
-1.0378051299097 -0.00823492373998094
-1.02752983159376 -0.00854196061974478
-1.01735626890472 -0.00885645125436333
-1.00728343455913 -0.00917830256746548
-0.997310331246659 -0.0095074017218032
-0.987435971531345 -0.00984362026386508
-0.977659377753807 -0.0101868090720704
-0.967979581934463 -0.0105368029250113
-0.958395625677686 -0.0108934182337004
-0.948906560076917 -0.0112564544471801
-0.93951144562071 -0.0116256828697597
-0.930209352099712 -0.0120009104122741
-0.92560435530714 -0.0121901993091055
-0.920999358514567 -0.0123818457808189
-0.916439955749644 -0.0125738982603443
-0.91188055298472 -0.0127682443789685
-0.907366292821429 -0.0129629203279743
-0.902852032658138 -0.0131598328913548
-0.898382468140029 -0.0133569869772565
-0.893912903621919 -0.0135563232486125
-0.891700247919885 -0.0136558035722191
-0.88948759221785 -0.0137558148988175
-0.887274936515815 -0.0138563530834205
-0.885062280813781 -0.0139574177694325
-0.882871532593945 -0.0140579987049252
-0.880680784374109 -0.0141590923172023
-0.878490036154273 -0.014260697195573
-0.876299287934437 -0.0143628114921029
-0.874130230291035 -0.0144644147220713
-0.871961172647633 -0.0145665122238076
-0.867623057360828 -0.0147721907449379
-0.863327893710527 -0.0149777558888839
-0.859032730060226 -0.0151852268650969
-0.8547800927827 -0.0153925029758646
-0.8505274555051739 -0.0156015989724916
-0.842106391589282 -0.016020986559338
-0.833768704543843 -0.0164430226516598
-0.82551356885529 -0.0168674055869398
-0.817340167183456 -0.0172937874195292
-0.809247690280649 -0.0177218362082028
-0.801235336911534 -0.018151220608949
-0.793302313773796 -0.0185816157979781
-0.7854478354195999 -0.0190127008248673
-0.777671124177822 -0.0194441623035697
-0.7699714100770511 -0.0198756926042477
-0.762347930769357 -0.0203069967326879
-0.7547999314548089 -0.020737785428433
-0.747326664806742 -0.0211677826015113
-0.739927390897764 -0.0215967203557152
-0.732601377126499 -0.022024352999906
-0.725347898145049 -0.022450431898974
-0.718166235787177 -0.0228747321988352
-0.711055678997205 -0.0232970330688636
-0.704015523759609 -0.0237171566642214
-0.697045073029316 -0.024134887678609
-0.690143636662689 -0.0245500692776765
-0.6833105313491969 -0.0249625370724312
-0.6765450805437589 -0.0253721533363631
-0.669846614399762 -0.0257787845240644
-0.663214469702734 -0.0261823145886473
-0.656647989804688 -0.0265826398781308
-0.650146524559097 -0.0269796697727685
-0.643709430256531 -0.0273733284607184
-0.637336069560922 -0.0277635532653499
-0.631025811446457 -0.0281502875212264
-0.624778031135106 -0.0285334940338378
-0.618592110034759 -0.0289131427798014
-0.612467435677979 -0.0292892162931472
-0.606403401661365 -0.0296617001627714
-0.60039940758551 -0.0300306036439467
-0.5944548589955549 -0.030395932834876
-0.588569167322331 -0.0307577160323992
-0.582741749824091 -0.0311159700906397
-0.576972029528803 -0.0314707371302316
-0.571259435177032 -0.0318220588143736
-0.565603401165378 -0.0321699886419367
-0.560003367490474 -0.0325145820825012
-0.554458779693538 -0.0328559009903465
-0.548969088805484 -0.0331940174798888
-0.543533751292558 -0.0335290024468217
-0.538152229002533 -0.0338609374189237
-0.532823989111418 -0.0341899049747383
-0.527548504070711 -0.0345159910917714
-0.52232525155516 -0.0348392866471171
-0.517153714411049 -0.0351598849061387
-0.512033380604999 -0.0354778782603201
-0.506963743173267 -0.0357933757116593
-0.501944300171551 -0.0361064660195722
-0.496974554625298 -0.0364172538919905
-0.492054014480493 -0.0367258423739411
-0.487182192554944 -0.0370323231694076
-0.482358606490043 -0.0373368109852672
-0.477582778703013 -0.0376394092245233
-0.472854236339617 -0.0379401999402384
-0.468172511227344 -0.0382392951690394
-0.463537139829053 -0.0385367871591483
-0.458947663197082 -0.0388327715712084
-0.454403626927804 -0.039127327548427
-0.449904581116638 -0.0394205727913376
-0.445450080313503 -0.0397125648076615
-0.441039683478716 -0.0400033928025108
-0.436672953939322 -0.0402931330790107
-0.432349459345864 -0.0405818573160743
-0.428068771629568 -0.0408696354731893
-0.423830466959968 -0.0411565252840233
-0.419634125702939 -0.0414425897475147
-0.415479332379147 -0.0417278750549961
-0.411365675622918 -0.0420124332773029
-0.407292748141503 -0.0422963023334751
-0.403260146674756 -0.0425795159287586
-0.399267471955204 -0.0428621106341528
-0.395314328668518 -0.0431441065296094
-0.391400325414375 -0.0434255248153051
-0.387525074667698 -0.0437063781461097
-0.383688192740295 -0.0439866759474604
-0.379889299742866 -0.0442664238145233
-0.376128019547392 -0.0445456189742982
-0.372403979749893 -0.0448242589632203
-0.368716811633558 -0.0451023338225796
-0.365066150132235 -0.0453798311835268
-0.361451633794292 -0.0456567333617325
-0.357872904746824 -0.0459330248186052
-0.354329608660222 -0.0462086784750267
-0.350821394713091 -0.0464836752991944
-0.347347915557516 -0.0467579854988497
-0.343908827284669 -0.047031581322992
-0.340503789390762 -0.047304439148544
-0.337132464743328 -0.0475765212510645
-0.33379451954785 -0.0478478032093397
-0.330489623314703 -0.0481182536861279
-0.327217448826438 -0.0483878433711927
-0.323977672105385 -0.0486565421013616
-0.320769972381569 -0.0489243275297686
-0.317594032060959 -0.049191166461243
-0.314449536694019 -0.0494570403122602
-0.311336174944573 -0.0497219211417166
-0.308253638558984 -0.0499857940089635
-0.305201622335627 -0.0502486349899899
-0.30217982409468 -0.0505104370468131
-0.299187944648198 -0.0507711813716467
-0.296225687770494 -0.0510308622071104
-0.293292760168805 -0.0512894671338832
-0.290388871454263 -0.051546997801598
-0.287513734113132 -0.0518034520858626
-0.284667063478348 -0.0520588313666693
-0.281848577701335 -0.0523131430966778
-0.279057997724094 -0.0525663892355346
-0.276295047251578 -0.0528185857997005
-0.273559452724335 -0.0530697441387464
-0.27085094329142 -0.0533198785709852
-0.268169250783585 -0.0535690083718497
-0.265514109686717 -0.0538171513491218
-0.262885257115562 -0.0540643307047103
-0.260282432787685 -0.0543105642276017
-0.257705378997708 -0.054555884041636
-0.25515384059179 -0.0548003054617777
-0.252627564942366 -0.0550438568208731
-0.250126301923135 -0.055286565529042
-0.247649803884292 -0.0555284563400044
-0.245197825628012 -0.0557695513414252
-0.24277012438417 -0.0560098777367556
-0.240366459786307 -0.0562494578018988
-0.237986593847829 -0.056488316552349
-0.235630290938444 -0.0567264682055789
-0.233297317760836 -0.056963937270996
-0.23098744332756 -0.0572007404824195
-0.228700438938179 -0.0574368872413559
-0.226436078156613 -0.0576723980725424
-0.224194136788725 -0.0579072756032288
-0.221974392860124 -0.0581415296145429
-0.219776626594182 -0.0583751618251623
-0.217600620390279 -0.0586081738953707
-0.215446158802257 -0.0588405586240202
-0.213313028517086 -0.0590723108373701
-0.211201018333748 -0.0593034116765859
-0.209109919142325 -0.0595338427429556
-0.207039523903292 -0.0597635624259886
-0.204989627627022 -0.0599924992456194
-0.202960027353487 -0.060220710414327
-0.200950522132166 -0.0604463170157339
-0.198960913002144 -0.0606796353722727
-0.19699100297242 -0.0609083830594818
-0.195040597002396 -0.0611350052555919
-0.19310950198257 -0.0613606756399807
-0.191197526715416 -0.0615854304306258
-0.189304481896452 -0.0618092867983807
-0.187430180095497 -0.0620322329942936
-0.185574435738115 -0.0622542538436841
-0.183737065087243 -0.0624753209642445
-0.181917886224993 -0.0626954130111359
-0.180116719034647 -0.062914493734401
-0.178333385182818 -0.0631325381035907
-0.1765677081018 -0.0633495138877608
-0.17481951297208 -0.0635653950528835
-0.173088626705029 -0.0637801500209431
-0.171374877925772 -0.0639937513615072
-0.169678096956209 -0.0642061738351739
-0.167998115798227 -0.0644173899103416
-0.166334768117057 -0.064627380055087
-0.164687889224809 -0.0648361214499864
-0.163057316064167 -0.0650435956274272
-0.161442887192244 -0.0652497870997931
-0.159844442764598 -0.0654546761288544
-0.158261824519404 -0.0656582515707742
-0.156694875761787 -0.065860539313051
-0.155143441348303 -0.0660614924922821
-0.153607367671588 -0.0662611151111541
-0.152086502645136 -0.066459425714218
-0.150580695688254 -0.0666564118773671
-0.149089797711142 -0.0668520851582688
-0.147613661100141 -0.0670464599093953
-0.14615213970311 -0.0672395479869212
-0.14470508881496 -0.0674313624580302
-0.143272365163327 -0.0676219186950737
-0.141853826894383 -0.0678112557528627
-0.140449333558795 -0.0679993785128417
-0.139058746097817 -0.068186328662704
-0.137681926829522 -0.0683721178347678
-0.13631873943517 -0.0685567974163329
-0.134969048945713 -0.0687403841628016
-0.133632721728429 -0.0689229231295049
-0.132309625473692 -0.0691044538995846
-0.130999629181873 -0.069285003629072
-0.129702603150369 -0.069464621339307
-0.128418418960762 -0.0696433404732451
-0.127146949466101 -0.0698212099909972
-0.125888068778317 -0.0699982676775356
-0.12464165225576 -0.0701745566862403
-0.123407576490851 -0.0703501207994603
-0.122185719297873 -0.0705249975347822
-0.120975959700864 -0.070699229144828
-0.119778177921647 -0.0708728647294742
-0.118592255367968 -0.0710459385457751
-0.11741807462175 -0.0712184903922605
-0.116255519427476 -0.0713905593986931
-0.115104474680669 -0.0715621891142473
-0.113964826416504 -0.0717334036004772
-0.112836461798519 -0.0719042421020105
-0.111719269107444 -0.072074739758913
-0.110613137730143 -0.0722449269878336
-0.109517958148656 -0.0724148322840127
-0.108433621929363 -0.0725844852606986
-0.10736002171224 -0.0727538997743426
-0.106297051200238 -0.0729231249808809
-0.10524460514875 -0.0730921650162651
-0.104202579355198 -0.0732610433304483
-0.103170870648711 -0.0734297768478403
-0.102149376879912 -0.0735983842157172
-0.101137996910804 -0.0737668808838998
-0.100136630604756 -0.0739352829600052
-0.0991451788165905 -0.0741035958915772
-0.0981635433827629 -0.0742718434141293
-0.0971916271116464 -0.0744400215398293
-0.0962293337739073 -0.0746081502497162
-0.0952765680929776 -0.0747762387329955
-0.0943332357356213 -0.0749442892730651
-0.0933992433025954 -0.0751123079758264
-0.0924744983194014 -0.0752803087198114
-0.0915589092271301 -0.0754483042465958
-0.09065238537339609 -0.0756162898157401
-0.08975483700336249 -0.075784292730894
-0.0888661752508539 -0.0759523045303936
-0.0879863121295584 -0.0761203431136012
-0.0871151605243152 -0.0762884194521302
-0.0862526341824903 -0.076456549310067
-0.085398647705436 -0.0766247506576682
-0.0845531165400356 -0.076793041387251
-0.08371595697033229 -0.0769614354887296
-0.08288708610923989 -0.077129957196848
-0.0820664218903365 -0.0772986356111568
-0.0812538830597391 -0.0774674893364437
-0.08044938916805849 -0.0776365582230347
-0.0796528605624342 -0.0778058672278594
-0.0788642183786477 -0.0779754538152038
-0.07808338453331461 -0.0781453685272492
-0.07731028171615301 -0.0783156402595687
-0.0765448333823297 -0.0784863188766813
-0.07578696374488091 -0.0786574627559333
-0.07503659776720881 -0.0788291132090604
-0.07429366115565229 -0.0790013321641058
-0.073558080352131 -0.079174178400089
-0.0728297825268624 -0.0793477106212023
-0.0721086955711509 -0.079522002735448
-0.0713947480902484 -0.0796971174781436
-0.0706878693962855 -0.0798731260647307
-0.0699879895012728 -0.0800501026120845
-0.0692950391101711 -0.0802281270592339
-0.0686089496140308 -0.0804072745816212
-0.0679296530831988 -0.0805876253561059
-0.06725708226059279 -0.0807692649680041
-0.06659117055504241 -0.0809522636138703
-0.0659318520346955 -0.0811367252779244
-0.0652790614204906 -0.0813227181892361
-0.0646327340796936 -0.0815103337320621
-0.0639928060194986 -0.0816996584847012
-0.0633592138806917 -0.0818907699855926
-0.0627318949313779 -0.0820837601469892
-0.0621107870607702 -0.0822787074969226
-0.0614958287730398 -0.0824756944644273
-0.0608869591812276 -0.0826747870704366
-0.0602841180012154 -0.0828760967566437
-0.0596872455457578 -0.0830796668674433
-0.0590962827185721 -0.0832855818694353
-0.0585111710084872 -0.0834939103289757
-0.0579318524836507 -0.0837047194851969
-0.0573582697857928 -0.083918071523344
-0.0567903661245473 -0.0841340280544329
-0.056228085271829 -0.0843526459548424
-0.0556713715562664 -0.0845739773972319
-0.0551201698576895 -0.0847980648088853
-0.0545744256016727 -0.0850249808831075
-0.0540340847541314 -0.0852547333901195
-0.0534990938159717 -0.0854873747755743
-0.0529693998177938 -0.0857229414390506
-0.0524449503146473 -0.0859614629995441
-0.0519256933808389 -0.0862029646461225
-0.051411577604791 -0.0864474661172851
-0.0509025520839515 -0.0866950057263515
-0.0503985664197539 -0.0869455783003623
-0.0498995707126277 -0.0871992220407927
-0.0494055155570571 -0.0874559454516108
-0.0489163520366902 -0.0877157589695087
-0.0484320317194952 -0.0879786605733338
-0.0479525066529656 -0.0882446626200047
-0.0474777293593719 -0.0885137843088858
-0.0470076528310613 -0.0887860286463463
-0.0465422305258032 -0.0890613961819805
-0.0460814163621814 -0.0893398914060373
-0.0456251647150311 -0.0896215356566335
-0.0451734304109219 -0.0899063384912766
-0.044726168723685 -0.0901942909726209
-0.0442833353699852 -0.0904854122741872
-0.0438448865049358 -0.0907797128292449
-0.0434107787177582 -0.0910772106186929
-0.0429809690274834 -0.0913779194542917
-0.0425554148786964 -0.0916818403899889
-0.0421340741373232 -0.0919890209518264
-0.0417169050864586 -0.0922994709651024
-0.0413038664222363 -0.0926132213278738
-0.0408949172497389 -0.0929302982207538
-0.0404900170789494 -0.0932507329121188
-0.0400891258207419 -0.0935745562100209
-0.0396922037829128 -0.0939018167647735
-0.0392992116662503 -0.0942325463960419
-0.0389101105606439 -0.0945667792440187
-0.0385248619412316 -0.0949045657196048
-0.0381434276645857 -0.0952459647240975
-0.0377657699649363 -0.0955910028162633
-0.037391851450432 -0.0959397585909511
-0.0370216350994376 -0.0962922318053177
-0.036655084256869 -0.0966485480880797
-0.0362921626305633 -0.097008692823344
-0.0359328342876865 -0.0973727647779012
-0.0355770636511747 -0.0977407838904173
-0.0352248154962126 -0.098112815242492
-0.0348760549467451 -0.098488894069255
-0.0345307474720249 -0.0988691050099148
-0.0341888588831929 -0.0992534399837026
-0.033850355329894 -0.0996420255751412
-0.0335152032969248 -0.100034829659463
-0.0331833696009156 -0.100431906378923
-0.0328548213870451 -0.100833322853657
-0.0325295261257873 -0.101239080058184
-0.0322074516096904 -0.101649216391135
-0.0318885659501885 -0.102063754051502
-0.031572837574444 -0.10248270686077
-0.0312602352222218 -0.102906110197739
-0.0309507279427939 -0.103333946516005
-0.0306442850918751 -0.103766235340582
-0.0303408763285892 -0.10420298139272
-0.0300404716124646 -0.104644166275991
-0.02974304120046 -0.105089796411785
-0.0294485556440198 -0.105539839788583
-0.0291569857861582 -0.10599429340325
-0.0288683027585725 -0.106453127165168
-0.0285824779787846 -0.106916304654912
-0.0282994831473115 -0.107383819526026
-0.0280192902448629 -0.107855584735837
-0.0277418715295672 -0.108331606354097
-0.027467199534225 -0.108811838998021
-0.0271952470635891 -0.109296230412199
-0.0269259871916724 -0.109784723449158
-0.0266593932590815 -0.110277257214703
-0.0263954388703778 -0.110773825739415
-0.0261340978914631 -0.111274338387983
-0.0258753444469932 -0.111778758534576
-0.025619152917815 -0.112287028543347
-0.0253654979384307 -0.112799070750226
-0.0251143543944859 -0.113314857105678
-0.024865697420283 -0.113834331372142
-0.0246195023963198 -0.114357450400851
-0.0243757449468513 -0.114884145792981
-0.0241344009374766 -0.11541436718745
-0.0238954464727491 -0.1159480823959
-0.023658857893811 -0.116485237977465
-0.0234246117760505 -0.117025794705561
-0.0231926849267826 -0.117569688294454
-0.0229630543829531 -0.11811691807634
-0.0227356974088645 -0.118667430752081
-0.0225105914939252 -0.119221194165364
-0.022287714350421 -0.119778178701901
-0.0220670439113079 -0.120338355999319
-0.0218485583280276 -0.120901700938429
-0.0216322359683442 -0.121468194609032
-0.0214180554142022 -0.12203781470514
-0.0212059954596061 -0.122610544642514
-0.0209960351085209 -0.123186371594698
-0.020788153572793 -0.123765259530144
-0.0205823302700921 -0.1243472355458
-0.0203785448218733 -0.124932265632387
-0.0201767770513597 -0.125520333955405
-0.0199770069815443 -0.126111445536094
-0.0197792148332122 -0.126705579709074
-0.0195833810229823 -0.12730273125201
-0.0193894861613687 -0.127902902822262
-0.0191975110508601 -0.128506069528492
-0.0190074366840199 -0.129112231811304
-0.0188192442416038 -0.129721370848151
-0.0186329150906968 -0.130333480697212
-0.0184484307828682 -0.130948545886116
-0.0182657730523447 -0.13156656047762
-0.0180849238142027 -0.132187487991615
-0.0179058651625769 -0.132811305244782
-0.017728579368888 -0.133438013077929
-0.0175530488800872 -0.134067581886702
-0.017379256316918 -0.134699978270818
-0.017207184472196 -0.135335174992084
-0.017036816309105 -0.135973140166279
-0.0168681349595099 -0.136613838037259
-0.016701123722287 -0.137257231309558
-0.0165357660616703 -0.13790327765475
-0.0163720456056142 -0.13855193565007
-0.0162099461441724 -0.139203162704683
-0.0160494516278935 -0.139856903844574
-0.0158905461662312 -0.140513111715385
-0.0157332140259715 -0.141171734358271
-0.0155774396296747 -0.141832704305502
-0.0154232075541334 -0.142495978786176
-0.0152705025288449 -0.143161491275489
-0.0151193094344999 -0.143829180017316
-0.0149696133014851 -0.144498992221358
-0.0148213993084011 -0.145170830997265
-0.0146746527805951 -0.145844661364568
-0.014529359188708 -0.146520419308732
-0.0143855041472357 -0.147197988646983
-0.0142430734131046 -0.147877351099473
-0.014102052884262 -0.148558421899643
-0.0139624285982792 -0.149241126974485
-0.0138241867309695 -0.149925399345078
-0.0136873135950193 -0.150611178251573
-0.013551795638633 -0.151298342250278
-0.0134176194441911 -0.151986875538781
-0.0132847717269219 -0.15267669110111
-0.013153239333586 -0.153367712376659
-0.0130230092411743 -0.154059871544543
-0.0128940685556181 -0.154753098436561
-0.012766404510513 -0.155447322382654
-0.0126400044658544 -0.156142478961243
-0.0125148559067866 -0.156838492329162
-0.0123909464423629 -0.157535296396861
-0.0122682638043197 -0.158232822236804
-0.0121467958458611 -0.158931003880997
-0.0120265305404566 -0.159629774223675
-0.0119074559806501 -0.160329075245268
-0.0117895603768812 -0.161028828948626
-0.0116728320563181 -0.161728972538493
-0.0115572594617011 -0.162429447799802
-0.0114428311501991 -0.16313018732915
-0.0113295357922763 -0.163831133415302
-0.0112173621705706 -0.164532189735183
-0.0111062991787828 -0.165233363182089
-0.010996335820577 -0.165934530159179
-0.0108874612084921 -0.166635646045286
-0.0107796645628634 -0.167336650876106
-0.0106729352107559 -0.168037484334646
-0.0105672625849068 -0.168738087700243
-0.01046263622268 -0.169438388428786
-0.0103590457650297 -0.17013834242681
-0.010256480955475 -0.170837875092404
-0.0101549316390841 -0.171536931387407
-0.0100543877614694 -0.172235450026314
-0.00995483936779152 -0.172933378578435
-0.009856276601773781 -0.173630640926383
-0.009758689704726511 -0.174327190098498
-0.00966206901458071 -0.175022966047622
-0.009566404964931391 -0.175717906167528
-0.00947168808409049 -0.176411949477307
-0.009377908994149 -0.17710504149987
-0.00928505841004851 -0.177797125830227
-0.00919312713866189 -0.178488138857418
-0.00910210607788306 -0.179178024741897
-0.0090119862157258 -0.179866729600219
-0.008922758629431491 -0.180554196016632
-0.008834414484585631 -0.181240364518105
-0.008746945034243199 -0.181925178333779
-0.008660341618062581 -0.182608597663008
-0.0085745956614481 -0.183290550443534
-0.00848969867470108 -0.183970990180216
-0.008405642252179289 -0.184649869939969
-0.00832241807146464 -0.185327129084079
-0.00824001789253925 -0.186002723212358
-0.00815843355696956 -0.186676598731052
-0.00807765698709857 -0.18734870844465
-0.00799768018524611 -0.188019004759149
-0.00791849523291694 -0.188687440600537
-0.00784009429001677 -0.189353970043753
-0.00776246959407601 -0.190018550799725
-0.0076856134594812 -0.19068113523555
-0.00760951827671406 -0.191341685288555
-0.00753417651159808 -0.192000158408673
-0.00745958070455255 -0.192656516932189
-0.00738572346985401 -0.193310718883272
-0.00731259749490496 -0.193962730615781
-0.00724019553950986 -0.194612513122579
-0.00716851043515828 -0.195260034030299
-0.00709753508431513 -0.195905260395931
-0.00702726245971795 -0.196548157508573
-0.00695768560368114 -0.197188697432107
-0.00688879762740707 -0.197826849804225
-0.00682059171030403 -0.198462586540638
-0.00675306109931092 -0.199095881798285
-0.00668619910822863 -0.19972670849187
-0.00661999911705805 -0.200355042997873
-0.0065544545713446 -0.200980862181442
-0.00648955898152931 -0.201604144210939
-0.00642530592230625 -0.202224868382547
-0.00636168903198638 -0.202843015325419
-0.00629870201186771 -0.203458566750766
-0.00623633862561159 -0.204071504698439
-0.00617459269862534 -0.204681813594276
-0.00611345811745083 -0.205289478198977
-0.00605292882915924 -0.205894484403263
-0.00599299884075172 -0.206496819415489
-0.00593366221856606 -0.207096471121916
-0.00587491308768917 -0.207693424323181
-0.00581674563137541 -0.208287676618939
-0.0057591540904707 -0.20887921296972
-0.00570213276284228 -0.20946802599791
-0.00564567600281414 -0.210054107959295
-0.00558977822060806 -0.210637451757751
-0.00553443388179016 -0.21121805069964
-0.00547963750672293 -0.211795901620761
-0.0054253836700227 -0.212370995530514
-0.00537166700002248 -0.212943330890116
-0.00531848217824008 -0.213512903450463
-0.00526582393885156 -0.214079710118116
-0.00521368706816986 -0.214643739470677
-0.00516206640412858 -0.215205016396588
-0.00511095683577087 -0.215763512425242
-0.00506035330274343 -0.216319235586882
-0.00501025079479548 -0.216872182411446
-0.00496064435128265 -0.217422361728033
-0.00491152906067589 -0.217969764401498
-0.00486290006007514 -0.218514392707886
-0.00481475253472786 -0.219056253847088
-0.00476708171755234 -0.219595342186937
-0.00471988288866568 -0.220131661778644
-0.00467315137491651 -0.220665216243819
-0.00462688254942229 -0.221196004510978
-0.00458107183111118 -0.221724033109768
-0.00453571468426849 -0.222249301147847
-0.00449080661808762 -0.222771842608336
-0.00444634318622536 -0.223291602755257
-0.00440231998636175 -0.223808612642232
-0.00435873265976411 -0.224322876692895
-0.00431557689085555 -0.224834398681386
-0.00427284840678767 -0.225343130490155
-0.0042305429770175 -0.225849232448535
-0.00418865641288861 -0.226352552548579
-0.00414718456721645 -0.226853147288978
-0.00410612333387767 -0.227351021178692
-0.00406546864740364 -0.227846178852393
-0.00402521648257786 -0.228338625055253
-0.00398536285403748 -0.228828332168019
-0.0039459038158787 -0.229315371265157
-0.00390683546126603 -0.229799711934355
-0.00386815392204558 -0.230281361037854
-0.00382985536836196 -0.230760325123831
-0.00379193600827917 -0.231236608699258
-0.00375439208740512 -0.231710214828839
-0.00371721988851992 -0.232181152831534
-0.00368041573120784 -0.232649425132078
-0.00364397597149291 -0.233115038398596
-0.00360789700147813 -0.233577997884356
-0.00357217524898825 -0.234038310029013
-0.00353680717721609 -0.234495980206514
-0.00350178928437236 -0.234951014226829
-0.00346711810333897 -0.235403417995519
-0.00343279020132572 -0.235853197105679
-0.00339880217953041 -0.236300358287157
-0.00336515067280239 -0.236744906323885
-0.00333183234930929 -0.237186848218189
-0.00329884391020722 -0.23762618975237
-0.00326618208931408 -0.238062937073071
-0.00323384365278622 -0.238497096363774
-0.00320182539879824 -0.238928673850079
-0.00317012415722598 -0.239357675801044
-0.00313873678933265 -0.239784108530229
-0.00310766018745807 -0.240207978100261
-0.00307689127471096 -0.240629291868045
-0.00304642700466432 -0.241048055115956
-0.00301626436105378 -0.241464274803341
-0.00298640035747899 -0.24187795734837
-0.00295683203710791 -0.2422891089393
-0.00292755647238407 -0.242697738550399
-0.0028985707647367 -0.243103847424013
-0.00286987204429376 -0.243507445413903
-0.00284145746959779 -0.243908544348208
-0.00281332422732454 -0.244307143961663
-0.0027854695320045 -0.244703253382968
-0.00275789062574703 -0.245096879486911
-0.00273058477796735 -0.245488029588455
-0.00270354928511619 -0.245876709861761
-0.00267678147041207 -0.246262927713151
-0.00265027868357631 -0.246646690200677
-0.0026240383005706 -0.247028004429678
-0.00259805772333723 -0.247406877553242
-0.00257233437954181 -0.247783316372973
-0.00254686572231862 -0.24815732893737
-0.00252164923001844 -0.248528922146301
-0.00249668240595885 -0.24889810334806
-0.00247196277817708 -0.249264879940761
-0.00244748789918523 -0.249629259372722
-0.00242325534572795 -0.249991249142795
-0.00239926271854252 -0.250350856800739
-0.00237550764212131 -0.250708089947513
-0.00235198776447654 -0.251062956235586
-0.00232870075690747 -0.251415463369195
-0.00230564431376977 -0.251765619104609
-0.0022828161522473 -0.252113431250325
-0.00226021401212604 -0.252458907667283
-0.00223783565557034 -0.252802056269013
-0.00221567886690132 -0.253142885021785
-0.00219374145237755 -0.25348140194472
-0.00217202123997777 -0.253817615109861
-0.00215051607918591 -0.254151532642274
-0.00212922384077813 -0.254483162720113
-0.00210814241661201 -0.254812513574784
-0.00208726971941783 -0.255139591866364
-0.00206660368259191 -0.255464408672704
-0.00204614225999199 -0.255786970481289
-0.00202588342573464 -0.256107291186362
-0.0020058251739947 -0.256425375027894
-0.00198596551880663 -0.256741224114902
-0.00196630249386795 -0.257054854509321
-0.00194683415234451 -0.257366273498882
-0.00192755856667773 -0.257675490835998
-0.00190847382839379 -0.257982512885685
-0.00188957804791465 -0.258287351532532
-0.00187086935437094 -0.258590012132835
-0.00185234589541677 -0.258890505785031
-0.0018340058370463 -0.259188840911621
-0.00181584736341218 -0.259485026502893
-0.00179786867664573 -0.259779071840335
-0.00178006799667894 -0.260070985544408
-0.00176244356106825 -0.260360776993916
-0.00174499362482005 -0.260648455371611
-0.00172771646021787 -0.260934029840338
-0.00171061035665136 -0.261217509805355
-0.00169367362044689 -0.261498904518603
-0.00167690457469989 -0.261778223340956
-0.00166030155910881 -0.262055475675561
-0.0016438629298107 -0.262330670967003
-0.00162758705921851 -0.262603818700406
-0.00161147233585991 -0.262874928400522
-0.00159551716421774 -0.26314400963078
-0.00157971996457202 -0.263411071992371
-0.00156407917284358 -0.263676125123152
-0.00154859324043919 -0.263939178696608
-0.00153326063409821 -0.264200242420531
-0.0015180798357408 -0.2644593260354
-0.00150304934231762 -0.264716439311558
-0.00148816766566101 -0.264971592042314
-0.00147343333233764 -0.265224794278017
-0.00145884488350261 -0.265476055673474
-0.00144440087475506 -0.265725386065882
-0.00143009987599511 -0.265972795872374
-0.00141594047128228 -0.266218294071184
-0.00140192125869533 -0.266461891305898
-0.0013880408501934 -0.266703597512492
-0.00137429787147861 -0.266943422698237
-0.00136069096186001 -0.267181376903215
-0.00134721877411882 -0.267417470192125
-0.00133387997437507 -0.267651712651367
-0.00132067324195552 -0.267884114387656
-0.00130759726926289 -0.26811468552815
-0.00129465076164642 -0.268343436224437
-0.00128183243727369 -0.268570376676776
-0.00126914102700365 -0.268795517430788
-0.00125657527426104 -0.269018865587809
-0.00124413393491192 -0.269240436829918
-0.00123181577714052 -0.269460237839551
-0.00121961958132724 -0.269678279404693
-0.00120754413992796 -0.269894571801948
-0.00119558825735442 -0.270109125273079
-0.00118375074985586 -0.270321950056303
-0.00117203044540184 -0.27053305639137
-0.00116042618356618 -0.270742454520281
-0.00114893681541206 -0.270950154686751
-0.00113756120337828 -0.271156167135386
-0.00112629822116661 -0.271360502110649
-0.00111514675363031 -0.271563169855788
-0.00110410569666367 -0.271764180611754
-0.00109317395709274 -0.271963544616004
-0.00108235045256707 -0.272161272101324
-0.00107163411145255 -0.272357373294471
-0.00106102387272529 -0.272551858414498
-0.00105051868586663 -0.272744737670179
-0.00104011751075904 -0.272936021254255
-0.00102981931758321 -0.27312571932288
-0.00101962308671605 -0.273313842780592
-0.00100952780862975 -0.273500400636423
-0.00099953248379183 -0.273685403573049
-0.0009896361225661681 -0.273868861820992
-0.000979837745115018 -0.274050785185894
-0.000970136381301998 -0.274231184068698
-0.000960531070596037 -0.274410068538955
-0.000951020861976275 -0.274587448668882
-0.000941604813837896 -0.274763334518225
-0.0009322819938989071 -0.274937736129689
-0.000923051479107828 -0.275110663526758
-0.000913912355552305 -0.275282126712351
-0.000904863718368619 -0.275452135667701
-0.000895904671652098 -0.275620700351368
-0.000887034328368414 -0.275787830698376
-0.000878251810265756 -0.275953536619332
-0.000869556247787878 -0.276117827999629
-0.000860946779987997 -0.276280714698601
-0.0008524225544435619 -0.276442206548808
-0.000843982727171843 -0.276602313355187
-0.00083562646254638 -0.2767610448944
-0.000827352933214237 -0.276918410914022
-0.000819161320014096 -0.277074421131898
-0.000811050811895145 -0.2772290852354
-0.000803020605836777 -0.277382412880772
-0.000795069906769086 -0.277534413692469
-0.000787197927494145 -0.27768509726248
-0.000779403888608064 -0.277834473149744
-0.000771687018423826 -0.277982550879505
-0.000764046552894877 -0.278129339942709
-0.000756481735539482 -0.278274849795448
-0.000748991817365824 -0.278419089858369
-0.000741576056797845 -0.278562069516132
-0.000734233719601827 -0.278703798116904
-0.00072696407881369 -0.278844284971814
-0.00071976641466702 -0.278983539354493
-0.000712640014521802 -0.27912157050061
-0.000705584172793863 -0.279258387607475
-0.000698598190885013 -0.279393999833737
-0.000691681377113875 -0.279528416299282
-0.0006848330466474 -0.279661646085661
-0.00067805252143307 -0.279793698238423
-0.000671339130131752 -0.279924581778976
-0.00066469220805124 -0.280054305792189
-0.000658111097080435 -0.280182877144173
-0.0006515951456241939 -0.280310309231662
-0.000645143708538805 -0.280436607407762
-0.000638756147068124 -0.280561781321921
-0.000632431828780321 -0.28068583916956
-0.000626170127505268 -0.280808790516223
-0.000619970423272543 -0.280930643436023
-0.000613832102250043 -0.281051407108641
-0.00060775455668321 -0.28117108973713
-0.000601737184834862 -0.281289699877005
-0.000595779390925606 -0.281407246019298
-0.000589880585074857 -0.281523736604933
-0.000584040183242433 -0.281639180027922
-0.000578257607170726 -0.281753584636229
-0.000572532284327451 -0.281866958731939
-0.000566863647848961 -0.281979310571305
-0.00056125113648412 -0.282090648364658
-0.000555694194538733 -0.282200980276303
-0.000550192271820528 -0.282310314424337
-0.000544744823584681 -0.282418658880563
-0.000539351310479882 -0.282526021670371
-0.000534011198494933 -0.282632410772597
-0.000528723958905874 -0.282737834119426
-0.0005234890682236369 -0.282842299596277
-0.000518306008142215 -0.282945815041743
-0.000513174265487342 -0.283048388247456
-0.000508093332165685 -0.283150026958037
-0.00050306270511454 -0.283250738871048
-0.0004980818862520199 -0.283350531636895
-0.000493150382427742 -0.283449412858822
-0.000488267705374002 -0.283547390092827
-0.000483433371657428 -0.283644470847657
-0.000478646902631117 -0.283740662584771
-0.000473907824387244 -0.283835972718349
-0.000469215667710143 -0.283930408615232
-0.000464569968029844 -0.284023977594991
-0.000459970265376083 -0.284116686929872
-0.000455416104332756 -0.284208543844838
-0.000450907033992828 -0.284299555517599
-0.000446442607913691 -0.284389729078614
-0.000442022384072961 -0.284479071611168
-0.000437645924824714 -0.284567590151374
-0.000433312796856152 -0.284655291688228
-0.000429022571144705 -0.2847421831637
-0.00042477482291555 -0.284828271472754
-0.000420569131599554 -0.284913563463434
-0.000416405080791638 -0.284998065914164
-0.000412282258209542 -0.285081785624934
-0.000408200255653012 -0.285164729280733
-0.000404158668963379 -0.285246903542717
-0.000400157097983543 -0.285328315025569
-0.00039619514651836 -0.285408970297566
-0.000392272422295405 -0.285488875880719
-0.000388388536926144 -0.285568038250856
-0.000384543105867469 -0.285646463837749
-0.000380735748383633 -0.285724159025263
-0.000376966087508547 -0.28580113015143
-0.000373233750008463 -0.285877383508627
-0.000369538366345013 -0.285952925343688
-0.000365879570638626 -0.286027761858062
-0.000362257000632303 -0.286101899207933
-0.000358670297655746 -0.286175343504413
-0.000355119106589847 -0.286248100813658
-0.000351603075831532 -0.286320177157082
-0.000348121857258943 -0.286391578511532
-0.000344675106196973 -0.286462310809551
-0.000341262481383142 -0.286532379939828
-0.000337883644933803 -0.286601791748297
-0.000334538262310697 -0.286670552066292
-0.000331226002287818 -0.286738666699467
-0.000327946536918632 -0.286806140821085
-0.000324699541503596 -0.28687298095186
-0.000321484694558016 -0.286939192261943
-0.000318301677780214 -0.287004780381522
-0.000315150176020014 -0.287069750856393
-0.000312029877247538 -0.287134109185313
-0.000308940472522315 -0.287197860823394
-0.000305881655962688 -0.287261011183093
-0.000302853124715533 -0.287323565634597
-0.00029985457892627 -0.287385529506099
-0.000296885721709178 -0.287446908084078
-0.000293946259117998 -0.287507706613442
-0.00029103590011683 -0.287567930297815
-0.000288154356551317 -0.287627584299713
-0.000285301343120116 -0.287686673740761
-0.000282476577346649 -0.287745203701913
-0.000279679779551138 -0.287803179223651
-0.000276910672822909 -0.287860605306223
-0.000274168982992979 -0.287917486909825
-0.00027145443860691 -0.287973828954853
-0.00026876677089793 -0.288029636322087
-0.000266105713760327 -0.288084913852958
-0.000263471003723096 -0.288139666349727
-0.000260862379923858 -0.288193898575748
-0.000258279584083027 -0.288247615255713
-0.000255722360478245 -0.28830082107601
-0.000253190455919054 -0.288353520685395
-0.000250683619721836 -0.288405718699138
-0.000248201603684986 -0.28845741951117
-0.000245744162064343 -0.288508628113558
-0.000243311051548854 -0.288559348597075
-0.000240902031236489 -0.28860958553618
-0.000238516862610385 -0.288659343356972
-0.000236155309515233 -0.288708626446327
-0.000233817138133894 -0.288757439154175
-0.000231502116964252 -0.288805785794051
-0.000229210016796289 -0.288853670643393
-0.000226940610689395 -0.288901097943862
-0.000224693673949896 -0.288948071901495
-0.000222468984108808 -0.288994596687041
-0.00022026632089981 -0.289040676436115
-0.000218085466237435 -0.289086315249454
-0.000215926204195481 -0.289131517193142
-0.000213788320985624 -0.289176286298842
-0.000211671604936262 -0.289220626564023
-0.000209575846471546 -0.289264541952197
-0.00020750083809064 -0.289308036393128
-0.000205446374347168 -0.28935111378308
-0.000203412251828879 -0.289393777985035
-0.000201398269137504 -0.289436032828917
-0.000199404226868816 -0.289477882111817
-0.000197429927592887 -0.289519329598231
-0.000195475175834542 -0.289560379020291
-0.000193539778054002 -0.289601034077955
-0.000191623542627725 -0.289641298439284
-0.00018972627982943 -0.289681175740616
-0.000187847801811317 -0.289720669586839
-0.000185987922585462 -0.289759783551567
-0.000184146458005408 -0.289798521177402
-0.000182323225747929 -0.289836885976141
-0.000180518045294979 -0.289874881428983
-0.000178730737915821 -0.289912510986794
-0.000176961126649328 -0.289949778070274
-0.000175209036286463 -0.289986686070214
-0.000173474293352934 -0.290023238347707
-0.000171756726092014 -0.290059438234364
-0.000170056164447538 -0.290095289032526
-0.000168372440047068 -0.2901307940155
-0.000166705386185215 -0.290165956427757
-0.000165054837807144 -0.290200779485147
-0.000163420631492222 -0.290235266375145
-0.000161802605437843 -0.29026942025702
-0.000160200599443409 -0.290303244262078
-0.000158614454894465 -0.290336741493862
-0.000157044014746995 -0.290369915028383
-0.000155489123511876 -0.290402767914304
-0.000153949627239481 -0.290435303173168
-0.000152425373504437 -0.290467523799597
-0.000150916211390531 -0.290499432761502
-0.000149421991475774 -0.290531033000308
-0.000147942565817598 -0.290562327431126
-0.000146477787938216 -0.290593318942985
-0.000145027512810114 -0.290624010399032
-0.000143591596841697 -0.29065440463673
-0.000142169897863067 -0.290684504468052
-0.000140762275111947 -0.290714312679707
-0.00013936858921975 -0.290743832033311
-0.000137988702197772 -0.290773065265612
-0.000136622477423537 -0.290802015088671
-0.000135269779627264 -0.290830684190062
-0.000133930474878479 -0.290859075233079
-0.000132604430572752 -0.290887190856906
-0.000131291515418566 -0.290915033676837
-0.000129991599424323 -0.29094260628444
-0.000128704553885468 -0.290969911247737
-0.000127430251371751 -0.290996951111339
-0.000126168565714605 -0.291023728396357
-0.000124919371994658 -0.291050245597065
-0.000123682546529364 -0.291076505223527
-0.000122457966860757 -0.291102509669556
-0.000121245511743324 -0.291128261403524
-0.000120045061132003 -0.291153762828262
-0.0001188564961703 -0.29117901633002
-0.000117679699178515 -0.291204024273494
-0.000116514553642094 -0.291228789001921
-0.000115360944200093 -0.291253312837075
-0.000114218756633756 -0.291277598079417
-0.000113087877855204 -0.29130164700834
-0.000111968195896241 -0.291325461882277
-0.000110859599897269 -0.291349044938896
-0.000109761980096306 -0.291372398395298
-0.000108675227818124 -0.291395524448143
-0.00010759923546349 -0.291418425273851
-0.000106533896498505 -0.291441103028774
-0.000105479105444064 -0.291463559849366
-0.00010443475786541 -0.29148579785233
-0.000103400750361792 -0.29150781913481
-0.00010237698055623 -0.291529625774546
-0.000101363347085376 -0.291551219830038
-0.000100359749589481 -0.291572603340736
-9.93660887024564e-05 -0.291593778327149
-9.838226604203611e-05 -0.291614746791063
-9.74081842000357e-05 -0.291635510715669
-9.64437467327086e-05 -0.291656072065735
-9.548885815119661e-05 -0.291676432787764
-9.45434239120759e-05 -0.291696594810138
-9.36073504079959e-05 -0.291716560043304
-9.26805449584118e-05 -0.291736330379898
-9.17629158004077e-05 -0.291755907694916
-9.08543720796116e-05 -0.291775293845873
-8.995482384119961e-05 -0.291794490672929
-8.90641820209897e-05 -0.291813499999074
-8.81823584366235e-05 -0.291832323630252
-8.730926577883521e-05 -0.29185096335551
-8.64448176028071e-05 -0.291869420947179
-8.5588928319611e-05 -0.291887698160979
-8.474151318773359e-05 -0.291905796736181
-8.39024883046868e-05 -0.291923718395756
-8.307177059869981e-05 -0.291941464846518
-8.22492778204948e-05 -0.29195903777926
-8.143492853514339e-05 -0.291976438868897
-8.062864211400339e-05 -0.291993669774613
-7.9830338726736e-05 -0.29201073213999
-7.9039939333402e-05 -0.292027627593146
-7.82573656766356e-05 -0.292044357746891
-7.74825402738966e-05 -0.292060924198843
-7.671538640979859e-05 -0.292077328531558
-7.59558281285135e-05 -0.29209357231269
-7.5203790226251e-05 -0.292109657095105
-7.44591982438129e-05 -0.292125584417014
-7.37219784592207e-05 -0.292141355802107
-7.299205788041651e-05 -0.292156972759683
-7.22693642380361e-05 -0.292172436784781
-7.155382597825361e-05 -0.292187749358303
-7.084537225569659e-05 -0.292202911947146
-7.01439329264323e-05 -0.292217926004319
-6.944943854102211e-05 -0.292232792969079
-6.876182033764561e-05 -0.292247514267048
-6.80810102352927e-05 -0.292262091310334
-6.74069408270225e-05 -0.292276525497668
-6.673954537328961e-05 -0.292290818214503
-6.607875779533621e-05 -0.29230497083314
-6.54245126686497e-05 -0.292318984712867
-6.477674521648491e-05 -0.292332861200043
-6.41353913034504e-05 -0.292346601628253
-6.350038742915879e-05 -0.292360207318386
-6.28716707219394e-05 -0.292373679578782
-6.22491789326132e-05 -0.292387019705323
-6.16328504283299e-05 -0.292400228981565
-6.10226241864653e-05 -0.292413308678835
-6.04184397885795e-05 -0.292426260056353
-5.98202374144351e-05 -0.292439084361344
-5.92279578360744e-05 -0.292451782829119
-5.86415424119548e-05 -0.292464356683237
-5.80609330811434e-05 -0.292476807135565
-5.74860723575677e-05 -0.292489135386408
-5.69169033243245e-05 -0.292501342624606
-5.6353369628044e-05 -0.292513430027654
-5.57954154733109e-05 -0.292525398761775
-5.52429856171395e-05 -0.292537249982066
-5.46960253635045e-05 -0.292548984832558
-5.41544805579252e-05 -0.292560604446359
-5.36182975821042e-05 -0.292572109945714
-5.3087423348618e-05 -0.292583502442131
-5.25618052956614e-05 -0.292594783036489
-5.2041391381843e-05 -0.292605952819098
-5.15261300810327e-05 -0.292617012869831
-5.10159703772601e-05 -0.292627964258203
-5.05108617596634e-05 -0.292638808043483
-5.00107542174885e-05 -0.292649545274777
-4.95155982351372e-05 -0.292660176991117
-4.90253447872645e-05 -0.292670704221567
-4.85399453339253e-05 -0.292681127985309
-4.80593518157676e-05 -0.292691449291727
-4.75835166492748e-05 -0.292701669140524
-4.71123927220543e-05 -0.292711788521783
-4.66459333881726e-05 -0.292721808416091
-4.61840924635372e-05 -0.292731729794543
-4.5726824221324e-05 -0.292741553618967
-4.52740833874495e-05 -0.29275128084191
-4.48258251360886e-05 -0.292760912406722
-4.43820050852362e-05 -0.292770449247715
-4.39425792923131e-05 -0.292779892290171
-4.35075042498149e-05 -0.292789242450453
-4.30767368810049e-05 -0.292798500636149
-4.26502345356484e-05 -0.292807667746044
-4.22279549857905e-05 -0.29281674467041
-4.18098564215747e-05 -0.292825732291823
-4.13958974471037e-05 -0.292834631478513
-4.09860370763403e-05 -0.292843443101295
-4.05802347290498e-05 -0.292852168013639
-4.0178450226782e-05 -0.292860807063765
-3.97806437888931e-05 -0.292869361091523
-3.9386776028607e-05 -0.292877830928618
-3.89968079491158e-05 -0.292886217398684
-3.86107009397186e-05 -0.292894521317501
-3.82284167719987e-05 -0.29290274349287
-3.78499175960383e-05 -0.292910884724786
-3.74751659366716e-05 -0.292918945805543
-3.71041246897738e-05 -0.29292692751977
-3.67367571185879e-05 -0.292934830644444
-3.63730268500871e-05 -0.292942655949087
-3.60128978713733e-05 -0.292950404195768
-3.56563345261122e-05 -0.292958076139146
-3.53033015110022e-05 -0.292965672526571
-3.49537638722794e-05 -0.292973194098178
-3.46076870022568e-05 -0.292980641586932
-3.42650366358979e-05 -0.292988015718664
-3.39257788474236e-05 -0.292995317212199
-3.35898800469541e-05 -0.293002546779364
-3.32573069771823e-05 -0.293009705125126
-3.29280267100814e-05 -0.29301679294756
-3.2602006643645e-05 -0.293023810938008
-3.22792144986584e-05 -0.293030759781088
-3.19596183155034e-05 -0.293037640154777
-3.16431864509934e-05 -0.293044452730471
-3.1329887575241e-05 -0.293051198173045
-3.10196906685555e-05 -0.293057877140913
-3.07125650183718e-05 -0.293064490286102
-3.04084802162097e-05 -0.293071038254308
-3.0107406154663e-05 -0.293077521684927
-2.98093130244188e-05 -0.293083941211165
-2.95141713113058e-05 -0.293090297460073
-2.92219517933721e-05 -0.293096591052591
-2.89326255379921e-05 -0.293102822603626
-2.86461638990021e-05 -0.293108992722114
-2.83625385138635e-05 -0.293115102011054
-2.80817213008549e-05 -0.29312115106759
-2.7803684456292e-05 -0.293127140483025
-2.75284004517743e-05 -0.293133070842951
-2.72558420314597e-05 -0.293138942727239
-2.6985982209366e-05 -0.293144756710099
-2.6718794266699e-05 -0.293150513360168
-2.64542517492069e-05 -0.293156213240535
-2.61923284645613e-05 -0.293161856908827
-2.59329984797637e-05 -0.293167444917199
-2.56762361185779e-05 -0.293172977812444
-2.5422015958988e-05 -0.293178456136044
-2.51703128306812e-05 -0.293183880424171
-2.49211018125557e-05 -0.29318925120779
-2.46743582302531e-05 -0.293194569012685
-2.4430057653716e-05 -0.293199834359506
-2.41881758947683e-05 -0.293205047763827
-2.39486890047211e-05 -0.293210209736204
-2.37115732720011e-05 -0.293215320782191
-2.3476805219803e-05 -0.293220381402418
-2.32443616037654e-05 -0.293225392092647
-2.30142194096687e-05 -0.293230353343765
-2.27863558511571e-05 -0.293235265641895
-2.25607483674823e-05 -0.293240129468406
-2.23373746212696e-05 -0.293244945299947
-2.21162124963065e-05 -0.293249713608548
-2.1897240095353e-05 -0.29325443486159
-2.16804357379733e-05 -0.293259109521893
-2.14657779583894e-05 -0.293263738047752
-2.12532455033558e-05 -0.293268320892919
-2.10428173300553e-05 -0.293272858506433
-2.08344726040151e-05 -0.293277351346241
-2.06281906970447e-05 -0.293281799819751
-2.04239511851927e-05 -0.293286204392617
-2.02217338467255e-05 -0.293290565488835
-2.00215186601242e-05 -0.293294883535864
-1.98232858021032e-05 -0.2932991589574
-1.96270156456467e-05 -0.293303392172933
-1.94326887580661e-05 -0.293307583597888
-1.92402858990753e-05 -0.293311733643573
-1.90497880188865e-05 -0.29331584271736
-1.88611762563232e-05 -0.293319911222586
-1.86744319369537e-05 -0.293323939558636
-1.84895365712413e-05 -0.293327928120996
-1.83064718527141e-05 -0.293331877301298
-1.81252196561526e-05 -0.293335787487295
-1.79457620357947e-05 -0.293339659063003
-1.77680812235591e-05 -0.293343492408621
-1.75921596272862e-05 -0.293347287900662
-1.74179798289962e-05 -0.293351045911925
-1.72455245831646e-05 -0.293354766811576
-1.70747768150145e-05 -0.293358450965165
-1.69057196188262e-05 -0.293362098734636
-1.67383362562636e-05 -0.29336571047841
-1.65726101547164e-05 -0.293369286551392
-1.64085249056598e-05 -0.293372827305001
-1.62460642630295e-05 -0.293376333087212
-1.60852121416134e-05 -0.293379804242588
-1.59259526154588e-05 -0.293383241112321
-1.57682699162958e-05 -0.293386644034252
-1.56121484319761e-05 -0.29339001334291
-1.54575727049268e-05 -0.293393349369547
-1.53045274306206e-05 -0.293396652442148
-1.515299745606e-05 -0.293399922885508
-1.50029677782772e-05 -0.293403161021219
-1.48544235428487e-05 -0.293406367167713
-1.47073500424245e-05 -0.29340954164033
-1.45617327152718e-05 -0.293412684751259
-1.44175571438334e-05 -0.293415796809671
-1.42748090533004e-05 -0.293418878121692
-1.41334743101984e-05 -0.293421928990437
-1.39935389209886e-05 -0.293424949716053
-1.38549890306817e-05 -0.293427940595731
-1.37178109214671e-05 -0.293430901923746
-1.35819910113535e-05 -0.293433833991497
-1.34475158528253e-05 -0.293436737087502
-1.33143721315102e-05 -0.293439611497466
-1.31825466648616e-05 -0.293442457504258
-1.3052026400853e-05 -0.293445275388006
-1.29227984166862e-05 -0.293448065426054
-1.27948499175111e-05 -0.293450827893053
-1.26681682351595e-05 -0.293453563060921
-1.25427408268906e-05 -0.293456271198927
-1.24185552741491e-05 -0.293458952573685
-1.22955992813357e-05 -0.293461607449201
-1.21738606745898e-05 -0.293464236086871
-1.2053327400584e-05 -0.293466838745531
-1.19339875253307e-05 -0.293469415681472
-1.18158292330007e-05 -0.293471967148462
-1.16988408247531e-05 -0.293474493397779
-1.15830107175774e-05 -0.293476994678224
-1.14683274431459e-05 -0.293479471236168
-1.13547796466791e-05 -0.293481923315534
-1.12423560858209e-05 -0.293484351157873
-1.11310456295256e-05 -0.293486755002339
-1.10208372569561e-05 -0.293489135085744
-1.09117200563922e-05 -0.293491491642576
-1.08036832241506e-05 -0.293493824905007
-1.06967160635155e-05 -0.293496135102931
-1.05908079836787e-05 -0.293498422463977
-1.04859484986918e-05 -0.293500687213531
-1.03821272264275e-05 -0.293502929574774
-1.0279333887552e-05 -0.293505149768687
-1.01775583045069e-05 -0.293507348014062
-1.00767904005019e-05 -0.293509524527559
-9.977020198516739e-06 -0.293511679523691
-9.878237820313601e-06 -0.293513813214871
-9.780433485459009e-06 -0.29351592581141
-9.68359751035546e-06 -0.293518017521554
-9.587720307282629e-06 -0.293520088551508
-9.492792383448151e-06 -0.293522139105435
-9.39880434004767e-06 -0.293524169385485
-9.30574687133433e-06 -0.293526179591831
-9.21361076369735e-06 -0.293528169922679
-9.12238689474986e-06 -0.293530140574259
-9.0320662324256e-06 -0.293532091740891
-8.942639834084751e-06 -0.293534023614968
-8.85409884562847e-06 -0.293535936386998
-8.76643450062225e-06 -0.293537830245616
-8.679638119427971e-06 -0.293539705377583
-8.593701108344519e-06 -0.293541561967835
-8.508614958756951e-06 -0.293543400199479
-8.42437124629401e-06 -0.293545220253823
-8.34096162999407e-06 -0.293547022310383
-8.25837785147928e-06 -0.293548806546918
-8.1766117341379e-06 -0.293550573139423
-8.09565518231475e-06 -0.293552322262167
-8.01550018050966e-06 -0.293554054087691
-7.93613879258382e-06 -0.293555768786855
-7.85756316097408e-06 -0.293557466528819
-7.77976550591493e-06 -0.29355914748108
-7.702738124668249e-06 -0.293560811809489
-7.62647339076064e-06 -0.293562459678259
-7.55096375322836e-06 -0.293564091249986
-7.47620173586966e-06 -0.293565706685661
-7.40217993650461e-06 -0.293567306144692
-7.32889102624219e-06 -0.293568889784912
-7.25632774875465e-06 -0.293570457762602
-7.18448291955906e-06 -0.29357201023249
-7.113349425306e-06 -0.293573547347807
-7.04292022307524e-06 -0.293575069260235
-6.97318833967846e-06 -0.29357657611999
-6.90414687096877e-06 -0.293578068075802
-6.8357889811572e-06 -0.293579545274929
-6.76810790213584e-06 -0.293581007863174
-6.70109693280776e-06 -0.293582455984911
-6.63474943842353e-06 -0.293583889783078
-6.56905884992428e-06 -0.293585309399222
-6.50401866329137e-06 -0.293586714973475
-6.43962243890235e-06 -0.293588106644595
-6.37586380089341e-06 -0.293589484549978
-6.31273643652813e-06 -0.293590848825658
-6.25023409557241e-06 -0.293592199606325
-6.18835058967565e-06 -0.293593537025342
-6.12707979175807e-06 -0.293594861214763
-6.06641563540403e-06 -0.293596172305331
-6.00635211426141e-06 -0.293597470426502
-5.94688328144694e-06 -0.293598755706454
-5.88800324895737e-06 -0.293600028272101
-5.82970618708651e-06 -0.293601288249116
-5.77198632384803e-06 -0.293602535761911
-5.71483794440399e-06 -0.293603770933684
-5.658255390499e-06 -0.293604993886417
-5.6022330599e-06 -0.293606204740881
-5.54676540584158e-06 -0.293607403616669
-5.49184693647681e-06 -0.293608590632177
-5.43747221433348e-06 -0.293609765904644
-5.38363585577572e-06 -0.293610929550147
-5.33033253047101e-06 -0.293612081683624
-5.27755696086239e-06 -0.293613222418869
-5.22530392164593e-06 -0.293614351868561
-5.17356823925339e-06 -0.29361547014426
-5.12234479133999e-06 -0.293616577356428
-5.07162850627722e-06 -0.293617673614446
-5.02141436265071e-06 -0.293618759026598
-4.97169738876308e-06 -0.293619833700112
-4.92247266214166e-06 -0.293620897741154
-4.87373530905115e-06 -0.293621951254835
-4.82548050401104e-06 -0.293622994345238
-4.77770346931786e-06 -0.293624027115418
-4.73039947457214e-06 -0.293625049667404
-4.68356383621004e-06 -0.293626062102231
-4.63719191703965e-06 -0.293627064519921
-4.59127912578183e-06 -0.293628057019511
-4.54582091661567e-06 -0.293629039699086
-4.50081278872839e-06 -0.293630012655728
-4.45625028586969e-06 -0.293630975985569
-4.41212899591058e-06 -0.293631929783802
-4.36844455040652e-06 -0.293632874144682
-4.32519262416487e-06 -0.293633809161521
-4.2823689348167e-06 -0.293634734926713
-4.23996924239277e-06 -0.293635651531744
-4.19798934890374e-06 -0.293636559067187
-4.15642509792449e-06 -0.293637457622742
-4.11527237418267e-06 -0.293638347287194
-4.07452710315115e-06 -0.29363922814847
-4.03418525064471e-06 -0.293640100293628
-3.9942428224205e-06 -0.293640963808854
-3.95469586378268e-06 -0.293641818779497
-3.91554045919077e-06 -0.293642665290059
-3.87677273187205e-06 -0.293643503424205
-3.83838884343767e-06 -0.29364433326476
-3.80038499350264e-06 -0.293645154893765
-3.76275741930955e-06 -0.293645968392422
-3.72550239535599e-06 -0.293646773841131
-3.68861623302573e-06 -0.293647571319515
-3.6520952802235e-06 -0.293648360906399
-3.61593592101336e-06 -0.293649142679827
-3.58013457526076e-06 -0.293649916717087
-3.54468769827798e-06 -0.293650683094684
-3.50959178047324e-06 -0.293651441888382
-3.47484334700321e-06 -0.293652193173179
-3.44043895742892e-06 -0.293652937023356
-3.40637520537517e-06 -0.293653673512437
-3.37264871819324e-06 -0.293654402713242
-3.33925615662697e-06 -0.293655124697851
-3.30619421448215e-06 -0.293655839537639
-3.27345961829915e-06 -0.293656547303284
-3.24104912702887e-06 -0.293657248064756
-3.20895953171175e-06 -0.293657941891335
-3.17718765516015e-06 -0.293658628851612
-3.14573035164371e-06 -0.293659309013517
-3.11458450657793e-06 -0.293659982444291
-3.08374703621577e-06 -0.293660649210512
-3.05321488734235e-06 -0.293661309378116
-3.02298503697262e-06 -0.293661963012369
-2.9930544920521e-06 -0.293662610177898
-2.9634202891605e-06 -0.293663250938699
-2.93407949421831e-06 -0.293663885358121
-2.90502920219635e-06 -0.293664513498903
-2.87626653682807e-06 -0.293665135423153
-2.84778865032482e-06 -0.293665751192365
-2.81959272309388e-06 -0.293666360867431
-2.79167596345929e-06 -0.293666964508638
-2.76403560738544e-06 -0.293667562175674
-2.7366689182034e-06 -0.293668153927648
-2.70957318634e-06 -0.293668739823068
-2.68274572904951e-06 -0.293669319919881
-2.65618389014803e-06 -0.293669894275444
-2.62988503975052e-06 -0.293670462946566
-2.60384657401042e-06 -0.293671025989479
-2.5780659148618e-06 -0.293671583459864
-2.55254050976416e-06 -0.293672135412856
-2.52726783144966e-06 -0.293672681903036
-2.50224537767293e-06 -0.293673222984447
-2.4774706709633e-06 -0.293673758710617
-2.4529412583795e-06 -0.293674289134511
-2.42865471126683e-06 -0.2936748143086
-2.40460862501667e-06 -0.29367533428482
-2.38080061882838e-06 -0.293675849114599
-2.35722833547365e-06 -0.29367635884885
-2.33388944106302e-06 -0.293676863538001
-2.31078162481487e-06 -0.29367736323196
-2.2879025988266e-06 -0.293677857980149
-2.26525009784812e-06 -0.293678347831506
-2.24282187905755e-06 -0.293678832834482
-2.22061572183915e-06 -0.293679313037046
-2.19862942756352e-06 -0.293679788486699
-2.17686081936982e-06 -0.293680259230462
-2.15530774195032e-06 -0.293680725314903
-2.13396806133695e-06 -0.293681186786129
-2.11283966469005e-06 -0.293681643689773
-2.09192046008916e-06 -0.293682096071044
-2.0712083763259e-06 -0.293682543974683
-2.05070136269891e-06 -0.293682987444995
-2.0303973888108e-06 -0.293683426525846
-2.01029444436713e-06 -0.293683861260679
-1.99039053897736e-06 -0.293684291692484
-1.97068370195778e-06 -0.29368471786385
-1.95117198213641e-06 -0.293685139816933
-1.93185344765982e-06 -0.293685557593472
-1.9127261858018e-06 -0.293685971234796
-1.89378830277406e-06 -0.293686380781827
-1.87503792353867e-06 -0.293686786275072
-1.85647319162245e-06 -0.293687187754657
-1.83809226893311e-06 -0.293687585260287
-1.81989333557734e-06 -0.293687978831292
-1.80187458968054e-06 -0.293688368506612
-1.78403424720845e-06 -0.293688754324788
-1.76637054179055e-06 -0.293689136323995
-1.74888172454509e-06 -0.293689514542023
-1.73156606390603e-06 -0.293689889016296
-1.71442184545152e-06 -0.293690259783844
-1.69744737173418e-06 -0.293690626881369
-1.68064096211305e-06 -0.293690990345181
-1.66400095258717e-06 -0.293691350211236
-1.64752569563087e-06 -0.293691706515146
-1.63121356003056e-06 -0.293692059292152
-1.61506293072333e-06 -0.293692408577163
-1.59907220863696e-06 -0.293692754404743
-1.58323981053164e-06 -0.293693096809091
-1.56756416884321e-06 -0.2936934358241
-1.55204373152793e-06 -0.293693771483308
-1.53667696190884e-06 -0.293694103819914
-1.52146233852361e-06 -0.293694432866812
-1.50639835497387e-06 -0.293694758656558
-1.49148351977611e-06 -0.293695081221391
-1.47671635621397e-06 -0.293695400593215
-1.46209540219205e-06 -0.29369571680363
-1.44761921009113e-06 -0.293696029883929
-1.43328634662489e-06 -0.293696339865095
-1.41909539269791e-06 -0.293696646777792
-1.40504494326525e-06 -0.293696950652387
-1.39113360719332e-06 -0.293697251518952
-1.3773600071221e-06 -0.293697549407253
-1.36372277932881e-06 -0.293697844346773
-1.35022057359288e-06 -0.293698136366686
-1.33685205306226e-06 -0.293698425495892
-1.32361589412105e-06 -0.293698711763009
-1.31051078625847e-06 -0.293698995196347
-1.29753543193907e-06 -0.293699275823961
-1.28468854647433e-06 -0.293699553673623
-1.27196885789538e-06 -0.29369982877282
-1.25937510682711e-06 -0.293700101148778
-1.24690604636347e-06 -0.293700370828445
-1.23456044194403e-06 -0.293700637838518
-1.22233707123171e-06 -0.293700902205404
-1.2102347239918e-06 -0.293701163955272
-1.19825220197208e-06 -0.293701423114029
-1.18638831878423e-06 -0.293701679707307
-1.17464189978637e-06 -0.293701933760508
-1.1630117819667e-06 -0.293702185298768
-1.15149681382842e-06 -0.293702434346986
-1.14009585527566e-06 -0.293702680929794
-1.12880777750065e-06 -0.293702925071606
-1.11763146287194e-06 -0.293703166796573
-1.1065658048237e-06 -0.293703406128621
-1.09560970774624e-06 -0.293703643091439
-1.08476208687746e-06 -0.29370387770847
-1.07402186819551e-06 -0.293704110002934
-1.06338798831238e-06 -0.293704339997819
-1.0528593943687e-06 -0.293704567715888
-1.0424350439294e-06 -0.293704793179672
-1.0321139048806e-06 -0.293705016411485
-1.02189495532732e-06 -0.293705237433426
-1.0117771834924e-06 -0.293705456267366
-1.00175958761624e-06 -0.293705672934949
1.00175958761624e-06 -0.293749012961435
1.0117771834924e-06 -0.29374922969411
1.02189495532732e-06 -0.293749448594448
1.0321139048806e-06 -0.293749669684117
1.0424350439294e-06 -0.29374989298503
1.0528593943687e-06 -0.293750118519297
1.06338798831238e-06 -0.293750346309265
1.07402186819551e-06 -0.293750576377496
1.08476208687746e-06 -0.293750808746776
1.09560970774624e-06 -0.293751043440128
1.1065658048237e-06 -0.2937512804808
1.11763146287194e-06 -0.293751519892272
1.12880777750065e-06 -0.293751761698259
1.14009585527566e-06 -0.293752005922721
1.15149681382842e-06 -0.293752252589836
1.1630117819667e-06 -0.29375250172405
1.17464189978637e-06 -0.293752753350045
1.18638831878423e-06 -0.293753007492739
1.19825220197208e-06 -0.293753264177312
1.2102347239918e-06 -0.293753523429197
1.22233707123171e-06 -0.293753785274063
1.23456044194403e-06 -0.293754049737864
1.24690604636347e-06 -0.293754316846789
1.25937510682711e-06 -0.293754586627301
1.27196885789538e-06 -0.293754859106131
1.28468854647433e-06 -0.293755134310267
1.29753543193907e-06 -0.293755412266975
1.31051078625847e-06 -0.293755693003791
1.32361589412105e-06 -0.293755976548523
1.33685205306226e-06 -0.293756262929272
1.35022057359288e-06 -0.293756552174399
1.36372277932881e-06 -0.293756844312561
1.3773600071221e-06 -0.293757139372697
1.39113360719332e-06 -0.293757437384058
1.40504494326525e-06 -0.293757738376141
1.41909539269791e-06 -0.293758042378783
1.43328634662489e-06 -0.293758349422095
1.44761921009113e-06 -0.293758659536509
1.46209540219205e-06 -0.293758972752731
1.47671635621397e-06 -0.293759289101808
1.49148351977611e-06 -0.293759608615069
1.50639835497387e-06 -0.293759931324185
1.52146233852361e-06 -0.293760257261115
1.53667696190884e-06 -0.293760586458161
1.55204373152793e-06 -0.293760918947931
1.56756416884321e-06 -0.293761254763374
1.58323981053164e-06 -0.293761593937761
1.59907220863696e-06 -0.293761936504697
1.61506293072333e-06 -0.293762282498123
1.63121356003056e-06 -0.293762631952322
1.64752569563087e-06 -0.293762984901915
1.66400095258717e-06 -0.29376334138188
1.68064096211305e-06 -0.29376370142753
1.69744737173418e-06 -0.293764065074548
1.71442184545152e-06 -0.293764432358952
1.73156606390603e-06 -0.293764803317153
1.74888172454509e-06 -0.293765177985895
1.76637054179055e-06 -0.293765556402307
1.78403424720845e-06 -0.293765938603886
1.80187458968054e-06 -0.293766324628503
1.81989333557734e-06 -0.293766714514406
1.83809226893311e-06 -0.293767108300236
1.85647319162245e-06 -0.293767506025007
1.87503792353867e-06 -0.293767907728129
1.89378830277406e-06 -0.293768313449412
1.9127261858018e-06 -0.29376872322906
1.93185344765982e-06 -0.29376913710768
1.95117198213641e-06 -0.293769555126288
1.97068370195778e-06 -0.2937699773263
1.99039053897736e-06 -0.293770403749562
2.01029444436713e-06 -0.29377083443833
2.0303973888108e-06 -0.293771269435279
2.05070136269891e-06 -0.293771708783524
2.0712083763259e-06 -0.293772152526599
2.09192046008916e-06 -0.293772600708484
2.11283966469005e-06 -0.293773053373596
2.13396806133695e-06 -0.293773510566788
2.15530774195032e-06 -0.293773972333378
2.17686081936982e-06 -0.293774438719121
2.19862942756352e-06 -0.293774909770246
2.22061572183915e-06 -0.293775385533436
2.24282187905755e-06 -0.293775866055837
2.26525009784812e-06 -0.293776351385084
2.2879025988266e-06 -0.293776841569264
2.31078162481487e-06 -0.293777336656969
2.33388944106302e-06 -0.293777836697267
2.35722833547365e-06 -0.293778341739714
2.38080061882838e-06 -0.293778851834372
2.40460862501667e-06 -0.293779367031798
2.42865471126683e-06 -0.293779887383055
2.4529412583795e-06 -0.293780412939718
2.4774706709633e-06 -0.293780943753878
2.50224537767293e-06 -0.293781479878151
2.52726783144966e-06 -0.293782021365677
2.55254050976416e-06 -0.293782568270128
2.5780659148618e-06 -0.29378312064572
2.60384657401042e-06 -0.2937836785472
2.62988503975052e-06 -0.293784242029872
2.65618389014803e-06 -0.293784811149588
2.68274572904951e-06 -0.293785385962771
2.70957318634e-06 -0.293785966526399
2.7366689182034e-06 -0.293786552898015
2.76403560738544e-06 -0.293787145135755
2.79167596345929e-06 -0.293787743298328
2.81959272309388e-06 -0.293788347445026
2.84778865032482e-06 -0.293788957635746
2.87626653682807e-06 -0.293789573930974
2.90502920219635e-06 -0.293790196391812
2.93407949421831e-06 -0.293790825079967
2.9634202891605e-06 -0.293791460057768
2.9930544920521e-06 -0.293792101388171
3.02298503697262e-06 -0.293792749134756
3.05321488734235e-06 -0.293793403361738
3.08374703621577e-06 -0.293794064133983
3.11458450657793e-06 -0.293794731517003
3.14573035164371e-06 -0.293795405576969
3.17718765516015e-06 -0.29379608638071
3.20895953171175e-06 -0.293796773995736
3.24104912702887e-06 -0.293797468490214
3.27345961829915e-06 -0.293798169933013
3.30619421448215e-06 -0.293798878393676
3.33925615662697e-06 -0.293799593942459
3.37264871819324e-06 -0.293800316650313
3.40637520537517e-06 -0.293801046588892
3.44043895742892e-06 -0.293801783830587
3.47484334700321e-06 -0.293802528448496
3.50959178047324e-06 -0.293803280516466
3.54468769827798e-06 -0.293804040109072
3.58013457526076e-06 -0.293804807301636
3.61593592101336e-06 -0.293805582170239
3.6520952802235e-06 -0.293806364791731
3.68861623302573e-06 -0.293807155243717
3.72550239535599e-06 -0.293807953604595
3.76275741930955e-06 -0.29380875995354
3.80038499350264e-06 -0.293809574370516
3.83838884343767e-06 -0.293810396936301
3.87677273187205e-06 -0.293811227732478
3.91554045919077e-06 -0.29381206684144
3.95469586378268e-06 -0.293812914346419
3.9942428224205e-06 -0.293813770331464
4.03418525064471e-06 -0.293814634881485
4.07452710315115e-06 -0.293815508082234
4.11527237418267e-06 -0.293816390020321
4.15642509792449e-06 -0.293817280783223
4.19798934890374e-06 -0.293818180459307
4.23996924239277e-06 -0.293819089137808
4.2823689348167e-06 -0.293820006908869
4.32519262416487e-06 -0.293820933863527
4.36844455040652e-06 -0.29382187009374
4.41212899591058e-06 -0.293822815692383
4.45625028586969e-06 -0.293823770753263
4.50081278872839e-06 -0.293824735371128
4.54582091661567e-06 -0.29382570964168
4.59127912578183e-06 -0.29382669366157
4.63719191703965e-06 -0.293827687528428
4.68356383621004e-06 -0.293828691340858
4.73039947457214e-06 -0.293829705198468
4.77770346931786e-06 -0.293830729201826
4.82548050401104e-06 -0.293831763452554
4.87373530905115e-06 -0.293832808053269
4.92247266214166e-06 -0.293833863107612
4.97169738876308e-06 -0.293834928720282
5.02141436265071e-06 -0.293836004997017
5.07162850627722e-06 -0.293837092044616
5.12234479133999e-06 -0.293838189970951
5.17356823925339e-06 -0.293839298884978
5.22530392164593e-06 -0.293840418896734
5.27755696086239e-06 -0.293841550117377
5.33033253047101e-06 -0.293842692659176
5.38363585577572e-06 -0.293843846635512
5.43747221433348e-06 -0.293845012160919
5.49184693647681e-06 -0.293846189351076
5.54676540584158e-06 -0.293847378322819
5.6022330599e-06 -0.293848579194158
5.658255390499e-06 -0.293849792084292
5.71483794440399e-06 -0.293851017113606
5.77198632384803e-06 -0.293852254403704
5.82970618708651e-06 -0.293853504077397
5.88800324895737e-06 -0.293854766258742
5.94688328144694e-06 -0.293856041073036
6.00635211426141e-06 -0.293857328646826
6.06641563540403e-06 -0.29385862910794
6.12707979175807e-06 -0.293859942585485
6.18835058967565e-06 -0.293861269209859
6.25023409557241e-06 -0.293862609112777
6.31273643652813e-06 -0.293863962427265
6.37586380089341e-06 -0.293865329287705
6.43962243890235e-06 -0.293866709829791
6.50401866329137e-06 -0.293868104190622
6.56905884992428e-06 -0.293869512508642
6.63474943842353e-06 -0.293870934923703
6.70109693280776e-06 -0.293872371577048
6.76810790213584e-06 -0.29387382261135
6.8357889811572e-06 -0.293875288170703
6.90414687096877e-06 -0.293876768400657
6.97318833967846e-06 -0.293878263448212
7.04292022307524e-06 -0.293879773461865
7.113349425306e-06 -0.293881298591582
7.18448291955906e-06 -0.293882838988843
7.25632774875465e-06 -0.293884394806654
7.32889102624219e-06 -0.293885966199554
7.40217993650461e-06 -0.293887553323628
7.47620173586966e-06 -0.293889156336541
7.55096375322836e-06 -0.293890775397531
7.62647339076064e-06 -0.293892410667442
7.702738124668249e-06 -0.29389406230873
7.77976550591493e-06 -0.293895730485484
7.85756316097408e-06 -0.293897415363445
7.93613879258382e-06 -0.293899117110009
8.01550018050966e-06 -0.293900835894266
8.09565518231475e-06 -0.293902571887001
8.1766117341379e-06 -0.293904325260706
8.25837785147928e-06 -0.29390609618962
8.34096162999407e-06 -0.293907884849728
8.42437124629401e-06 -0.293909691418776
8.508614958756951e-06 -0.293911516076306
8.593701108344519e-06 -0.29391335900366
8.679638119427971e-06 -0.293915220384008
8.76643450062225e-06 -0.29391710040235
8.85409884562847e-06 -0.293918999245555
8.942639834084751e-06 -0.293920917102371
9.0320662324256e-06 -0.293922854163431
9.12238689474986e-06 -0.293924810621306
9.21361076369735e-06 -0.293926786670482
9.30574687133433e-06 -0.293928782507414
9.39880434004767e-06 -0.293930798330522
9.492792383448151e-06 -0.293932834340229
9.587720307282629e-06 -0.293934890738979
9.68359751035546e-06 -0.293936967731235
9.780433485459009e-06 -0.293939065523524
9.878237820313601e-06 -0.293941184324459
9.977020198516739e-06 -0.29394332434474
1.00767904005019e-05 -0.293945485797189
1.01775583045069e-05 -0.293947668896774
1.0279333887552e-05 -0.293949873860624
1.03821272264275e-05 -0.293952100908041
1.04859484986918e-05 -0.293954350260552
1.05908079836787e-05 -0.293956622141898
1.06967160635155e-05 -0.293958916778081
1.08036832241506e-05 -0.293961234397373
1.09117200563922e-05 -0.293963575230339
1.10208372569561e-05 -0.293965939509873
1.11310456295256e-05 -0.293968327471211
1.12423560858209e-05 -0.293970739351954
1.13547796466791e-05 -0.293973175392093
1.14683274431459e-05 -0.293975635834041
1.15830107175774e-05 -0.293978120922647
1.16988408247531e-05 -0.293980630905229
1.18158292330007e-05 -0.293983166031588
1.19339875253307e-05 -0.29398572655405
1.2053327400584e-05 -0.293988312727477
1.21738606745898e-05 -0.293990924809296
1.22955992813357e-05 -0.293993563059529
1.24185552741491e-05 -0.293996227740817
1.25427408268906e-05 -0.293998919118448
1.26681682351595e-05 -0.294001637460381
1.27948499175111e-05 -0.294004383037274
1.29227984166862e-05 -0.294007156122512
1.3052026400853e-05 -0.294009956992238
1.31825466648616e-05 -0.294012785925369
1.33143721315102e-05 -0.294015643203645
1.34475158528253e-05 -0.294018529111636
1.35819910113535e-05 -0.294021443936787
1.37178109214671e-05 -0.294024387969432
1.38549890306817e-05 -0.294027361502842
1.39935389209886e-05 -0.294030364833237
1.41334743101984e-05 -0.294033398259826
1.42748090533004e-05 -0.294036462084837
1.44175571438334e-05 -0.294039556613539
1.45617327152718e-05 -0.294042682154291
1.47073500424245e-05 -0.294045839018551
1.48544235428487e-05 -0.294049027520927
1.50029677782772e-05 -0.294052247979192
1.515299745606e-05 -0.294055500714331
1.53045274306206e-05 -0.29405878605057
1.54575727049268e-05 -0.294062104315396
1.56121484319761e-05 -0.294065455839613
1.57682699162958e-05 -0.294068840957354
1.59259526154588e-05 -0.294072260006127
1.60852121416134e-05 -0.29407571332685
1.62460642630295e-05 -0.294079201263881
1.64085249056598e-05 -0.294082724165049
1.65726101547164e-05 -0.294086282381704
1.67383362562636e-05 -0.294089876268737
1.69057196188262e-05 -0.294093506184627
1.70747768150145e-05 -0.294097172491469
1.72455245831646e-05 -0.294100875555018
1.74179798289962e-05 -0.294104615744726
1.75921596272862e-05 -0.29410839343377
1.77680812235591e-05 -0.294112208999108
1.79457620357947e-05 -0.294116062821499
1.81252196561526e-05 -0.294119955285548
1.83064718527141e-05 -0.294123886779752
1.84895365712413e-05 -0.294127857696542
1.86744319369537e-05 -0.294131868432298
1.88611762563232e-05 -0.294135919387415
1.90497880188865e-05 -0.294140010966346
1.92402858990753e-05 -0.294144143577616
1.94326887580661e-05 -0.294148317633902
1.96270156456467e-05 -0.294152533552036
1.98232858021032e-05 -0.294156791753063
2.00215186601242e-05 -0.294161092662306
2.02217338467255e-05 -0.294165436709341
2.04239511851927e-05 -0.294169824328094
2.06281906970447e-05 -0.294174255956693
2.08344726040151e-05 -0.29417873203014
2.10428173300553e-05 -0.294183253023794
2.12532455033558e-05 -0.294187819357379
2.14657779583894e-05 -0.294192431499934
2.16804357379733e-05 -0.294197089912084
2.1897240095353e-05 -0.294201795059379
2.21162124963065e-05 -0.294206547412177
2.23373746212696e-05 -0.294211347445628
2.25607483674823e-05 -0.294216195639683
2.27863558511571e-05 -0.294221092479177
2.30142194096687e-05 -0.294226038453844
2.32443616037654e-05 -0.294231034058385
2.3476805219803e-05 -0.294236079792529
2.37115732720011e-05 -0.294241176161059
2.39486890047211e-05 -0.294246323673869
2.41881758947683e-05 -0.294251522846024
2.4430057653716e-05 -0.294256774197845
2.46743582302531e-05 -0.294262078254892
2.49211018125557e-05 -0.294267435548071
2.51703128306812e-05 -0.294272846613678
2.5422015958988e-05 -0.294278311993441
2.56762361185779e-05 -0.294283832234598
2.59329984797637e-05 -0.294289407889942
2.61923284645613e-05 -0.294295039517858
2.64542517492069e-05 -0.294300727682427
2.6718794266699e-05 -0.294306472953446
2.6985982209366e-05 -0.294312275906485
2.72558420314597e-05 -0.294318137122985
2.75284004517743e-05 -0.294324057190285
2.7803684456292e-05 -0.294330036701686
2.80817213008549e-05 -0.29433607625653
2.83625385138635e-05 -0.294342176460222
2.86461638990021e-05 -0.294348337924378
2.89326255379921e-05 -0.29435456126676
2.92219517933721e-05 -0.29436084711148
2.95141713113058e-05 -0.294367196088946
2.98093130244188e-05 -0.294373608836007
3.0107406154663e-05 -0.294380085995995
3.04084802162097e-05 -0.294386628218758
3.07125650183718e-05 -0.294393236160793
3.10196906685555e-05 -0.294399910485263
3.1329887575241e-05 -0.294406651862076
3.16431864509934e-05 -0.294413460967978
3.19596183155034e-05 -0.294420338486595
3.22792144986584e-05 -0.294427285108518
3.2602006643645e-05 -0.294434301531387
3.29280267100814e-05 -0.294441388459925
3.32573069771823e-05 -0.294448546606062
3.35898800469541e-05 -0.294455776688973
3.39257788474236e-05 -0.294463079435173
3.42650366358979e-05 -0.294470455578579
3.46076870022568e-05 -0.294477905860612
3.49537638722794e-05 -0.294485431030202
3.53033015110022e-05 -0.294493031844001
3.56563345261122e-05 -0.294500709066321
3.60128978713733e-05 -0.2945084634693
3.63730268500871e-05 -0.29451629583296
3.67367571185879e-05 -0.294524206945274
3.71041246897738e-05 -0.294532197602288
3.74751659366716e-05 -0.294540268608158
3.78499175960383e-05 -0.294548420775266
3.82284167719987e-05 -0.294556654924294
3.86107009397186e-05 -0.294564971884284
3.89968079491158e-05 -0.294573372492849
3.9386776028607e-05 -0.294581857596081
3.97806437888931e-05 -0.294590428048694
4.0178450226782e-05 -0.29459908471434
4.05802347290498e-05 -0.294607828465256
4.09860370763403e-05 -0.294616660182852
4.13958974471037e-05 -0.294625580757718
4.18098564215747e-05 -0.294634591082598
4.22279549857905e-05 -0.294643692081883
4.26502345356484e-05 -0.294652884660453
4.30767368810049e-05 -0.294662169749122
4.35075042498149e-05 -0.294671548284797
4.39425792923131e-05 -0.294681021213939
4.43820050852362e-05 -0.29469058949274
4.48258251360886e-05 -0.29470025408715
4.52740833874495e-05 -0.294710015973082
4.5726824221324e-05 -0.294719876136435
4.61840924635372e-05 -0.294729835573217
4.66459333881726e-05 -0.294739895289656
4.71123927220543e-05 -0.29475005630234
4.75835166492748e-05 -0.294760319638287
4.80593518157676e-05 -0.294770686335054
4.85399453339253e-05 -0.294781157440878
4.90253447872645e-05 -0.294791734014777
4.95155982351372e-05 -0.294802417126648
5.00107542174885e-05 -0.294813207857388
5.05108617596634e-05 -0.294824107299039
5.10159703772601e-05 -0.294835116554862
5.15261300810327e-05 -0.294846236739464
5.2041391381843e-05 -0.294857468978956
5.25618052956614e-05 -0.294868814411037
5.3087423348618e-05 -0.294880274185128
5.36182975821042e-05 -0.294891849462488
5.41544805579252e-05 -0.294903541416365
5.46960253635045e-05 -0.294915351232084
5.52429856171395e-05 -0.294927280107216
5.57954154733109e-05 -0.294939329251683
5.6353369628044e-05 -0.294951499887884
5.69169033243245e-05 -0.294963793250846
5.74860723575677e-05 -0.294976210588359
5.80609330811434e-05 -0.29498875316109
5.86415424119548e-05 -0.29500142224273
5.92279578360744e-05 -0.295014219120157
5.98202374144351e-05 -0.295027145093544
6.04184397885795e-05 -0.295040201476502
6.10226241864653e-05 -0.295053389596253
6.16328504283299e-05 -0.295066710793744
6.22491789326132e-05 -0.2950801664238
6.28716707219394e-05 -0.295093757855291
6.350038742915879e-05 -0.295107486471261
6.41353913034504e-05 -0.295121353669086
6.477674521648491e-05 -0.295135360860649
6.54245126686497e-05 -0.295149509472441
6.607875779533621e-05 -0.29516380094578
6.673954537328961e-05 -0.295178236736928
6.74069408270225e-05 -0.295192818317275
6.80810102352927e-05 -0.295207547173487
6.876182033764561e-05 -0.295222424807669
6.944943854102211e-05 -0.295237452737546
7.01439329264323e-05 -0.295252632496621
7.084537225569659e-05 -0.295267965634347
7.155382597825361e-05 -0.295283453716285
7.22693642380361e-05 -0.295299098324306
7.299205788041651e-05 -0.295314901056753
7.37219784592207e-05 -0.295330863528595
7.44591982438129e-05 -0.295346987371654
7.5203790226251e-05 -0.295363274234752
7.59558281285135e-05 -0.295379725783901
7.671538640979859e-05 -0.295396343702495
7.74825402738966e-05 -0.29541312969151
7.82573656766356e-05 -0.29543008546966
7.9039939333402e-05 -0.295447212773614
7.9830338726736e-05 -0.295464513358203
8.062864211400339e-05 -0.295481988996585
8.143492853514339e-05 -0.295499641480472
8.22492778204948e-05 -0.295517472620304
8.307177059869981e-05 -0.295535484245491
8.39024883046868e-05 -0.295553678204579
8.474151318773359e-05 -0.295572056365493
8.5588928319611e-05 -0.295590620615723
8.64448176028071e-05 -0.295609372862555
8.730926577883521e-05 -0.295628315033272
8.81823584366235e-05 -0.295647449075383
8.90641820209897e-05 -0.295666776956847
8.995482384119961e-05 -0.295686300666294
9.08543720796116e-05 -0.295706022213236
9.17629158004077e-05 -0.295725943628322
9.26805449584118e-05 -0.295746066963555
9.36073504079959e-05 -0.29576639429253
9.45434239120759e-05 -0.295786927710663
9.548885815119661e-05 -0.295807669335457
9.64437467327086e-05 -0.295828621306704
9.74081842000357e-05 -0.295849785786775
9.838226604203611e-05 -0.295871164960836
9.93660887024564e-05 -0.295892761037114
0.000100359749589481 -0.295914576247148
0.000101363347085376 -0.295936612846053
0.00010237698055623 -0.295958873112775
0.000103400750361792 -0.295981359350354
0.00010443475786541 -0.296004073886193
0.000105479105444064 -0.296027019072334
0.000106533896498505 -0.296050197285724
0.00010759923546349 -0.296073610928487
0.000108675227818124 -0.296097262428224
0.000109761980096306 -0.296121154238277
0.000110859599897269 -0.296145288838024
0.000111968195896241 -0.296169668733173
0.000113087877855204 -0.296194296456036
0.000114218756633756 -0.29621917456587
0.000115360944200093 -0.296244305649114
0.000116514553642094 -0.296269692319753
0.000117679699178515 -0.29629533721959
0.0001188564961703 -0.296321243018566
0.000120045061132003 -0.296347412415033
0.000121245511743324 -0.296373848136098
0.000122457966860757 -0.296400552937506
0.000123682546529364 -0.29642752960026
0.000124919371994658 -0.296454780970495
0.000126168565714605 -0.296482309844882
0.000127430251371751 -0.296510119127521
0.000128704553885468 -0.296538211721637
0.000129991599424323 -0.296566590564715
0.000131291515418566 -0.296595258626096
0.000132604430572752 -0.296624218906983
0.000133930474878479 -0.296653474440842
0.000135269779627264 -0.296683028293707
0.000136622477423537 -0.29671288356455
0.000137988702197772 -0.296743043385688
0.00013936858921975 -0.296773510923084
0.000140762275111947 -0.29680428937682
0.000142169897863067 -0.296835381981422
0.000143591596841697 -0.296866792006303
0.000145027512810114 -0.296898522756104
0.000146477787938216 -0.296930577571162
0.000147942565817598 -0.296962959827856
0.000149421991475774 -0.296995672939081
0.000150916211390531 -0.29702872035461
0.000152425373504437 -0.297062105561581
0.000153949627239481 -0.297095832084859
0.000155489123511876 -0.297129903487519
0.000157044014746995 -0.297164323371289
0.000158614454894465 -0.29719909537695
0.000160200599443409 -0.297234223184849
0.000161802605437843 -0.297269710515303
0.000163420631492222 -0.297305561129099
0.000165054837807144 -0.297341778827947
0.000166705386185215 -0.297378367454968
0.000168372440047068 -0.297415330895143
0.000170056164447538 -0.297452673075849
0.000171756726092014 -0.297490397967329
0.000173474293352934 -0.297528509583175
0.000175209036286463 -0.297567011980863
0.000176961126649328 -0.297605909262251
0.000178730737915821 -0.297645205574111
0.000180518045294979 -0.297684905108644
0.000182323225747929 -0.297725012104011
0.000184146458005408 -0.297765530844882
0.000185987922585462 -0.297806465662986
0.000187847801811317 -0.29784782093766
0.00018972627982943 -0.297889601096402
0.000191623542627725 -0.297931810615459
0.000193539778054002 -0.297974454020385
0.000195475175834542 -0.298017535886634
0.000197429927592887 -0.298061060840158
0.000199404226868816 -0.29810503355799
0.000201398269137504 -0.298149458768854
0.000203412251828879 -0.298194341253807
0.000205446374347168 -0.29823968584681
0.00020750083809064 -0.298285497435411
0.000209575846471546 -0.298331780961359
0.000211671604936262 -0.298378541421248
0.000213788320985624 -0.298425783867194
0.000215926204195481 -0.29847351340747
0.000218085466237435 -0.298521735207207
0.00022026632089981 -0.298570454489071
0.000222468984108808 -0.298619676533941
0.000224693673949896 -0.298669406681619
0.000226940610689395 -0.298719650331546
0.000229210016796289 -0.2987704129435
0.000231502116964252 -0.298821700038348
0.000233817138133894 -0.298873517198732
0.000236155309515233 -0.298925870069861
0.000238516862610385 -0.298978764360154
0.000240902031236489 -0.299032205841923
0.000243311051548854 -0.299086200351456
0.000245744162064343 -0.2991407537863
0.000248201603684986 -0.299195871916344
0.000250683619721836 -0.299251561486401
0.000253190455919054 -0.29930782780409
0.000255722360478245 -0.299364677353335
0.000258279584083027 -0.299422116368543
0.000260862379923858 -0.299480151162511
0.000263471003723096 -0.299538788120698
0.000266105713760327 -0.299598033701326
0.00026876677089793 -0.299657894435979
0.00027145443860691 -0.299718376930504
0.000274168982992979 -0.29977948786588
0.000276910672822909 -0.299841233999121
0.000279679779551138 -0.299903622164238
0.000282476577346649 -0.299966659273164
0.000285301343120116 -0.300030352316755
0.000288154356551317 -0.30009470836574
0.00029103590011683 -0.300159734571718
0.000293946259117998 -0.300225438168191
0.000296885721709178 -0.300291826471551
0.00029985457892627 -0.300358906882164
0.000302853124715533 -0.300426686885373
0.000305881655962688 -0.300495174052593
0.000308940472522315 -0.30056437604241
0.000312029877247538 -0.300634300601678
0.000315150176020014 -0.300704955566674
0.000318301677780214 -0.300776348864371
0.000321484694558016 -0.300848488513936
0.000324699541503596 -0.300921382629803
0.000327946536918632 -0.300995039443577
0.000331226002287818 -0.301069467012456
0.000334538262310697 -0.301144674185338
0.000337883644933803 -0.301220669153399
0.000341262481383142 -0.30129746056307
0.000344675106196973 -0.30137505711196
0.000348121857258943 -0.301453467595392
0.000351603075831532 -0.301532700910515
0.000355119106589847 -0.301612766058188
0.000358670297655746 -0.301693672144391
0.000362257000632303 -0.301775428381694
0.000365879570638626 -0.301858044090603
0.000369538366345013 -0.301941528700964
0.000373233750008463 -0.3020258917534
0.000376966087508547 -0.30211114290071
0.000380735748383633 -0.302197291909324
0.000384543105867469 -0.302284348660792
0.000388388536926144 -0.30237232315323
0.000392272422295405 -0.302461225502858
0.00039619514651836 -0.302551065945518
0.000400157097983543 -0.302641854838247
0.000404158668963379 -0.302733602660807
0.000408200255653012 -0.302826320017318
0.000412282258209542 -0.302920017637845
0.000416405080791638 -0.303014706380075
0.000420569131599554 -0.303110397230945
0.00042477482291555 -0.303207101308353
0.000429022571144705 -0.303304829862836
0.000433312796856152 -0.303403594279366
0.000437645924824714 -0.303503406079044
0.000442022384072961 -0.303604276920914
0.000446442607913691 -0.303706217637797
0.000450907033992828 -0.303809242101725
0.000455416104332756 -0.303913361430881
0.000459970265376083 -0.304018587854449
0.000464569968029844 -0.304124933748861
0.000469215667710143 -0.304232411639738
0.000473907824387244 -0.304341034203882
0.000478646902631117 -0.304450814271255
0.000483433371657428 -0.304561764827008
0.000488267705374002 -0.304673899013539
0.000493150382427742 -0.304787230132574
0.0004980818862520199 -0.304901771647288
0.00050306270511454 -0.305017537184448
0.000508093332165685 -0.305134540536584
0.000513174265487342 -0.305252795664191
0.000518306008142215 -0.305372316697979
0.0005234890682236369 -0.305493117941127
0.000528723958905874 -0.305615213871597
0.000534011198494933 -0.305738619144457
0.000539351310479882 -0.305863348594262
0.000544744823584681 -0.305989417237433
0.000550192271820528 -0.306116840274716
0.000555694194538733 -0.306245633093631
0.00056125113648412 -0.306375811271002
0.000566863647848961 -0.306507390575468
0.000572532284327451 -0.306640386970081
0.000578257607170726 -0.306774816614932
0.000584040183242433 -0.306910695869788
0.000589880585074857 -0.307048041296825
0.000595779390925606 -0.307186869663396
0.000601737184834862 -0.307327197944918
0.00060775455668321 -0.307469043328009
0.000613832102250043 -0.307612423214409
0.000619970423272543 -0.30775735522866
0.000626170127505268 -0.307903858243115
0.000632431828780321 -0.308051947063151
0.000638756147068124 -0.30820164409572
0.000645143708538805 -0.308352965147064
0.0006515951456241939 -0.308505928674349
0.000658111097080435 -0.308660555070323
0.00066469220805124 -0.308816865096998
0.000671339130131752 -0.308974874920171
0.00067805252143307 -0.309134605759997
0.0006848330466474 -0.309296077456103
0.000691681377113875 -0.309459310189435
0.000698598190885013 -0.309624324406631
0.000705584172793863 -0.309791140815064
0.000712640014521802 -0.309959780384235
0.00071976641466702 -0.310130264348863
0.00072696407881369 -0.310302614212161
0.000734233719601827 -0.310476851749415
0.000741576056797845 -0.310652999011645
0.000748991817365824 -0.310831078329301
0.000756481735539482 -0.311011112316057
0.000764046552894877 -0.311193123872657
0.000771687018423826 -0.311377136190818
0.000779403888608064 -0.311563172757144
0.000787197927494145 -0.311751257357176
0.000795069906769086 -0.31194141407943
0.000803020605836777 -0.31213366731954
0.000811050811895145 -0.312328041784408
0.000819161320014096 -0.312524562496434
0.000827352933214237 -0.312723254797834
0.00083562646254638 -0.312924144354963
0.000843982727171843 -0.313127257162739
0.0008524225544435619 -0.313332619549093
0.000860946779987997 -0.313540258179511
0.000869556247787878 -0.3137502000616
0.000878251810265756 -0.313962472549794
0.000887034328368414 -0.314177103349989
0.000895904671652098 -0.314394120524392
0.000904863718368619 -0.314613552496313
0.000913912355552305 -0.314835428055089
0.000923051479107828 -0.31505977636609
0.0009322819938989071 -0.315286626955666
0.000941604813837896 -0.315516009746286
0.000951020861976275 -0.3157479550417
0.000960531070596037 -0.315982493537074
0.000970136381301998 -0.316219656324124
0.000979837745115018 -0.316459474895887
0.0009896361225661681 -0.316701981149846
0.00099953248379183 -0.316947207378249
0.00100952780862975 -0.317195186519304
0.00101962308671605 -0.317445952558341
0.00102981931758321 -0.317699535892524
0.00104011751075904 -0.317955973800977
0.00105051868586663 -0.318215299705803
0.00106102387272529 -0.318477548517027
0.00107163411145255 -0.318742755609098
0.00108235045256707 -0.319010956801413
0.00109317395709274 -0.319282188397372
0.00110410569666367 -0.319556487168162
0.00111514675363031 -0.319833890364701
0.00112629822116661 -0.3201144357241
0.00113756120337828 -0.320398161476334
0.00114893681541206 -0.320685106350945
0.00116042618356618 -0.32097530958385
0.00117203044540184 -0.321268810924288
0.00118375074985586 -0.321565650641821
0.00119558825735442 -0.321865869533391
0.00120754413992796 -0.322169508930387
0.00121961958132724 -0.32247661070546
0.00123181577714052 -0.322787217278004
0.00124413393491192 -0.323101371611558
0.00125657527426104 -0.323419117070065
0.00126914102700365 -0.323740498888641
0.00128183243727369 -0.324065560027806
0.00129465076164642 -0.324394346753044
0.00130759726926289 -0.324726904831468
0.00132067324195552 -0.325063280741039
0.00133387997437507 -0.325403521584662
0.00134721877411882 -0.325747675090859
0.00136069096186001 -0.326095789620947
0.00137429787147861 -0.326447914177572
0.0013880408501934 -0.326804098413736
0.00140192125869533 -0.327164392641981
0.00141594047128228 -0.327528847843547
0.00143009987599511 -0.327897515676089
0.00144440087475506 -0.328270448452675
0.00145884488350261 -0.328647699446249
0.00147343333233764 -0.329029322070734
0.00148816766566101 -0.329415370997424
0.00150304934231762 -0.329805901414
0.0015180798357408 -0.330200969270588
0.00153326063409821 -0.330600631273154
0.00154859324043919 -0.331004944893551
0.00156407917284358 -0.331413968381181
0.00157971996457202 -0.331827760775188
0.00159551716421774 -0.332246381916974
0.00161147233585991 -0.332669892463108
0.00162758705921851 -0.333098353898576
0.0016438629298107 -0.333531828550406
0.00166030155910881 -0.333970379601669
0.00167690457469989 -0.334414071105883
0.00169367362044689 -0.334862968001832
0.00171061035665136 -0.335317136128856
0.00172771646021787 -0.335776642242558
0.00174499362482005 -0.336241554031051
0.00176244356106825 -0.336711940131678
0.00178006799667894 -0.337187870148308
0.00179786867664573 -0.337669414669168
0.00181584736341218 -0.338156645285319
0.0018340058370463 -0.33864963460976
0.00185234589541677 -0.339148456297287
0.00187086935437094 -0.339653185065256
0.00188957804791465 -0.34016389671603
0.00190847382839379 -0.340680668166071
0.00192755856667773 -0.341203578680115
0.00194683415234451 -0.341732703418286
0.00196630249386795 -0.342268127085251
0.00198596551880663 -0.342809929592095
0.0020058251739947 -0.343358193723868
0.00202588342573464 -0.343913004404918
0.00204614225999199 -0.344474445018212
0.00206660368259191 -0.345042603733772
0.00208726971941783 -0.345617568176774
0.00210814241661201 -0.346199427687021
0.00212922384077813 -0.346788273029225
0.00215051607918591 -0.34738419641552
0.00217202123997777 -0.347987291539628
0.00219374145237755 -0.348597653614092
0.00221567886690132 -0.349215379409542
0.00223783565557034 -0.349840567295644
0.00226021401212604 -0.350473317283943
0.0022828161522473 -0.351113731072452
0.00230564431376977 -0.35176191209212
0.00232870075690747 -0.352417965555065
0.00235198776447654 -0.353081998504184
0.00237550764212131 -0.353754119862291
0.00239926271854252 -0.354434440458741
0.00242325534572795 -0.355123073763553
0.00244748789918523 -0.355820133808918
0.00247196277817708 -0.356525738150874
0.00249668240595885 -0.357240005560605
0.00252164923001844 -0.357963057973477
0.00254686572231862 -0.358695019157317
0.00257233437954181 -0.359436015327967
0.00259805772333723 -0.360186175194331
0.0026240383005706 -0.360945630032134
0.00265027868357631 -0.361714513766951
0.00267678147041207 -0.362492963062302
0.00270354928511619 -0.363281117412016
0.00273058477796735 -0.364079119236801
0.00275789062574703 -0.364887113985009
0.0027854695320045 -0.365705250237837
0.00281332422732454 -0.366533679819284
0.00284145746959779 -0.367372557912728
0.00286987204429376 -0.368222043202452
0.0028985707647367 -0.369082301173483
0.00292755647238407 -0.369953488595846
0.00295683203710791 -0.370835783633735
0.00298640035747899 -0.371729359371156
0.00301626436105378 -0.372634391294391
0.00304642700466432 -0.373551062306137
0.00307689127471096 -0.374479558406202
0.00310766018745807 -0.375420073360167
0.00313873678933265 -0.376372802135885
0.00317012415722598 -0.377337945916852
0.00320182539879824 -0.378315711033775
0.00323384365278622 -0.379306309170308
0.00326618208931408 -0.38030995756162
0.00329884391020722 -0.381326879200587
0.00333183234930929 -0.382357303400015
0.00336515067280239 -0.383401464621879
0.00339880217953041 -0.384459606020687
0.00343279020132572 -0.385531953543983
0.00346711810333897 -0.386618822359433
0.00350178928437236 -0.387720416915992
0.00353680717721609 -0.388837026031701
0.00357217524898825 -0.389968927172211
0.00360789700147813 -0.39111640582148
0.00364397597149291 -0.392279755758943
0.00368041573120784 -0.393459279342839
0.00371721988851992 -0.39465528915382
0.00375439208740512 -0.39586810319041
0.00379193600827917 -0.397098050959508
0.00382985536836196 -0.398345476820248
0.00386815392204558 -0.399610727889431
0.00390683546126603 -0.400894169852807
0.0039459038158787 -0.402196164153123
0.00398536285403748 -0.403517104027088
0.00402521648257786 -0.404857379347012
0.00406546864740364 -0.406217400557258
0.00410612333387767 -0.40759758607875
0.00414718456721645 -0.408998370390595
0.00418865641288861 -0.410420199930562
0.0042305429770175 -0.411863533905005
0.00427284840678767 -0.413328848809215
0.00431557689085555 -0.414816636569309
0.00435873265976411 -0.416327405682165
0.00440231998636175 -0.417861669686237
0.00444634318622536 -0.41941996719793
0.00449080661808762 -0.421002867018934
0.00453571468426849 -0.422610923590738
0.00458107183111118 -0.424244755393833
0.00462688254942229 -0.425904939078998
0.00467315137491651 -0.427592133020797
0.00471988288866568 -0.429306973616923
0.00476708171755234 -0.431050096198535
0.00481475253472786 -0.432822296193021
0.00486290006007514 -0.434624195010897
0.00491152906067589 -0.436456562490828
0.00496064435128265 -0.438320156252016
0.00501025079479548 -0.440215745411439
0.00506035330274343 -0.442144169922588
0.00511095683577087 -0.444106247607903
0.00516206640412858 -0.446102846788071
0.00521368706816986 -0.448134856367711
0.00526582393885156 -0.450203208201059
0.00531848217824008 -0.452308829143543
0.00537166700002248 -0.454452711268781
0.0054253836700227 -0.456635858872211
0.00547963750672293 -0.458859316128741
0.00553443388179016 -0.461124158214572
0.00558977822060806 -0.463431584721316
0.00564567600281414 -0.465782555640003
0.00570213276284228 -0.468178347308079
0.0057591540904707 -0.470620161971645
0.00581674563137541 -0.473109297240064
0.00587491308768917 -0.475646925661468
0.00593366221856606 -0.478234681313032
0.00599299884075172 -0.480873641362357
0.00605292882915924 -0.483565329082121
0.00611345811745083 -0.486311232059327
0.00617459269862534 -0.489112843953565
0.00623633862561159 -0.49197174514318
0.00629870201186771 -0.494889523230153
0.00636168903198638 -0.497867903302541
0.00642530592230625 -0.500908554861275
0.00648955898152931 -0.504013276471872
0.0065544545713446 -0.507183877726337
0.00661999911705805 -0.510422249311852
0.00668619910822863 -0.513730367426112
0.00675306109931092 -0.517110199541204
0.00682059171030403 -0.52056345504109
0.00688879762740707 -0.52409351918528
0.00695768560368114 -0.52770136567684
0.00702726245971795 -0.531389694522077
0.00709753508431513 -0.535160856260269
0.00716851043515828 -0.539017303745858
0.00724019553950986 -0.54296145195868
0.00731259749490496 -0.546995926832807
0.00738572346985401 -0.551124011117081
0.00745958070455255 -0.555347630829068
0.00753417651159808 -0.559670110921345
0.00760951827671406 -0.564094349235684
0.0076856134594812 -0.568623419786191
0.00776246959407601 -0.57326053410365
0.00784009429001677 -0.578008850698172
0.00791849523291694 -0.582872035349767
0.00799768018524611 -0.587853466425436
0.00807765698709857 -0.592956828971613
0.00815843355696956 -0.598185881629759
0.00824001789253925 -0.603544727700303
0.00832241807146464 -0.609037138647511
0.008405642252179289 -0.61466747756538
0.00848969867470108 -0.620440106200479
0.0085745956614481 -0.62635963176908
0.008660341618062581 -0.632430595051235
0.008746945034243199 -0.638657931810242
0.008834414484585631 -0.645046787087049
0.008922758629431491 -0.651602372137466
0.0090119862157258 -0.658330147981074
0.00910210607788306 -0.665235822652094
0.00919312713866189 -0.672325227626894
0.00928505841004851 -0.679604516484106
0.009377908994149 -0.687080079625239
0.00947168808409049 -0.694758539516751
0.009566404964931391 -0.70264681677405
0.00966206901458071 -0.710752050859976
0.009758689704726511 -0.719081735405624
0.009856276601773781 -0.727643668047623
0.00995483936779152 -0.736445960381962
0.0100543877614694 -0.745497012659597
0.0101549316390841 -0.754805508723998
0.010256480955475 -0.764380952558508
0.0103590457650297 -0.774232738339208
0.01046263622268 -0.78437083056289
0.0105672625849068 -0.794805659276204
0.0106729352107559 -0.805548053216501
0.0107796645628634 -0.816609362014558
0.0108874612084921 -0.828001362453707
0.010996335820577 -0.839736381308803
0.0111062991787828 -0.851827481100945
0.0112173621705706 -0.864287696123526
0.0113295357922763 -0.877131203922814
0.0114428311501991 -0.890372604813855
0.0115572594617011 -0.904027117423536
0.0116728320563181 -0.918110633189256
0.0117895603768812 -0.932639677427846
0.0119074559806501 -0.947631561634664
0.0120265305404566 -0.963104185356582
0.0121467958458611 -0.979076281390061
0.0122682638043197 -0.995567352884579
0.0123909464423629 -1.012597569426
0.0125148559067866 -1.03018803972619
0.0126400044658544 -1.04836050458301
0.012766404510513 -1.06713764567272
0.0128940685556181 -1.08654302540221
0.0130230092411743 -1.10660076357169
0.013153239333586 -1.1273359115229
0.0132847717269219 -1.14877435180976
0.0134176194441911 -1.17094232891137
0.013551795638633 -1.19386728498933
0.0136873135950193 -1.21757714626108
0.0138241867309695 -1.24209987644835
0.0139624285982792 -1.26746447130356
0.014102052884262 -1.29369999295833
0.0142430734131046 -1.32083551605281
0.0143855041472357 -1.34890029605946
0.014529359188708 -1.37792306578765
0.0146746527805951 -1.40793242686557
0.0148213993084011 -1.43895529443857
0.0149696133014851 -1.47101801186695
0.0151193094344999 -1.50414499643377
0.0152705025288449 -1.53835837822167
0.0154232075541334 -1.57367750558558
0.0155774396296747 -1.61011814813812
0.0157332140259715 -1.64769188458292
0.0158905461662312 -1.68640482094998
0.0160494516278935 -1.72625710011497
0.0162099461441724 -1.76724149540986
0.0163720456056142 -1.80934208809197
0.0165357660616703 -1.85253309280294
0.016701123722287 -1.89677727916733
0.0168681349595099 -1.94202408776652
0.017036816309105 -1.98820835249523
0.017207184472196 -2.03524809159804
0.017379256316918 -2.08304279113243
0.0175530488800872 -2.13147122457652
0.017728579368888 -2.18039078313684
0.0179058651625769 -2.22963275320397
0.0180849238142027 -2.27900413764246
0.0182657730523447 -2.32828420481043
0.0184484307828682 -2.37722422861732
0.0186329150906968 -2.42554656085216
0.0188192442416038 -2.4729455494103
0.0190074366840199 -2.51908770274504
0.0191975110508601 -2.56361444409974
0.0193894861613687 -2.60614489629761
0.0195833810229823 -2.64627860666445
0.0197792148332122 -2.68360413126435
0.0199770069815443 -2.71770268845661
0.0201767770513597 -2.74815740290279
0.0203785448218733 -2.77456150360257
0.0205823302700921 -2.79652887793687
0.020788153572793 -2.81370322661542
0.0209960351085209 -2.82576893055192
0.0212059954596061 -2.83246055181475
0.0214180554142022 -2.83357237863276
0.0216322359683442 -2.82896341295383
0.0218485583280276 -2.81856861080947
0.0220670439113079 -2.80239654609013
0.022287714350421 -2.78053384161503
0.0225105914939252 -2.75314282264153
0.0227356974088645 -2.72045783183794
0.0229630543829531 -2.6827785587883
0.0231926849267826 -2.64046217337153
0.0234246117760505 -2.59391328279827
0.023658857893811 -2.54357347151866
0.0238954464727491 -2.48990906230938
0.0241344009374766 -2.43340137295316
0.0243757449468513 -2.37453480696571
0.0246195023963198 -2.31378824892386
0.024865697420283 -2.25162247355615
0.0251143543944859 -2.18848069016638
0.0253654979384307 -2.12477514625914
0.025619152917815 -2.0608859641519
0.0258753444469932 -1.99715911362264
0.0261340978914631 -1.93390337040855
0.0263954388703778 -1.87139057639031
0.0266593932590815 -1.80985597717453
0.0269259871916724 -1.74949947937265
0.0271952470635891 -1.69048765997052
0.027467199534225 -1.63295636379327
0.0277418715295672 -1.57701216515169
0.0280192902448629 -1.52273641487127
0.0282994831473115 -1.47018726589475
0.0285824779787846 -1.41940249960095
0.0288683027585725 -1.37040202137506
0.0291569857861582 -1.32319060951513
0.0294485556440198 -1.27775988568522
0.02974304120046 -1.23409075785199
0.0300404716124646 -1.19215488753199
0.0303408763285892 -1.15191661166578
0.0306442850918751 -1.11333449821727
0.0309507279427939 -1.07636269787567
0.0312602352222218 -1.04095126167605
0.031572837574444 -1.00704876101405
0.0318885659501885 -0.974601830771273
0.0322074516096904 -0.943555097082616
0.0325295261257873 -0.91385534306354
0.0328548213870451 -0.885446322155036
0.0331833696009156 -0.858275623494488
0.0335152032969248 -0.832289059497108
0.033850355329894 -0.807435377661184
0.0341888588831929 -0.783663957046744
0.0345307474720249 -0.760925255406341
0.0348760549467451 -0.739172477870668
0.0352248154962126 -0.718359325742504
0.0355770636511747 -0.698442672146558
0.0359328342876865 -0.679378719889632
0.0362921626305633 -0.661127607902302
0.036655084256869 -0.643651512937321
0.0370216350994376 -0.626912820846224
0.037391851450432 -0.610875749294622
0.0377657699649363 -0.595506867258922
0.0381434276645857 -0.580774205211322
0.0385248619412316 -0.566647183557975
0.0389101105606439 -0.553096556701081
0.0392992116662503 -0.540094560769935
0.0396922037829128 -0.527615199709079
0.0400891258207419 -0.515633286751763
0.0404900170789494 -0.504125188402461
0.0408949172497389 -0.493068518850531
0.0413038664222363 -0.482441245686497
0.0417169050864586 -0.472223347242668
0.0421340741373232 -0.462395942268395
0.0425554148786964 -0.452940813546838
0.0429809690274834 -0.443838853951562
0.0434107787177582 -0.435074943140518
0.0438448865049358 -0.426633136367742
0.0442833353699852 -0.418498369676264
0.044726168723685 -0.410656421501849
0.0451734304109219 -0.403093684923705
0.0456251647150311 -0.395797437918647
0.0460814163621814 -0.388755334223327
0.0465422305258032 -0.381955869495989
0.0470076528310613 -0.375387645113232
0.0474777293593719 -0.369040484119502
0.0479525066529656 -0.362904240814578
0.0484320317194952 -0.356969246079524
0.0489163520366902 -0.351226450342574
0.0494055155570571 -0.345667292208247
0.0498995707126277 -0.340283275423274
0.0503985664197539 -0.335066840704582
0.0509025520839515 -0.330009989477713
0.051411577604791 -0.32510601982974
0.0519256933808389 -0.320347889000205
0.0524449503146473 -0.315729079794987
0.0529693998177938 -0.311243406411696
0.0534990938159717 -0.30688493295244
0.0540340847541314 -0.302647968041013
0.0545744256016727 -0.298527122786122
0.0551201698576895 -0.294517312030355
0.0556713715562664 -0.29061342551871
0.056228085271829 -0.286810977788017
0.0567903661245473 -0.283105405507774
0.0573582697857928 -0.279492434441151
0.0579318524836507 -0.275967997599733
0.0585111710084872 -0.272528193376912
0.0590962827185721 -0.269169335492872
0.0596872455457578 -0.26588788575294
0.0602841180012154 -0.262680460625678
0.0608869591812276 -0.259543869732559
0.0614958287730398 -0.256475041258844
0.0621107870607702 -0.253471171753804
0.0627318949313779 -0.25052929740666
0.0633592138806917 -0.247646897531889
0.0639928060194986 -0.244821449430424
0.0646327340796936 -0.24205056749685
0.0652790614204906 -0.23933198945066
0.0659318520346955 -0.236663577496195
0.06659117055504241 -0.234043314139912
0.06725708226059279 -0.231469259812553
0.0679296530831988 -0.228939517798107
0.0686089496140308 -0.226452546565712
0.0692950391101711 -0.224006566687123
0.0699879895012728 -0.221600061278075
0.0706878693962855 -0.219231621003829
0.0713947480902484 -0.216899854100713
0.0721086955711509 -0.214603492002357
0.0728297825268624 -0.212341317599902
0.073558080352131 -0.210112203989066
0.07429366115565229 -0.207915181516252
0.07503659776720881 -0.205749096261374
0.07578696374488091 -0.203613239290033
0.0765448333823297 -0.201506607999727
0.07731028171615301 -0.199428472707984
0.07808338453331461 -0.197378072984723
0.0788642183786477 -0.195354781002808
0.0796528605624342 -0.193357895973767
0.08044938916805849 -0.191386984424197
0.0812538830597391 -0.189441410877143
0.0820664218903365 -0.187520722315587
0.08288708610923989 -0.185624512420721
0.08371595697033229 -0.183752385968777
0.0845531165400356 -0.181903979632347
0.085398647705436 -0.180078949542905
0.0862526341824903 -0.178277116972011
0.0871151605243152 -0.176498152849678
0.0879863121295584 -0.174741809829959
0.0888661752508539 -0.173007936271138
0.08975483700336249 -0.17129634439727
0.09065238537339609 -0.169606880303016
0.0915589092271301 -0.16793939115666
0.0924744983194014 -0.166293792959866
0.0933992433025954 -0.164670016835675
0.0943332357356213 -0.163067841328061
0.0952765680929776 -0.161487358535542
0.0962293337739073 -0.159928330606707
0.0971916271116464 -0.158390812798006
0.0981635433827629 -0.156874650568638
0.0991451788165905 -0.155379867626081
0.100136630604756 -0.153906333537767
0.101137996910804 -0.152454024870685
0.102149376879912 -0.151022850451564
0.103170870648711 -0.149612779070571
0.104202579355198 -0.148223689842635
0.10524460514875 -0.146855542516943
0.106297051200238 -0.145508209668668
0.10736002171224 -0.144181630210049
0.108433621929363 -0.142875721904046
0.109517958148656 -0.141590292153624
0.110613137730143 -0.140325236563653
0.111719269107444 -0.139080448609557
0.112836461798519 -0.137855747574563
0.113964826416504 -0.136650968528863
0.115104474680669 -0.135465932631277
0.116255519427476 -0.134300442528127
0.11741807462175 -0.133154310576514
0.118592255367968 -0.132027313616416
0.119778177921647 -0.130919236315799
0.120975959700864 -0.12982981102704
0.122185719297873 -0.12875875611137
0.123407576490851 -0.127705873289176
0.12464165225576 -0.126670870904771
0.125888068778317 -0.125653432271074
0.127146949466101 -0.124653281175451
0.128418418960762 -0.123670112124126
0.129702603150369 -0.122703610707256
0.130999629181873 -0.121753453970716
0.132309625473692 -0.120819330464137
0.133632721728429 -0.119900882741071
0.134969048945713 -0.1189977856768
0.13631873943517 -0.11810968776703
0.137681926829522 -0.117236260568967
0.139058746097817 -0.116377144390101
0.140449333558795 -0.115532001598478
0.141853826894383 -0.114700478843694
0.143272365163327 -0.113882222633236
0.14470508881496 -0.113076892809638
0.14615213970311 -0.112284141778506
0.147613661100141 -0.111503640955452
0.149089797711142 -0.110735033945716
0.150580695688254 -0.109977991364116
0.152086502645136 -0.10923217924432
0.153607367671588 -0.108497301653205
0.155143441348303 -0.10777300344104
0.156694875761787 -0.107059001323535
0.158261824519404 -0.106354980752108
0.159844442764598 -0.105660635862902
0.161442887192244 -0.10497570028349
0.163057316064167 -0.104299873350643
0.164687889224809 -0.103632888230165
0.166334768117057 -0.102974488907808
0.167998115798227 -0.102324402106875
0.169678096956209 -0.101682398334629
0.171374877925772 -0.101048232380755
0.173088626705029 -0.100421679350769
0.17481951297208 -0.0998025110965981
0.1765677081018 -0.0991905178894876
0.178333385182818 -0.0985854936666101
0.180116719034647 -0.0979872399303533
0.181917886224993 -0.0973955727909291
0.183737065087243 -0.0968103059103553
0.185574435738115 -0.0962312547146544
0.187430180095497 -0.095658255248509
0.189304481896452 -0.0950911232897541
0.191197526715416 -0.0945296881702455
0.19310950198257 -0.0939737538765263
0.195040597002396 -0.0934230670020302
0.19699100297242 -0.0928775660922074
0.198960913002144 -0.092333692946763
0.200950522132166 -0.0917861076566714
0.202960027353487 -0.0912636718117938
0.204989627627022 -0.0907412133794654
0.207039523903292 -0.0902234475337037
0.209109919142325 -0.0897100147987515
0.211201018333748 -0.0892009537689559
0.213313028517086 -0.0886962173443396
0.215446158802257 -0.0881957489573845
0.217600620390279 -0.0876994711608711
0.219776626594182 -0.0872073043073184
0.221974392860124 -0.0867191652657258
0.224194136788725 -0.0862349687451194
0.226436078156613 -0.0857546294277826
0.228700438938179 -0.0852780614253882
0.23098744332756 -0.0848051766252851
0.233297317760836 -0.0843358903625599
0.235630290938444 -0.0838701132097937
0.237986593847829 -0.0834077597077207
0.240366459786307 -0.0829487462790313
0.24277012438417 -0.0824929776223458
0.245197825628012 -0.0820403673560421
0.247649803884292 -0.0815908332102442
0.250126301923135 -0.0811442891917718
0.252627564942366 -0.0807006408874191
0.25515384059179 -0.0802598024198697
0.257705378997708 -0.0798216955952762
0.260282432787685 -0.0793862214022208
0.262885257115562 -0.0789533145764322
0.265514109686717 -0.0785228726955483
0.268169250783585 -0.0780948146485839
0.27085094329142 -0.0776690659206616
0.273559452724335 -0.0772455389418109
0.276295047251578 -0.0768241565879241
0.279057997724094 -0.0764048398927835
0.281848577701335 -0.0759875144657525
0.284667063478348 -0.0755721067286093
0.287513734113132 -0.0751585422722006
0.290388871454263 -0.0747467539156428
0.293292760168805 -0.0743366705354326
0.296225687770494 -0.0739282375433123
0.299187944648198 -0.0735213915214003
0.30217982409468 -0.073116069952781
0.305201622335627 -0.0727122207296775
0.308253638558984 -0.0723098023115737
0.311336174944573 -0.0719087559628437
0.314449536694019 -0.0715090427232584
0.317594032060959 -0.0711106246258685
0.320769972381569 -0.0707134601726209
0.323977672105385 -0.0703175181094622
0.327217448826438 -0.0699227742893937
0.330489623314703 -0.0695292091143981
0.33379451954785 -0.0691367875500155
0.337132464743328 -0.0687455025176301
0.340503789390762 -0.0683553354966378
0.343908827284669 -0.0679662780970601
0.347347915557516 -0.0675783207871647
0.350821394713091 -0.0671914586983095
0.354329608660222 -0.0668056915381947
0.357872904746824 -0.0664210109249892
0.361451633794292 -0.0660374246849264
0.365066150132235 -0.0656549309116629
0.368716811633558 -0.0652735412429957
0.372403979749893 -0.0648932483280607
0.376128019547392 -0.0645140703170364
0.379889299742866 -0.064135997420703
0.383688192740295 -0.063759041368544
0.387525074667698 -0.0633832030477972
0.391400325414375 -0.0630084784971388
0.395314328668518 -0.062634877044467
0.399267471955204 -0.0622623827117169
0.403260146674756 -0.0618909993907139
0.407292748141503 -0.0615207188141738
0.411365675622918 -0.0611515267362614
0.415479332379147 -0.0607834080332768
0.419634125702939 -0.0604163443085834
0.423830466959968 -0.0600503145380591
0.428068771629568 -0.0596852899750222
0.432349459345864 -0.0593212419525606
0.436672953939322 -0.0589581357027993
0.441039683478716 -0.058595933565449
0.445450080313503 -0.0582345962706171
0.449904581116638 -0.0578740774004586
0.454403626927804 -0.0575143287822369
0.458947663197082 -0.0571552966543072
0.463537139829053 -0.056796933070655
0.468172511227344 -0.0564391771429927
0.472854236339617 -0.056081971308899
0.477582778703013 -0.0557252548255475
0.482358606490043 -0.0553689679030037
0.487182192554944 -0.0550130469602858
0.492054014480493 -0.0546574257148928
0.496974554625298 -0.0543020402509636
0.501944300171551 -0.0539468319086963
0.506963743173267 -0.0535917364547261
0.512033380604999 -0.0532366918119117
0.517153714411049 -0.0528816358614013
0.52232525155516 -0.0525265103532495
0.527548504070711 -0.0521712546234945
0.532823989111418 -0.0518158143996003
0.538152229002533 -0.0514601323361126
0.543533751292558 -0.0511041597866826
0.548969088805484 -0.0507478422343133
0.554458779693538 -0.0503911312551699
0.560003367490474 -0.0500339797650766
0.565603401165378 -0.0496763417020852
0.571259435177032 -0.0493181747213038
0.576972029528803 -0.0489594355000961
0.582741749824091 -0.0486000822717417
0.588569167322331 -0.0482400775278756
0.5944548589955549 -0.0478793792254302
0.60039940758551 -0.0475179472473814
0.606403401661365 -0.047155738938157
0.612467435677979 -0.046792726418116
0.618592110034759 -0.0464288630480497
0.624778031135106 -0.0460641123092911
0.631025811446457 -0.0456984298050951
0.637336069560922 -0.045331757003163
0.643709430256531 -0.0449640880841546
0.650146524559097 -0.0445953627732961
0.656647989804688 -0.044225509436676
0.663214469702734 -0.0438544975388998
0.669846614399762 -0.0434822637522102
0.6765450805437589 -0.0431087567032363
0.6833105313491969 -0.0427339132049708
0.690143636662689 -0.0423576714184805
0.697045073029316 -0.0419799607865692
0.704015523759609 -0.0416007073919915
0.711055678997205 -0.0412198414440047
0.718166235787177 -0.0408372810385432
0.725347898145049 -0.0404529402490376
0.732601377126499 -0.0400667351821595
0.739927390897764 -0.0396785760060322
0.747326664806742 -0.0392883625655333
0.7547999314548089 -0.0388960086160407
0.762347930769357 -0.0385014033813062
0.7699714100770511 -0.0381044550891725
0.777671124177822 -0.0377050537860244
0.7854478354195999 -0.0373030983717514
0.793302313773796 -0.0368984800947457
0.801235336911534 -0.0364910984266365
0.809247690280649 -0.0360808491653214
0.817340167183456 -0.0356676304085285
0.82551356885529 -0.0352513437525108
0.833768704543843 -0.0348318968540238
0.842106391589282 -0.0344091790040921
0.8505274555051739 -0.0339831607921705
0.8547800927827 -0.0337683236976497
0.859032730060226 -0.0335537081774891
0.863327893710527 -0.0333371429311396
0.867623057360828 -0.0331207750940982
0.871961172647633 -0.0329024463965785
0.874130230291035 -0.0327933500097022
0.876299287934437 -0.0326843071371669
0.878490036154273 -0.0325742230845653
0.880680784374109 -0.0324641815140175
0.882871532593945 -0.0323541936583782
0.885062280813781 -0.0322442508850285
0.887274936515815 -0.0321332570405057
0.88948759221785 -0.0320223085427125
0.891700247919885 -0.031911414007742
0.893912903621919 -0.031800563144712
0.898382468140029 -0.0315768011284049
0.902852032658138 -0.0313532254537743
0.907366292821429 -0.0311276247435303
0.91188055298472 -0.030902227608017
0.916439955749644 -0.0306747905301478
0.920999358514567 -0.0304475668861759
0.92560435530714 -0.0302183059428008
0.930209352099712 -0.0299892633664208
0.93951144562071 -0.029527373404501
0.948906560076917 -0.0290618917161242
0.958395625677686 -0.0285929456926386
0.967979581934463 -0.0281205991876101
0.977659377753807 -0.0276449593451828
0.987435971531345 -0.0271661557898686
0.997310331246659 -0.026684332920494
1.00728343455913 -0.0261996586611937
1.01735626890472 -0.0257123108765547
1.02752983159376 -0.0252225019755374
1.0378051299097 -0.0247304467946862
1.0481831812088 -0.0242363929153729
1.05866501302089 -0.0237406243643746
1.0692516631511 -0.0232434011129378
1.07994417978261 -0.0227450109309312
1.09074362158043 -0.0222457488805098
1.10165105779624 -0.0217459957865297
1.1126675683742 -0.0212460677533951
1.12379424405794 -0.0207463198734061
1.13503218649852 -0.0202471248731039
1.14638250836351 -0.0197488576585853
1.15784633344714 -0.019251903015785
1.16942479678161 -0.0187566602233713
1.18111904474943 -0.01826352149051
1.19293023519692 -0.0177728993523659
1.20485953754889 -0.0172851892699746
1.21690813292438 -0.0168007980429615
1.22299267358901 -0.016559379561905
1.22907721425363 -0.0163201330614851
1.23522260032489 -0.0160807327118579
1.24136798639616 -0.0158435946281218
1.24447140636215 -0.0157247097828928
1.24757482632814 -0.0156064091124527
1.25067824629413 -0.0154886981148175
1.25378166626012 -0.0153715774262693
1.25534889334295 -0.0153126581836702
1.25691612042577 -0.0152538862344615
1.26005057459142 -0.0151368036009513
1.26318502875707 -0.015020331843705
1.26631948292272 -0.0149044704405532
1.26948528163003 -0.0147880724557391
1.27265108033733 -0.0146723029654322
1.27581687904464 -0.0145571625032118
1.27898267775195 -0.0144426532071848
1.28218013444633 -0.0143276408045266
1.28537759114071 -0.0142132784187511
1.29177250452947 -0.0139864947844817
1.29823136705212 -0.0137600960738707
1.30469022957477 -0.0135363621452645
1.31121368072264 -0.0133131072560337
1.31773713187051 -0.0130925917774037
1.32432581752987 -0.0128726535435344
1.33091450318922 -0.012655516355559
1.33756907570517 -0.0124390552856034
1.34422364822111 -0.0122254526423872
1.35094476646222 -0.0120126186465942
1.35766588470332 -0.0118026993053635
1.36445421412684 -0.0115936287050888
1.37124254355036 -0.0113875331566294
1.38495496898586 -0.0109801971044059
1.39880451867572 -0.0105809799904615
1.41279256386247 -0.01019005275638
1.4269204895011 -0.00980762999132153
1.44118969439611 -0.00943388758694577
1.45560159134007 -0.00906897827544897
1.47015760725347 -0.00871303279875701
1.48485918332601 -0.00836616181262706
1.49970777515927 -0.00802844796846021
1.51470485291086 -0.00769995566994528
1.52985190143997 -0.00738072824142588
1.54515042045437 -0.00707078617308944
1.56060192465891 -0.0067701289912367
1.5762079439055 -0.00647873658360519
1.59197002334456 -0.00619657137812717
1.607889723578 -0.00592357329375362
1.62396862081378 -0.00565966753499751
1.64020830702192 -0.00540476208380742
1.65661039009214 -0.00515874925385957
1.67317649399306 -0.00492150419365387
1.68990825893299 -0.00469289932895124
1.70680734152232 -0.00447277886937599
1.72387541493754 -0.00426098639229854
1.74111416908692 -0.00405735304262872
1.75852531077779 -0.00386170096540105
1.77611056388557 -0.00367384455517848
1.79387166952442 -0.00349359167865932
1.81181038621967 -0.00332074379025009
1.82992849008186 -0.00315510081877266
1.84822777498268 -0.00299645471005529
1.86671005273251 -0.00284459778999657
1.88537715325983 -0.00269932009873916
1.90423092479243 -0.00256041066473386
1.92327323404036 -0.0024276587518301
1.94250596638076 -0.00230085424948056
1.96193102604457 -0.0021797884195936
1.98155033630501 -0.00206425495266371
2.00136583966806 -0.00195404969638384
2.02137949806474 -0.00184897205688999
2.04159329304539 -0.00174882491595465
2.06200922597584 -0.00165341532668093
2.0826293182356 -0.00156255426048565
2.10345561141796 -0.00147605864000403
2.12449016753214 -0.0013937485753085
2.14573506920746 -0.00131545048649672
2.16719241989954 -0.00124099568742746
2.18886434409853 -0.00117022092976836
2.21075298753952 -0.00110296833708788
2.23286051741491 -0.00103908553757464
2.25518912258906 -0.000978425591444362
2.27774101381495 -0.000920846959173082
2.3005184239531 -0.00086621345079958
2.32352360819263 -0.000814394139194427
2.34675884427456 -0.000765263172164483
2.3702264327173 -0.000718699791494752
2.39392869704448 -0.000674588057234269
2.41786798401492 -0.000632816759987862
2.44204666385507 -0.00059327923434222
2.46646713049362 -0.000555873225458066
2.49113180179856 -0.000520500681436582
2.51604311981654 -0.000487067615693048
2.54120355101471 -0.000455483898470423
2.56661558652486 -0.000425663130835217
2.5922817423901 -0.000397522500551204
2.618204559814 -0.000370982523552222
2.64438660541214 -0.000345967005687974
2.67083047146627 -0.000322402845084102
2.69753877618093 -0.000300219906631404
2.72451416394274 -0.000279350879757831
2.75175930558217 -0.000259731173762607
2.77927689863799 -0.000241298792596047
2.80706966762437 -0.000223994227618077
2.83514036430061 -0.000207760365470102
2.86349176794362 -0.000192542391783228
2.89212668562305 -0.000178287702735901
2.92104795247928 -0.000164945827206426
2.95025843200408 -0.000152468352537908
2.97976101632412 -0.000140808855226052
3.00955862648736 -0.000129922833490326
3.03965421275223 -0.000119767650445599
3.07005075487975 -0.000110302475061871
3.10075126242855 -0.000101488226398587
3.13175877505284 -9.32875238959087e-05
3.16307636280337 -8.56646366639989e-05
3.1947071264314 -7.85854360354505e-05
3.22665419769571 -7.20173494558543e-05
3.25892073967267 -6.59293163662664e-05
3.2915099470694 -6.02917417176664e-05
3.32442504654009 -5.50764521580188e-05
3.35766929700549 -5.02566567235247e-05
3.39124598997555 -4.58068997454109e-05
3.4251584498753 -4.17030210930336e-05
3.45941003437406 -3.7922112584202e-05
3.4940041347178 -3.44424765325973e-05
3.52894417606497 -3.12435835619853e-05
3.56423361782562 -2.83060306363823e-05
3.59987595400388 -2.56114995099498e-05
3.63587471354392 -2.31427154205104e-05
3.67223346067936 -2.088340579324e-05
3.70895579528615 -1.88182595089489e-05
3.74604535323901 -1.693288631465e-05
3.7835058067714 -1.52137771950789e-05
3.82134086483912 -1.36482647889593e-05
3.85955427348751 -1.22244846494549e-05
3.89814981622238 -1.09313374138307e-05
3.93713131438461 -9.75845133711904e-06
3.97650262752845 -8.69614604558556e-06
4.01626765380374 -7.73539696152969e-06
4.05643033034178 -6.86780087823771e-06
4.09699463364519 -6.08554235355995e-06
4.13796457998165 -5.38136130011868e-06
4.17934422578146 -4.74852157716682e-06
4.22113766803928 -4.18078073686623e-06
4.26334904471967 -3.67236087510716e-06
4.30598253516687 -3.21792064037613e-06
4.34904236051854 -2.81252838637822e-06
4.39253278412372 -2.45163647332276e-06
4.43645811196496 -2.13105671890229e-06
4.48082269308461 -1.8469369828134e-06
4.52563092001545 -1.5957388689991e-06
4.57088722921561 -1.37421653832474e-06
4.61659610150777 -1.17939659349992e-06
4.66276206252284 -1.00855902430881e-06
4.70938968314807 -1e-06
4.75648357997955 -1e-06
4.80404841577935 -1e-06
4.85208889993714 -1e-06
4.90060978893651 -1e-06
4.94961588682588 -1e-06
4.99911204569414 -1e-06
5.04910316615108 -1e-06
5.09959419781259 -1e-06
5.15059013979072 -1e-06
5.20209604118862 -1e-06
5.25411700160051 -1e-06
5.30665817161651 -1e-06
5.35972475333268 -1e-06
5.41332200086601 -1e-06
5.46745522087467 -1e-06
5.52212977308341 -1e-06
5.57735107081425 -1e-06
5.63312458152239 -1e-06
5.68945582733762 -1e-06
5.74635038561099 -1e-06
5.8038138894671 -1e-06
5.86185202836177 -1e-06
5.92047054864539 -1e-06
5.97967525413184 -1e-06
6.03947200667316 -1e-06
6.0998667267399 -1e-06
6.16086539400729 -1e-06
6.22247404794737 -1e-06
6.28469878842684 -1e-06
6.34754577631111 -1e-06
6.41102123407422 -1e-06
6.47513144641496 -1e-06
6.53988276087911 -1e-06
6.60528158848791 -1e-06
6.67133440437278 -1e-06
6.73804774841651 -1e-06
6.80542822590068 -1e-06
6.87348250815968 -1e-06
6.94221733324128 -1e-06
7.01163950657369 -1e-06
7.08175590163943 -1e-06
7.15257346065582 -1e-06
7.22409919526238 -1e-06
7.29634018721501 -1e-06
7.36930358908716 -1e-06
7.44299662497803 -1e-06
7.51742659122781 -1e-06
7.59260085714009 -1e-06
7.66852686571149 -1e-06
7.7452121343686 -1e-06
7.82266425571229 -1e-06
7.90089089826941 -1e-06
7.97989980725211 -1e-06
8.059698805324629 -1e-06
8.14029579337787 -1e-06
8.221698751311649 -1e-06
8.30391573882477 -1e-06
8.38695489621302 -1e-06
8.47082444517515 -1e-06
8.555532689626901 -1e-06
8.64108801652317 -1e-06
8.727498896688401 -1e-06
8.81477388565529 -1e-06
8.902921624511841 -1e-06
8.99195084075696 -1e-06
9.081870349164531 -1e-06
9.172689052656169 -1e-06
9.26441594318274 -1e-06
9.357060102614559 -1e-06
9.45063070364071 -1e-06
9.54513701067712 -1e-06
9.640588380783891 -1e-06
9.736994264591729 -1e-06
9.834364207237639 -1e-06
9.93270784931002 -1e-06
10.0320349278031 -1e-06
10.1323552770812 -1e-06
10.233678829852 -1e-06
10.3360156181505 -1e-06
10.439375774332 -1e-06
10.5437695320753 -1e-06
10.6492072273961 -1e-06
10.75569929967 -1e-06
10.8632562926667 -1e-06
10.9718888555934 -1e-06
11.0816077441493 -1e-06
11.1924238215908 -1e-06
11.3043480598067 -1e-06
11.4173915404048 -1e-06
11.5315654558088 -1e-06
11.6468811103669 -1e-06
11.7633499214706 -1e-06
11.8809834206853 -1e-06
11.9997932548922 -1e-06
12.1197911874411 -1e-06
12.2409890993155 -1e-06
12.3633989903086 -1e-06
12.4870329802117 -1e-06
12.6119033100138 -1e-06
12.738022343114 -1e-06
12.8654025665451 -1e-06
12.9940565922106 -1e-06
13.1239971581327 -1e-06
13.255237129714 -1e-06
13.3877895010112 -1e-06
13.5216673960213 -1e-06
13.6568840699815 -1e-06
13.7934529106813 -1e-06
13.9313874397881 -1e-06
14.070701314186 -1e-06
14.2114083273278 -1e-06
14.3535224106011 -1e-06
14.4970576347071 -1e-06
14.6420282110542 -1e-06
14.7884484931648 -1e-06
14.9363329780964 -1e-06
15.0856963078774 -1e-06
15.2365532709561 -1e-06
15.3889188036657 -1e-06
15.5428079917024 -1e-06
15.6982360716194 -1e-06
15.8552184323356 -1e-06
16.0137706166589 -1e-06
16.1739083228255 -1e-06
16.3356474060538 -1e-06
16.4990038801143 -1e-06
16.6639939189155 -1e-06
16.8306338581046 -1e-06
16.9989401966857 -1e-06
17.1689295986525 -1e-06
17.340618894639 -1e-06
17.5140250835854 -1e-06
17.6891653344213 -1e-06
17.8660569877655 -1e-06
18.0447175576431 -1e-06
18.2251647332196 -1e-06
18.4074163805518 -1e-06
18.5914905443573 -1e-06
18.7774054498009 -1e-06
18.9651795042989 -1e-06
19.1548312993419 -1e-06
19.3463796123353 -1e-06
19.5398434084586 -1e-06
19.7352418425432 -1e-06
19.9325942609687 -1e-06
20.1319202035783 -1e-06
20.3332394056141 -1e-06
20.5365717996703 -1e-06
20.741937517667 -1e-06
20.9493568928436 -1e-06
21.1588504617721 -1e-06
21.3704389663898 -1e-06
21.5841433560537 -1e-06
21.7999847896142 -1e-06
22.0179846375104 -1e-06
22.2381644838855 -1e-06
22.4605461287243 -1e-06
22.6851515900116 -1e-06
22.9120031059117 -1e-06
23.1411231369708 -1e-06
23.3725343683405 -1e-06
23.6062597120239 -1e-06
23.8423223091442 -1e-06
24.0807455322356 -1e-06
24.321552987558 -1e-06
24.5647685174336 -1e-06
24.8104162026079 -1e-06
25.058520364634 -1e-06
25.3091055682803 -1e-06
25.5621966239631 -1e-06
25.8178185902027 -1e-06
26.0759967761048 -1e-06
26.3367567438658 -1e-06
26.6001243113045 -1e-06
26.8661255544175 -1e-06
27.1347868099617 -1e-06
27.4061346780613 -1e-06
27.6801960248419 -1e-06
27.9569979850903 -1e-06
28.2365679649412 -1e-06
28.5189336445907 -1e-06
28.8041229810366 -1e-06
29.0921642108469 -1e-06
29.3830858529554 -1e-06
29.676916711485 -1e-06
29.9736858785998 -1e-06
30.2734227373858 -1e-06
30.5761569647597 -1e-06
30.8819185344073 -1e-06
31.1907377197513 -1e-06
31.5026450969488 -1e-06
31.8176715479183 -1e-06
32.1358482633975 -1e-06
32.4572067460315 -1e-06
32.7817788134918 -1e-06
33.1095966016267 -1e-06
33.440692567643 -1e-06
33.7750994933194 -1e-06
34.1128504882526 -1e-06
34.4539789931351 -1e-06
34.7985187830665 -1e-06
35.1465039708972 -1e-06
35.4979690106061 -1e-06
35.8529487007122 -1e-06
36.2114781877193 -1e-06
36.5735929695965 -1e-06
36.9393288992925 -1e-06
37.3087221882854 -1e-06
37.6818094101683 -1e-06
38.0586275042699 -1e-06
38.4392137793127 -1e-06
38.8236059171058 -1e-06
39.2118419762768 -1e-06
39.6039603960396 -1e-06
40 -1e-06
