-40 0.007920259986112376
-39.6039603960396 0.007999101685016189
-39.2118419762768 0.008078724887138393
-38.8236059171058 0.008159137279047293
-38.4392137793127 0.008240346621412953
-38.0586275042699 0.008322360750392601
-37.6818094101683 0.008405187578056823
-37.3087221882854 0.008488835093393121
-36.9393288992925 0.008573311362646416
-36.5735929695965 0.008658624530429237
-36.2114781877193 0.008744782819545353
-35.8529487007122 0.008831794533916902
-35.4979690106061 0.008919668056782614
-35.1465039708972 0.009008411853019146
-34.7985187830665 0.009098034469000461
-34.4539789931351 0.009188544534454767
-34.1128504882526 0.009279950762293815
-33.7750994933194 0.009372261949969407
-33.440692567643 0.009465486979772222
-33.1095966016267 0.00955963481991501
-32.7817788134918 0.00965471452640833
-32.4572067460315 0.009750735241121026
-32.1358482633975 0.00984770619549122
-31.8176715479183 0.009945636678122125
-31.5026450969488 0.01004453619459198
-31.1907377197513 0.0101444141507694
-30.8819185344073 0.01024528017284997
-30.5761569647597 0.01034714394585824
-30.2734227373858 0.01045001524816918
-29.9736858785998 0.01055390395565144
-29.676916711485 0.01065882003646645
-29.3830858529554 0.01076477355621577
-29.0921642108469 0.01087177467783277
-28.8041229810366 0.01097983366163896
-28.5189336445907 0.01108896086665206
-28.2365679649412 0.01119916675387614
-27.9569979850903 0.01131046188333151
-27.6801960248419 0.01142285691738777
-27.4061346780613 0.01153636262134155
-27.1347868099617 0.01165098986414639
-26.8661255544175 0.01176674961991017
-26.6001243113045 0.01188365296711253
-26.3367567438658 0.01200171109327185
-26.0759967761048 0.01212093529178715
-25.8178185902027 0.01224133696654145
-25.5621966239631 0.01236292762959501
-25.3091055682803 0.01248571890478355
-25.058520364634 0.01260972252777287
-24.8104162026079 0.01273495034751624
-24.5647685174336 0.0128614143263997
-24.321552987558 0.01298912654232353
-24.0807455322356 0.01311809918977936
-23.8423223091442 0.01324834458017275
-23.6062597120239 0.01337987514356569
-23.3725343683405 0.01351270343026086
-23.1411231369708 0.0136468421095627
-22.9120031059117 0.01378230397446508
-22.6851515900116 0.01391910194039921
-22.4605461287243 0.01405724904774818
-22.2381644838855 0.01419675846084057
-22.0179846375104 0.01433764347182705
-21.7999847896142 0.01447991750039966
-21.5841433560537 0.01462359409492192
-21.3704389663898 0.01476868693464211
-21.1588504617721 0.01491520907562419
-20.9493568928436 0.01506317672517428
-20.741937517667 0.01521260169802389
-20.5365717996703 0.01536349895903653
-20.3332394056141 0.01551588286055415
-20.1319202035783 0.01566976788859383
-19.9325942609687 0.01582516867060648
-19.7352418425432 0.01598209997438072
-19.5398434084586 0.01614057670998975
-19.3463796123353 0.01630061392881856
-19.1548312993419 0.01646222682997055
-18.9651795042989 0.01662543075719924
-18.7774054498009 0.01679024120189822
-18.5914905443573 0.01695667380567345
-18.4074163805518 0.01712474435565467
-18.2251647332196 0.01729446880400116
-18.0447175576431 0.01746586323823263
-17.8660569877655 0.01763894391272358
-17.6891653344213 0.01781372723613125
-17.5140250835854 0.01799022977254328
-17.340618894639 0.01816846824858408
-17.1689295986525 0.0183484595498351
-16.9989401966857 0.01853022072520235
-16.8306338581046 0.01871376898836481
-16.6639939189155 0.01889912171832075
-16.4990038801143 0.01908629646108953
-16.3356474060538 0.01927531093230612
-16.1739083228255 0.01946618301814619
-16.0137706166589 0.01965893077825033
-15.8552184323356 0.01985357244542739
-15.6982360716194 0.02005012642841362
-15.5428079917024 0.02024861131381071
-15.3889188036657 0.02044904586798016
-15.2365532709561 0.02065144903878227
-15.0856963078774 0.02085583995635759
-14.9363329780964 0.0210622379355881
-14.7884484931648 0.02127066247865462
-14.6420282110542 0.02148113327682423
-14.4970576347071 0.02169367021229002
-14.3535224106011 0.02190829335694507
-14.2114083273278 0.02212502297921525
-14.070701314186 0.02234387954510119
-13.9313874397881 0.02256488371683838
-13.7934529106813 0.02278805635790114
-13.6568840699815 0.02301341853355773
-13.5216673960213 0.02324099151566442
-13.3877895010112 0.02347079678023205
-13.255237129714 0.02370285601331546
-13.1239971581327 0.02393719111317598
-12.9940565922106 0.02417382418863174
-12.8654025665451 0.02441277756517998
-12.738022343114 0.02465407378717014
-12.6119033100138 0.02489773561814996
-12.4870329802117 0.02514378603960172
-12.3633989903086 0.0253922482652186
-12.2409890993155 0.02564314573121413
-12.1197911874411 0.02589650210393297
-11.9997932548922 0.02615234128066967
-11.8809834206853 0.02641068739447425
-11.7633499214706 0.02667156481283836
-11.6468811103669 0.02693499814882549
-11.5315654558088 0.02720101224918293
-11.4173915404048 0.02746963220932515
-11.3043480598067 0.02774088337330041
-11.1924238215908 0.0280147913329281
-11.0816077441493 0.02829138193258848
-10.9718888555934 0.02857068127436299
-10.8632562926667 0.0288527157164657
-10.75569929967 0.02913751187898943
-10.6492072273961 0.02942509664747514
-10.5437695320753 0.02971549717245254
-10.439375774332 0.03000874087596625
-10.3360156181505 0.03030485545277633
-10.233678829852 0.03060386887385259
-10.1323552770812 0.03090580939039781
-10.0320349278031 0.03121070553611604
-9.93270784931002 0.03151858613029626
-9.834364207237639 0.03182948028007444
-9.736994264591729 0.03214341738787379
-9.640588380783891 0.03246042715179483
-9.54513701067712 0.03278053956776613
-9.45063070364071 0.0331037849359515
-9.357060102614559 0.03343019386470238
-9.26441594318274 0.0337597972686939
-9.172689052656169 0.03409262638166427
-9.081870349164531 0.03442871275314267
-8.99195084075696 0.03476808825268046
-8.902921624511841 0.03511078508064654
-8.81477388565529 0.03545683576075024
-8.727498896688401 0.03580627315623842
-8.64108801652317 0.03615913046620334
-8.555532689626901 0.03651544123120989
-8.47082444517515 0.0368752393408484
-8.38695489621302 0.0372385590332904
-8.30391573882477 0.03760543490494447
-8.221698751311649 0.03797590190962436
-8.14029579337787 0.03834999536896654
-8.059698805324629 0.03872775097178204
-7.97989980725211 0.03910920479526695
-7.90089089826941 0.03949439324606417
-7.82266425571229 0.03988335318953614
-7.7452121343686 0.04027612183137258
-7.66852686571149 0.04067273678468196
-7.59260085714009 0.04107323606289267
-7.51742659122781 0.04147765808496962
-7.44299662497803 0.04188604168228092
-7.36930358908716 0.04229842610180389
-7.29634018721501 0.04271485101439678
-7.22409919526238 0.04313535652402966
-7.15257346065582 0.04355998315414698
-7.08175590163943 0.04398877189224076
-7.01163950657369 0.04442176415798576
-6.94221733324128 0.04485900183165627
-6.87348250815968 0.0453005272483217
-6.80542822590068 0.04574638321941308
-6.73804774841651 0.04619661302076521
-6.67133440437278 0.04665126042112242
-6.60528158848791 0.04711036966816783
-6.53988276087911 0.047573985512333
-6.47513144641496 0.04804215320570487
-6.41102123407422 0.0485149185132531
-6.34754577631111 0.04899232771943348
-6.28469878842684 0.0494744276369817
-6.22247404794737 0.04996126561505593
-6.16086539400729 0.05045288954800582
-6.0998667267399 0.05094934788431393
-6.03947200667316 0.0514506896348256
-5.97967525413184 0.05195696438286218
-5.92047054864539 0.05246822229384326
-5.86185202836177 0.05298451412353318
-5.8038138894671 0.05350589122992451
-5.74635038561099 0.05403240558182668
-5.68945582733762 0.0545641097709778
-5.63312458152239 0.05510105702173773
-5.57735107081425 0.05564330119911182
-5.52212977308341 0.05619089682688352
-5.46745522087467 0.05674389909475154
-5.41332200086601 0.05730236387340251
-5.35972475333268 0.05786634772276558
-5.30665817161651 0.05843577022080521
-5.25411700160051 0.05901110239024236
-5.20209604118862 0.05959198990205072
-5.15059013979072 0.0601786298756551
-5.09959419781259 0.06077108253591666
-5.04910316615108 0.06136940885676306
-4.99911204569414 0.06197367060582065
-4.94961588682588 0.06258393035460373
-4.90060978893651 0.06320025148988338
-4.85208889993714 0.06382269823169255
-4.80404841577935 0.06445133565252514
-4.75648357997955 0.06508622969013698
-4.70938968314807 0.06572744716826136
-4.66276206252284 0.06637505582012367
-4.61659610150777 0.06702912427003042
-4.57088722921561 0.06768972213332909
-4.52563092001545 0.06835691995064697
-4.48082269308461 0.0690307892527794
-4.43645811196496 0.06971140257107365
-4.39253278412372 0.07039883346377615
-4.34904236051854 0.07109315653233983
-4.30598253516687 0.07179444744988117
-4.26334904471967 0.07250278296825115
-4.22113766803928 0.07321824098536593
-4.17934422578146 0.07394090051197783
-4.13796457998165 0.07467084175087225
-4.09699463364519 0.07540814607423479
-4.05643033034178 0.07615289610321259
-4.01626765380374 0.07690517568379776
-3.97650262752845 0.07766506997403459
-3.93713131438461 0.07843266542178147
-3.89814981622238 0.07920804981911928
-3.85955427348751 0.07999131233975906
-3.82134086483912 0.08078254356223623
-3.7835058067714 0.08158183551322683
-3.74604535323901 0.08238927800268257
-3.70895579528615 0.08320497714965536
-3.67223346067936 0.08402901841571309
-3.63587471354392 0.08486150370132489
-3.59987595400388 0.08570253278109907
-3.56423361782562 0.08655220716803511
-3.52894417606497 0.08741063006764958
-3.4940041347178 0.08827790645035261
-3.45941003437406 0.08915414315282612
-3.4251584498753 0.09003944873238899
-3.39124598997555 0.09093393386431543
-3.35766929700549 0.09183771102441439
-3.32442504654009 0.09275089475657754
-3.2915099470694 0.09367360176960331
-3.25892073967267 0.09460595081063368
-3.22665419769571 0.0955480628478544
-3.1947071264314 0.09650006113241616
-3.16307636280337 0.09746207113996351
-3.13175877505284 0.0984342209001403
-3.10075126242855 0.09941664078817364
-3.07005075487975 0.1004094637356135
-3.03965421275223 0.101412825338941
-3.00955862648736 0.1024268637292146
-2.97976101632412 0.1034517200434911
-2.95025843200408 0.1044875380035848
-2.92104795247928 0.1055344645151471
-2.89212668562305 0.106592649374875
-2.86349176794362 0.1076622455120517
-2.83514036430061 0.1087433576414145
-2.80706966762437 0.1098362997768658
-2.77927689863799 0.1109410803770832
-2.75175930558217 0.1120579172864984
-2.72451416394274 0.1131869808386779
-2.69753877618093 0.1143284448283468
-2.67083047146627 0.1154824871754867
-2.64438660541214 0.1166492897809758
-2.618204559814 0.1178290384950516
-2.5922817423901 0.1190219238139247
-2.56661558652486 0.1202281406407424
-2.54120355101471 0.1214478881808545
-2.51604311981654 0.1226813708748137
-2.49113180179856 0.123928797654626
-2.46646713049362 0.1251903829421466
-2.44204666385507 0.1264663463628298
-2.41786798401492 0.127756912779845
-2.39392869704448 0.129062313265934
-2.3702264327173 0.1303827841835386
-2.34675884427456 0.1317185686013223
-2.32352360819263 0.1330699159026959
-2.3005184239531 0.1344370810777862
-2.27774101381495 0.1358203274944414
-2.25518912258906 0.1372199246529755
-2.23286051741491 0.1386361498440547
-2.21075298753952 0.1400692879140395
-2.18886434409853 0.1415196314776983
-2.16719241989954 0.14298748180705
-2.14573506920746 0.1444731488388752
-2.12449016753214 0.1459769513872539
-2.10345561141796 0.1474992176936912
-2.0826293182356 0.1490402861672511
-2.06200922597584 0.1506005040648407
-2.04159329304539 0.1521802313633376
-2.02137949806474 0.1537798378120943
-2.00136583966806 0.1553997049460704
-1.98155033630501 0.1570402267185958
-1.96193102604457 0.1587018093967489
-1.94250596638076 0.1603848723247143
-1.92327323404036 0.1620898498850966
-1.90423092479243 0.1638171894648995
-1.88537715325983 0.1655673544512433
-1.86671005273251 0.1673393614322621
-1.84822777498268 0.1691380936185261
-1.82992849008186 0.1709596769814838
-1.81181038621967 0.1728061054055508
-1.79387166952442 0.1746779298921918
-1.77611056388557 0.1765757213370793
-1.75852531077779 0.1785000720603291
-1.74111416908692 0.1804515967474918
-1.72387541493754 0.1824309335085317
-1.70680734152232 0.1844387452179089
-1.68990825893299 0.1864757209174196
-1.67317649399306 0.1885425765162293
-1.65661039009214 0.1906400583909832
-1.64020830702192 0.1927689416526418
-1.62396862081378 0.1949300348716703
-1.607889723578 0.1971241803694266
-1.59197002334456 0.1993522567050056
-1.5762079439055 0.2016151816667798
-1.56060192465891 0.2039139092171454
-1.54515042045437 0.2062494428467975
-1.52985190143997 0.2086228277267527
-1.51470485291086 0.2110351553556503
-1.49970777515927 0.2134875743884014
-1.48485918332601 0.2159812839619827
-1.47015760725347 0.2185175415127042
-1.45560159134007 0.2210976702224946
-1.44118969439611 0.2237230566327224
-1.4269204895011 0.2263951564961345
-1.41279256386247 0.2291155070876597
-1.39880451867572 0.2318857207033275
-1.38495496898586 0.2347075270285351
-1.37124254355036 0.2375826566937377
-1.36445421412684 0.2390371993149285
-1.35766588470332 0.240513074016581
-1.35094476646222 0.2419959141697197
-1.34422364822111 0.2435007611830876
-1.33756907570517 0.245012950773516
-1.33091450318922 0.2465478436562064
-1.32432581752987 0.2480904909648473
-1.31773713187051 0.2496565750832869
-1.31121368072264 0.2512308545807728
-1.30469022957477 0.2528293470245638
-1.29823136705212 0.2544365050479362
-1.29177250452947 0.2560687060612862
-1.28537759114071 0.2577100647328504
-1.28218013444633 0.2585404188775862
-1.27898267775195 0.2593773361298062
-1.27581687904464 0.2602125226020493
-1.27265108033733 0.261054325846695
-1.26948528163003 0.261902833254023
-1.26631948292272 0.2627581393592779
-1.26318502875707 0.2636117735285947
-1.26005057459142 0.2644722637183772
-1.25691612042577 0.265339700709492
-1.25534889334295 0.2657760575029823
-1.25378166626012 0.266214191101568
-1.25067824629413 0.2670870653398619
-1.24757482632814 0.2679670567952835
-1.24447140636215 0.2688542515108057
-1.24136798639616 0.2697487761189095
-1.23522260032489 0.2715421010781707
-1.22907721425363 0.2733654207311339
-1.22299267358901 0.2752010645616967
-1.21690813292438 0.2770679085140204
-1.20485953754889 0.2808602461945727
-1.19293023519692 0.2847469807730888
-1.18111904474943 0.2887326834262173
-1.16942479678161 0.2928225426385188
-1.15784633344714 0.2970221100756955
-1.14638250836351 0.3013374372096062
-1.13503218649852 0.305775125273496
-1.12379424405794 0.3103424049819002
-1.1126675683742 0.3150472086681546
-1.10165105779624 0.3198982842285152
-1.09074362158043 0.3249053063226486
-1.07994417978261 0.3300790211287922
-1.0692516631511 0.3354314175912006
-1.05866501302089 0.3409759349379879
-1.0481831812088 0.3467277132872807
-1.0378051299097 0.3527039147400983
-1.02752983159376 0.35892410406217
-1.01735626890472 0.3654107439694848
-1.00728343455913 0.3721898187852654
-0.997310331246659 0.3792916325146537
-0.987435971531345 0.3867518721084797
-0.977659377753807 0.3946129832155482
-0.967979581934463 0.4029260593499961
-0.958395625677686 0.4117534165431389
-0.948906560076917 0.4211721776275366
-0.93951144562071 0.4312797170848098
-0.930209352099712 0.4422000101576201
-0.92560435530714 0.4479995573617016
-0.920999358514567 0.4540967586425794
-0.916439955749644 0.4604602785006011
-0.91188055298472 0.4671873891968476
-0.907366292821429 0.4742505229770194
-0.902852032658138 0.4817657824556717
-0.898382468140029 0.489710309311603
-0.893912903621919 0.4982198582037015
-0.891700247919885 0.5026618942610178
-0.88948759221785 0.5072653820833932
-0.887274936515815 0.5120356417014609
-0.885062280813781 0.5169745463698954
-0.882871532593945 0.5220269971167392
-0.880680784374109 0.5272284824429382
-0.878490036154273 0.5325526922217695
-0.876299287934437 0.5379534973190789
-0.874130230291035 0.5433052136777605
-0.871961172647633 0.5485617770507825
-0.867623057360828 0.5582793386756272
-0.863327893710527 0.5660679137017033
-0.859032730060226 0.5716125175229565
-0.8547800927827 0.5751146872278194
-0.8505274555051739 0.5771049675654462
-0.842106391589282 0.5781301845428647
-0.833768704543843 0.5768775539626164
-0.82551356885529 0.5743822352322974
-0.817340167183456 0.571154002706999
-0.809247690280649 0.5674669039857234
-0.801235336911534 0.5634804528833587
-0.793302313773796 0.5592936793078244
-0.7854478354195999 0.554971330527094
-0.777671124177822 0.5505575324758073
-0.7699714100770511 0.5460833996017976
-0.762347930769357 0.5415714869582029
-0.7547999314548089 0.5370384592542962
-0.747326664806742 0.5324970015521783
-0.739927390897764 0.5279567929369584
-0.732601377126499 0.5234253483917721
-0.725347898145049 0.5189085956932599
-0.718166235787177 0.5144112081994782
-0.711055678997205 0.509936922754375
-0.704015523759609 0.5054886695099955
-0.697045073029316 0.5010689043322731
-0.690143636662689 0.496679472737718
-0.6833105313491969 0.4923219241608342
-0.6765450805437589 0.4879974396415492
-0.669846614399762 0.4837069875642866
-0.663214469702734 0.4794512585095609
-0.656647989804688 0.4752308394944791
-0.650146524559097 0.4710461177268219
-0.643709430256531 0.4668973557003801
-0.637336069560922 0.4627847388025407
-0.631025811446457 0.4587083419466956
-0.624778031135106 0.4546681607804683
-0.618592110034759 0.4506641340004772
-0.612467435677979 0.4466961420975097
-0.606403401661365 0.442764031400603
-0.60039940758551 0.438867587254865
-0.5944548589955549 0.4350065715520004
-0.588569167322331 0.4311807155657401
-0.582741749824091 0.4273897430112035
-0.576972029528803 0.4236333381081013
-0.571259435177032 0.419911167653853
-0.565603401165378 0.4162229002673241
-0.560003367490474 0.412568180124448
-0.554458779693538 0.4089466574572902
-0.548969088805484 0.4053579579252535
-0.543533751292558 0.4018017174803794
-0.538152229002533 0.3982775571928604
-0.532823989111418 0.3947851055580499
-0.527548504070711 0.3913239707312308
-0.52232525155516 0.3878938167413414
-0.517153714411049 0.3844942351234922
-0.512033380604999 0.3811248706336925
-0.506963743173267 0.3777853350327058
-0.501944300171551 0.3744752838418948
-0.496974554625298 0.3711943502082417
-0.492054014480493 0.3679421906915621
-0.487182192554944 0.3647184265273438
-0.482358606490043 0.3615227366853208
-0.477582778703013 0.3583547646544971
-0.472854236339617 0.355214209891821
-0.468172511227344 0.3521007216320612
-0.463537139829053 0.3490139883141845
-0.458947663197082 0.3459536964582806
-0.454403626927804 0.342919562662702
-0.449904581116638 0.3399112411974716
-0.445450080313503 0.3369284788288583
-0.441039683478716 0.3339709857478622
-0.436672953939322 0.3310384808709096
-0.432349459345864 0.3281306939946314
-0.428068771629568 0.32524735784778
-0.423830466959968 0.3223882203085965
-0.419634125702939 0.319553020631141
-0.415479332379147 0.3167415223985128
-0.411365675622918 0.313953471056253
-0.407292748141503 0.3111886393067903
-0.403260146674756 0.3084467916790181
-0.399267471955204 0.3057277032100187
-0.395314328668518 0.3030311462788717
-0.391400325414375 0.3003568996614858
-0.387525074667698 0.2977047477050688
-0.383688192740295 0.2950744783690101
-0.379889299742866 0.2924658736649824
-0.376128019547392 0.2898787283273163
-0.372403979749893 0.287312827811785
-0.368716811633558 0.2847679695159717
-0.365066150132235 0.2822439425794998
-0.361451633794292 0.2797405440630703
-0.357872904746824 0.2772575682033242
-0.354329608660222 0.274794810631141
-0.350821394713091 0.272352058426774
-0.347347915557516 0.2699291104293781
-0.343908827284669 0.2675257625447082
-0.340503789390762 0.2651417980295462
-0.337132464743328 0.2627770203581358
-0.33379451954785 0.2604312100673039
-0.330489623314703 0.2581041628201271
-0.327217448826438 0.2557956633541946
-0.323977672105385 0.2535055037035716
-0.320769972381569 0.2512334615354377
-0.317594032060959 0.2489793314106714
-0.314449536694019 0.2467428942834351
-0.311336174944573 0.2445239340984059
-0.308253638558984 0.2423222324553232
-0.305201622335627 0.24013757388734
-0.30217982409468 0.2379697425316538
-0.299187944648198 0.2358185165144669
-0.296225687770494 0.2336836763711408
-0.293292760168805 0.2315650159647745
-0.290388871454263 0.2294623009886478
-0.287513734113132 0.2273753268646329
-0.284667063478348 0.2253038756036674
-0.281848577701335 0.2232477302458331
-0.279057997724094 0.2212066857780426
-0.276295047251578 0.2191805232038831
-0.273559452724335 0.2171690339458996
-0.27085094329142 0.2151720159640671
-0.268169250783585 0.2131892583794189
-0.265514109686717 0.2112205624433394
-0.262885257115562 0.2092657270743634
-0.260282432787685 0.2073245570275397
-0.257705378997708 0.2053968520303168
-0.25515384059179 0.2034824317450965
-0.252627564942366 0.2015811020455046
-0.250126301923135 0.1996926785868112
-0.247649803884292 0.1978169801700526
-0.245197825628012 0.1959538316466728
-0.24277012438417 0.1941030568023357
-0.240366459786307 0.1922644853680719
-0.237986593847829 0.1904379469955099
-0.235630290938444 0.1886232826511406
-0.233297317760836 0.186820328888084
-0.23098744332756 0.1850289253347986
-0.228700438938179 0.1832489214210684
-0.226436078156613 0.1814801597469603
-0.224194136788725 0.1797224956395566
-0.221974392860124 0.1779757786951017
-0.219776626594182 0.1762398653096777
-0.217600620390279 0.1745146112872445
-0.215446158802257 0.1727998764126852
-0.213313028517086 0.1710955165744058
-0.211201018333748 0.1694013942710257
-0.209109919142325 0.167717363904788
-0.207039523903292 0.1660432799414161
-0.204989627627022 0.1643789731647582
-0.202960027353487 0.162724390389182
-0.200950522132166 0.1610781833364165
-0.198960913002144 0.1594393693250766
-0.19699100297242 0.1578146889517441
-0.195040597002396 0.1561982915243165
-0.19310950198257 0.1545908895095996
-0.191197526715416 0.1529923628205319
-0.189304481896452 0.1514026097694197
-0.187430180095497 0.149821516128353
-0.185574435738115 0.1482489509757585
-0.183737065087243 0.146684791026614
-0.181917886224993 0.1451289038045947
-0.180116719034647 0.143581160123613
-0.178333385182818 0.1420414241464829
-0.1765677081018 0.1405095630974061
-0.17481951297208 0.1389854366596174
-0.173088626705029 0.137468909732029
-0.171374877925772 0.1359598456610416
-0.169678096956209 0.134458103396849
-0.167998115798227 0.1329635443004202
-0.166334768117057 0.1314760245397379
-0.164687889224809 0.1299954049247526
-0.163057316064167 0.12852154242993
-0.161442887192244 0.1270542936648069
-0.159844442764598 0.1255935236979303
-0.158261824519404 0.1241390766712527
-0.156694875761787 0.1226907987790209
-0.155143441348303 0.1212485703023515
-0.153607367671588 0.1198122448021719
-0.152086502645136 0.1183816639343937
-0.150580695688254 0.116956701908486
-0.149089797711142 0.1155372104188386
-0.147613661100141 0.1141230444582907
-0.14615213970311 0.1127140680352834
-0.14470508881496 0.1113101416080332
-0.143272365163327 0.1099111219419255
-0.141853826894383 0.1085168901884769
-0.140449333558795 0.1071272938952652
-0.139058746097817 0.1057422036439188
-0.137681926829522 0.104361498835245
-0.13631873943517 0.1029850356311405
-0.134969048945713 0.1016127039556686
-0.133632721728429 0.1002443702772585
-0.132309625473692 0.09887990900846494
-0.130999629181873 0.09751921116817099
-0.129702603150369 0.09616213418959731
-0.128418418960762 0.09480863882231448
-0.127146949466101 0.09345850365074401
-0.125888068778317 0.09211169156791707
-0.12464165225576 0.09076807929835726
-0.123407576490851 0.08942755974854263
-0.122185719297873 0.08809003800149248
-0.120975959700864 0.08675541456959633
-0.119778177921647 0.08542358752517856
-0.118592255367968 0.08409446464616528
-0.11741807462175 0.08276795755545543
-0.116255519427476 0.08144397951548289
-0.115104474680669 0.08012243889831006
-0.113964826416504 0.07880325621992056
-0.112836461798519 0.07748634880664389
-0.111719269107444 0.0761716332872886
-0.110613137730143 0.07485903223618781
-0.109517958148656 0.07354846972728271
-0.108433621929363 0.07223986839289011
-0.10736002171224 0.07093315030028201
-0.106297051200238 0.06962826738029484
-0.10524460514875 0.06832511723582789
-0.104202579355198 0.06702364332750436
-0.103170870648711 0.06572377498076694
-0.102149376879912 0.06442544357410419
-0.101137996910804 0.06312858011156951
-0.100136630604756 0.06183311473170122
-0.0991451788165905 0.06053899046521603
-0.0981635433827629 0.05924612423618983
-0.0971916271116464 0.05795446190796446
-0.0962293337739073 0.05666393210314899
-0.0952765680929776 0.05537445508567509
-0.0943332357356213 0.05408596357330366
-0.0933992433025954 0.05279844055620205
-0.0924744983194014 0.05151176367661926
-0.0915589092271301 0.05022585398449125
-0.09065238537339609 0.0489406962594784
-0.08975483700336249 0.04765618983467296
-0.0888661752508539 0.04637226747399876
-0.0879863121295584 0.0450888585873229
-0.0871151605243152 0.0438059011416312
-0.0862526341824903 0.0425233188574987
-0.085398647705436 0.04124104044742402
-0.0845531165400356 0.03995897911092305
-0.08371595697033229 0.03867711407310944
-0.08288708610923989 0.03739533071957905
-0.0820664218903365 0.03611356488221857
-0.0812538830597391 0.03483175794950626
-0.08044938916805849 0.03354982877223007
-0.0796528605624342 0.03226771921090882
-0.0788642183786477 0.03098536044045731
-0.07808338453331461 0.02970266446101158
-0.07731028171615301 0.02841957844826424
-0.0765448333823297 0.02713605269136511
-0.07578696374488091 0.02585198991964663
-0.07503659776720881 0.0245673565078347
-0.07429366115565229 0.02328208308380894
-0.073558080352131 0.02199610817901546
-0.0728297825268624 0.02070938268301158
-0.0721086955711509 0.01942184129982687
-0.0713947480902484 0.01813344286066578
-0.0706878693962855 0.01684413643409356
-0.0699879895012728 0.01555387776686841
-0.0692950391101711 0.01426261921454008
-0.0686089496140308 0.01297032874050513
-0.0679296530831988 0.01167696084412845
-0.06725708226059279 0.01038249125135844
-0.06659117055504241 0.00908689918667537
-0.0659318520346955 0.007790140069617296
-0.0652790614204906 0.006492206502921929
-0.0646327340796936 0.005193077314404143
-0.0639928060194986 0.003892738553955171
-0.0633592138806917 0.002591181820559799
-0.0627318949313779 0.00128839730759252
-0.0621107870607702 -1.561577808949608e-05
-0.0614958287730398 -0.001320855988101665
-0.0608869591812276 -0.002627331732780299
-0.0602841180012154 -0.003934996144949392
-0.0596872455457578 -0.00524387543541819
-0.0590962827185721 -0.006553949048566312
-0.0585111710084872 -0.007865191904415439
-0.0579318524836507 -0.009177584970521216
-0.0573582697857928 -0.01049110711440912
-0.0567903661245473 -0.01180573183437462
-0.056228085271829 -0.01312143208017203
-0.0556713715562664 -0.01443818343690562
-0.0551201698576895 -0.01575593838859753
-0.0545744256016727 -0.01707469873397582
-0.0540340847541314 -0.01839439915604272
-0.0534990938159717 -0.01971501370409617
-0.0529693998177938 -0.02103650976261234
-0.0524449503146473 -0.02235885412013076
-0.0519256933808389 -0.02368200162434146
-0.051411577604791 -0.02500591394215046
-0.0509025520839515 -0.02633057034481477
-0.0503985664197539 -0.02765592805447794
-0.0498995707126277 -0.02898193047423142
-0.0494055155570571 -0.030308577539228
-0.0489163520366902 -0.03163581795847092
-0.0484320317194952 -0.0329636129564068
-0.0479525066529656 -0.03429192200883902
-0.0474777293593719 -0.03562073255741052
-0.0470076528310613 -0.03695000173664952
-0.0465422305258032 -0.03827969949805084
-0.0460814163621814 -0.03960978688925512
-0.0456251647150311 -0.04094026110678196
-0.0451734304109219 -0.04227106777993802
-0.044726168723685 -0.04360218590011512
-0.0442833353699852 -0.0449335899669443
-0.0438448865049358 -0.04626524871770846
-0.0434107787177582 -0.04759713950982739
-0.0429809690274834 -0.04892922808153444
-0.0425554148786964 -0.05026147879178142
-0.0421340741373232 -0.05159389616181224
-0.0417169050864586 -0.05292640911898775
-0.0413038664222363 -0.05425901446411225
-0.0408949172497389 -0.05559167544103605
-0.0404900170789494 -0.05692435987735648
-0.0400891258207419 -0.05825702303910017
-0.0396922037829128 -0.05958965121302906
-0.0392992116662503 -0.06092218905567226
-0.0389101105606439 -0.06225459098524541
-0.0385248619412316 -0.06358682854098918
-0.0381434276645857 -0.06491885003486694
-0.0377657699649363 -0.06625060578206475
-0.037391851450432 -0.06758206155744673
-0.0370216350994376 -0.06891311809111035
-0.036655084256869 -0.07024378764563378
-0.0362921626305633 -0.07157394488909795
-0.0359328342876865 -0.07290357207713936
-0.0355770636511747 -0.07423259214392108
-0.0352248154962126 -0.07556088435583019
-0.0348760549467451 -0.07688842442288968
-0.0345307474720249 -0.07821514993997303
-0.0341888588831929 -0.07954092981096852
-0.033850355329894 -0.08086575816614139
-0.0335152032969248 -0.08218948210725073
-0.0331833696009156 -0.083512027183204
-0.0328548213870451 -0.08483333410020734
-0.0325295261257873 -0.08615328228335563
-0.0322074516096904 -0.08747178988266185
-0.0318885659501885 -0.08878876286916651
-0.031572837574444 -0.09010409438407443
-0.0312602352222218 -0.09141771010906279
-0.0309507279427939 -0.09272949159952262
-0.0306442850918751 -0.09403934381382667
-0.0303408763285892 -0.09534718931215189
-0.0300404716124646 -0.09665290014833941
-0.02974304120046 -0.0979564101076446
-0.0294485556440198 -0.09925759305685768
-0.0291569857861582 -0.1005563747291276
-0.0288683027585725 -0.1018526577867991
-0.0285824779787846 -0.1031463420685998
-0.0282994831473115 -0.1044373604845801
-0.0280192902448629 -0.1057255751628132
-0.0277418715295672 -0.1070109426979178
-0.027467199534225 -0.1082933767714193
-0.0271952470635891 -0.1095727889102659
-0.0269259871916724 -0.1108490913629406
-0.0266593932590815 -0.1121221985609059
-0.0263954388703778 -0.1133920759800413
-0.0261340978914631 -0.1146586043134019
-0.0258753444469932 -0.1159217748117235
-0.025619152917815 -0.1171814841743656
-0.0253654979384307 -0.1184376056921263
-0.0251143543944859 -0.1196901740584666
-0.024865697420283 -0.1209390929726697
-0.0246195023963198 -0.1221843162825918
-0.0243757449468513 -0.1234257716441631
-0.0241344009374766 -0.1246634004540306
-0.0238954464727491 -0.1258971682189373
-0.023658857893811 -0.127127012726019
-0.0234246117760505 -0.1283528901109297
-0.0231926849267826 -0.1295747258859884
-0.0229630543829531 -0.1307925034436958
-0.0227356974088645 -0.1320061594146779
-0.0225105914939252 -0.133215645999713
-0.022287714350421 -0.1344209132826544
-0.0220670439113079 -0.1356219132254887
-0.0218485583280276 -0.136818590989256
-0.0216322359683442 -0.1380109031347319
-0.0214180554142022 -0.1391987974573996
-0.0212059954596061 -0.1403822112846075
-0.0209960351085209 -0.1415611274594634
-0.020788153572793 -0.1427354306783382
-0.0205823302700921 -0.1439051236683696
-0.0203785448218733 -0.1450701304142835
-0.0201767770513597 -0.1462303738299562
-0.0199770069815443 -0.1473858282950656
-0.0197792148332122 -0.1485364021461452
-0.0195833810229823 -0.149682048475678
-0.0193894861613687 -0.150822717433545
-0.0191975110508601 -0.1519583238900349
-0.0190074366840199 -0.1530888210371578
-0.0188192442416038 -0.1542141297994852
-0.0186329150906968 -0.1553341922522206
-0.0184484307828682 -0.1564489402777004
-0.0182657730523447 -0.1575583138002183
-0.0180849238142027 -0.1586622301427848
-0.0179058651625769 -0.1597606202153072
-0.017728579368888 -0.1608534325770068
-0.0175530488800872 -0.1619406011747844
-0.017379256316918 -0.1630220499430359
-0.017207184472196 -0.1640977140725456
-0.017036816309105 -0.1651675306158667
-0.0168681349595099 -0.1662314350361764
-0.016701123722287 -0.1672893632247483
-0.0165357660616703 -0.1683412541510677
-0.0163720456056142 -0.1693870458223063
-0.0162099461441724 -0.1704266890905067
-0.0160494516278935 -0.1714601149765705
-0.0158905461662312 -0.1724872753643982
-0.0157332140259715 -0.1735081199123327
-0.0155774396296747 -0.1745225836374574
-0.0154232075541334 -0.1755306131625004
-0.0152705025288449 -0.176532188060247
-0.0151193094344999 -0.1775272803797944
-0.0149696133014851 -0.1785158005335336
-0.0148213993084011 -0.1794977116526844
-0.0146746527805951 -0.1804730009205987
-0.014529359188708 -0.1814416344591896
-0.0143855041472357 -0.1824035398432901
-0.0142430734131046 -0.1833587279937768
-0.014102052884262 -0.1843071603624996
-0.0139624285982792 -0.1852488057830423
-0.0138241867309695 -0.186183643810512
-0.0136873135950193 -0.1871116553590114
-0.013551795638633 -0.1880327909038233
-0.0134176194441911 -0.1889470492159955
-0.0132847717269219 -0.1898544564738941
-0.013153239333586 -0.1907549427320068
-0.0130230092411743 -0.1916485102908836
-0.0128940685556181 -0.1925351539232591
-0.012766404510513 -0.1934148631089924
-0.0126400044658544 -0.1942876256550149
-0.0125148559067866 -0.1951534388805959
-0.0123909464423629 -0.1960122975392126
-0.0122682638043197 -0.1968641929944456
-0.0121467958458611 -0.1977091243215834
-0.0120265305404566 -0.1985470978668419
-0.0119074559806501 -0.1993781091272989
-0.0117895603768812 -0.2002021451434077
-0.0116728320563181 -0.2010192374994025
-0.0115572594617011 -0.2018293737300136
-0.0114428311501991 -0.2026325438791925
-0.0113295357922763 -0.2034288014762791
-0.0112173621705706 -0.2042180656304822
-0.0111062991787828 -0.2050004683075743
-0.010996335820577 -0.2057759226839463
-0.0108874612084921 -0.206544464055918
-0.0107796645628634 -0.2073061075991511
-0.0106729352107559 -0.2080608706811367
-0.0105672625849068 -0.208808763325427
-0.01046263622268 -0.2095497938487687
-0.0103590457650297 -0.2102839945655745
-0.010256480955475 -0.2110113637392997
-0.0101549316390841 -0.2117319342519188
-0.0100543877614694 -0.2124457169077105
-0.00995483936779152 -0.2131527323072163
-0.009856276601773781 -0.213853013080282
-0.009758689704726511 -0.2145465675973973
-0.00966206901458071 -0.2152334305578066
-0.009566404964931391 -0.2159136171014185
-0.00947168808409049 -0.2165871667379392
-0.009377908994149 -0.2172540909952319
-0.00928505841004851 -0.217914438449406
-0.00919312713866189 -0.218568219412686
-0.00910210607788306 -0.2192154733127566
-0.0090119862157258 -0.2198562347276978
-0.008922758629431491 -0.2204905345533508
-0.008834414484585631 -0.2211183986714906
-0.008746945034243199 -0.2217398702624078
-0.008660341618062581 -0.2223549884118257
-0.0085745956614481 -0.2229637832678957
-0.00848969867470108 -0.2235662940163093
-0.008405642252179289 -0.2241625651599615
-0.00832241807146464 -0.224752628864052
-0.00824001789253925 -0.2253365283990119
-0.00815843355696956 -0.225914303315967
-0.00807765698709857 -0.2264859953408931
-0.00799768018524611 -0.2270516505704964
-0.00791849523291694 -0.2276113077738021
-0.00784009429001677 -0.2281650087516434
-0.00776246959407601 -0.2287128058062311
-0.0076856134594812 -0.2292547313816062
-0.00760951827671406 -0.229790843646538
-0.00753417651159808 -0.2303211845019672
-0.00745958070455255 -0.2308457966346055
-0.00738572346985401 -0.2313647235095314
-0.00731259749490496 -0.2318780154099572
-0.00724019553950986 -0.2323857163426597
-0.00716851043515828 -0.2328878754860006
-0.00709753508431513 -0.233384538728921
-0.00702726245971795 -0.2338757498484292
-0.00695768560368114 -0.2343615582617681
-0.00688879762740707 -0.2348420101280002
-0.00682059171030403 -0.2353171555837341
-0.00675306109931092 -0.2357870331299609
-0.00668619910822863 -0.2362517024878214
-0.00661999911705805 -0.236711195339795
-0.0065544545713446 -0.2371655666425717
-0.00648955898152931 -0.2376148605195622
-0.00642530592230625 -0.2380591209349834
-0.00636168903198638 -0.238498396084247
-0.00629870201186771 -0.2389327289699314
-0.00623633862561159 -0.2393621685210277
-0.00617459269862534 -0.2397867568328439
-0.00611345811745083 -0.2402065388900917
-0.00605292882915924 -0.2406215577768051
-0.00599299884075172 -0.2410318623899128
-0.00593366221856606 -0.2414374897982676
-0.00587491308768917 -0.2418384846240115
-0.00581674563137541 -0.2422348938588036
-0.0057591540904707 -0.2426267559607252
-0.00570213276284228 -0.2430141146440954
-0.00564567600281414 -0.2433970116958689
-0.00558977822060806 -0.2437754885678289
-0.00553443388179016 -0.2441495858169997
-0.00547963750672293 -0.2445193454758131
-0.0054253836700227 -0.2448848064094617
-0.00537166700002248 -0.2452460099813373
-0.00531848217824008 -0.2456029953178246
-0.00526582393885156 -0.2459558018127373
-0.00521368706816986 -0.2463044645575276
-0.00516206640412858 -0.2466490337089172
-0.00511095683577087 -0.2469895363008438
-0.00506035330274343 -0.2473260140215947
-0.00501025079479548 -0.2476585031315669
-0.00496064435128265 -0.2479870448476236
-0.00491152906067589 -0.2483116728968053
-0.00486290006007514 -0.2486324237020717
-0.00481475253472786 -0.2489493365423442
-0.00476708171755234 -0.2492624443515072
-0.00471988288866568 -0.2495717841369079
-0.00467315137491651 -0.24987739338969
-0.00462688254942229 -0.2501793037124979
-0.00458107183111118 -0.2504775543533944
-0.00453571468426849 -0.2507721751924489
-0.00449080661808762 -0.2510632120643376
-0.00444634318622536 -0.2513506833577251
-0.00440231998636175 -0.2516346291699319
-0.00435873265976411 -0.251915084071008
-0.00431557689085555 -0.252192081537162
-0.00427284840678767 -0.2524656409220481
-0.0042305429770175 -0.2527358368681801
-0.00418865641288861 -0.2530026606048874
-0.00414718456721645 -0.2532661585268174
-0.00410612333387767 -0.2535263630091714
-0.00406546864740364 -0.2537833062054574
-0.00402521648257786 -0.2540370208140739
-0.00398536285403748 -0.2542875282451649
-0.0039459038158787 -0.2545348796752421
-0.00390683546126603 -0.2547790946635186
-0.00386815392204558 -0.2550202061871787
-0.00382985536836196 -0.2552582460416936
-0.00379193600827917 -0.2554932446206891
-0.00375439208740512 -0.2557252302029454
-0.00371721988851992 -0.255954236908489
-0.00368041573120784 -0.2561802920128662
-0.00364397597149291 -0.256403426614242
-0.00360789700147813 -0.2566236702270905
-0.00357217524898825 -0.2568410525939963
-0.00353680717721609 -0.257055604186823
-0.00350178928437236 -0.2572673537028395
-0.00346711810333897 -0.2574763303364306
-0.00343279020132572 -0.2576825557191804
-0.00339880217953041 -0.2578860811378666
-0.00336515067280239 -0.258086912093191
-0.00333183234930929 -0.2582850853783935
-0.00329884391020722 -0.2584806296057899
-0.00326618208931408 -0.2586735717911335
-0.00323384365278622 -0.258863940492736
-0.00320182539879824 -0.2590517629562206
-0.00317012415722598 -0.259237067966107
-0.00313873678933265 -0.2594198829969252
-0.00310766018745807 -0.2596002339617051
-0.00307689127471096 -0.2597781494134906
-0.00304642700466432 -0.2599536552993694
-0.00301626436105378 -0.2601267788342875
-0.00298640035747899 -0.2602975465469207
-0.00295683203710791 -0.2604659843742256
-0.00292755647238407 -0.2606321210522066
-0.0028985707647367 -0.2607959780546398
-0.00286987204429376 -0.2609575841529019
-0.00284145746959779 -0.2611169684382547
-0.00281332422732454 -0.2612741512721126
-0.0027854695320045 -0.2614291599593647
-0.00275789062574703 -0.2615820191766809
-0.00273058477796735 -0.2617327554272783
-0.00270354928511619 -0.2618813923876369
-0.00267678147041207 -0.2620279550821339
-0.00265027868357631 -0.2621724680973054
-0.0026240383005706 -0.2623149557730176
-0.00259805772333723 -0.2624554419681467
-0.00257233437954181 -0.2625939513419238
-0.00254686572231862 -0.2627305073943895
-0.00252164923001844 -0.2628651337724543
-0.00249668240595885 -0.2629978539424464
-0.00247196277817708 -0.2631286911894959
-0.00244748789918523 -0.2632576686169589
-0.00242325534572795 -0.2633848091352907
-0.00239926271854252 -0.2635101355038644
-0.00237550764212131 -0.2636336702668546
-0.00235198776447654 -0.2637554357951744
-0.00232870075690747 -0.2638754542753914
-0.00230564431376977 -0.26399374770927
-0.0022828161522473 -0.2641103379133636
-0.00226021401212604 -0.264225246518604
-0.00223783565557034 -0.2643384949699916
-0.00221567886690132 -0.2644501045262118
-0.00219374145237755 -0.2645600962593912
-0.00217202123997777 -0.2646684910548554
-0.00215051607918591 -0.2647753096109789
-0.00212922384077813 -0.2648805724391792
-0.00210814241661201 -0.2649842998642311
-0.00208726971941783 -0.265086510805693
-0.00206660368259191 -0.2651872272821276
-0.00204614225999199 -0.2652864695310935
-0.00202588342573464 -0.2653842551929949
-0.0020058251739947 -0.2654806042817755
-0.00198596551880663 -0.2655755355651176
-0.00196630249386795 -0.26566906845931
-0.00194683415234451 -0.2657612212600861
-0.00192755856667773 -0.2658520138896845
-0.00190847382839379 -0.265941463094898
-0.00188957804791465 -0.2660295893823858
-0.00187086935437094 -0.2661164082831858
-0.00185234589541677 -0.2662019392788031
-0.0018340058370463 -0.2662861996851523
-0.00181584736341218 -0.2663692071855003
-0.00179786867664573 -0.2664509787478104
-0.00178006799667894 -0.2665315317006352
-0.00176244356106825 -0.2666108829979472
-0.00174499362482005 -0.2666890494038787
-0.00172771646021787 -0.2667660475191865
-0.00171061035665136 -0.2668418937420504
-0.00169367362044689 -0.2669166042950111
-0.00167690457469989 -0.2669901952188956
-0.00166030155910881 -0.267062682373463
-0.0016438629298107 -0.2671340814380629
-0.00162758705921851 -0.267204407912345
-0.00161147233585991 -0.2672736771170037
-0.00159551716421774 -0.2673419041945647
-0.00157971996457202 -0.2674091041101547
-0.00156407917284358 -0.2674752916523305
-0.00154859324043919 -0.2675404814729571
-0.00153326063409821 -0.2676046879314589
-0.0015180798357408 -0.2676679254252628
-0.00150304934231762 -0.267730207852304
-0.00148816766566101 -0.2677915492184698
-0.00147343333233764 -0.2678519634128354
-0.00145884488350261 -0.2679114638761929
-0.00144440087475506 -0.2679700639777526
-0.00143009987599511 -0.2680277772906209
-0.00141594047128228 -0.2680846162415169
-0.00140192125869533 -0.2681405941877641
-0.0013880408501934 -0.2681957238338565
-0.00137429787147861 -0.2682500177533523
-0.00136069096186001 -0.2683034883652229
-0.00134721877411882 -0.268356147930397
-0.00133387997437507 -0.2684080085517649
-0.00132067324195552 -0.2684590821510615
-0.00130759726926289 -0.2685093805684716
-0.00129465076164642 -0.2685589154217833
-0.00128183243727369 -0.2686076982247055
-0.00126914102700365 -0.2686557405929375
-0.00125657527426104 -0.2687030521394414
-0.00124413393491192 -0.2687496456835397
-0.00123181577714052 -0.2687955318186024
-0.00121961958132724 -0.2688407209045176
-0.00120754413992796 -0.2688852235646014
-0.00119558825735442 -0.2689290502450052
-0.00118375074985586 -0.2689722112410468
-0.00117203044540184 -0.2690147167034034
-0.00116042618356618 -0.2690565766408968
-0.00114893681541206 -0.2690978009223607
-0.00113756120337828 -0.2691383992782613
-0.00112629822116661 -0.2691783813021706
-0.00111514675363031 -0.2692177564522118
-0.00110410569666367 -0.2692565340524614
-0.00109317395709274 -0.2692947232943182
-0.00108235045256707 -0.2693323332378592
-0.00107163411145255 -0.2693693728130642
-0.00106102387272529 -0.2694058508208801
-0.00105051868586663 -0.2694417759336971
-0.00104011751075904 -0.269477156693919
-0.00102981931758321 -0.2695120015035735
-0.00101962308671605 -0.2695463190996399
-0.00100952780862975 -0.2695801169624016
-0.00099953248379183 -0.2696134034684796
-0.0009896361225661681 -0.2696461866139771
-0.000979837745115018 -0.2696784740242954
-0.000970136381301998 -0.2697102735836681
-0.000960531070596037 -0.2697415928700492
-0.000951020861976275 -0.2697724393606384
-0.000941604813837896 -0.2698028204246614
-0.0009322819938989071 -0.2698327433225191
-0.000923051479107828 -0.2698622152058726
-0.000913912355552305 -0.269891243120744
-0.000904863718368619 -0.2699198340056441
-0.000895904671652098 -0.2699479946948894
-0.000887034328368414 -0.269975731919399
-0.000878251810265756 -0.2700030523079827
-0.000869556247787878 -0.2700299623886557
-0.000860946779987997 -0.2700564685899337
-0.0008524225544435619 -0.2700825772421324
-0.000843982727171843 -0.2701082945786601
-0.00083562646254638 -0.2701336267372847
-0.000827352933214237 -0.2701585797614229
-0.000819161320014096 -0.2701831595810254
-0.000811050811895145 -0.2702073720949888
-0.000803020605836777 -0.270231223050963
-0.000795069906769086 -0.2702547181274629
-0.000787197927494145 -0.2702778629148648
-0.000779403888608064 -0.2703006629166211
-0.000771687018423826 -0.2703231235504559
-0.000764046552894877 -0.2703452501495745
-0.000756481735539482 -0.2703670479638289
-0.000748991817365824 -0.2703885221609008
-0.000741576056797845 -0.2704096778274583
-0.000734233719601827 -0.2704305199703014
-0.00072696407881369 -0.2704510535175117
-0.00071976641466702 -0.2704712833195687
-0.000712640014521802 -0.2704912141504713
-0.000705584172793863 -0.2705108507093609
-0.000698598190885013 -0.2705301976195431
-0.000691681377113875 -0.2705492594326951
-0.0006848330466474 -0.2705680406278471
-0.00067805252143307 -0.270586545613049
-0.000671339130131752 -0.2706047787261255
-0.00066469220805124 -0.2706227442277052
-0.000658111097080435 -0.2706404449253852
-0.0006515951456241939 -0.2706578889314994
-0.000645143708538805 -0.2706750767357718
-0.000638756147068124 -0.270692013313428
-0.000632431828780321 -0.2707087023293018
-0.000626170127505268 -0.2707251485633995
-0.000619970423272543 -0.2707413544834264
-0.000613832102250043 -0.2707573248946992
-0.00060775455668321 -0.2707730631857725
-0.000601737184834862 -0.2707885729880681
-0.000595779390925606 -0.2708038578761181
-0.000589880585074857 -0.2708189213672388
-0.000584040183242433 -0.2708337669222357
-0.000578257607170726 -0.2708483979462454
-0.000572532284327451 -0.2708628177895591
-0.000566863647848961 -0.2708770297484788
-0.00056125113648412 -0.2708910370661388
-0.000555694194538733 -0.2709048429333535
-0.000550192271820528 -0.2709184504894065
-0.000544744823584681 -0.2709318628228833
-0.000539351310479882 -0.270945082972454
-0.000534011198494933 -0.2709581139276485
-0.000528723958905874 -0.2709709586296554
-0.0005234890682236369 -0.2709836199720702
-0.000518306008142215 -0.2709961008016424
-0.000513174265487342 -0.2710084039190365
-0.000508093332165685 -0.2710205320795495
-0.00050306270511454 -0.2710324879938453
-0.0004980818862520199 -0.271044274328655
-0.000493150382427742 -0.2710558937074802
-0.000488267705374002 -0.2710673487113001
-0.000483433371657428 -0.2710786418792351
-0.000478646902631117 -0.2710897757092272
-0.000473907824387244 -0.2711007526587016
-0.000469215667710143 -0.2711115751452179
-0.000464569968029844 -0.2711222455471256
-0.000459970265376083 -0.27113276620417
-0.000455416104332756 -0.2711431394135561
-0.000450907033992828 -0.2711533674489101
-0.000446442607913691 -0.2711634525333428
-0.000442022384072961 -0.2711733968584202
-0.000437645924824714 -0.271183202580134
-0.000433312796856152 -0.2711928718195168
-0.000429022571144705 -0.2712024066513551
-0.00042477482291555 -0.2712118091521024
-0.000420569131599554 -0.2712210813293933
-0.000416405080791638 -0.2712302251699751
-0.000412282258209542 -0.2712392426283706
-0.000408200255653012 -0.2712481356274225
-0.000404158668963379 -0.2712569060588159
-0.000400157097983543 -0.2712655557835884
-0.00039619514651836 -0.2712740866326229
-0.000392272422295405 -0.2712825004071624
-0.000388388536926144 -0.2712907988792803
-0.000384543105867469 -0.2712989837923777
-0.000380735748383633 -0.2713070568616343
-0.000376966087508547 -0.2713150197745113
-0.000373233750008463 -0.2713228741911625
-0.000369538366345013 -0.2713306217449289
-0.000365879570638626 -0.2713382640427519
-0.000362257000632303 -0.271345802665617
-0.000358670297655746 -0.2713532391689997
-0.000355119106589847 -0.2713605750832696
-0.000351603075831532 -0.2713678119141038
-0.000348121857258943 -0.2713749511429089
-0.000344675106196973 -0.2713819942271863
-0.000341262481383142 -0.271388942600899
-0.000337883644933803 -0.2713957976747525
-0.000334538262310697 -0.2714025608359149
-0.000331226002287818 -0.2714092334491132
-0.000327946536918632 -0.27141581689591
-0.000324699541503596 -0.2714223124254228
-0.000321484694558016 -0.2714287213853003
-0.000318301677780214 -0.2714350450495196
-0.000315150176020014 -0.2714412846770777
-0.000312029877247538 -0.2714474415073864
-0.000308940472522315 -0.2714535167601669
-0.000305881655962688 -0.2714595116356703
-0.000302853124715533 -0.271465427314984
-0.00029985457892627 -0.2714712649603364
-0.000296885721709178 -0.2714770257154083
-0.000293946259117998 -0.2714827107056416
-0.00029103590011683 -0.2714883210385407
-0.000288154356551317 -0.2714938578039722
-0.000285301343120116 -0.2714993220744575
-0.000282476577346649 -0.2715047149054644
-0.000279679779551138 -0.2715100373356903
-0.000276910672822909 -0.271515290387343
-0.000274168982992979 -0.2715204750664121
-0.00027145443860691 -0.2715255923629449
-0.00026876677089793 -0.2715306432513115
-0.000266105713760327 -0.2715356286904644
-0.000263471003723096 -0.2715405496241929
-0.000260862379923858 -0.2715454069813849
-0.000258279584083027 -0.2715502016762674
-0.000255722360478245 -0.2715549346086529
-0.000253190455919054 -0.271559606664173
-0.000250683619721836 -0.2715642187144816
-0.000248201603684986 -0.2715687716192888
-0.000245744162064343 -0.2715732662187258
-0.000243311051548854 -0.271577703347971
-0.000240902031236489 -0.2715820838241627
-0.000238516862610385 -0.2715864084527053
-0.000236155309515233 -0.2715906780264252
-0.000233817138133894 -0.2715948933257589
-0.000231502116964252 -0.2715990551189669
-0.000229210016796289 -0.2716031641623282
-0.000226940610689395 -0.2716072212003341
-0.000224693673949896 -0.271611226965897
-0.000222468984108808 -0.2716151821805343
-0.00022026632089981 -0.2716190875545578
-0.000218085466237435 -0.2716229437872656
-0.000215926204195481 -0.271626751567113
-0.000213788320985624 -0.2716305115719092
-0.000211671604936262 -0.2716342244689794
-0.000209575846471546 -0.271637890915346
-0.00020750083809064 -0.271641511557899
-0.000205446374347168 -0.2716450870335532
-0.000203412251828879 -0.2716486179694355
-0.000201398269137504 -0.2716521049830247
-0.000199404226868816 -0.2716555486823206
-0.000197429927592887 -0.271658949666006
-0.000195475175834542 -0.2716623085235853
-0.000193539778054002 -0.2716656258355571
-0.000191623542627725 -0.2716689021735394
-0.00018972627982943 -0.2716721381004342
-0.000187847801811317 -0.2716753341705637
-0.000185987922585462 -0.2716784909298115
-0.000184146458005408 -0.2716816089157631
-0.000182323225747929 -0.2716846886578402
-0.000180518045294979 -0.2716877306774341
-0.000178730737915821 -0.2716907354880508
-0.000176961126649328 -0.2716937035954112
-0.000175209036286463 -0.2716966354976165
-0.000173474293352934 -0.271699531685242
-0.000171756726092014 -0.2717023926414689
-0.000170056164447538 -0.2717052188422214
-0.000168372440047068 -0.2717080107562578
-0.000166705386185215 -0.2717107688453114
-0.000165054837807144 -0.2717134935641947
-0.000163420631492222 -0.2717161853609091
-0.000161802605437843 -0.271718844676762
-0.000160200599443409 -0.2717214719464786
-0.000158614454894465 -0.2717240675982939
-0.000157044014746995 -0.2717266320540802
-0.000155489123511876 -0.271729165729435
-0.000153949627239481 -0.2717316690337837
-0.000152425373504437 -0.2717341423704858
-0.000150916211390531 -0.2717365861369265
-0.000149421991475774 -0.271739000724625
-0.000147942565817598 -0.2717413865193101
-0.000146477787938216 -0.2717437439010399
-0.000145027512810114 -0.2717460732442573
-0.000143591596841697 -0.2717483749179281
-0.000142169897863067 -0.2717506492855781
-0.000140762275111947 -0.2717528967054265
-0.00013936858921975 -0.2717551175304353
-0.000137988702197772 -0.2717573121084105
-0.000136622477423537 -0.2717594807820927
-0.000135269779627264 -0.271761623889218
-0.000133930474878479 -0.2717637417626146
-0.000132604430572752 -0.2717658347302815
-0.000131291515418566 -0.2717679031154417
-0.000129991599424323 -0.2717699472366683
-0.000128704553885468 -0.2717719674079084
-0.000127430251371751 -0.2717739639385914
-0.000126168565714605 -0.2717759371338062
-0.000124919371994658 -0.2717778872949862
-0.000123682546529364 -0.2717798147112855
-0.000122457966860757 -0.2717817196870523
-0.000121245511743324 -0.2717836025023663
-0.000120045061132003 -0.2717854634420944
-0.0001188564961703 -0.2717873027859825
-0.000117679699178515 -0.2717891208097001
-0.000116514553642094 -0.2717909177849682
-0.000115360944200093 -0.2717926939796448
-0.000114218756633756 -0.271794449657763
-0.000113087877855204 -0.2717961850796228
-0.000111968195896241 -0.2717979005018348
-0.000110859599897269 -0.2717995961773806
-0.000109761980096306 -0.2718012723556709
-0.000108675227818124 -0.2718029292826014
-0.00010759923546349 -0.2718045672006035
-0.000106533896498505 -0.2718061863487088
-0.000105479105444064 -0.271807786962593
-0.00010443475786541 -0.2718093692746275
-0.000103400750361792 -0.2718109335139347
-0.00010237698055623 -0.2718124799064435
-0.000101363347085376 -0.2718140086749291
-0.000100359749589481 -0.2718155200390621
-9.93660887024564e-05 -0.2718170142154636
-9.838226604203611e-05 -0.2718184914177517
-9.74081842000357e-05 -0.2718199518565806
-9.64437467327086e-05 -0.2718213957396924
-9.548885815119661e-05 -0.2718228232719606
-9.45434239120759e-05 -0.271824234655433
-9.36073504079959e-05 -0.2718256300893729
-9.26805449584118e-05 -0.2718270097703116
-9.17629158004077e-05 -0.271828373892078
-9.08543720796116e-05 -0.2718297226458456
-8.995482384119961e-05 -0.2718310562201721
-8.90641820209897e-05 -0.2718323748010429
-8.81823584366235e-05 -0.2718336785719045
-8.730926577883521e-05 -0.2718349677137072
-8.64448176028071e-05 -0.2718362424049378
-8.5588928319611e-05 -0.2718375028216649
-8.474151318773359e-05 -0.2718387491375733
-8.39024883046868e-05 -0.2718399815239866
-8.307177059869981e-05 -0.2718412001499284
-8.22492778204948e-05 -0.2718424051821311
-8.143492853514339e-05 -0.2718435967850907
-8.062864211400339e-05 -0.2718447751210856
-7.9830338726736e-05 -0.2718459403502202
-7.9039939333402e-05 -0.2718470926304487
-7.82573656766356e-05 -0.2718482321176152
-7.74825402738966e-05 -0.2718493589654818
-7.671538640979859e-05 -0.2718504733257616
-7.59558281285135e-05 -0.271851575348141
-7.5203790226251e-05 -0.2718526651803201
-7.44591982438129e-05 -0.271853742968039
-7.37219784592207e-05 -0.271854808855105
-7.299205788041651e-05 -0.2718558629834259
-7.22693642380361e-05 -0.2718569054930244
-7.155382597825361e-05 -0.2718579365220892
-7.084537225569659e-05 -0.2718589562069794
-7.01439329264323e-05 -0.2718599646822666
-6.944943854102211e-05 -0.2718609620807521
-6.876182033764561e-05 -0.2718619485334969
-6.80810102352927e-05 -0.2718629241698512
-6.74069408270225e-05 -0.271863889117465
-6.673954537328961e-05 -0.2718648435023315
-6.607875779533621e-05 -0.2718657874488026
-6.54245126686497e-05 -0.2718667210796069
-6.477674521648491e-05 -0.2718676445158844
-6.41353913034504e-05 -0.2718685578771989
-6.350038742915879e-05 -0.271869461281575
-6.28716707219394e-05 -0.2718703548454997
-6.22491789326132e-05 -0.2718712386839708
-6.16328504283299e-05 -0.2718721129104947
-6.10226241864653e-05 -0.2718729776371145
-6.04184397885795e-05 -0.2718738329744456
-5.98202374144351e-05 -0.2718746790316764
-5.92279578360744e-05 -0.2718755159165975
-5.86415424119548e-05 -0.2718763437356199
-5.80609330811434e-05 -0.271877162593803
-5.74860723575677e-05 -0.2718779725948597
-5.69169033243245e-05 -0.2718787738411859
-5.6353369628044e-05 -0.2718795664338751
-5.57954154733109e-05 -0.2718803504727374
-5.52429856171395e-05 -0.2718811260563215
-5.46960253635045e-05 -0.2718818932819253
-5.41544805579252e-05 -0.2718826522456179
-5.36182975821042e-05 -0.2718834030422598
-5.3087423348618e-05 -0.271884145765514
-5.25618052956614e-05 -0.2718848805078646
-5.2041391381843e-05 -0.2718856073606424
-5.15261300810327e-05 -0.2718863264140174
-5.10159703772601e-05 -0.2718870377570461
-5.05108617596634e-05 -0.2718877414776656
-5.00107542174885e-05 -0.271888437662711
-4.95155982351372e-05 -0.2718891263979425
-4.90253447872645e-05 -0.2718898077680482
-4.85399453339253e-05 -0.2718904818566668
-4.80593518157676e-05 -0.271891148746396
-4.75835166492748e-05 -0.2718918085188128
-4.71123927220543e-05 -0.2718924612544801
-4.66459333881726e-05 -0.2718931070329714
-4.61840924635372e-05 -0.2718937459328744
-4.5726824221324e-05 -0.2718943780318114
-4.52740833874495e-05 -0.2718950034064444
-4.48258251360886e-05 -0.2718956221324996
-4.43820050852362e-05 -0.2718962342847733
-4.39425792923131e-05 -0.2718968399371428
-4.35075042498149e-05 -0.2718974391625792
-4.30767368810049e-05 -0.2718980320331691
-4.26502345356484e-05 -0.2718986186201174
-4.22279549857905e-05 -0.2718991989937573
-4.18098564215747e-05 -0.2718997732235391
-4.13958974471037e-05 -0.2719003413782289
-4.09860370763403e-05 -0.2719009035254698
-4.05802347290498e-05 -0.2719014597323175
-4.0178450226782e-05 -0.2719020100649313
-3.97806437888931e-05 -0.2719025545886964
-3.9386776028607e-05 -0.2719030933681931
-3.89968079491158e-05 -0.2719036264672261
-3.86107009397186e-05 -0.2719041539488321
-3.82284167719987e-05 -0.2719046758752955
-3.78499175960383e-05 -0.2719051923081535
-3.74751659366716e-05 -0.271905703308193
-3.71041246897738e-05 -0.2719062089354942
-3.67367571185879e-05 -0.2719067092494023
-3.63730268500871e-05 -0.2719072043085614
-3.60128978713733e-05 -0.2719076941709144
-3.56563345261122e-05 -0.271908178893717
-3.53033015110022e-05 -0.271908658533537
-3.49537638722794e-05 -0.2719091331462843
-3.46076870022568e-05 -0.2719096027871954
-3.42650366358979e-05 -0.2719100675108517
-3.39257788474236e-05 -0.2719105273711981
-3.35898800469541e-05 -0.2719109824215263
-3.32573069771823e-05 -0.2719114327145195
-3.29280267100814e-05 -0.2719118783022293
-3.2602006643645e-05 -0.2719123192360919
-3.22792144986584e-05 -0.2719127555669376
-3.19596183155034e-05 -0.2719131873450132
-3.16431864509934e-05 -0.2719136146199706
-3.1329887575241e-05 -0.2719140374408731
-3.10196906685555e-05 -0.2719144558562132
-3.07125650183718e-05 -0.2719148699139263
-3.04084802162097e-05 -0.2719152796613746
-3.0107406154663e-05 -0.271915685145381
-2.98093130244188e-05 -0.2719160864122098
-2.95141713113058e-05 -0.2719164835076049
-2.92219517933721e-05 -0.2719168764767649
-2.89326255379921e-05 -0.2719172653643688
-2.86461638990021e-05 -0.2719176502145768
-2.83625385138635e-05 -0.2719180310710499
-2.80817213008549e-05 -0.2719184079769239
-2.7803684456292e-05 -0.2719187809748457
-2.75284004517743e-05 -0.2719191501069813
-2.72558420314597e-05 -0.2719195154149999
-2.6985982209366e-05 -0.2719198769400903
-2.6718794266699e-05 -0.2719202347229684
-2.64542517492069e-05 -0.2719205888038967
-2.61923284645613e-05 -0.271920939222652
-2.59329984797637e-05 -0.2719212860185831
-2.56762361185779e-05 -0.2719216292305623
-2.5422015958988e-05 -0.2719219688970434
-2.51703128306812e-05 -0.271922305056012
-2.49211018125557e-05 -0.2719226377450523
-2.46743582302531e-05 -0.2719229670012946
-2.4430057653716e-05 -0.2719232928614677
-2.41881758947683e-05 -0.2719236153618629
-2.39486890047211e-05 -0.271923934538375
-2.37115732720011e-05 -0.2719242504264767
-2.3476805219803e-05 -0.2719245630612659
-2.32443616037654e-05 -0.271924872477415
-2.30142194096687e-05 -0.271925178709217
-2.27863558511571e-05 -0.2719254817905776
-2.25607483674823e-05 -0.2719257817550296
-2.23373746212696e-05 -0.2719260786357023
-2.21162124963065e-05 -0.2719263724653687
-2.1897240095353e-05 -0.2719266632764403
-2.16804357379733e-05 -0.2719269511009424
-2.14657779583894e-05 -0.2719272359705834
-2.12532455033558e-05 -0.2719275179167149
-2.10428173300553e-05 -0.2719277969703626
-2.08344726040151e-05 -0.2719280731590341
-2.06281906970447e-05 -0.271928346521096
-2.04239511851927e-05 -0.2719286170793669
-2.02217338467255e-05 -0.2719288848654057
-2.00215186601242e-05 -0.2719291499086042
-1.98232858021032e-05 -0.2719294122379058
-1.96270156456467e-05 -0.271929671881971
-1.94326887580661e-05 -0.2719299288691139
-1.92402858990753e-05 -0.2719301832273341
-1.90497880188865e-05 -0.2719304349843191
-1.88611762563232e-05 -0.2719306841674591
-1.86744319369537e-05 -0.2719309308038331
-1.84895365712413e-05 -0.2719311749202239
-1.83064718527141e-05 -0.2719314165431163
-1.81252196561526e-05 -0.2719316556987072
-1.79457620357947e-05 -0.2719318924128999
-1.77680812235591e-05 -0.2719321267113076
-1.75921596272862e-05 -0.2719323586192739
-1.74179798289962e-05 -0.2719325881618564
-1.72455245831646e-05 -0.2719328153638312
-1.70747768150145e-05 -0.2719330402497196
-1.69057196188262e-05 -0.2719332628437541
-1.67383362562636e-05 -0.2719334831699121
-1.65726101547164e-05 -0.27193370125191
-1.64085249056598e-05 -0.2719339171132
-1.62460642630295e-05 -0.2719341307769759
-1.60852121416134e-05 -0.2719343422661855
-1.59259526154588e-05 -0.2719345516035201
-1.57682699162958e-05 -0.2719347588114282
-1.56121484319761e-05 -0.2719349639121053
-1.54575727049268e-05 -0.2719351669275157
-1.53045274306206e-05 -0.2719353678793754
-1.515299745606e-05 -0.2719355667891721
-1.50029677782772e-05 -0.2719357636781533
-1.48544235428487e-05 -0.2719359585673402
-1.47073500424245e-05 -0.2719361514775255
-1.45617327152718e-05 -0.2719363424292749
-1.44175571438334e-05 -0.2719365314429305
-1.42748090533004e-05 -0.2719367185386183
-1.41334743101984e-05 -0.2719369037362421
-1.39935389209886e-05 -0.2719370870554964
-1.38549890306817e-05 -0.2719372685158536
-1.37178109214671e-05 -0.2719374481365894
-1.35819910113535e-05 -0.2719376259367583
-1.34475158528253e-05 -0.2719378019352159
-1.33143721315102e-05 -0.2719379761506155
-1.31825466648616e-05 -0.2719381486014072
-1.3052026400853e-05 -0.2719383193058435
-1.29227984166862e-05 -0.2719384882819831
-1.27948499175111e-05 -0.2719386555476865
-1.26681682351595e-05 -0.2719388211206271
-1.25427408268906e-05 -0.2719389850182867
-1.24185552741491e-05 -0.2719391472579596
-1.22955992813357e-05 -0.2719393078567515
-1.21738606745898e-05 -0.2719394668315941
-1.2053327400584e-05 -0.2719396241992301
-1.19339875253307e-05 -0.2719397799762275
-1.18158292330007e-05 -0.2719399341789736
-1.16988408247531e-05 -0.2719400868236843
-1.15830107175774e-05 -0.2719402379264002
-1.14683274431459e-05 -0.2719403875029945
-1.13547796466791e-05 -0.2719405355691693
-1.12423560858209e-05 -0.2719406821404567
-1.11310456295256e-05 -0.2719408272322265
-1.10208372569561e-05 -0.271940970859687
-1.09117200563922e-05 -0.2719411130378807
-1.08036832241506e-05 -0.2719412537816923
-1.06967160635155e-05 -0.2719413931058521
-1.05908079836787e-05 -0.2719415310249276
-1.04859484986918e-05 -0.2719416675533347
-1.03821272264275e-05 -0.2719418027053395
-1.0279333887552e-05 -0.2719419364950565
-1.01775583045069e-05 -0.2719420689364448
-1.00767904005019e-05 -0.2719422000433203
-9.977020198516739e-06 -0.2719423298293576
-9.878237820313601e-06 -0.271942458308081
-9.780433485459009e-06 -0.2719425854928685
-9.68359751035546e-06 -0.2719427113969675
-9.587720307282629e-06 -0.2719428360334774
-9.492792383448151e-06 -0.2719429594153643
-9.39880434004767e-06 -0.2719430815554535
-9.30574687133433e-06 -0.2719432024664376
-9.21361076369735e-06 -0.2719433221608769
-9.12238689474986e-06 -0.2719434406511999
-9.0320662324256e-06 -0.2719435579497001
-8.942639834084751e-06 -0.271943674068546
-8.85409884562847e-06 -0.2719437890197791
-8.76643450062225e-06 -0.2719439028153118
-8.679638119427971e-06 -0.271944015466931
-8.593701108344519e-06 -0.2719441269863039
-8.508614958756951e-06 -0.2719442373849731
-8.42437124629401e-06 -0.271944346674359
-8.34096162999407e-06 -0.2719444548657647
-8.25837785147928e-06 -0.2719445619703754
-8.1766117341379e-06 -0.2719446679992598
-8.09565518231475e-06 -0.2719447729633652
-8.01550018050966e-06 -0.2719448768735336
-7.93613879258382e-06 -0.2719449797404854
-7.85756316097408e-06 -0.2719450815748369
-7.77976550591493e-06 -0.2719451823870882
-7.702738124668249e-06 -0.2719452821876303
-7.62647339076064e-06 -0.2719453809867479
-7.55096375322836e-06 -0.2719454787946215
-7.47620173586966e-06 -0.2719455756213191
-7.40217993650461e-06 -0.2719456714768042
-7.32889102624219e-06 -0.2719457663709414
-7.25632774875465e-06 -0.2719458603134956
-7.18448291955906e-06 -0.2719459533141209
-7.113349425306e-06 -0.2719460453823754
-7.04292022307524e-06 -0.2719461365277229
-6.97318833967846e-06 -0.2719462267595177
-6.90414687096877e-06 -0.2719463160870297
-6.8357889811572e-06 -0.2719464045194241
-6.76810790213584e-06 -0.2719464920657748
-6.70109693280776e-06 -0.2719465787350595
-6.63474943842353e-06 -0.2719466645361669
-6.56905884992428e-06 -0.2719467494778867
-6.50401866329137e-06 -0.2719468335689273
-6.43962243890235e-06 -0.271946916817897
-6.37586380089341e-06 -0.2719469992333235
-6.31273643652813e-06 -0.2719470808236424
-6.25023409557241e-06 -0.2719471615972002
-6.18835058967565e-06 -0.2719472415622617
-6.12707979175807e-06 -0.2719473207270047
-6.06641563540403e-06 -0.2719473990995179
-6.00635211426141e-06 -0.2719474766878169
-5.94688328144694e-06 -0.2719475534998247
-5.88800324895737e-06 -0.2719476295433919
-5.82970618708651e-06 -0.2719477048262758
-5.77198632384803e-06 -0.2719477793561624
-5.71483794440399e-06 -0.2719478531406617
-5.658255390499e-06 -0.2719479261873013
-5.6022330599e-06 -0.2719479985035239
-5.54676540584158e-06 -0.2719480700967067
-5.49184693647681e-06 -0.2719481409741483
-5.43747221433348e-06 -0.2719482111430707
-5.38363585577572e-06 -0.2719482806106201
-5.33033253047101e-06 -0.2719483493838753
-5.27755696086239e-06 -0.2719484174698337
-5.22530392164593e-06 -0.2719484848754278
-5.17356823925339e-06 -0.2719485516075189
-5.12234479133999e-06 -0.2719486176728924
-5.07162850627722e-06 -0.2719486830782718
-5.02141436265071e-06 -0.2719487478303038
-4.97169738876308e-06 -0.2719488119355709
-4.92247266214166e-06 -0.2719488754005916
-4.87373530905115e-06 -0.2719489382318095
-4.82548050401104e-06 -0.2719490004356119
-4.77770346931786e-06 -0.2719490620183129
-4.73039947457214e-06 -0.2719491229861642
-4.68356383621004e-06 -0.271949183345357
-4.63719191703965e-06 -0.271949243102012
-4.59127912578183e-06 -0.2719493022621953
-4.54582091661567e-06 -0.2719493608319091
-4.50081278872839e-06 -0.2719494188170872
-4.45625028586969e-06 -0.2719494762236142
-4.41212899591058e-06 -0.2719495330573048
-4.36844455040652e-06 -0.2719495893239199
-4.32519262416487e-06 -0.2719496450291605
-4.2823689348167e-06 -0.2719497001786669
-4.23996924239277e-06 -0.2719497547780281
-4.19798934890374e-06 -0.2719498088327678
-4.15642509792449e-06 -0.2719498623483591
-4.11527237418267e-06 -0.2719499153302207
-4.07452710315115e-06 -0.2719499677837109
-4.03418525064471e-06 -0.2719500197141352
-3.9942428224205e-06 -0.2719500711267466
-3.95469586378268e-06 -0.2719501220267437
-3.91554045919077e-06 -0.2719501724192748
-3.87677273187205e-06 -0.271950222309427
-3.83838884343767e-06 -0.2719502717022512
-3.80038499350264e-06 -0.2719503206027312
-3.76275741930955e-06 -0.2719503690158069
-3.72550239535599e-06 -0.2719504169463723
-3.68861623302573e-06 -0.2719504643992629
-3.6520952802235e-06 -0.271950511379271
-3.61593592101336e-06 -0.2719505578911397
-3.58013457526076e-06 -0.2719506039395622
-3.54468769827798e-06 -0.2719506495291839
-3.50959178047324e-06 -0.2719506946646051
-3.47484334700321e-06 -0.2719507393503798
-3.44043895742892e-06 -0.2719507835910106
-3.40637520537517e-06 -0.2719508273909639
-3.37264871819324e-06 -0.2719508707546496
-3.33925615662697e-06 -0.2719509136864375
-3.30619421448215e-06 -0.2719509561906595
-3.27345961829915e-06 -0.2719509982715981
-3.24104912702887e-06 -0.2719510399334889
-3.20895953171175e-06 -0.2719510811805266
-3.17718765516015e-06 -0.2719511220168682
-3.14573035164371e-06 -0.2719511624466277
-3.11458450657793e-06 -0.2719512024738723
-3.08374703621577e-06 -0.2719512421026321
-3.05321488734235e-06 -0.2719512813368939
-3.02298503697262e-06 -0.2719513201806048
-2.9930544920521e-06 -0.2719513586376772
-2.9634202891605e-06 -0.2719513967119783
-2.93407949421831e-06 -0.271951434407334
-2.90502920219635e-06 -0.2719514717275346
-2.87626653682807e-06 -0.271951508676338
-2.84778865032482e-06 -0.2719515452574559
-2.81959272309388e-06 -0.2719515814745661
-2.79167596345929e-06 -0.2719516173313065
-2.76403560738544e-06 -0.2719516528312819
-2.7366689182034e-06 -0.2719516879780574
-2.70957318634e-06 -0.2719517227751656
-2.68274572904951e-06 -0.2719517572261013
-2.65618389014803e-06 -0.271951791334325
-2.62988503975052e-06 -0.2719518251032602
-2.60384657401042e-06 -0.271951858536296
-2.5780659148618e-06 -0.2719518916367925
-2.55254050976416e-06 -0.2719519244080695
-2.52726783144966e-06 -0.2719519568534186
-2.50224537767293e-06 -0.2719519889760922
-2.4774706709633e-06 -0.2719520207793163
-2.4529412583795e-06 -0.2719520522662782
-2.42865471126683e-06 -0.2719520834401383
-2.40460862501667e-06 -0.2719521143040226
-2.38080061882838e-06 -0.2719521448610273
-2.35722833547365e-06 -0.2719521751142187
-2.33388944106302e-06 -0.2719522050666235
-2.31078162481487e-06 -0.27195223472125
-2.2879025988266e-06 -0.2719522640810665
-2.26525009784812e-06 -0.2719522931490171
-2.24282187905755e-06 -0.2719523219280172
-2.22061572183915e-06 -0.2719523504209486
-2.19862942756352e-06 -0.2719523786306625
-2.17686081936982e-06 -0.27195240655999
-2.15530774195032e-06 -0.2719524342117262
-2.13396806133695e-06 -0.2719524615886382
-2.11283966469005e-06 -0.2719524886934745
-2.09192046008916e-06 -0.2719525155289415
-2.0712083763259e-06 -0.271952542097731
-2.05070136269891e-06 -0.2719525684024966
-2.0303973888108e-06 -0.271952594445879
-2.01029444436713e-06 -0.2719526202304814
-1.99039053897736e-06 -0.2719526457588829
-1.97068370195778e-06 -0.2719526710336398
-1.95117198213641e-06 -0.2719526960572809
-1.93185344765982e-06 -0.2719527208323068
-1.9127261858018e-06 -0.2719527453611986
-1.89378830277406e-06 -0.2719527696464118
-1.87503792353867e-06 -0.2719527936903703
-1.85647319162245e-06 -0.2719528174954828
-1.83809226893311e-06 -0.2719528410641266
-1.81989333557734e-06 -0.2719528643986591
-1.80187458968054e-06 -0.2719528875014137
-1.78403424720845e-06 -0.2719529103746993
-1.76637054179055e-06 -0.2719529330208059
-1.74888172454509e-06 -0.2719529554419889
-1.73156606390603e-06 -0.2719529776404968
-1.71442184545152e-06 -0.2719529996185447
-1.69744737173418e-06 -0.2719530213783262
-1.68064096211305e-06 -0.2719530429220219
-1.66400095258717e-06 -0.2719530642517764
-1.64752569563087e-06 -0.2719530853697247
-1.63121356003056e-06 -0.2719531062779767
-1.61506293072333e-06 -0.2719531269786197
-1.59907220863696e-06 -0.2719531474737183
-1.58323981053164e-06 -0.2719531677653245
-1.56756416884321e-06 -0.2719531878554564
-1.55204373152793e-06 -0.2719532077461302
-1.53667696190884e-06 -0.2719532274393238
-1.52146233852361e-06 -0.2719532469370056
-1.50639835497387e-06 -0.2719532662411195
-1.49148351977611e-06 -0.2719532853535977
-1.47671635621397e-06 -0.2719533042763426
-1.46209540219205e-06 -0.2719533230112452
-1.44761921009113e-06 -0.2719533415601718
-1.43328634662489e-06 -0.2719533599249789
-1.41909539269791e-06 -0.2719533781074937
-1.40504494326525e-06 -0.2719533961095313
-1.39113360719332e-06 -0.2719534139328876
-1.3773600071221e-06 -0.2719534315793432
-1.36372277932881e-06 -0.2719534490506538
-1.35022057359288e-06 -0.2719534663485641
-1.33685205306226e-06 -0.2719534834747993
-1.32361589412105e-06 -0.2719535004310674
-1.31051078625847e-06 -0.2719535172190574
-1.29753543193907e-06 -0.2719535338404436
-1.28468854647433e-06 -0.2719535502968849
-1.27196885789538e-06 -0.2719535665900217
-1.25937510682711e-06 -0.271953582721475
-1.24690604636347e-06 -0.2719535986928583
-1.23456044194403e-06 -0.2719536145057571
-1.22233707123171e-06 -0.2719536301617518
-1.2102347239918e-06 -0.2719536456623996
-1.19825220197208e-06 -0.2719536610092522
-1.18638831878423e-06 -0.2719536762038296
-1.17464189978637e-06 -0.2719536912476497
-1.1630117819667e-06 -0.2719537061422115
-1.15149681382842e-06 -0.2719537208889999
-1.14009585527566e-06 -0.2719537354894851
-1.12880777750065e-06 -0.2719537499451152
-1.11763146287194e-06 -0.2719537642573352
-1.1065658048237e-06 -0.271953778427571
-1.09560970774624e-06 -0.2719537924572342
-1.08476208687746e-06 -0.2719538063477184
-1.07402186819551e-06 -0.2719538201004109
-1.06338798831238e-06 -0.2719538337166758
-1.0528593943687e-06 -0.2719538471978745
-1.0424350439294e-06 -0.2719538605453491
-1.0321139048806e-06 -0.2719538737604237
-1.02189495532732e-06 -0.2719538868444165
-1.0117771834924e-06 -0.271953899798633
-1.00175958761624e-06 -0.2719539126243605
1.00175958761624e-06 -0.2719564731750796
1.0117771834924e-06 -0.2719564859548586
1.02189495532732e-06 -0.2719564988622034
1.0321139048806e-06 -0.2719565118983842
1.0424350439294e-06 -0.2719565250646866
1.0528593943687e-06 -0.2719565383624022
1.06338798831238e-06 -0.271956551792849
1.07402186819551e-06 -0.271956565357339
1.08476208687746e-06 -0.2719565790572147
1.09560970774624e-06 -0.271956592893822
1.1065658048237e-06 -0.2719566068685249
1.11763146287194e-06 -0.271956620982694
1.12880777750065e-06 -0.2719566352377226
1.14009585527566e-06 -0.2719566496350141
1.15149681382842e-06 -0.2719566641759842
1.1630117819667e-06 -0.2719566788620613
1.17464189978637e-06 -0.2719566936946925
1.18638831878423e-06 -0.2719567086753402
1.19825220197208e-06 -0.2719567238054735
1.2102347239918e-06 -0.271956739086581
1.22233707123171e-06 -0.2719567545201684
1.23456044194403e-06 -0.2719567701077538
1.24690604636347e-06 -0.2719567858508672
1.25937510682711e-06 -0.2719568017510635
1.27196885789538e-06 -0.2719568178099003
1.28468854647433e-06 -0.2719568340289591
1.29753543193907e-06 -0.2719568504098346
1.31051078625847e-06 -0.2719568669541339
1.32361589412105e-06 -0.271956883663491
1.33685205306226e-06 -0.2719569005395416
1.35022057359288e-06 -0.2719569175839505
1.36372277932881e-06 -0.2719569347983862
1.3773600071221e-06 -0.2719569521845474
1.39113360719332e-06 -0.2719569697441377
1.40504494326525e-06 -0.2719569874788876
1.41909539269791e-06 -0.2719570053905362
1.43328634662489e-06 -0.271957023480845
1.44761921009113e-06 -0.2719570417515924
1.46209540219205e-06 -0.2719570602045701
1.47671635621397e-06 -0.2719570788415933
1.49148351977611e-06 -0.2719570976644935
1.50639835497387e-06 -0.2719571166751175
1.52146233852361e-06 -0.2719571358753334
1.53667696190884e-06 -0.2719571552670264
1.55204373152793e-06 -0.2719571748521011
1.56756416884321e-06 -0.2719571946324841
1.58323981053164e-06 -0.2719572146101092
1.59907220863696e-06 -0.271957234786943
1.61506293072333e-06 -0.2719572551649652
1.63121356003056e-06 -0.2719572757461767
1.64752569563087e-06 -0.2719572965325975
1.66400095258717e-06 -0.2719573175262658
1.68064096211305e-06 -0.271957338729244
1.69744737173418e-06 -0.271957360143613
1.71442184545152e-06 -0.2719573817714698
1.73156606390603e-06 -0.2719574036149414
1.74888172454509e-06 -0.2719574256761654
1.76637054179055e-06 -0.271957447957308
1.78403424720845e-06 -0.271957470460557
1.80187458968054e-06 -0.2719574931881174
1.81989333557734e-06 -0.271957516142215
1.83809226893311e-06 -0.2719575393251023
1.85647319162245e-06 -0.2719575627390552
1.87503792353867e-06 -0.2719575863863636
1.89378830277406e-06 -0.2719576102693478
1.9127261858018e-06 -0.2719576343903524
1.93185344765982e-06 -0.2719576587517345
1.95117198213641e-06 -0.271957683355885
1.97068370195778e-06 -0.2719577082052154
1.99039053897736e-06 -0.2719577333021553
2.01029444436713e-06 -0.2719577586491675
2.0303973888108e-06 -0.2719577842487337
2.05070136269891e-06 -0.2719578101033607
2.0712083763259e-06 -0.2719578362155797
2.09192046008916e-06 -0.2719578625879491
2.11283966469005e-06 -0.2719578892230503
2.13396806133695e-06 -0.2719579161234889
2.15530774195032e-06 -0.2719579432919009
2.17686081936982e-06 -0.2719579707309434
2.19862942756352e-06 -0.271957998443303
2.22061572183915e-06 -0.2719580264316868
2.24282187905755e-06 -0.2719580546988407
2.26525009784812e-06 -0.2719580832475237
2.2879025988266e-06 -0.2719581120805294
2.31078162481487e-06 -0.2719581412006777
2.33388944106302e-06 -0.2719581706108181
2.35722833547365e-06 -0.2719582003138253
2.38080061882838e-06 -0.2719582303126022
2.40460862501667e-06 -0.2719582606100795
2.42865471126683e-06 -0.271958291209222
2.4529412583795e-06 -0.2719583221130191
2.4774706709633e-06 -0.271958353324489
2.50224537767293e-06 -0.2719583848466817
2.52726783144966e-06 -0.2719584166826786
2.55254050976416e-06 -0.2719584488355845
2.5780659148618e-06 -0.2719584813085448
2.60384657401042e-06 -0.2719585141047244
2.62988503975052e-06 -0.27195854722733
2.65618389014803e-06 -0.2719585806795931
2.68274572904951e-06 -0.2719586144647819
2.70957318634e-06 -0.2719586485861865
2.7366689182034e-06 -0.2719586830471409
2.76403560738544e-06 -0.2719587178510066
2.79167596345929e-06 -0.2719587530011818
2.81959272309388e-06 -0.271958788501089
2.84778865032482e-06 -0.2719588243541922
2.87626653682807e-06 -0.2719588605639853
2.90502920219635e-06 -0.2719588971340054
2.93407949421831e-06 -0.2719589340678104
2.9634202891605e-06 -0.2719589713689989
2.9930544920521e-06 -0.2719590090412091
3.02298503697262e-06 -0.2719590470881106
3.05321488734235e-06 -0.2719590855134076
3.08374703621577e-06 -0.2719591243208447
3.11458450657793e-06 -0.2719591635141979
3.14573035164371e-06 -0.2719592030972855
3.17718765516015e-06 -0.2719592430739631
3.20895953171175e-06 -0.2719592834481161
3.24104912702887e-06 -0.271959324223674
3.27345961829915e-06 -0.2719593654046087
3.30619421448215e-06 -0.2719594069949186
3.33925615662697e-06 -0.2719594489986552
3.37264871819324e-06 -0.2719594914198991
3.40637520537517e-06 -0.2719595342627772
3.44043895742892e-06 -0.2719595775314514
3.47484334700321e-06 -0.2719596212301294
3.50959178047324e-06 -0.2719596653630566
3.54468769827798e-06 -0.2719597099345152
3.58013457526076e-06 -0.2719597549488438
3.61593592101336e-06 -0.2719598004104061
3.6520952802235e-06 -0.2719598463236195
3.68861623302573e-06 -0.2719598926929412
3.72550239535599e-06 -0.2719599395228687
3.76275741930955e-06 -0.2719599868179484
3.80038499350264e-06 -0.2719600345827681
3.83838884343767e-06 -0.2719600828219614
3.87677273187205e-06 -0.2719601315402024
3.91554045919077e-06 -0.2719601807422188
3.95469586378268e-06 -0.2719602304327802
3.9942428224205e-06 -0.2719602806166972
4.03418525064471e-06 -0.2719603312988359
4.07452710315115e-06 -0.2719603824841049
4.11527237418267e-06 -0.271960434177462
4.15642509792449e-06 -0.2719604863839082
4.19798934890374e-06 -0.2719605391085042
4.23996924239277e-06 -0.2719605923563501
4.2823689348167e-06 -0.271960646132596
4.32519262416487e-06 -0.2719607004424417
4.36844455040652e-06 -0.2719607552911442
4.41212899591058e-06 -0.2719608106840069
4.45625028586969e-06 -0.2719608666263819
4.50081278872839e-06 -0.2719609231236791
4.54582091661567e-06 -0.2719609801813498
4.59127912578183e-06 -0.2719610378049104
4.63719191703965e-06 -0.2719610959999306
4.68356383621004e-06 -0.2719611547720194
4.73039947457214e-06 -0.2719612141268536
4.77770346931786e-06 -0.2719612740701596
4.82548050401104e-06 -0.2719613346077244
4.87373530905115e-06 -0.2719613957453818
4.92247266214166e-06 -0.2719614574890272
4.97169738876308e-06 -0.2719615198446114
5.02141436265071e-06 -0.2719615828181466
5.07162850627722e-06 -0.2719616464156944
5.12234479133999e-06 -0.2719617106433868
5.17356823925339e-06 -0.2719617755074037
5.22530392164593e-06 -0.2719618410139864
5.27755696086239e-06 -0.2719619071694446
5.33033253047101e-06 -0.2719619739801356
5.38363585577572e-06 -0.271962041452491
5.43747221433348e-06 -0.2719621095929942
5.49184693647681e-06 -0.2719621784081952
5.54676540584158e-06 -0.2719622479047075
5.6022330599e-06 -0.2719623180892047
5.658255390499e-06 -0.2719623889684272
5.71483794440399e-06 -0.2719624605491759
5.77198632384803e-06 -0.2719625328383278
5.82970618708651e-06 -0.2719626058428103
5.88800324895737e-06 -0.2719626795696262
5.94688328144694e-06 -0.2719627540258477
6.00635211426141e-06 -0.2719628292186054
6.06641563540403e-06 -0.2719629051551101
6.12707979175807e-06 -0.2719629818426265
6.18835058967565e-06 -0.2719630592885028
6.25023409557241e-06 -0.2719631375001487
6.31273643652813e-06 -0.2719632164850496
6.37586380089341e-06 -0.2719632962507577
6.43962243890235e-06 -0.2719633768048981
6.50401866329137e-06 -0.2719634581551728
6.56905884992428e-06 -0.2719635403093524
6.63474943842353e-06 -0.271963623275283
6.70109693280776e-06 -0.2719637070608831
6.76810790213584e-06 -0.2719637916741517
6.8357889811572e-06 -0.2719638771231623
6.90414687096877e-06 -0.2719639634160574
6.97318833967846e-06 -0.2719640505610655
7.04292022307524e-06 -0.2719641385664913
7.113349425306e-06 -0.2719642274407174
7.18448291955906e-06 -0.2719643171922028
7.25632774875465e-06 -0.2719644078294887
7.32889102624219e-06 -0.2719644993612019
7.40217993650461e-06 -0.2719645917960437
7.47620173586966e-06 -0.2719646851428005
7.55096375322836e-06 -0.2719647794103432
7.62647339076064e-06 -0.2719648746076192
7.702738124668249e-06 -0.271964970743671
7.77976550591493e-06 -0.2719650678276209
7.85756316097408e-06 -0.2719651658686738
7.93613879258382e-06 -0.2719652648761238
8.01550018050966e-06 -0.2719653648593607
8.09565518231475e-06 -0.271965465827845
8.1766117341379e-06 -0.2719655677911421
8.25837785147928e-06 -0.2719656707588987
8.34096162999407e-06 -0.2719657747408553
8.42437124629401e-06 -0.2719658797468416
8.508614958756951e-06 -0.2719659857867819
8.593701108344519e-06 -0.2719660928706915
8.679638119427971e-06 -0.2719662010086749
8.76643450062225e-06 -0.2719663102109449
8.85409884562847e-06 -0.2719664204877922
8.942639834084751e-06 -0.2719665318496163
9.0320662324256e-06 -0.2719666443069053
9.12238689474986e-06 -0.2719667578702535
9.21361076369735e-06 -0.2719668725503471
9.30574687133433e-06 -0.2719669883579694
9.39880434004767e-06 -0.2719671053040165
9.492792383448151e-06 -0.2719672233994708
9.587720307282629e-06 -0.2719673426554226
9.68359751035546e-06 -0.271967463083071
9.780433485459009e-06 -0.2719675846937077
9.878237820313601e-06 -0.2719677074987394
9.977020198516739e-06 -0.2719678315096688
1.00767904005019e-05 -0.2719679567381114
1.01775583045069e-05 -0.2719680831957863
1.0279333887552e-05 -0.2719682108945241
1.03821272264275e-05 -0.2719683398462642
1.04859484986918e-05 -0.2719684700630488
1.05908079836787e-05 -0.2719686015570406
1.06967160635155e-05 -0.2719687343405062
1.08036832241506e-05 -0.2719688684258291
1.09117200563922e-05 -0.2719690038255079
1.10208372569561e-05 -0.2719691405521505
1.11310456295256e-05 -0.2719692786184847
1.12423560858209e-05 -0.2719694180373507
1.13547796466791e-05 -0.2719695588217094
1.14683274431459e-05 -0.2719697009846329
1.15830107175774e-05 -0.2719698445393247
1.16988408247531e-05 -0.2719699894990989
1.18158292330007e-05 -0.2719701358774018
1.19339875253307e-05 -0.2719702836877765
1.2053327400584e-05 -0.271970432943917
1.21738606745898e-05 -0.2719705836596336
1.22955992813357e-05 -0.2719707358488502
1.24185552741491e-05 -0.2719708895256273
1.25427408268906e-05 -0.2719710447041519
1.26681682351595e-05 -0.2719712013987343
1.27948499175111e-05 -0.2719713596238161
1.29227984166862e-05 -0.2719715193939746
1.3052026400853e-05 -0.2719716807239055
1.31825466648616e-05 -0.2719718436284461
1.33143721315102e-05 -0.2719720081225641
1.34475158528253e-05 -0.271972174221365
1.35819910113535e-05 -0.2719723419400775
1.37178109214671e-05 -0.2719725112940798
1.38549890306817e-05 -0.2719726822988819
1.39935389209886e-05 -0.2719728549701333
1.41334743101984e-05 -0.2719730293236107
1.42748090533004e-05 -0.2719732053752533
1.44175571438334e-05 -0.2719733831411279
1.45617327152718e-05 -0.2719735626374404
1.47073500424245e-05 -0.271973743880548
1.48544235428487e-05 -0.2719739268869537
1.50029677782772e-05 -0.2719741116732911
1.515299745606e-05 -0.2719742982563588
1.53045274306206e-05 -0.2719744866530916
1.54575727049268e-05 -0.2719746768805825
1.56121484319761e-05 -0.271974868956065
1.57682699162958e-05 -0.2719750628969226
1.59259526154588e-05 -0.2719752587207004
1.60852121416134e-05 -0.2719754564450834
1.62460642630295e-05 -0.2719756560879287
1.64085249056598e-05 -0.2719758576672278
1.65726101547164e-05 -0.2719760612011425
1.67383362562636e-05 -0.271976266707988
1.69057196188262e-05 -0.2719764742062372
1.70747768150145e-05 -0.2719766837145261
1.72455245831646e-05 -0.2719768952516428
1.74179798289962e-05 -0.271977108836544
1.75921596272862e-05 -0.2719773244883447
1.77680812235591e-05 -0.2719775422263321
1.79457620357947e-05 -0.2719777620699483
1.81252196561526e-05 -0.2719779840388106
1.83064718527141e-05 -0.2719782081526957
1.84895365712413e-05 -0.2719784344315426
1.86744319369537e-05 -0.2719786628954779
1.88611762563232e-05 -0.2719788935647874
1.90497880188865e-05 -0.2719791264599317
1.92402858990753e-05 -0.2719793616015265
1.94326887580661e-05 -0.2719795990104023
1.96270156456467e-05 -0.2719798387075211
1.98232858021032e-05 -0.2719800807140325
2.00215186601242e-05 -0.2719803250512826
2.02217338467255e-05 -0.2719805717407899
2.04239511851927e-05 -0.2719808208042198
2.06281906970447e-05 -0.2719810722635675
2.08344726040151e-05 -0.2719813261428416
2.10428173300553e-05 -0.2719815824570278
2.12532455033558e-05 -0.2719818412368389
2.14657779583894e-05 -0.2719821025015707
2.16804357379733e-05 -0.2719823662741745
2.1897240095353e-05 -0.2719826325775795
2.21162124963065e-05 -0.2719829014349783
2.23373746212696e-05 -0.2719831728697124
2.25607483674823e-05 -0.2719834469053224
2.27863558511571e-05 -0.2719837235655218
2.30142194096687e-05 -0.2719840028742361
2.32443616037654e-05 -0.2719842848555686
2.3476805219803e-05 -0.271984569533818
2.37115732720011e-05 -0.2719848569334892
2.39486890047211e-05 -0.2719851470792607
2.41881758947683e-05 -0.2719854399960256
2.4430057653716e-05 -0.2719857357088648
2.46743582302531e-05 -0.271986034243057
2.49211018125557e-05 -0.2719863356240834
2.51703128306812e-05 -0.2719866398776259
2.5422015958988e-05 -0.2719869470295593
2.56762361185779e-05 -0.2719872571059688
2.59329984797637e-05 -0.2719875701331366
2.61923284645613e-05 -0.2719878861375508
2.64542517492069e-05 -0.2719882051458984
2.6718794266699e-05 -0.2719885271850769
2.6985982209366e-05 -0.2719888522821901
2.72558420314597e-05 -0.2719891804645418
2.75284004517743e-05 -0.2719895117596483
2.7803684456292e-05 -0.2719898461952309
2.80817213008549e-05 -0.2719901837992219
2.83625385138635e-05 -0.2719905245997611
2.86461638990021e-05 -0.2719908686251984
2.89326255379921e-05 -0.2719912159040943
2.92219517933721e-05 -0.2719915664652223
2.95141713113058e-05 -0.2719919203375648
2.98093130244188e-05 -0.2719922775503197
3.0107406154663e-05 -0.2719926381328936
3.04084802162097e-05 -0.2719930021149138
3.07125650183718e-05 -0.2719933695262116
3.10196906685555e-05 -0.2719937403968452
3.1329887575241e-05 -0.271994114757074
3.16431864509934e-05 -0.2719944926373853
3.19596183155034e-05 -0.2719948740684752
3.22792144986584e-05 -0.2719952590812554
3.2602006643645e-05 -0.2719956477068584
3.29280267100814e-05 -0.2719960399766332
3.32573069771823e-05 -0.2719964359221397
3.35898800469541e-05 -0.2719968355751614
3.39257788474236e-05 -0.2719972389676968
3.42650366358979e-05 -0.2719976461319626
3.46076870022568e-05 -0.2719980571003936
3.49537638722794e-05 -0.271998471905639
3.53033015110022e-05 -0.2719988905805728
3.56563345261122e-05 -0.2719993131582764
3.60128978713733e-05 -0.2719997396720606
3.63730268500871e-05 -0.2720001701554454
3.67367571185879e-05 -0.2720006046421707
3.71041246897738e-05 -0.2720010431661934
3.74751659366716e-05 -0.2720014857616909
3.78499175960383e-05 -0.2720019324630512
3.82284167719987e-05 -0.2720023833048828
3.86107009397186e-05 -0.2720028383220071
3.89968079491158e-05 -0.2720032975494644
3.9386776028607e-05 -0.2720037610225078
3.97806437888931e-05 -0.2720042287766053
4.0178450226782e-05 -0.2720047008474366
4.05802347290498e-05 -0.2720051772708948
4.09860370763403e-05 -0.272005658083086
4.13958974471037e-05 -0.2720061433203185
4.18098564215747e-05 -0.2720066330193305
4.22279549857905e-05 -0.2720071272163638
4.26502345356484e-05 -0.272007625948768
4.30767368810049e-05 -0.2720081292535948
4.35075042498149e-05 -0.2720086371682034
4.39425792923131e-05 -0.2720091497301472
4.43820050852362e-05 -0.2720096669772029
4.48258251360886e-05 -0.2720101889473325
4.52740833874495e-05 -0.2720107156787063
4.5726824221324e-05 -0.2720112472096907
4.61840924635372e-05 -0.2720117835788554
4.66459333881726e-05 -0.2720123248249544
4.71123927220543e-05 -0.2720128709869428
4.75835166492748e-05 -0.2720134221039682
4.80593518157676e-05 -0.2720139782153575
4.85399453339253e-05 -0.2720145393606396
4.90253447872645e-05 -0.2720151055795119
4.95155982351372e-05 -0.2720156769118638
5.00107542174885e-05 -0.2720162533977667
5.05108617596634e-05 -0.2720168350774624
5.10159703772601e-05 -0.2720174219913654
5.15261300810327e-05 -0.2720180141800734
5.2041391381843e-05 -0.2720186116843381
5.25618052956614e-05 -0.2720192145450858
5.3087423348618e-05 -0.2720198228034018
5.36182975821042e-05 -0.2720204365005325
5.41544805579252e-05 -0.272021055677875
5.46960253635045e-05 -0.2720216803769798
5.52429856171395e-05 -0.2720223106395491
5.57954154733109e-05 -0.2720229465074226
5.6353369628044e-05 -0.2720235880225828
5.69169033243245e-05 -0.2720242352271489
5.74860723575677e-05 -0.272024888163365
5.80609330811434e-05 -0.2720255468736092
5.86415424119548e-05 -0.2720262114003797
5.92279578360744e-05 -0.2720268817862876
5.98202374144351e-05 -0.272027558074058
6.04184397885795e-05 -0.272028240306521
6.10226241864653e-05 -0.2720289285266129
6.16328504283299e-05 -0.2720296227773583
6.22491789326132e-05 -0.2720303231018713
6.28716707219394e-05 -0.2720310295433606
6.350038742915879e-05 -0.2720317421450976
6.41353913034504e-05 -0.2720324609504358
6.477674521648491e-05 -0.2720331860027835
6.54245126686497e-05 -0.2720339173456175
6.607875779533621e-05 -0.2720346550224519
6.673954537328961e-05 -0.2720353990768546
6.74069408270225e-05 -0.2720361495524242
6.80810102352927e-05 -0.2720369064927885
6.876182033764561e-05 -0.2720376699415947
6.944943854102211e-05 -0.2720384399425008
7.01439329264323e-05 -0.2720392165391671
7.084537225569659e-05 -0.2720399997752501
7.155382597825361e-05 -0.2720407896943915
7.22693642380361e-05 -0.2720415863402065
7.299205788041651e-05 -0.2720423897562785
7.37219784592207e-05 -0.2720431999861475
7.44591982438129e-05 -0.2720440170733014
7.5203790226251e-05 -0.2720448410611567
7.59558281285135e-05 -0.2720456719930639
7.671538640979859e-05 -0.2720465099122784
7.74825402738966e-05 -0.2720473548619676
7.82573656766356e-05 -0.2720482068851827
7.9039939333402e-05 -0.2720490660248557
7.9830338726736e-05 -0.272049932323783
8.062864211400339e-05 -0.2720508058246255
8.143492853514339e-05 -0.2720516865698635
8.22492778204948e-05 -0.2720525746018214
8.307177059869981e-05 -0.2720534699626318
8.39024883046868e-05 -0.2720543726942233
8.474151318773359e-05 -0.2720552828383082
8.5588928319611e-05 -0.2720562004363742
8.64448176028071e-05 -0.2720571255296556
8.730926577883521e-05 -0.2720580581591269
8.81823584366235e-05 -0.2720589983654849
8.90641820209897e-05 -0.2720599461891293
8.995482384119961e-05 -0.2720609016701418
9.08543720796116e-05 -0.2720618648482849
9.17629158004077e-05 -0.2720628357629636
9.26805449584118e-05 -0.2720638144532185
9.36073504079959e-05 -0.2720648009577052
9.45434239120759e-05 -0.2720657953146676
9.548885815119661e-05 -0.2720667975619256
9.64437467327086e-05 -0.2720678077368542
9.74081842000357e-05 -0.272068825876364
9.838226604203611e-05 -0.2720698520168624
9.93660887024564e-05 -0.2720708861942545
0.000100359749589481 -0.2720719284439069
0.000101363347085376 -0.2720729788006294
0.00010237698055623 -0.2720740372986407
0.000103400750361792 -0.2720751039715626
0.00010443475786541 -0.2720761788523741
0.000105479105444064 -0.2720772619733993
0.000106533896498505 -0.2720783533662831
0.00010759923546349 -0.2720794530619268
0.000108675227818124 -0.2720805610905303
0.000109761980096306 -0.2720816774814949
0.000110859599897269 -0.2720828022634376
0.000111968195896241 -0.2720839354641317
0.000113087877855204 -0.2720850771104978
0.000114218756633756 -0.2720862272285502
0.000115360944200093 -0.2720873858434093
0.000116514553642094 -0.272088552979195
0.000117679699178515 -0.2720897286590654
0.0001188564961703 -0.2720909129051455
0.000120045061132003 -0.272092105738486
0.000121245511743324 -0.2720933071791044
0.000122457966860757 -0.2720945172459078
0.000123682546529364 -0.2720957359579743
0.000124919371994658 -0.272096963322665
0.000126168565714605 -0.2720981993695933
0.000127430251371751 -0.272099444104303
0.000128704553885468 -0.272100697540365
0.000129991599424323 -0.2721019596890527
0.000131291515418566 -0.2721032305600912
0.000132604430572752 -0.2721045101617139
0.000133930474878479 -0.2721057985006238
0.000135269779627264 -0.272107095581944
0.000136622477423537 -0.272108401409182
0.000137988702197772 -0.2721097159841659
0.00013936858921975 -0.2721110393070086
0.000140762275111947 -0.2721123713760455
0.000142169897863067 -0.2721137121877787
0.000143591596841697 -0.2721150617368291
0.000145027512810114 -0.2721164200158737
0.000146477787938216 -0.272117787015595
0.000147942565817598 -0.2721191627246118
0.000149421991475774 -0.2721205471294281
0.000150916211390531 -0.2721219402143642
0.000152425373504437 -0.2721233419614953
0.000153949627239481 -0.272124752350588
0.000155489123511876 -0.2721261713590338
0.000157044014746995 -0.2721275989617771
0.000158614454894465 -0.2721290351312489
0.000160200599443409 -0.2721304798372952
0.000161802605437843 -0.272131933047103
0.000163420631492222 -0.2721333947251233
0.000165054837807144 -0.2721348648330028
0.000166705386185215 -0.2721363433294937
0.000168372440047068 -0.2721378301703851
0.000170056164447538 -0.2721393253084159
0.000171756726092014 -0.2721408286931871
0.000173474293352934 -0.2721423402710857
0.000175209036286463 -0.2721438599851836
0.000176961126649328 -0.2721453877751671
0.000178730737915821 -0.2721469235772258
0.000180518045294979 -0.2721484673239679
0.000182323225747929 -0.2721500189443267
0.000184146458005408 -0.2721515783634579
0.000185987922585462 -0.272153145502639
0.000187847801811317 -0.2721547202791679
0.00018972627982943 -0.2721563026062597
0.000191623542627725 -0.2721578923929355
0.000193539778054002 -0.2721594895439212
0.000195475175834542 -0.2721610939595194
0.000197429927592887 -0.272162705535512
0.000199404226868816 -0.2721643241630262
0.000201398269137504 -0.2721659497284294
0.000203412251828879 -0.2721675821132002
0.000205446374347168 -0.2721692211937997
0.00020750083809064 -0.2721708668415444
0.000209575846471546 -0.2721725189224842
0.000211671604936262 -0.2721741772972515
0.000213788320985624 -0.2721758418209396
0.000215926204195481 -0.2721775123429552
0.000218085466237435 -0.2721791887068655
0.00022026632089981 -0.272180870750281
0.000222468984108808 -0.2721825583046693
0.000224693673949896 -0.2721842511952279
0.000226940610689395 -0.2721859492407206
0.000229210016796289 -0.2721876522533062
0.000231502116964252 -0.2721893600383972
0.000233817138133894 -0.2721910723944732
0.000236155309515233 -0.2721927891129203
0.000238516862610385 -0.2721945099778566
0.000240902031236489 -0.2721962347659618
0.000243311051548854 -0.2721979632463196
0.000245744162064343 -0.2721996951804002
0.000248201603684986 -0.2722014303305432
0.000250683619721836 -0.2722031684093624
0.000253190455919054 -0.2722049091899348
0.000255722360478245 -0.272206652386058
0.000258279584083027 -0.2722083977173323
0.000260862379923858 -0.2722101448939803
0.000263471003723096 -0.2722118936169157
0.000266105713760327 -0.2722136435775706
0.00026876677089793 -0.2722153944576873
0.00027145443860691 -0.2722171459290759
0.000274168982992979 -0.2722188976533844
0.000276910672822909 -0.2722206492818582
0.000279679779551138 -0.2722224007533368
0.000282476577346649 -0.2722241511008986
0.000285301343120116 -0.2722259002414431
0.000288154356551317 -0.2722276477820629
0.00029103590011683 -0.2722293933181772
0.000293946259117998 -0.272231136433224
0.000296885721709178 -0.2722328766984032
0.00029985457892627 -0.2722346136723687
0.000302853124715533 -0.2722363469009509
0.000305881655962688 -0.2722380759168355
0.000308940472522315 -0.2722398002392789
0.000312029877247538 -0.2722415193737672
0.000315150176020014 -0.2722432328116965
0.000318301677780214 -0.272244940029978
0.000321484694558016 -0.2722466404905768
0.000324699541503596 -0.2722483336394055
0.000327946536918632 -0.2722500188978261
0.000331226002287818 -0.2722516957774953
0.000334538262310697 -0.272253363500287
0.000337883644933803 -0.2722550215688816
0.000341262481383142 -0.2722566693287111
0.000344675106196973 -0.2722583061272356
0.000348121857258943 -0.2722599312956737
0.000351603075831532 -0.2722615441474945
0.000355119106589847 -0.2722631439778065
0.000358670297655746 -0.2722647300628823
0.000362257000632303 -0.2722663016596918
0.000365879570638626 -0.2722678580054738
0.000369538366345013 -0.2722693983172755
0.000373233750008463 -0.2722709217915012
0.000376966087508547 -0.2722724276034456
0.000380735748383633 -0.272273914906814
0.000384543105867469 -0.2722753828332415
0.000388388536926144 -0.2722768304917996
0.000392272422295405 -0.2722782569684854
0.00039619514651836 -0.2722796613257143
0.000400157097983543 -0.2722810426017847
0.000404158668963379 -0.2722823998103571
0.000408200255653012 -0.2722837319398843
0.000412282258209542 -0.2722850379530686
0.000416405080791638 -0.2722863167862875
0.000420569131599554 -0.2722875673490132
0.00042477482291555 -0.2722887881423221
0.000429022571144705 -0.2722899787823203
0.000433312796856152 -0.2722911377127875
0.000437645924824714 -0.2722922637294933
0.000442022384072961 -0.272293355598208
0.000446442607913691 -0.2722944120540418
0.000450907033992828 -0.2722954318007794
0.000455416104332756 -0.2722964135101807
0.000459970265376083 -0.2722973558213021
0.000464569968029844 -0.2722982573397716
0.000469215667710143 -0.2722991166370642
0.000473907824387244 -0.2722999322497644
0.000478646902631117 -0.2723007026788113
0.000483433371657428 -0.2723014263887198
0.000488267705374002 -0.2723021018068025
0.000493150382427742 -0.2723027273223673
0.0004980818862520199 -0.2723033012858881
0.00050306270511454 -0.2723038220081898
0.000508093332165685 -0.2723042877595843
0.000513174265487342 -0.2723046967689987
0.000518306008142215 -0.2723050472231058
0.0005234890682236369 -0.2723053372654142
0.000528723958905874 -0.2723055649953441
0.000534011198494933 -0.2723057284672959
0.000539351310479882 -0.2723058256897001
0.000544744823584681 -0.2723058546240231
0.000550192271820528 -0.2723058131837968
0.000555694194538733 -0.2723056992335895
0.00056125113648412 -0.2723055105879811
0.000566863647848961 -0.2723052450105024
0.000572532284327451 -0.2723049002125743
0.000578257607170726 -0.2723044738523882
0.000584040183242433 -0.2723039635338139
0.000589880585074857 -0.2723033668052238
0.000595779390925606 -0.2723026811583122
0.000601737184834862 -0.2723019040268536
0.00060775455668321 -0.2723010327852944
0.000613832102250043 -0.2723000647469245
0.000619970423272543 -0.2722989971599166
0.000626170127505268 -0.2722978275405173
0.000632431828780321 -0.2722965521208546
0.000638756147068124 -0.2722951692579511
0.000645143708538805 -0.2722936747588284
0.0006515951456241939 -0.2722920656862845
0.000658111097080435 -0.2722903396386064
0.00066469220805124 -0.272288492854539
0.000671339130131752 -0.272286522293461
0.00067805252143307 -0.2722844244816451
0.0006848330466474 -0.2722821959921535
0.000691681377113875 -0.272279833314631
0.000698598190885013 -0.2722773328596173
0.000705584172793863 -0.2722746909576099
0.000712640014521802 -0.2722719038575835
0.00071976641466702 -0.2722689677254114
0.00072696407881369 -0.2722658786422192
0.000734233719601827 -0.2722626326027047
0.000741576056797845 -0.2722592255134271
0.000748991817365824 -0.2722556531910705
0.000756481735539482 -0.2722519113606622
0.000764046552894877 -0.2722479956537768
0.000771687018423826 -0.2722439016067091
0.000779403888608064 -0.2722396246585924
0.000787197927494145 -0.2722351601495313
0.000795069906769086 -0.2722305033186483
0.000803020605836777 -0.2722256493021404
0.000811050811895145 -0.27222059313129
0.000819161320014096 -0.2722153297304465
0.000827352933214237 -0.2722098539149588
0.00083562646254638 -0.2722041603891009
0.000843982727171843 -0.2721982437439467
0.0008524225544435619 -0.2721920984552179
0.000860946779987997 -0.2721857188811006
0.000869556247787878 -0.2721790993289452
0.000878251810265756 -0.2721722337772094
0.000887034328368414 -0.2721651162870116
0.000895904671652098 -0.2721577407238254
0.000904863718368619 -0.2721501008241363
0.000913912355552305 -0.2721421901930524
0.000923051479107828 -0.2721340023018783
0.0009322819938989071 -0.2721255304856561
0.000941604813837896 -0.2721167679406846
0.000951020861976275 -0.2721077077220085
0.000960531070596037 -0.2720983427409197
0.000970136381301998 -0.2720886657625272
0.000979837745115018 -0.2720786694036376
0.0009896361225661681 -0.2720683461321117
0.00099953248379183 -0.272057688277355
0.00100952780862975 -0.2720466877661362
0.00101962308671605 -0.272035336888328
0.00102981931758321 -0.2720236274807957
0.00104011751075904 -0.2720115510555295
0.00105051868586663 -0.2719990991393594
0.00106102387272529 -0.2719862630565846
0.00107163411145255 -0.2719730339583752
0.00108235045256707 -0.271959402815329
0.00109317395709274 -0.2719453604168875
0.00110410569666367 -0.2719308973684678
0.00111514675363031 -0.2719160040883903
0.00112629822116661 -0.2719006708047541
0.00113756120337828 -0.2718848875522375
0.00114893681541206 -0.2718686441688511
0.00116042618356618 -0.2718519302926488
0.00117203044540184 -0.2718347353584082
0.00118375074985586 -0.2718170485942499
0.00119558825735442 -0.2717988590182484
0.00120754413992796 -0.2717801554349973
0.00121961958132724 -0.2717609264321859
0.00123181577714052 -0.2717411603772988
0.00124413393491192 -0.2717208454152216
0.00125657527426104 -0.2716999694820564
0.00126914102700365 -0.2716785201330667
0.00128183243727369 -0.271656485017168
0.00129465076164642 -0.2716338512317945
0.00130759726926289 -0.2716106057579276
0.00132067324195552 -0.2715867353180297
0.00133387997437507 -0.2715622263830584
0.00134721877411882 -0.2715370651694998
0.00136069096186001 -0.2715112376356212
0.00137429787147861 -0.2714847294775474
0.0013880408501934 -0.2714575261253346
0.00140192125869533 -0.2714296127390967
0.00141594047128228 -0.2714009742056092
0.00143009987599511 -0.2713715951380583
0.00144440087475506 -0.2713414599306209
0.00145884488350261 -0.2713105521953013
0.00147343333233764 -0.2712788563325565
0.00148816766566101 -0.271246355426945
0.00150304934231762 -0.2712130326706164
0.0015180798357408 -0.2711788709125512
0.00153326063409821 -0.2711438526883094
0.00154859324043919 -0.2711079602336032
0.00156407917284358 -0.2710711754191685
0.00157971996457202 -0.2710334798377681
0.00159551716421774 -0.2709948547382798
0.00161147233585991 -0.2709552810360892
0.00162758705921851 -0.2709147393080557
0.0016438629298107 -0.2708732097874224
0.00166030155910881 -0.2708306723728535
0.00167690457469989 -0.2707871065661459
0.00169367362044689 -0.2707424915523805
0.00171061035665136 -0.2706968060333599
0.00172771646021787 -0.2706500286525124
0.00174499362482005 -0.2706021373643197
0.00176244356106825 -0.2705531098453117
0.00178006799667894 -0.2705029233873362
0.00179786867664573 -0.2704515549621454
0.00181584736341218 -0.2703989808964111
0.0018340058370463 -0.2703451773615654
0.00185234589541677 -0.2702901200302653
0.00187086935437094 -0.270233784155184
0.00188957804791465 -0.2701761445633696
0.00190847382839379 -0.2701171756565697
0.00192755856667773 -0.2700568517430319
0.00194683415234451 -0.2699951448979235
0.00196630249386795 -0.2699320299212756
0.00198596551880663 -0.2698674786007422
0.0020058251739947 -0.2698014630977725
0.00202588342573464 -0.2697339548970346
0.00204614225999199 -0.2696649254291103
0.00206660368259191 -0.2695943450742269
0.00208726971941783 -0.2695221839976762
0.00210814241661201 -0.2694484117893763
0.00212922384077813 -0.2693729975042443
0.00215051607918591 -0.2692959096532211
0.00217202123997777 -0.269217116192173
0.00219374145237755 -0.2691365845100762
0.00221567886690132 -0.2690542814166264
0.00223783565557034 -0.2689701731293028
0.00226021401212604 -0.2688842252598581
0.0022828161522473 -0.2687964028002116
0.00230564431376977 -0.2687066701082092
0.00232870075690747 -0.2686149908902487
0.00235198776447654 -0.2685213281881499
0.00237550764212131 -0.2684256443602973
0.00239926271854252 -0.2683279010627142
0.00242325534572795 -0.268228059328776
0.00244748789918523 -0.2681260789271104
0.00247196277817708 -0.2680219200743077
0.00249668240595885 -0.2679155408227638
0.00252164923001844 -0.2678068992165654
0.00254686572231862 -0.2676959522950437
0.00257233437954181 -0.2675826562491664
0.00259805772333723 -0.2674669663969982
0.0026240383005706 -0.267348837157305
0.00265027868357631 -0.2672282220220952
0.00267678147041207 -0.2671050727738506
0.00270354928511619 -0.2669793424753862
0.00273058477796735 -0.2668509809038832
0.00275789062574703 -0.266719937544807
0.0027854695320045 -0.2665861608021101
0.00281332422732454 -0.266449597955756
0.00284145746959779 -0.2663101951348174
0.00286987204429376 -0.2661678972671259
0.0028985707647367 -0.2660226477138152
0.00292755647238407 -0.2658743901100721
0.00295683203710791 -0.2657230646243157
0.00298640035747899 -0.2655686100107886
0.00301626436105378 -0.2654109662380538
0.00304642700466432 -0.2652500695699085
0.00307689127471096 -0.2650858554457264
0.00310766018745807 -0.264918257603446
0.00313873678933265 -0.2647472082290361
0.00317012415722598 -0.2645726378354875
0.00320182539879824 -0.2643944752067944
0.00323384365278622 -0.2642126473388803
0.00326618208931408 -0.2640270794265455
0.00329884391020722 -0.2638376946087956
0.00333183234930929 -0.2636444141158219
0.00336515067280239 -0.263447157313614
0.00339880217953041 -0.2632458412552146
0.00343279020132572 -0.2630403854630743
0.00346711810333897 -0.2628306886105882
0.00350178928437236 -0.262616675148203
0.00353680717721609 -0.2623982482822316
0.00357217524898825 -0.2621753134897857
0.00360789700147813 -0.2619477736912219
0.00364397597149291 -0.2617155291761849
0.00368041573120784 -0.2614784775252755
0.00371721988851992 -0.2612365141484376
0.00375439208740512 -0.2609895297351162
0.00379193600827917 -0.2607374139450844
0.00382985536836196 -0.2604800526850087
0.00386815392204558 -0.2602173280460723
0.00390683546126603 -0.2599491205027997
0.0039459038158787 -0.2596753069049133
0.00398536285403748 -0.2593957594379093
0.00402521648257786 -0.2591103479301518
0.00406546864740364 -0.2588189385647867
0.00410612333387767 -0.2585213933507544
0.00414718456721645 -0.2582175716856017
0.00418865641288861 -0.2579073284082078
0.0042305429770175 -0.2575905147385513
0.00427284840678767 -0.2572669785471381
0.00431557689085555 -0.256936562702146
0.00435873265976411 -0.256599106862863
0.00440231998636175 -0.2562544470888385
0.00444634318622536 -0.2559024151379299
0.00449080661808762 -0.2555428367451266
0.00453571468426849 -0.2551755375212076
0.00458107183111118 -0.2548003309490646
0.00462688254942229 -0.2544170395476154
0.00467315137491651 -0.254025468578833
0.00471988288866568 -0.2536254256678473
0.00476708171755234 -0.2532167228058981
0.00481475253472786 -0.2527991323655356
0.00486290006007514 -0.2523724709655293
0.00491152906067589 -0.2519365180501549
0.00496064435128265 -0.2514910672961935
0.00501025079479548 -0.2510358950507877
0.00506035330274343 -0.2505707767649479
0.00511095683577087 -0.2500954893833131
0.00516206640412858 -0.2496098014209037
0.00521368706816986 -0.2491134806614715
0.00526582393885156 -0.2486062841764997
0.00531848217824008 -0.2480879777252157
0.00537166700002248 -0.2475583140276657
0.0054253836700227 -0.2470170472144246
0.00547963750672293 -0.2464639263140405
0.00553443388179016 -0.2458986994340172
0.00558977822060806 -0.2453210854524339
0.00564567600281414 -0.2447308775398917
0.00570213276284228 -0.2441277907215983
0.0057591540904707 -0.2435115666317798
0.00581674563137541 -0.2428819363606442
0.00587491308768917 -0.2422386637507945
0.00593366221856606 -0.2415814076351599
0.00599299884075172 -0.2409099839425578
0.00605292882915924 -0.2402241007043961
0.00611345811745083 -0.2395234891273979
0.00617459269862534 -0.23880788939541
0.00623633862561159 -0.2380770345041401
0.00629870201186771 -0.2373306685118154
0.00636168903198638 -0.2365685173774509
0.00642530592230625 -0.2357903351231958
0.00648955898152931 -0.2349958600860177
0.0065544545713446 -0.2341848441143513
0.00661999911705805 -0.233357038380148
0.00668619910822863 -0.2325121913317344
0.00675306109931092 -0.231650070485646
0.00682059171030403 -0.2307705455706276
0.00688879762740707 -0.2298730525895729
0.00695768560368114 -0.2289576942774028
0.00702726245971795 -0.2280241441585123
0.00709753508431513 -0.2270721916727489
0.00716851043515828 -0.2261016284591164
0.00724019553950986 -0.2251122829658635
0.00731259749490496 -0.2241039590854038
0.00738572346985401 -0.2230763224510768
0.00745958070455255 -0.2220294174149033
0.00753417651159808 -0.2209629637711512
0.00760951827671406 -0.2198768247617419
0.0076856134594812 -0.2187708499753963
0.00776246959407601 -0.2176448964639957
0.00784009429001677 -0.2164988665997257
0.00791849523291694 -0.2153325782632574
0.00799768018524611 -0.2141459576201229
0.00807765698709857 -0.21293889804094
0.00815843355696956 -0.2117113150334943
0.00824001789253925 -0.2104630860897
0.00832241807146464 -0.2091942100359364
0.008405642252179289 -0.2079045909125432
0.00848969867470108 -0.2065941797092772
0.0085745956614481 -0.2052629190884241
0.008660341618062581 -0.2039108139315828
0.008746945034243199 -0.2025378279754035
0.008834414484585631 -0.2011439327523444
0.008922758629431491 -0.1997291343709202
0.0090119862157258 -0.1982934381547895
0.00910210607788306 -0.1968368505427414
0.00919312713866189 -0.1953594070552466
0.00928505841004851 -0.1938611318120965
0.009377908994149 -0.1923420585792148
0.00947168808409049 -0.1908022322168228
0.009566404964931391 -0.1892416987922104
0.00966206901458071 -0.187660521560642
0.009758689704726511 -0.1860587589906688
0.009856276601773781 -0.1844364742881226
0.00995483936779152 -0.1827937378436919
0.0100543877614694 -0.1811306328033331
0.0101549316390841 -0.1794472587177934
0.010256480955475 -0.1777436368918761
0.0103590457650297 -0.1760198820723269
0.01046263622268 -0.1742760810712471
0.0105672625849068 -0.1725123156049818
0.0106729352107559 -0.1707286765193768
0.0107796645628634 -0.1689252463042382
0.0108874612084921 -0.1671021169849462
0.010996335820577 -0.1652593735164357
0.0111062991787828 -0.1633970695570477
0.0112173621705706 -0.1615153464923626
0.0113295357922763 -0.159614256623674
0.0114428311501991 -0.157693877842486
0.0115572594617011 -0.1557542864355644
0.0116728320563181 -0.1537955525939632
0.0117895603768812 -0.151817748140978
0.0119074559806501 -0.1498209291956674
0.0120265305404566 -0.1478051651066754
0.0121467958458611 -0.1457705083854139
0.0122682638043197 -0.1437170059258401
0.0123909464423629 -0.1416447120208324
0.0125148559067866 -0.1395536591681186
0.0126400044658544 -0.1374438938370467
0.012766404510513 -0.1353154406794941
0.0128940685556181 -0.1331683120567458
0.0130230092411743 -0.1310025413681547
0.013153239333586 -0.1288181401296017
0.0132847717269219 -0.1266151088396856
0.0134176194441911 -0.1243934740711165
0.013551795638633 -0.122153212026625
0.0136873135950193 -0.1198943025976799
0.0138241867309695 -0.117616768187936
0.0139624285982792 -0.1153205683061106
0.014102052884262 -0.1130056795257053
0.0142430734131046 -0.1106720815348418
0.0143855041472357 -0.1083197339837267
0.014529359188708 -0.1059486054583795
0.0146746527805951 -0.1035586302605944
0.0148213993084011 -0.1011497969181901
0.0149696133014851 -0.09872203901218299
0.0151193094344999 -0.09627529974651797
0.0152705025288449 -0.09380952171682637
0.0154232075541334 -0.09132464184756409
0.0155774396296747 -0.08882059687872308
0.0157332140259715 -0.08629731020565459
0.0158905461662312 -0.08375472347159119
0.0160494516278935 -0.08119275285246202
0.0162099461441724 -0.0786113233704207
0.0163720456056142 -0.07601035863992479
0.0165357660616703 -0.07338977059278978
0.016701123722287 -0.07074947412809103
0.0168681349595099 -0.06808939311664854
0.017036816309105 -0.06540943264093686
0.017207184472196 -0.06270950541736393
0.017379256316918 -0.05998952033105393
0.0175530488800872 -0.05724939786140691
0.017728579368888 -0.05448899428728447
0.0179058651625769 -0.05170827370189092
0.0180849238142027 -0.04890711676919575
0.0182657730523447 -0.04608542844746756
0.0184484307828682 -0.04324310634240285
0.0186329150906968 -0.04038005714697321
0.0188192442416038 -0.03749617720313859
0.0190074366840199 -0.03459137368661803
0.0191975110508601 -0.03166553819751839
0.0193894861613687 -0.0287185701436576
0.0195833810229823 -0.02575037641988272
0.0197792148332122 -0.02276084740185695
0.0199770069815443 -0.01974988283907305
0.0201767770513597 -0.0167173822998493
0.0203785448218733 -0.01366324444621976
0.0205823302700921 -0.01058736737696226
0.020788153572793 -0.00748965277304258
0.0209960351085209 -0.004369987617216456
0.0212059954596061 -0.001228291072585931
0.0214180554142022 0.001935540543110185
0.0216322359683442 0.005121610983540179
0.0218485583280276 0.008330008468663767
0.0220670439113079 0.01156081913058632
0.022287714350421 0.01481414955523967
0.0225105914939252 0.01809007448003894
0.0227356974088645 0.02138867744441772
0.0229630543829531 0.02471003664472167
0.0231926849267826 0.0280542251187738
0.0234246117760505 0.03142131036587345
0.023658857893811 0.03481133364350943
0.0238954464727491 0.0382243840180164
0.0241344009374766 0.04166047694507294
0.0243757449468513 0.0451196491290172
0.0246195023963198 0.0486019038110361
0.024865697420283 0.05210729450990943
0.0251143543944859 0.05563576450556741
0.0253654979384307 0.05918728788764644
0.025619152917815 0.06276185611646663
0.0258753444469932 0.06635937087296492
0.0261340978914631 0.06997974760037844
0.0263954388703778 0.07362286134554182
0.0266593932590815 0.07728856511120871
0.0269259871916724 0.08097667054043671
0.0271952470635891 0.08468696275392563
0.027467199534225 0.08841915096484007
0.0277418715295672 0.09217295118617895
0.0280192902448629 0.09594798430050444
0.0282994831473115 0.09974382304561633
0.0285824779787846 0.1035599828463565
0.0288683027585725 0.1073959041622971
0.0291569857861582 0.1112509461366434
0.0294485556440198 0.1151243915200053
0.02974304120046 0.1190154085635244
0.0300404716124646 0.1229230798522275
0.0303408763285892 0.1268463716074729
0.0306442850918751 0.1307841168545013
0.0309507279427939 0.1347349964074455
0.0312602352222218 0.1386976202128924
0.031572837574444 0.1426703284149105
0.0318885659501885 0.1466513206663994
0.0322074516096904 0.1506387541035049
0.0325295261257873 0.1546302624747101
0.0328548213870451 0.1586236956077193
0.0331833696009156 0.1626162193476071
0.0335152032969248 0.166605140664598
0.033850355329894 0.1705872461664417
0.0341888588831929 0.1745591595260877
0.0345307474720249 0.1785173021255116
0.0348760549467451 0.1824576106041365
0.0352248154962126 0.1863759380426047
0.0355770636511747 0.1902675269101075
0.0359328342876865 0.1941279643457903
0.0362921626305633 0.1979518739123952
0.036655084256869 0.2017336861216701
0.0370216350994376 0.205467835340937
0.037391851450432 0.2091484989628843
0.0377657699649363 0.2127694880860326
0.0381434276645857 0.2163244404913739
0.0385248619412316 0.2198069303664804
0.0389101105606439 0.2232104676236043
0.0392992116662503 0.2265285384258444
0.0396922037829128 0.2297545633366792
0.0400891258207419 0.2328822139073746
0.0404900170789494 0.2359052624195884
0.0408949172497389 0.238817733604979
0.0413038664222363 0.241614204875251
0.0417169050864586 0.244289406337807
0.0421340741373232 0.2468385470553381
0.0425554148786964 0.2492573837666253
0.0429809690274834 0.2515429161136348
0.0434107787177582 0.2536917823942479
0.0438448865049358 0.2557018123855012
0.0442833353699852 0.2575715044095346
0.044726168723685 0.2593000165586817
0.0451734304109219 0.260887232297132
0.0456251647150311 0.2623336401512384
0.0460814163621814 0.2636404459673422
0.0465422305258032 0.2648094015318981
0.0470076528310613 0.2658429136073024
0.0474777293593719 0.2667437540423452
0.0479525066529656 0.2675152378395043
0.0484320317194952 0.2681610955735643
0.0489163520366902 0.2686853229292419
0.0494055155570571 0.2690921936652668
0.0498995707126277 0.2693862623765809
0.0503985664197539 0.2695721196944881
0.0509025520839515 0.2696546719280159
0.051411577604791 0.2696386260990493
0.0519256933808389 0.2695289070405464
0.0524449503146473 0.2693303399726758
0.0529693998177938 0.2690477080057334
0.0534990938159717 0.2686857184609286
0.0540340847541314 0.2682489766561583
0.0545744256016727 0.2677419494630452
0.0551201698576895 0.2671689628970442
0.0556713715562664 0.2665342207236626
0.056228085271829 0.2658417209934181
0.0567903661245473 0.2650952983184385
0.0573582697857928 0.2642986186110628
0.0579318524836507 0.2634551681427055
0.0585111710084872 0.2625682611930271
0.0590962827185721 0.2616410106887009
0.0596872455457578 0.2606763657825709
0.0602841180012154 0.2596770993359429
0.0608869591812276 0.2586458187176936
0.0614958287730398 0.2575849618961265
0.0621107870607702 0.2564967791287994
0.0627318949313779 0.2553834332113979
0.0633592138806917 0.2542468751110185
0.0639928060194986 0.2530889386908693
0.0646327340796936 0.2519113116594965
0.0652790614204906 0.2507155584457536
0.0659318520346955 0.2495031222570156
0.06659117055504241 0.2482753188420569
0.06725708226059279 0.2470333637572895
0.0679296530831988 0.2457783639660627
0.0686089496140308 0.2445112992798621
0.0692950391101711 0.2432331073209039
0.0699879895012728 0.2419446025228232
0.0706878693962855 0.2406465284398562
0.0713947480902484 0.2393395449919147
0.0721086955711509 0.2380242455461977
0.0728297825268624 0.2367011527225198
0.073558080352131 0.2353707345388994
0.07429366115565229 0.2340333792357776
0.07503659776720881 0.2326894608598551
0.07578696374488091 0.2313392642514264
0.0765448333823297 0.2299830498970571
0.07731028171615301 0.2286210442841877
0.07808338453331461 0.2272534023397264
0.0788642183786477 0.2258802908179349
0.0796528605624342 0.2245018185474203
0.08044938916805849 0.2231180753989868
0.0812538830597391 0.2217291141004833
0.0820664218903365 0.2203349787755793
0.08288708610923989 0.2189357031336624
0.08371595697033229 0.2175312936767213
0.0845531165400356 0.2161217410013011
0.085398647705436 0.2147070323918297
0.0862526341824903 0.2132871504142426
0.0871151605243152 0.2118620627454807
0.0879863121295584 0.2104317337250304
0.0888661752508539 0.208996122775334
0.08975483700336249 0.2075552019215819
0.09065238537339609 0.2061089192087756
0.0915589092271301 0.2046573484677638
0.0924744983194014 0.2032002711975152
0.0933992433025954 0.2017378404902731
0.0943332357356213 0.2002698858442552
0.0952765680929776 0.1987965650144408
0.0962293337739073 0.1973177340351842
0.0971916271116464 0.1958334619663515
0.0981635433827629 0.1943437101022457
0.0991451788165905 0.1928485674589208
0.100136630604756 0.1913480214533125
0.101137996910804 0.1898421254346246
0.102149376879912 0.1883309330952255
0.103170870648711 0.186814496505421
0.104202579355198 0.1852928826979051
0.10524460514875 0.1837661757537974
0.106297051200238 0.1822344541997236
0.10736002171224 0.1806978191773026
0.108433621929363 0.1791563514999926
0.109517958148656 0.1776102115944044
0.110613137730143 0.1760594572003413
0.111719269107444 0.1745042318561562
0.112836461798519 0.1729446601919293
0.113964826416504 0.1713808705525074
0.115104474680669 0.169812992409522
0.116255519427476 0.1682411580825944
0.11741807462175 0.1666655156426917
0.118592255367968 0.1650861886607514
0.119778177921647 0.1635033385229933
0.120975959700864 0.1619170753753697
0.122185719297873 0.1603275152117141
0.123407576490851 0.1587348364774198
0.12464165225576 0.1571391501237725
0.125888068778317 0.1555405672300531
0.127146949466101 0.1539392154063554
0.128418418960762 0.1523352118581607
0.129702603150369 0.1507286583383479
0.130999629181873 0.1491196368101917
0.132309625473692 0.1475082835429846
0.133632721728429 0.1458946448131865
0.134969048945713 0.1442788071119261
0.13631873943517 0.1426608343024155
0.137681926829522 0.1410407877791823
0.139058746097817 0.1394187106314873
0.140449333558795 0.1377946447656272
0.141853826894383 0.1361686172005744
0.143272365163327 0.1345406577088112
0.14470508881496 0.1329107239660198
0.14615213970311 0.1312788678855789
0.147613661100141 0.1296450586105509
0.149089797711142 0.1280092701594638
0.150580695688254 0.1263714704326116
0.152086502645136 0.1247316001154836
0.153607367671588 0.1230896501642739
0.155143441348303 0.1214455263865547
0.156694875761787 0.11979913709346
0.158261824519404 0.1181504359525518
0.159844442764598 0.1164993225451433
0.161442887192244 0.1148456967542591
0.163057316064167 0.113189458031535
0.164687889224809 0.1115304881069333
0.166334768117057 0.1098686727256004
0.167998115798227 0.1082038787123222
0.169678096956209 0.1065359812611346
0.171374877925772 0.1048648369263368
0.173088626705029 0.1031903058645983
0.17481951297208 0.101512237354688
0.1765677081018 0.09983047973566771
0.178333385182818 0.09814487576639183
0.180116719034647 0.0964552675164731
0.181917886224993 0.09476149495025857
0.183737065087243 0.09306338921301813
0.185574435738115 0.09136078950742241
0.187430180095497 0.08965353296999415
0.189304481896452 0.08794145744374091
0.191197526715416 0.08622440973706511
0.19310950198257 0.08450225440702518
0.195040597002396 0.08277490465086418
0.19699100297242 0.08104222928476684
0.198960913002144 0.07930667048077564
0.200950522132166 0.07755673879493383
0.202960027353487 0.07580018076457443
0.204989627627022 0.07404127274782263
0.207039523903292 0.07227593259422971
0.209109919142325 0.07050417473773843
0.211201018333748 0.06872569432622792
0.213313028517086 0.06694025468790377
0.215446158802257 0.06514763922055185
0.217600620390279 0.06334764753361864
0.219776626594182 0.06154007960595282
0.221974392860124 0.05972473775587708
0.224194136788725 0.05790142937179054
0.226436078156613 0.05606996104794729
0.228700438938179 0.05423014002753565
0.23098744332756 0.05238177425272895
0.233297317760836 0.0505246688573164
0.235630290938444 0.04865863154275905
0.237986593847829 0.04678346738671269
0.240366459786307 0.04489898121644982
0.24277012438417 0.04300497481149503
0.245197825628012 0.04110124878483294
0.247649803884292 0.03918760473240064
0.250126301923135 0.03726384125418213
0.252627564942366 0.03532975193456646
0.25515384059179 0.03338513001686245
0.257705378997708 0.0314297703532139
0.260282432787685 0.02946345602096668
0.262885257115562 0.02748598579338979
0.265514109686717 0.02549713237178375
0.268169250783585 0.02349668046912095
0.27085094329142 0.021484412799943
0.273559452724335 0.01946009966348531
0.276295047251578 0.01742351607280978
0.279057997724094 0.01537443513468085
0.281848577701335 0.0133126218169265
0.284667063478348 0.01123784368228952
0.287513734113132 0.009149859081904056
0.290388871454263 0.007048428886583752
0.293292760168805 0.004933306742692108
0.296225687770494 0.002804252093065505
0.299187944648198 0.0006610140646584063
0.30217982409468 -0.001496660103852155
0.305201622335627 -0.003669017941269457
0.308253638558984 -0.00585632861231968
0.311336174944573 -0.008058836173576167
0.314449536694019 -0.01027680855802869
0.317594032060959 -0.01251049693351254
0.320769972381569 -0.01476017267739007
0.323977672105385 -0.01702610625962703
0.327217448826438 -0.0193085510553579
0.330489623314703 -0.02160776948914178
0.33379451954785 -0.02392404298817474
0.337132464743328 -0.02625762534997587
0.340503789390762 -0.0286087967247524
0.343908827284669 -0.03097781406454152
0.347347915557516 -0.03336494926286036
0.350821394713091 -0.03577046912269802
0.354329608660222 -0.03819463948092987
0.357872904746824 -0.04063773226959615
0.361451633794292 -0.04310001017938338
0.365066150132235 -0.04558173416945339
0.368716811633558 -0.04808317630036615
0.372403979749893 -0.05060459137628199
0.376128019547392 -0.05314625288582058
0.379889299742866 -0.05570841521345005
0.383688192740295 -0.05829134086506345
0.387525074667698 -0.06089529127878261
0.391400325414375 -0.0635205331609556
0.395314328668518 -0.0661673121385967
0.399267471955204 -0.0688359078210572
0.403260146674756 -0.07152656531203244
0.407292748141503 -0.0742395573132718
0.411365675622918 -0.07697513386728709
0.415479332379147 -0.07973356598326212
0.419634125702939 -0.08251511583718826
0.423830466959968 -0.08532004829450038
0.428068771629568 -0.08814863243862069
0.432349459345864 -0.09100114036078992
0.436672953939322 -0.09387784459600275
0.441039683478716 -0.09677902153942182
0.445450080313503 -0.09970494817149315
0.449904581116638 -0.1026559168239473
0.454403626927804 -0.1056322072947561
0.458947663197082 -0.1086341187206928
0.463537139829053 -0.1116619353936886
0.468172511227344 -0.1147159720422166
0.472854236339617 -0.1177965299142051
0.477582778703013 -0.120903919899453
0.482358606490043 -0.1240384568670616
0.487182192554944 -0.1272004670662525
0.492054014480493 -0.1303902762417769
0.496974554625298 -0.1336082185760264
0.501944300171551 -0.1368546256673956
0.506963743173267 -0.1401298417787214
0.512033380604999 -0.1434342126114504
0.517153714411049 -0.1467680950199686
0.52232525155516 -0.1501318378421239
0.527548504070711 -0.1535258065171369
0.532823989111418 -0.1569503629742312
0.538152229002533 -0.1604058786046288
0.543533751292558 -0.16389272157912
0.548969088805484 -0.1674112713341135
0.554458779693538 -0.1709619062331261
0.560003367490474 -0.1745450083335249
0.565603401165378 -0.1781609628574227
0.571259435177032 -0.1818101561217377
0.576972029528803 -0.185492981124077
0.582741749824091 -0.1892098293798252
0.588569167322331 -0.1929610887671536
0.5944548589955549 -0.1967471727260549
0.60039940758551 -0.2005684718093101
0.606403401661365 -0.20442540613972
0.612467435677979 -0.2083183491685367
0.618592110034759 -0.2122477308615472
0.624778031135106 -0.2162139491296462
0.631025811446457 -0.2202174252308541
0.637336069560922 -0.2242585873511838
0.643709430256531 -0.2283378136058901
0.650146524559097 -0.2324555354779225
0.656647989804688 -0.2366122082740897
0.663214469702734 -0.2408082333821077
0.669846614399762 -0.2450440521148191
0.6765450805437589 -0.2493200929350742
0.6833105313491969 -0.2536367866641449
0.690143636662689 -0.2579946130619249
0.697045073029316 -0.2623939793089894
0.704015523759609 -0.2668353631505077
0.711055678997205 -0.2713192114274657
0.718166235787177 -0.2758459950465553
0.725347898145049 -0.2804161731470729
0.732601377126499 -0.2850302415420408
0.739927390897764 -0.2896886989354363
0.747326664806742 -0.2943920022983857
0.7547999314548089 -0.2991406578159299
0.762347930769357 -0.3039351710578102
0.7699714100770511 -0.3087760545984207
0.777671124177822 -0.3136638256714107
0.7854478354195999 -0.3185990049299277
0.793302313773796 -0.3235821269974988
0.801235336911534 -0.3286137195554263
0.809247690280649 -0.3336943220288029
0.817340167183456 -0.3388244748203619
0.82551356885529 -0.3440047207111524
0.833768704543843 -0.349235600863095
0.842106391589282 -0.3545176688213035
0.8505274555051739 -0.359851424373239
0.8547800927827 -0.3625445733160793
0.859032730060226 -0.3652374399826802
0.863327893710527 -0.3679569639427333
0.867623057360828 -0.3706762134535314
0.871961172647633 -0.3734223747288107
0.874130230291035 -0.3747953540694833
0.876299287934437 -0.3761682530241536
0.878490036154273 -0.377554809298605
0.880680784374109 -0.3789412994529409
0.882871532593945 -0.3803277076232227
0.885062280813781 -0.381714044188999
0.887274936515815 -0.3831141665193771
0.88948759221785 -0.3845142106743968
0.891700247919885 -0.3859141753749517
0.893912903621919 -0.3873140587650358
0.898382468140029 -0.3901415640600201
0.902852032658138 -0.3929687239270003
0.907366292821429 -0.3958237770502631
0.91188055298472 -0.3986784381612786
0.916439955749644 -0.4015612207243085
0.920999358514567 -0.4044435596104158
0.92560435530714 -0.4073542298141788
0.930209352099712 -0.4102643875753804
0.93951144562071 -0.4161411435296521
0.948906560076917 -0.4220740194975228
0.958395625677686 -0.4280630451387957
0.967979581934463 -0.4341081831361127
0.977659377753807 -0.4402092527832521
0.987435971531345 -0.4463658876162216
0.997310331246659 -0.4525775497931712
1.00728343455913 -0.4588434396293171
1.01735626890472 -0.4651624859023511
1.02752983159376 -0.4715332523869797
1.0378051299097 -0.4779538139615566
1.0481831812088 -0.4844216885338498
1.05866501302089 -0.4909337356893612
1.0692516631511 -0.4974858483520721
1.07994417978261 -0.504072787013233
1.09074362158043 -0.51068775188933
1.10165105779624 -0.5173216889069235
1.1126675683742 -0.523962826284212
1.12379424405794 -0.530595278730988
1.13503218649852 -0.5371972984456305
1.14638250836351 -0.5437384181293248
1.15784633344714 -0.5501746512925125
1.16942479678161 -0.5564400472721834
1.18111904474943 -0.5624310124171692
1.19293023519692 -0.567974475208997
1.20485953754889 -0.5727573216362737
1.21690813292438 -0.5761480981927529
1.22299267358901 -0.5769271758583523
1.22907721425363 -0.5766802207450914
1.23522260032489 -0.5748287676376191
1.24136798639616 -0.5704647897525641
1.24447140636215 -0.5669388113112226
1.24757482632814 -0.5623671327307377
1.25067824629413 -0.5567575740434121
1.25378166626012 -0.5502807117068242
1.25534889334295 -0.5467724075245673
1.25691612042577 -0.5431615161838025
1.26005057459142 -0.5357901155440449
1.26318502875707 -0.5284275423974524
1.26631948292272 -0.5212394912916414
1.26948528163003 -0.5142452168819059
1.27265108033733 -0.5075543333742034
1.27581687904464 -0.5011730005416538
1.27898267775195 -0.4950917075211705
1.28218013444633 -0.4892369934031582
1.28537759114071 -0.4836510047837853
1.29177250452947 -0.473204843928656
1.29823136705212 -0.4635113139578545
1.30469022957477 -0.4545505473333563
1.31121368072264 -0.4461370536782063
1.31773713187051 -0.4382766242257778
1.32432581752987 -0.4308269312668154
1.33091450318922 -0.4238095827559485
1.33756907570517 -0.4171108117450532
1.34422364822111 -0.4107605759615976
1.35094476646222 -0.404664441456311
1.35766588470332 -0.3988564835930952
1.36445421412684 -0.3932559572301349
1.37124254355036 -0.3878985379602382
1.38495496898586 -0.3777376845836424
1.39880451867572 -0.3682584068824261
1.41279256386247 -0.3593704532436473
1.4269204895011 -0.351000754545648
1.44118969439611 -0.3430897752561395
1.45560159134007 -0.3355881727560773
1.47015760725347 -0.3284545609135502
1.48485918332601 -0.3216538398429303
1.49970777515927 -0.3151559486013849
1.51470485291086 -0.3089349309186052
1.52985190143997 -0.302968199297194
1.54515042045437 -0.2972359546177937
1.56060192465891 -0.2917207378020477
1.5762079439055 -0.2864070614998905
1.59197002334456 -0.2812811253166239
1.607889723578 -0.2763305529940514
1.62396862081378 -0.2715442160501397
1.64020830702192 -0.2669120567600782
1.65661039009214 -0.2624249544249598
1.67317649399306 -0.2580746036432809
1.68990825893299 -0.253853434412166
1.70680734152232 -0.2497544939658371
1.72387541493754 -0.2457714084748126
1.74111416908692 -0.2418983055532252
1.75852531077779 -0.2381297632182739
1.77611056388557 -0.2344607638913869
1.79387166952442 -0.2308866542537187
1.81181038621967 -0.2274031077736713
1.82992849008186 -0.2240061024381621
1.84822777498268 -0.2206918758145562
1.86671005273251 -0.2174569187421361
1.88537715325983 -0.2142979447029004
1.90423092479243 -0.2112118719629744
1.92327323404036 -0.2081958069575288
1.94250596638076 -0.2052470292320637
1.96193102604457 -0.2023629772288479
1.98155033630501 -0.1995412353640735
2.00136583966806 -0.196779524571824
2.02137949806474 -0.1940756906336287
2.04159329304539 -0.1914276953071907
2.06200922597584 -0.1888336084948007
2.0826293182356 -0.1862915998544261
2.10345561141796 -0.1837999341579025
2.12449016753214 -0.1813569608575904
2.14573506920746 -0.1789611119128721
2.16719241989954 -0.1766108953052385
2.18886434409853 -0.1743048898987316
2.21075298753952 -0.1720417413695255
2.23286051741491 -0.1698201574683557
2.25518912258906 -0.1676389052185951
2.27774101381495 -0.1654968061518099
2.3005184239531 -0.1633927343264351
2.32352360819263 -0.1613256121154334
2.34675884427456 -0.1592944081902076
2.3702264327173 -0.157298134559522
2.39392869704448 -0.155335844531087
2.41786798401492 -0.1534066297545275
2.44204666385507 -0.151509618779203
2.46646713049362 -0.1496439747153735
2.49113180179856 -0.1478088932297875
2.51604311981654 -0.1460036021507679
2.54120355101471 -0.1442273573780309
2.56661558652486 -0.1424794442783827
2.5922817423901 -0.1407591726157897
2.618204559814 -0.1390658802344855
2.64438660541214 -0.1373989271414522
2.67083047146627 -0.1357576966758091
2.69753877618093 -0.1341415938276034
2.72451416394274 -0.1325500445082851
2.75175930558217 -0.130982494231856
2.77927689863799 -0.1294384072703146
2.80706966762437 -0.1279172660393639
2.83514036430061 -0.1264185701553834
2.86349176794362 -0.1249418353521664
2.89212668562305 -0.1234865931411976
2.92104795247928 -0.122052390142047
2.95025843200408 -0.120638787229002
2.97976101632412 -0.1192453586993295
3.00955862648736 -0.1178716925637289
3.03965421275223 -0.1165173887296154
3.07005075487975 -0.1151820597177315
3.10075126242855 -0.1138653292942015
3.13175877505284 -0.1125668323886983
3.16307636280337 -0.1112862146588717
3.1947071264314 -0.1100231319230635
3.22665419769571 -0.1087772496392113
3.25892073967267 -0.1075482430986584
3.2915099470694 -0.1063357963107125
3.32442504654009 -0.1051396021776002
3.35766929700549 -0.1039593618981218
3.39124598997555 -0.1027947848771459
3.4251584498753 -0.101645588168426
3.45941003437406 -0.1005114964184116
3.4940041347178 -0.09939224142373775
3.52894417606497 -0.09828756201987061
3.56423361782562 -0.09719720372389924
3.59987595400388 -0.09612091849989164
3.63587471354392 -0.09505846455662624
3.67223346067936 -0.0940096061770453
3.70895579528615 -0.09297411348665886
3.74604535323901 -0.09195176211934174
3.7835058067714 -0.09094233329604338
3.82134086483912 -0.08994561334915155
3.85955427348751 -0.08896139380426224
3.89814981622238 -0.0879894710792786
3.93713131438461 -0.08702964620997729
3.97650262752845 -0.08608172502895801
4.01626765380374 -0.08514551769047658
4.05643033034178 -0.08422083867942241
4.09699463364519 -0.08330750667147456
4.13796457998165 -0.08240534437165542
4.17934422578146 -0.08151417840274143
4.22113766803928 -0.08063383918133589
4.26334904471967 -0.07976416081130883
4.30598253516687 -0.07890498095976894
4.34904236051854 -0.07805614074930844
4.39253278412372 -0.07721748467634419
4.43645811196496 -0.07638886048995118
4.48082269308461 -0.07557011909844573
4.52563092001545 -0.07476111449782293
4.57088722921561 -0.0739617036572888
4.61659610150777 -0.0731717464559766
4.66276206252284 -0.07239110556545331
4.70938968314807 -0.07161964643571803
4.75648357997955 -0.07085723713950236
4.80404841577935 -0.07010374838002303
4.85208889993714 -0.06935905333490977
4.90060978893651 -0.06862302767012603
4.94961588682588 -0.06789554941644353
4.99911204569414 -0.06717649893007215
5.04910316615108 -0.06646575882318881
5.09959419781259 -0.06576321391141321
5.15059013979072 -0.06506875115253609
5.20209604118862 -0.06438225959378129
5.25411700160051 -0.06370363031193001
5.30665817161651 -0.06303275637152328
5.35972475333268 -0.06236953276285465
5.41332200086601 -0.06171385636529169
5.46745522087467 -0.06106562589219532
5.52212977308341 -0.06042474184950648
5.57735107081425 -0.05979110649458342
5.63312458152239 -0.05916462378532213
5.68945582733762 -0.05854519934606865
5.74635038561099 -0.0579327404272378
5.8038138894671 -0.05732715586327437
5.86185202836177 -0.05672835604175155
5.92047054864539 -0.05613625285669998
5.97967525413184 -0.05555075968418734
6.03947200667316 -0.05497179134659283
6.0998667267399 -0.05439926406897262
6.16086539400729 -0.0538330954627796
6.22247404794737 -0.0532732044853355
6.28469878842684 -0.05271951140754862
6.34754577631111 -0.0521719377953429
6.41102123407422 -0.0516304064701421
6.47513144641496 -0.05109484148884948
6.53988276087911 -0.05056516811142901
6.60528158848791 -0.05004131278019103
6.67133440437278 -0.04952320308957357
6.73804774841651 -0.04901076776866749
6.80542822590068 -0.04850393664733762
6.87348250815968 -0.04800264064226501
6.94221733324128 -0.04750681173005503
7.01163950657369 -0.04701638292409163
7.08175590163943 -0.04653128825937815
7.15257346065582 -0.04605146276183134
7.22409919526238 -0.0455768424394661
7.29634018721501 -0.04510736425399373
7.36930358908716 -0.04464296610567853
7.44299662497803 -0.04418358681252001
7.51742659122781 -0.04372916609647023
7.59260085714009 -0.04327964456184802
7.66852686571149 -0.04283496367645791
7.7452121343686 -0.04239506576150251
7.82266425571229 -0.0419598939692398
7.90089089826941 -0.0415293922697165
7.97989980725211 -0.04110350543495746
8.059698805324629 -0.040682179022739
8.14029579337787 -0.04026535936402263
8.221698751311649 -0.03985299354643993
8.30391573882477 -0.03944502940181029
8.38695489621302 -0.03904141549103559
8.47082444517515 -0.03864210108959119
8.555532689626901 -0.03824703618975361
8.64108801652317 -0.03785617145283107
8.727498896688401 -0.03746945823330104
8.81477388565529 -0.03708684854909217
8.902921624511841 -0.03670829507201169
8.99195084075696 -0.03633375111678516
9.081870349164531 -0.03596317063173494
9.172689052656169 -0.03559650818234576
9.26441594318274 -0.03523371894880546
9.357060102614559 -0.03487475870500661
9.45063070364071 -0.03451958382069795
9.54513701067712 -0.03416815123860906
9.640588380783891 -0.03382041847689601
9.736994264591729 -0.03347634360939871
9.834364207237639 -0.03313588526000685
9.93270784931002 -0.03279900259677474
10.0320349278031 -0.03246565531667658
10.1323552770812 -0.03213580364441226
10.233678829852 -0.03180940831761021
10.3360156181505 -0.03148643057958208
10.439375774332 -0.03116683217176075
10.5437695320753 -0.03085057532759681
10.6492072273961 -0.03053762276384139
10.75569929967 -0.03022793766845315
10.8632562926667 -0.02992148369829558
10.9718888555934 -0.02961822497234936
11.0816077441493 -0.02931812605771917
11.1924238215908 -0.02902115197093958
11.3043480598067 -0.02872726816572323
11.4173915404048 -0.02843644052591811
11.5315654558088 -0.02814863536344593
11.6468811103669 -0.02786381940711425
11.7633499214706 -0.02758195979699187
11.8809834206853 -0.02730302408200718
11.9997932548922 -0.02702698020776478
12.1197911874411 -0.02675379651473304
12.2409890993155 -0.02648344173308498
12.3633989903086 -0.02621588497218024
12.4870329802117 -0.02595109571863601
12.6119033100138 -0.02568904383101552
12.738022343114 -0.02542969953254966
12.8654025665451 -0.02517303340661984
12.9940565922106 -0.02491901639037748
13.1239971581327 -0.02466761977157144
13.255237129714 -0.024418815182386
13.3877895010112 -0.02417257459516163
13.5216673960213 -0.02392887031531675
13.6568840699815 -0.02368767497812332
13.7934529106813 -0.02344896154789128
13.9313874397881 -0.02321270330464691
14.070701314186 -0.02297887384651941
14.2114083273278 -0.02274744708480609
14.3535224106011 -0.02251839723370076
14.4970576347071 -0.02229169881599484
14.6420282110542 -0.02206732664983916
14.7884484931648 -0.02184524535379222
14.9363329780964 -0.02162539861062848
15.0856963078774 -0.02140776474448912
15.2365532709561 -0.02119232656320275
15.3889188036657 -0.02097906849391363
15.5428079917024 -0.02076857140277392
15.6982360716194 -0.02055980216949034
15.8552184323356 -0.02035316801253149
16.0137706166589 -0.02014864626274136
16.1739083228255 -0.01994621451000226
16.3356474060538 -0.01974585060177557
16.4990038801143 -0.01954753263984127
16.6639939189155 -0.01935123897593733
16.8306338581046 -0.01915694820835204
16.9989401966857 -0.01896463917857747
17.1689295986525 -0.01877429096648312
17.340618894639 -0.01858588290176201
17.5140250835854 -0.01839939452922471
17.6891653344213 -0.01821480563714179
17.8660569877655 -0.01803209623947722
18.0447175576431 -0.01785124657497166
18.2251647332196 -0.01767223710530522
18.4074163805518 -0.017495048511177
18.5914905443573 -0.01731966168907293
18.7774054498009 -0.01714605775192499
18.9651795042989 -0.01697421802174252
19.1548312993419 -0.016804124029908
19.3463796123353 -0.01663575751439587
19.5398434084586 -0.01646910041337772
19.7352418425432 -0.01630413487019108
19.9325942609687 -0.01614084322378001
20.1319202035783 -0.01597920800799802
20.3332394056141 -0.01581921195302964
20.5365717996703 -0.01566083797667042
20.741937517667 -0.0155040691891671
20.9493568928436 -0.01534888888347434
21.1588504617721 -0.015195280538085
21.3704389663898 -0.01504322781084211
21.5841433560537 -0.01489271454234209
21.7999847896142 -0.01474372474923552
22.0179846375104 -0.01459624262261256
22.2381644838855 -0.01445025252672189
22.4605461287243 -0.0143057389959853
22.6851515900116 -0.01416268673550278
22.9120031059117 -0.01402108061538291
23.1411231369708 -0.01388090567135057
23.3725343683405 -0.01374214710193966
23.6062597120239 -0.01360479026456404
23.8423223091442 -0.01346882067755437
24.0807455322356 -0.0133342240155719
24.321552987558 -0.01320098610840924
24.5647685174336 -0.0130690929388619
24.8104162026079 -0.01293853064113228
25.058520364634 -0.0128092854995434
25.3091055682803 -0.01268134394501851
25.5621966239631 -0.01255469255627597
25.8178185902027 -0.01242931805525907
26.0759967761048 -0.01230520730681079
26.3367567438658 -0.01218234731694991
26.6001243113045 -0.01206072523097833
26.8661255544175 -0.01194032833177303
27.1347868099617 -0.01182114403888916
27.4061346780613 -0.01170315990490129
27.6801960248419 -0.01158636361746257
27.9569979850903 -0.01147074299427038
28.2365679649412 -0.01135628598344153
28.5189336445907 -0.01124298066141216
28.8041229810366 -0.01113081523151605
29.0921642108469 -0.01101977802241797
29.3830858529554 -0.01090985748706422
29.676916711485 -0.01080104220083371
29.9736858785998 -0.0106933208603457
30.2734227373858 -0.01058668228225358
30.5761569647597 -0.01048111540141586
30.8819185344073 -0.01037660926990383
31.1907377197513 -0.01027315305552227
31.5026450969488 -0.01017073604049745
31.8176715479183 -0.01006934762029169
32.1358482633975 -0.009968977301963257
32.4572067460315 -0.009869614704218668
32.7817788134918 -0.009771249553489703
33.1095966016267 -0.009673871685767971
33.440692567643 -0.009577471043233652
33.7750994933194 -0.009482037673986502
34.1128504882526 -0.009387561730799644
34.4539789931351 -0.009294033469501735
34.7985187830665 -0.009201443248403978
35.1465039708972 -0.009109781526706667
35.4979690106061 -0.009019038863696496
35.8529487007122 -0.008929205917396002
36.2114781877193 -0.008840273442779293
36.5735929695965 -0.008752232295057246
36.9393288992925 -0.008665073419511627
37.3087221882854 -0.008578787859289326
37.6818094101683 -0.008493366750774872
38.0586275042699 -0.008408801322190407
38.4392137793127 -0.008325082893585717
38.8236059171058 -0.008242202875107442
39.2118419762768 -0.008160152766478841
39.6039603960396 -0.008078924155952374
40 -0.007998508719244931
