-40 1.97077654568226e-09
-39.6039603960396 2.01020968217151e-09
-39.2118419762768 2.05042820369657e-09
-38.8236059171058 2.09144975017051e-09
-38.4392137793127 2.13329025096667e-09
-38.0586275042699 2.17596598764608e-09
-37.6818094101683 2.21949357353868e-09
-37.3087221882854 2.26388995450174e-09
-36.9393288992925 2.309172413608e-09
-36.5735929695965 2.3553585770347e-09
-36.2114781877193 2.4024664204692e-09
-35.8529487007122 2.45051427581068e-09
-35.4979690106061 2.49952083808498e-09
-35.1465039708972 2.54950517253795e-09
-34.7985187830665 2.6004867218928e-09
-34.4539789931351 2.65248531376481e-09
-34.1128504882526 2.70552116823192e-09
-33.7750994933194 2.75961490556116e-09
-33.440692567643 2.8147875540923e-09
-33.1095966016267 2.87106055828105e-09
-32.7817788134918 2.92845578690414e-09
-32.4572067460315 2.98699554142942e-09
-32.1358482633975 3.0467025645537e-09
-31.8176715479183 3.10760004891178e-09
-31.5026450969488 3.16971164596013e-09
-31.1907377197513 3.23306147503832e-09
-30.8819185344073 3.2976741326123e-09
-30.5761569647597 3.36357470170286e-09
-30.2734227373858 3.43078876150325e-09
-29.9736858785998 3.49934239718997e-09
-29.676916711485 3.56926220993084e-09
-29.3830858529554 3.64057532709445e-09
-29.0921642108469 3.71330941266535e-09
-28.8041229810366 3.78749267786977e-09
-28.5189336445907 3.86315389201638e-09
-28.2365679649412 3.94032239355672e-09
-27.9569979850903 4.01902810137076e-09
-27.6801960248419 4.09930152628264e-09
-27.4061346780613 4.18117378281181e-09
-27.1347868099617 4.26467660116535e-09
-26.8661255544175 4.34984233947724e-09
-26.6001243113045 4.43670399630033e-09
-26.3367567438658 4.52529522335758e-09
-26.0759967761048 4.61565033855815e-09
-25.8178185902027 4.70780433928583e-09
-25.5621966239631 4.80179291596516e-09
-25.3091055682803 4.89765246591336e-09
-25.058520364634 4.99542010748367e-09
-24.8104162026079 5.09513369450796e-09
-24.5647685174336 5.19683183104492e-09
-24.321552987558 5.30055388644153e-09
-24.0807455322356 5.40634001071403e-09
-23.8423223091442 5.51423115025609e-09
-23.6062597120239 5.6242690638807e-09
-23.3725343683405 5.73649633920237e-09
-23.1411231369708 5.85095640936687e-09
-22.9120031059117 5.96769357013437e-09
-22.6851515900116 6.08675299732251e-09
-22.4605461287243 6.20818076461536e-09
-22.2381644838855 6.33202386174377e-09
-22.0179846375104 6.45833021304337e-09
-21.7999847896142 6.58714869639417e-09
-21.5841433560537 6.71852916254768e-09
-21.3704389663898 6.85252245484623e-09
-21.1588504617721 6.98918042933835e-09
-20.9493568928436 7.12855597529479e-09
-20.741937517667 7.27070303612995e-09
-20.5365717996703 7.41567663073261e-09
-20.3332394056141 7.56353287507326e-09
-20.1319202035783 7.7143290049086e-09
-19.9325942609687 7.8681233975622e-09
-19.7352418425432 8.02497559547142e-09
-19.5398434084586 8.18494632950531e-09
-19.3463796123353 8.3480975428574e-09
-19.1548312993419 8.51449241538967e-09
-18.9651795042989 8.68419538843589e-09
-18.7774054498009 8.85727219007908e-09
-18.5914905443573 9.03378986091265e-09
-18.4074163805518 9.21381678030303e-09
-18.2251647332196 9.397422693171e-09
-18.0447175576431 9.58467873731064e-09
-17.8660569877655 9.77565747126945e-09
-17.6891653344213 9.9704329028162e-09
-17.5140250835854 1.01690805180217e-08
-17.340618894639 1.03716773109871e-08
-17.1689295986525 1.05783018142519e-08
-16.9989401966857 1.07890341299187e-08
-16.8306338581046 1.1003955961536e-08
-16.6639939189155 1.1223150646775e-08
-16.4990038801143 1.14467031909548e-08
-16.3356474060538 1.16747003014491e-08
-16.1739083228255 1.19072304230318e-08
-16.0137706166589 1.21443837742e-08
-15.8552184323356 1.23862523845287e-08
-15.6982360716194 1.26329301330951e-08
-15.5428079917024 1.28845127880253e-08
-15.3889188036657 1.31410980471976e-08
-15.2365532709561 1.34027855801434e-08
-15.0856963078774 1.36696770711786e-08
-14.9363329780964 1.39418762637929e-08
-14.7884484931648 1.42194890063161e-08
-14.6420282110542 1.45026232988764e-08
-14.4970576347071 1.47913893416543e-08
-14.3535224106011 1.50858995844275e-08
-14.2114083273278 1.53862687773917e-08
-14.070701314186 1.56926140232304e-08
-13.9313874397881 1.60050548303986e-08
-13.7934529106813 1.63237131675733e-08
-13.6568840699815 1.66487135191992e-08
-13.5216673960213 1.69801829420788e-08
-13.3877895010112 1.73182511228988e-08
-13.255237129714 1.7663050436641e-08
-13.1239971581327 1.80147160056952e-08
-12.9940565922106 1.83733857596631e-08
-12.8654025665451 1.87392004956654e-08
-12.738022343114 1.91123039390331e-08
-12.6119033100138 1.94928428042946e-08
-12.4870329802117 1.98809668562755e-08
-12.3633989903086 2.02768289712174e-08
-12.2409890993155 2.06805851977686e-08
-12.1197911874411 2.10923948177288e-08
-11.9997932548922 2.15124204064273e-08
-11.8809834206853 2.19408278926235e-08
-11.7633499214706 2.23777866178395e-08
-11.6468811103669 2.28234693950303e-08
-11.5315654558088 2.32780525665273e-08
-11.4173915404048 2.37417160612017e-08
-11.3043480598067 2.42146434508118e-08
-11.1924238215908 2.46970220055032e-08
-11.0816077441493 2.51890427485541e-08
-10.9718888555934 2.56909005101371e-08
-10.8632562926667 2.62027939805518e-08
-10.75569929967 2.67249257625028e-08
-10.6492072273961 2.72575024231945e-08
-10.5437695320753 2.78007345451604e-08
-10.439375774332 2.83548367773553e-08
-10.3360156181505 2.89200278856988e-08
-10.233678829852 2.9496530803341e-08
-10.1323552770812 3.00845726809716e-08
-10.0320349278031 3.06843849372969e-08
-9.93270784931002 3.12962033095839e-08
-9.834364207237639 3.19202679046174e-08
-9.736994264591729 3.25568232500891e-08
-9.640588380783891 3.32061183465261e-08
-9.54513701067712 3.38684067198336e-08
-9.45063070364071 3.45439464745119e-08
-9.357060102614559 3.52330003475702e-08
-9.26441594318274 3.59358357631342e-08
-9.172689052656169 3.66527248877447e-08
-9.081870349164531 3.73839446862408e-08
-8.99195084075696 3.81297769781892e-08
-8.902921624511841 3.88905084947017e-08
-8.81477388565529 3.96664309355329e-08
-8.727498896688401 4.04578410262382e-08
-8.64108801652317 4.12650405752602e-08
-8.555532689626901 4.20883365307056e-08
-8.47082444517515 4.29280410366258e-08
-8.38695489621302 4.37844714885981e-08
-8.30391573882477 4.46579505890905e-08
-8.221698751311649 4.55488063985515e-08
-8.14029579337787 4.64573723918131e-08
-8.059698805324629 4.73839875069677e-08
-7.97989980725211 4.83289961963031e-08
-7.90089089826941 4.92927484756729e-08
-7.82266425571229 5.02755999732575e-08
-7.7452121343686 5.12779119781669e-08
-7.66852686571149 5.23000514895902e-08
-7.59260085714009 5.33423912674206e-08
-7.51742659122781 5.44053098855811e-08
-7.44299662497803 5.5489191789607e-08
-7.36930358908716 5.65944273605848e-08
-7.29634018721501 5.7721412987636e-08
-7.22409919526238 5.88705511523141e-08
-7.15257346065582 6.00422505283131e-08
-7.08175590163943 6.12369261010194e-08
-7.01163950657369 6.24549993121722e-08
-6.94221733324128 6.36968982360178e-08
-6.87348250815968 6.49630577938506e-08
-6.80542822590068 6.62539200171731e-08
-6.73804774841651 6.75699343679059e-08
-6.67133440437278 6.89115581291793e-08
-6.60528158848791 7.02792568802951e-08
-6.53988276087911 7.16735050724089e-08
-6.47513144641496 7.30947867240424e-08
-6.41102123407422 7.45435962604577e-08
-6.34754577631111 7.60204395112628e-08
-6.28469878842684 7.75258349233896e-08
-6.22247404794737 7.9060314986644e-08
-6.16086539400729 8.06244279379063e-08
-6.0998667267399 8.22187397774895e-08
-6.03947200667316 8.38438366500634e-08
-5.97967525413184 8.55003276479095e-08
-5.92047054864539 8.71888481009054e-08
-5.86185202836177 8.89100634297097e-08
-5.8038138894671 9.06646736427209e-08
-5.74635038561099 9.24534185734989e-08
-5.68945582733762 9.42770839638737e-08
-5.63312458152239 9.61365085120331e-08
-5.57735107081425 9.80325920188937e-08
-5.52212977308341 9.99663047734687e-08
-5.46745522087467 1.01938698381617e-07
-5.41332200086601 1.03950918171501e-07
-5.35972475333268 1.06004217361571e-07
-5.30665817161651 1.08099973341815e-07
-5.25411700160051 1.1023970618526e-07
-5.20209604118862 1.12425099728368e-07
-5.15059013979072 1.1465802551963e-07
-5.09959419781259 1.16940569965951e-07
-5.04910316615108 1.1927506505991e-07
-4.99911204569414 1.21664123057973e-07
-4.94961588682588 1.24110675599339e-07
-4.90060978893651 1.26618017708941e-07
-4.85208889993714 1.29189857227807e-07
-4.80404841577935 1.31830370247152e-07
-4.75648357997955 1.34544263156078e-07
-4.70938968314807 1.37336841995652e-07
-4.66276206252284 1.40214089866092e-07
-4.61659610150777 1.43182753000802e-07
-4.57088722921561 1.4625043699569e-07
-4.52563092001545 1.49425712980357e-07
-4.48082269308461 1.52718235975853e-07
-4.43645811196496 1.56138875723165e-07
-4.39253278412372 1.59699861476679e-07
-4.34904236051854 1.63414941876049e-07
-4.30598253516687 1.67299561416076e-07
-4.26334904471967 1.71371054742553e-07
-4.22113766803928 1.756488608115e-07
-4.17934422578146 1.80154757782908e-07
-4.13796457998165 1.8491312144769e-07
-4.09699463364519 1.89951208256452e-07
-4.05643033034178 1.95299465818641e-07
-4.01626765380374 2.00991872148958e-07
-3.97650262752845 2.07066307465076e-07
-3.93713131438461 2.13564959247276e-07
-3.89814981622238 2.20534765078568e-07
-3.85955427348751 2.28027895122433e-07
-3.82134086483912 2.36102277674124e-07
-3.7835058067714 2.44822171170201e-07
-3.74604535323901 2.54258786232451e-07
-3.70895579528615 2.64490961114438e-07
-3.67223346067936 2.75605895571308e-07
-3.63587471354392 2.87699946510544e-07
-3.59987595400388 3.00879489782547e-07
-3.56423361782562 3.15261854719778e-07
-3.52894417606497 3.30976333968016e-07
-3.4940041347178 3.48165276168833e-07
-3.45941003437406 3.66985266631669e-07
-3.4251584498753 3.87608400061384e-07
-3.39124598997555 4.10223656783765e-07
-3.35766929700549 4.35038383320028e-07
-3.32442504654009 4.622798853355e-07
-3.2915099470694 4.92197148646899e-07
-3.25892073967267 5.25062680790485e-07
-3.22665419769571 5.61174496286481e-07
-3.1947071264314 6.00858244067916e-07
-3.16307636280337 6.44469488743568e-07
-3.13175877505284 6.92396161404761e-07
-3.10075126242855 7.45061174195744e-07
-3.07005075487975 8.02925225357412e-07
-3.03965421275223 8.66489795365045e-07
-3.00955862648736 9.36300343321006e-07
-2.97976101632412 1.01294972719148e-06
-2.95025843200408 1.09708183310455e-06
-2.92104795247928 1.18939546805121e-06
-2.89212668562305 1.29064847796779e-06
-2.86349176794362 1.40166214265307e-06
-2.83514036430061 1.52332584711619e-06
-2.80706966762437 1.65660203075995e-06
-2.77927689863799 1.80253145954605e-06
-2.75175930558217 1.96223879601141e-06
-2.72451416394274 2.13693853068239e-06
-2.69753877618093 2.32794122700011e-06
-2.67083047146627 2.53666019530394e-06
-2.64438660541214 2.76461848676426e-06
-2.618204559814 3.01345631193226e-06
-2.5922817423901 3.2849389760186e-06
-2.56661558652486 3.58096511104474e-06
-2.54120355101471 3.90357556670542e-06
-2.51604311981654 4.2549626093156e-06
-2.49113180179856 4.6374798107027e-06
-2.46646713049362 5.05365252124075e-06
-2.44204666385507 5.50618879426395e-06
-2.41786798401492 5.99799101505842e-06
-2.39392869704448 6.53216843670488e-06
-2.3702264327173 7.11205005765012e-06
-2.34675884427456 7.74119865093445e-06
-2.32352360819263 8.42342553368668e-06
-2.3005184239531 9.16280591816772e-06
-2.27774101381495 9.96369615219632e-06
-2.25518912258906 1.0830750986267e-05
-2.23286051741491 1.17689430444339e-05
-2.21075298753952 1.27862821851381e-05
-2.18886434409853 1.39401192936277e-05
-2.16719241989954 1.51893050712055e-05
-2.14573506920746 1.6541052674048e-05
-2.12449016753214 1.80030791369917e-05
-2.10345561141796 1.95836438357482e-05
-2.0826293182356 2.12915869000461e-05
-2.06200922597584 2.31363701151139e-05
-2.04159329304539 2.5128122017499e-05
-2.02137949806474 2.7277687428255e-05
-2.00136583966806 2.95966753476611e-05
-1.98155033630501 3.20975207990377e-05
-1.96193102604457 3.47935431481965e-05
-1.94250596638076 3.76990136692597e-05
-1.92327323404036 4.08292279340936e-05
-1.90423092479243 4.42005855296028e-05
-1.88537715325983 4.78306684562472e-05
-1.86671005273251 5.17389877116884e-05
-1.84822777498268 5.59438683754337e-05
-1.82992849008186 6.04689730089553e-05
-1.81181038621967 6.5337010529929e-05
-1.79387166952442 7.05730746898594e-05
-1.77611056388557 7.6204130891841e-05
-1.75852531077779 8.22591903761579e-05
-1.74111416908692 8.87694587757147e-05
-1.72387541493754 9.57685282796738e-05
-1.70680734152232 0.000103292569610484
-1.68990825893299 0.000111380554323362
-1.67317649399306 0.000120074461343816
-1.65661039009214 0.000129419607497175
-1.64020830702192 0.000139464796655399
-1.62396862081378 0.000150262740160954
-1.607889723578 0.000161870315029373
-1.59197002334456 0.000174348951932809
-1.5762079439055 0.00018776500017101
-1.56060192465891 0.00020219016125587
-1.54515042045437 0.000217701942393405
-1.52985190143997 0.000234384147547766
-1.51470485291086 0.000252327442879459
-1.49970777515927 0.00027162992907321
-1.48485918332601 0.000292397792712131
-1.47015760725347 0.000314746007432507
-1.45560159134007 0.000338799151684296
-1.44118969439611 0.000364692152903806
-1.4269204895011 0.000392571305233309
-1.41279256386247 0.000422595320153755
-1.39880451867572 0.000454936362288379
-1.38495496898586 0.000489781031873576
-1.37124254355036 0.000527333000134509
-1.36445421412684 0.000547141688136435
-1.35766588470332 0.000567812170210943
-1.35094476646222 0.000589169455990773
-1.34422364822111 0.000611458711232772
-1.33756907570517 0.00063449191294193
-1.33091450318922 0.000658533686897039
-1.32432581752987 0.000683381572399527
-1.31773713187051 0.000709321442069559
-1.31121368072264 0.000736135254389576
-1.30469022957477 0.000764131992553628
-1.29823136705212 0.000793076741496208
-1.29177250452947 0.000823303444580763
-1.28537759114071 0.000854559472240561
-1.28218013444633 0.000870704302564813
-1.27898267775195 0.000887205745948189
-1.27581687904464 0.000903903981043963
-1.27265108033733 0.000920969822942044
-1.26948528163003 0.0009384128266739
-1.26631948292272 0.000956242738782964
-1.26318502875707 0.000974287155029112
-1.26005057459142 0.000992730700239572
-1.25691612042577 0.00101158392914902
-1.25534889334295 0.00102116738441954
-1.25378166626012 0.00103085733652942
-1.25067824629413 0.00105036465476993
-1.24757482632814 0.00107030589068767
-1.24447140636215 0.00109069206420903
-1.24136798639616 0.00111153503273851
-1.23522260032489 0.00115420405408038
-1.22907721425363 0.00119880960992346
-1.22299267358901 0.00124498483248639
-1.21690813292438 0.00129326829156453
-1.20485953754889 0.00139556024332302
-1.19293023519692 0.00150639842653945
-1.18111904474943 0.00162657966789704
-1.16942479678161 0.00175698478261033
-1.15784633344714 0.00189859668227043
-1.14638250836351 0.00205251436180324
-1.13503218649852 0.00221997084711304
-1.12379424405794 0.0024023552281119
-1.1126675683742 0.00260123878751235
-1.10165105779624 0.00281840745456704
-1.09074362158043 0.00305590139405215
-1.07994417978261 0.00331606442772712
-1.0692516631511 0.00360160601359015
-1.05866501302089 0.00391567897281028
-1.0481831812088 0.00426198009115575
-1.0378051299097 0.00464487942709927
-1.02752983159376 0.00506959067959475
-1.01735626890472 0.00554239593376452
-1.00728343455913 0.00607095174609185
-0.997310331246659 0.00666470634086793
-0.987435971531345 0.00733548984097437
-0.977659377753807 0.00809835052089232
-0.967979581934463 0.00897279184739961
-0.958395625677686 0.00998463334547155
-0.948906560076917 0.011168903665739
-0.93951144562071 0.0125747748143916
-0.930209352099712 0.0142728173170671
-0.92560435530714 0.0152605254979383
-0.920999358514567 0.0163705272492723
-0.916439955749644 0.0176155162515585
-0.91188055298472 0.0190382990036333
-0.907366292821429 0.0206648351633513
-0.902852032658138 0.0225655983546371
-0.898382468140029 0.0247966779170323
-0.893912903621919 0.0274842683341417
-0.891700247919885 0.0290313283168039
-0.88948759221785 0.0307532690874347
-0.887274936515815 0.0326822014520214
-0.885062280813781 0.0348553117294947
-0.882871532593945 0.0372918586188587
-0.880680784374109 0.0400638020132024
-0.878490036154273 0.0432302460663652
-0.876299287934437 0.0468546540605163
-0.874130230291035 0.0509518045835885
-0.871961172647633 0.0556060928947398
-0.867623057360828 0.0665728108551937
-0.863327893710527 0.0791464220473522
-0.859032730060226 0.092443223686763
-0.8547800927827 0.105533347681889
-0.8505274555051739 0.118040052533593
-0.842106391589282 0.140789647794711
-0.833768704543843 0.160802959357131
-0.82551356885529 0.178660616568908
-0.817340167183456 0.194781292869781
-0.809247690280649 0.209496558287122
-0.801235336911534 0.223050126940545
-0.793302313773796 0.235624687795381
-0.7854478354195999 0.247360177636815
-0.777671124177822 0.25836657335796
-0.7699714100770511 0.268731697494142
-0.762347930769357 0.278526351735504
-0.7547999314548089 0.287812105598189
-0.747326664806742 0.296636000254332
-0.739927390897764 0.305040957047913
-0.732601377126499 0.313063020777029
-0.725347898145049 0.320733352071594
-0.718166235787177 0.32807915384022
-0.711055678997205 0.335124324568843
-0.704015523759609 0.34189014250706
-0.697045073029316 0.348395195139719
-0.690143636662689 0.354656635645206
-0.6833105313491969 0.360689497970096
-0.6765450805437589 0.366507555277885
-0.669846614399762 0.372123237739408
-0.663214469702734 0.377548107109789
-0.656647989804688 0.382791989078679
-0.650146524559097 0.38786494781613
-0.643709430256531 0.392775559306298
-0.637336069560922 0.397531862465995
-0.631025811446457 0.402141385825513
-0.624778031135106 0.406611128593166
-0.618592110034759 0.410947351108422
-0.612467435677979 0.415156142830202
-0.606403401661365 0.419243086861168
-0.60039940758551 0.423213360510493
-0.5944548589955549 0.427072007706139
-0.588569167322331 0.430823545930033
-0.582741749824091 0.434472199539661
-0.576972029528803 0.438022081706338
-0.571259435177032 0.441477005059363
-0.565603401165378 0.44484058561501
-0.560003367490474 0.448116096760472
-0.554458779693538 0.451306868476162
-0.548969088805484 0.454415918671761
-0.543533751292558 0.45744614925262
-0.538152229002533 0.460400089637679
-0.532823989111418 0.463280542392312
-0.527548504070711 0.466089870834689
-0.52232525155516 0.468830367057864
-0.517153714411049 0.471504332957471
-0.512033380604999 0.474113862932063
-0.506963743173267 0.476660791766559
-0.501944300171551 0.479147296241889
-0.496974554625298 0.481575068196623
-0.492054014480493 0.483945836349074
-0.487182192554944 0.486261314541575
-0.482358606490043 0.488523059635831
-0.477582778703013 0.490732629946733
-0.472854236339617 0.492891390144567
-0.468172511227344 0.495000911396147
-0.463537139829053 0.497062417319189
-0.458947663197082 0.499077256087754
-0.454403626927804 0.501046603264707
-0.449904581116638 0.502971713464483
-0.445450080313503 0.50485369267157
-0.441039683478716 0.506693659724794
-0.436672953939322 0.508492693671291
-0.432349459345864 0.510251805571552
-0.428068771629568 0.511971989643058
-0.423830466959968 0.513654198375228
-0.419634125702939 0.515299376034474
-0.415479332379147 0.516908410726305
-0.411365675622918 0.518482186835292
-0.407292748141503 0.520021541461193
-0.403260146674756 0.521527303348158
-0.399267471955204 0.523000245454118
-0.395314328668518 0.524441171032042
-0.391400325414375 0.525850827525561
-0.387525074667698 0.527229947911006
-0.383688192740295 0.528579245327511
-0.379889299742866 0.52989942066392
-0.376128019547392 0.531191149128274
-0.372403979749893 0.532455093039467
-0.368716811633558 0.533691917576189
-0.365066150132235 0.534902245791661
-0.361451633794292 0.536086693477835
-0.357872904746824 0.537245861372689
-0.354329608660222 0.538380338324443
-0.350821394713091 0.539490731147119
-0.347347915557516 0.540577559276675
-0.343908827284669 0.541641390601823
-0.340503789390762 0.542682768375226
-0.337132464743328 0.54370220824375
-0.33379451954785 0.544700224372275
-0.330489623314703 0.545677336394377
-0.327217448826438 0.546634005807738
-0.323977672105385 0.547570717129919
-0.320769972381569 0.548487947705194
-0.317594032060959 0.549386132422015
-0.314449536694019 0.550265714209048
-0.311336174944573 0.551127139079483
-0.308253638558984 0.551970813591584
-0.305201622335627 0.552797148574992
-0.30217982409468 0.55360652587969
-0.299187944648198 0.554399345883784
-0.296225687770494 0.555175976099153
-0.293292760168805 0.555936778460086
-0.290388871454263 0.556682111111315
-0.287513734113132 0.557412311323763
-0.284667063478348 0.558127704363252
-0.281848577701335 0.558828616671868
-0.279057997724094 0.559515358927893
-0.276295047251578 0.560188229350507
-0.273559452724335 0.560847522815067
-0.27085094329142 0.561493520801787
-0.268169250783585 0.562126499578957
-0.265514109686717 0.562746715934836
-0.262885257115562 0.563354439211049
-0.260282432787685 0.563949908677204
-0.257705378997708 0.564533367995685
-0.25515384059179 0.565105056177258
-0.252627564942366 0.565665194952463
-0.250126301923135 0.566214003476263
-0.247649803884292 0.566751706383939
-0.245197825628012 0.56727850360736
-0.24277012438417 0.567794603210972
-0.240366459786307 0.568300199735459
-0.237986593847829 0.568795491831274
-0.235630290938444 0.569280664625937
-0.233297317760836 0.569755903437885
-0.23098744332756 0.570221393393663
-0.228700438938179 0.570677310279017
-0.226436078156613 0.571123829180373
-0.224194136788725 0.571561123436279
-0.221974392860124 0.571989362934912
-0.219776626594182 0.572408715647271
-0.217600620390279 0.572819347571418
-0.215446158802257 0.573221424811587
-0.213313028517086 0.573615112038773
-0.211201018333748 0.574000574321148
-0.209109919142325 0.574377978718994
-0.207039523903292 0.574747513544507
-0.204989627627022 0.575109278702508
-0.202960027353487 0.575463720490884
-0.200950522132166 0.575811734447011
-0.198960913002144 0.57614836399277
-0.19699100297242 0.576478171311385
-0.195040597002396 0.576802457753158
-0.19310950198257 0.577119845409404
-0.191197526715416 0.577430609412092
-0.189304481896452 0.577734808453904
-0.187430180095497 0.578032566729643
-0.185574435738115 0.578324015348463
-0.183737065087243 0.578609278420839
-0.181917886224993 0.578888488724979
-0.180116719034647 0.579161773330591
-0.178333385182818 0.579429263680825
-0.1765677081018 0.579691080051819
-0.17481951297208 0.579947349296615
-0.173088626705029 0.580198192066773
-0.171374877925772 0.580443723676751
-0.169678096956209 0.580684064933481
-0.167998115798227 0.580919323864916
-0.166334768117057 0.581149615416887
-0.164687889224809 0.581375039925434
-0.163057316064167 0.581595704808788
-0.161442887192244 0.581811705975402
-0.159844442764598 0.58202314310762
-0.158261824519404 0.582230100007405
-0.156694875761787 0.582432681959953
-0.155143441348303 0.582630962074211
-0.153607367671588 0.582825022977022
-0.152086502645136 0.583014941724483
-0.150580695688254 0.583200793938874
-0.149089797711142 0.583382648349044
-0.147613661100141 0.58356057122268
-0.14615213970311 0.583734624335774
-0.14470508881496 0.58390486685122
-0.143272365163327 0.584071359778169
-0.141853826894383 0.584234134787676
-0.140449333558795 0.584393260303592
-0.139058746097817 0.584548769193475
-0.137681926829522 0.584700712662454
-0.13631873943517 0.584849119422473
-0.134969048945713 0.584994027880823
-0.133632721728429 0.585135468264101
-0.132309625473692 0.585273470838004
-0.130999629181873 0.585408065140325
-0.129702603150369 0.585539279295156
-0.128418418960762 0.585667106391422
-0.127146949466101 0.58579161733534
-0.125888068778317 0.585912787617897
-0.12464165225576 0.58603064656423
-0.123407576490851 0.586145210202474
-0.122185719297873 0.586256491888077
-0.120975959700864 0.586364503468054
-0.119778177921647 0.586469253960017
-0.118592255367968 0.586570756967593
-0.11741807462175 0.586669019182631
-0.116255519427476 0.58676404906601
-0.115104474680669 0.586855855056658
-0.113964826416504 0.586944449920102
-0.112836461798519 0.587029837812729
-0.111719269107444 0.587112026322073
-0.110613137730143 0.587191023299563
-0.109517958148656 0.587266836433582
-0.108433621929363 0.587339473770835
-0.10736002171224 0.587408953117033
-0.106297051200238 0.587475254428183
-0.10524460514875 0.587538411823454
-0.104202579355198 0.587598426358108
-0.103170870648711 0.58765530808213
-0.102149376879912 0.587709064730744
-0.101137996910804 0.587759710950691
-0.100136630604756 0.587807242848332
-0.0991451788165905 0.587851682183235
-0.0981635433827629 0.587893031975251
-0.0971916271116464 0.587931306895146
-0.0962293337739073 0.587966511201573
-0.0952765680929776 0.58799865728191
-0.0943332357356213 0.58802775475249
-0.0933992433025954 0.588053803512387
-0.0924744983194014 0.588076819928198
-0.0915589092271301 0.588096809988808
-0.09065238537339609 0.588113774850097
-0.08975483700336249 0.588127716629227
-0.0888661752508539 0.588138648655662
-0.0879863121295584 0.588146573026516
-0.0871151605243152 0.588151482320802
-0.0862526341824903 0.588153381687237
-0.085398647705436 0.588152266719756
-0.0845531165400356 0.588148135435626
-0.08371595697033229 0.588140975067257
-0.08288708610923989 0.588130786560234
-0.0820664218903365 0.588117554061562
-0.0812538830597391 0.588101268249569
-0.08044938916805849 0.588081910350417
-0.0796528605624342 0.588059465309585
-0.0788642183786477 0.58803391300581
-0.07808338453331461 0.588005226200712
-0.07731028171615301 0.587973387750152
-0.0765448333823297 0.587938363182351
-0.07578696374488091 0.587900122287952
-0.07503659776720881 0.587858633103691
-0.07429366115565229 0.587813859351993
-0.073558080352131 0.58776576197319
-0.0728297825268624 0.587714302800799
-0.0721086955711509 0.587659431568724
-0.0713947480902484 0.5876011070581
-0.0706878693962855 0.587539280830795
-0.0699879895012728 0.58747390254904
-0.0692950391101711 0.587404918055007
-0.0686089496140308 0.587332274916377
-0.0679296530831988 0.587255918238732
-0.06725708226059279 0.587175788128822
-0.06659117055504241 0.587091834043292
-0.0659318520346955 0.587003985733408
-0.0652790614204906 0.586912193112815
-0.0646327340796936 0.586816391828266
-0.0639928060194986 0.586716520360543
-0.0633592138806917 0.586612522565971
-0.0627318949313779 0.586504333183469
-0.0621107870607702 0.586391894903172
-0.0614958287730398 0.586275147888595
-0.0608869591812276 0.586154041999625
-0.0602841180012154 0.586028500640443
-0.0596872455457578 0.585898486196694
-0.0590962827185721 0.58576393773286
-0.0585111710084872 0.585624803485405
-0.0579318524836507 0.585481032893952
-0.0573582697857928 0.585332577605998
-0.0567903661245473 0.585179391676106
-0.056228085271829 0.585021428417367
-0.0556713715562664 0.584858647930768
-0.0551201698576895 0.584691014434945
-0.0545744256016727 0.584518472231294
-0.0540340847541314 0.584341009283241
-0.0534990938159717 0.584158583385292
-0.0529693998177938 0.583971162963451
-0.0524449503146473 0.583778721608617
-0.0519256933808389 0.583581233367831
-0.051411577604791 0.583378678931944
-0.0509025520839515 0.58317102327149
-0.0503985664197539 0.582958263000227
-0.0498995707126277 0.582740369235021
-0.0494055155570571 0.582517321061102
-0.0489163520366902 0.582289104149947
-0.0484320317194952 0.582055719726344
-0.0479525066529656 0.581817143919322
-0.0474777293593719 0.581573359127034
-0.0470076528310613 0.581324352350238
-0.0465422305258032 0.58107011877674
-0.0460814163621814 0.580810646715621
-0.0456251647150311 0.580545911844937
-0.0451734304109219 0.580275903906451
-0.044726168723685 0.58000061438488
-0.0442833353699852 0.579720030358207
-0.0438448865049358 0.57943413583665
-0.0434107787177582 0.579142912053142
-0.0429809690274834 0.578846336553297
-0.0425554148786964 0.578544416131598
-0.0421340741373232 0.578237097214506
-0.0417169050864586 0.577924379983311
-0.0413038664222363 0.577606230702823
-0.0408949172497389 0.577282623670388
-0.0404900170789494 0.576953544741129
-0.0400891258207419 0.576618964484557
-0.0396922037829128 0.576278839966472
-0.0392992116662503 0.575933155468462
-0.0389101105606439 0.575581882329973
-0.0385248619412316 0.575224986066818
-0.0381434276645857 0.574862427683745
-0.0377657699649363 0.574494189900861
-0.037391851450432 0.574120211058951
-0.0370216350994376 0.573740512813289
-0.036655084256869 0.57335498699669
-0.0362921626305633 0.5729636693848
-0.0359328342876865 0.572566482902057
-0.0355770636511747 0.572163417746318
-0.0352248154962126 0.571754456620861
-0.0348760549467451 0.571339565755967
-0.0345307474720249 0.570918694990884
-0.0341888588831929 0.570491866030345
-0.033850355329894 0.570058983958913
-0.0335152032969248 0.569620100345962
-0.0331833696009156 0.569175183990116
-0.0328548213870451 0.568724197687824
-0.0325295261257873 0.568267154857046
-0.0322074516096904 0.567804041291572
-0.0318885659501885 0.567334855409787
-0.031572837574444 0.566859602085193
-0.0312602352222218 0.566378269157199
-0.0309507279427939 0.565890885981438
-0.0306442850918751 0.565397461282652
-0.0303408763285892 0.564897994878534
-0.0300404716124646 0.564392527859397
-0.02974304120046 0.563881058497985
-0.0294485556440198 0.563363641798226
-0.0291569857861582 0.562840285607856
-0.0288683027585725 0.562311027170582
-0.0285824779787846 0.561775912033982
-0.0282994831473115 0.561234955231012
-0.0280192902448629 0.560688252135613
-0.0277418715295672 0.560135798873439
-0.027467199534225 0.559577641387945
-0.0271952470635891 0.559013840117459
-0.0269259871916724 0.558444453771442
-0.0266593932590815 0.557869551244684
-0.0263954388703778 0.557289119299176
-0.0261340978914631 0.556703277093804
-0.0258753444469932 0.55611202736576
-0.025619152917815 0.55551545035751
-0.0253654979384307 0.554913645796829
-0.0251143543944859 0.554306607861865
-0.024865697420283 0.553694398765495
-0.0246195023963198 0.553077069650953
-0.0243757449468513 0.55245468868576
-0.0241344009374766 0.551827312743432
-0.0238954464727491 0.551194973711948
-0.023658857893811 0.550557731768166
-0.0234246117760505 0.549915627651779
-0.0231926849267826 0.549268738579051
-0.0229630543829531 0.548617079378385
-0.0227356974088645 0.547960704565218
-0.0225105914939252 0.547299657076715
-0.022287714350421 0.546633981757827
-0.0220670439113079 0.545963723686031
-0.0218485583280276 0.545288923924111
-0.0216322359683442 0.544609617492881
-0.0214180554142022 0.543925846675199
-0.0212059954596061 0.543237657512169
-0.0209960351085209 0.542545050660442
-0.020788153572793 0.541848149605729
-0.0205823302700921 0.541146904954284
-0.0203785448218733 0.540441393160256
-0.0201767770513597 0.539731656251874
-0.0199770069815443 0.539017721400566
-0.0197792148332122 0.538299643117181
-0.0195833810229823 0.537577458349265
-0.0193894861613687 0.536851192890892
-0.0191975110508601 0.536120911069736
-0.0190074366840199 0.535386644318034
-0.0188192442416038 0.534648440821077
-0.0186329150906968 0.533906365862227
-0.0184484307828682 0.533160451233554
-0.0182657730523447 0.53241073503476
-0.0180849238142027 0.53165730661167
-0.0179058651625769 0.530900221918421
-0.017728579368888 0.530139518086623
-0.0175530488800872 0.529375249699677
-0.017379256316918 0.528607494570699
-0.017207184472196 0.527836319563899
-0.017036816309105 0.527061781311725
-0.0168681349595099 0.526283963378935
-0.016701123722287 0.525502927170999
-0.0165357660616703 0.524718755060768
-0.0163720456056142 0.523931509556525
-0.0162099461441724 0.523141281432541
-0.0160494516278935 0.522348143946224
-0.0158905461662312 0.521552173469553
-0.0157332140259715 0.520753454112584
-0.0155774396296747 0.519952087119337
-0.0154232075541334 0.519148155888901
-0.0152705025288449 0.518341730169279
-0.0151193094344999 0.517532868855928
-0.0149696133014851 0.516721705580851
-0.0148213993084011 0.515908347002518
-0.0146746527805951 0.515092836403399
-0.014529359188708 0.514275258158957
-0.0143855041472357 0.513455773003729
-0.0142430734131046 0.51263441261416
-0.014102052884262 0.511811265782921
-0.0139624285982792 0.510986443108771
-0.0138241867309695 0.51016002289494
-0.0136873135950193 0.509332080581299
-0.013551795638633 0.508502768744084
-0.0134176194441911 0.507672141216577
-0.0132847717269219 0.506840247143238
-0.013153239333586 0.506007216387669
-0.0130230092411743 0.505173141917104
-0.0128940685556181 0.504338097349783
-0.012766404510513 0.503502171288194
-0.0126400044658544 0.502665447691241
-0.0125148559067866 0.501828024310758
-0.0123909464423629 0.500989972668121
-0.0122682638043197 0.500151388184671
-0.0121467958458611 0.499312355843705
-0.0120265305404566 0.498472947140482
-0.0119074559806501 0.497633243078911
-0.0117895603768812 0.496793354217946
-0.0116728320563181 0.495953333118994
-0.0115572594617011 0.495113262803792
-0.0114428311501991 0.494273237423226
-0.0113295357922763 0.493433310468144
-0.0112173621705706 0.492593643540452
-0.0111062991787828 0.491754168692396
-0.010996335820577 0.490915070944091
-0.0108874612084921 0.490076415578557
-0.0107796645628634 0.489238261742981
-0.0106729352107559 0.488400684961578
-0.0105672625849068 0.487563765636148
-0.01046263622268 0.486727601122691
-0.0103590457650297 0.48589221477139
-0.010256480955475 0.485057721370716
-0.0101549316390841 0.484224177979535
-0.0100543877614694 0.483391665018871
-0.00995483936779152 0.48256024863013
-0.009856276601773781 0.481729997076789
-0.009758689704726511 0.480900991788725
-0.00966206901458071 0.480073288350059
-0.009566404964931391 0.479246969050956
-0.00947168808409049 0.478422089295399
-0.009377908994149 0.477598730657763
-0.00928505841004851 0.476776937788737
-0.00919312713866189 0.475956798621773
-0.00910210607788306 0.475138371769544
-0.0090119862157258 0.474321706199492
-0.008922758629431491 0.473506875712645
-0.008834414484585631 0.472693958219279
-0.008746945034243199 0.471882993713826
-0.008660341618062581 0.471074031994284
-0.0085745956614481 0.470267150313343
-0.00848969867470108 0.469462399645107
-0.008405642252179289 0.468659825056799
-0.00832241807146464 0.467859497798834
-0.00824001789253925 0.467061455952509
-0.00815843355696956 0.46626576796064
-0.00807765698709857 0.465472472034933
-0.00799768018524611 0.464681618212176
-0.00791849523291694 0.463893256844172
-0.00784009429001677 0.463107441805574
-0.00776246959407601 0.462324194788151
-0.0076856134594812 0.461543593968337
-0.00760951827671406 0.460765653081514
-0.00753417651159808 0.459990420095962
-0.00745958070455255 0.459217933218795
-0.00738572346985401 0.458448239740145
-0.00731259749490496 0.457681374806579
-0.00724019553950986 0.456917369968311
-0.00716851043515828 0.456156261185163
-0.00709753508431513 0.455398078336221
-0.00702726245971795 0.454642861664145
-0.00695768560368114 0.453890635437019
-0.00688879762740707 0.453141431014401
-0.00682059171030403 0.452395271765652
-0.00675306109931092 0.451652191075839
-0.00668619910822863 0.450912207036066
-0.00661999911705805 0.450175354754376
-0.0065544545713446 0.449441651060061
-0.00648955898152931 0.448711119632024
-0.00642530592230625 0.447983784874369
-0.00636168903198638 0.447259662982069
-0.00629870201186771 0.446538777468861
-0.00623633862561159 0.445821143390084
-0.00617459269862534 0.445106776880672
-0.00611345811745083 0.444395702201165
-0.00605292882915924 0.443687929997313
-0.00599299884075172 0.442983470417667
-0.00593366221856606 0.442282343051286
-0.00587491308768917 0.441584567320218
-0.00581674563137541 0.440890143421684
-0.0057591540904707 0.440199089232448
-0.00570213276284228 0.439511416056454
-0.00564567600281414 0.438827133970294
-0.00558977822060806 0.438146252693293
-0.00553443388179016 0.437468782211796
-0.00547963750672293 0.436794728325368
-0.0054253836700227 0.436124102861998
-0.00537166700002248 0.435456910311764
-0.00531848217824008 0.434793158443155
-0.00526582393885156 0.434132853519775
-0.00521368706816986 0.433476012759669
-0.00516206640412858 0.432822607429013
-0.00511095683577087 0.432172676164105
-0.00506035330274343 0.43152621207985
-0.00501025079479548 0.430883226161514
-0.00496064435128265 0.430243705548711
-0.00491152906067589 0.429607663891757
-0.00486290006007514 0.428975107714136
-0.00481475253472786 0.428346028627117
-0.00476708171755234 0.427720442451888
-0.00471988288866568 0.427098333821831
-0.00467315137491651 0.426479718313088
-0.00462688254942229 0.425864588029154
-0.00458107183111118 0.425252950912993
-0.00453571468426849 0.424644817306388
-0.00449080661808762 0.424040126717006
-0.00444634318622536 0.423438936582235
-0.00440231998636175 0.42284126116108
-0.00435873265976411 0.422247066163479
-0.00431557689085555 0.421656343945847
-0.00427284840678767 0.421069186403567
-0.0042305429770175 0.420485456316942
-0.00418865641288861 0.419905145404202
-0.00414718456721645 0.419328351358154
-0.00410612333387767 0.418755055203549
-0.00406546864740364 0.418185198286904
-0.00402521648257786 0.417618819749441
-0.00398536285403748 0.417055970506159
-0.0039459038158787 0.416496535588046
-0.00390683546126603 0.415940561046632
-0.00386815392204558 0.415388038749462
-0.00382985536836196 0.414838970961956
-0.00379193600827917 0.414293344415916
-0.00375439208740512 0.413751169800889
-0.00371721988851992 0.413212421176632
-0.00368041573120784 0.412677105132442
-0.00364397597149291 0.412145214112557
-0.00360789700147813 0.411616743388064
-0.00357217524898825 0.411091686456184
-0.00353680717721609 0.410570036528272
-0.00350178928437236 0.410051787755256
-0.00346711810333897 0.409536933489928
-0.00343279020132572 0.409025470784654
-0.00339880217953041 0.408517380668127
-0.00336515067280239 0.408012669167751
-0.00333183234930929 0.407511323294686
-0.00329884391020722 0.407013335127652
-0.00326618208931408 0.406518698573498
-0.00323384365278622 0.406027404751505
-0.00320182539879824 0.405539446429511
-0.00317012415722598 0.405054813256012
-0.00313873678933265 0.404573496480891
-0.00310766018745807 0.404095489354789
-0.00307689127471096 0.403620781720254
-0.00304642700466432 0.40314936507625
-0.00301626436105378 0.402681227754838
-0.00298640035747899 0.402216363083169
-0.00295683203710791 0.401754767260901
-0.00292755647238407 0.401296410585893
-0.0028985707647367 0.400841305705142
-0.00286987204429376 0.400389437298994
-0.00284145746959779 0.399940785041719
-0.00281332422732454 0.39949534298997
-0.0027854695320045 0.399053101162309
-0.00275789062574703 0.398614049060282
-0.00273058477796735 0.39817817460525
-0.00270354928511619 0.397745467565575
-0.00267678147041207 0.397315916402355
-0.00265027868357631 0.396889509529374
-0.0026240383005706 0.396466235316735
-0.00259805772333723 0.396046082787769
-0.00257233437954181 0.395629038290912
-0.00254686572231862 0.395215090789166
-0.00252164923001844 0.394804227946383
-0.00249668240595885 0.394396437399554
-0.00247196277817708 0.393991706674477
-0.00244748789918523 0.393590023158586
-0.00242325534572795 0.393191374129575
-0.00239926271854252 0.392795746693998
-0.00237550764212131 0.392403127885292
-0.00235198776447654 0.392013504603527
-0.00232870075690747 0.391626863632436
-0.00230564431376977 0.391243191644687
-0.0022828161522473 0.390862475202964
-0.00226021401212604 0.390484700763718
-0.00223783565557034 0.390109854680357
-0.00221567886690132 0.389737923206002
-0.00219374145237755 0.38936889249745
-0.00217202123997777 0.389002748618667
-0.00215051607918591 0.388639477545272
-0.00212922384077813 0.388279065176926
-0.00210814241661201 0.387921495157951
-0.00208726971941783 0.38756675483074
-0.00206660368259191 0.387214839048999
-0.00204614225999199 0.386865713234025
-0.00202588342573464 0.386519380323178
-0.0020058251739947 0.386175810983271
-0.00198596551880663 0.385835013387061
-0.00196630249386795 0.385496950362802
-0.00194683415234451 0.385161617306431
-0.00192755856667773 0.384828996097178
-0.00190847382839379 0.384499069090952
-0.00188957804791465 0.384171834535653
-0.00187086935437094 0.38384726402789
-0.00185234589541677 0.383525346389915
-0.0018340058370463 0.383206066751591
-0.00181584736341218 0.382889409542818
-0.00179786867664573 0.382575360518596
-0.00178006799667894 0.382263903762863
-0.00176244356106825 0.381955024131792
-0.00174499362482005 0.381648706375619
-0.00172771646021787 0.381344935031912
-0.00171061035665136 0.381043694805424
-0.00169367362044689 0.380744970298442
-0.00167690457469989 0.380448746096543
-0.00166030155910881 0.380155006764576
-0.0016438629298107 0.379863736851334
-0.00162758705921851 0.379574920890121
-0.00161147233585991 0.379288543402295
-0.00159551716421774 0.379004588899178
-0.00157971996457202 0.378723041884903
-0.00156407917284358 0.378443886858869
-0.00154859324043919 0.378167108249213
-0.00153326063409821 0.377892690691273
-0.0015180798357408 0.377620618444082
-0.00150304934231762 0.377350876372143
-0.00148816766566101 0.377083448846009
-0.00147343333233764 0.376818319885408
-0.00145884488350261 0.376555474490793
-0.00144440087475506 0.37629489736582
-0.00143009987599511 0.376036571769875
-0.00141594047128228 0.375780484854541
-0.00140192125869533 0.375526619464805
-0.0013880408501934 0.375274960368559
-0.00137429787147861 0.375025492241498
-0.00136069096186001 0.374778199753824
-0.00134721877411882 0.374533067590279
-0.00133387997437507 0.374290080454757
-0.00132067324195552 0.374049223154201
-0.00130759726926289 0.373810480235094
-0.00129465076164642 0.373573836379014
-0.00128183243727369 0.37333927758816
-0.00126914102700365 0.373106786567765
-0.00125657527426104 0.372876353140408
-0.00124413393491192 0.37264795591999
-0.00123181577714052 0.372421581465651
-0.00121961958132724 0.372197218075979
-0.00120754413992796 0.371974848443969
-0.00119558825735442 0.37175445793442
-0.00118375074985586 0.371536031794224
-0.00117203044540184 0.371319555276786
-0.00116042618356618 0.371105013671351
-0.00114893681541206 0.370892392312768
-0.00113756120337828 0.370681676585771
-0.00112629822116661 0.370472851927527
-0.00111514675363031 0.370265903829394
-0.00110410569666367 0.370060817838428
-0.00109317395709274 0.369857579558721
-0.00108235045256707 0.369656174652781
-0.00107163411145255 0.369456588843138
-0.00106102387272529 0.369258807893952
-0.00105051868586663 0.369062817696836
-0.00104011751075904 0.368868604149631
-0.00102981931758321 0.368676153281628
-0.00101962308671605 0.368485450074984
-0.00100952780862975 0.368296482293608
-0.00099953248379183 0.368109235357045
-0.0009896361225661681 0.367923695341564
-0.000979837745115018 0.367739849096566
-0.000970136381301998 0.367557682513797
-0.000960531070596037 0.367377182067895
-0.000951020861976275 0.367198334275671
-0.000941604813837896 0.367021125710084
-0.0009322819938989071 0.366845543012248
-0.000923051479107828 0.366671572892038
-0.000913912355552305 0.36649920213022
-0.000904863718368619 0.36632841757863
-0.000895904671652098 0.366159206161227
-0.000887034328368414 0.365991554874571
-0.000878251810265756 0.365825450788305
-0.000869556247787878 0.3656608810456
-0.000860946779987997 0.36549783286356
-0.0008524225544435619 0.365336293533603
-0.000843982727171843 0.365176250421793
-0.00083562646254638 0.36501769096916
-0.000827352933214237 0.364860602691995
-0.000819161320014096 0.364704973224577
-0.000811050811895145 0.364550790151374
-0.000803020605836777 0.364398041256883
-0.000795069906769086 0.364246714360737
-0.000787197927494145 0.364096797359131
-0.000779403888608064 0.363948278224613
-0.000771687018423826 0.363801145005583
-0.000764046552894877 0.363655385830278
-0.000756481735539482 0.363510988895141
-0.000748991817365824 0.363367942480464
-0.000741576056797845 0.363226236108985
-0.000734233719601827 0.363085856079906
-0.00072696407881369 0.362946791900566
-0.00071976641466702 0.362809032161676
-0.000712640014521802 0.362672565531107
-0.000705584172793863 0.362537380753177
-0.000698598190885013 0.362403466649951
-0.000691681377113875 0.362270812117938
-0.0006848330466474 0.362139406127365
-0.00067805252143307 0.362009237715002
-0.000671339130131752 0.361880295955624
-0.00066469220805124 0.361752569773794
-0.000658111097080435 0.361626056745127
-0.0006515951456241939 0.36150072615221
-0.000645143708538805 0.361376583102353
-0.000638756147068124 0.361253614312321
-0.000632431828780321 0.361131806679895
-0.000626170127505268 0.361011153836901
-0.000619970423272543 0.360891647932478
-0.000613832102250043 0.36077327111932
-0.00060775455668321 0.360656016319044
-0.000601737184834862 0.360539873725053
-0.000595779390925606 0.360424833429797
-0.000589880585074857 0.360310885567298
-0.000584040183242433 0.360198020340237
-0.000578257607170726 0.360086228023387
-0.000572532284327451 0.359975498964999
-0.000566863647848961 0.359865823587062
-0.00056125113648412 0.359757192385264
-0.000555694194538733 0.359649595928861
-0.000550192271820528 0.359543024860408
-0.000544744823584681 0.3594374698955
-0.000539351310479882 0.359332921822502
-0.000534011198494933 0.359229371502151
-0.000528723958905874 0.359126809867675
-0.0005234890682236369 0.359025227923854
-0.000518306008142215 0.358924616747113
-0.000513174265487342 0.358824967485111
-0.000508093332165685 0.35872627135467
-0.00050306270511454 0.358628519648568
-0.0004980818862520199 0.358531703724292
-0.000493150382427742 0.35843581501112
-0.000488267705374002 0.358340845007885
-0.000483433371657428 0.358246781924646
-0.000478646902631117 0.358153629289981
-0.000473907824387244 0.358061365076323
-0.000469215667710143 0.357969986257752
-0.000464569968029844 0.357879484675457
-0.000459970265376083 0.357789852238039
-0.000455416104332756 0.357701080928547
-0.000450907033992828 0.357613162774577
-0.000446442607913691 0.357526089891745
-0.000442022384072961 0.357439854455229
-0.000437645924824714 0.357354448704753
-0.000433312796856152 0.35726986498938
-0.000429022571144705 0.357186095589137
-0.00042477482291555 0.357103132987031
-0.000420569131599554 0.357020966577424
-0.000416405080791638 0.35693959512503
-0.000412282258209542 0.356859008154559
-0.000408200255653012 0.35677919835311
-0.000404158668963379 0.356700158471067
-0.000400157097983543 0.356621881320842
-0.00039619514651836 0.356544359776426
-0.000392272422295405 0.356467586773223
-0.000388388536926144 0.356391555307215
-0.000384543105867469 0.356316258434908
-0.000380735748383633 0.356241689272862
-0.000376966087508547 0.356167840997233
-0.000373233750008463 0.356094706843417
-0.000369538366345013 0.356022280105864
-0.000365879570638626 0.355950554136787
-0.000362257000632303 0.355879522347025
-0.000358670297655746 0.355809178204842
-0.000355119106589847 0.355739515235708
-0.000351603075831532 0.355670527021851
-0.000348121857258943 0.355602207201853
-0.000344675106196973 0.355534549470141
-0.000341262481383142 0.355467547575792
-0.000337883644933803 0.355401195323408
-0.000334538262310697 0.355335486560862
-0.000331226002287818 0.355270415070852
-0.000327946536918632 0.355205975476362
-0.000324699541503596 0.355142160891042
-0.000321484694558016 0.355078965846102
-0.000318301677780214 0.355016384426095
-0.000315150176020014 0.354954410806405
-0.000312029877247538 0.3548930392184
-0.000308940472522315 0.354832263946175
-0.000305881655962688 0.354772079325374
-0.000302853124715533 0.354712479742668
-0.00029985457892627 0.35465345963528
-0.000296885721709178 0.354595013490544
-0.000293946259117998 0.354537135845495
-0.00029103590011683 0.354479821286509
-0.000288154356551317 0.354423064448846
-0.000285301343120116 0.35436686001631
-0.000282476577346649 0.354311202720803
-0.000279679779551138 0.354256087341938
-0.000276910672822909 0.354201508706584
-0.000274168982992979 0.354147461688448
-0.00027145443860691 0.354093941207547
-0.00026876677089793 0.354040942229584
-0.000266105713760327 0.353988459765134
-0.000263471003723096 0.35393648886839
-0.000260862379923858 0.353885024634655
-0.000258279584083027 0.353834062194692
-0.000255722360478245 0.353783596697323
-0.000253190455919054 0.353733623235072
-0.000250683619721836 0.353684137535352
-0.000248201603684986 0.353635135817486
-0.000245744162064343 0.353586613685872
-0.000243311051548854 0.353538562221648
-0.000240902031236489 0.353490980317675
-0.000238516862610385 0.353443863148279
-0.000236155309515233 0.353397206171988
-0.000233817138133894 0.353351004938314
-0.000231502116964252 0.353305255053196
-0.000229210016796289 0.353259952169253
-0.000226940610689395 0.353215091982248
-0.000224693673949896 0.353170670229698
-0.000222468984108808 0.353126682688096
-0.00022026632089981 0.353083125175132
-0.000218085466237435 0.353039993547159
-0.000215926204195481 0.352997283699324
-0.000213788320985624 0.352954991565137
-0.000211671604936262 0.352913113116122
-0.000209575846471546 0.352871644361463
-0.00020750083809064 0.352830581347658
-0.000205446374347168 0.352789920158195
-0.000203412251828879 0.352749656913224
-0.000201398269137504 0.352709787769233
-0.000199404226868816 0.352670308918723
-0.000197429927592887 0.352631216589902
-0.000195475175834542 0.352592507046377
-0.000193539778054002 0.352554176586824
-0.000191623542627725 0.352516221544705
-0.00018972627982943 0.352478638287947
-0.000187847801811317 0.352441423218643
-0.000185987922585462 0.352404572772758
-0.000184146458005408 0.352368083419825
-0.000182323225747929 0.352331951662649
-0.000180518045294979 0.352296174037019
-0.000178730737915821 0.352260747111412
-0.000176961126649328 0.352225667486706
-0.000175209036286463 0.35219093179589
-0.000173474293352934 0.352156536703785
-0.000171756726092014 0.352122478906754
-0.000170056164447538 0.352088755132427
-0.000168372440047068 0.352055362139421
-0.000166705386185215 0.352022296717065
-0.000165054837807144 0.351989555685117
-0.000163420631492222 0.351957135893499
-0.000161802605437843 0.351925034222035
-0.000160200599443409 0.351893247580165
-0.000158614454894465 0.351861772906693
-0.000157044014746995 0.351830607169511
-0.000155489123511876 0.351799747365348
-0.000153949627239481 0.351769190519508
-0.000152425373504437 0.351738933685604
-0.000150916211390531 0.351708973945311
-0.000149421991475774 0.351679308408103
-0.000147942565817598 0.35164993421102
-0.000146477787938216 0.351620848518387
-0.000145027512810114 0.351592048521585
-0.000143591596841697 0.351563531438821
-0.000142169897863067 0.351535294514855
-0.000140762275111947 0.351507335020761
-0.00013936858921975 0.351479650245977
-0.000137988702197772 0.351452237528961
-0.000136622477423537 0.351425094210618
-0.000135269779627264 0.351398217664907
-0.000133930474878479 0.351371605290978
-0.000132604430572752 0.35134525451287
-0.000131291515418566 0.351319162779288
-0.000129991599424323 0.351293327563446
-0.000128704553885468 0.35126774636273
-0.000127430251371751 0.351242416698639
-0.000126168565714605 0.351217336116605
-0.000124919371994658 0.351192502187308
-0.000123682546529364 0.351167912487321
-0.000122457966860757 0.351143564659157
-0.000121245511743324 0.351119456323882
-0.000120045061132003 0.351095585144905
-0.0001188564961703 0.351071948805907
-0.000117679699178515 0.351048545012611
-0.000116514553642094 0.35102537149275
-0.000115360944200093 0.351002425995902
-0.000114218756633756 0.350979706293369
-0.000113087877855204 0.350957210177869
-0.000111968195896241 0.350934935463408
-0.000110859599897269 0.350912879985029
-0.000109761980096306 0.350891041598698
-0.000108675227818124 0.350869418181032
-0.00010759923546349 0.350848007629125
-0.000106533896498505 0.350826807860395
-0.000105479105444064 0.350805816812328
-0.00010443475786541 0.350785032442358
-0.000103400750361792 0.350764452727637
-0.00010237698055623 0.350744075664848
-0.000101363347085376 0.350723899270061
-0.000100359749589481 0.3507039215785
-9.93660887024564e-05 0.350684140644406
-9.838226604203611e-05 0.350664554540842
-9.74081842000357e-05 0.3506451613595
-9.64437467327086e-05 0.350625959210545
-9.548885815119661e-05 0.350606946222445
-9.45434239120759e-05 0.350588120541784
-9.36073504079959e-05 0.350569480333095
-9.26805449584118e-05 0.350551023778692
-9.17629158004077e-05 0.350532749078511
-9.08543720796116e-05 0.350514654449924
-8.995482384119961e-05 0.350496738127595
-8.90641820209897e-05 0.3504789983633
-8.81823584366235e-05 0.350461433425771
-8.730926577883521e-05 0.350444041600545
-8.64448176028071e-05 0.350426821189788
-8.5588928319611e-05 0.350409770512152
-8.474151318773359e-05 0.350392887902607
-8.39024883046868e-05 0.350376171712287
-8.307177059869981e-05 0.350359620308358
-8.22492778204948e-05 0.350343232073824
-8.143492853514339e-05 0.350327005407426
-8.062864211400339e-05 0.350310938723448
-7.9830338726736e-05 0.350295030451603
-7.9039939333402e-05 0.35027927903686
-7.82573656766356e-05 0.350263682939318
-7.74825402738966e-05 0.350248240634053
-7.671538640979859e-05 0.350232950610973
-7.59558281285135e-05 0.350217811374686
-7.5203790226251e-05 0.35020282144435
-7.44591982438129e-05 0.350187979353543
-7.37219784592207e-05 0.350173283650109
-7.299205788041651e-05 0.350158732896044
-7.22693642380361e-05 0.350144325667352
-7.155382597825361e-05 0.350130060553899
-7.084537225569659e-05 0.3501159361593
-7.01439329264323e-05 0.350101951100769
-6.944943854102211e-05 0.350088104009004
-6.876182033764561e-05 0.350074393528054
-6.80810102352927e-05 0.350060818315177
-6.74069408270225e-05 0.350047377040745
-6.673954537328961e-05 0.350034068388078
-6.607875779533621e-05 0.350020891053351
-6.54245126686497e-05 0.350007843745459
-6.477674521648491e-05 0.349994925185892
-6.41353913034504e-05 0.349982134108634
-6.350038742915879e-05 0.349969469259999
-6.28716707219394e-05 0.349956929398566
-6.22491789326132e-05 0.349944513295025
-6.16328504283299e-05 0.349932219732066
-6.10226241864653e-05 0.349920047504284
-6.04184397885795e-05 0.349907995418036
-5.98202374144351e-05 0.349896062291346
-5.92279578360744e-05 0.349884246953788
-5.86415424119548e-05 0.349872548246376
-5.80609330811434e-05 0.349860965021449
-5.74860723575677e-05 0.349849496142569
-5.69169033243245e-05 0.349838140484409
-5.6353369628044e-05 0.34982689693264
-5.57954154733109e-05 0.34981576438384
-5.52429856171395e-05 0.349804741745375
-5.46960253635045e-05 0.3497938279353
-5.41544805579252e-05 0.34978302188226
-5.36182975821042e-05 0.349772322525365
-5.3087423348618e-05 0.349761728814135
-5.25618052956614e-05 0.349751239708348
-5.2041391381843e-05 0.349740854177984
-5.15261300810327e-05 0.349730571203097
-5.10159703772601e-05 0.349720389773714
-5.05108617596634e-05 0.349710308889791
-5.00107542174885e-05 0.34970032756104
-4.95155982351372e-05 0.349690444806868
-4.90253447872645e-05 0.349680659656322
-4.85399453339253e-05 0.349670971147968
-4.80593518157676e-05 0.349661378329742
-4.75835166492748e-05 0.349651880258931
-4.71123927220543e-05 0.34964247600214
-4.66459333881726e-05 0.349633164634953
-4.61840924635372e-05 0.349623945242209
-4.5726824221324e-05 0.349614816917598
-4.52740833874495e-05 0.349605778763795
-4.48258251360886e-05 0.349596829892192
-4.43820050852362e-05 0.349587969422935
-4.39425792923131e-05 0.349579196484953
-4.35075042498149e-05 0.349570510215695
-4.30767368810049e-05 0.349561909761751
-4.26502345356484e-05 0.349553394278169
-4.22279549857905e-05 0.349544962930978
-4.18098564215747e-05 0.349536614804509
-4.13958974471037e-05 0.349528349183524
-4.09860370763403e-05 0.349520165322976
-4.05802347290498e-05 0.349512062285375
-4.0178450226782e-05 0.349504039306144
-3.97806437888931e-05 0.34949609559919
-3.9386776028607e-05 0.34948823038416
-3.89968079491158e-05 0.349480442887839
-3.86107009397186e-05 0.349472732343873
-3.82284167719987e-05 0.349465097993591
-3.78499175960383e-05 0.349457539085498
-3.74751659366716e-05 0.349450054875704
-3.71041246897738e-05 0.349442644627427
-3.67367571185879e-05 0.349435307611171
-3.63730268500871e-05 0.349428043104607
-3.60128978713733e-05 0.349420850392535
-3.56563345261122e-05 0.349413728766712
-3.53033015110022e-05 0.349406677525902
-3.49537638722794e-05 0.349399695975722
-3.46076870022568e-05 0.349392783428637
-3.42650366358979e-05 0.34938593920389
-3.39257788474236e-05 0.349379162627352
-3.35898800469541e-05 0.349372453031602
-3.32573069771823e-05 0.349365809755701
-3.29280267100814e-05 0.349359232145253
-3.2602006643645e-05 0.349352719552301
-3.22792144986584e-05 0.349346271335227
-3.19596183155034e-05 0.349339886858763
-3.16431864509934e-05 0.349333565493853
-3.1329887575241e-05 0.349327306617656
-3.10196906685555e-05 0.349321109613424
-3.07125650183718e-05 0.34931497387052
-3.04084802162097e-05 0.34930889878427
-3.0107406154663e-05 0.349302883755982
-2.98093130244188e-05 0.349296928192843
-2.95141713113058e-05 0.349291031507867
-2.92219517933721e-05 0.34928519311985
-2.89326255379921e-05 0.349279412453306
-2.86461638990021e-05 0.349273688938413
-2.83625385138635e-05 0.34926802201096
-2.80817213008549e-05 0.349262411112291
-2.7803684456292e-05 0.349256855689227
-2.75284004517743e-05 0.349251355194082
-2.72558420314597e-05 0.349245909084503
-2.6985982209366e-05 0.349240516823523
-2.6718794266699e-05 0.349235177879436
-2.64542517492069e-05 0.349229891725788
-2.61923284645613e-05 0.349224657841301
-2.59329984797637e-05 0.349219475709808
-2.56762361185779e-05 0.349214344820279
-2.5422015958988e-05 0.349209264666669
-2.51703128306812e-05 0.349204234747934
-2.49211018125557e-05 0.349199254567965
-2.46743582302531e-05 0.349194323635534
-2.4430057653716e-05 0.34918944146427
-2.41881758947683e-05 0.349184607572569
-2.39486890047211e-05 0.349179821483588
-2.37115732720011e-05 0.349175082725171
-2.3476805219803e-05 0.349170390829829
-2.32443616037654e-05 0.349165745334662
-2.30142194096687e-05 0.349161145781331
-2.27863558511571e-05 0.349156591716024
-2.25607483674823e-05 0.349152082689444
-2.23373746212696e-05 0.349147618256617
-2.21162124963065e-05 0.349143197977034
-2.1897240095353e-05 0.349138821414534
-2.16804357379733e-05 0.349134488137208
-2.14657779583894e-05 0.349130197717376
-2.12532455033558e-05 0.349125949731716
-2.10428173300553e-05 0.349121743761003
-2.08344726040151e-05 0.34911757938867
-2.06281906970447e-05 0.349113456207392
-2.04239511851927e-05 0.349109373807091
-2.02217338467255e-05 0.349105331785445
-2.00215186601242e-05 0.349101329743718
-1.98232858021032e-05 0.349097367286794
-1.96270156456467e-05 0.349093444023562
-1.94326887580661e-05 0.349089559566695
-1.92402858990753e-05 0.349085713532755
-1.90497880188865e-05 0.349081905542013
-1.88611762563232e-05 0.349078135218572
-1.86744319369537e-05 0.349074402190157
-1.84895365712413e-05 0.349070706088228
-1.83064718527141e-05 0.349067046547829
-1.81252196561526e-05 0.349063423207649
-1.79457620357947e-05 0.34905983570992
-1.77680812235591e-05 0.349056283700393
-1.75921596272862e-05 0.349052766828321
-1.74179798289962e-05 0.349049284746458
-1.72455245831646e-05 0.349045837110912
-1.70747768150145e-05 0.349042423581224
-1.69057196188262e-05 0.349039043820298
-1.67383362562636e-05 0.349035697494353
-1.65726101547164e-05 0.349032384272912
-1.64085249056598e-05 0.349029103828741
-1.62460642630295e-05 0.349025855837848
-1.60852121416134e-05 0.349022639979442
-1.59259526154588e-05 0.349019455935866
-1.57682699162958e-05 0.349016303392666
-1.56121484319761e-05 0.349013182038414
-1.54575727049268e-05 0.349010091564806
-1.53045274306206e-05 0.349007031666565
-1.515299745606e-05 0.349004002041428
-1.50029677782772e-05 0.349001002390109
-1.48544235428487e-05 0.34899803241629
-1.47073500424245e-05 0.348995091826564
-1.45617327152718e-05 0.348992180330433
-1.44175571438334e-05 0.348989297640253
-1.42748090533004e-05 0.348986443471234
-1.41334743101984e-05 0.348983617541386
-1.39935389209886e-05 0.348980819571508
-1.38549890306817e-05 0.348978049285165
-1.37178109214671e-05 0.348975306408626
-1.35819910113535e-05 0.348972590670889
-1.34475158528253e-05 0.348969901803612
-1.33143721315102e-05 0.348967239541109
-1.31825466648616e-05 0.34896460362032
-1.3052026400853e-05 0.348961993780774
-1.29227984166862e-05 0.348959409764582
-1.27948499175111e-05 0.348956851316389
-1.26681682351595e-05 0.348954318183375
-1.25427408268906e-05 0.348951810115215
-1.24185552741491e-05 0.348949326864036
-1.22955992813357e-05 0.348946868184452
-1.21738606745898e-05 0.348944433833459
-1.2053327400584e-05 0.348942023570486
-1.19339875253307e-05 0.348939637157312
-1.18158292330007e-05 0.348937274358088
-1.16988408247531e-05 0.348934934939281
-1.15830107175774e-05 0.348932618669682
-1.14683274431459e-05 0.348930325320351
-1.13547796466791e-05 0.348928054664612
-1.12423560858209e-05 0.348925806478027
-1.11310456295256e-05 0.348923580538382
-1.10208372569561e-05 0.348921376625652
-1.09117200563922e-05 0.348919194521993
-1.08036832241506e-05 0.348917034011701
-1.06967160635155e-05 0.348914894881214
-1.05908079836787e-05 0.348912776919076
-1.04859484986918e-05 0.348910679915919
-1.03821272264275e-05 0.348908603664445
-1.0279333887552e-05 0.348906547959401
-1.01775583045069e-05 0.348904512597571
-1.00767904005019e-05 0.348902497377737
-9.977020198516739e-06 0.348900502100672
-9.878237820313601e-06 0.348898526569123
-9.780433485459009e-06 0.348896570587774
-9.68359751035546e-06 0.348894633963256
-9.587720307282629e-06 0.348892716504095
-9.492792383448151e-06 0.348890818020717
-9.39880434004767e-06 0.348888938325421
-9.30574687133433e-06 0.34888707723236
-9.21361076369735e-06 0.348885234557525
-9.12238689474986e-06 0.348883410118721
-9.0320662324256e-06 0.348881603735559
-8.942639834084751e-06 0.34887981522943
-8.85409884562847e-06 0.34887804442349
-8.76643450062225e-06 0.348876291142644
-8.679638119427971e-06 0.348874555213527
-8.593701108344519e-06 0.348872836464489
-8.508614958756951e-06 0.348871134725574
-8.42437124629401e-06 0.348869449828508
-8.34096162999407e-06 0.348867781606678
-8.25837785147928e-06 0.348866129895121
-8.1766117341379e-06 0.348864494530503
-8.09565518231475e-06 0.348862875351099
-8.01550018050966e-06 0.348861272196795
-7.93613879258382e-06 0.348859684909048
-7.85756316097408e-06 0.348858113330892
-7.77976550591493e-06 0.348856557306902
-7.702738124668249e-06 0.3488550166832
-7.62647339076064e-06 0.348853491307421
-7.55096375322836e-06 0.348851981028708
-7.47620173586966e-06 0.348850485697701
-7.40217993650461e-06 0.348849005166511
-7.32889102624219e-06 0.348847539288715
-7.25632774875465e-06 0.34884608791933
-7.18448291955906e-06 0.348844650914816
-7.113349425306e-06 0.348843228133049
-7.04292022307524e-06 0.348841819433301
-6.97318833967846e-06 0.348840424676252
-6.90414687096877e-06 0.348839043723946
-6.8357889811572e-06 0.348837676439796
-6.76810790213584e-06 0.348836322688567
-6.70109693280776e-06 0.348834982336361
-6.63474943842353e-06 0.348833655250598
-6.56905884992428e-06 0.348832341300017
-6.50401866329137e-06 0.348831040354649
-6.43962243890235e-06 0.348829752285815
-6.37586380089341e-06 0.348828476966103
-6.31273643652813e-06 0.348827214269367
-6.25023409557241e-06 0.3488259640707
-6.18835058967565e-06 0.348824726246441
-6.12707979175807e-06 0.348823500674142
-6.06641563540403e-06 0.348822287232572
-6.00635211426141e-06 0.348821085801696
-5.94688328144694e-06 0.348819896262666
-5.88800324895737e-06 0.348818718497813
-5.82970618708651e-06 0.348817552390627
-5.77198632384803e-06 0.348816397825753
-5.71483794440399e-06 0.348815254688974
-5.658255390499e-06 0.348814122867207
-5.6022330599e-06 0.348813002248483
-5.54676540584158e-06 0.348811892721942
-5.49184693647681e-06 0.348810794177823
-5.43747221433348e-06 0.348809706507447
-5.38363585577572e-06 0.34880862960321
-5.33033253047101e-06 0.348807563358574
-5.27755696086239e-06 0.348806507668054
-5.22530392164593e-06 0.348805462427209
-5.17356823925339e-06 0.348804427532629
-5.12234479133999e-06 0.34880340288193
-5.07162850627722e-06 0.348802388373736
-5.02141436265071e-06 0.348801383907679
-4.97169738876308e-06 0.34880038938438
-4.92247266214166e-06 0.348799404705445
-4.87373530905115e-06 0.348798429773452
-4.82548050401104e-06 0.348797464491942
-4.77770346931786e-06 0.348796508765412
-4.73039947457214e-06 0.348795562499305
-4.68356383621004e-06 0.348794625599995
-4.63719191703965e-06 0.348793697974784
-4.59127912578183e-06 0.348792779531893
-4.54582091661567e-06 0.348791870180447
-4.50081278872839e-06 0.348790969830475
-4.45625028586969e-06 0.348790078392889
-4.41212899591058e-06 0.348789195779489
-4.36844455040652e-06 0.348788321902946
-4.32519262416487e-06 0.348787456676793
-4.2823689348167e-06 0.348786600015417
-4.23996924239277e-06 0.348785751834057
-4.19798934890374e-06 0.348784912048785
-4.15642509792449e-06 0.348784080576509
-4.11527237418267e-06 0.348783257334952
-4.07452710315115e-06 0.348782442242657
-4.03418525064471e-06 0.348781635218972
-3.9942428224205e-06 0.348780836184039
-3.95469586378268e-06 0.348780045058795
-3.91554045919077e-06 0.348779261764953
-3.87677273187205e-06 0.34877848622501
-3.83838884343767e-06 0.348777718362219
-3.80038499350264e-06 0.348776958100599
-3.76275741930955e-06 0.348776205364921
-3.72550239535599e-06 0.348775460080696
-3.68861623302573e-06 0.348774722174175
-3.6520952802235e-06 0.348773991572339
-3.61593592101336e-06 0.34877326820289
-3.58013457526076e-06 0.348772551994245
-3.54468769827798e-06 0.34877184287553
-3.50959178047324e-06 0.348771140776573
-3.47484334700321e-06 0.348770445627895
-3.44043895742892e-06 0.348769757360705
-3.40637520537517e-06 0.348769075906894
-3.37264871819324e-06 0.348768401199021
-3.33925615662697e-06 0.348767733170324
-3.30619421448215e-06 0.348767071754687
-3.27345961829915e-06 0.348766416886659
-3.24104912702887e-06 0.348765768501434
-3.20895953171175e-06 0.348765126534846
-3.17718765516015e-06 0.348764490923362
-3.14573035164371e-06 0.348763861604082
-3.11458450657793e-06 0.348763238514725
-3.08374703621577e-06 0.348762621593628
-3.05321488734235e-06 0.34876201077974
-3.02298503697262e-06 0.348761406012607
-2.9930544920521e-06 0.348760807232381
-2.9634202891605e-06 0.348760214379804
-2.93407949421831e-06 0.348759627396201
-2.90502920219635e-06 0.348759046223482
-2.87626653682807e-06 0.348758470804131
-2.84778865032482e-06 0.348757901081196
-2.81959272309388e-06 0.348757336998296
-2.79167596345929e-06 0.348756778499605
-2.76403560738544e-06 0.348756225529846
-2.7366689182034e-06 0.348755678034296
-2.70957318634e-06 0.348755135958766
-2.68274572904951e-06 0.348754599249608
-2.65618389014803e-06 0.348754067853705
-2.62988503975052e-06 0.348753541718463
-2.60384657401042e-06 0.348753020791808
-2.5780659148618e-06 0.348752505022187
-2.55254050976416e-06 0.34875199435855
-2.52726783144966e-06 0.348751488750357
-2.50224537767293e-06 0.348750988147565
-2.4774706709633e-06 0.34875049250063
-2.4529412583795e-06 0.348750001760495
-2.42865471126683e-06 0.348749515878589
-2.40460862501667e-06 0.348749034806824
-2.38080061882838e-06 0.348748558497585
-2.35722833547365e-06 0.348748086903728
-2.33388944106302e-06 0.348747619978578
-2.31078162481487e-06 0.348747157675922
-2.2879025988266e-06 0.348746699950002
-2.26525009784812e-06 0.348746246755513
-2.24282187905755e-06 0.348745798047602
-2.22061572183915e-06 0.348745353781855
-2.19862942756352e-06 0.3487449139143
-2.17686081936982e-06 0.3487444784014
-2.15530774195032e-06 0.348744047200051
-2.13396806133695e-06 0.348743620267571
-2.11283966469005e-06 0.348743197561704
-2.09192046008916e-06 0.34874277904061
-2.0712083763259e-06 0.348742364662865
-2.05070136269891e-06 0.348741954387454
-2.0303973888108e-06 0.348741548173769
-2.01029444436713e-06 0.3487411459816
-1.99039053897736e-06 0.348740747771142
-1.97068370195778e-06 0.348740353502976
-1.95117198213641e-06 0.348739963138079
-1.93185344765982e-06 0.348739576637812
-1.9127261858018e-06 0.348739193963919
-1.89378830277406e-06 0.34873881507852
-1.87503792353867e-06 0.348738439944114
-1.85647319162245e-06 0.34873806852357
-1.83809226893311e-06 0.348737700780123
-1.81989333557734e-06 0.348737336677372
-1.80187458968054e-06 0.348736976179279
-1.78403424720845e-06 0.348736619250158
-1.76637054179055e-06 0.34873626585468
-1.74888172454509e-06 0.348735915957865
-1.73156606390603e-06 0.348735569525079
-1.71442184545152e-06 0.348735226522029
-1.69744737173418e-06 0.348734886914764
-1.68064096211305e-06 0.348734550669668
-1.66400095258717e-06 0.348734217753457
-1.64752569563087e-06 0.348733888133179
-1.63121356003056e-06 0.348733561776203
-1.61506293072333e-06 0.348733238650228
-1.59907220863696e-06 0.348732918723266
-1.58323981053164e-06 0.34873260196365
-1.56756416884321e-06 0.348732288340026
-1.55204373152793e-06 0.348731977821347
-1.53667696190884e-06 0.348731670376878
-1.52146233852361e-06 0.348731365976183
-1.50639835497387e-06 0.348731064589134
-1.49148351977611e-06 0.348730766185893
-1.47671635621397e-06 0.348730470736924
-1.46209540219205e-06 0.348730178212982
-1.44761921009113e-06 0.348729888585109
-1.43328634662489e-06 0.348729601824637
-1.41909539269791e-06 0.348729317903176
-1.40504494326525e-06 0.348729036792625
-1.39113360719332e-06 0.348728758465156
-1.3773600071221e-06 0.348728482893215
-1.36372277932881e-06 0.348728210049527
-1.35022057359288e-06 0.34872793990708
-1.33685205306226e-06 0.348727672439134
-1.32361589412105e-06 0.348727407619213
-1.31051078625847e-06 0.3487271454211
-1.29753543193907e-06 0.348726885818844
-1.28468854647433e-06 0.348726628786743
-1.27196885789538e-06 0.348726374299354
-1.25937510682711e-06 0.348726122331486
-1.24690604636347e-06 0.348725872858195
-1.23456044194403e-06 0.348725625854787
-1.22233707123171e-06 0.348725381296807
-1.2102347239918e-06 0.348725139160052
-1.19825220197208e-06 0.348724899420546
-1.18638831878423e-06 0.348724662054561
-1.17464189978637e-06 0.348724427038595
-1.1630117819667e-06 0.348724194349388
-1.15149681382842e-06 0.348723963963904
-1.14009585527566e-06 0.348723735859335
-1.12880777750065e-06 0.348723510013101
-1.11763146287194e-06 0.348723286402846
-1.1065658048237e-06 0.348723065006432
-1.09560970774624e-06 0.348722845801944
-1.08476208687746e-06 0.348722628767679
-1.07402186819551e-06 0.348722413882155
-1.06338798831238e-06 0.348722201124099
-1.0528593943687e-06 0.348721990472449
-1.0424350439294e-06 0.348721781906351
-1.0321139048806e-06 0.348721575405159
-1.02189495532732e-06 0.348721370948429
-1.0117771834924e-06 0.348721168515924
-1.00175958761624e-06 0.3487209680876
1.00175958761624e-06 0.348680880439825
1.0117771834924e-06 0.348680679991674
1.02189495532732e-06 0.348680477538944
1.0321139048806e-06 0.348680273061583
1.0424350439294e-06 0.348680066539345
1.0528593943687e-06 0.348679857951777
1.06338798831238e-06 0.348679647278226
1.07402186819551e-06 0.34867943449783
1.08476208687746e-06 0.348679219589515
1.09560970774624e-06 0.348679002532003
1.1065658048237e-06 0.348678783303799
1.11763146287194e-06 0.348678561883192
1.12880777750065e-06 0.348678338248258
1.14009585527566e-06 0.348678112376849
1.15149681382842e-06 0.3486778842466
1.1630117819667e-06 0.34867765383492
1.17464189978637e-06 0.348677421118988
1.18638831878423e-06 0.348677186075764
1.19825220197208e-06 0.34867694868197
1.2102347239918e-06 0.348676708914097
1.22233707123171e-06 0.348676466748403
1.23456044194403e-06 0.348676222160905
1.24690604636347e-06 0.348675975127384
1.25937510682711e-06 0.348675725623376
1.27196885789538e-06 0.348675473624172
1.28468854647433e-06 0.348675219104818
1.29753543193907e-06 0.348674962040109
1.31051078625847e-06 0.34867470240459
1.32361589412105e-06 0.348674440172546
1.33685205306226e-06 0.348674175318012
1.35022057359288e-06 0.348673907814756
1.36372277932881e-06 0.348673637636292
1.3773600071221e-06 0.348673364755859
1.39113360719332e-06 0.348673089146438
1.40504494326525e-06 0.348672810780733
1.41909539269791e-06 0.348672529631178
1.43328634662489e-06 0.348672245669931
1.44761921009113e-06 0.34867195886887
1.46209540219205e-06 0.348671669199596
1.47671635621397e-06 0.348671376633418
1.49148351977611e-06 0.348671081141366
1.50639835497387e-06 0.348670782694177
1.52146233852361e-06 0.348670481262291
1.53667696190884e-06 0.348670176815864
1.55204373152793e-06 0.348669869324739
1.56756416884321e-06 0.348669558758468
1.58323981053164e-06 0.348669245086295
1.59907220863696e-06 0.348668928277156
1.61506293072333e-06 0.348668608299676
1.63121356003056e-06 0.348668285122166
1.64752569563087e-06 0.34866795871262
1.66400095258717e-06 0.348667629038713
1.68064096211305e-06 0.348667296067797
1.69744737173418e-06 0.348666959766897
1.71442184545152e-06 0.348666620102705
1.73156606390603e-06 0.348666277041585
1.74888172454509e-06 0.348665930549561
1.76637054179055e-06 0.348665580592317
1.78403424720845e-06 0.348665227135197
1.80187458968054e-06 0.348664870143192
1.81989333557734e-06 0.348664509580952
1.83809226893311e-06 0.348664145412768
1.85647319162245e-06 0.348663777602569
1.87503792353867e-06 0.348663406113932
1.89378830277406e-06 0.348663030910066
1.9127261858018e-06 0.34866265195381
1.93185344765982e-06 0.348662269207634
1.95117198213641e-06 0.348661882633634
1.97068370195778e-06 0.348661492193519
1.99039053897736e-06 0.348661097848627
2.01029444436713e-06 0.348660699559897
2.0303973888108e-06 0.348660297287885
2.05070136269891e-06 0.34865989099275
2.0712083763259e-06 0.348659480634254
2.09192046008916e-06 0.348659066171753
2.11283966469005e-06 0.348658647564199
2.13396806133695e-06 0.348658224770136
2.15530774195032e-06 0.348657797747686
2.17686081936982e-06 0.348657366454557
2.19862942756352e-06 0.348656930848034
2.22061572183915e-06 0.348656490884976
2.24282187905755e-06 0.348656046521804
2.26525009784812e-06 0.348655597714509
2.2879025988266e-06 0.34865514441864
2.31078162481487e-06 0.348654686589301
2.33388944106302e-06 0.348654224181149
2.35722833547365e-06 0.34865375714838
2.38080061882838e-06 0.348653285444744
2.40460862501667e-06 0.348652809023518
2.42865471126683e-06 0.348652327837515
2.4529412583795e-06 0.348651841839074
2.4774706709633e-06 0.348651350980063
2.50224537767293e-06 0.348650855211861
2.52726783144966e-06 0.348650354485367
2.55254050976416e-06 0.348649848750984
2.5780659148618e-06 0.348649337958622
2.60384657401042e-06 0.348648822057686
2.62988503975052e-06 0.348648300997079
2.65618389014803e-06 0.348647774725192
2.68274572904951e-06 0.348647243189896
2.70957318634e-06 0.348646706338545
2.7366689182034e-06 0.348646164117962
2.76403560738544e-06 0.348645616474445
2.79167596345929e-06 0.348645063353744
2.81959272309388e-06 0.348644504701078
2.84778865032482e-06 0.348643940461108
2.87626653682807e-06 0.348643370577946
2.90502920219635e-06 0.348642794995146
2.93407949421831e-06 0.348642213655694
2.9634202891605e-06 0.348641626502006
2.9930544920521e-06 0.348641033475925
3.02298503697262e-06 0.348640434518709
3.05321488734235e-06 0.348639829571029
3.08374703621577e-06 0.34863921857296
3.11458450657793e-06 0.348638601463985
3.14573035164371e-06 0.348637978182971
3.17718765516015e-06 0.348637348668184
3.20895953171175e-06 0.348636712857262
3.24104912702887e-06 0.348636070687227
3.27345961829915e-06 0.348635422094466
3.30619421448215e-06 0.348634767014732
3.33925615662697e-06 0.348634105383132
3.37264871819324e-06 0.348633437134131
3.40637520537517e-06 0.348632762201528
3.44043895742892e-06 0.348632080518467
3.47484334700321e-06 0.34863139201742
3.50959178047324e-06 0.348630696630187
3.54468769827798e-06 0.348629994287878
3.58013457526076e-06 0.34862928492092
3.61593592101336e-06 0.348628568459041
3.6520952802235e-06 0.348627844831269
3.68861623302573e-06 0.348627113965917
3.72550239535599e-06 0.348626375790585
3.76275741930955e-06 0.348625630232145
3.80038499350264e-06 0.348624877216738
3.83838884343767e-06 0.348624116669771
3.87677273187205e-06 0.348623348515895
3.91554045919077e-06 0.348622572679016
3.95469586378268e-06 0.348621789082271
3.9942428224205e-06 0.348620997648034
4.03418525064471e-06 0.348620198297898
4.07452710315115e-06 0.348619390952673
4.11527237418267e-06 0.348618575532378
4.15642509792449e-06 0.348617751956227
4.19798934890374e-06 0.34861692014263
4.23996924239277e-06 0.348616080009178
4.2823689348167e-06 0.34861523147264
4.32519262416487e-06 0.348614374448945
4.36844455040652e-06 0.348613508853192
4.41212899591058e-06 0.348612634599618
4.45625028586969e-06 0.348611751601611
4.50081278872839e-06 0.348610859771688
4.54582091661567e-06 0.348609959021491
4.59127912578183e-06 0.348609049261777
4.63719191703965e-06 0.348608130402411
4.68356383621004e-06 0.348607202352353
4.73039947457214e-06 0.348606265019657
4.77770346931786e-06 0.348605318311453
4.82548050401104e-06 0.348604362133941
4.87373530905115e-06 0.348603396392385
4.92247266214166e-06 0.348602420991098
4.97169738876308e-06 0.348601435833435
5.02141436265071e-06 0.348600440821786
5.07162850627722e-06 0.348599435857563
5.12234479133999e-06 0.348598420841192
5.17356823925339e-06 0.348597395672098
5.22530392164593e-06 0.348596360248706
5.27755696086239e-06 0.348595314468419
5.33033253047101e-06 0.348594258227617
5.38363585577572e-06 0.348593191421635
5.43747221433348e-06 0.348592113944771
5.49184693647681e-06 0.348591025690254
5.54676540584158e-06 0.348589926550256
5.6022330599e-06 0.348588816415859
5.658255390499e-06 0.348587695177062
5.71483794440399e-06 0.348586562722755
5.77198632384803e-06 0.348585418940728
5.82970618708651e-06 0.34858426371763
5.88800324895737e-06 0.348583096938994
5.94688328144694e-06 0.348581918489192
6.00635211426141e-06 0.348580728251449
6.06641563540403e-06 0.348579526107813
6.12707979175807e-06 0.348578311939157
6.18835058967565e-06 0.348577085625158
6.25023409557241e-06 0.34857584704429
6.31273643652813e-06 0.348574596073808
6.37586380089341e-06 0.348573332589741
6.43962243890235e-06 0.348572056466876
6.50401866329137e-06 0.348570767578743
6.56905884992428e-06 0.34856946579761
6.63474943842353e-06 0.348568150994462
6.70109693280776e-06 0.348566823039001
6.76810790213584e-06 0.348565481799609
6.8357889811572e-06 0.348564127143367
6.90414687096877e-06 0.348562758936011
6.97318833967846e-06 0.348561377041945
7.04292022307524e-06 0.348559981324203
7.113349425306e-06 0.348558571644456
7.18448291955906e-06 0.348557147862986
7.25632774875465e-06 0.348555709838679
7.32889102624219e-06 0.348554257429005
7.40217993650461e-06 0.348552790490006
7.47620173586966e-06 0.348551308876286
7.55096375322836e-06 0.348549812440992
7.62647339076064e-06 0.348548301035794
7.702738124668249e-06 0.348546774510886
7.77976550591493e-06 0.348545232714956
7.85756316097408e-06 0.348543675495181
7.93613879258382e-06 0.348542102697202
8.01550018050966e-06 0.348540514165116
8.09565518231475e-06 0.348538909741458
8.1766117341379e-06 0.348537289267192
8.25837785147928e-06 0.348535652581678
8.34096162999407e-06 0.348533999522679
8.42437124629401e-06 0.348532329926321
8.508614958756951e-06 0.348530643627102
8.593701108344519e-06 0.348528940457852
8.679638119427971e-06 0.348527220249727
8.76643450062225e-06 0.348525482832194
8.85409884562847e-06 0.348523728033018
8.942639834084751e-06 0.348521955678229
9.0320662324256e-06 0.348520165592118
9.12238689474986e-06 0.348518357597217
9.21361076369735e-06 0.34851653151428
9.30574687133433e-06 0.348514687162259
9.39880434004767e-06 0.348512824358306
9.492792383448151e-06 0.34851094291773
9.587720307282629e-06 0.348509042653991
9.68359751035546e-06 0.348507123378684
9.780433485459009e-06 0.348505184901509
9.878237820313601e-06 0.348503227030275
9.977020198516739e-06 0.348501249570847
1.00767904005019e-05 0.348499252327154
1.01775583045069e-05 0.348497235101167
1.0279333887552e-05 0.348495197692856
1.03821272264275e-05 0.348493139900199
1.04859484986918e-05 0.348491061519151
1.05908079836787e-05 0.348488962343615
1.06967160635155e-05 0.348486842165433
1.08036832241506e-05 0.348484700774363
1.09117200563922e-05 0.348482537958051
1.10208372569561e-05 0.348480353502014
1.11310456295256e-05 0.34847814718963
1.12423560858209e-05 0.348475918802093
1.13547796466791e-05 0.348473668118419
1.14683274431459e-05 0.348471394915398
1.15830107175774e-05 0.348469098967584
1.16988408247531e-05 0.34846678004727
1.18158292330007e-05 0.348464437924474
1.19339875253307e-05 0.34846207236691
1.2053327400584e-05 0.348459683139955
1.21738606745898e-05 0.348457270006636
1.22955992813357e-05 0.348454832727612
1.24185552741491e-05 0.348452371061136
1.25427408268906e-05 0.348449884763042
1.26681682351595e-05 0.348447373586713
1.27948499175111e-05 0.34844483728306
1.29227984166862e-05 0.348442275600499
1.3052026400853e-05 0.348439688284926
1.31825466648616e-05 0.348437075079689
1.33143721315102e-05 0.348434435725546
1.34475158528253e-05 0.348431769960687
1.35819910113535e-05 0.348429077520665
1.37178109214671e-05 0.348426358138362
1.38549890306817e-05 0.348423611544
1.39935389209886e-05 0.348420837465111
1.41334743101984e-05 0.348418035626456
1.42748090533004e-05 0.348415205750067
1.44175571438334e-05 0.348412347555184
1.45617327152718e-05 0.348409460758223
1.47073500424245e-05 0.348406545072759
1.48544235428487e-05 0.348403600209498
1.50029677782772e-05 0.348400625876251
1.515299745606e-05 0.34839762177788
1.53045274306206e-05 0.348394587616301
1.54575727049268e-05 0.348391523090436
1.56121484319761e-05 0.348388427896195
1.57682699162958e-05 0.348385301726426
1.59259526154588e-05 0.348382144270909
1.60852121416134e-05 0.348378955216298
1.62460642630295e-05 0.348375734246122
1.64085249056598e-05 0.348372481040716
1.65726101547164e-05 0.348369195277217
1.67383362562636e-05 0.348365876629531
1.69057196188262e-05 0.348362524768286
1.70747768150145e-05 0.348359139360789
1.72455245831646e-05 0.348355720071042
1.74179798289962e-05 0.34835226655965
1.75921596272862e-05 0.348348778483844
1.77680812235591e-05 0.348345255497358
1.79457620357947e-05 0.348341697250529
1.81252196561526e-05 0.348338103390102
1.83064718527141e-05 0.348334473559361
1.84895365712413e-05 0.348330807397942
1.86744319369537e-05 0.34832710454189
1.88611762563232e-05 0.348323364623615
1.90497880188865e-05 0.348319587271822
1.92402858990753e-05 0.348315772111479
1.94326887580661e-05 0.348311918763801
1.96270156456467e-05 0.34830802684622
1.98232858021032e-05 0.348304095972309
2.00215186601242e-05 0.348300125751754
2.02217338467255e-05 0.348296115790396
2.04239511851927e-05 0.34829206569002
2.06281906970447e-05 0.348287975048631
2.08344726040151e-05 0.348283843464901
2.10428173300553e-05 0.348279670510827
2.12532455033558e-05 0.348275455792298
2.14657779583894e-05 0.348271198882664
2.16804357379733e-05 0.348266899359414
2.1897240095353e-05 0.348262556795661
2.21162124963065e-05 0.348258170760012
2.23373746212696e-05 0.348253740816928
2.25607483674823e-05 0.348249266526372
2.27863558511571e-05 0.34824474744388
2.30142194096687e-05 0.348240183120587
2.32443616037654e-05 0.348235573103067
2.3476805219803e-05 0.348230916933383
2.37115732720011e-05 0.348226214148948
2.39486890047211e-05 0.3482214642826
2.41881758947683e-05 0.348216666862411
2.4430057653716e-05 0.348211821411755
2.46743582302531e-05 0.348206927449198
2.49211018125557e-05 0.348201984488477
2.51703128306812e-05 0.348196992038451
2.5422015958988e-05 0.348191949603041
2.56762361185779e-05 0.348186856681178
2.59329984797637e-05 0.348181712766752
2.61923284645613e-05 0.348176517348565
2.64542517492069e-05 0.348171269910335
2.6718794266699e-05 0.348165969930524
2.6985982209366e-05 0.348160616882358
2.72558420314597e-05 0.348155210233831
2.75284004517743e-05 0.348149749447509
2.7803684456292e-05 0.348144233980625
2.80817213008549e-05 0.348138663284905
2.83625385138635e-05 0.348133036806601
2.86461638990021e-05 0.348127353986374
2.89326255379921e-05 0.348121614259266
2.92219517933721e-05 0.348115817054649
2.95141713113058e-05 0.348109961796149
2.98093130244188e-05 0.348104047901597
3.0107406154663e-05 0.34809807478298
3.04084802162097e-05 0.348092041846365
3.07125650183718e-05 0.348085948491837
3.10196906685555e-05 0.348079794113457
3.1329887575241e-05 0.348073578099202
3.16431864509934e-05 0.348067299830866
3.19596183155034e-05 0.348060958684053
3.22792144986584e-05 0.348054554028069
3.2602006643645e-05 0.34804808522588
3.29280267100814e-05 0.348041551634053
3.32573069771823e-05 0.348034952602662
3.35898800469541e-05 0.348028287475252
3.39257788474236e-05 0.348021555588758
3.42650366358979e-05 0.348014756273454
3.46076870022568e-05 0.348007888852863
3.49537638722794e-05 0.348000952643714
3.53033015110022e-05 0.347993946955824
3.56563345261122e-05 0.347986871092118
3.60128978713733e-05 0.347979724348437
3.63730268500871e-05 0.347972506013578
3.67367571185879e-05 0.347965215369167
3.71041246897738e-05 0.347957851689602
3.74751659366716e-05 0.347950414238308
3.78499175960383e-05 0.34794290228186
3.82284167719987e-05 0.347935315069124
3.86107009397186e-05 0.347927651844764
3.89968079491158e-05 0.347919911845643
3.9386776028607e-05 0.347912094300894
3.97806437888931e-05 0.347904198431822
4.0178450226782e-05 0.347896223450637
4.05802347290498e-05 0.347888168560556
4.09860370763403e-05 0.347880032948094
4.13958974471037e-05 0.347871815726199
4.18098564215747e-05 0.347863516380329
4.22279549857905e-05 0.347855133984981
4.26502345356484e-05 0.347846667367194
4.30767368810049e-05 0.347838115928271
4.35075042498149e-05 0.347829478804809
4.39425792923131e-05 0.347820755133541
4.43820050852362e-05 0.34781194404397
4.48258251360886e-05 0.347803044657637
4.52740833874495e-05 0.347794056087688
4.5726824221324e-05 0.347784977438297
4.61840924635372e-05 0.347775807804644
4.66459333881726e-05 0.347766546272968
4.71123927220543e-05 0.347757191920215
4.75835166492748e-05 0.347747743814047
4.80593518157676e-05 0.347738201012799
4.85399453339253e-05 0.347728562565219
4.90253447872645e-05 0.34771882751056
4.95155982351372e-05 0.347708994878341
5.00107542174885e-05 0.347699063688257
5.05108617596634e-05 0.347689032950185
5.10159703772601e-05 0.347678901663984
5.15261300810327e-05 0.347668668819394
5.2041391381843e-05 0.347658333395994
5.25618052956614e-05 0.347647894363069
5.3087423348618e-05 0.347637350679466
5.36182975821042e-05 0.347626701293554
5.41544805579252e-05 0.347615945143073
5.46960253635045e-05 0.34760508115505
5.52429856171395e-05 0.347594108245657
5.57954154733109e-05 0.347583025320146
5.6353369628044e-05 0.347571831272696
5.69169033243245e-05 0.347560524986325
5.74860723575677e-05 0.34754910533278
5.80609330811434e-05 0.347537571172392
5.86415424119548e-05 0.347525921353981
5.92279578360744e-05 0.347514154714751
5.98202374144351e-05 0.347502270080148
6.04184397885795e-05 0.347490266263753
6.10226241864653e-05 0.347478142067152
6.16328504283299e-05 0.347465896279823
6.22491789326132e-05 0.347453527678999
6.28716707219394e-05 0.347441035029574
6.350038742915879e-05 0.347428417083933
6.41353913034504e-05 0.347415672581862
6.477674521648491e-05 0.347402800250394
6.54245126686497e-05 0.347389798803696
6.607875779533621e-05 0.347376666942925
6.673954537328961e-05 0.347363403356109
6.74069408270225e-05 0.347350006717997
6.80810102352927e-05 0.347336475689935
6.876182033764561e-05 0.347322808919724
6.944943854102211e-05 0.347309005041485
7.01439329264323e-05 0.347295062675514
7.084537225569659e-05 0.347280980428141
7.155382597825361e-05 0.3472667568916
7.22693642380361e-05 0.347252390643863
7.299205788041651e-05 0.347237880248514
7.37219784592207e-05 0.347223224254589
7.44591982438129e-05 0.347208421196433
7.5203790226251e-05 0.347193469593551
7.59558281285135e-05 0.347178367950448
7.671538640979859e-05 0.347163114756487
7.74825402738966e-05 0.347147708485727
7.82573656766356e-05 0.34713214759676
7.9039939333402e-05 0.347116430532572
7.9830338726736e-05 0.347100555720359
8.062864211400339e-05 0.347084521571385
8.143492853514339e-05 0.347068326480811
8.22492778204948e-05 0.347051968827525
8.307177059869981e-05 0.347035446973984
8.39024883046868e-05 0.34701875926604
8.474151318773359e-05 0.347001904032769
8.5588928319611e-05 0.346984879586306
8.64448176028071e-05 0.34696768422167
8.730926577883521e-05 0.346950316216574
8.81823584366235e-05 0.346932773831264
8.90641820209897e-05 0.346915055308334
8.995482384119961e-05 0.346897158872545
9.08543720796116e-05 0.346879082730644
9.17629158004077e-05 0.346860825071311
9.26805449584118e-05 0.346842384064418
9.36073504079959e-05 0.346823757861689
9.45434239120759e-05 0.346804944595931
9.548885815119661e-05 0.346785942380996
9.64437467327086e-05 0.346766749311573
9.74081842000357e-05 0.346747363463008
9.838226604203611e-05 0.346727782891084
9.93660887024564e-05 0.346708005631842
0.000100359749589481 0.346688029701361
0.000101363347085376 0.346667853095561
0.00010237698055623 0.346647473789989
0.000103400750361792 0.34662688973962
0.00010443475786541 0.346606098878629
0.000105479105444064 0.346585099120204
0.000106533896498505 0.3465638883563
0.00010759923546349 0.346542464457427
0.000108675227818124 0.346520825272461
0.000109761980096306 0.346498968628351
0.000110859599897269 0.346476892330382
0.000111968195896241 0.34645459416027
0.000113087877855204 0.346432071878391
0.000114218756633756 0.346409323221911
0.000115360944200093 0.34638634590495
0.000116514553642094 0.34636313761839
0.000117679699178515 0.346339696029591
0.0001188564961703 0.346316018782099
0.000120045061132003 0.346292103495552
0.000121245511743324 0.346267947765357
0.000122457966860757 0.346243549162539
0.000123682546529364 0.346218905234414
0.000124919371994658 0.346194013492772
0.000126168565714605 0.346168871448885
0.000127430251371751 0.346143476564052
0.000128704553885468 0.346117826283886
0.000129991599424323 0.34609191802703
0.000131291515418566 0.346065749185635
0.000132604430572752 0.346039317125292
0.000133930474878479 0.346012619184608
0.000135269779627264 0.345985652675128
0.000136622477423537 0.345958414880949
0.000137988702197772 0.345930903058407
0.00013936858921975 0.345903114435885
0.000140762275111947 0.345875046213468
0.000142169897863067 0.345846695562632
0.000143591596841697 0.345818059625994
0.000145027512810114 0.345789135516983
0.000146477787938216 0.34575992031956
0.000147942565817598 0.345730411087882
0.000149421991475774 0.34570060484603
0.000150916211390531 0.345670498587673
0.000152425373504437 0.345640089275742
0.000153949627239481 0.345609373842169
0.000155489123511876 0.345578349187488
0.000157044014746995 0.345547012180558
0.000158614454894465 0.345515359658231
0.000160200599443409 0.345483388425015
0.000161802605437843 0.345451095252728
0.000163420631492222 0.345418476880171
0.000165054837807144 0.345385530012783
0.000166705386185215 0.345352251322301
0.000168372440047068 0.345318637446392
0.000170056164447538 0.345284684988329
0.000171756726092014 0.345250390516596
0.000173474293352934 0.345215750564571
0.000175209036286463 0.34518076163012
0.000176961126649328 0.345145420175261
0.000178730737915821 0.345109722625769
0.000180518045294979 0.345073665370815
0.000182323225747929 0.345037244762572
0.000184146458005408 0.345000457115855
0.000185987922585462 0.344963298707698
0.000187847801811317 0.344925765776995
0.00018972627982943 0.344887854524074
0.000191623542627725 0.344849561110333
0.000193539778054002 0.344810881657792
0.000195475175834542 0.344771812248711
0.000197429927592887 0.344732348925174
0.000199404226868816 0.344692487688663
0.000201398269137504 0.344652224499636
0.000203412251828879 0.344611555276945
0.000205446374347168 0.344570475898014
0.00020750083809064 0.344528982197497
0.000209575846471546 0.344487069967408
0.000211671604936262 0.344444734956566
0.000213788320985624 0.344401972870063
0.000215926204195481 0.344358779368884
0.000218085466237435 0.344315150069327
0.00022026632089981 0.344271080542574
0.000222468984108808 0.344226566314107
0.000224693673949896 0.344181602863185
0.000226940610689395 0.344136185622164
0.000229210016796289 0.344090309975752
0.000231502116964252 0.344043971260006
0.000233817138133894 0.34399716476079
0.000236155309515233 0.3439498857112
0.000238516862610385 0.343902129285647
0.000240902031236489 0.343853890584735
0.000243311051548854 0.343805165046471
0.000245744162064343 0.343755947478313
0.000248201603684986 0.343706235473891
0.000250683619721836 0.343656016057603
0.000253190455919054 0.343605295083128
0.000255722360478245 0.343554058055872
0.000258279584083027 0.343502303803501
0.000260862379923858 0.343450026826024
0.000263471003723096 0.343397221729339
0.000266105713760327 0.34334388310672
0.00026876677089793 0.343290005533861
0.00027145443860691 0.343235583492931
0.000274168982992979 0.34318061145176
0.000276910672822909 0.343125083998247
0.000279679779551138 0.343068994698192
0.000282476577346649 0.343012338644511
0.000285301343120116 0.342955109813644
0.000288154356551317 0.342897302368994
0.00029103590011683 0.342838910408321
0.000293946259117998 0.342779927975381
0.000296885721709178 0.342720349050755
0.00029985457892627 0.342660167553318
0.000302853124715533 0.342599377339531
0.000305881655962688 0.342537972202774
0.000308940472522315 0.342475945872677
0.000312029877247538 0.342413292014446
0.000315150176020014 0.342350004228147
0.000318301677780214 0.342286076048121
0.000321484694558016 0.342221500942167
0.000324699541503596 0.342156272311084
0.000327946536918632 0.342090383486822
0.000331226002287818 0.342023827732949
0.000334538262310697 0.341956598249211
0.000337883644933803 0.341888688156265
0.000341262481383142 0.341820090509401
0.000344675106196973 0.341750798291718
0.000348121857258943 0.341680804414102
0.000351603075831532 0.341610101714496
0.000355119106589847 0.341538682957284
0.000358670297655746 0.341466540832474
0.000362257000632303 0.341393667954944
0.000365879570638626 0.341320056863716
0.000369538366345013 0.341245700021148
0.000373233750008463 0.341170589812195
0.000376966087508547 0.341094718543585
0.000380735748383633 0.341018078443067
0.000384543105867469 0.340940661658586
0.000388388536926144 0.340862460257499
0.000392272422295405 0.340783466225741
0.00039619514651836 0.340703671467035
0.000400157097983543 0.340623067802037
0.000404158668963379 0.340541646967532
0.000408200255653012 0.340459400615566
0.000412282258209542 0.340376320312621
0.000416405080791638 0.340292399232095
0.000420569131599554 0.340207625379771
0.00042477482291555 0.340121991673987
0.000429022571144705 0.340035489500405
0.000433312796856152 0.339948109894529
0.000437645924824714 0.339859843891221
0.000442022384072961 0.339770682433642
0.000446442607913691 0.339680616358532
0.000450907033992828 0.339589636455927
0.000455416104332756 0.339497733369292
0.000459970265376083 0.339404897665853
0.000464569968029844 0.33931111981653
0.000469215667710143 0.339216390194999
0.000473907824387244 0.339120699076746
0.000478646902631117 0.339024036638094
0.000483433371657428 0.338926392955269
0.000488267705374002 0.338827758023007
0.000493150382427742 0.338728121678572
0.0004980818862520199 0.338627473708327
0.00050306270511454 0.338525803778273
0.000508093332165685 0.338423101449376
0.000513174265487342 0.338319356176555
0.000518306008142215 0.338214557307672
0.0005234890682236369 0.338108694082511
0.000528723958905874 0.338001755631753
0.000534011198494933 0.337893731004485
0.000539351310479882 0.337784609055738
0.000544744823584681 0.337674378608617
0.000550192271820528 0.33756302836582
0.000555694194538733 0.337450546860939
0.00056125113648412 0.33733692256526
0.000566863647848961 0.33722214381637
0.000572532284327451 0.337106198834227
0.000578257607170726 0.336989075732039
0.000584040183242433 0.336870762468609
0.000589880585074857 0.336751246915219
0.000595779390925606 0.336630516810196
0.000601737184834862 0.33650855976846
0.00060775455668321 0.33638536328024
0.000613832102250043 0.336260914709645
0.000619970423272543 0.336135201292992
0.000626170127505268 0.336008206316417
0.000632431828780321 0.335879928177573
0.000638756147068124 0.335750352353129
0.000645143708538805 0.335619449284758
0.0006515951456241939 0.335487205895838
0.000658111097080435 0.335353628785867
0.00066469220805124 0.335218692944854
0.000671339130131752 0.335082385841135
0.00067805252143307 0.334944693346746
0.0006848330466474 0.334805601286211
0.000691681377113875 0.334665095357221
0.000698598190885013 0.334523163392709
0.000705584172793863 0.334379786410903
0.000712640014521802 0.334234952080828
0.00071976641466702 0.334088645598077
0.00072696407881369 0.333940852017844
0.000734233719601827 0.333791556251526
0.000741576056797845 0.333640743064456
0.000748991817365824 0.333488397074166
0.000756481735539482 0.333334502748882
0.000764046552894877 0.333179044406155
0.000771687018423826 0.33302200621155
0.000779403888608064 0.332863372177371
0.000787197927494145 0.33270312616141
0.000795069906769086 0.332541251865739
0.000803020605836777 0.332377732835397
0.000811050811895145 0.332212552457284
0.000819161320014096 0.332045693958865
0.000827352933214237 0.331877140406978
0.00083562646254638 0.331706874697751
0.000843982727171843 0.331534879590608
0.0008524225544435619 0.331361137654838
0.000860946779987997 0.331185631302534
0.000869556247787878 0.331008342665303
0.000878251810265756 0.330829254045873
0.000887034328368414 0.330648347241602
0.000895904671652098 0.330465603990755
0.000904863718368619 0.330281005860118
0.000913912355552305 0.330094534243769
0.000923051479107828 0.329906170362202
0.0009322819938989071 0.329715895260072
0.000941604813837896 0.329523689806492
0.000951020861976275 0.329329534692855
0.000960531070596037 0.329133410431771
0.000970136381301998 0.328935297355747
0.000979837745115018 0.328735175615438
0.0009896361225661681 0.328533025176355
0.00099953248379183 0.32832882580397
0.00100952780862975 0.328122557403537
0.00101962308671605 0.327914198810684
0.00102981931758321 0.327703729655141
0.00104011751075904 0.327491128845865
0.00105051868586663 0.327276375296147
0.00106102387272529 0.327059447654558
0.00107163411145255 0.326840324389668
0.00108235045256707 0.326618983780839
0.00109317395709274 0.326395403912886
0.00110410569666367 0.326169562676553
0.00111514675363031 0.325941437766843
0.00112629822116661 0.325711006681876
0.00113756120337828 0.325478246721753
0.00114893681541206 0.325243134987427
0.00116042618356618 0.325005648379614
0.00117203044540184 0.324765763596904
0.00118375074985586 0.324523457137789
0.00119558825735442 0.324278705295362
0.00120754413992796 0.32403148415971
0.00121961958132724 0.323781769618522
0.00123181577714052 0.323529537367506
0.00124413393491192 0.323274763000415
0.00125657527426104 0.323017425125487
0.00126914102700365 0.322757491006043
0.00128183243727369 0.322494937579144
0.00129465076164642 0.322229744115005
0.00130759726926289 0.321961882763291
0.00132067324195552 0.321691327567272
0.00133387997437507 0.321418052474112
0.00134721877411882 0.321142031235504
0.00136069096186001 0.320863237390843
0.00137429787147861 0.320581644262038
0.0013880408501934 0.320297224950933
0.00140192125869533 0.320009952337292
0.00141594047128228 0.319719799076432
0.00143009987599511 0.319426737593279
0.00144440087475506 0.319130740012407
0.00145884488350261 0.318831778805985
0.00147343333233764 0.318529824964346
0.00148816766566101 0.318224850430337
0.00150304934231762 0.317916826442502
0.0015180798357408 0.31760572405041
0.00153326063409821 0.317291514075082
0.00154859324043919 0.316974167064962
0.00156407917284358 0.31665365343147
0.00157971996457202 0.316329943250698
0.00159551716421774 0.316003006388309
0.00161147233585991 0.315672812466729
0.00162758705921851 0.315339330863238
0.0016438629298107 0.31500253070799
0.00166030155910881 0.314662380849906
0.00167690457469989 0.31431884998207
0.00169367362044689 0.313971906449225
0.00171061035665136 0.313621518621604
0.00172771646021787 0.313267653867959
0.00174499362482005 0.312910280032321
0.00176244356106825 0.312549364454608
0.00178006799667894 0.312184874196755
0.00179786867664573 0.311816775843712
0.00181584736341218 0.311445036382796
0.0018340058370463 0.311069621839715
0.00185234589541677 0.310690498190566
0.00187086935437094 0.310307631126483
0.00188957804791465 0.30992098604094
0.00190847382839379 0.309530527980857
0.00192755856667773 0.309136217760881
0.00194683415234451 0.308738024464761
0.00196630249386795 0.308335922428373
0.00198596551880663 0.307929859629226
0.0020058251739947 0.307519801072277
0.00202588342573464 0.307105717162181
0.00204614225999199 0.306687570142141
0.00206660368259191 0.306265318066773
0.00208726971941783 0.305838925488165
0.00210814241661201 0.305408354470456
0.00212922384077813 0.304973566706161
0.00215051607918591 0.304534523529654
0.00217202123997777 0.304091185920105
0.00219374145237755 0.303643514498476
0.00221567886690132 0.303191469522679
0.00223783565557034 0.302735010881481
0.00226021401212604 0.302274098088888
0.0022828161522473 0.301808690277703
0.00230564431376977 0.301338746192686
0.00232870075690747 0.300864224184467
0.00235198776447654 0.30038508220395
0.00237550764212131 0.2999012777991
0.00239926271854252 0.299412768158276
0.00242325534572795 0.298919505610222
0.00244748789918523 0.298421458938715
0.00247196277817708 0.297918569978093
0.00249668240595885 0.297410800976885
0.00252164923001844 0.296898106216686
0.00254686572231862 0.296380439718136
0.00257233437954181 0.295857755484954
0.00259805772333723 0.295330009217178
0.0026240383005706 0.294797149696531
0.00265027868357631 0.294259131624742
0.00267678147041207 0.293715907178875
0.00270354928511619 0.293167429412239
0.00273058477796735 0.292613645831181
0.00275789062574703 0.292054508880133
0.0027854695320045 0.29148996864235
0.00281332422732454 0.290919974757443
0.00284145746959779 0.290344470572003
0.00286987204429376 0.289763420755932
0.0028985707647367 0.289176750510784
0.00292755647238407 0.288584428870244
0.00295683203710791 0.287986386331943
0.00298640035747899 0.287382575905944
0.00301626436105378 0.286772943581867
0.00304642700466432 0.286157436849205
0.00307689127471096 0.28553599768045
0.00310766018745807 0.284908566360171
0.00313873678933265 0.28427509226677
0.00317012415722598 0.283635516473841
0.00320182539879824 0.282989781799278
0.00323384365278622 0.282337830261321
0.00326618208931408 0.281679603351438
0.00329884391020722 0.281015042472119
0.00333183234930929 0.280344087046867
0.00336515067280239 0.279666678494668
0.00339880217953041 0.278982749121549
0.00343279020132572 0.278292276881483
0.00346711810333897 0.277595165343034
0.00350178928437236 0.276891337919159
0.00353680717721609 0.276180760051836
0.00357217524898825 0.275463365296131
0.00360789700147813 0.27473909197842
0.00364397597149291 0.274007878044621
0.00368041573120784 0.273269661602313
0.00371721988851992 0.272524378300121
0.00375439208740512 0.271771965387444
0.00379193600827917 0.271012376861421
0.00382985536836196 0.270245525419139
0.00386815392204558 0.269471378647324
0.00390683546126603 0.268689852489149
0.0039459038158787 0.267900896928176
0.00398536285403748 0.267104446506487
0.00402521648257786 0.266300446266971
0.00406546864740364 0.265488836662936
0.00410612333387767 0.264669561290825
0.00414718456721645 0.263842563106782
0.00418865641288861 0.263007785822491
0.0042305429770175 0.262165170525809
0.00427284840678767 0.26131467455861
0.00431557689085555 0.260456240759566
0.00435873265976411 0.259589816709996
0.00440231998636175 0.258715364953354
0.00444634318622536 0.257832828682661
0.00449080661808762 0.256942167923861
0.00453571468426849 0.256043344534853
0.00458107183111118 0.255136312182222
0.00462688254942229 0.254221044575969
0.00467315137491651 0.2532974994606
0.00471988288866568 0.252365657661206
0.00476708171755234 0.251425507031311
0.00481475253472786 0.250476996127422
0.00486290006007514 0.249520080463819
0.00491152906067589 0.248554801416965
0.00496064435128265 0.247581117207467
0.00501025079479548 0.246599045912293
0.00506035330274343 0.245608558169006
0.00511095683577087 0.244609679763687
0.00516206640412858 0.243602407511485
0.00521368706816986 0.242586767494737
0.00526582393885156 0.241562739740217
0.00531848217824008 0.240530402428387
0.00537166700002248 0.23948976096832
0.0054253836700227 0.238440865171296
0.00547963750672293 0.237383751546204
0.00553443388179016 0.236318471269203
0.00558977822060806 0.23524508815054
0.00564567600281414 0.234163625379331
0.00570213276284228 0.233074241730414
0.0057591540904707 0.231976977198437
0.00581674563137541 0.230871930534011
0.00587491308768917 0.229759178774986
0.00593366221856606 0.228638804539593
0.00599299884075172 0.227510997898975
0.00605292882915924 0.226375793420683
0.00611345811745083 0.225233391440444
0.00617459269862534 0.224083926298612
0.00623633862561159 0.222927520636079
0.00629870201186771 0.221764364239597
0.00636168903198638 0.220594589206191
0.00642530592230625 0.219418409079557
0.00648955898152931 0.218235959230257
0.0065544545713446 0.217047467983049
0.00661999911705805 0.215853118154936
0.00668619910822863 0.214653152775984
0.00675306109931092 0.213447795942611
0.00682059171030403 0.212237354134346
0.00688879762740707 0.211021786399683
0.00695768560368114 0.209801587392854
0.00702726245971795 0.208576959863297
0.00709753508431513 0.20734815807325
0.00716851043515828 0.206115447235293
0.00724019553950986 0.204879125805905
0.00731259749490496 0.203639493245468
0.00738572346985401 0.20239670003592
0.00745958070455255 0.201151223662359
0.00753417651159808 0.199903261521711
0.00760951827671406 0.198653135692662
0.0076856134594812 0.197401209426403
0.00776246959407601 0.196147761751179
0.00784009429001677 0.194893108125359
0.00791849523291694 0.193637597244
0.00799768018524611 0.192381511092276
0.00807765698709857 0.191125226880637
0.00815843355696956 0.18986907164742
0.00824001789253925 0.188613337615821
0.00832241807146464 0.187358416384436
0.008405642252179289 0.186104620337014
0.00848969867470108 0.184852282139295
0.0085745956614481 0.183601721952512
0.008660341618062581 0.182353290185603
0.008746945034243199 0.181107344386088
0.008834414484585631 0.17986414809648
0.008922758629431491 0.178624070068344
0.0090119862157258 0.177387421896229
0.00910210607788306 0.176154519674212
0.00919312713866189 0.174925681980738
0.00928505841004851 0.17370122724319
0.009377908994149 0.172481448918663
0.00947168808409049 0.171266656454038
0.009566404964931391 0.170057125260334
0.00966206901458071 0.168853170621774
0.009758689704726511 0.16765505515061
0.009856276601773781 0.166463062480918
0.00995483936779152 0.165277457862924
0.0100543877614694 0.164098512665278
0.0101549316390841 0.1629264898934
0.010256480955475 0.161761612227815
0.0103590457650297 0.160604135985245
0.01046263622268 0.15945429600142
0.0105672625849068 0.158312325186424
0.0106729352107559 0.15717844255857
0.0107796645628634 0.156052859163108
0.0108874612084921 0.154935790753532
0.010996335820577 0.153827447175157
0.0111062991787828 0.152728004321386
0.0112173621705706 0.151637676464842
0.0113295357922763 0.150556637992835
0.0114428311501991 0.149485074214631
0.0115572594617011 0.148423159009779
0.0116728320563181 0.147371060726818
0.0117895603768812 0.146328950318631
0.0119074559806501 0.145296989339815
0.0120265305404566 0.144275339936144
0.0121467958458611 0.143264157641957
0.0122682638043197 0.14226359270866
0.0123909464423629 0.141273807351234
0.0125148559067866 0.140294947224442
0.0126400044658544 0.139327161736383
0.012766404510513 0.138370604003203
0.0128940685556181 0.137425412493473
0.0130230092411743 0.136491746952795
0.013153239333586 0.135569750994215
0.0132847717269219 0.134659566899574
0.0134176194441911 0.133761377421979
0.013551795638633 0.132875306142005
0.0136873135950193 0.132001513055195
0.0138241867309695 0.131140172819073
0.0139624285982792 0.130291435293764
0.014102052884262 0.129455466848912
0.0142430734131046 0.128632448864975
0.0143855041472357 0.127822536913509
0.014529359188708 0.127025925391352
0.0146746527805951 0.126242781822219
0.0148213993084011 0.125473316061211
0.0149696133014851 0.124717705830911
0.0151193094344999 0.123976159467199
0.0152705025288449 0.123248878661805
0.0154232075541334 0.122536081279066
0.0155774396296747 0.12183797863142
0.0157332140259715 0.121154801694928
0.0158905461662312 0.120486782265281
0.0160494516278935 0.119834168877919
0.0162099461441724 0.119197198576024
0.0163720456056142 0.118576130171608
0.0165357660616703 0.117971234888983
0.016701123722287 0.117382778157054
0.0168681349595099 0.11681104042742
0.017036816309105 0.116256313952062
0.017207184472196 0.115718896970587
0.017379256316918 0.115199095674175
0.0175530488800872 0.114697226111998
0.017728579368888 0.114213610414724
0.0179058651625769 0.113748595853679
0.0180849238142027 0.113302518928691
0.0182657730523447 0.112875737813629
0.0184484307828682 0.112468616502156
0.0186329150906968 0.112081539862502
0.0188192442416038 0.111714888510516
0.0190074366840199 0.111369069701872
0.0191975110508601 0.111044493283587
0.0193894861613687 0.110741569802611
0.0195833810229823 0.110460777097544
0.0197792148332122 0.110202530563986
0.0199770069815443 0.109967304602647
0.0201767770513597 0.109755574985498
0.0203785448218733 0.109567847116696
0.0205823302700921 0.109404620724293
0.020788153572793 0.109266427710349
0.0209960351085209 0.109153810117208
0.0212059954596061 0.109067327581099
0.0214180554142022 0.109007543681904
0.0216322359683442 0.108975116685172
0.0218485583280276 0.108970600544925
0.0220670439113079 0.108994666385362
0.022287714350421 0.109047971825546
0.0225105914939252 0.109131207865195
0.0227356974088645 0.109245081138044
0.0229630543829531 0.109390332897031
0.0231926849267826 0.10956772486341
0.0234246117760505 0.109778047969098
0.023658857893811 0.110022133891902
0.0238954464727491 0.110300826697168
0.0241344009374766 0.110615017504457
0.0243757449468513 0.110965623582648
0.0246195023963198 0.111353573420151
0.024865697420283 0.11177995613443
0.0251143543944859 0.112245700788859
0.0253654979384307 0.112751926971004
0.025619152917815 0.113299741062178
0.0258753444469932 0.113890309725026
0.0261340978914631 0.114524845781295
0.0263954388703778 0.115204579527743
0.0266593932590815 0.11593085643742
0.0269259871916724 0.116705006026307
0.0271952470635891 0.117528458747477
0.027467199534225 0.118402679353968
0.0277418715295672 0.1193291942199
0.0280192902448629 0.120309594225503
0.0282994831473115 0.121345519697
0.0285824779787846 0.122438687157475
0.0288683027585725 0.123590870794547
0.0291569857861582 0.12480390828918
0.0294485556440198 0.126079700303396
0.02974304120046 0.127420215526213
0.0300404716124646 0.128827472924576
0.0303408763285892 0.130303583922617
0.0306442850918751 0.131850684736921
0.0309507279427939 0.133470995225078
0.0312602352222218 0.13516676272519
0.031572837574444 0.136940303246283
0.0318885659501885 0.138793977746738
0.0322074516096904 0.140730143875902
0.0325295261257873 0.142751231054709
0.0328548213870451 0.144859590406651
0.0331833696009156 0.147057676927805
0.0335152032969248 0.149347865820231
0.033850355329894 0.151732473745981
0.0341888588831929 0.154213780796672
0.0345307474720249 0.156793962504974
0.0348760549467451 0.159475071478702
0.0352248154962126 0.162259017838333
0.0355770636511747 0.165147458212151
0.0359328342876865 0.168142064992874
0.0362921626305633 0.171243991689284
0.036655084256869 0.174453970736183
0.0370216350994376 0.177772733490356
0.037391851450432 0.181200501067896
0.0377657699649363 0.184736929480917
0.0381434276645857 0.188381504190046
0.0385248619412316 0.19213263704553
0.0389101105606439 0.195988778528926
0.0392992116662503 0.199947521729409
0.0396922037829128 0.204005842275929
0.0400891258207419 0.208160267477463
0.0404900170789494 0.212406492661919
0.0408949172497389 0.216739757799958
0.0413038664222363 0.22115497437376
0.0417169050864586 0.225646029466206
0.0421340741373232 0.230206313190766
0.0425554148786964 0.23482922000819
0.0429809690274834 0.239507685691409
0.0434107787177582 0.244234382549312
0.0438448865049358 0.249001129575983
0.0442833353699852 0.253800191854207
0.044726168723685 0.258623741188034
0.0451734304109219 0.263463859785868
0.0456251647150311 0.268312681231584
0.0460814163621814 0.273163004217291
0.0465422305258032 0.278007067748477
0.0470076528310613 0.282838181819877
0.0474777293593719 0.287649354749437
0.0479525066529656 0.292434513287061
0.0484320317194952 0.297187822767604
0.0489163520366902 0.301903973331265
0.0494055155570571 0.306577844659981
0.0498995707126277 0.311205189274689
0.0503985664197539 0.31578199466891
0.0509025520839515 0.320304864542892
0.051411577604791 0.324770579531539
0.0519256933808389 0.329176643876678
0.0524449503146473 0.333520919485771
0.0529693998177938 0.337801410218657
0.0534990938159717 0.342016808899029
0.0540340847541314 0.34616598730599
0.0545744256016727 0.350248273715756
0.0551201698576895 0.354263004837982
0.0556713715562664 0.35821014741167
0.056228085271829 0.362089310515968
0.0567903661245473 0.365901181571501
0.0573582697857928 0.369645887731217
0.0579318524836507 0.373324089219967
0.0585111710084872 0.376936484664853
0.0590962827185721 0.38048393378103
0.0596872455457578 0.383967385421841
0.0602841180012154 0.387387906699035
0.0608869591812276 0.390746676659745
0.0614958287730398 0.394044696762981
0.0621107870607702 0.397283402598547
0.0627318949313779 0.400464084841282
0.0633592138806917 0.403588004112826
0.0639928060194986 0.406656524905296
0.0646327340796936 0.409670977133885
0.0652790614204906 0.412632798265638
0.0659318520346955 0.415543340600487
0.06659117055504241 0.418403881316771
0.06725708226059279 0.421215777197211
0.0679296530831988 0.423980508252076
0.0686089496140308 0.426699148448119
0.0692950391101711 0.429373149141592
0.0699879895012728 0.432003722563648
0.0706878693962855 0.434592071612564
0.0713947480902484 0.437139426500354
0.0721086955711509 0.439646924450282
0.0728297825268624 0.442115700594567
0.073558080352131 0.444546846955902
0.07429366115565229 0.446941372817386
0.07503659776720881 0.449300323842006
0.07578696374488091 0.451624674517457
0.0765448333823297 0.45391535715436
0.07731028171615301 0.456173220159372
0.07808338453331461 0.458399181234317
0.0788642183786477 0.460594001278998
0.0796528605624342 0.462758412456376
0.08044938916805849 0.464893180306349
0.0812538830597391 0.466999020315608
0.0820664218903365 0.469076660818921
0.08288708610923989 0.471126578425973
0.08371595697033229 0.473149408489937
0.0845531165400356 0.475145716431867
0.085398647705436 0.477116027356499
0.0862526341824903 0.479060692308681
0.0871151605243152 0.480980270748347
0.0879863121295584 0.482875262968614
0.0888661752508539 0.484745909788907
0.08975483700336249 0.486592639106303
0.09065238537339609 0.488415801504015
0.0915589092271301 0.490215519731203
0.0924744983194014 0.491992464240574
0.0933992433025954 0.493746505315748
0.0943332357356213 0.49547816687014
0.0952765680929776 0.497187448276784
0.0962293337739073 0.498874761904947
0.0971916271116464 0.500540293425546
0.0981635433827629 0.502184120750792
0.0991451788165905 0.503806442656544
0.100136630604756 0.505407474821654
0.101137996910804 0.506987327878371
0.102149376879912 0.508546179284422
0.103170870648711 0.510084137200352
0.104202579355198 0.511601367605819
0.10524460514875 0.513097987074426
0.106297051200238 0.514574110322797
0.10736002171224 0.516029945915517
0.108433621929363 0.51746555661997
0.109517958148656 0.518881039616458
0.110613137730143 0.520276635035335
0.111719269107444 0.521652393227568
0.112836461798519 0.523008469711386
0.113964826416504 0.52434506992548
0.115104474680669 0.52566235115456
0.116255519427476 0.526960403538151
0.11741807462175 0.52823940320698
0.118592255367968 0.529499540033266
0.119778177921647 0.530740964035556
0.120975959700864 0.531963915291736
0.122185719297873 0.533168568894854
0.123407576490851 0.534355076655975
0.12464165225576 0.53552364302437
0.125888068778317 0.536674560701159
0.127146949466101 0.537807972042283
0.128418418960762 0.538924116015272
0.129702603150369 0.540023227526261
0.130999629181873 0.54110555320991
0.132309625473692 0.542171303494674
0.133632721728429 0.543220693331
0.134969048945713 0.544254114676623
0.13631873943517 0.545271686389537
0.137681926829522 0.546273651320259
0.139058746097817 0.547260355087202
0.140449333558795 0.548232010358762
0.141853826894383 0.549188908946935
0.143272365163327 0.550131268154757
0.14470508881496 0.551059348773891
0.14615213970311 0.551973434080063
0.147613661100141 0.552873751069529
0.149089797711142 0.553760571550726
0.150580695688254 0.554634192974296
0.152086502645136 0.555494830461316
0.153607367671588 0.556342641669151
0.155143441348303 0.557178043151544
0.156694875761787 0.558001161269155
0.158261824519404 0.558812252295049
0.159844442764598 0.559611564421081
0.161442887192244 0.560399265838305
0.163057316064167 0.561175631071618
0.164687889224809 0.561940849666683
0.166334768117057 0.562695120546354
0.167998115798227 0.563438656705272
0.169678096956209 0.564171624328072
0.171374877925772 0.564894234949397
0.173088626705029 0.56560663642638
0.17481951297208 0.566309017061945
0.1765677081018 0.567001528133584
0.178333385182818 0.567684328716118
0.180116719034647 0.568357565796011
0.181917886224993 0.569021355993961
0.183737065087243 0.569675891254496
0.185574435738115 0.570321252078166
0.187430180095497 0.570957560235337
0.189304481896452 0.571584931083998
0.191197526715416 0.572203525613479
0.19310950198257 0.57281341819857
0.195040597002396 0.573414732259002
0.19699100297242 0.574007561673433
0.198960913002144 0.574593561794728
0.200950522132166 0.575177947212746
0.202960027353487 0.575741432991973
0.204989627627022 0.576299462008477
0.207039523903292 0.576849056236765
0.209109919142325 0.577390657846311
0.211201018333748 0.577924187148628
0.213313028517086 0.578449666794177
0.215446158802257 0.578967112338421
0.217600620390279 0.579476546086019
0.219776626594182 0.579977987748279
0.221974392860124 0.580471457000804
0.224194136788725 0.58095697131492
0.226436078156613 0.58143454425973
0.228700438938179 0.581904183412829
0.23098744332756 0.582365898455356
0.233297317760836 0.582819690381068
0.235630290938444 0.583265556723644
0.237986593847829 0.583703520193164
0.240366459786307 0.584133542476333
0.24277012438417 0.584555633393353
0.245197825628012 0.584969779357355
0.247649803884292 0.585375961174016
0.250126301923135 0.585774160591144
0.252627564942366 0.58616435342479
0.25515384059179 0.586546534174805
0.257705378997708 0.586920645987969
0.260282432787685 0.587286674315924
0.262885257115562 0.587644565703107
0.265514109686717 0.587994287021113
0.268169250783585 0.588335806151937
0.27085094329142 0.588669052105719
0.273559452724335 0.588993978958433
0.276295047251578 0.589310526542669
0.279057997724094 0.589618626357986
0.281848577701335 0.589918215985384
0.284667063478348 0.590209211319859
0.287513734113132 0.590491534975907
0.290388871454263 0.590765096772971
0.293292760168805 0.591029809543155
0.296225687770494 0.591285563901647
0.299187944648198 0.591532256000623
0.30217982409468 0.591769775396508
0.305201622335627 0.591997999390567
0.308253638558984 0.592216796548983
0.311336174944573 0.592426034852581
0.314449536694019 0.592625571768423
0.317594032060959 0.592815255103174
0.320769972381569 0.592994929062321
0.323977672105385 0.593164426291837
0.327217448826438 0.593323570059152
0.330489623314703 0.593472174884172
0.33379451954785 0.593610057260576
0.337132464743328 0.593737011982466
0.340503789390762 0.593852832797487
0.343908827284669 0.593957303454305
0.347347915557516 0.59405019984939
0.350821394713091 0.594131289206184
0.354329608660222 0.594200335537653
0.357872904746824 0.594257080187341
0.361451633794292 0.594301269578392
0.365066150132235 0.594332641522689
0.368716811633558 0.594350916391928
0.372403979749893 0.594355822397596
0.376128019547392 0.594347059516858
0.379889299742866 0.594324341313506
0.383688192740295 0.594287361468776
0.387525074667698 0.5942358079659
0.391400325414375 0.59416936389257
0.395314328668518 0.594087701989924
0.399267471955204 0.593990491764008
0.403260146674756 0.59387739248423
0.407292748141503 0.593748051650141
0.411365675622918 0.593602120249236
0.415479332379147 0.593439220513997
0.419634125702939 0.593259009500576
0.423830466959968 0.593061096016459
0.428068771629568 0.592845095622842
0.432349459345864 0.59261061234937
0.436672953939322 0.592357243638367
0.441039683478716 0.592084577964863
0.445450080313503 0.591792194002318
0.449904581116638 0.591479655737405
0.454403626927804 0.591146524026157
0.458947663197082 0.590792343027896
0.463537139829053 0.590416648864156
0.468172511227344 0.590018977198079
0.472854236339617 0.58959880012906
0.477582778703013 0.589155615620264
0.482358606490043 0.588688933219558
0.487182192554944 0.588198197780777
0.492054014480493 0.587682858086151
0.496974554625298 0.587142338309783
0.501944300171551 0.586576056689447
0.506963743173267 0.585983399367162
0.512033380604999 0.585363741178766
0.517153714411049 0.584716448474958
0.52232525155516 0.584040817344249
0.527548504070711 0.583336164562167
0.532823989111418 0.582601781603563
0.538152229002533 0.581836924411477
0.543533751292558 0.581040823763443
0.548969088805484 0.580212693845086
0.554458779693538 0.579351713821502
0.560003367490474 0.5784570337425
0.565603401165378 0.577527779956423
0.571259435177032 0.576563052156223
0.576972029528803 0.575561900732273
0.582741749824091 0.574523365424006
0.588569167322331 0.573446456189678
0.5944548589955549 0.572330135089109
0.60039940758551 0.571173313613619
0.606403401661365 0.569974880958452
0.612467435677979 0.56873373388605
0.618592110034759 0.567448659037133
0.624778031135106 0.566118436028397
0.631025811446457 0.564741797709998
0.637336069560922 0.563317435204784
0.643709430256531 0.561843998166353
0.650146524559097 0.560320085371658
0.656647989804688 0.558744215226503
0.663214469702734 0.557114898196379
0.669846614399762 0.555430564737232
0.6765450805437589 0.553689585163179
0.6833105313491969 0.55189032595663
0.690143636662689 0.550030920064391
0.697045073029316 0.548109654566008
0.704015523759609 0.546124563443043
0.711055678997205 0.544073749396732
0.718166235787177 0.541955138583476
0.725347898145049 0.539766600135216
0.732601377126499 0.537505892927211
0.739927390897764 0.535170648277261
0.747326664806742 0.532758484678974
0.7547999314548089 0.530266859455326
0.762347930769357 0.527693088020472
0.7699714100770511 0.52503439635648
0.777671124177822 0.522287867704516
0.7854478354195999 0.519450337009834
0.793302313773796 0.516518658712231
0.801235336911534 0.513489399923619
0.809247690280649 0.510358966227864
0.817340167183456 0.507123568834386
0.82551356885529 0.503779193069941
0.833768704543843 0.500321480380685
0.842106391589282 0.496747567970405
0.8505274555051739 0.493048581046012
0.8547800927827 0.491148130437899
0.859032730060226 0.489223579138039
0.863327893710527 0.487256604682408
0.867623057360828 0.48526597008937
0.871961172647633 0.483229859532061
0.874130230291035 0.482202748497125
0.876299287934437 0.481169003762021
0.878490036154273 0.480118580817939
0.880680784374109 0.479061579168083
0.882871532593945 0.477997973978937
0.885062280813781 0.476927722179722
0.887274936515815 0.475839957369666
0.88948759221785 0.474745337090294
0.891700247919885 0.473643697481118
0.893912903621919 0.472535245537591
0.898382468140029 0.470273937067952
0.902852032658138 0.467984461795957
0.907366292821429 0.465641495245907
0.91188055298472 0.463267870271852
0.916439955749644 0.460839002960078
0.920999358514567 0.458377834649963
0.92560435530714 0.455857842768799
0.930209352099712 0.453305428114752
0.93951144562071 0.448038319647057
0.948906560076917 0.442574266711304
0.958395625677686 0.436894714267926
0.967979581934463 0.430990562414025
0.977659377753807 0.424848540018627
0.987435971531345 0.418454350864625
0.997310331246659 0.411792480388444
1.00728343455913 0.404845506301418
1.01735626890472 0.397594333463613
1.02752983159376 0.390017604114763
1.0378051299097 0.382091600804027
1.0481831812088 0.37378959010235
1.05866501302089 0.365081129504637
1.0692516631511 0.355931713435367
1.07994417978261 0.346301555672502
1.09074362158043 0.336144421275371
1.10165105779624 0.325406470699152
1.1126675683742 0.314023611010974
1.12379424405794 0.301918822165472
1.13503218649852 0.288998244901455
1.14638250836351 0.275145306824183
1.15784633344714 0.260211941488989
1.16942479678161 0.244005765860433
1.18111904474943 0.226268697368872
1.19293023519692 0.206639837923359
1.20485953754889 0.184639034059939
1.21690813292438 0.159424033969296
1.22299267358901 0.145278376804141
1.22907721425363 0.129939529618645
1.23522260032489 0.113183920426316
1.24136798639616 0.0952461156102063
1.24447140636215 0.086022769986586
1.24757482632814 0.0769788661932884
1.25067824629413 0.0684236603713459
1.25378166626012 0.0606791792983659
1.25534889334295 0.0571406350073291
1.25691612042577 0.0538670959033232
1.26005057459142 0.0481007660003682
1.26318502875707 0.0432769837058703
1.26631948292272 0.0392528032409554
1.26948528163003 0.035844241659673
1.27265108033733 0.0329619864912518
1.27581687904464 0.0304991455225215
1.27898267775195 0.0283724254179188
1.28218013444633 0.0265006901903002
1.28537759114071 0.0248544982219916
1.29177250452947 0.0220930008780368
1.29823136705212 0.0198404830806077
1.30469022957477 0.017980907698184
1.31121368072264 0.0164012418070114
1.31773713187051 0.0150525519967927
1.32432581752987 0.0138748895170663
1.33091450318922 0.0128459867628743
1.33756907570517 0.0119298967002268
1.34422364822111 0.0111161018155745
1.35094476646222 0.0103810782965325
1.35766588470332 0.00971994989526859
1.36445421412684 0.00911629407216102
1.37124254355036 0.00856803552869754
1.38495496898586 0.00760121442445142
1.39880451867572 0.00677847504798539
1.41279256386247 0.0060706027611142
1.4269204895011 0.00545593058905272
1.44118969439611 0.00491810648690263
1.45560159134007 0.00444449184970593
1.47015760725347 0.0040251406445481
1.48485918332601 0.00365210059274717
1.49970777515927 0.00331892064803087
1.51470485291086 0.00302030602714519
1.52985190143997 0.00275186157169212
1.54515042045437 0.00250990225724867
1.56060192465891 0.00229131105002657
1.5762079439055 0.00209343077199495
1.59197002334456 0.00191398029690869
1.607889723578 0.00175098653780745
1.62396862081378 0.00160273502399804
1.64020830702192 0.00146772678540439
1.65661039009214 0.00134464517972355
1.67317649399306 0.0012323277630296
1.68990825893299 0.00112974752341202
1.70680734152232 0.00103598738962134
1.72387541493754 0.000950231769540956
1.74111416908692 0.000871750364040318
1.75852531077779 0.000799887862570217
1.77611056388557 0.000734054882940019
1.79387166952442 0.000673720139157038
1.81181038621967 0.000618403470032471
1.82992849008186 0.000567671067933877
1.84822777498268 0.00052112877092282
1.86671005273251 0.000478419338217754
1.88537715325983 0.000439217918837366
1.90423092479243 0.000403228843012541
1.92327323404036 0.000370182740608335
1.94250596638076 0.000339833996271907
1.96193102604457 0.000311958388808761
1.98155033630501 0.000286351172918831
2.00136583966806 0.000262825136546624
2.02137949806474 0.000241209114050644
2.04159329304539 0.000221346455684996
2.06200922597584 0.000203093765555775
2.0826293182356 0.000186319651735458
2.10345561141796 0.000170903872731296
2.12449016753214 0.000156736023252326
2.14573506920746 0.000143715006912649
2.16719241989954 0.00013174806413591
2.18886434409853 0.000120750104778977
2.21075298753952 0.000110643042898909
2.23286051741491 0.000101355208673625
2.25518912258906 9.28208024227306e-05
2.27774101381495 8.49793974974157e-05
2.3005184239531 7.77754909929454e-05
2.32352360819263 7.11580895708789e-05
2.34675884427456 6.50803262269654e-05
2.3702264327173 5.94991265341674e-05
2.39392869704448 5.43748819964103e-05
2.41786798401492 4.96711663100963e-05
2.44204666385507 4.53544696573184e-05
2.46646713049362 4.13939594237324e-05
2.49113180179856 3.77612561438526e-05
2.51604311981654 3.44302348956544e-05
2.54120355101471 3.13768361416224e-05
2.56661558652486 2.85789012308745e-05
2.5922817423901 2.60160173480149e-05
2.618204559814 2.36693714760658e-05
2.64438660541214 2.15216268368537e-05
2.67083047146627 1.95568019760772e-05
2.69753877618093 1.77601630743848e-05
2.72451416394274 1.6118124229039e-05
2.75175930558217 1.46181578661661e-05
2.77927689863799 1.32487093201135e-05
2.80706966762437 1.20286296009065e-05
2.83514036430061 1.09333463095621e-05
2.86349176794362 9.93308511974291e-06
2.89212668562305 9.02015548562536e-06
2.92104795247928 8.18744948139973e-06
2.95025843200408 7.42839876981145e-06
2.97976101632412 6.73693525490115e-06
3.00955862648736 6.10745470006583e-06
3.03965421275223 5.53478327643953e-06
3.07005075487975 5.01414637592418e-06
3.10075126242855 4.54113965466817e-06
3.13175877505284 4.11170236454842e-06
3.16307636280337 3.72209242886727e-06
3.1947071264314 3.36886332982719e-06
3.22665419769571 3.0488426183181e-06
3.25892073967267 2.75911197810844e-06
3.2915099470694 2.49698849797713e-06
3.32442504654009 2.26000734941754e-06
3.35766929700549 2.0459057674622e-06
3.39124598997555 1.85260786335409e-06
3.4251584498753 1.67821069524571e-06
3.45941003437406 1.52097117546372e-06
3.4940041347178 1.37929392470079e-06
3.52894417606497 1.25171994052555e-06
3.56423361782562 1.13691604218068e-06
3.59987595400388 1.03366505575178e-06
3.63587471354392 9.40856685344766e-07
3.67223346067936 8.57479014370811e-07
3.70895579528615 7.82610615119016e-07
3.74604535323901 7.15413209480062e-07
3.7835058067714 6.55124878194592e-07
3.82134086483912 6.01053740493977e-07
3.85955427348751 5.52572110945275e-07
3.89814981622238 5.09111089240336e-07
3.93713131438461 4.70155545994444e-07
3.97650262752845 4.35239502647819e-07
4.01626765380374 4.03941852750409e-07
4.05643033034178 3.75882424889687e-07
4.09699463364519 3.50718348480813e-07
4.13796457998165 3.28140711206967e-07
4.17934422578146 3.07871483707094e-07
4.22113766803928 2.8966069490595e-07
4.26334904471967 2.73283839247708e-07
4.30598253516687 2.58539499755754e-07
4.34904236051854 2.45247171117771e-07
4.39253278412372 2.33245267840308e-07
4.43645811196496 2.22389304148935e-07
4.48082269308461 2.12550232033392e-07
4.52563092001545 2.03612925719932e-07
4.57088722921561 1.95474800873986e-07
4.61659610150777 1.88044558125892e-07
4.66276206252284 1.81241040649995e-07
4.70938968314807 1.7499219713716e-07
4.75648357997955 1.69234140536051e-07
4.80404841577935 1.63910295907706e-07
4.85208889993714 1.58970628333723e-07
4.90060978893651 1.54370945702913e-07
4.94961588682588 1.50072268508894e-07
4.99911204569414 1.46040261662029e-07
5.04910316615108 1.42244722572663e-07
5.09959419781259 1.38659120492605e-07
5.15059013979072 1.35260182472578e-07
5.20209604118862 1.32027521753414e-07
5.25411700160051 1.2894330456316e-07
5.30665817161651 1.25991951882889e-07
5.35972475333268 1.23159872709383e-07
5.41332200086601 1.20435225988437e-07
5.46745522087467 1.17807708296043e-07
5.52212977308341 1.15268364853272e-07
5.57735107081425 1.12809421521957e-07
5.63312458152239 1.10424135709248e-07
5.68945582733762 1.08106664256015e-07
5.74635038561099 1.0585194657925e-07
5.8038138894671 1.03655601485188e-07
5.86185202836177 1.0151383622002e-07
5.92047054864539 9.94233664634832e-08
5.97967525413184 9.73813460806451e-08
6.03947200667316 9.53853055782203e-08
6.0998667267399 9.34330982980345e-08
6.16086539400729 9.15228534804198e-08
6.22247404794737 8.9652935426441e-08
6.28469878842684 8.78219080499171e-08
6.34754577631111 8.60285041870776e-08
6.41102123407422 8.42715991126383e-08
6.47513144641496 8.25501877414829e-08
6.53988276087911 8.08633650746827e-08
6.60528158848791 7.92103094842262e-08
6.67133440437278 7.75902684777898e-08
6.73804774841651 7.6002546625399e-08
6.80542822590068 7.44464953658621e-08
6.87348250815968 7.29215044420269e-08
6.94221733324128 7.14269947449556e-08
7.01163950657369 6.99624123713915e-08
7.08175590163943 6.85272237240764e-08
7.15257346065582 6.71209115038069e-08
7.22409919526238 6.57429714622537e-08
7.29634018721501 6.43929098005901e-08
7.36930358908716 6.30702411131152e-08
7.44299662497803 6.17744867908618e-08
7.51742659122781 6.05051738074723e-08
7.59260085714009 5.92618338240876e-08
7.66852686571149 5.80440025567943e-08
7.7452121343686 5.68512193583371e-08
7.82266425571229 5.56830269756834e-08
7.90089089826941 5.45389714402822e-08
7.97989980725211 5.34186020758107e-08
8.059698805324629 5.23214715837407e-08
8.14029579337787 5.12471361947726e-08
8.221698751311649 5.01951558656002e-08
8.30391573882477 4.91650945070114e-08
8.38695489621302 4.81565202313604e-08
8.47082444517515 4.71690056097266e-08
8.555532689626901 4.62021279308448e-08
8.64108801652317 4.52554694556865e-08
8.727498896688401 4.43286176625575e-08
8.81477388565529 4.34211654791814e-08
8.902921624511841 4.25327114987581e-08
8.99195084075696 4.1662860178048e-08
9.081870349164531 4.08112220160552e-08
9.172689052656169 3.99774137125511e-08
9.26441594318274 3.91610583059344e-08
9.357060102614559 3.83617852904779e-08
9.45063070364071 3.75792307131875e-08
9.54513701067712 3.68130372507654e-08
9.640588380783891 3.60628542673011e-08
9.736994264591729 3.53283378535506e-08
9.834364207237639 3.46091508486623e-08
9.93270784931002 3.39049628453477e-08
10.0320349278031 3.32154501795184e-08
10.1323552770812 3.2540295905457e-08
10.233678829852 3.18791897575939e-08
10.3360156181505 3.1231828099951e-08
10.439375774332 3.05979138643904e-08
10.5437695320753 2.99771564786385e-08
10.6492072273961 2.93692717851671e-08
10.75569929967 2.87739819519434e-08
10.8632562926667 2.81910153759659e-08
10.9718888555934 2.76201065806089e-08
11.0816077441493 2.70609961075718e-08
11.1924238215908 2.65134304043481e-08
11.3043480598067 2.59771617079962e-08
11.4173915404048 2.54519479259798e-08
11.5315654558088 2.49375525147749e-08
11.6468811103669 2.44337443569283e-08
11.7633499214706 2.39402976371717e-08
11.8809834206853 2.3456991718165e-08
11.9997932548922 2.29836110163432e-08
12.1197911874411 2.25199448784646e-08
12.2409890993155 2.20657874591069e-08
12.3633989903086 2.16209375996185e-08
12.4870329802117 2.11851987088135e-08
12.6119033100138 2.07583786456978e-08
12.738022343114 2.03402896044753e-08
12.8654025665451 1.9930748002046e-08
12.9940565922106 1.95295743681545e-08
13.1239971581327 1.91365932383435e-08
13.255237129714 1.87516330497758e-08
13.3877895010112 1.83745260400434e-08
13.5216673960213 1.80051081489656e-08
13.6568840699815 1.76432189234127e-08
13.7934529106813 1.72887014251469e-08
13.9313874397881 1.69414021416523e-08
14.070701314186 1.66011708999159e-08
14.2114083273278 1.62678607830913e-08
14.3535224106011 1.59413280499912e-08
14.4970576347071 1.5621432057311e-08
14.6420282110542 1.5308035184503e-08
14.7884484931648 1.50010027612053e-08
14.9363329780964 1.4700202997122e-08
15.0856963078774 1.44055069142531e-08
15.2365532709561 1.41167882813701e-08
15.3889188036657 1.38339235506305e-08
15.5428079917024 1.35567917962293e-08
15.6982360716194 1.32852746549828e-08
15.8552184323356 1.30192562687459e-08
16.0137706166589 1.27586232285676e-08
16.1739083228255 1.25032645204923e-08
16.3356474060538 1.22530714729124e-08
16.4990038801143 1.2007937705401e-08
16.6639939189155 1.17677590789305e-08
16.8306338581046 1.1532433647809e-08
16.9989401966857 1.13018616108764e-08
17.1689295986525 1.1075945267892e-08
17.340618894639 1.08545889730054e-08
17.5140250835854 1.06376990913375e-08
17.6891653344213 1.04251839561634e-08
17.8660569877655 1.02169538270702e-08
18.0447175576431 1.00129208490414e-08
18.2251647332196 9.81299901243199e-09
18.4074163805518 9.61710411379991e-09
18.5914905443573 9.42515371755775e-09
18.7774054498009 9.23706711842096e-09
18.9651795042989 9.0527653046245e-09
19.1548312993419 8.8721709218843e-09
19.3463796123353 8.6952082380847e-09
19.5398434084586 8.52180310867228e-09
19.7352418425432 8.35188294273848e-09
19.9325942609687 8.18537666977963e-09
20.1319202035783 8.02221470711698e-09
20.3332394056141 7.86232892796741e-09
20.5365717996703 7.70565263015379e-09
20.741937517667 7.55212050544454e-09
20.9493568928436 7.40166860951262e-09
21.1588504617721 7.25423433250761e-09
21.3704389663898 7.10975637023148e-09
21.5841433560537 6.96817469591042e-09
21.7999847896142 6.82943053255559e-09
22.0179846375104 6.6934663259065e-09
22.2381644838855 6.56022571794864e-09
22.4605461287243 6.42965352099846e-09
22.6851515900116 6.30169569234882e-09
22.9120031059117 6.17629930946751e-09
23.1411231369708 6.05341254574024e-09
23.3725343683405 5.9329846467515e-09
23.6062597120239 5.81496590709438e-09
23.8423223091442 5.69930764770105e-09
24.0807455322356 5.58596219368568e-09
24.321552987558 5.47488285269025e-09
24.5647685174336 5.3660238937248e-09
24.8104162026079 5.25934052649236e-09
25.058520364634 5.154788881189e-09
25.3091055682803 5.05232598876962e-09
25.5621966239631 4.95190976166918e-09
25.8178185902027 4.85349897496978e-09
26.0759967761048 4.75705324800326e-09
26.3367567438658 4.66253302637967e-09
26.6001243113045 4.56989956443078e-09
26.8661255544175 4.47911490805958e-09
27.1347868099617 4.39014187798476e-09
27.4061346780613 4.30294405337118e-09
27.6801960248419 4.21748575579478e-09
27.9569979850903 4.13373203378044e-09
28.2365679649412 4.05164864727985e-09
28.5189336445907 3.97120205291657e-09
28.8041229810366 3.89235938935787e-09
29.0921642108469 3.81508846305823e-09
29.3830858529554 3.73935773432375e-09
29.676916711485 3.66513630368872e-09
29.9736858785998 3.59239389859613e-09
30.2734227373858 3.52110086037411e-09
30.5761569647597 3.45122813150089e-09
30.8819185344073 3.38274724315034e-09
31.1907377197513 3.3156303030112e-09
31.5026450969488 3.24984998337271e-09
31.8176715479183 3.18537950947017e-09
32.1358482633975 3.12219264808364e-09
32.4572067460315 3.06026369638353e-09
32.7817788134918 2.99956747101702e-09
33.1095966016267 2.94007929742948e-09
33.440692567643 2.8817749994151e-09
33.7750994933194 2.82463088889156e-09
34.1128504882526 2.76862375589326e-09
34.4539789931351 2.71373085877851e-09
34.7985187830665 2.65992991464591e-09
35.1465039708972 2.60719908995579e-09
35.4979690106061 2.55551699135301e-09
35.8529487007122 2.50486265668832e-09
36.2114781877193 2.45521554623682e-09
36.5735929695965 2.40655553411409e-09
36.9393288992925 2.3588628998954e-09
37.3087221882854 2.31211832045213e-09
37.6818094101683 2.26630286203975e-09
38.0586275042699 2.22139797272196e-09
38.4392137793127 2.17738547535697e-09
38.8236059171058 2.13424756184979e-09
39.2118419762768 2.09196679147938e-09
39.6039603960396 2.05052611106087e-09
40 2.00990672959278e-09
