-40 -1e-06
-39.6039603960396 -1e-06
-39.2118419762768 -1e-06
-38.8236059171058 -1e-06
-38.4392137793127 -1e-06
-38.0586275042699 -1e-06
-37.6818094101683 -1e-06
-37.3087221882854 -1e-06
-36.9393288992925 -1e-06
-36.5735929695965 -1e-06
-36.2114781877193 -1e-06
-35.8529487007122 -1e-06
-35.4979690106061 -1e-06
-35.1465039708972 -1e-06
-34.7985187830665 -1e-06
-34.4539789931351 -1e-06
-34.1128504882526 -1e-06
-33.7750994933194 -1e-06
-33.440692567643 -1e-06
-33.1095966016267 -1e-06
-32.7817788134918 -1e-06
-32.4572067460315 -1e-06
-32.1358482633975 -1e-06
-31.8176715479183 -1e-06
-31.5026450969488 -1e-06
-31.1907377197513 -1e-06
-30.8819185344073 -1e-06
-30.5761569647597 -1e-06
-30.2734227373858 -1e-06
-29.9736858785998 -1e-06
-29.676916711485 -1e-06
-29.3830858529554 -1e-06
-29.0921642108469 -1e-06
-28.8041229810366 -1e-06
-28.5189336445907 -1e-06
-28.2365679649412 -1e-06
-27.9569979850903 -1e-06
-27.6801960248419 -1e-06
-27.4061346780613 -1e-06
-27.1347868099617 -1e-06
-26.8661255544175 -1e-06
-26.6001243113045 -1e-06
-26.3367567438658 -1e-06
-26.0759967761048 -1e-06
-25.8178185902027 -1e-06
-25.5621966239631 -1e-06
-25.3091055682803 -1e-06
-25.058520364634 -1e-06
-24.8104162026079 -1e-06
-24.5647685174336 -1e-06
-24.321552987558 -1e-06
-24.0807455322356 -1e-06
-23.8423223091442 -1e-06
-23.6062597120239 -1e-06
-23.3725343683405 -1e-06
-23.1411231369708 -1e-06
-22.9120031059117 -1e-06
-22.6851515900116 -1e-06
-22.4605461287243 -1e-06
-22.2381644838855 -1e-06
-22.0179846375104 -1e-06
-21.7999847896142 -1e-06
-21.5841433560537 -1e-06
-21.3704389663898 -1e-06
-21.1588504617721 -1e-06
-20.9493568928436 -1e-06
-20.741937517667 -1e-06
-20.5365717996703 -1e-06
-20.3332394056141 -1e-06
-20.1319202035783 -1e-06
-19.9325942609687 -1e-06
-19.7352418425432 -1e-06
-19.5398434084586 -1e-06
-19.3463796123353 -1e-06
-19.1548312993419 -1e-06
-18.9651795042989 -1e-06
-18.7774054498009 -1e-06
-18.5914905443573 -1e-06
-18.4074163805518 -1e-06
-18.2251647332196 -1e-06
-18.0447175576431 -1e-06
-17.8660569877655 -1e-06
-17.6891653344213 -1e-06
-17.5140250835854 -1e-06
-17.340618894639 -1e-06
-17.1689295986525 -1e-06
-16.9989401966857 -1e-06
-16.8306338581046 -1e-06
-16.6639939189155 -1e-06
-16.4990038801143 -1e-06
-16.3356474060538 -1e-06
-16.1739083228255 -1e-06
-16.0137706166589 -1e-06
-15.8552184323356 -1e-06
-15.6982360716194 -1e-06
-15.5428079917024 -1e-06
-15.3889188036657 -1e-06
-15.2365532709561 -1e-06
-15.0856963078774 -1e-06
-14.9363329780964 -1e-06
-14.7884484931648 -1e-06
-14.6420282110542 -1e-06
-14.4970576347071 -1e-06
-14.3535224106011 -1e-06
-14.2114083273278 -1e-06
-14.070701314186 -1e-06
-13.9313874397881 -1e-06
-13.7934529106813 -1e-06
-13.6568840699815 -1e-06
-13.5216673960213 -1e-06
-13.3877895010112 -1e-06
-13.255237129714 -1e-06
-13.1239971581327 -1e-06
-12.9940565922106 -1e-06
-12.8654025665451 -1e-06
-12.738022343114 -1e-06
-12.6119033100138 -1e-06
-12.4870329802117 -1e-06
-12.3633989903086 -1e-06
-12.2409890993155 -1e-06
-12.1197911874411 -1e-06
-11.9997932548922 -1e-06
-11.8809834206853 -1e-06
-11.7633499214706 -1e-06
-11.6468811103669 -1e-06
-11.5315654558088 -1e-06
-11.4173915404048 -1e-06
-11.3043480598067 -1e-06
-11.1924238215908 -1e-06
-11.0816077441493 -1e-06
-10.9718888555934 -1e-06
-10.8632562926667 -1e-06
-10.75569929967 -1e-06
-10.6492072273961 -1e-06
-10.5437695320753 -1e-06
-10.439375774332 -1e-06
-10.3360156181505 -1e-06
-10.233678829852 -1e-06
-10.1323552770812 -1e-06
-10.0320349278031 -1e-06
-9.93270784931002 -1e-06
-9.834364207237639 -1e-06
-9.736994264591729 -1e-06
-9.640588380783891 -1e-06
-9.54513701067712 -1e-06
-9.45063070364071 -1e-06
-9.357060102614559 -1e-06
-9.26441594318274 -1e-06
-9.172689052656169 -1e-06
-9.081870349164531 -1e-06
-8.99195084075696 -1e-06
-8.902921624511841 -1e-06
-8.81477388565529 -1e-06
-8.727498896688401 -1e-06
-8.64108801652317 -1e-06
-8.555532689626901 -1e-06
-8.47082444517515 -1e-06
-8.38695489621302 -1e-06
-8.30391573882477 -1e-06
-8.221698751311649 -1e-06
-8.14029579337787 -1e-06
-8.059698805324629 -1e-06
-7.97989980725211 -1e-06
-7.90089089826941 -1e-06
-7.82266425571229 -1e-06
-7.7452121343686 -1e-06
-7.66852686571149 -1e-06
-7.59260085714009 -1e-06
-7.51742659122781 -1e-06
-7.44299662497803 -1e-06
-7.36930358908716 -1e-06
-7.29634018721501 -1e-06
-7.22409919526238 -1e-06
-7.15257346065582 -1e-06
-7.08175590163943 -1e-06
-7.01163950657369 -1e-06
-6.94221733324128 -1e-06
-6.87348250815968 -1e-06
-6.80542822590068 -1e-06
-6.73804774841651 -1e-06
-6.67133440437278 -1e-06
-6.60528158848791 -1e-06
-6.53988276087911 -1e-06
-6.47513144641496 -1e-06
-6.41102123407422 -1e-06
-6.34754577631111 -1e-06
-6.28469878842684 -1e-06
-6.22247404794737 -1e-06
-6.16086539400729 -1e-06
-6.0998667267399 -1e-06
-6.03947200667316 -1e-06
-5.97967525413184 -1e-06
-5.92047054864539 -1e-06
-5.86185202836177 -1e-06
-5.8038138894671 -1e-06
-5.74635038561099 -1e-06
-5.68945582733762 -1e-06
-5.63312458152239 -1e-06
-5.57735107081425 -1e-06
-5.52212977308341 -1e-06
-5.46745522087467 -1e-06
-5.41332200086601 -1e-06
-5.35972475333268 -1e-06
-5.30665817161651 -1e-06
-5.25411700160051 -1e-06
-5.20209604118862 -1e-06
-5.15059013979072 -1e-06
-5.09959419781259 -1e-06
-5.04910316615108 -1e-06
-4.99911204569414 -1e-06
-4.94961588682588 -1e-06
-4.90060978893651 -1e-06
-4.85208889993714 -1e-06
-4.80404841577935 -1e-06
-4.75648357997955 -1e-06
-4.70938968314807 -1e-06
-4.66276206252284 -1e-06
-4.61659610150777 -1e-06
-4.57088722921561 -1e-06
-4.52563092001545 -1e-06
-4.48082269308461 -1e-06
-4.43645811196496 -1e-06
-4.39253278412372 -1e-06
-4.34904236051854 -1e-06
-4.30598253516687 -1e-06
-4.26334904471967 -1e-06
-4.22113766803928 -1e-06
-4.17934422578146 -1e-06
-4.13796457998165 -1e-06
-4.09699463364519 -1e-06
-4.05643033034178 -1e-06
-4.01626765380374 -1e-06
-3.97650262752845 -1e-06
-3.93713131438461 -1.05041342006072e-06
-3.89814981622238 -1.18873313829218e-06
-3.85955427348751 -1.34344185442527e-06
-3.82134086483912 -1.51615931139035e-06
-3.7835058067714 -1.70863736497961e-06
-3.74604535323901 -1.92276852986632e-06
-3.70895579528615 -2.16059491974426e-06
-3.67223346067936 -2.42431759434497e-06
-3.63587471354392 -2.7163063214965e-06
-3.59987595400388 -3.0391097596016e-06
-3.56423361782562 -3.39546607195192e-06
-3.52894417606497 -3.78831397396093e-06
-3.4940041347178 -4.22080422575983e-06
-3.45941003437406 -4.69631156478926e-06
-3.4251584498753 -5.21844708799669e-06
-3.39124598997555 -5.79107108065543e-06
-3.35766929700549 -6.41830631215296e-06
-3.32442504654009 -7.1045516712806e-06
-3.2915099470694 -7.85449642799589e-06
-3.25892073967267 -8.67313474137235e-06
-3.22665419769571 -9.56578068882522e-06
-3.1947071264314 -1.05380836288739e-05
-3.16307636280337 -1.15960439636566e-05
-3.13175877505284 -1.27460293111265e-05
-3.10075126242855 -1.39947909246001e-05
-3.07005075487975 -1.53494804814728e-05
-3.03965421275223 -1.68176671179683e-05
-3.00955862648736 -1.84073547112385e-05
-2.97976101632412 -2.01269993191205e-05
-2.95025843200408 -2.19855267418823e-05
-2.92104795247928 -2.39923503749201e-05
-2.89212668562305 -2.61573888912896e-05
-2.86349176794362 -2.84910840569114e-05
-2.83514036430061 -3.10044185088094e-05
-2.80706966762437 -3.37089333217519e-05
-2.77927689863799 -3.66167456142211e-05
-2.75175930558217 -3.97405658822577e-05
-2.72451416394274 -4.30937149964364e-05
-2.69753877618093 -4.66901409977679e-05
-2.67083047146627 -5.05444360488037e-05
-2.64438660541214 -5.46718520567361e-05
-2.618204559814 -5.90883163503029e-05
-2.5922817423901 -6.3810448221443e-05
-2.56661558652486 -6.88555724248488e-05
-2.54120355101471 -7.42417364020078e-05
-2.51604311981654 -7.99877214872766e-05
-2.49113180179856 -8.61130593766162e-05
-2.46646713049362 -9.2638046339369e-05
-2.44204666385507 -9.95837557623808e-05
-2.41786798401492 -0.000106972051789029
-2.39392869704448 -0.000114825605618669
-2.3702264327173 -0.00012316790747323
-2.34675884427456 -0.000132023281989083
-2.32352360819263 -0.00014141690479287
-2.3005184239531 -0.000151374815301667
-2.27774101381495 -0.000161923938500931
-2.25518912258906 -0.000173092099527984
-2.23286051741491 -0.000184908047451826
-2.21075298753952 -0.000197401473103792
-2.18886434409853 -0.000210603032121415
-2.16719241989954 -0.000224544389674863
-2.14573506920746 -0.000239258221270329
-2.12449016753214 -0.000254778265876942
-2.10345561141796 -0.000271139356439885
-2.0826293182356 -0.000288377460836433
-2.06200922597584 -0.000306529727645441
-2.04159329304539 -0.000325634529018663
-2.02137949806474 -0.000345731544543554
-2.00136583966806 -0.000366861761481698
-1.98155033630501 -0.000389067601332258
-1.96193102604457 -0.000412392959803837
-1.94250596638076 -0.000436883291459348
-1.92327323404036 -0.000462585689214734
-1.90423092479243 -0.000489549001710672
-1.88537715325983 -0.000517823834978112
-1.86671005273251 -0.000547462825732224
-1.84822777498268 -0.000578520568575238
-1.82992849008186 -0.000611053862051676
-1.81181038621967 -0.000645121759784011
-1.79387166952442 -0.000680785751718301
-1.77611056388557 -0.000718109774055165
-1.75852531077779 -0.000757160533449708
-1.74111416908692 -0.000798007476791182
-1.72387541493754 -0.000840723032906261
-1.70680734152232 -0.000885382699894236
-1.68990825893299 -0.000932065263387818
-1.67317649399306 -0.000980852691229398
-1.65661039009214 -0.00103183092281323
-1.64020830702192 -0.00108508896170858
-1.62396862081378 -0.0011407199711103
-1.607889723578 -0.00119882083561857
-1.59197002334456 -0.00125949254923444
-1.5762079439055 -0.00132284012565241
-1.56060192465891 -0.00138897282442464
-1.54515042045437 -0.00145800405126698
-1.52985190143997 -0.0015300515049969
-1.51470485291086 -0.00160523730274371
-1.49970777515927 -0.00168368773079081
-1.48485918332601 -0.00176553338815388
-1.47015760725347 -0.00185090903302058
-1.45560159134007 -0.00193995368531235
-1.44118969439611 -0.00203281000466219
-1.4269204895011 -0.00212962464002527
-1.41279256386247 -0.0022305480262059
-1.39880451867572 -0.00233573388675058
-1.38495496898586 -0.00244533671422065
-1.37124254355036 -0.00255952124079362
-1.36445421412684 -0.00261823114677719
-1.35766588470332 -0.00267844390235703
-1.35094476646222 -0.00273957988938944
-1.34422364822111 -0.00280227044680054
-1.33756907570517 -0.00286591390261326
-1.33091450318922 -0.00293116592405673
-1.32432581752987 -0.00299739953022434
-1.31773713187051 -0.00306529632508862
-1.31121368072264 -0.00313420307128203
-1.30469022957477 -0.00320482818390656
-1.29823136705212 -0.00327649112777759
-1.29177250452947 -0.00334992680554399
-1.28537759114071 -0.00342442936606574
-1.28218013444633 -0.00346236283033778
-1.27898267775195 -0.00350076001589827
-1.27581687904464 -0.00353923870284724
-1.27265108033733 -0.00357818242883771
-1.26948528163003 -0.00361759739882035
-1.26631948292272 -0.00365748937550108
-1.26318502875707 -0.0036974619073065
-1.26005057459142 -0.0037379131907018
-1.25691612042577 -0.00377885005900066
-1.25534889334295 -0.00379950186972015
-1.25378166626012 -0.00382027734806521
-1.25067824629413 -0.00386178360659166
-1.24757482632814 -0.00390378289650062
-1.24447140636215 -0.00394628053407198
-1.24136798639616 -0.00398928209353871
-1.23522260032489 -0.00407594781910667
-1.22907721425363 -0.00416465902144278
-1.22299267358901 -0.00425455972606935
-1.21690813292438 -0.00434655765898594
-1.20485953754889 -0.00453513023856883
-1.19293023519692 -0.00473049542295486
-1.18111904474943 -0.00493280326487903
-1.16942479678161 -0.00514216966691096
-1.15784633344714 -0.005358709030266
-1.14638250836351 -0.00558252539734546
-1.13503218649852 -0.00581371187883015
-1.12379424405794 -0.00605234984971917
-1.1126675683742 -0.00629850820659824
-1.10165105779624 -0.00655224236958193
-1.09074362158043 -0.0068135934715795
-1.07994417978261 -0.00708258780718319
-1.0692516631511 -0.00735923618762624
-1.05866501302089 -0.00764353275208186
-1.0481831812088 -0.00793545534527232
-1.0378051299097 -0.00823496396605586
-1.02752983159376 -0.00854200174710916
-1.01735626890472 -0.00885649323507553
-1.00728343455913 -0.00917834534821694
-0.997310331246659 -0.00950744524391131
-0.987435971531345 -0.00984366446332688
-0.977659377753807 -0.0101868538796867
-0.967979581934463 -0.010536848266441
-0.958395625677686 -0.0108934640294476
-0.948906560076917 -0.0112565006136568
-0.93951144562071 -0.0116257293180936
-0.930209352099712 -0.0120009570495308
-0.92560435530714 -0.0121902460050905
-0.920999358514567 -0.012381892510403
-0.916439955749644 -0.012573944998929
-0.91188055298472 -0.0127682911007081
-0.907366292821429 -0.0129629670070893
-0.902852032658138 -0.0131598795012392
-0.898382468140029 -0.0133570334917351
-0.893912903621919 -0.0135563696400311
-0.891700247919885 -0.0136558498923765
-0.88948759221785 -0.0137558611406394
-0.887274936515815 -0.0138563992398444
-0.885062280813781 -0.013957463833281
-0.882871532593945 -0.0140580446699675
-0.880680784374109 -0.0141591381762432
-0.878490036154273 -0.0142607429410057
-0.876299287934437 -0.0143628571168991
-0.874130230291035 -0.0144644602203909
-0.871961172647633 -0.0145665575880165
-0.867623057360828 -0.014772235818447
-0.863327893710527 -0.0149778006448377
-0.859032730060226 -0.0151852712731768
-0.8547800927827 -0.0153925470091358
-0.8505274555051739 -0.0156016426004672
-0.842106391589282 -0.0160210292921503
-0.833768704543843 -0.0164430643751213
-0.82551356885529 -0.0168674461869957
-0.817340167183456 -0.017293826783565
-0.809247690280649 -0.0177218742252968
-0.801235336911534 -0.0181512571702375
-0.793302313773796 -0.0185816507967153
-0.7854478354195999 -0.0190127341581714
-0.777671124177822 -0.0194441938719291
-0.7699714100770511 -0.0198757223108766
-0.762347930769357 -0.0203070244852208
-0.7547999314548089 -0.0207378111388272
-0.747326664806742 -0.0211678061863084
-0.739927390897764 -0.021596741736209
-0.732601377126499 -0.0220243721016019
-0.725347898145049 -0.0224504486544599
-0.718166235787177 -0.0228747465440497
-0.711055678997205 -0.0232970449441186
-0.704015523759609 -0.0237171660197885
-0.697045073029316 -0.0241348944640029
-0.690143636662689 -0.0245500734513796
-0.6833105313491969 -0.0249625385970465
-0.6765450805437589 -0.0253721521794763
-0.669846614399762 -0.0257787806581919
-0.663214469702734 -0.0261823079902054
-0.656647989804688 -0.0265826305305879
-0.650146524559097 -0.0269796576613765
-0.643709430256531 -0.027373313575694
-0.637336069560922 -0.0277635356007104
-0.631025811446457 -0.0281502670745654
-0.624778031135106 -0.0285334708051724
-0.618592110034759 -0.0289131167750115
-0.612467435677979 -0.0292891875179942
-0.606403401661365 -0.0296616686267525
-0.60039940758551 -0.0300305693573863
-0.5944548589955549 -0.0303958958136859
-0.588569167322331 -0.0307576762902921
-0.582741749824091 -0.0311159276447925
-0.576972029528803 -0.0314706919987906
-0.571259435177032 -0.0318220110162594
-0.565603401165378 -0.0321699381973672
-0.560003367490474 -0.0325145290121335
-0.554458779693538 -0.0328558453152335
-0.548969088805484 -0.0331939592218164
-0.543533751292558 -0.0335289416275802
-0.538152229002533 -0.0338608740604595
-0.532823989111418 -0.0341898390989682
-0.527548504070711 -0.0345159227205543
-0.52232525155516 -0.034839215802233
-0.517153714411049 -0.0351598116091536
-0.512033380604999 -0.0354778023620208
-0.506963743173267 -0.0357932975735753
-0.501944300171551 -0.036106385502084
-0.496974554625298 -0.0364171709953572
-0.492054014480493 -0.0367257571278653
-0.487182192554944 -0.0370322355933845
-0.482358606490043 -0.0373367210963046
-0.477582778703013 -0.037639317042924
-0.472854236339617 -0.0379401054842084
-0.468172511227344 -0.0382391984562557
-0.463537139829053 -0.0385366882067203
-0.458947663197082 -0.0388326703959173
-0.454403626927804 -0.0391272241658039
-0.449904581116638 -0.0394204672260471
-0.445450080313503 -0.0397124570590982
-0.441039683478716 -0.0400032828939751
-0.436672953939322 -0.0402930210245069
-0.432349459345864 -0.0405817431294154
-0.428068771629568 -0.0408695191678866
-0.423830466959968 -0.0411564068731909
-0.419634125702939 -0.0414424692437085
-0.415479332379147 -0.0417277524704546
-0.411365675622918 -0.0420123086237612
-0.407292748141503 -0.042296175622358
-0.403260146674756 -0.0425793871745896
-0.399267471955204 -0.0428619798405822
-0.395314328668518 -0.0431439737104827
-0.391400325414375 -0.0434253899808231
-0.387525074667698 -0.0437062413061627
-0.383688192740295 -0.0439865371116782
-0.379889299742866 -0.0442662829963201
-0.376128019547392 -0.0445454761792161
-0.372403979749893 -0.0448241141961496
-0.368716811633558 -0.0451021871007575
-0.365066150132235 -0.0453796825119751
-0.361451633794292 -0.0456565820232358
-0.357872904746824 -0.0459328722747169
-0.354329608660222 -0.0462085240073761
-0.350821394713091 -0.0464835189154373
-0.347347915557516 -0.0467578272083927
-0.343908827284669 -0.0470314211313917
-0.340503789390762 -0.0473042770648185
-0.337132464743328 -0.047576357279542
-0.33379451954785 -0.0478476373557423
-0.330489623314703 -0.0481180859538648
-0.327217448826438 -0.048387673762111
-0.323977672105385 -0.0486563706154596
-0.320769972381569 -0.0489241541658068
-0.317594032060959 -0.0491909912143585
-0.314449536694019 -0.0494568631748326
-0.311336174944573 -0.0497217421025679
-0.308253638558984 -0.0499856130530646
-0.305201622335627 -0.0502484520967168
-0.30217982409468 -0.0505102521936544
-0.299187944648198 -0.0507709945274281
-0.296225687770494 -0.0510306733346333
-0.293292760168805 -0.0512892761912508
-0.290388871454263 -0.0515468047389437
-0.287513734113132 -0.0518032568453221
-0.284667063478348 -0.0520586338837851
-0.281848577701335 -0.052312943294448
-0.279057997724094 -0.052566187031474
-0.276295047251578 -0.0528183811006823
-0.273559452724335 -0.0530695368418311
-0.27085094329142 -0.0533196685634747
-0.268169250783585 -0.0535687955300489
-0.265514109686717 -0.0538169355392895
-0.262885257115562 -0.0540641117833172
-0.260282432787685 -0.0543103420387206
-0.257705378997708 -0.0545556584219256
-0.25515384059179 -0.0548000762365653
-0.252627564942366 -0.055043623804392
-0.250126301923135 -0.0552863285282281
-0.247649803884292 -0.0555282151531363
-0.245197825628012 -0.0557693057565871
-0.24277012438417 -0.0560096275366212
-0.240366459786307 -0.0562492027617557
-0.237986593847829 -0.0564880564428234
-0.235630290938444 -0.0567262027893122
-0.233297317760836 -0.0569636663099984
-0.23098744332756 -0.0572004637348953
-0.228700438938179 -0.0574366044634206
-0.226436078156613 -0.0576721090200591
-0.224194136788725 -0.0579069800325346
-0.221974392860124 -0.0581412272834525
-0.219776626594182 -0.0583748524942524
-0.217600620390279 -0.0586078573291497
-0.215446158802257 -0.0588402345917029
-0.213313028517086 -0.0590719791140026
-0.211201018333748 -0.0593030720439599
-0.209109919142325 -0.0595334949905164
-0.207039523903292 -0.059763206351423
-0.204989627627022 -0.0599921346667291
-0.202960027353487 -0.0602203370032137
-0.200950522132166 -0.0604459346828325
-0.198960913002144 -0.0606792441120246
-0.19699100297242 -0.0609079822751143
-0.195040597002396 -0.0611345952709844
-0.19310950198257 -0.0613602562566897
-0.191197526715416 -0.0615850015434414
-0.189304481896452 -0.0618088483054138
-0.187430180095497 -0.0620317848054339
-0.185574435738115 -0.0622537958829661
-0.183737065087243 -0.0624748531657178
-0.181917886224993 -0.062694935321128
-0.180116719034647 -0.0629140061091791
-0.178333385182818 -0.063132040509899
-0.1765677081018 -0.0633490063017653
-0.17481951297208 -0.0635648774593977
-0.173088626705029 -0.0637796224139292
-0.171374877925772 -0.0639932137417625
-0.169678096956209 -0.0642056262113673
-0.167998115798227 -0.0644168322969736
-0.166334768117057 -0.0646268124727943
-0.164687889224809 -0.064835543924647
-0.163057316064167 -0.0650430081885974
-0.161442887192244 -0.0652491897832167
-0.159844442764598 -0.0654540689737317
-0.158261824519404 -0.065657649699656
-0.156694875761787 -0.0658599126031919
-0.155143441348303 -0.0660608560715387
-0.153607367671588 -0.0662604690316227
-0.152086502645136 -0.0664587700169731
-0.150580695688254 -0.0666557466160524
-0.149089797711142 -0.0668514103807261
-0.147613661100141 -0.0670457756676137
-0.14615213970311 -0.0672388543283097
-0.14470508881496 -0.0674306594317747
-0.143272365163327 -0.0676212063507429
-0.141853826894383 -0.0678105341346717
-0.140449333558795 -0.0679986476681338
-0.139058746097817 -0.0681855886265454
-0.137681926829522 -0.0683713686889631
-0.13631873943517 -0.0685560391413223
-0.134969048945713 -0.0687396168263559
-0.133632721728429 -0.0689221467619886
-0.132309625473692 -0.0691036685294253
-0.130999629181873 -0.0692842092858474
-0.129702603150369 -0.0694638180445127
-0.128418418960762 -0.06964252824791
-0.127146949466101 -0.0698203888465405
-0.125888068778317 -0.0699974376233043
-0.12464165225576 -0.0701737177238031
-0.123407576490851 -0.070349272926492
-0.122185719297873 -0.0705241407424312
-0.120975959700864 -0.0706983634157149
-0.119778177921647 -0.0708719900395943
-0.118592255367968 -0.0710450548638746
-0.11741807462175 -0.0712175976788004
-0.116255519427476 -0.071389657605395
-0.115104474680669 -0.0715612781854555
-0.113964826416504 -0.071732483470745
-0.112836461798519 -0.0719033126968635
-0.111719269107444 -0.0720738009945779
-0.110613137730143 -0.0722439787711019
-0.109517958148656 -0.0724138745116409
-0.108433621929363 -0.0725835178215072
-0.10736002171224 -0.0727529225416359
-0.106297051200238 -0.0729221378316019
-0.10524460514875 -0.0730911678031805
-0.104202579355198 -0.0732600359074724
-0.103170870648711 -0.0734287590552904
-0.102149376879912 -0.0735973558860174
-0.101137996910804 -0.0737658418429574
-0.100136630604756 -0.0739342330230727
-0.0991451788165905 -0.0741025348683587
-0.0981635433827629 -0.074270771107928
-0.0971916271116464 -0.0744389377464192
-0.0962293337739073 -0.0746070547591066
-0.0952765680929776 -0.0747751313333137
-0.0943332357356213 -0.0749431697406185
-0.0933992433025954 -0.0751111761031649
-0.0924744983194014 -0.0752791642612234
-0.0915589092271301 -0.0754471469830101
-0.09065238537339609 -0.075615119516733
-0.08975483700336249 -0.0757831091621687
-0.0888661752508539 -0.0759511074631734
-0.0879863121295584 -0.0761191323133446
-0.0871151605243152 -0.0762871946892048
-0.0862526341824903 -0.0764553103541407
-0.085398647705436 -0.0766234972824951
-0.0845531165400356 -0.076791773362172
-0.08371595697033229 -0.0769601525957058
-0.08288708610923989 -0.0771286592149054
-0.0820664218903365 -0.0772973223245091
-0.0812538830597391 -0.0774661605342268
-0.08044938916805849 -0.0776352136972649
-0.0796528605624342 -0.0778045067790754
-0.0788642183786477 -0.0779740772433929
-0.07808338453331461 -0.0781439756424987
-0.07731028171615301 -0.0783142308760498
-0.0765448333823297 -0.0784848928150826
-0.07578696374488091 -0.0786560198407421
-0.07503659776720881 -0.0788276532735197
-0.07429366115565229 -0.0789998550451986
-0.073558080352131 -0.0791726839422357
-0.0728297825268624 -0.0793461986740255
-0.0721086955711509 -0.079520473156094
-0.0713947480902484 -0.079695570128865
-0.0706878693962855 -0.0798715608130625
-0.0699879895012728 -0.0800485193330981
-0.0692950391101711 -0.0802265256333929
-0.0686089496140308 -0.0804056548941461
-0.0679296530831988 -0.0805859872982264
-0.06725708226059279 -0.0807676084356732
-0.06659117055504241 -0.080950588509637
-0.0659318520346955 -0.0811350315081433
-0.0652790614204906 -0.0813210056654079
-0.0646327340796936 -0.0815086023701041
-0.0639928060194986 -0.0816979082043348
-0.0633592138806917 -0.0818890007124052
-0.0627318949313779 -0.0820819718079111
-0.0621107870607702 -0.082276900023436
-0.0614958287730398 -0.0824738677910809
-0.0608869591812276 -0.0826729411355172
-0.0602841180012154 -0.0828742314981962
-0.0596872455457578 -0.0830777822280447
-0.0590962827185721 -0.083283677793969
-0.0585111710084872 -0.0834919867624718
-0.0579318524836507 -0.083702776372579
-0.0573582697857928 -0.0839161088106343
-0.0567903661245473 -0.0841320456885166
-0.056228085271829 -0.0843506438819305
-0.0556713715562664 -0.0845719555624702
-0.0551201698576895 -0.0847960231557527
-0.0545744256016727 -0.0850229193541574
-0.0540340847541314 -0.085252651924631
-0.0534990938159717 -0.0854852733095823
-0.0529693998177938 -0.0857208199058401
-0.0524449503146473 -0.0859593213279483
-0.0519256933808389 -0.0862008027614629
-0.051411577604791 -0.0864452839383699
-0.0509025520839515 -0.0866928031689731
-0.0503985664197539 -0.0869433552702871
-0.0498995707126277 -0.0871969784415567
-0.0494055155570571 -0.0874536811771246
-0.0489163520366902 -0.0877134739090717
-0.0484320317194952 -0.0879763546054203
-0.0479525066529656 -0.088242335615647
-0.0474777293593719 -0.0885114361305622
-0.0470076528310613 -0.0887836591462037
-0.0465422305258032 -0.0890590052074037
-0.0460814163621814 -0.0893374787893133
-0.0456251647150311 -0.0896191012237971
-0.0451734304109219 -0.0899038820564228
-0.044726168723685 -0.0901918123423928
-0.0442833353699852 -0.0904829112389383
-0.0438448865049358 -0.0907771891733755
-0.0434107787177582 -0.0910746641167262
-0.0429809690274834 -0.0913753498656762
-0.0425554148786964 -0.0916792474614029
-0.0421340741373232 -0.0919864044259603
-0.0417169050864586 -0.0922968305718023
-0.0413038664222363 -0.0926105567825796
-0.0408949172497389 -0.0929276092300169
-0.0404900170789494 -0.0932480191705751
-0.0400891258207419 -0.0935718174007693
-0.0396922037829128 -0.0938990525666986
-0.0392992116662503 -0.0942297564655181
-0.0389101105606439 -0.0945639632357708
-0.0385248619412316 -0.0949017232759702
-0.0381434276645857 -0.0952430954738739
-0.0377657699649363 -0.095588106385808
-0.037391851450432 -0.0959368345896936
-0.0370216350994376 -0.0962892798306703
-0.036655084256869 -0.0966455677395901
-0.0362921626305633 -0.0970056836802982
-0.0359328342876865 -0.0973697264157715
-0.0355770636511747 -0.097737715872497
-0.0352248154962126 -0.098109717125273
-0.0348760549467451 -0.0984857653979009
-0.0345307474720249 -0.0988659453266283
-0.0341888588831929 -0.0992502488129572
-0.033850355329894 -0.0996388024523148
-0.0335152032969248 -0.100031574094152
-0.0331833696009156 -0.100428617879901
-0.0328548213870451 -0.10083000092188
-0.0325295261257873 -0.101235724187281
-0.0322074516096904 -0.101645826073009
-0.0318885659501885 -0.102060328765646
-0.031572837574444 -0.102479246083116
-0.0312602352222218 -0.102902613396413
-0.0309507279427939 -0.103330413153903
-0.0306442850918751 -0.103762664879529
-0.0303408763285892 -0.104199373285902
-0.0300404716124646 -0.104640519968398
-0.02974304120046 -0.105086111349773
-0.0294485556440198 -0.105536115409072
-0.0291569857861582 -0.105990529140932
-0.0288683027585725 -0.106449322452136
-0.0285824779787846 -0.106912458916981
-0.0282994831473115 -0.107379932186289
-0.0280192902448629 -0.107851655215684
-0.0277418715295672 -0.108327634070797
-0.027467199534225 -0.108807823365067
-0.0271952470635891 -0.109292170841599
-0.0269259871916724 -0.109780619350682
-0.0266593932590815 -0.110273107997002
-0.0263954388703778 -0.110769630809045
-0.0261340978914631 -0.111270097144795
-0.0258753444469932 -0.111774470179944
-0.025619152917815 -0.11228269296185
-0.0253654979384307 -0.112794686979056
-0.0251143543944859 -0.113310424633927
-0.024865697420283 -0.113829849595884
-0.0246195023963198 -0.114352918719954
-0.0243757449468513 -0.114879563609332
-0.0241344009374766 -0.115409733903632
-0.0238954464727491 -0.115943397413887
-0.023658857893811 -0.116480500700165
-0.0234246117760505 -0.117021004565118
-0.0231926849267826 -0.117564844649271
-0.0229630543829531 -0.11811202036114
-0.0227356974088645 -0.118662478378789
-0.0225105914939252 -0.119216186550912
-0.022287714350421 -0.11977311526654
-0.0220670439113079 -0.12033323616545
-0.0218485583280276 -0.120896524132459
-0.0216322359683442 -0.121462960262245
-0.0214180554142022 -0.122032522249123
-0.0212059954596061 -0.122605193528034
-0.0209960351085209 -0.123180961261567
-0.020788153572793 -0.1237597894334
-0.0205823302700921 -0.124341705142437
-0.0203785448218733 -0.12492667438605
-0.0201767770513597 -0.125514681339222
-0.0199770069815443 -0.126105731790751
-0.0197792148332122 -0.126699802796832
-0.0195833810229823 -0.127296891421251
-0.0193894861613687 -0.127896999578265
-0.0191975110508601 -0.128500102378356
-0.0190074366840199 -0.129106200271994
-0.0188192442416038 -0.129715274445265
-0.0186329150906968 -0.130327318964612
-0.0184484307828682 -0.130942318366688
-0.0182657730523447 -0.13156026671989
-0.0180849238142027 -0.132181127557865
-0.0179058651625769 -0.1328048777043
-0.017728579368888 -0.133431518008933
-0.0175530488800872 -0.134061018878496
-0.017379256316918 -0.134693346914212
-0.017207184472196 -0.135328474896501
-0.017036816309105 -0.135966370946245
-0.0168681349595099 -0.136606999316793
-0.016701123722287 -0.137250322721982
-0.0165357660616703 -0.137896298840343
-0.0163720456056142 -0.138544886260654
-0.0162099461441724 -0.139196042400202
-0.0160494516278935 -0.139849712293272
-0.0158905461662312 -0.140505848595045
-0.0157332140259715 -0.141164399353482
-0.0155774396296747 -0.141825297108089
-0.0154232075541334 -0.142488499098268
-0.0152705025288449 -0.143153938806921
-0.0151193094344999 -0.143821554485842
-0.0149696133014851 -0.144491293354465
-0.0148213993084011 -0.145163058519867
-0.0146746527805951 -0.145836815022794
-0.014529359188708 -0.146512498843673
-0.0143855041472357 -0.147189993806189
-0.0142430734131046 -0.147869281647573
-0.014102052884262 -0.148550277607609
-0.0139624285982792 -0.149232907604497
-0.0138241867309695 -0.149917104680902
-0.0136873135950193 -0.150602808076293
-0.013551795638633 -0.151289896352654
-0.0134176194441911 -0.151978353715194
-0.0132847717269219 -0.152668093153933
-0.013153239333586 -0.153359038109819
-0.0130230092411743 -0.154051120771645
-0.0128940685556181 -0.154744270974171
-0.012766404510513 -0.155438418051364
-0.0126400044658544 -0.156133497600486
-0.0125148559067866 -0.156829433757463
-0.0123909464423629 -0.157526160459752
-0.0122682638043197 -0.158223608770432
-0.0121467958458611 -0.158921712727084
-0.0120265305404566 -0.159620405237317
-0.0119074559806501 -0.160319628288256
-0.0117895603768812 -0.161019303906483
-0.0116728320563181 -0.161719368269763
-0.0115572594617011 -0.162419766110346
-0.0114428311501991 -0.163120427131122
-0.0113295357922763 -0.163821294601537
-0.0112173621705706 -0.164522272160068
-0.0111062991787828 -0.165223366781985
-0.010996335820577 -0.16592445481426
-0.0108874612084921 -0.166625491652758
-0.0107796645628634 -0.167326417335395
-0.0106729352107559 -0.168027171557612
-0.0105672625849068 -0.168727695610308
-0.01046263622268 -0.169427916939676
-0.0103590457650297 -0.170127791459969
-0.010256480955475 -0.170827244569159
-0.0101549316390841 -0.171526221280935
-0.0100543877614694 -0.17222466025979
-0.00995483936779152 -0.172922509107535
-0.009856276601773781 -0.173619691698941
-0.009758689704726511 -0.17431616108061
-0.00966206901458071 -0.175011857204259
-0.009566404964931391 -0.175706717478013
-0.00947168808409049 -0.176400680917839
-0.009377908994149 -0.177093693058956
-0.00928505841004851 -0.177785697509001
-0.00919312713866189 -0.178476630649199
-0.00910210607788306 -0.17916643666181
-0.0090119862157258 -0.179855061659638
-0.008922758629431491 -0.180542448242363
-0.008834414484585631 -0.181228536939985
-0.008746945034243199 -0.181913271011645
-0.008660341618062581 -0.182596610611172
-0.0085745956614481 -0.183278483731522
-0.00848969867470108 -0.183958843892999
-0.008405642252179289 -0.184637644112911
-0.00832241807146464 -0.185314823831213
-0.00824001789253925 -0.185990338587167
-0.00815843355696956 -0.186664134854238
-0.00807765698709857 -0.18733616542347
-0.00799768018524611 -0.188006382714056
-0.00791849523291694 -0.188674739651298
-0.00784009429001677 -0.189341190345359
-0.00776246959407601 -0.190005692480716
-0.0076856134594812 -0.190668198433729
-0.00760951827671406 -0.191328670184617
-0.00753417651159808 -0.191987065173546
-0.00745958070455255 -0.192643345752142
-0.00738572346985401 -0.193297469951167
-0.00731259749490496 -0.193949404153236
-0.00724019553950986 -0.194599109313855
-0.00716851043515828 -0.195246553156641
-0.00709753508431513 -0.195891702598008
-0.00702726245971795 -0.19653452307468
-0.00695768560368114 -0.197174986615773
-0.00688879762740707 -0.197813062868009
-0.00682059171030403 -0.198448723774607
-0.00675306109931092 -0.19908194344909
-0.00668619910822863 -0.199712694716153
-0.00661999911705805 -0.200340954422391
-0.0065544545713446 -0.200966698945075
-0.00648955898152931 -0.201589906634039
-0.00642530592230625 -0.20221055679475
-0.00636168903198638 -0.202828629891054
-0.00629870201186771 -0.203444108148017
-0.00623633862561159 -0.204056973128028
-0.00617459269862534 -0.204667209421811
-0.00611345811745083 -0.205274801798565
-0.00605292882915924 -0.205879736157433
-0.00599299884075172 -0.206481999714594
-0.00593366221856606 -0.20708158036476
-0.00587491308768917 -0.207678462920251
-0.00581674563137541 -0.208272644978491
-0.0057591540904707 -0.208864111516435
-0.00570213276284228 -0.20945285516086
-0.00564567600281414 -0.210038868174631
-0.00558977822060806 -0.210622143468462
-0.00553443388179016 -0.211202674356309
-0.00547963750672293 -0.211780457677048
-0.0054253836700227 -0.212355484450749
-0.00537166700002248 -0.212927753141728
-0.00531848217824008 -0.213497259507325
-0.00526582393885156 -0.214064000459575
-0.00521368706816986 -0.214627964584188
-0.00516206640412858 -0.215189176766109
-0.00511095683577087 -0.215747608547983
-0.00506035330274343 -0.216303267961807
-0.00501025079479548 -0.216856151542696
-0.00496064435128265 -0.217406268121421
-0.00491152906067589 -0.217953608569155
-0.00486290006007514 -0.218498175161753
-0.00481475253472786 -0.219039975108793
-0.00476708171755234 -0.219579002777547
-0.00471988288866568 -0.22011526222536
-0.00467315137491651 -0.220648757071582
-0.00462688254942229 -0.221179486249259
-0.00458107183111118 -0.221707456288752
-0.00453571468426849 -0.222232666304095
-0.00449080661808762 -0.222755150279188
-0.00444634318622536 -0.223274853477921
-0.00440231998636175 -0.223791806956122
-0.00435873265976411 -0.224306015138943
-0.00431557689085555 -0.22481748180169
-0.00427284840678767 -0.22532615883867
-0.0042305429770175 -0.225832206547504
-0.00418865641288861 -0.226335472953211
-0.00414718456721645 -0.226836014544254
-0.00410612333387767 -0.227333835829829
-0.00406546864740364 -0.227828941444737
-0.00402521648257786 -0.228321336134065
-0.00398536285403748 -0.228810992279712
-0.0039459038158787 -0.229297980950827
-0.00390683546126603 -0.22978227174043
-0.00386815392204558 -0.230263871507164
-0.00382985536836196 -0.230742786800753
-0.00379193600827917 -0.23121902212497
-0.00375439208740512 -0.231692580543736
-0.00371721988851992 -0.23216347137883
-0.00368041573120784 -0.23263169704658
-0.00364397597149291 -0.233097264217065
-0.00360789700147813 -0.233560178142023
-0.00357217524898825 -0.234020445259359
-0.00353680717721609 -0.234478070941241
-0.00350178928437236 -0.234933060995732
-0.00346711810333897 -0.235385421326414
-0.00343279020132572 -0.235835157520797
-0.00339880217953041 -0.236282276313139
-0.00336515067280239 -0.236726782484676
-0.00333183234930929 -0.237168683029568
-0.00329884391020722 -0.237607983730408
-0.00326618208931408 -0.238044690731252
-0.00323384365278622 -0.238478810212896
-0.00320182539879824 -0.238910348398152
-0.00317012415722598 -0.239339311553254
-0.00313873678933265 -0.239765705988783
-0.00310766018745807 -0.240189538147832
-0.00307689127471096 -0.240610814230592
-0.00304642700466432 -0.241029540673071
-0.00301626436105378 -0.24144572404476
-0.00298640035747899 -0.24185937076086
-0.00295683203710791 -0.242270487006347
-0.00292755647238407 -0.242679081751355
-0.0028985707647367 -0.243085156232551
-0.00286987204429376 -0.243488720301352
-0.00284145746959779 -0.243889785789655
-0.00281332422732454 -0.244288352420066
-0.0027854695320045 -0.244684429320092
-0.00275789062574703 -0.24507802336082
-0.00273058477796735 -0.245469141853434
-0.00270354928511619 -0.245857790968349
-0.00267678147041207 -0.246243978108021
-0.00265027868357631 -0.246627710326598
-0.0026240383005706 -0.247008994725524
-0.00259805772333723 -0.247387838054979
-0.00257233437954181 -0.247764248309512
-0.00254686572231862 -0.24813823233665
-0.00252164923001844 -0.248509797431236
-0.00249668240595885 -0.248878950937518
-0.00247196277817708 -0.249245700249522
-0.00244748789918523 -0.249610052811467
-0.00242325534572795 -0.249972016118101
-0.00239926271854252 -0.250331597715051
-0.00237550764212131 -0.250688805199132
-0.00235198776447654 -0.251043646218655
-0.00232870075690747 -0.251396128473687
-0.00230564431376977 -0.251746259716326
-0.0022828161522473 -0.252094047750891
-0.00226021401212604 -0.252439500434124
-0.00223783565557034 -0.252782625675368
-0.00221567886690132 -0.253123431436702
-0.00219374145237755 -0.253461925733046
-0.00217202123997777 -0.253798116632262
-0.00215051607918591 -0.25413201225521
-0.00212922384077813 -0.25446362077587
-0.00210814241661201 -0.254792950421467
-0.00208726971941783 -0.255120007851063
-0.00206660368259191 -0.255444804131669
-0.00204614225999199 -0.255767345749557
-0.00202588342573464 -0.256087646598932
-0.0020058251739947 -0.256405710912435
-0.00198596551880663 -0.256721540785746
-0.00196630249386795 -0.257035152290953
-0.00194683415234451 -0.257346552706956
-0.00192755856667773 -0.25765575178124
-0.00190847382839379 -0.257962755875162
-0.00188957804791465 -0.258267576869325
-0.00187086935437094 -0.25857022011526
-0.00185234589541677 -0.258870696708288
-0.0018340058370463 -0.259169015066638
-0.00181584736341218 -0.259465184424489
-0.00179786867664573 -0.25975921332046
-0.00178006799667894 -0.260051111105444
-0.00176244356106825 -0.260340886911143
-0.00174499362482005 -0.260628549850722
-0.00172771646021787 -0.260914109280413
-0.00171061035665136 -0.26119757440447
-0.00169367362044689 -0.26147895453682
-0.00167690457469989 -0.261758259034588
-0.00166030155910881 -0.262035497297223
-0.0016438629298107 -0.262310678765639
-0.00162758705921851 -0.262583812921317
-0.00161147233585991 -0.262854909285382
-0.00159551716421774 -0.263123977417717
-0.00157971996457202 -0.263391026915929
-0.00156407917284358 -0.263656067414383
-0.00154859324043919 -0.263919108583065
-0.00153326063409821 -0.264180160126326
-0.0015180798357408 -0.264439231781226
-0.00150304934231762 -0.264696333314724
-0.00148816766566101 -0.264951474516767
-0.00147343333233764 -0.265204665429667
-0.00145884488350261 -0.265455915714489
-0.00144440087475506 -0.265705235200344
-0.00143009987599511 -0.265952634306319
-0.00141594047128228 -0.266198121997191
-0.00140192125869533 -0.266441708918618
-0.0013880408501934 -0.26668340500344
-0.00137429787147861 -0.26692322025586
-0.00136069096186001 -0.267161164712907
-0.00134721877411882 -0.267397248436307
-0.00133387997437507 -0.26763148150947
-0.00132067324195552 -0.267863874036198
-0.00130759726926289 -0.268094436140783
-0.00129465076164642 -0.268323177971941
-0.00128183243727369 -0.26855010972715
-0.00126914102700365 -0.268775241949414
-0.00125657527426104 -0.268998581735621
-0.00124413393491192 -0.269220144768249
-0.00123181577714052 -0.269439937725047
-0.00121961958132724 -0.269657971391684
-0.00120754413992796 -0.269874256042204
-0.00119558825735442 -0.270088801915794
-0.00118375074985586 -0.270301619248117
-0.00117203044540184 -0.27051271827645
-0.00116042618356618 -0.270722109240297
-0.00114893681541206 -0.270929802380955
-0.00113756120337828 -0.271135807940611
-0.00112629822116661 -0.271340136161374
-0.00111514675363031 -0.271542797284152
-0.00110410569666367 -0.27174380154759
-0.00109317395709274 -0.271943159186873
-0.00108235045256707 -0.272140880432557
-0.00107163411145255 -0.272336975509195
-0.00106102387272529 -0.272531454633662
-0.00105051868586663 -0.272724328012595
-0.00104011751075904 -0.272915605836613
-0.00102981931758321 -0.273105298259785
-0.00101962308671605 -0.273293416179469
-0.00100952780862975 -0.273479968613045
-0.00099953248379183 -0.273664966236002
-0.0009896361225661681 -0.273848419282407
-0.000979837745115018 -0.274030337544941
-0.000970136381301998 -0.274210731428213
-0.000960531070596037 -0.274389610999882
-0.000951020861976275 -0.274566986330338
-0.000941604813837896 -0.274742867477519
-0.0009322819938989071 -0.27491726448235
-0.000923051479107828 -0.275090187366564
-0.000913912355552305 -0.275261646131364
-0.000904863718368619 -0.27543165075627
-0.000895904671652098 -0.275600211198195
-0.000887034328368414 -0.275767337390506
-0.000878251810265756 -0.275933039242204
-0.000869556247787878 -0.276097326637088
-0.000860946779987997 -0.276260209432947
-0.0008524225544435619 -0.276421697460784
-0.000843982727171843 -0.276581800524046
-0.00083562646254638 -0.276740528397887
-0.000827352933214237 -0.276897890828439
-0.000819161320014096 -0.277053897532102
-0.000811050811895145 -0.277208558194836
-0.000803020605836777 -0.277361882471498
-0.000795069906769086 -0.277513879985173
-0.000787197927494145 -0.277664560326522
-0.000779403888608064 -0.277813933053152
-0.000771687018423826 -0.277962007689009
-0.000764046552894877 -0.278108793723776
-0.000756481735539482 -0.278254300612276
-0.000748991817365824 -0.278398537773934
-0.000741576056797845 -0.278541514592211
-0.000734233719601827 -0.278683240414067
-0.00072696407881369 -0.278823724549469
-0.00071976641466702 -0.278962976270903
-0.000712640014521802 -0.279101004812901
-0.000705584172793863 -0.279237819371692
-0.000698598190885013 -0.279373429104798
-0.000691681377113875 -0.279507843131065
-0.0006848330466474 -0.279641070530971
-0.00067805252143307 -0.279773120349083
-0.000671339130131752 -0.279904001605748
-0.00066469220805124 -0.280033723384986
-0.000658111097080435 -0.280162292550861
-0.0006515951456241939 -0.280289722501274
-0.000645143708538805 -0.280416018586871
-0.000638756147068124 -0.280541190456434
-0.000632431828780321 -0.280665246298414
-0.000626170127505268 -0.280788195689666
-0.000619970423272543 -0.280910046703339
-0.000613832102250043 -0.281030808506316
-0.00060775455668321 -0.281150489306732
-0.000601737184834862 -0.281269097659289
-0.000595779390925606 -0.281386642054206
-0.000589880585074857 -0.281503130931617
-0.000584040183242433 -0.281618572684738
-0.000578257607170726 -0.281732975660763
-0.000572532284327451 -0.281846348161026
-0.000566863647848961 -0.281958698441034
-0.00056125113648412 -0.282070034710414
-0.000555694194538733 -0.282180365132716
-0.000550192271820528 -0.282289697825358
-0.000544744823584681 -0.282398040859455
-0.000539351310479882 -0.282505402259723
-0.000534011198494933 -0.282611790004335
-0.000528723958905874 -0.282717212024818
-0.0005234890682236369 -0.282821676205972
-0.000518306008142215 -0.282925190385742
-0.000513174265487342 -0.28302776235515
-0.000508093332165685 -0.283129399858219
-0.00050306270511454 -0.283230110591924
-0.0004980818862520199 -0.283329902206087
-0.000493150382427742 -0.283428782303376
-0.000488267705374002 -0.283526758439246
-0.000483433371657428 -0.283623838121873
-0.000478646902631117 -0.283720028812217
-0.000473907824387244 -0.283815337923892
-0.000469215667710143 -0.28390977282325
-0.000464569968029844 -0.284003340829336
-0.000459970265376083 -0.28409604921391
-0.000455416104332756 -0.284187905201446
-0.000450907033992828 -0.284278915969166
-0.000446442607913691 -0.284369088647087
-0.000442022384072961 -0.284458430318005
-0.000437645924824714 -0.284546948017587
-0.000433312796856152 -0.284634648711671
-0.000429022571144705 -0.284721539387232
-0.00042477482291555 -0.284807626916097
-0.000420569131599554 -0.284892918145889
-0.000416405080791638 -0.284977419877404
-0.000412282258209542 -0.28506113886468
-0.000408200255653012 -0.285144081815078
-0.000404158668963379 -0.285226255389379
-0.000400157097983543 -0.285307666201879
-0.00039619514651836 -0.285388320820497
-0.000392272422295405 -0.285468225766869
-0.000388388536926144 -0.285547387516471
-0.000384543105867469 -0.285625812498729
-0.000380735748383633 -0.285703507097162
-0.000376966087508547 -0.285780477649471
-0.000373233750008463 -0.2858567304477
-0.000369538366345013 -0.285932271738367
-0.000365879570638626 -0.2860071077226
-0.000362257000632303 -0.286081244556278
-0.000358670297655746 -0.286154688350202
-0.000355119106589847 -0.286227445170244
-0.000351603075831532 -0.286299521037516
-0.000348121857258943 -0.286370921928582
-0.000344675106196973 -0.286441653775712
-0.000341262481383142 -0.286511722467304
-0.000337883644933803 -0.286581133849041
-0.000334538262310697 -0.286649893729015
-0.000331226002287818 -0.286718007981607
-0.000327946536918632 -0.286785481710734
-0.000324699541503596 -0.286852321459966
-0.000321484694558016 -0.286918532399235
-0.000318301677780214 -0.286984120158407
-0.000315150176020014 -0.2870490902831
-0.000312029877247538 -0.287113448271825
-0.000308940472522315 -0.287177199579472
-0.000305881655962688 -0.28724034961828
-0.000302853124715533 -0.287302903758223
-0.00029985457892627 -0.287364867327291
-0.000296885721709178 -0.287426245611719
-0.000293946259117998 -0.287487043856271
-0.00029103590011683 -0.28754726726433
-0.000288154356551317 -0.28760692099824
-0.000285301343120116 -0.287666010179432
-0.000282476577346649 -0.287724539888671
-0.000279679779551138 -0.287782515166254
-0.000276910672822909 -0.287839941012258
-0.000274168982992979 -0.287896822386704
-0.00027145443860691 -0.287953164209812
-0.00026876677089793 -0.2880089713622
-0.000266105713760327 -0.288064248685134
-0.000263471003723096 -0.288119000980715
-0.000260862379923858 -0.288173233012132
-0.000258279584083027 -0.288226949503937
-0.000255722360478245 -0.28828015514237
-0.000253190455919054 -0.288332854576024
-0.000250683619721836 -0.288385052419954
-0.000248201603684986 -0.288436753068085
-0.000245744162064343 -0.288487961512395
-0.000243311051548854 -0.288538681843312
-0.000240902031236489 -0.288588918635243
-0.000238516862610385 -0.288638676314217
-0.000236155309515233 -0.288687959266941
-0.000233817138133894 -0.288736771843228
-0.000231502116964252 -0.28878511835646
-0.000229210016796289 -0.288833003084013
-0.000226940610689395 -0.288880430267381
-0.000224693673949896 -0.288927404112512
-0.000222468984108808 -0.288973928790043
-0.00022026632089981 -0.289020008435467
-0.000218085466237435 -0.289065647149413
-0.000215926204195481 -0.289110848997875
-0.000213788320985624 -0.289155618012407
-0.000211671604936262 -0.289199958190374
-0.000209575846471546 -0.289243873495191
-0.00020750083809064 -0.289287367856537
-0.000205446374347168 -0.289330445170564
-0.000203412251828879 -0.289373109300177
-0.000201398269137504 -0.289415364075191
-0.000199404226868816 -0.289457213292626
-0.000197429927592887 -0.289498660716893
-0.000195475175834542 -0.289539710080022
-0.000193539778054002 -0.289580365081911
-0.000191623542627725 -0.289620629390517
-0.00018972627982943 -0.289660506642118
-0.000187847801811317 -0.289700000441515
-0.000185987922585462 -0.289739114362247
-0.000184146458005408 -0.289777851946845
-0.000182323225747929 -0.289816216707032
-0.000180518045294979 -0.289854212123942
-0.000178730737915821 -0.289891841648357
-0.000176961126649328 -0.28992910870092
-0.000175209036286463 -0.289966016672357
-0.000173474293352934 -0.290002568923696
-0.000171756726092014 -0.290038768786469
-0.000170056164447538 -0.290074619562983
-0.000168372440047068 -0.290110124526463
-0.000166705386185215 -0.290145286921324
-0.000165054837807144 -0.290180109963369
-0.000163420631492222 -0.290214596839998
-0.000161802605437843 -0.290248750710439
-0.000160200599443409 -0.290282574705941
-0.000158614454894465 -0.290316071929996
-0.000157044014746995 -0.29034924545856
-0.000155489123511876 -0.290382098340244
-0.000153949627239481 -0.290414633596541
-0.000152425373504437 -0.290446854222028
-0.000150916211390531 -0.290478763184574
-0.000149421991475774 -0.290510363425544
-0.000147942565817598 -0.290541657860015
-0.000146477787938216 -0.290572649376972
-0.000145027512810114 -0.290603340839508
-0.000143591596841697 -0.290633735085054
-0.000142169897863067 -0.290663834925538
-0.000140762275111947 -0.290693643147634
-0.00013936858921975 -0.290723162512912
-0.000137988702197772 -0.290752395758087
-0.000136622477423537 -0.290781345595179
-0.000135269779627264 -0.290810014711725
-0.000133930474878479 -0.290838405770984
-0.000132604430572752 -0.290866521412107
-0.000131291515418566 -0.29089436425035
-0.000129991599424323 -0.290921936877245
-0.000128704553885468 -0.290949241860795
-0.000127430251371751 -0.290976281745575
-0.000126168565714605 -0.291003059052652
-0.000124919371994658 -0.291029576276281
-0.000123682546529364 -0.291055835926557
-0.000122457966860757 -0.291081840397158
-0.000121245511743324 -0.291107592156389
-0.000120045061132003 -0.291133093607218
-0.0001188564961703 -0.291158347135757
-0.000117679699178515 -0.291183355106715
-0.000116514553642094 -0.291208119863288
-0.000115360944200093 -0.291232643727236
-0.000114218756633756 -0.291256928998992
-0.000113087877855204 -0.291280977957919
-0.000111968195896241 -0.291304792862424
-0.000110859599897269 -0.291328375950178
-0.000109761980096306 -0.291351729438229
-0.000108675227818124 -0.29137485552322
-0.00010759923546349 -0.291397756381573
-0.000106533896498505 -0.291420434169596
-0.000105479105444064 -0.291442891023731
-0.00010443475786541 -0.291465129060663
-0.000103400750361792 -0.29148715037751
-0.00010237698055623 -0.291508957052005
-0.000101363347085376 -0.291530551142629
-0.000100359749589481 -0.291551934688799
-9.93660887024564e-05 -0.291573109711028
-9.838226604203611e-05 -0.291594078211066
-9.74081842000357e-05 -0.291614842172096
-9.64437467327086e-05 -0.291635403558875
-9.548885815119661e-05 -0.291655764317883
-9.45434239120759e-05 -0.291675926377492
-9.36073504079959e-05 -0.291695891648133
-9.26805449584118e-05 -0.291715662022428
-9.17629158004077e-05 -0.291735239375356
-9.08543720796116e-05 -0.291754625564418
-8.995482384119961e-05 -0.291773822429767
-8.90641820209897e-05 -0.29179283179437
-8.81823584366235e-05 -0.291811655464176
-8.730926577883521e-05 -0.291830295228206
-8.64448176028071e-05 -0.291848752858783
-8.5588928319611e-05 -0.291867030111607
-8.474151318773359e-05 -0.291885128725949
-8.39024883046868e-05 -0.29190305042477
-8.307177059869981e-05 -0.291920796914862
-8.22492778204948e-05 -0.291938369887024
-8.143492853514339e-05 -0.291955771016149
-8.062864211400339e-05 -0.291973001961407
-7.9830338726736e-05 -0.29199006436638
-7.9039939333402e-05 -0.292006959859179
-7.82573656766356e-05 -0.292023690052599
-7.74825402738966e-05 -0.292040256544246
-7.671538640979859e-05 -0.292056660916678
-7.59558281285135e-05 -0.292072904737535
-7.5203790226251e-05 -0.292088989559669
-7.44591982438129e-05 -0.292104916921292
-7.37219784592207e-05 -0.292120688346084
-7.299205788041651e-05 -0.29213630534334
-7.22693642380361e-05 -0.29215176940809
-7.155382597825361e-05 -0.292167082021224
-7.084537225569659e-05 -0.292182244649633
-7.01439329264323e-05 -0.292197258746325
-6.944943854102211e-05 -0.292212125750551
-6.876182033764561e-05 -0.292226847087924
-6.80810102352927e-05 -0.292241424170546
-6.74069408270225e-05 -0.292255858397143
-6.673954537328961e-05 -0.292270151153159
-6.607875779533621e-05 -0.292284303810898
-6.54245126686497e-05 -0.292298317729634
-6.477674521648491e-05 -0.292312194255732
-6.41353913034504e-05 -0.292325934722758
-6.350038742915879e-05 -0.292339540451609
-6.28716707219394e-05 -0.292353012750609
-6.22491789326132e-05 -0.292366352915644
-6.16328504283299e-05 -0.292379562230265
-6.10226241864653e-05 -0.292392641965798
-6.04184397885795e-05 -0.29240559338145
-5.98202374144351e-05 -0.292418417724439
-5.92279578360744e-05 -0.292431116230089
-5.86415424119548e-05 -0.292443690121945
-5.80609330811434e-05 -0.292456140611877
-5.74860723575677e-05 -0.292468468900178
-5.69169033243245e-05 -0.29248067617569
-5.6353369628044e-05 -0.292492763615897
-5.57954154733109e-05 -0.292504732387034
-5.52429856171395e-05 -0.292516583644182
-5.46960253635045e-05 -0.292528318531385
-5.41544805579252e-05 -0.292539938181726
-5.36182975821042e-05 -0.292551443717465
-5.3087423348618e-05 -0.292562836250104
-5.25618052956614e-05 -0.292574116880517
-5.2041391381843e-05 -0.292585286699011
-5.15261300810327e-05 -0.292596346785459
-5.10159703772601e-05 -0.292607298209378
-5.05108617596634e-05 -0.29261814203003
-5.00107542174885e-05 -0.292628879296517
-4.95155982351372e-05 -0.292639511047879
-4.90253447872645e-05 -0.292650038313166
-4.85399453339253e-05 -0.292660462111562
-4.80593518157676e-05 -0.292670783452462
-4.75835166492748e-05 -0.292681003335558
-4.71123927220543e-05 -0.29269112275092
-4.66459333881726e-05 -0.292701142679138
-4.61840924635372e-05 -0.292711064091337
-4.5726824221324e-05 -0.292720887949316
-4.52740833874495e-05 -0.292730615205611
-4.48258251360886e-05 -0.292740246803597
-4.43820050852362e-05 -0.292749783677568
-4.39425792923131e-05 -0.292759226752774
-4.35075042498149e-05 -0.292768576945707
-4.30767368810049e-05 -0.292777835163774
-4.26502345356484e-05 -0.292787002305948
-4.22279549857905e-05 -0.292796079262299
-4.18098564215747e-05 -0.292805066915571
-4.13958974471037e-05 -0.292813966133812
-4.09860370763403e-05 -0.292822777787893
-4.05802347290498e-05 -0.292831502731523
-4.0178450226782e-05 -0.29284014181269
-3.97806437888931e-05 -0.292848695871316
-3.9386776028607e-05 -0.292857165739054
-3.89968079491158e-05 -0.292865552239573
-3.86107009397186e-05 -0.292873856188648
-3.82284167719987e-05 -0.292882078394053
-3.78499175960383e-05 -0.292890219655821
-3.74751659366716e-05 -0.292898280766222
-3.71041246897738e-05 -0.292906262509897
-3.67367571185879e-05 -0.292914165663832
-3.63730268500871e-05 -0.292921990997554
-3.60128978713733e-05 -0.292929739273087
-3.56563345261122e-05 -0.292937411245141
-3.53033015110022e-05 -0.292945007661037
-3.49537638722794e-05 -0.292952529260923
-3.46076870022568e-05 -0.292959976777764
-3.42650366358979e-05 -0.292967350937371
-3.39257788474236e-05 -0.292974652458599
-3.35898800469541e-05 -0.292981882053254
-3.32573069771823e-05 -0.292989040426307
-3.29280267100814e-05 -0.29299612827584
-3.2602006643645e-05 -0.293003146293198
-3.22792144986584e-05 -0.293010095162997
-3.19596183155034e-05 -0.293016975563205
-3.16431864509934e-05 -0.29302378816523
-3.1329887575241e-05 -0.29303053363394
-3.10196906685555e-05 -0.29303721262776
-3.07125650183718e-05 -0.293043825798702
-3.04084802162097e-05 -0.293050373792471
-3.0107406154663e-05 -0.293056857248468
-2.98093130244188e-05 -0.293063276799894
-2.95141713113058e-05 -0.293069633073795
-2.92219517933721e-05 -0.293075926691127
-2.89326255379921e-05 -0.293082158266783
-2.86461638990021e-05 -0.29308832840971
-2.83625385138635e-05 -0.293094437722898
-2.80817213008549e-05 -0.293100486803489
-2.7803684456292e-05 -0.293106476242813
-2.75284004517743e-05 -0.293112406626437
-2.72558420314597e-05 -0.29311827853424
-2.6985982209366e-05 -0.293124092540429
-2.6718794266699e-05 -0.293129849213653
-2.64542517492069e-05 -0.293135549117
-2.61923284645613e-05 -0.293141192808078
-2.59329984797637e-05 -0.293146780839068
-2.56762361185779e-05 -0.293152313756753
-2.5422015958988e-05 -0.29315779210261
-2.51703128306812e-05 -0.293163216412822
-2.49211018125557e-05 -0.293168587218347
-2.46743582302531e-05 -0.293173905044978
-2.4430057653716e-05 -0.293179170413358
-2.41881758947683e-05 -0.293184383839067
-2.39486890047211e-05 -0.293189545832656
-2.37115732720011e-05 -0.293194656899692
-2.3476805219803e-05 -0.293199717540798
-2.32443616037654e-05 -0.293204728251727
-2.30142194096687e-05 -0.293209689523387
-2.27863558511571e-05 -0.293214601841893
-2.25607483674823e-05 -0.293219465688598
-2.23373746212696e-05 -0.293224281540191
-2.21162124963065e-05 -0.293229049868658
-2.1897240095353e-05 -0.293233771141415
-2.16804357379733e-05 -0.293238445821256
-2.14657779583894e-05 -0.293243074366533
-2.12532455033558e-05 -0.293247657230952
-2.10428173300553e-05 -0.293252194863501
-2.08344726040151e-05 -0.293256687722225
-2.06281906970447e-05 -0.293261136214511
-2.04239511851927e-05 -0.293265540805978
-2.02217338467255e-05 -0.293269901920622
-2.00215186601242e-05 -0.293274219985953
-1.98232858021032e-05 -0.293278495425629
-1.96270156456467e-05 -0.293282728659137
-1.94326887580661e-05 -0.293286920101911
-1.92402858990753e-05 -0.293291070165276
-1.90497880188865e-05 -0.293295179256606
-1.88611762563232e-05 -0.293299247779204
-1.86744319369537e-05 -0.293303276132488
-1.84895365712413e-05 -0.293307264711939
-1.83064718527141e-05 -0.29331121390918
-1.81252196561526e-05 -0.293315124111981
-1.79457620357947e-05 -0.293318995704334
-1.77680812235591e-05 -0.293322829066458
-1.75921596272862e-05 -0.293326624574875
-1.74179798289962e-05 -0.293330382602361
-1.72455245831646e-05 -0.2933341035181
-1.70747768150145e-05 -0.293337787687634
-1.69057196188262e-05 -0.293341435472917
-1.67383362562636e-05 -0.293345047232374
-1.65726101547164e-05 -0.293348623320886
-1.64085249056598e-05 -0.293352164089894
-1.62460642630295e-05 -0.293355669887368
-1.60852121416134e-05 -0.29335914105788
-1.59259526154588e-05 -0.293362577942629
-1.57682699162958e-05 -0.293365980879426
-1.56121484319761e-05 -0.293369350202836
-1.54575727049268e-05 -0.293372686244081
-1.53045274306206e-05 -0.29337598933117
-1.515299745606e-05 -0.29337925978889
-1.50029677782772e-05 -0.29338249793883
-1.48544235428487e-05 -0.293385704099434
-1.47073500424245e-05 -0.29338887858602
-1.45617327152718e-05 -0.293392021710811
-1.44175571438334e-05 -0.29339513378296
-1.42748090533004e-05 -0.293398215108597
-1.41334743101984e-05 -0.293401265990835
-1.39935389209886e-05 -0.293404286729823
-1.38549890306817e-05 -0.293407277622753
-1.37178109214671e-05 -0.293410238963906
-1.35819910113535e-05 -0.293413171044675
-1.34475158528253e-05 -0.293416074153584
-1.33143721315102e-05 -0.293418948576332
-1.31825466648616e-05 -0.293421794595803
-1.3052026400853e-05 -0.293424612492112
-1.29227984166862e-05 -0.293427402542607
-1.27948499175111e-05 -0.293430165021933
-1.26681682351595e-05 -0.293432900202028
-1.25427408268906e-05 -0.293435608352143
-1.24185552741491e-05 -0.293438289738915
-1.22955992813357e-05 -0.29344094462632
-1.21738606745898e-05 -0.293443573275785
-1.2053327400584e-05 -0.293446175946122
-1.19339875253307e-05 -0.293448752893639
-1.18158292330007e-05 -0.293451304372102
-1.16988408247531e-05 -0.293453830632792
-1.15830107175774e-05 -0.293456331924504
-1.14683274431459e-05 -0.293458808493607
-1.13547796466791e-05 -0.293461260584033
-1.12423560858209e-05 -0.293463688437332
-1.11310456295256e-05 -0.293466092292659
-1.10208372569561e-05 -0.293468472386832
-1.09117200563922e-05 -0.293470828954323
-1.08036832241506e-05 -0.29347316222732
-1.06967160635155e-05 -0.293475472435711
-1.05908079836787e-05 -0.29347775980713
-1.04859484986918e-05 -0.293480024566967
-1.03821272264275e-05 -0.293482266938397
-1.0279333887552e-05 -0.293484487142399
-1.01775583045069e-05 -0.293486685397772
-1.00767904005019e-05 -0.293488861921174
-9.977020198516739e-06 -0.293491016927124
-9.878237820313601e-06 -0.293493150628023
-9.780433485459009e-06 -0.293495263234201
-9.68359751035546e-06 -0.293497354953892
-9.587720307282629e-06 -0.293499425993306
-9.492792383448151e-06 -0.2935014765566
-9.39880434004767e-06 -0.293503506845937
-9.30574687133433e-06 -0.293505517061488
-9.21361076369735e-06 -0.293507507401444
-9.12238689474986e-06 -0.293509478062052
-9.0320662324256e-06 -0.293511429237626
-8.942639834084751e-06 -0.29351336112057
-8.85409884562847e-06 -0.293515273901386
-8.76643450062225e-06 -0.2935171677687
-8.679638119427971e-06 -0.293519042909285
-8.593701108344519e-06 -0.293520899508073
-8.508614958756951e-06 -0.293522737748179
-8.42437124629401e-06 -0.2935245578109
-8.34096162999407e-06 -0.293526359875767
-8.25837785147928e-06 -0.293528144120523
-8.1766117341379e-06 -0.293529910721172
-8.09565518231475e-06 -0.293531659851988
-8.01550018050966e-06 -0.293533391685511
-7.93613879258382e-06 -0.293535106392597
-7.85756316097408e-06 -0.293536804142403
-7.77976550591493e-06 -0.293538485102442
-7.702738124668249e-06 -0.293540149438552
-7.62647339076064e-06 -0.293541797314947
-7.55096375322836e-06 -0.293543428894235
-7.47620173586966e-06 -0.293545044337396
-7.40217993650461e-06 -0.293546643803846
-7.32889102624219e-06 -0.293548227451409
-7.25632774875465e-06 -0.29354979543637
-7.18448291955906e-06 -0.293551347913475
-7.113349425306e-06 -0.293552885035923
-7.04292022307524e-06 -0.293554406955432
-6.97318833967846e-06 -0.293555913822194
-6.90414687096877e-06 -0.29355740578495
-6.8357889811572e-06 -0.293558882990953
-6.76810790213584e-06 -0.293560345586009
-6.70109693280776e-06 -0.293561793714488
-6.63474943842353e-06 -0.293563227519341
-6.56905884992428e-06 -0.293564647142103
-6.50401866329137e-06 -0.293566052722915
-6.43962243890235e-06 -0.293567444400534
-6.37586380089341e-06 -0.293568822312351
-6.31273643652813e-06 -0.293570186594397
-6.25023409557241e-06 -0.293571537381378
-6.18835058967565e-06 -0.293572874806647
-6.12707979175807e-06 -0.293574199002262
-6.06641563540403e-06 -0.293575510098962
-6.00635211426141e-06 -0.293576808226206
-5.94688328144694e-06 -0.293578093512185
-5.88800324895737e-06 -0.293579366083795
-5.82970618708651e-06 -0.293580626066708
-5.77198632384803e-06 -0.293581873585351
-5.71483794440399e-06 -0.29358310876292
-5.658255390499e-06 -0.293584331721392
-5.6022330599e-06 -0.293585542581541
-5.54676540584158e-06 -0.293586741462956
-5.49184693647681e-06 -0.29358792848404
-5.43747221433348e-06 -0.29358910376203
-5.38363585577572e-06 -0.293590267413004
-5.33033253047101e-06 -0.293591419551898
-5.27755696086239e-06 -0.293592560292509
-5.22530392164593e-06 -0.293593689747515
-5.17356823925339e-06 -0.293594808028478
-5.12234479133999e-06 -0.293595915245863
-5.07162850627722e-06 -0.293597011509046
-5.02141436265071e-06 -0.293598096926312
-4.97169738876308e-06 -0.293599171604892
-4.92247266214166e-06 -0.293600235650949
-4.87373530905115e-06 -0.293601289169598
-4.82548050401104e-06 -0.293602332264925
-4.77770346931786e-06 -0.29360336503998
-4.73039947457214e-06 -0.293604387596796
-4.68356383621004e-06 -0.293605400036396
-4.63719191703965e-06 -0.293606402458825
-4.59127912578183e-06 -0.29360739496311
-4.54582091661567e-06 -0.293608377647327
-4.50081278872839e-06 -0.293609350608565
-4.45625028586969e-06 -0.293610313942967
-4.41212899591058e-06 -0.293611267745718
-4.36844455040652e-06 -0.293612212111064
-4.32519262416487e-06 -0.293613147132328
-4.2823689348167e-06 -0.293614072901906
-4.23996924239277e-06 -0.293614989511278
-4.19798934890374e-06 -0.293615897051023
-4.15642509792449e-06 -0.293616795610832
-4.11527237418267e-06 -0.293617685279501
-4.07452710315115e-06 -0.293618566144958
-4.03418525064471e-06 -0.293619438294251
-3.9942428224205e-06 -0.29362030181358
-3.95469586378268e-06 -0.293621156788281
-3.91554045919077e-06 -0.293622003302858
-3.87677273187205e-06 -0.293622841440982
-3.83838884343767e-06 -0.293623671285483
-3.80038499350264e-06 -0.293624492918387
-3.76275741930955e-06 -0.293625306420906
-3.72550239535599e-06 -0.293626111873447
-3.68861623302573e-06 -0.293626909355623
-3.6520952802235e-06 -0.293627698946262
-3.61593592101336e-06 -0.293628480723411
-3.58013457526076e-06 -0.293629254764353
-3.54468769827798e-06 -0.293630021145596
-3.50959178047324e-06 -0.293630779942902
-3.47484334700321e-06 -0.293631531231278
-3.44043895742892e-06 -0.293632275084999
-3.40637520537517e-06 -0.293633011577592
-3.37264871819324e-06 -0.293633740781868
-3.33925615662697e-06 -0.293634462769915
-3.30619421448215e-06 -0.293635177613117
-3.27345961829915e-06 -0.293635885382137
-3.24104912702887e-06 -0.29363658614695
-3.20895953171175e-06 -0.29363727997683
-3.17718765516015e-06 -0.293637966940395
-3.14573035164371e-06 -0.293638647105539
-3.11458450657793e-06 -0.293639320539525
-3.08374703621577e-06 -0.293639987308933
-3.05321488734235e-06 -0.293640647479685
-3.02298503697262e-06 -0.293641301117065
-2.9930544920521e-06 -0.293641948285684
-2.9634202891605e-06 -0.293642589049545
-2.93407949421831e-06 -0.293643223472001
-2.90502920219635e-06 -0.293643851615784
-2.87626653682807e-06 -0.293644473543008
-2.84778865032482e-06 -0.293645089315163
-2.81959272309388e-06 -0.293645698993144
-2.79167596345929e-06 -0.293646302637242
-2.76403560738544e-06 -0.293646900307134
-2.7366689182034e-06 -0.293647492061938
-2.70957318634e-06 -0.293648077960167
-2.68274572904951e-06 -0.293648658059754
-2.65618389014803e-06 -0.293649232418073
-2.62988503975052e-06 -0.293649801091915
-2.60384657401042e-06 -0.293650364137522
-2.5780659148618e-06 -0.293650921610576
-2.55254050976416e-06 -0.293651473566209
-2.52726783144966e-06 -0.293652020059009
-2.50224537767293e-06 -0.293652561143019
-2.4774706709633e-06 -0.293653096871753
-2.4529412583795e-06 -0.293653627298189
-2.42865471126683e-06 -0.293654152474793
-2.40460862501667e-06 -0.293654672453507
-2.38080061882838e-06 -0.293655187285755
-2.35722833547365e-06 -0.293655697022458
-2.33388944106302e-06 -0.293656201714027
-2.31078162481487e-06 -0.293656701410383
-2.2879025988266e-06 -0.293657196160943
-2.26525009784812e-06 -0.293657686014653
-2.24282187905755e-06 -0.293658171019956
-2.22061572183915e-06 -0.293658651224825
-2.19862942756352e-06 -0.293659126676759
-2.17686081936982e-06 -0.293659597422786
-2.15530774195032e-06 -0.293660063509469
-2.13396806133695e-06 -0.293660524982913
-2.11283966469005e-06 -0.293660981888754
-2.09192046008916e-06 -0.293661434272195
-2.0712083763259e-06 -0.293661882177982
-2.05070136269891e-06 -0.293662325650427
-2.0303973888108e-06 -0.29366276473339
-2.01029444436713e-06 -0.293663199470311
-1.99039053897736e-06 -0.293663629904185
-1.97068370195778e-06 -0.293664056077606
-1.95117198213641e-06 -0.293664478032714
-1.93185344765982e-06 -0.293664895811266
-1.9127261858018e-06 -0.293665309454581
-1.89378830277406e-06 -0.29366571900358
-1.87503792353867e-06 -0.293666124498779
-1.85647319162245e-06 -0.293666525980292
-1.83809226893311e-06 -0.293666923487832
-1.81989333557734e-06 -0.293667317060737
-1.80187458968054e-06 -0.293667706737931
-1.78403424720845e-06 -0.293668092557967
-1.76637054179055e-06 -0.293668474559013
-1.74888172454509e-06 -0.293668852778866
-1.73156606390603e-06 -0.293669227254937
-1.71442184545152e-06 -0.293669598024273
-1.69744737173418e-06 -0.293669965123567
-1.68064096211305e-06 -0.293670328589128
-1.66400095258717e-06 -0.293670688456919
-1.64752569563087e-06 -0.293671044762543
-1.63121356003056e-06 -0.293671397541252
-1.61506293072333e-06 -0.29367174682795
-1.59907220863696e-06 -0.293672092657192
-1.58323981053164e-06 -0.293672435063196
-1.56756416884321e-06 -0.293672774079836
-1.55204373152793e-06 -0.293673109740657
-1.53667696190884e-06 -0.293673442078875
-1.52146233852361e-06 -0.293673771127362
-1.50639835497387e-06 -0.293674096918676
-1.49148351977611e-06 -0.29367441948506
-1.47671635621397e-06 -0.293674738858425
-1.46209540219205e-06 -0.293675055070371
-1.44761921009113e-06 -0.293675368152183
-1.43328634662489e-06 -0.293675678134841
-1.41909539269791e-06 -0.293675985049018
-1.40504494326525e-06 -0.293676288925081
-1.39113360719332e-06 -0.293676589793099
-1.3773600071221e-06 -0.29367688768284
-1.36372277932881e-06 -0.29367718262378
-1.35022057359288e-06 -0.293677474645105
-1.33685205306226e-06 -0.293677763775709
-1.32361589412105e-06 -0.293678050044205
-1.31051078625847e-06 -0.293678333478909
-1.29753543193907e-06 -0.29367861410788
-1.28468854647433e-06 -0.293678891958884
-1.27196885789538e-06 -0.293679167059411
-1.25937510682711e-06 -0.293679439436685
-1.24690604636347e-06 -0.293679709117657
-1.23456044194403e-06 -0.293679976129017
-1.22233707123171e-06 -0.293680240497183
-1.2102347239918e-06 -0.293680502248317
-1.19825220197208e-06 -0.293680761408326
-1.18638831878423e-06 -0.293681018002843
-1.17464189978637e-06 -0.293681272057274
-1.1630117819667e-06 -0.293681523596752
-1.15149681382842e-06 -0.293681772646167
-1.14009585527566e-06 -0.293682019230169
-1.12880777750065e-06 -0.293682263373164
-1.11763146287194e-06 -0.293682505099301
-1.1065658048237e-06 -0.293682744432509
-1.09560970774624e-06 -0.293682981396472
-1.08476208687746e-06 -0.293683216014637
-1.07402186819551e-06 -0.293683448310224
-1.06338798831238e-06 -0.293683678306218
-1.0528593943687e-06 -0.293683906025393
-1.0424350439294e-06 -0.293684131490266
-1.0321139048806e-06 -0.293684354723166
-1.02189495532732e-06 -0.293684575746173
-1.0117771834924e-06 -0.293684794581168
-1.00175958761624e-06 -0.293685011249802
1.00175958761624e-06 -0.293728351487421
1.0117771834924e-06 -0.293728568221163
1.02189495532732e-06 -0.293728787122566
1.0321139048806e-06 -0.293729008213325
1.0424350439294e-06 -0.293729231515331
1.0528593943687e-06 -0.293729457050704
1.06338798831238e-06 -0.293729684841789
1.07402186819551e-06 -0.293729914911147
1.08476208687746e-06 -0.29373014728157
1.09560970774624e-06 -0.293730381976074
1.1065658048237e-06 -0.29373061901791
1.11763146287194e-06 -0.293730858430553
1.12880777750065e-06 -0.293731100237728
1.14009585527566e-06 -0.293731344463385
1.15149681382842e-06 -0.293731591131713
1.1630117819667e-06 -0.293731840267157
1.17464189978637e-06 -0.293732091894381
1.18638831878423e-06 -0.293732346038321
1.19825220197208e-06 -0.293732602724158
1.2102347239918e-06 -0.293732861977312
1.22233707123171e-06 -0.293733123823467
1.23456044194403e-06 -0.293733388288563
1.24690604636347e-06 -0.293733655398802
1.25937510682711e-06 -0.293733925180642
1.27196885789538e-06 -0.293734197660811
1.28468854647433e-06 -0.293734472866298
1.29753543193907e-06 -0.29373475082437
1.31051078625847e-06 -0.293735031562563
1.32361589412105e-06 -0.293735315108693
1.33685205306226e-06 -0.293735601490843
1.35022057359288e-06 -0.293735890737392
1.36372277932881e-06 -0.293736182876994
1.3773600071221e-06 -0.293736477938581
1.39113360719332e-06 -0.293736775951401
1.40504494326525e-06 -0.293737076944968
1.41909539269791e-06 -0.293737380949102
1.43328634662489e-06 -0.293737687993927
1.44761921009113e-06 -0.29373799810986
1.46209540219205e-06 -0.293738311327629
1.47671635621397e-06 -0.293738627678258
1.49148351977611e-06 -0.293738947193092
1.50639835497387e-06 -0.293739269903795
1.52146233852361e-06 -0.293739595842325
1.53667696190884e-06 -0.293739925040991
1.55204373152793e-06 -0.293740257532397
1.56756416884321e-06 -0.29374059334949
1.58323981053164e-06 -0.293740932525549
1.59907220863696e-06 -0.293741275094175
1.61506293072333e-06 -0.2937416210893
1.63121356003056e-06 -0.293741970545222
1.64752569563087e-06 -0.293742323496554
1.66400095258717e-06 -0.293742679978269
1.68064096211305e-06 -0.293743040025694
1.69744737173418e-06 -0.293743403674499
1.71442184545152e-06 -0.293743770960719
1.73156606390603e-06 -0.293744141920745
1.74888172454509e-06 -0.293744516591336
1.76637054179055e-06 -0.293744895009613
1.78403424720845e-06 -0.293745277213072
1.80187458968054e-06 -0.293745663239588
1.81989333557734e-06 -0.293746053127416
1.83809226893311e-06 -0.293746446915184
1.85647319162245e-06 -0.293746844641914
1.87503792353867e-06 -0.293747246347019
1.89378830277406e-06 -0.293747652070304
1.9127261858018e-06 -0.293748061851975
1.93185344765982e-06 -0.293748475732634
1.95117198213641e-06 -0.293748893753305
1.97068370195778e-06 -0.293749315955399
1.99039053897736e-06 -0.293749742380766
2.01029444436713e-06 -0.293750173071656
2.0303973888108e-06 -0.293750608070755
2.05070136269891e-06 -0.293751047421169
2.0712083763259e-06 -0.293751491166435
2.09192046008916e-06 -0.293751939350532
2.11283966469005e-06 -0.293752392017877
2.13396806133695e-06 -0.29375284921333
2.15530774195032e-06 -0.2937533109822
2.17686081936982e-06 -0.293753777370247
2.19862942756352e-06 -0.2937542484237
2.22061572183915e-06 -0.29375472418924
2.24282187905755e-06 -0.293755204714019
2.26525009784812e-06 -0.293755690045657
2.2879025988266e-06 -0.293756180232263
2.31078162481487e-06 -0.293756675322416
2.33388944106302e-06 -0.293757175365187
2.35722833547365e-06 -0.29375768041013
2.38080061882838e-06 -0.293758190507314
2.40460862501667e-06 -0.293758705707288
2.42865471126683e-06 -0.29375922606112
2.4529412583795e-06 -0.293759751620378
2.4774706709633e-06 -0.29376028243717
2.50224537767293e-06 -0.293760818564095
2.52726783144966e-06 -0.293761360054305
2.55254050976416e-06 -0.293761906961465
2.5780659148618e-06 -0.293762459339792
2.60384657401042e-06 -0.293763017244033
2.62988503975052e-06 -0.293763580729496
2.65618389014803e-06 -0.293764149852039
2.68274572904951e-06 -0.293764724668066
2.70957318634e-06 -0.29376530523457
2.7366689182034e-06 -0.293765891609095
2.76403560738544e-06 -0.293766483849771
2.79167596345929e-06 -0.293767082015306
2.81959272309388e-06 -0.293767686165004
2.84778865032482e-06 -0.29376829635875
2.87626653682807e-06 -0.293768912657036
2.90502920219635e-06 -0.293769535120966
2.93407949421831e-06 -0.293770163812244
2.9634202891605e-06 -0.293770798793195
2.9930544920521e-06 -0.293771440126785
3.02298503697262e-06 -0.293772087876579
3.05321488734235e-06 -0.293772742106816
3.08374703621577e-06 -0.29377340288234
3.11458450657793e-06 -0.29377407026868
3.14573035164371e-06 -0.293774744331994
3.17718765516015e-06 -0.293775425139122
3.20895953171175e-06 -0.293776112757562
3.24104912702887e-06 -0.293776807255495
3.27345961829915e-06 -0.293777508701785
3.30619421448215e-06 -0.293778217165975
3.33925615662697e-06 -0.293778932718317
3.37264871819324e-06 -0.293779655429768
3.40637520537517e-06 -0.293780385371983
3.44043895742892e-06 -0.293781122617348
3.47484334700321e-06 -0.293781867238966
3.50959178047324e-06 -0.293782619310685
3.54468769827798e-06 -0.293783378907073
3.58013457526076e-06 -0.293784146103462
3.61593592101336e-06 -0.293784920975929
3.6520952802235e-06 -0.293785703601321
3.68861623302573e-06 -0.293786494057252
3.72550239535599e-06 -0.29378729242211
3.76275741930955e-06 -0.293788098775078
3.80038499350264e-06 -0.29378891319612
3.83838884343767e-06 -0.293789735766014
3.87677273187205e-06 -0.293790566566338
3.91554045919077e-06 -0.293791405679492
3.95469586378268e-06 -0.293792253188697
3.9942428224205e-06 -0.293793109178026
4.03418525064471e-06 -0.293793973732368
4.07452710315115e-06 -0.293794846937479
4.11527237418267e-06 -0.293795728879979
4.15642509792449e-06 -0.293796619647341
4.19798934890374e-06 -0.29379751932792
4.23996924239277e-06 -0.293798428010971
4.2823689348167e-06 -0.293799345786626
4.32519262416487e-06 -0.293800272745924
4.36844455040652e-06 -0.293801208980828
4.41212899591058e-06 -0.293802154584207
4.45625028586969e-06 -0.293803109649873
4.50081278872839e-06 -0.293804074272574
4.54582091661567e-06 -0.293805048548013
4.59127912578183e-06 -0.293806032572838
4.63719191703965e-06 -0.293807026444687
4.68356383621004e-06 -0.293808030262153
4.73039947457214e-06 -0.293809044124846
4.77770346931786e-06 -0.29381006813335
4.82548050401104e-06 -0.293811102389273
4.87373530905115e-06 -0.293812146995235
4.92247266214166e-06 -0.293813202054883
4.97169738876308e-06 -0.293814267672911
5.02141436265071e-06 -0.293815343955059
5.07162850627722e-06 -0.293816431008125
5.12234479133999e-06 -0.293817528939987
5.17356823925339e-06 -0.293818637859592
5.22530392164593e-06 -0.293819757876991
5.27755696086239e-06 -0.293820889103333
5.33033253047101e-06 -0.293822031650889
5.38363585577572e-06 -0.293823185633041
5.43747221433348e-06 -0.293824351164327
5.49184693647681e-06 -0.293825528360419
5.54676540584158e-06 -0.293826717338162
5.6022330599e-06 -0.293827918215562
5.658255390499e-06 -0.293829131111819
5.71483794440399e-06 -0.293830356147317
5.77198632384803e-06 -0.293831593443671
5.82970618708651e-06 -0.293832843123679
5.88800324895737e-06 -0.293834105311409
5.94688328144694e-06 -0.293835380132148
6.00635211426141e-06 -0.293836667712456
6.06641563540403e-06 -0.293837968180154
6.12707979175807e-06 -0.293839281664347
6.18835058967565e-06 -0.293840608295443
6.25023409557241e-06 -0.293841948205151
6.31273643652813e-06 -0.293843301526501
6.37586380089341e-06 -0.293844668393867
6.43962243890235e-06 -0.293846048942964
6.50401866329137e-06 -0.293847443310869
6.56905884992428e-06 -0.293848851636043
6.63474943842353e-06 -0.293850274058326
6.70109693280776e-06 -0.293851710718977
6.76810790213584e-06 -0.293853161760651
6.8357889811572e-06 -0.293854627327461
6.90414687096877e-06 -0.293856107564942
6.97318833967846e-06 -0.293857602620115
7.04292022307524e-06 -0.293859112641455
7.113349425306e-06 -0.293860637778941
7.18448291955906e-06 -0.293862178184053
7.25632774875465e-06 -0.293863734009797
7.32889102624219e-06 -0.293865305410714
7.40217993650461e-06 -0.293866892542889
7.47620173586966e-06 -0.293868495563988
7.55096375322836e-06 -0.293870114633251
7.62647339076064e-06 -0.293871749911518
7.702738124668249e-06 -0.293873401561252
7.77976550591493e-06 -0.293875069746537
7.85756316097408e-06 -0.293876754633122
7.93613879258382e-06 -0.293878456388404
8.01550018050966e-06 -0.293880175181467
8.09565518231475e-06 -0.293881911183097
8.1766117341379e-06 -0.293883664565796
8.25837785147928e-06 -0.293885435503795
8.34096162999407e-06 -0.293887224173085
8.42437124629401e-06 -0.293889030751409
8.508614958756951e-06 -0.293890855418317
8.593701108344519e-06 -0.293892698355148
8.679638119427971e-06 -0.29389455974507
8.76643450062225e-06 -0.293896439773085
8.85409884562847e-06 -0.29389833862607
8.942639834084751e-06 -0.293900256492764
9.0320662324256e-06 -0.293902193563814
9.12238689474986e-06 -0.293904150031779
9.21361076369735e-06 -0.293906126091153
9.30574687133433e-06 -0.293908121938387
9.39880434004767e-06 -0.293910137771912
9.492792383448151e-06 -0.293912173792148
9.587720307282629e-06 -0.293914230201531
9.68359751035546e-06 -0.293916307204534
9.780433485459009e-06 -0.293918405007688
9.878237820313601e-06 -0.293920523819602
9.977020198516739e-06 -0.293922663850978
1.00767904005019e-05 -0.293924825314642
1.01775583045069e-05 -0.293927008425561
1.0279333887552e-05 -0.293929213400859
1.03821272264275e-05 -0.293931440459853
1.04859484986918e-05 -0.293933689824061
1.05908079836787e-05 -0.293935961717229
1.06967160635155e-05 -0.293938256365361
1.08036832241506e-05 -0.293940573996727
1.09117200563922e-05 -0.293942914841901
1.10208372569561e-05 -0.293945279133771
1.11310456295256e-05 -0.293947667107575
1.12423560858209e-05 -0.293950079000916
1.13547796466791e-05 -0.293952515053791
1.14683274431459e-05 -0.293954975508611
1.15830107175774e-05 -0.293957460610229
1.16988408247531e-05 -0.293959970605956
1.18158292330007e-05 -0.293962505745607
1.19339875253307e-05 -0.293965066281501
1.2053327400584e-05 -0.293967652468504
1.21738606745898e-05 -0.293970264564044
1.22955992813357e-05 -0.293972902828147
1.24185552741491e-05 -0.293975567523456
1.25427408268906e-05 -0.293978258915258
1.26681682351595e-05 -0.293980977271514
1.27948499175111e-05 -0.293983722862884
1.29227984166862e-05 -0.293986495962755
1.3052026400853e-05 -0.293989296847271
1.31825466648616e-05 -0.293992125795356
1.33143721315102e-05 -0.293994983088743
1.34475158528253e-05 -0.29399786901201
1.35819910113535e-05 -0.294000783852604
1.37178109214671e-05 -0.294003727900858
1.38549890306817e-05 -0.294006701450044
1.39935389209886e-05 -0.29400970479639
1.41334743101984e-05 -0.294012738239102
1.42748090533004e-05 -0.294015802080408
1.44175571438334e-05 -0.294018896625588
1.45617327152718e-05 -0.294022022182991
1.47073500424245e-05 -0.294025179064087
1.48544235428487e-05 -0.294028367583481
1.50029677782772e-05 -0.294031588058951
1.515299745606e-05 -0.294034840811484
1.53045274306206e-05 -0.294038126165301
1.54575727049268e-05 -0.294041444447903
1.56121484319761e-05 -0.294044795990085
1.57682699162958e-05 -0.294048181125992
1.59259526154588e-05 -0.294051600193129
1.60852121416134e-05 -0.294055053532417
1.62460642630295e-05 -0.294058541488216
1.64085249056598e-05 -0.29406206440836
1.65726101547164e-05 -0.2940656226442
1.67383362562636e-05 -0.294069216550627
1.69057196188262e-05 -0.294072846486121
1.70747768150145e-05 -0.294076512812788
1.72455245831646e-05 -0.29408021589638
1.74179798289962e-05 -0.294083956106353
1.75921596272862e-05 -0.294087733815884
1.77680812235591e-05 -0.294091549401937
1.79457620357947e-05 -0.294095403245268
1.81252196561526e-05 -0.294099295730493
1.83064718527141e-05 -0.294103227246109
1.84895365712413e-05 -0.294107198184542
1.86744319369537e-05 -0.294111208942183
1.88611762563232e-05 -0.294115259919435
1.90497880188865e-05 -0.294119351520739
1.92402858990753e-05 -0.294123484154642
1.94326887580661e-05 -0.294127658233803
1.96270156456467e-05 -0.294131874175069
1.98232858021032e-05 -0.294136132399492
2.00215186601242e-05 -0.294140433332385
2.02217338467255e-05 -0.29414477740333
2.04239511851927e-05 -0.294149165046286
2.06281906970447e-05 -0.294153596699359
2.08344726040151e-05 -0.294158072797431
2.10428173300553e-05 -0.294162593816057
2.12532455033558e-05 -0.294167160174966
2.14657779583894e-05 -0.29417177234313
2.16804357379733e-05 -0.294176430781148
2.1897240095353e-05 -0.294181135954571
2.21162124963065e-05 -0.29418588833384
2.23373746212696e-05 -0.294190688394038
2.25607483674823e-05 -0.294195536615132
2.27863558511571e-05 -0.294200433481982
2.30142194096687e-05 -0.294205379484313
2.32443616037654e-05 -0.294210375116837
2.3476805219803e-05 -0.294215420879271
2.37115732720011e-05 -0.294220517276421
2.39486890047211e-05 -0.294225664818161
2.41881758947683e-05 -0.294230864019593
2.4430057653716e-05 -0.294236115401006
2.46743582302531e-05 -0.294241419487994
2.49211018125557e-05 -0.294246776811454
2.51703128306812e-05 -0.294252187907687
2.5422015958988e-05 -0.294257653318432
2.56762361185779e-05 -0.29426317359092
2.59329984797637e-05 -0.294268749277952
2.61923284645613e-05 -0.29427438093794
2.64542517492069e-05 -0.294280069134927
2.6718794266699e-05 -0.294285814438733
2.6985982209366e-05 -0.294291617424962
2.72558420314597e-05 -0.294297478675017
2.75284004517743e-05 -0.294303398776267
2.7803684456292e-05 -0.294309378322003
2.80817213008549e-05 -0.294315417911577
2.83625385138635e-05 -0.294321518150411
2.86461638990021e-05 -0.294327679650098
2.89326255379921e-05 -0.294333903028447
2.92219517933721e-05 -0.294340188909535
2.95141713113058e-05 -0.294346537923802
2.98093130244188e-05 -0.294352950708096
3.0107406154663e-05 -0.294359427905744
3.04084802162097e-05 -0.294365970166611
3.07125650183718e-05 -0.294372578147195
3.10196906685555e-05 -0.294379252510659
3.1329887575241e-05 -0.294385993926931
3.16431864509934e-05 -0.294392803072748
3.19596183155034e-05 -0.294399680631752
3.22792144986584e-05 -0.29440662729454
3.2602006643645e-05 -0.294413643758746
3.29280267100814e-05 -0.294420730729114
3.32573069771823e-05 -0.294427888917578
3.35898800469541e-05 -0.294435119043315
3.39257788474236e-05 -0.29444242183285
3.42650366358979e-05 -0.294449798020105
3.46076870022568e-05 -0.294457248346492
3.49537638722794e-05 -0.294464773560986
3.53033015110022e-05 -0.294472374420208
3.56563345261122e-05 -0.294480051688493
3.60128978713733e-05 -0.294487806137993
3.63730268500871e-05 -0.294495638548721
3.67367571185879e-05 -0.294503549708669
3.71041246897738e-05 -0.294511540413891
3.74751659366716e-05 -0.294519611468551
3.78499175960383e-05 -0.294527763685027
3.82284167719987e-05 -0.294535997884012
3.86107009397186e-05 -0.294544314894584
3.89968079491158e-05 -0.29455271555431
3.9386776028607e-05 -0.29456120070932
3.97806437888931e-05 -0.294569771214401
4.0178450226782e-05 -0.29457842793304
4.05802347290498e-05 -0.294587171737674
4.09860370763403e-05 -0.294596003509533
4.13958974471037e-05 -0.294604924139359
4.18098564215747e-05 -0.294613934519958
4.22279549857905e-05 -0.29462303557569
4.26502345356484e-05 -0.294632228211369
4.30767368810049e-05 -0.294641513357847
4.35075042498149e-05 -0.294650891951897
4.39425792923131e-05 -0.294660364940183
4.43820050852362e-05 -0.294669933278864
4.48258251360886e-05 -0.294679597933926
4.52740833874495e-05 -0.294689359881254
4.5726824221324e-05 -0.294699220106743
4.61840924635372e-05 -0.294709179606415
4.66459333881726e-05 -0.294719239386536
4.71123927220543e-05 -0.294729400463689
4.75835166492748e-05 -0.294739663864891
4.80593518157676e-05 -0.294750030627728
4.85399453339253e-05 -0.294760501800463
4.90253447872645e-05 -0.294771078442104
4.95155982351372e-05 -0.294781761622546
5.00107542174885e-05 -0.294792552422745
5.05108617596634e-05 -0.294803451934699
5.10159703772601e-05 -0.2948144612617
5.15261300810327e-05 -0.294825581518384
5.2041391381843e-05 -0.29483681383087
5.25618052956614e-05 -0.294848159336848
5.3087423348618e-05 -0.29485961918578
5.36182975821042e-05 -0.294871194538925
5.41544805579252e-05 -0.294882886569549
5.46960253635045e-05 -0.294894696462983
5.52429856171395e-05 -0.294906625416819
5.57954154733109e-05 -0.294918674640983
5.6353369628044e-05 -0.294930845357902
5.69169033243245e-05 -0.294943138802619
5.74860723575677e-05 -0.294955556222912
5.80609330811434e-05 -0.294968098879485
5.86415424119548e-05 -0.294980768046059
5.92279578360744e-05 -0.294993565009504
5.98202374144351e-05 -0.295006491070008
6.04184397885795e-05 -0.29501954754121
6.10226241864653e-05 -0.295032735750329
6.16328504283299e-05 -0.29504605703835
6.22491789326132e-05 -0.295059512760116
6.28716707219394e-05 -0.295073104284494
6.350038742915879e-05 -0.295086832994564
6.41353913034504e-05 -0.295100700287704
6.477674521648491e-05 -0.295114707575826
6.54245126686497e-05 -0.295128856285438
6.607875779533621e-05 -0.295143147857876
6.673954537328961e-05 -0.295157583749418
6.74069408270225e-05 -0.295172165431478
6.80810102352927e-05 -0.295186894390728
6.876182033764561e-05 -0.295201772129314
6.944943854102211e-05 -0.295216800164966
7.01439329264323e-05 -0.295231980031208
7.084537225569659e-05 -0.295247313277512
7.155382597825361e-05 -0.295262801469479
7.22693642380361e-05 -0.295278446188982
7.299205788041651e-05 -0.295294249034388
7.37219784592207e-05 -0.295310211620697
7.44591982438129e-05 -0.295326335579752
7.5203790226251e-05 -0.295342622560385
7.59558281285135e-05 -0.295359074228641
7.671538640979859e-05 -0.295375692267947
7.74825402738966e-05 -0.295392478379286
7.82573656766356e-05 -0.295409434281401
7.9039939333402e-05 -0.295426561710996
7.9830338726736e-05 -0.295443862422909
8.062864211400339e-05 -0.295461338190344
8.143492853514339e-05 -0.295478990805027
8.22492778204948e-05 -0.295496822077429
8.307177059869981e-05 -0.295514833836986
8.39024883046868e-05 -0.295533027932272
8.474151318773359e-05 -0.295551406231239
8.5588928319611e-05 -0.295569970621401
8.64448176028071e-05 -0.295588723010083
8.730926577883521e-05 -0.295607665324591
8.81823584366235e-05 -0.295626799512467
8.90641820209897e-05 -0.2956461275417
8.995482384119961e-05 -0.295665651400943
9.08543720796116e-05 -0.295685373099751
9.17629158004077e-05 -0.295705294668801
9.26805449584118e-05 -0.295725418160125
9.36073504079959e-05 -0.295745745647357
9.45434239120759e-05 -0.295766279225947
9.548885815119661e-05 -0.295787021013425
9.64437467327086e-05 -0.295807973149626
9.74081842000357e-05 -0.295829137796954
9.838226604203611e-05 -0.295850517140603
9.93660887024564e-05 -0.295872113388851
0.000100359749589481 -0.295893928773267
0.000101363347085376 -0.295915965549004
0.00010237698055623 -0.295938225995046
0.000103400750361792 -0.295960712414474
0.00010443475786541 -0.295983427134733
0.000105479105444064 -0.296006372507902
0.000106533896498505 -0.296029550910973
0.00010759923546349 -0.296052964746111
0.000108675227818124 -0.296076616440961
0.000109761980096306 -0.296100508448906
0.000110859599897269 -0.296124643249374
0.000111968195896241 -0.296149023348108
0.000113087877855204 -0.296173651277482
0.000114218756633756 -0.296198529596777
0.000115360944200093 -0.2962236608925
0.000116514553642094 -0.296249047778683
0.000117679699178515 -0.296274692897164
0.0001188564961703 -0.296300598917947
0.000120045061132003 -0.296326768539448
0.000121245511743324 -0.296353204488777
0.000122457966860757 -0.296379909521791
0.000123682546529364 -0.296406886419529
0.000124919371994658 -0.296434138028181
0.000126168565714605 -0.296461667144447
0.000127430251371751 -0.296489476672498
0.000128704553885468 -0.296517569515618
0.000129991599424323 -0.29654594861137
0.000131291515418566 -0.296574616929135
0.000132604430572752 -0.296603577470164
0.000133930474878479 -0.296632833268027
0.000135269779627264 -0.296662387388802
0.000136622477423537 -0.296692242931519
0.000137988702197772 -0.296722403028551
0.00013936858921975 -0.296752870845958
0.000140762275111947 -0.296783649583859
0.000142169897863067 -0.296814742476874
0.000143591596841697 -0.296846152794466
0.000145027512810114 -0.296877883841364
0.000146477787938216 -0.296909938957965
0.000147942565817598 -0.296942321520735
0.000149421991475774 -0.296975034942634
0.000150916211390531 -0.297008082673522
0.000152425373504437 -0.29704146820061
0.000153949627239481 -0.297075195048836
0.000155489123511876 -0.297109266781376
0.000157044014746995 -0.297143687000022
0.000158614454894465 -0.297178459345654
0.000160200599443409 -0.297213587498685
0.000161802605437843 -0.297249075179539
0.000163420631492222 -0.297284926149084
0.000165054837807144 -0.297321144209128
0.000166705386185215 -0.297357733202865
0.000168372440047068 -0.297394697015399
0.000170056164447538 -0.297432039574182
0.000171756726092014 -0.297469764849563
0.000173474293352934 -0.297507876855225
0.000175209036286463 -0.297546379648758
0.000176961126649328 -0.297585277332115
0.000178730737915821 -0.297624574052174
0.000180518045294979 -0.29766427400124
0.000182323225747929 -0.297704381417589
0.000184146458005408 -0.297744900586001
0.000185987922585462 -0.297785835838314
0.000187847801811317 -0.297827191553983
0.00018972627982943 -0.29786897216063
0.000191623542627725 -0.297911182134605
0.000193539778054002 -0.297953826001598
0.000195475175834542 -0.297996908337184
0.000197429927592887 -0.298040433767433
0.000199404226868816 -0.298084406969521
0.000201398269137504 -0.298128832672289
0.000203412251828879 -0.29817371565693
0.000205446374347168 -0.29821906075755
0.00020750083809064 -0.298264872861828
0.000209575846471546 -0.298311156911656
0.000211671604936262 -0.298357917903768
0.000213788320985624 -0.298405160890435
0.000215926204195481 -0.298452890980069
0.000218085466237435 -0.298501113337962
0.00022026632089981 -0.298549833186926
0.000222468984108808 -0.298599055808
0.000224693673949896 -0.298648786541155
0.000226940610689395 -0.29869903078598
0.000229210016796289 -0.298749794002439
0.000231502116964252 -0.298801081711543
0.000233817138133894 -0.298852899496131
0.000236155309515233 -0.298905253001569
0.000238516862610385 -0.298958147936488
0.000240902031236489 -0.299011590073315
0.000243311051548854 -0.299065585248652
0.000245744162064343 -0.299120139360039
0.000248201603684986 -0.299175258177553
0.000250683619721836 -0.299230948446808
0.000253190455919054 -0.29928721547477
0.000255722360478245 -0.299344065746018
0.000258279584083027 -0.299401505495085
0.000260862379923858 -0.299459541034946
0.000263471003723096 -0.299518178751345
0.000266105713760327 -0.299577425102683
0.00026876677089793 -0.299637286620786
0.00027145443860691 -0.299697769911719
0.000274168982992979 -0.299758881656692
0.000276910672822909 -0.299820628612969
0.000279679779551138 -0.299883017614785
0.000282476577346649 -0.299946055574338
0.000285301343120116 -0.300009749482726
0.000288154356551317 -0.300074106410935
0.00029103590011683 -0.300139133510834
0.000293946259117998 -0.300204838016169
0.000296885721709178 -0.300271227243636
0.00029985457892627 -0.300338308593843
0.000302853124715533 -0.300406089552431
0.000305881655962688 -0.300474577691109
0.000308940472522315 -0.300543780668745
0.000312029877247538 -0.300613706232498
0.000315150176020014 -0.300684362218946
0.000318301677780214 -0.300755756555357
0.000321484694558016 -0.300827897261229
0.000324699541503596 -0.300900792451302
0.000327946536918632 -0.300974450357532
0.000331226002287818 -0.301048879037552
0.000334538262310697 -0.301124087340383
0.000337883644933803 -0.301200083457631
0.000341262481383142 -0.30127687603614
0.000344675106196973 -0.301354473773833
0.000348121857258943 -0.301432885466399
0.000351603075831532 -0.301512120011388
0.000355119106589847 -0.301592186410017
0.000358670297655746 -0.301673093768662
0.000362257000632303 -0.301754851300294
0.000365879570638626 -0.301837468325807
0.000369538366345013 -0.301920954275482
0.000373233750008463 -0.302005318690336
0.000376966087508547 -0.302090571223619
0.000380735748383633 -0.302176721642181
0.000384543105867469 -0.302263779828015
0.000388388536926144 -0.30235175577969
0.000392272422295405 -0.302440659613901
0.00039619514651836 -0.302530501566954
0.000400157097983543 -0.302621291996351
0.000404158668963379 -0.302713041382356
0.000408200255653012 -0.30280576032958
0.000412282258209542 -0.302899459568607
0.000416405080791638 -0.30299414899394
0.000420569131599554 -0.303089841520109
0.00042477482291555 -0.303186547302174
0.000429022571144705 -0.303284277591228
0.000433312796856152 -0.303383043772781
0.000437645924824714 -0.303482857368509
0.000442022384072961 -0.303583730038046
0.000446442607913691 -0.303685673580785
0.000450907033992828 -0.303788699937719
0.000455416104332756 -0.303892821193299
0.000459970265376083 -0.303998049577335
0.000464569968029844 -0.304104397466893
0.000469215667710143 -0.304211877388259
0.000473907824387244 -0.304320502018888
0.000478646902631117 -0.304430284189411
0.000483433371657428 -0.304541236885676
0.000488267705374002 -0.304653373250777
0.000493150382427742 -0.304766706587157
0.0004980818862520199 -0.304881250358726
0.00050306270511454 -0.304997018192988
0.000508093332165685 -0.305114023883229
0.000513174265487342 -0.305232281390715
0.000518306008142215 -0.305351804846945
0.0005234890682236369 -0.305472608555898
0.000528723958905874 -0.305594706996354
0.000534011198494933 -0.305718114824215
0.000539351310479882 -0.305842846874879
0.000544744823584681 -0.305968918165643
0.000550192271820528 -0.306096343898123
0.000555694194538733 -0.306225139460751
0.00056125113648412 -0.30635532043125
0.000566863647848961 -0.306486902579201
0.000572532284327451 -0.306619901868616
0.000578257607170726 -0.306754334460543
0.000584040183242433 -0.306890216715741
0.000589880585074857 -0.307027565197396
0.000595779390925606 -0.307166396673884
0.000601737184834862 -0.307306728121671
0.00060775455668321 -0.307448576728437
0.000613832102250043 -0.307591959897007
0.000619970423272543 -0.307736895253019
0.000626170127505268 -0.307883401669872
0.000632431828780321 -0.308031493945559
0.000638756147068124 -0.308181194514614
0.000645143708538805 -0.308332518176597
0.0006515951456241939 -0.308485486342025
0.000658111097080435 -0.308640116461202
0.00066469220805124 -0.308796430281078
0.000671339130131752 -0.308954443965235
0.00067805252143307 -0.309114178736757
0.0006848330466474 -0.309275654436544
0.000691681377113875 -0.309438891246792
0.000698598190885013 -0.309603909615633
0.000705584172793863 -0.30977073025178
0.000712640014521802 -0.309939374126229
0.00071976641466702 -0.310109862475125
0.00072696407881369 -0.310282216803198
0.000734233719601827 -0.310456458887258
0.000741576056797845 -0.310632610779885
0.000748991817365824 -0.310810694813101
0.000756481735539482 -0.310990733602223
0.000764046552894877 -0.311172750049624
0.000771687018423826 -0.311356767348686
0.000779403888608064 -0.311542808987742
0.000787197927494145 -0.311730898754068
0.000795069906769086 -0.311921060737955
0.000803020605836777 -0.312113319336837
0.000811050811895145 -0.312307699259463
0.000819161320014096 -0.312504225530108
0.000827352933214237 -0.312702923492905
0.00083562646254638 -0.31290381882146
0.000843982727171843 -0.313106937502081
0.0008524225544435619 -0.31331230587001
0.000860946779987997 -0.313519950592773
0.000869556247787878 -0.313729898680107
0.000878251810265756 -0.313942177488544
0.000887034328368414 -0.314156814726183
0.000895904671652098 -0.314373838457427
0.000904863718368619 -0.314593277107857
0.000913912355552305 -0.314815159469107
0.000923051479107828 -0.315039514703865
0.0009322819938989071 -0.315266372350872
0.000941604813837896 -0.315495762330041
0.000951020861976275 -0.315727714947597
0.000960531070596037 -0.315962260901226
0.000970136381301998 -0.316199431285214
0.000979837745115018 -0.316439257595215
0.0009896361225661681 -0.316681771731383
0.00099953248379183 -0.316927005988737
0.00100952780862975 -0.317174993297503
0.00101962308671605 -0.317425766665824
0.00102981931758321 -0.317679359496155
0.00104011751075904 -0.317935806054355
0.00105051868586663 -0.318195140763763
0.00106102387272529 -0.318457398543557
0.00107163411145255 -0.318722614765621
0.00108235045256707 -0.31899082526369
0.00109317395709274 -0.319262066338771
0.00110410569666367 -0.319536374765298
0.00111514675363031 -0.31981378779748
0.00112629822116661 -0.320094343175807
0.00113756120337828 -0.320378079133669
0.00114893681541206 -0.320665034404076
0.00116042618356618 -0.320955248226501
0.00117203044540184 -0.321248760353785
0.00118375074985586 -0.321545611059161
0.00119558825735442 -0.321845841143306
0.00120754413992796 -0.322149491941408
0.00121961958132724 -0.322456605329986
0.00123181577714052 -0.322767223732371
0.00124413393491192 -0.32308139011603
0.00125657527426104 -0.32339914784863
0.00126914102700365 -0.323720542171727
0.00128183243727369 -0.324045616046543
0.00129465076164642 -0.324374415744769
0.00130759726926289 -0.324706987037686
0.00132067324195552 -0.325043376407662
0.00133387997437507 -0.325383630962117
0.00134721877411882 -0.325727798434154
0.00136069096186001 -0.326075927189767
0.00137429787147861 -0.326428066236387
0.0013880408501934 -0.326784265231833
0.00140192125869533 -0.327144574493578
0.00141594047128228 -0.327509045007884
0.00143009987599511 -0.327877728437537
0.00144440087475506 -0.328250677101205
0.00145884488350261 -0.328627944274556
0.00147343333233764 -0.329009583380797
0.00148816766566101 -0.329395649094483
0.00150304934231762 -0.329786196609096
0.0015180798357408 -0.330181281880439
0.00153326063409821 -0.330580961620186
0.00154859324043919 -0.33098529330603
0.00156407917284358 -0.3313943351933
0.00157971996457202 -0.331808146327156
0.00159551716421774 -0.332226786555112
0.00161147233585991 -0.332650316539953
0.00162758705921851 -0.333078797773002
0.0016438629298107 -0.333512292587716
0.00166030155910881 -0.333950864173692
0.00167690457469989 -0.334394576591095
0.00169367362044689 -0.334843494785471
0.00171061035665136 -0.335297684603014
0.00172771646021787 -0.335757212806316
0.00174499362482005 -0.336222147090584
0.00176244356106825 -0.336692556100371
0.00178006799667894 -0.337168509446873
0.00179786867664573 -0.337650077725773
0.00181584736341218 -0.338137332535715
0.0018340058370463 -0.338630346497402
0.00185234589541677 -0.339129193273463
0.00187086935437094 -0.33963394758923
0.00188957804791465 -0.340144685255206
0.00190847382839379 -0.340661483196278
0.00192755856667773 -0.341184420687226
0.00194683415234451 -0.341713572886596
0.00196630249386795 -0.342249024522945
0.00198596551880663 -0.34279085550831
0.0020058251739947 -0.343339148638661
0.00202588342573464 -0.343893988828618
0.00204614225999199 -0.34445545951258
0.00206660368259191 -0.345023648836844
0.00208726971941783 -0.345598644443917
0.00210814241661201 -0.346180535683754
0.00212922384077813 -0.346769413331039
0.00215051607918591 -0.347365369608021
0.00217202123997777 -0.347968498218645
0.00219374145237755 -0.34857889438588
0.00221567886690132 -0.349196654890929
0.00223783565557034 -0.349821878114254
0.00226021401212604 -0.35045466407835
0.0022828161522473 -0.351095114492395
0.00230564431376977 -0.351743332798702
0.00232870075690747 -0.352399424220947
0.00235198776447654 -0.353063495813789
0.00237550764212131 -0.353735656511992
0.00239926271854252 -0.354416017156167
0.00242325534572795 -0.355104691213383
0.00244748789918523 -0.355801792762965
0.00247196277817708 -0.35650743937819
0.00249668240595885 -0.357221749798697
0.00252164923001844 -0.357944845995823
0.00254686572231862 -0.358676851751406
0.00257233437954181 -0.359417893295207
0.00259805772333723 -0.360168099350395
0.0026240383005706 -0.36092760120731
0.00265027868357631 -0.361696532806449
0.00267678147041207 -0.362475030826572
0.00270354928511619 -0.363263234777103
0.00273058477796735 -0.364061287094677
0.00275789062574703 -0.364869333243935
0.0027854695320045 -0.365687521822718
0.00281332422732454 -0.36651600467202
0.00284145746959779 -0.367354936992472
0.00286987204429376 -0.368204477485294
0.0028985707647367 -0.36906479161256
0.00292755647238407 -0.369936036272944
0.00295683203710791 -0.37081838956216
0.00298640035747899 -0.371712024599548
0.00301626436105378 -0.372617116931977
0.00304642700466432 -0.373533848226382
0.00307689127471096 -0.374462408119218
0.00310766018745807 -0.375402986784541
0.00313873678933265 -0.376355780447709
0.00317012415722598 -0.377320990300363
0.00320182539879824 -0.378298822697146
0.00323384365278622 -0.379289489346364
0.00326618208931408 -0.380293207508585
0.00329884391020722 -0.381310200202855
0.00333183234930929 -0.382340696768605
0.00336515067280239 -0.383384931713201
0.00339880217953041 -0.384443148168287
0.00343279020132572 -0.385515572073025
0.00346711810333897 -0.386602518879637
0.00350178928437236 -0.387704192795906
0.00353680717721609 -0.388820882764031
0.00357217524898825 -0.3899528662835
0.00360789700147813 -0.391100428873294
0.00364397597149291 -0.392263864349138
0.00368041573120784 -0.393443475125495
0.00371721988851992 -0.394639572509833
0.00375439208740512 -0.395852478364775
0.00379193600827917 -0.397082518360765
0.00382985536836196 -0.398330038331812
0.00386815392204558 -0.399595385359272
0.00390683546126603 -0.400878925171015
0.0039459038158787 -0.402181019254332
0.00398536285403748 -0.403502060899834
0.00402521648257786 -0.404842440847889
0.00406546864740364 -0.406202564668667
0.00410612333387767 -0.407582862032309
0.00414718456721645 -0.408983755320592
0.00418865641288861 -0.410405696106908
0.0042305429770175 -0.411849146276214
0.00427284840678767 -0.413314577660456
0.00431557689085555 -0.414802485926477
0.00435873265976411 -0.416313377295992
0.00440231998636175 -0.417847766230709
0.00444634318622536 -0.419406191322694
0.00449080661808762 -0.420989221510579
0.00453571468426849 -0.422597412596752
0.00458107183111118 -0.424231379256035
0.00462688254942229 -0.42589170200743
0.00467315137491651 -0.427579038392068
0.00471988288866568 -0.429294024532051
0.00476708171755234 -0.43103729596589
0.00481475253472786 -0.432809648280254
0.00486290006007514 -0.434611702951148
0.00491152906067589 -0.436444229973262
0.00496064435128265 -0.43830798697049
0.00501025079479548 -0.440203743310774
0.00506035330274343 -0.442132339075178
0.00511095683577087 -0.444094592146167
0.00516206640412858 -0.446091371113748
0.00521368706816986 -0.448123564906503
0.00526582393885156 -0.450192105579311
0.00531848217824008 -0.452297920139835
0.00537166700002248 -0.454442000826376
0.0054253836700227 -0.456625352154743
0.00547963750672293 -0.45884901838452
0.00553443388179016 -0.461114074990894
0.00558977822060806 -0.463421721661339
0.00564567600281414 -0.465772918663005
0.00570213276284228 -0.468168942527288
0.0057591540904707 -0.470610995718935
0.00581674563137541 -0.473100376117118
0.00587491308768917 -0.475638256407722
0.00593366221856606 -0.478226271023573
0.00599299884075172 -0.480865497353056
0.00605292882915924 -0.48355745894071
0.00611345811745083 -0.486303643684896
0.00617459269862534 -0.489105545486208
0.00623633862561159 -0.491964745051795
0.00629870201186771 -0.49488283027827
0.00636168903198638 -0.497861526638117
0.00642530592230625 -0.500902503978184
0.00648955898152931 -0.504007561162767
0.0065544545713446 -0.507178508185031
0.00661999911705805 -0.510417236118458
0.00668619910822863 -0.513725721562458
0.00675306109931092 -0.5171059324031
0.00682059171030403 -0.520559578430174
0.00688879762740707 -0.52409004545909
0.00695768560368114 -0.527698307518893
0.00702726245971795 -0.531387065233406
0.00709753508431513 -0.535158669557814
0.00716851043515828 -0.539015573899129
0.00724019553950986 -0.542960193748055
0.00731259749490496 -0.546995155732944
0.00738572346985401 -0.551123742967693
0.00745958070455255 -0.555347882301819
0.00753417651159808 -0.559670899219443
0.00760951827671406 -0.564095692237618
0.0076856134594812 -0.568625336052432
0.00776246959407601 -0.573263042903578
0.00784009429001677 -0.578011972078674
0.00791849523291694 -0.582875790056596
0.00799768018524611 -0.587857876045749
0.00807765698709857 -0.592961915881063
0.00815843355696956 -0.598191669075448
0.00824001789253925 -0.603551239829627
0.00832241807146464 -0.609044400509854
0.008405642252179289 -0.614675515170226
0.00848969867470108 -0.620448946513489
0.0085745956614481 -0.626369302816565
0.008660341618062581 -0.63244112603083
0.008746945034243199 -0.638669352870832
0.008834414484585631 -0.645059129568976
0.008922758629431491 -0.651615668572785
0.0090119862157258 -0.65834443213078
0.00910210607788306 -0.665251129491031
0.00919312713866189 -0.672341593573657
0.00928505841004851 -0.679621979253561
0.009377908994149 -0.687098678343554
0.00947168808409049 -0.694778314774209
0.009566404964931391 -0.702667810661361
0.00966206901458071 -0.710774307042585
0.009758689704726511 -0.719105299167511
0.009856276601773781 -0.727668586354051
0.00995483936779152 -0.736472281842587
0.0100543877614694 -0.745524787737034
0.0101549316390841 -0.754834789608832
0.010256480955475 -0.764411793413416
0.0103590457650297 -0.774265195202009
0.01046263622268 -0.784404961677229
0.0105672625849068 -0.794841524481608
0.0106729352107559 -0.805585714781923
0.0107796645628634 -0.816648884176667
0.0108874612084921 -0.828042811708724
0.010996335820577 -0.839779826539456
0.0111062991787828 -0.851872992691932
0.0112173621705706 -0.864335347678776
0.0113295357922763 -0.877181070955436
0.0114428311501991 -0.890424765124365
0.0115572594617011 -0.904081651186195
0.0116728320563181 -0.918167622927347
0.0117895603768812 -0.932699216675138
0.0119074559806501 -0.94769371990552
0.0120265305404566 -0.963169060619562
0.0121467958458611 -0.979143965148724
0.0122682638043197 -0.9956379385424
0.0123909464423629 -1.01267115232779
0.0125148559067866 -1.03026471692617
0.0126400044658544 -1.04844037457432
0.012766404510513 -1.06722080841549
0.0128940685556181 -1.08662958714339
0.0130230092411743 -1.10669081575556
0.013153239333586 -1.12742956104044
0.0132847717269219 -1.14887170035456
0.0134176194441911 -1.17104347710192
0.013551795638633 -1.19397233217654
0.0136873135950193 -1.21768618989677
0.0138241867309695 -1.24221301008497
0.0139624285982792 -1.26758178480857
0.014102052884262 -1.29382157091605
0.0142430734131046 -1.32096143606063
0.0143855041472357 -1.34903062784636
0.014529359188708 -1.37805786900088
0.0146746527805951 -1.4080717500035
0.0148213993084011 -1.43909917089438
0.0149696133014851 -1.47116645949948
0.0151193094344999 -1.50429801298553
0.0152705025288449 -1.538515940222
0.0154232075541334 -1.57383956378061
0.0155774396296747 -1.61028462414494
0.0157332140259715 -1.64786266710738
0.0158905461662312 -1.68657976105262
0.0160494516278935 -1.72643600707293
0.0162099461441724 -1.76742413165224
0.0163720456056142 -1.80952816403401
0.0165357660616703 -1.85272226165658
0.016701123722287 -1.89696913157095
0.0168681349595099 -1.94221814598572
0.017036816309105 -1.98840406575097
0.017207184472196 -2.03544483099953
0.017379256316918 -2.08323984538962
0.0175530488800872 -2.13166779692726
0.017728579368888 -2.18058598851483
0.0179058651625769 -2.22982561824844
0.0180849238142027 -2.279193601651
0.0182657730523447 -2.32846912351304
0.0184484307828682 -2.37740338081629
0.0186329150906968 -2.42571865780576
0.0188192442416038 -2.47310924852976
0.0190074366840199 -2.51924162410205
0.0191975110508601 -2.56375719239727
0.0193894861613687 -2.60627508526097
0.0195833810229823 -2.64639488871305
0.0197792148332122 -2.6837052285577
0.0199770069815443 -2.71778742815261
0.0201767770513597 -2.74822475223662
0.0203785448218733 -2.77461060610077
0.0205823302700921 -2.79655908646824
0.020788153572793 -2.81371413391352
0.0209960351085209 -2.82576039367365
0.0212059954596061 -2.83243270992365
0.0214180554142022 -2.83352566195874
0.0216322359683442 -2.82889852865107
0.0218485583280276 -2.81848658517842
0.0220670439113079 -2.80229862416093
0.022287714350421 -2.78042150987662
0.0225105914939252 -2.75301775757996
0.0227356974088645 -2.72032185590194
0.0229630543829531 -2.68263359200166
0.0231926849267826 -2.64031018392709
0.0234246117760505 -2.59375629829828
0.023658857893811 -2.5434132938607
0.0238954464727491 -2.48974758648718
0.0241344009374766 -2.43324031295884
0.0243757449468513 -2.37437572908091
0.0246195023963198 -2.31363255229687
0.024865697420283 -2.25147136949393
0.0251143543944859 -2.18833522174602
0.0253654979384307 -2.124636155606
0.025619152917815 -2.0607541203206
0.0258753444469932 -1.99703491596876
0.0261340978914631 -1.93378702332674
0.0263954388703778 -1.8712825549524
0.0266593932590815 -1.80975618059325
0.0269259871916724 -1.74940797133078
0.0271952470635891 -1.69040426873956
0.027467199534225 -1.63288088968542
0.0277418715295672 -1.5769443494089
0.0280192902448629 -1.52267594980325
0.0282994831473115 -1.47013384124735
0.0285824779787846 -1.41935568012248
0.0288683027585725 -1.37036145538788
0.0291569857861582 -1.32315590366108
0.0294485556440198 -1.27773064492364
0.02974304120046 -1.23406659040776
0.0300404716124646 -1.19213540943979
0.0303408763285892 -1.15190144990734
0.0306442850918751 -1.11332329375495
0.0309507279427939 -1.07635510653422
0.0312602352222218 -1.04094695641002
0.031572837574444 -1.00704743234279
0.0318885659501885 -0.974603186880255
0.0322074516096904 -0.943558864817173
0.0325295261257873 -0.913861266307295
0.0328548213870451 -0.885454163152008
0.0331833696009156 -0.858285160188751
0.0335152032969248 -0.832300081159448
0.033850355329894 -0.807447706809862
0.0341888588831929 -0.783677412502302
0.0345307474720249 -0.760939676945885
0.0348760549467451 -0.739187717370245
0.0352248154962126 -0.718375248498379
0.0355770636511747 -0.698459361498269
0.0359328342876865 -0.679395648136555
0.0362921626305633 -0.661144882378276
0.036655084256869 -0.64366903268767
0.0370216350994376 -0.626930509661056
0.037391851450432 -0.610893526853337
0.0377657699649363 -0.59552466497104
0.0381434276645857 -0.580791959876084
0.0385248619412316 -0.566664840248603
0.0389101105606439 -0.553114064994636
0.0392992116662503 -0.540111876112645
0.0396922037829128 -0.527632282502392
0.0400891258207419 -0.515650101561584
0.0404900170789494 -0.504141704708194
0.0408949172497389 -0.493084709385866
0.0413038664222363 -0.482457087420702
0.0417169050864586 -0.472238820233541
0.0421340741373232 -0.46241102930212
0.0425554148786964 -0.452955499320497
0.0429809690274834 -0.443853131687133
0.0434107787177582 -0.435088796741791
0.0438448865049358 -0.42664656201397
0.0442833353699852 -0.418511361883986
0.044726168723685 -0.410668976863311
0.0451734304109219 -0.403105801713446
0.0456251647150311 -0.395809115910285
0.0460814163621814 -0.388766574569183
0.0465422305258032 -0.381966674697019
0.0470076528310613 -0.375398018558466
0.0474777293593719 -0.369050430483434
0.0479525066529656 -0.362913765631966
0.0484320317194952 -0.356978355733131
0.0489163520366902 -0.351235151951601
0.0494055155570571 -0.345675593606417
0.0498995707126277 -0.340291184930163
0.0503985664197539 -0.335074367245584
0.0509025520839515 -0.330017142511479
0.051411577604791 -0.325112809076074
0.0519256933808389 -0.320354324646517
0.0524449503146473 -0.315735172196132
0.0529693998177938 -0.311249166202954
0.0534990938159717 -0.306890370952482
0.0540340847541314 -0.302653095204462
0.0545744256016727 -0.298531950160977
0.0551201698576895 -0.294521850383898
0.0556713715562664 -0.290617686668697
0.056228085271829 -0.286814972515119
0.0567903661245473 -0.28310914487824
0.0573582697857928 -0.279495929452852
0.0579318524836507 -0.275971259146235
0.0585111710084872 -0.272531232208737
0.0590962827185721 -0.269172162315896
0.0596872455457578 -0.265890510954902
0.0602841180012154 -0.262682894480757
0.0608869591812276 -0.259546122304298
0.0614958287730398 -0.256477122372317
0.0621107870607702 -0.25347309103037
0.0627318949313779 -0.250531064224707
0.0633592138806917 -0.247648521002403
0.0639928060194986 -0.244822938397597
0.0646327340796936 -0.242051930535901
0.0652790614204906 -0.23933323485734
0.0659318520346955 -0.236664713281812
0.06659117055504241 -0.234044348038522
0.06725708226059279 -0.231470199258273
0.0679296530831988 -0.228940369929328
0.0686089496140308 -0.226453318251559
0.0692950391101711 -0.224007264460763
0.0699879895012728 -0.221600691411405
0.0706878693962855 -0.21923218947308
0.0713947480902484 -0.216900366585578
0.0721086955711509 -0.214603953897493
0.0728297825268624 -0.212341734016219
0.073558080352131 -0.210112579751229
0.07429366115565229 -0.207915521187529
0.07503659776720881 -0.20574940411026
0.07578696374488091 -0.20361351934627
0.0765448333823297 -0.201506864012754
0.07731028171615301 -0.199428708181739
0.07808338453331461 -0.197378291169059
0.0788642183786477 -0.19535498491638
0.0796528605624342 -0.19335808838456
0.08044938916805849 -0.191387167896346
0.0812538830597391 -0.189441587738131
0.0820664218903365 -0.187520894691497
0.08288708610923989 -0.185624682231787
0.08371595697033229 -0.183752554943738
0.0845531165400356 -0.181904149312898
0.085398647705436 -0.180079121290381
0.0862526341824903 -0.178277291990332
0.0871151605243152 -0.176498332174131
0.0879863121295584 -0.17474199435039
0.0888661752508539 -0.173008126734641
0.08975483700336249 -0.171296541417435
0.09065238537339609 -0.169607084370357
0.0915589092271301 -0.167939602648705
0.0924744983194014 -0.166294012144368
0.0933992433025954 -0.164670243882036
0.0943332357356213 -0.163068076318352
0.0952765680929776 -0.161487601465226
0.0962293337739073 -0.159928581400743
0.0971916271116464 -0.158391071309763
0.0981635433827629 -0.156874916595003
0.0991451788165905 -0.155380140906474
0.100136630604756 -0.153906613767806
0.101137996910804 -0.152454311702289
0.102149376879912 -0.151023143504407
0.103170870648711 -0.149613077930228
0.104202579355198 -0.148223994074818
0.10524460514875 -0.146855851663321
0.106297051200238 -0.145508523258476
0.10736002171224 -0.144181947756946
0.108433621929363 -0.142876042909524
0.109517958148656 -0.141590616123957
0.110613137730143 -0.140325562999921
0.111719269107444 -0.139080777011481
0.112836461798519 -0.137856077447485
0.113964826416504 -0.136651299382361
0.115104474680669 -0.135466263982735
0.116255519427476 -0.134300773903913
0.11741807462175 -0.133154641513908
0.118592255367968 -0.132027643664757
0.119778177921647 -0.130919565030998
0.120975959700864 -0.129830137988922
0.122185719297873 -0.128759080917775
0.123407576490851 -0.127706195539691
0.12464165225576 -0.126671190217682
0.125888068778317 -0.125653748288204
0.127146949466101 -0.124653593549444
0.128418418960762 -0.12367042052627
0.129702603150369 -0.122703914825932
0.130999629181873 -0.121753753511649
0.132309625473692 -0.120819625148955
0.133632721728429 -0.119901172312004
0.134969048945713 -0.118998069892755
0.13631873943517 -0.11810996640435
0.137681926829522 -0.117236533421769
0.139058746097817 -0.116377411269974
0.140449333558795 -0.115532262335119
0.141853826894383 -0.114700733284455
0.143272365163327 -0.113882470641691
0.14470508881496 -0.113077134270575
0.14615213970311 -0.112284376591197
0.147613661100141 -0.111503869035995
0.149089797711142 -0.110735255229354
0.150580695688254 -0.109978205802386
0.152086502645136 -0.109232386805317
0.153607367671588 -0.108497502322873
0.155143441348303 -0.107773197218566
0.156694875761787 -0.107059188229161
0.158261824519404 -0.106355160818787
0.159844442764598 -0.105660809139139
0.161442887192244 -0.104975866833544
0.163057316064167 -0.104300033252927
0.164687889224809 -0.103633041579049
0.166334768117057 -0.102974635806651
0.167998115798227 -0.102324542676726
0.169678096956209 -0.101682532707573
0.171374877925772 -0.101048360700439
0.173088626705029 -0.100421801773812
0.17481951297208 -0.0998026277880577
0.1765677081018 -0.099190629025011
0.178333385182818 -0.0985855994320176
0.180116719034647 -0.0979873405178106
0.181917886224993 -0.097395668400935
0.183737065087243 -0.0968103967528638
0.185574435738115 -0.0962313409994561
0.187430180095497 -0.0956583371988061
0.189304481896452 -0.0950912011250384
0.191197526715416 -0.0945297621181806
0.19310950198257 -0.0939738241711096
0.195040597002396 -0.0934231338833288
0.19699100297242 -0.092877629703407
0.198960913002144 -0.0923337537902731
0.200950522132166 -0.0917861659795341
0.202960027353487 -0.0912637272100087
0.204989627627022 -0.0907412664378785
0.207039523903292 -0.090223498463714
0.209109919142325 -0.0897100638266532
0.211201018333748 -0.0892010011113888
0.213313028517086 -0.0886962632095159
0.215446158802257 -0.0881957935456859
0.217600620390279 -0.0876995146646307
0.219776626594182 -0.0872073469107441
0.221974392860124 -0.0867192071448036
0.224194136788725 -0.0862350100671999
0.226436078156613 -0.0857546703515218
0.228700438938179 -0.0852781021005668
0.23098744332756 -0.0848052171931933
0.233297317760836 -0.0843359309549877
0.235630290938444 -0.0838701539502981
0.237986593847829 -0.0834078007110626
0.240366459786307 -0.0829487876490645
0.24277012438417 -0.0824930194573401
0.245197825628012 -0.0820404097452042
0.247649803884292 -0.0815908762342098
0.250126301923135 -0.0811443329236973
0.252627564942366 -0.0807006853935269
0.25515384059179 -0.08025984776018
0.257705378997708 -0.0798217418197861
0.260282432787685 -0.0793862685582519
0.262885257115562 -0.0789533627048752
0.265514109686717 -0.0785229218311759
0.268169250783585 -0.0780948648217852
0.27085094329142 -0.0776691171569824
0.273559452724335 -0.0772455912625347
0.276295047251578 -0.0768242100110391
0.279057997724094 -0.0764048944327372
0.281848577701335 -0.0759875701337943
0.284667063478348 -0.0755721635335096
0.287513734113132 -0.0751586002201327
0.290388871454263 -0.0747468130105681
0.293292760168805 -0.0743367307795847
0.296225687770494 -0.0739282989370322
0.299187944648198 -0.0735214540634921
0.30217982409468 -0.073116133640271
0.305201622335627 -0.0727122855595128
0.308253638558984 -0.0723098682791602
0.311336174944573 -0.0719088230616425
0.314449536694019 -0.071509110946584
0.317594032060959 -0.0711106939658402
0.320769972381569 -0.070713530621126
0.323977672105385 -0.0703175896547849
0.327217448826438 -0.0699228469217634
0.330489623314703 -0.0695292828225996
0.33379451954785 -0.0691368623212524
0.337132464743328 -0.0687455783382861
0.340503789390762 -0.0683554123524485
0.343908827284669 -0.0679663559728176
0.347347915557516 -0.0675783996666657
0.350821394713091 -0.0671915385644691
0.354329608660222 -0.066805772373013
0.357872904746824 -0.0664210927096008
0.361451633794292 -0.0660375073996313
0.365066150132235 -0.0656550145358476
0.368716811633558 -0.0652736257557235
0.372403979749893 -0.064893333707262
0.376128019547392 -0.0645141565403453
0.379889299742866 -0.0641360844648978
0.383688192740295 -0.0637591292102487
0.387525074667698 -0.0633832916631817
0.391400325414375 -0.0630085678619981
0.395314328668518 -0.0626349671344891
0.399267471955204 -0.0622624735023554
0.403260146674756 -0.0618910908576041
0.407292748141503 -0.0615208109328568
0.411365675622918 -0.0611516194824345
0.415479332379147 -0.0607835013828444
0.419634125702939 -0.0604164382377371
0.423830466959968 -0.0600504090233448
0.428068771629568 -0.0596853849933377
0.432349459345864 -0.0593213374812902
0.436672953939322 -0.0589582317197629
0.441039683478716 -0.0585960300489974
0.445450080313503 -0.058234693199648
0.449904581116638 -0.057874174754393
0.454403626927804 -0.0575144265410525
0.458947663197082 -0.0571553947982887
0.463537139829053 -0.0567970315813342
0.468172511227344 -0.056439276001804
0.472854236339617 -0.0560820704977672
0.477582778703013 -0.0557253543274734
0.482358606490043 -0.0553690677012988
0.487182192554944 -0.0550131470385131
0.492054014480493 -0.0546575260570646
0.496974554625298 -0.0543021408414127
0.501944300171551 -0.0539469327328158
0.506963743173267 -0.0535918374974627
0.512033380604999 -0.0532367930590754
0.517153714411049 -0.0528817372990829
0.52232525155516 -0.0525266119679244
0.527548504070711 -0.0521713564017141
0.532823989111418 -0.0518159163281278
0.538152229002533 -0.0514602344022572
0.543533751292558 -0.0511042619777946
0.548969088805484 -0.0507479445379798
0.554458779693538 -0.050391233659252
0.560003367490474 -0.0500340822572297
0.565603401165378 -0.0496764442702388
0.571259435177032 -0.0493182773534921
0.576972029528803 -0.0489595381843169
0.582741749824091 -0.0486001849959451
0.588569167322331 -0.0482401802800147
0.5944548589955549 -0.047879481993117
0.60039940758551 -0.0475180500181588
0.606403401661365 -0.0471558416990634
0.612467435677979 -0.0467928291561139
0.618592110034759 -0.0464289657495839
0.624778031135106 -0.0460642149601374
0.631025811446457 -0.0456985323905981
0.637336069560922 -0.0453318595076655
0.643709430256531 -0.0449641904912932
0.650146524559097 -0.0445954650665495
0.656647989804688 -0.0442256115973373
0.663214469702734 -0.0438545995477404
0.669846614399762 -0.0434823655886205
0.6765450805437589 -0.0431088583453657
0.6833105313491969 -0.0427340146295099
0.690143636662689 -0.0423577726006467
0.697045073029316 -0.0419800616998004
0.704015523759609 -0.041600808008314
0.711055678997205 -0.0412199417334717
0.718166235787177 -0.0408373809692953
0.725347898145049 -0.0404530397876331
0.732601377126499 -0.0400668342929429
0.739927390897764 -0.0396786746515084
0.747326664806742 -0.0392884607061499
0.7547999314548089 -0.0388961062104353
0.762347930769357 -0.0385015003859706
0.7699714100770511 -0.0381045514588292
0.777671124177822 -0.0377051494735987
0.7854478354195999 -0.0373031933282748
0.793302313773796 -0.0368985742696225
0.801235336911534 -0.0364911917677298
0.809247690280649 -0.0360809416191029
0.817340167183456 -0.0356677219201401
0.82551356885529 -0.0352514342661645
0.833768704543843 -0.0348319863128844
0.842106391589282 -0.0344092673502419
0.8505274555051739 -0.0339832479687662
0.8547800927827 -0.0337684102655748
0.859032730060226 -0.0335537941257245
0.863327893710527 -0.0333372282419289
0.867623057360828 -0.0331208597559056
0.871961172647633 -0.0329025303919974
0.874130230291035 -0.0327934336676988
0.876299287934437 -0.0326843904550699
0.878490036154273 -0.0325743060561774
0.880680784374109 -0.0324642641366406
0.882871532593945 -0.0323542759293142
0.885062280813781 -0.0322443328016432
0.887274936515815 -0.0321333385966094
0.88948759221785 -0.0320223897356832
0.891700247919885 -0.0319114948349876
0.893912903621919 -0.0318006436036936
0.898382468140029 -0.0315768808359933
0.902852032658138 -0.0313533043998982
0.907366292821429 -0.0311277029110073
0.91188055298472 -0.0309023049875124
0.916439955749644 -0.0306748671046521
0.920999358514567 -0.0304476426468548
0.92560435530714 -0.03021838087326
0.930209352099712 -0.0299893374581012
0.93951144562071 -0.0295274457798661
0.948906560076917 -0.0290619623287474
0.958395625677686 -0.0285930145004462
0.967979581934463 -0.0281206661510506
0.977659377753807 -0.0276450244277968
0.987435971531345 -0.0271662189588861
0.997310331246659 -0.0266843941466439
1.00728343455913 -0.0261997179192218
1.01735626890472 -0.0257123681451268
1.02752983159376 -0.0252225572375161
1.0378051299097 -0.0247305000364208
1.0481831812088 -0.0242364441297847
1.05866501302089 -0.0237406735466573
1.0692516631511 -0.0232434482633923
1.07994417978261 -0.0227450560548806
1.09074362158043 -0.0222457919862999
1.10165105779624 -0.0217460368885416
1.1126675683742 -0.0212461068697412
1.12379424405794 -0.020746357026496
1.13503218649852 -0.0202471600895752
1.14638250836351 -0.0197488909690801
1.15784633344714 -0.0192519344548076
1.16942479678161 -0.0187566898291731
1.18111904474943 -0.0182635493047571
1.19293023519692 -0.0177729254201143
1.20485953754889 -0.0172852136391285
1.21690813292438 -0.0168008207643547
1.22299267358901 -0.0165594014772781
1.22907721425363 -0.0163201541883774
1.23522260032489 -0.0160807530602989
1.24136798639616 -0.0158436142160387
1.24447140636215 -0.0157247289935825
1.24757482632814 -0.0156064279504723
1.25067824629413 -0.0154887165849379
1.25378166626012 -0.0153715955326439
1.25534889334295 -0.0153126761082302
1.25691612042577 -0.0152539039782976
1.26005057459142 -0.0151368209868751
1.26318502875707 -0.015020348876357
1.26631948292272 -0.0149044871245351
1.26948528163003 -0.0147880887922122
1.27265108033733 -0.0146723189589286
1.27581687904464 -0.0145571781587169
1.27898267775195 -0.0144426685291851
1.28218013444633 -0.0143276557943697
1.28537759114071 -0.0142132930811663
1.29177250452947 -0.0139865088059813
1.29823136705212 -0.0137601094669387
1.30469022957477 -0.0135363749285727
1.31121368072264 -0.0133131194422534
1.31773713187051 -0.0130926033851853
1.32432581752987 -0.0128726645857366
1.33091450318922 -0.0126555268506563
1.33756907570517 -0.0124390652466117
1.34422364822111 -0.0122254620875411
1.35094476646222 -0.0120126275889555
1.35766588470332 -0.0118027077629009
1.36445421412684 -0.0115936366907788
1.37124254355036 -0.0113875406882019
1.38495496898586 -0.0109802037705745
1.39880451867572 -0.0105809858510954
1.41279256386247 -0.0101900578695099
1.4269204895011 -0.00980763441356177
1.44118969439611 -0.00943389137314458
1.45560159134007 -0.00906898147853536
1.47015760725347 -0.00871303546958122
1.48485918332601 -0.00836616399987804
1.49970777515927 -0.00802844971847483
1.51470485291086 -0.00769995702670575
1.52985190143997 -0.00738072924647867
1.54515042045437 -0.00707078686543403
1.56060192465891 -0.00677012940759719
1.5762079439055 -0.00647873675798465
1.59197002334456 -0.00619657134214789
1.607889723578 -0.00592357307656053
1.62396862081378 -0.00565966716335367
1.64020830702192 -0.00540476158213669
1.65661039009214 -0.00515874864431987
1.67317649399306 -0.00492150349620709
1.68990825893299 -0.00469289856154567
1.70680734152232 -0.00447277804790885
1.72387541493754 -0.00426098553081994
1.74111416908692 -0.00405735215342867
1.75852531077779 -0.00386170005912618
1.77611056388557 -0.0036738436409494
1.79387166952442 -0.00349359076418878
1.81181038621967 -0.00332074288195816
1.82992849008186 -0.0031550999219212
1.84822777498268 -0.00299645382883361
1.86671005273251 -0.00284459692764844
1.88537715325983 -0.00269931925766681
1.90423092479243 -0.00256040984660038
1.92327323404036 -0.00242765795765388
1.94250596638076 -0.0023008534797273
1.96193102604457 -0.00217978767426008
1.98155033630501 -0.00206425423135836
2.00136583966806 -0.00195404899839832
2.02137949806474 -0.00184897138126598
2.04159329304539 -0.00174882426154422
2.06200922597584 -0.00165341469220125
2.0826293182356 -0.00156255364456541
2.10345561141796 -0.00147605804122845
2.12449016753214 -0.00139374799225464
2.14573506920746 -0.00131544991776526
2.16719241989954 -0.00124099513166906
2.18886434409853 -0.00117022038570665
2.21075298753952 -0.00110296780353397
2.23286051741491 -0.00103908501341419
2.25518912258906 -0.000978425075762432
2.27774101381495 -0.000920846451087397
2.3005184239531 -0.000866212949577643
2.32352360819263 -0.00081439364422653
2.34675884427456 -0.000765262682962359
2.3702264327173 -0.000718699307686045
2.39392869704448 -0.000674587578559204
2.41786798401492 -0.000632816286290973
2.44204666385507 -0.000593278765563632
2.46646713049362 -0.000555872761629039
2.49113180179856 -0.000520500222663698
2.51604311981654 -0.000487067162152103
2.54120355101471 -0.000455483450396115
2.56661558652486 -0.000425662688510738
2.5922817423901 -0.000397522064298427
2.618204559814 -0.000370982093722313
2.64438660541214 -0.000345966582652189
2.67083047146627 -0.000322402429225233
2.69753877618093 -0.000300219498335801
2.72451416394274 -0.000279350479408119
2.75175930558217 -0.000259730781731072
2.77927689863799 -0.000241298409238792
2.80706966762437 -0.000223993853269898
2.83514036430061 -0.000207760000440162
2.86349176794362 -0.000192542036351411
2.89212668562305 -0.000178287357149933
2.92104795247928 -0.000164945491679664
2.95025843200408 -0.000152468027247787
2.97976101632412 -0.000140808540313143
3.00955862648736 -0.000129922529057951
3.03965421275223 -0.000119767356559978
3.07005075487975 -0.000110302191752695
3.10075126242855 -0.000101487953660035
3.13175877505284 -9.32872616879869e-05
3.16307636280337 -8.566438491421e-05
3.1947071264314 -7.85851946406831e-05
3.22665419769571 -7.20171182844839e-05
3.25892073967267 -6.59290952604019e-05
3.2915099470694 -6.02915304955155e-05
3.32442504654009 -5.50762506163168e-05
3.35766929700549 -5.02564646399705e-05
3.39124598997555 -4.58067168811245e-05
3.4251584498753 -4.17028471949636e-05
3.45941003437406 -3.79219473874762e-05
3.4940041347178 -3.44423197627881e-05
3.52894417606497 -3.12434349372714e-05
3.56423361782562 -2.83058898695916e-05
3.59987595400388 -2.56113663104737e-05
3.63587471354392 -2.31425894989451e-05
3.67223346067936 -2.08832868515359e-05
3.70895579528615 -1.88181472591118e-05
3.74604535323901 -1.69327804685857e-05
3.7835058067714 -1.52136774686457e-05
3.82134086483912 -1.36481709030016e-05
3.85955427348751 -1.22243963306978e-05
3.89814981622238 -1.09312543956359e-05
3.93713131438461 -9.75837336011652e-06
3.97650262752845 -8.69607285818206e-06
4.01626765380374 -7.7353283203081e-06
4.05643033034178 -6.8677365482496e-06
4.09699463364519 -6.08548210852829e-06
4.13796457998165 -5.38130492255188e-06
4.17934422578146 -4.7484688584074e-06
4.22113766803928 -4.18073147705582e-06
4.26334904471967 -3.67231488311098e-06
4.30598253516687 -3.21787773364998e-06
4.34904236051854 -2.81248839079552e-06
4.39253278412372 -2.4515992229674e-06
4.43645811196496 -2.13102205583436e-06
4.48082269308461 -1.84690475681376e-06
4.52563092001545 -1.59570893729803e-06
4.57088722921561 -1.3741887653202e-06
4.61659610150777 -1.17937085046937e-06
4.66276206252284 -1.00853518911848e-06
4.70938968314807 -1e-06
4.75648357997955 -1e-06
4.80404841577935 -1e-06
4.85208889993714 -1e-06
4.90060978893651 -1e-06
4.94961588682588 -1e-06
4.99911204569414 -1e-06
5.04910316615108 -1e-06
5.09959419781259 -1e-06
5.15059013979072 -1e-06
5.20209604118862 -1e-06
5.25411700160051 -1e-06
5.30665817161651 -1e-06
5.35972475333268 -1e-06
5.41332200086601 -1e-06
5.46745522087467 -1e-06
5.52212977308341 -1e-06
5.57735107081425 -1e-06
5.63312458152239 -1e-06
5.68945582733762 -1e-06
5.74635038561099 -1e-06
5.8038138894671 -1e-06
5.86185202836177 -1e-06
5.92047054864539 -1e-06
5.97967525413184 -1e-06
6.03947200667316 -1e-06
6.0998667267399 -1e-06
6.16086539400729 -1e-06
6.22247404794737 -1e-06
6.28469878842684 -1e-06
6.34754577631111 -1e-06
6.41102123407422 -1e-06
6.47513144641496 -1e-06
6.53988276087911 -1e-06
6.60528158848791 -1e-06
6.67133440437278 -1e-06
6.73804774841651 -1e-06
6.80542822590068 -1e-06
6.87348250815968 -1e-06
6.94221733324128 -1e-06
7.01163950657369 -1e-06
7.08175590163943 -1e-06
7.15257346065582 -1e-06
7.22409919526238 -1e-06
7.29634018721501 -1e-06
7.36930358908716 -1e-06
7.44299662497803 -1e-06
7.51742659122781 -1e-06
7.59260085714009 -1e-06
7.66852686571149 -1e-06
7.7452121343686 -1e-06
7.82266425571229 -1e-06
7.90089089826941 -1e-06
7.97989980725211 -1e-06
8.059698805324629 -1e-06
8.14029579337787 -1e-06
8.221698751311649 -1e-06
8.30391573882477 -1e-06
8.38695489621302 -1e-06
8.47082444517515 -1e-06
8.555532689626901 -1e-06
8.64108801652317 -1e-06
8.727498896688401 -1e-06
8.81477388565529 -1e-06
8.902921624511841 -1e-06
8.99195084075696 -1e-06
9.081870349164531 -1e-06
9.172689052656169 -1e-06
9.26441594318274 -1e-06
9.357060102614559 -1e-06
9.45063070364071 -1e-06
9.54513701067712 -1e-06
9.640588380783891 -1e-06
9.736994264591729 -1e-06
9.834364207237639 -1e-06
9.93270784931002 -1e-06
10.0320349278031 -1e-06
10.1323552770812 -1e-06
10.233678829852 -1e-06
10.3360156181505 -1e-06
10.439375774332 -1e-06
10.5437695320753 -1e-06
10.6492072273961 -1e-06
10.75569929967 -1e-06
10.8632562926667 -1e-06
10.9718888555934 -1e-06
11.0816077441493 -1e-06
11.1924238215908 -1e-06
11.3043480598067 -1e-06
11.4173915404048 -1e-06
11.5315654558088 -1e-06
11.6468811103669 -1e-06
11.7633499214706 -1e-06
11.8809834206853 -1e-06
11.9997932548922 -1e-06
12.1197911874411 -1e-06
12.2409890993155 -1e-06
12.3633989903086 -1e-06
12.4870329802117 -1e-06
12.6119033100138 -1e-06
12.738022343114 -1e-06
12.8654025665451 -1e-06
12.9940565922106 -1e-06
13.1239971581327 -1e-06
13.255237129714 -1e-06
13.3877895010112 -1e-06
13.5216673960213 -1e-06
13.6568840699815 -1e-06
13.7934529106813 -1e-06
13.9313874397881 -1e-06
14.070701314186 -1e-06
14.2114083273278 -1e-06
14.3535224106011 -1e-06
14.4970576347071 -1e-06
14.6420282110542 -1e-06
14.7884484931648 -1e-06
14.9363329780964 -1e-06
15.0856963078774 -1e-06
15.2365532709561 -1e-06
15.3889188036657 -1e-06
15.5428079917024 -1e-06
15.6982360716194 -1e-06
15.8552184323356 -1e-06
16.0137706166589 -1e-06
16.1739083228255 -1e-06
16.3356474060538 -1e-06
16.4990038801143 -1e-06
16.6639939189155 -1e-06
16.8306338581046 -1e-06
16.9989401966857 -1e-06
17.1689295986525 -1e-06
17.340618894639 -1e-06
17.5140250835854 -1e-06
17.6891653344213 -1e-06
17.8660569877655 -1e-06
18.0447175576431 -1e-06
18.2251647332196 -1e-06
18.4074163805518 -1e-06
18.5914905443573 -1e-06
18.7774054498009 -1e-06
18.9651795042989 -1e-06
19.1548312993419 -1e-06
19.3463796123353 -1e-06
19.5398434084586 -1e-06
19.7352418425432 -1e-06
19.9325942609687 -1e-06
20.1319202035783 -1e-06
20.3332394056141 -1e-06
20.5365717996703 -1e-06
20.741937517667 -1e-06
20.9493568928436 -1e-06
21.1588504617721 -1e-06
21.3704389663898 -1e-06
21.5841433560537 -1e-06
21.7999847896142 -1e-06
22.0179846375104 -1e-06
22.2381644838855 -1e-06
22.4605461287243 -1e-06
22.6851515900116 -1e-06
22.9120031059117 -1e-06
23.1411231369708 -1e-06
23.3725343683405 -1e-06
23.6062597120239 -1e-06
23.8423223091442 -1e-06
24.0807455322356 -1e-06
24.321552987558 -1e-06
24.5647685174336 -1e-06
24.8104162026079 -1e-06
25.058520364634 -1e-06
25.3091055682803 -1e-06
25.5621966239631 -1e-06
25.8178185902027 -1e-06
26.0759967761048 -1e-06
26.3367567438658 -1e-06
26.6001243113045 -1e-06
26.8661255544175 -1e-06
27.1347868099617 -1e-06
27.4061346780613 -1e-06
27.6801960248419 -1e-06
27.9569979850903 -1e-06
28.2365679649412 -1e-06
28.5189336445907 -1e-06
28.8041229810366 -1e-06
29.0921642108469 -1e-06
29.3830858529554 -1e-06
29.676916711485 -1e-06
29.9736858785998 -1e-06
30.2734227373858 -1e-06
30.5761569647597 -1e-06
30.8819185344073 -1e-06
31.1907377197513 -1e-06
31.5026450969488 -1e-06
31.8176715479183 -1e-06
32.1358482633975 -1e-06
32.4572067460315 -1e-06
32.7817788134918 -1e-06
33.1095966016267 -1e-06
33.440692567643 -1e-06
33.7750994933194 -1e-06
34.1128504882526 -1e-06
34.4539789931351 -1e-06
34.7985187830665 -1e-06
35.1465039708972 -1e-06
35.4979690106061 -1e-06
35.8529487007122 -1e-06
36.2114781877193 -1e-06
36.5735929695965 -1e-06
36.9393288992925 -1e-06
37.3087221882854 -1e-06
37.6818094101683 -1e-06
38.0586275042699 -1e-06
38.4392137793127 -1e-06
38.8236059171058 -1e-06
39.2118419762768 -1e-06
39.6039603960396 -1e-06
40 -1e-06
