-40 1e-5
-39.6039603960396 1e-5
-39.2118419762768 1e-5
-38.8236059171058 1e-5
-38.4392137793127 1e-5
-38.0586275042699 1e-5
-37.6818094101683 1e-5
-37.3087221882854 1e-5
-36.9393288992925 1e-5
-36.5735929695965 1e-5
-36.2114781877193 1e-5
-35.8529487007122 1e-5
-35.4979690106061 1e-5
-35.1465039708972 1e-5
-34.7985187830665 1e-5
-34.4539789931351 1e-5
-34.1128504882526 1e-5
-33.7750994933194 1e-5
-33.440692567643 1e-5
-33.1095966016267 1e-5
-32.7817788134918 1e-5
-32.4572067460315 1e-5
-32.1358482633975 1e-5
-31.8176715479183 1e-5
-31.5026450969488 1e-5
-31.1907377197513 1e-5
-30.8819185344073 1e-5
-30.5761569647597 1e-5
-30.2734227373858 1e-5
-29.9736858785998 1e-5
-29.676916711485 1e-5
-29.3830858529554 1e-5
-29.0921642108469 1e-5
-28.8041229810366 1e-5
-28.5189336445907 1e-5
-28.2365679649412 1e-5
-27.9569979850903 1e-5
-27.6801960248419 1e-5
-27.4061346780613 1e-5
-27.1347868099617 1e-5
-26.8661255544175 1e-5
-26.6001243113045 1e-5
-26.3367567438658 1e-5
-26.0759967761048 1e-5
-25.8178185902027 1e-5
-25.5621966239631 1e-5
-25.3091055682803 1e-5
-25.058520364634 1e-5
-24.8104162026079 1e-5
-24.5647685174336 1e-5
-24.321552987558 1e-5
-24.0807455322356 1e-5
-23.8423223091442 1e-5
-23.6062597120239 1e-5
-23.3725343683405 1e-5
-23.1411231369708 1e-5
-22.9120031059117 1e-5
-22.6851515900116 1e-5
-22.4605461287243 1e-5
-22.2381644838855 1e-5
-22.0179846375104 1e-5
-21.7999847896142 1e-5
-21.5841433560537 1e-5
-21.3704389663898 1e-5
-21.1588504617721 1e-5
-20.9493568928436 1e-5
-20.741937517667 1e-5
-20.5365717996703 1e-5
-20.3332394056141 1e-5
-20.1319202035783 1e-5
-19.9325942609687 1e-5
-19.7352418425432 1e-5
-19.5398434084586 1e-5
-19.3463796123353 1e-5
-19.1548312993419 1e-5
-18.9651795042989 1e-5
-18.7774054498009 1e-5
-18.5914905443573 1e-5
-18.4074163805518 1e-5
-18.2251647332196 1e-5
-18.0447175576431 1e-5
-17.8660569877655 1e-5
-17.6891653344213 1e-5
-17.5140250835854 1e-5
-17.340618894639 1e-5
-17.1689295986525 1e-5
-16.9989401966857 1e-5
-16.8306338581046 1e-5
-16.6639939189155 1e-5
-16.4990038801143 1e-5
-16.3356474060538 1e-5
-16.1739083228255 1e-5
-16.0137706166589 1e-5
-15.8552184323356 1e-5
-15.6982360716194 1e-5
-15.5428079917024 1e-5
-15.3889188036657 1e-5
-15.2365532709561 1e-5
-15.0856963078774 1e-5
-14.9363329780964 1e-5
-14.7884484931648 1e-5
-14.6420282110542 1e-5
-14.4970576347071 1e-5
-14.3535224106011 1e-5
-14.2114083273278 1e-5
-14.070701314186 1e-5
-13.9313874397881 1e-5
-13.7934529106813 1e-5
-13.6568840699815 1e-5
-13.5216673960213 1e-5
-13.3877895010112 1e-5
-13.255237129714 1e-5
-13.1239971581327 1e-5
-12.9940565922106 1e-5
-12.8654025665451 1e-5
-12.738022343114 1e-5
-12.6119033100138 1e-5
-12.4870329802117 1e-5
-12.3633989903086 1e-5
-12.2409890993155 1e-5
-12.1197911874411 1e-5
-11.9997932548922 1e-5
-11.8809834206853 1e-5
-11.7633499214706 1e-5
-11.6468811103669 1e-5
-11.5315654558088 1e-5
-11.4173915404048 1e-5
-11.3043480598067 1e-5
-11.1924238215908 1e-5
-11.0816077441493 1e-5
-10.9718888555934 1e-5
-10.8632562926667 1e-5
-10.75569929967 1e-5
-10.6492072273961 1e-5
-10.5437695320753 1e-5
-10.439375774332 1e-5
-10.3360156181505 1e-5
-10.233678829852 1e-5
-10.1323552770812 1e-5
-10.0320349278031 1e-5
-9.93270784931002 1e-5
-9.834364207237639 1e-5
-9.736994264591729 1e-5
-9.640588380783891 1e-5
-9.54513701067712 1e-5
-9.45063070364071 1e-5
-9.357060102614559 1e-5
-9.26441594318274 1e-5
-9.172689052656169 1e-5
-9.081870349164531 1e-5
-8.99195084075696 1e-5
-8.902921624511841 1e-5
-8.81477388565529 1e-5
-8.727498896688401 1e-5
-8.64108801652317 1e-5
-8.555532689626901 1e-5
-8.47082444517515 1e-5
-8.38695489621302 1e-5
-8.30391573882477 1e-5
-8.221698751311649 1e-5
-8.14029579337787 1e-5
-8.059698805324629 1e-5
-7.97989980725211 1e-5
-7.90089089826941 1e-5
-7.82266425571229 1e-5
-7.7452121343686 1e-5
-7.66852686571149 1e-5
-7.59260085714009 1e-5
-7.51742659122781 1e-5
-7.44299662497803 1e-5
-7.36930358908716 1e-5
-7.29634018721501 1e-5
-7.22409919526238 1e-5
-7.15257346065582 1e-5
-7.08175590163943 1e-5
-7.01163950657369 1e-5
-6.94221733324128 1e-5
-6.87348250815968 1e-5
-6.80542822590068 1e-5
-6.73804774841651 1e-5
-6.67133440437278 1e-5
-6.60528158848791 1e-5
-6.53988276087911 1e-5
-6.47513144641496 1e-5
-6.41102123407422 1e-5
-6.34754577631111 1e-5
-6.28469878842684 1e-5
-6.22247404794737 1e-5
-6.16086539400729 1e-5
-6.0998667267399 1e-5
-6.03947200667316 1e-5
-5.97967525413184 1e-5
-5.92047054864539 1e-5
-5.86185202836177 1e-5
-5.8038138894671 1e-5
-5.74635038561099 1e-5
-5.68945582733762 1e-5
-5.63312458152239 1e-5
-5.57735107081425 1e-5
-5.52212977308341 1e-5
-5.46745522087467 1e-5
-5.41332200086601 1e-5
-5.35972475333268 1e-5
-5.30665817161651 1e-5
-5.25411700160051 1e-5
-5.20209604118862 1e-5
-5.15059013979072 1e-5
-5.09959419781259 1e-5
-5.04910316615108 1e-5
-4.99911204569414 1e-5
-4.94961588682588 1e-5
-4.90060978893651 1e-5
-4.85208889993714 1e-5
-4.80404841577935 1e-5
-4.75648357997955 1e-5
-4.70938968314807 1e-5
-4.66276206252284 1e-5
-4.61659610150777 1e-5
-4.57088722921561 1e-5
-4.52563092001545 1e-5
-4.48082269308461 1e-5
-4.43645811196496 1e-5
-4.39253278412372 1e-5
-4.34904236051854 1e-5
-4.30598253516687 1e-5
-4.26334904471967 1e-5
-4.22113766803928 1e-5
-4.17934422578146 1e-5
-4.13796457998165 1e-5
-4.09699463364519 1e-5
-4.05643033034178 1e-5
-4.01626765380374 1e-5
-3.97650262752845 1e-5
-3.93713131438461 1e-5
-3.89814981622238 1e-5
-3.85955427348751 1e-5
-3.82134086483912 1e-5
-3.7835058067714 1e-5
-3.74604535323901 1e-5
-3.70895579528615 1e-5
-3.67223346067936 1e-5
-3.63587471354392 1e-5
-3.59987595400388 1e-5
-3.56423361782562 1e-5
-3.52894417606497 1e-5
-3.4940041347178 1e-5
-3.45941003437406 1e-5
-3.4251584498753 1e-5
-3.39124598997555 1e-5
-3.35766929700549 1e-5
-3.32442504654009 1e-5
-3.2915099470694 1e-5
-3.25892073967267 1e-5
-3.22665419769571 1e-5
-3.1947071264314 1e-5
-3.16307636280337 1e-5
-3.13175877505284 1e-5
-3.10075126242855 1e-5
-3.07005075487975 1e-5
-3.03965421275223 1e-5
-3.00955862648736 1e-5
-2.97976101632412 1e-5
-2.95025843200408 1e-5
-2.92104795247928 1e-5
-2.89212668562305 1e-5
-2.86349176794362 1e-5
-2.83514036430061 1e-5
-2.80706966762437 1e-5
-2.77927689863799 1e-5
-2.75175930558217 1e-5
-2.72451416394274 1e-5
-2.69753877618093 1e-5
-2.67083047146627 1e-5
-2.64438660541214 1e-5
-2.618204559814 1e-5
-2.5922817423901 1e-5
-2.56661558652486 1e-5
-2.54120355101471 1e-5
-2.51604311981654 1e-5
-2.49113180179856 1e-5
-2.46646713049362 1e-5
-2.44204666385507 1e-5
-2.41786798401492 1e-5
-2.39392869704448 1e-5
-2.3702264327173 1e-5
-2.34675884427456 1e-5
-2.32352360819263 1e-5
-2.3005184239531 1e-5
-2.27774101381495 1e-5
-2.25518912258906 1e-5
-2.23286051741491 1e-5
-2.21075298753952 1.00438101282331e-05
-2.18886434409853 1.09501133935747e-05
-2.16719241989954 1.19313103447366e-05
-2.14573506920746 1.29930634887455e-05
-2.12449016753214 1.41414346172949e-05
-2.10345561141796 1.53829095782458e-05
-2.0826293182356 1.67244313527595e-05
-2.06200922597584 1.81734312261124e-05
-2.04159329304539 1.97378640564224e-05
-2.02137949806474 2.14262472716389e-05
-2.00136583966806 2.3247698612363e-05
-1.98155033630501 2.52119843519896e-05
-1.96193102604457 2.73295654623558e-05
-1.94250596638076 2.96116503934349e-05
-1.92327323404036 3.20702521160459e-05
-1.90423092479243 3.47182506991372e-05
-1.88537715325983 3.75694545908537e-05
-1.86671005273251 4.06459634582589e-05
-1.84822777498268 4.39418425021137e-05
-1.82992849008186 4.74960022637981e-05
-1.81181038621967 5.13195027377537e-05
-1.79387166952442 5.54320518241617e-05
-1.77611056388557 5.9854827791615e-05
-1.75852531077779 6.46106152681083e-05
-1.74111416908692 6.97239223302445e-05
-1.72387541493754 7.52211315577231e-05
-1.70680734152232 8.113065027679e-05
-1.68990825893299 8.74830863840839e-05
-1.67317649399306 9.43114077166865e-05
-1.65661039009214 0.000101651205685053
-1.64020830702192 0.000109540809063192
-1.62396862081378 0.000118021616042667
-1.607889723578 0.000127138294820428
-1.59197002334456 0.000136939091420563
-1.5762079439055 0.000147476115531592
-1.56060192465891 0.000158805677771974
-1.54515042045437 0.000170988649011797
-1.52985190143997 0.000184090846356332
-1.51470485291086 0.000198183474617348
-1.49970777515927 0.000213343578725094
-1.48485918332601 0.000229654552778634
-1.47015760725347 0.000247206691760238
-1.45560159134007 0.000266097834373939
-1.44118969439611 0.000286433946352354
-1.4269204895011 0.000308329919260071
-1.41279256386247 0.000331910398119963
-1.39880451867572 0.000357310593541191
-1.38495496898586 0.000384677033156881
-1.37124254355036 0.000414169712600659
-1.36445421412684 0.000429727082476804
-1.35766588470332 0.000445961288924062
-1.35094476646222 0.000462734875005454
-1.34422364822111 0.000480240394588566
-1.33756907570517 0.00049833017655624
-1.33091450318922 0.000517212051801542
-1.32432581752987 0.000536727009364565
-1.31773713187051 0.000557099567557056
-1.31121368072264 0.000578158477442718
-1.30469022957477 0.000600146407870138
-1.29823136705212 0.000622878859261385
-1.29177250452947 0.000646618086837701
-1.28537759114071 0.000671165718001416
-1.28218013444633 0.000683845402515738
-1.27898267775195 0.000696805169725212
-1.27581687904464 0.00070991947700656
-1.27265108033733 0.000723322487600837
-1.26948528163003 0.000737021699942627
-1.26631948292272 0.000751024771332893
-1.26318502875707 0.000765196304007746
-1.26005057459142 0.000779681285931543
-1.25691612042577 0.000794488023204893
-1.25534889334295 0.000802014562924071
-1.25378166626012 0.000809624741189638
-1.25067824629413 0.000824945162538052
-1.24757482632814 0.000840606350457591
-1.24447140636215 0.000856616980155916
-1.24136798639616 0.00087298633749888
-1.23522260032489 0.000906497155169032
-1.22907721425363 0.000941528759313034
-1.22299267358901 0.000977793162852238
-1.21690813292438 0.00101571315856723
-1.20485953754889 0.00109604956419457
-1.19293023519692 0.00118309727754843
-1.18111904474943 0.00127748261058925
-1.16942479678161 0.00137989708015056
-1.15784633344714 0.00149111257651215
-1.14638250836351 0.00161199213251432
-1.13503218649852 0.00174350406315896
-1.12379424405794 0.00188673918685183
-1.1126675683742 0.00204293140386611
-1.10165105779624 0.00221348317923731
-1.09074362158043 0.00239999660089074
-1.07994417978261 0.00260431221447575
-1.0692516631511 0.00282855759112871
-1.05866501302089 0.00307520855005632
-1.0481831812088 0.00334716802080288
-1.0378051299097 0.00364786754467893
-1.02752983159376 0.00398140097100247
-1.01735626890472 0.00435270126518197
-1.00728343455913 0.0047677804489205
-0.997310331246659 0.00523405730101863
-0.987435971531345 0.00576082084698541
-0.977659377753807 0.00635988683286562
-0.967979581934463 0.00704656928298526
-0.958395625677686 0.00784114195934286
-0.948906560076917 0.00877112037510372
-0.93951144562071 0.00987497718401941
-0.930209352099712 0.0112083770548989
-0.92560435530714 0.0119838233816646
-0.920999358514567 0.0128554521581428
-0.916439955749644 0.0138329683383354
-0.91188055298472 0.014950075739153
-0.907366292821429 0.0162271278128624
-0.902852032658138 0.0177195086270586
-0.898382468140029 0.0194707380668412
-0.893912903621919 0.0215808761357894
-0.891700247919885 0.0227949459486151
-0.88948759221785 0.0241468528862137
-0.887274936515815 0.0256609431638298
-0.885062280813781 0.0273666864094755
-0.882871532593945 0.029279140503466
-0.880680784374109 0.0314548085552927
-0.878490036154273 0.0339400207754601
-0.876299287934437 0.036784521746186
-0.874130230291035 0.040001577291969
-0.871961172647633 0.0436521899989484
-0.867623057360828 0.0522575177025206
-0.863327893710527 0.0621291789013096
-0.859032730060226 0.0725837742399268
-0.8547800927827 0.0828479207796703
-0.8505274555051739 0.0926809633533906
-0.842106391589282 0.110544540777153
-0.833768704543843 0.126280789950441
-0.82551356885529 0.140304114023704
-0.817340167183456 0.152964532152484
-0.809247690280649 0.164521555432401
-0.801235336911534 0.175166364622346
-0.793302313773796 0.185042392278192
-0.7854478354195999 0.194259544132537
-0.777671124177822 0.202904094386928
-0.7699714100770511 0.211045034836691
-0.762347930769357 0.218738516329158
-0.7547999314548089 0.226031087103171
-0.747326664806742 0.232961566835105
-0.739927390897764 0.239563001459932
-0.732601377126499 0.245863702885209
-0.725347898145049 0.251888152035921
-0.718166235787177 0.257657718299836
-0.711055678997205 0.263191178851422
-0.704015523759609 0.26850517969511
-0.697045073029316 0.273614471750678
-0.690143636662689 0.278532359615761
-0.6833105313491969 0.283270737922284
-0.6765450805437589 0.287840403282056
-0.669846614399762 0.29225111560735
-0.663214469702734 0.296511833228088
-0.656647989804688 0.3006306660156
-0.650146524559097 0.304615107121002
-0.643709430256531 0.308472046635943
-0.637336069560922 0.312207810815414
-0.631025811446457 0.315828278780902
-0.624778031135106 0.319338895092878
-0.618592110034759 0.322744715829007
-0.612467435677979 0.326050449654228
-0.606403401661365 0.329260485414917
-0.60039940758551 0.332378929295072
-0.5944548589955549 0.335409629062026
-0.588569167322331 0.338356180881492
-0.582741749824091 0.341221967355842
-0.576972029528803 0.344010168582252
-0.571259435177032 0.346723786986621
-0.565603401165378 0.349365636131537
-0.560003367490474 0.351938386418343
-0.554458779693538 0.354444549393745
-0.548969088805484 0.356886510265346
-0.543533751292558 0.359266521729016
-0.538152229002533 0.36158672228768
-0.532823989111418 0.363849136640801
-0.527548504070711 0.366055701658915
-0.52232525155516 0.368208217824401
-0.517153714411049 0.370308449329629
-0.512033380604999 0.372358043570782
-0.506963743173267 0.374358582010045
-0.501944300171551 0.376311563906201
-0.496974554625298 0.378218425232237
-0.492054014480493 0.380080527170841
-0.487182192554944 0.381899205092171
-0.482358606490043 0.38367568587523
-0.477582778703013 0.385411177367617
-0.472854236339617 0.387106821273221
-0.468172511227344 0.388763723017739
-0.463537139829053 0.390382936627631
-0.458947663197082 0.391965475051395
-0.454403626927804 0.393512308062572
-0.449904581116638 0.395024378220531
-0.445450080313503 0.396502585763237
-0.441039683478716 0.397947790958378
-0.436672953939322 0.399360837775871
-0.432349459345864 0.400742531989582
-0.428068771629568 0.402093653274273
-0.423830466959968 0.403414955264384
-0.419634125702939 0.404707168086309
-0.415479332379147 0.405970996533603
-0.411365675622918 0.407207128296977
-0.407292748141503 0.408416224841651
-0.403260146674756 0.409598933917424
-0.399267471955204 0.4107558763515
-0.395314328668518 0.411887666067395
-0.391400325414375 0.412994894848946
-0.387525074667698 0.414078139815264
-0.383688192740295 0.415137961661274
-0.379889299742866 0.416174910151425
-0.376128019547392 0.417189518830442
-0.372403979749893 0.418182310344364
-0.368716811633558 0.419153792131242
-0.365066150132235 0.42010446290823
-0.361451633794292 0.421034808108683
-0.357872904746824 0.42194529854829
-0.354329608660222 0.422836401328434
-0.350821394713091 0.423708568586016
-0.347347915557516 0.424562242608781
-0.343908827284669 0.425397854399876
-0.340503789390762 0.426215826766682
-0.337132464743328 0.4270165719562
-0.33379451954785 0.427800493402405
-0.330489623314703 0.42856798253078
-0.327217448826438 0.429319424307506
-0.323977672105385 0.430055191957653
-0.320769972381569 0.430775650697636
-0.317594032060959 0.431481156715971
-0.314449536694019 0.432172054509846
-0.311336174944573 0.432848684552223
-0.308253638558984 0.433511372767934
-0.305201622335627 0.434160441373849
-0.30217982409468 0.434796195690136
-0.299187944648198 0.435418942635641
-0.296225687770494 0.43602897379795
-0.293292760168805 0.436626573069744
-0.290388871454263 0.437212019730993
-0.287513734113132 0.437785578426057
-0.284667063478348 0.438347510370836
-0.281848577701335 0.438898067066787
-0.279057997724094 0.439437493278885
-0.276295047251578 0.439966025112321
-0.273559452724335 0.440483892367665
-0.27085094329142 0.440991315893782
-0.268169250783585 0.44148851165115
-0.265514109686717 0.441975687621677
-0.262885257115562 0.442453044901577
-0.260282432787685 0.442920781129209
-0.257705378997708 0.443379083335872
-0.25515384059179 0.44382813724407
-0.252627564942366 0.444268121671351
-0.250126301923135 0.444699208972251
-0.247649803884292 0.445121568133064
-0.245197825628012 0.44553536405176
-0.24277012438417 0.445940755607966
-0.240366459786307 0.446337899074475
-0.237986593847829 0.446726945901367
-0.235630290938444 0.447108046747118
-0.233297317760836 0.447481344915152
-0.23098744332756 0.447846983832572
-0.228700438938179 0.448205105052044
-0.226436078156613 0.448555843260734
-0.224194136788725 0.448899336197713
-0.221974392860124 0.449235716630235
-0.219776626594182 0.449565117002455
-0.217600620390279 0.449887667295011
-0.215446158802257 0.450203498444731
-0.213313028517086 0.450512738778164
-0.211201018333748 0.450815519468941
-0.209109919142325 0.451111971008168
-0.207039523903292 0.451402233179314
-0.204989627627022 0.451686464155754
-0.202960027353487 0.451964726293085
-0.200950522132166 0.452238367903256
-0.198960913002144 0.452502449342575
-0.19699100297242 0.452761719621183
-0.195040597002396 0.453016370348674
-0.19310950198257 0.453265709935958
-0.191197526715416 0.453509814887277
-0.189304481896452 0.453748765558386
-0.187430180095497 0.453982658014323
-0.185574435738115 0.45421159191844
-0.183737065087243 0.454435670001478
-0.181917886224993 0.454654991703863
-0.180116719034647 0.454869661316229
-0.178333385182818 0.45507977711831
-0.1765677081018 0.455285438535184
-0.17481951297208 0.455486741659256
-0.173088626705029 0.455683782498131
-0.171374877925772 0.455876653579855
-0.169678096956209 0.456065445497304
-0.167998115798227 0.456250247797385
-0.166334768117057 0.456431145401997
-0.164687889224809 0.456608222309597
-0.163057316064167 0.456781559480566
-0.161442887192244 0.45695123486861
-0.159844442764598 0.45711732539479
-0.158261824519404 0.457279903128177
-0.156694875761787 0.457439031645437
-0.155143441348303 0.457594785157776
-0.153607367671588 0.457747227926316
-0.152086502645136 0.457896414872085
-0.150580695688254 0.458042408752791
-0.149089797711142 0.458185263492893
-0.147613661100141 0.458325029398732
-0.14615213970311 0.458461755376128
-0.14470508881496 0.458595488932404
-0.143272365163327 0.458726275792151
-0.141853826894383 0.458854145130947
-0.140449333558795 0.458979146762979
-0.139058746097817 0.459101307905271
-0.137681926829522 0.459220667719847
-0.13631873943517 0.459337248818467
-0.134969048945713 0.459451084138827
-0.133632721728429 0.45956219557329
-0.132309625473692 0.45967060537462
-0.130999629181873 0.459776338393724
-0.129702603150369 0.459879412761646
-0.128418418960762 0.459979838825706
-0.127146949466101 0.460077643672461
-0.125888068778317 0.46017283357022
-0.12464165225576 0.460265423139739
-0.123407576490851 0.460355423679495
-0.122185719297873 0.460442847082712
-0.120975959700864 0.460527702799202
-0.119778177921647 0.460609996563177
-0.118592255367968 0.460689739188286
-0.11741807462175 0.460766937681058
-0.116255519427476 0.460841598493388
-0.115104474680669 0.460913725867267
-0.113964826416504 0.460983331197442
-0.112836461798519 0.461050418404215
-0.111719269107444 0.461114992816425
-0.110613137730143 0.46117706069122
-0.109517958148656 0.461236628434158
-0.108433621929363 0.461293701475756
-0.10736002171224 0.461348292128904
-0.106297051200238 0.46140039248884
-0.10524460514875 0.461450020789886
-0.104202579355198 0.461497180964179
-0.103170870648711 0.461541880892726
-0.102149376879912 0.46158412690153
-0.101137996910804 0.461623926308902
-0.100136630604756 0.461661285655793
-0.0991451788165905 0.46169621479138
-0.0981635433827629 0.461728716804037
-0.0971916271116464 0.461758804642572
-0.0962293337739073 0.461786481043789
-0.0952765680929776 0.461811753886475
-0.0943332357356213 0.461834632680199
-0.0933992433025954 0.461855120788455
-0.0924744983194014 0.461873225617676
-0.0915589092271301 0.461888951000355
-0.09065238537339609 0.461902303828813
-0.08975483700336249 0.461913281794237
-0.0888661752508539 0.461921896213612
-0.0879863121295584 0.461928145822986
-0.0871151605243152 0.461932031514942
-0.0862526341824903 0.461933552326077
-0.085398647705436 0.461932705385741
-0.0845531165400356 0.46192948820812
-0.08371595697033229 0.461923895764732
-0.08288708610923989 0.461915923159109
-0.0820664218903365 0.461905559749647
-0.0812538830597391 0.461892798981015
-0.08044938916805849 0.461877625101178
-0.0796528605624342 0.461860027559342
-0.0788642183786477 0.46183999005071
-0.07808338453331461 0.461817490521984
-0.07731028171615301 0.461792514787967
-0.0765448333823297 0.461765038497418
-0.07578696374488091 0.461735034710277
-0.07503659776720881 0.461702481395936
-0.07429366115565229 0.461667347928697
-0.073558080352131 0.461629604354545
-0.0728297825268624 0.461589219910961
-0.0721086955711509 0.461546156884827
-0.0713947480902484 0.461500381578766
-0.0706878693962855 0.461451856288923
-0.0699879895012728 0.461400541414328
-0.0692950391101711 0.461346394381808
-0.0686089496140308 0.461289374131879
-0.0679296530831988 0.461229437247403
-0.06725708226059279 0.461166537270151
-0.06659117055504241 0.461100633975123
-0.0659318520346955 0.461031672500595
-0.0652790614204906 0.460959613121524
-0.0646327340796936 0.46088440563653
-0.0639928060194986 0.460806001762669
-0.0633592138806917 0.460724357156307
-0.0627318949313779 0.460639420769197
-0.0621107870607702 0.460551147535471
-0.0614958287730398 0.460459490508699
-0.0608869591812276 0.460364410170994
-0.0602841180012154 0.460265846319949
-0.0596872455457578 0.460163769694306
-0.0590962827185721 0.460058132318816
-0.0585111710084872 0.459948893607409
-0.0579318524836507 0.459836013588681
-0.0573582697857928 0.459719454668956
-0.0567903661245473 0.459599179653891
-0.056228085271829 0.459475153611057
-0.0556713715562664 0.459347343791356
-0.0551201698576895 0.459215722490651
-0.0545744256016727 0.45908024716836
-0.0540340847541314 0.458940906640073
-0.0534990938159717 0.458797668517499
-0.0529693998177938 0.458650508013303
-0.0524449503146473 0.458499403584448
-0.0519256933808389 0.458344336227986
-0.051411577604791 0.458185289396464
-0.0509025520839515 0.458022237512626
-0.0503985664197539 0.457855175799212
-0.0498995707126277 0.457684080401511
-0.0494055155570571 0.457508938829587
-0.0489163520366902 0.457329739924682
-0.0484320317194952 0.45714647789062
-0.0479525066529656 0.456959140549478
-0.0474777293593719 0.45676771131928
-0.0470076528310613 0.456572182602104
-0.0465422305258032 0.456372547337542
-0.0460814163621814 0.456168797406233
-0.0456251647150311 0.455960914732428
-0.0451734304109219 0.455748889837011
-0.044726168723685 0.455532719792274
-0.0442833353699852 0.455312389104467
-0.0438448865049358 0.455087886703349
-0.0434107787177582 0.454859197542934
-0.0429809690274834 0.454626309329086
-0.0425554148786964 0.45438921582065
-0.0421340741373232 0.454147886538136
-0.0417169050864586 0.453902313965416
-0.0413038664222363 0.453652475891893
-0.0408949172497389 0.45339835645105
-0.0404900170789494 0.453139930827031
-0.0400891258207419 0.452877185098515
-0.0396922037829128 0.452610088222852
-0.0392992116662503 0.452338622277309
-0.0389101105606439 0.452062767392946
-0.0385248619412316 0.45178249499538
-0.0381434276645857 0.451497774830299
-0.0377657699649363 0.451208591470205
-0.037391851450432 0.450914904301883
-0.0370216350994376 0.45061671569111
-0.036655084256869 0.450313959054711
-0.0362921626305633 0.450006646662162
-0.0359328342876865 0.449694727806918
-0.0355770636511747 0.449378194494615
-0.0352248154962126 0.449057023472011
-0.0348760549467451 0.448731194628043
-0.0345307474720249 0.448400669868582
-0.0341888588831929 0.448065462156646
-0.033850355329894 0.447725508100164
-0.0335152032969248 0.4473808354551
-0.0331833696009156 0.447031423466268
-0.0328548213870451 0.446677243832897
-0.0325295261257873 0.446318307042852
-0.0322074516096904 0.445954601987179
-0.0318885659501885 0.445586127293762
-0.031572837574444 0.445212887480416
-0.0312602352222218 0.444834873719665
-0.0309507279427939 0.444452108044084
-0.0306442850918751 0.444064592889398
-0.0303408763285892 0.443672335645587
-0.0300404716124646 0.443275362210648
-0.02974304120046 0.442873678843182
-0.0294485556440198 0.442467318991693
-0.0291569857861582 0.442056295660585
-0.0288683027585725 0.441640638430585
-0.0285824779787846 0.441220381059632
-0.0282994831473115 0.44079553863496
-0.0280192902448629 0.440366175770407
-0.0277418715295672 0.439932299279384
-0.027467199534225 0.439493947292186
-0.0271952470635891 0.439051162137419
-0.0269259871916724 0.438603988959728
-0.0266593932590815 0.438152474932119
-0.0263954388703778 0.437696633276063
-0.0261340978914631 0.437236532034714
-0.0258753444469932 0.436772194987231
-0.025619152917815 0.436303672816125
-0.0253654979384307 0.435831031290936
-0.0251143543944859 0.435354283218237
-0.024865697420283 0.434873479234976
-0.0246195023963198 0.434388654995196
-0.0243757449468513 0.433899863414644
-0.0241344009374766 0.433407146807349
-0.0238954464727491 0.432910534626866
-0.023658857893811 0.43241007213109
-0.0234246117760505 0.431905794623897
-0.0231926849267826 0.431397755856893
-0.0229630543829531 0.430885968223134
-0.0227356974088645 0.430370478790119
-0.0225105914939252 0.429851321832992
-0.022287714350421 0.4293285313104
-0.0220670439113079 0.428802140548261
-0.0218485583280276 0.428272183235821
-0.0216322359683442 0.427738688015928
-0.0214180554142022 0.427201687430144
-0.0212059954596061 0.426661214158795
-0.0209960351085209 0.426117289085118
-0.020788153572793 0.425569967018798
-0.0205823302700921 0.42501924621342
-0.0203785448218733 0.424465172372705
-0.0201767770513597 0.423907783566873
-0.0199770069815443 0.423347095898986
-0.0197792148332122 0.422783154889435
-0.0195833810229823 0.422215987154386
-0.0193894861613687 0.421645617636291
-0.0191975110508601 0.421072093309409
-0.0190074366840199 0.42049544024582
-0.0188192442416038 0.419915702350812
-0.0186329150906968 0.419332912547537
-0.0184484307828682 0.418747111547269
-0.0182657730523447 0.41815833398355
-0.0180849238142027 0.417566635765846
-0.0179058651625769 0.416972063184116
-0.017728579368888 0.416374647473873
-0.0175530488800872 0.415774438525843
-0.017379256316918 0.415171491584576
-0.017207184472196 0.414565856522875
-0.017036816309105 0.413957585585193
-0.0168681349595099 0.413346733942306
-0.016701123722287 0.412733358069436
-0.0165357660616703 0.412117516620275
-0.0163720456056142 0.411499268757436
-0.0162099461441724 0.410878671058046
-0.0160494516278935 0.410255792553584
-0.0158905461662312 0.409630693075069
-0.0157332140259715 0.409003435910652
-0.0155774396296747 0.408374096925931
-0.0154232075541334 0.407742737148058
-0.0152705025288449 0.407109419785069
-0.0151193094344999 0.406474207867364
-0.0149696133014851 0.40583718046655
-0.0148213993084011 0.405198422037442
-0.0146746527805951 0.404557979889335
-0.014529359188708 0.40391592246187
-0.0143855041472357 0.403272356584288
-0.0142430734131046 0.402627315085482
-0.014102052884262 0.401980879414828
-0.0139624285982792 0.401333124274015
-0.0138241867309695 0.400684117243558
-0.0136873135950193 0.400033923206649
-0.013551795638633 0.399382647415004
-0.0134176194441911 0.398730327506615
-0.0132847717269219 0.398077026601461
-0.013153239333586 0.39742283613115
-0.0130230092411743 0.396767819140978
-0.0128940685556181 0.396112042292952
-0.012766404510513 0.395455574765389
-0.0126400044658544 0.394798483610659
-0.0125148559067866 0.394140838357752
-0.0123909464423629 0.393482704956974
-0.0122682638043197 0.392824152264789
-0.0121467958458611 0.392165245128071
-0.0120265305404566 0.39150604648627
-0.0119074559806501 0.390846618993749
-0.0117895603768812 0.390187038787058
-0.0116728320563181 0.38952735789132
-0.0115572594617011 0.388867642166584
-0.0114428311501991 0.388207962685726
-0.0113295357922763 0.387548360364966
-0.0112173621705706 0.386888948134575
-0.0111062991787828 0.386229704467717
-0.010996335820577 0.385570758625796
-0.0108874612084921 0.384912152898466
-0.0107796645628634 0.384253945147392
-0.0106729352107559 0.383596192613009
-0.0105672625849068 0.382938954912775
-0.01046263622268 0.382282299270714
-0.0103590457650297 0.381626268987106
-0.010256480955475 0.380970936779956
-0.0101549316390841 0.380316351233338
-0.0100543877614694 0.379662573390743
-0.00995483936779152 0.379009655781895
-0.009856276601773781 0.37835765776007
-0.009758689704726511 0.377706634382679
-0.00966206901458071 0.377056636038426
-0.009566404964931391 0.376407722869867
-0.00947168808409049 0.375759943601596
-0.009377908994149 0.375113355827929
-0.00928505841004851 0.374468001906226
-0.00919312713866189 0.373823944615443
-0.00910210607788306 0.37318122996201
-0.0090119862157258 0.372539904856888
-0.008922758629431491 0.371900020410826
-0.008834414484585631 0.371261628207387
-0.008746945034243199 0.370624774402998
-0.008660341618062581 0.3699894959598
-0.0085745956614481 0.369355850568627
-0.00848969867470108 0.368723878751046
-0.008405642252179289 0.368093618420975
-0.00832241807146464 0.367465120595456
-0.00824001789253925 0.366838421980675
-0.00815843355696956 0.366213565955467
-0.00807765698709857 0.365590591334592
-0.00799768018524611 0.36496953479812
-0.00791849523291694 0.364350436150635
-0.00784009429001677 0.363733332867125
-0.00776246959407601 0.363118255251956
-0.0076856134594812 0.362505245849769
-0.00760951827671406 0.361894329341214
-0.00753417651159808 0.361285540495543
-0.00745958070455255 0.360678910984927
-0.00738572346985401 0.360074474029724
-0.00731259749490496 0.359472254840653
-0.00724019553950986 0.35887228439271
-0.00716851043515828 0.358274587175041
-0.00709753508431513 0.357679189460405
-0.00702726245971795 0.357086119222944
-0.00695768560368114 0.356495397697412
-0.00688879762740707 0.3559070487982
-0.00682059171030403 0.355321092827977
-0.00675306109931092 0.354737554804982
-0.00668619910822863 0.354156448958503
-0.00661999911705805 0.353577801686719
-0.0065544545713446 0.353001627407663
-0.00648955898152931 0.352427944646655
-0.00642530592230625 0.351856771307469
-0.00636168903198638 0.351288122028294
-0.00629870201186771 0.350722013230884
-0.00623633862561159 0.350158457812186
-0.00617459269862534 0.349597470720044
-0.00611345811745083 0.349039064847386
-0.00605292882915924 0.348483253218981
-0.00599299884075172 0.347930044647301
-0.00593366221856606 0.34737945380609
-0.00587491308768917 0.346831492557801
-0.00581674563137541 0.346286164197877
-0.0057591540904707 0.345743483346214
-0.00570213276284228 0.345203457212841
-0.00564567600281414 0.344666093986026
-0.00558977822060806 0.344131401397909
-0.00553443388179016 0.343599387147158
-0.00547963750672293 0.343070055897827
-0.0054253836700227 0.342543417121606
-0.00537166700002248 0.342019474179401
-0.00531848217824008 0.341498233165765
-0.00526582393885156 0.340979699018137
-0.00521368706816986 0.340463883484284
-0.00516206640412858 0.339950769216247
-0.00511095683577087 0.339440381470365
-0.00506035330274343 0.338932716556765
-0.00501025079479548 0.338427780022502
-0.00496064435128265 0.337925567370728
-0.00491152906067589 0.337426088197865
-0.00486290006007514 0.336929343934089
-0.00481475253472786 0.336435331281844
-0.00476708171755234 0.335944057515531
-0.00471988288866568 0.335455521911908
-0.00467315137491651 0.334969723288852
-0.00462688254942229 0.334486666443408
-0.00458107183111118 0.334006347007991
-0.00453571468426849 0.333528770157957
-0.00449080661808762 0.333053911548947
-0.00444634318622536 0.332581813030355
-0.00440231998636175 0.332112454698985
-0.00435873265976411 0.331645834995488
-0.00431557689085555 0.33118195287657
-0.00427284840678767 0.330720843166787
-0.0042305429770175 0.330262396374244
-0.00418865641288861 0.329806718909912
-0.00414718456721645 0.329353772924136
-0.00410612333387767 0.328903556367229
-0.00406546864740364 0.328456066985164
-0.00402521648257786 0.328011301855695
-0.00398536285403748 0.327569283326895
-0.0039459038158787 0.327129958514716
-0.00390683546126603 0.326693352043417
-0.00386815392204558 0.326259458590348
-0.00382985536836196 0.32582827333017
-0.00379193600827917 0.325399793426934
-0.00375439208740512 0.324974017823085
-0.00371721988851992 0.324550938397831
-0.00368041573120784 0.324130553933421
-0.00364397597149291 0.323712859349395
-0.00360789700147813 0.3232978504171
-0.00357217524898825 0.322885522189356
-0.00353680717721609 0.32247586922087
-0.00350178928437236 0.322068887008524
-0.00346711810333897 0.321664570338881
-0.00343279020132572 0.321262916613948
-0.00339880217953041 0.320863911972333
-0.00336515067280239 0.320467559869927
-0.00333183234930929 0.320073850686826
-0.00329884391020722 0.319682778450762
-0.00326618208931408 0.319294337808632
-0.00323384365278622 0.318908522058225
-0.00320182539879824 0.318525325159172
-0.00317012415722598 0.318144739690726
-0.00313873678933265 0.31776675889325
-0.00310766018745807 0.317391376809508
-0.00307689127471096 0.317018585536325
-0.00304642700466432 0.316648378546
-0.00301626436105378 0.316280748187697
-0.00298640035747899 0.315915687079536
-0.00295683203710791 0.315553188253744
-0.00292755647238407 0.315193240750272
-0.0028985707647367 0.314835843257471
-0.00286987204429376 0.314480983830982
-0.00284145746959779 0.314128648857164
-0.00281332422732454 0.313778838052439
-0.0027854695320045 0.313431540253307
-0.00275789062574703 0.313086747324213
-0.00273058477796735 0.312744449375871
-0.00270354928511619 0.31240463891473
-0.00267678147041207 0.312067306571018
-0.00265027868357631 0.311732443300973
-0.0026240383005706 0.311400039980895
-0.00259805772333723 0.311070087672684
-0.00257233437954181 0.310742576452705
-0.00254686572231862 0.310417496964402
-0.00252164923001844 0.310094839707489
-0.00249668240595885 0.309774594999618
-0.00247196277817708 0.309456753032747
-0.00244748789918523 0.309141303906586
-0.00242325534572795 0.308828237629932
-0.00239926271854252 0.308517544087611
-0.00237550764212131 0.308209213095324
-0.00235198776447654 0.30790323436361
-0.00232870075690747 0.30759959752082
-0.00230564431376977 0.30729829209982
-0.0022828161522473 0.306999307548717
-0.00226021401212604 0.306702633232908
-0.00223783565557034 0.306408258436241
-0.00221567886690132 0.306116172362704
-0.00219374145237755 0.30582636413965
-0.00217202123997777 0.305538822819409
-0.00215051607918591 0.305253537381522
-0.00212922384077813 0.304970496737303
-0.00210814241661201 0.304689689722056
-0.00208726971941783 0.304411107068511
-0.00206660368259191 0.304134734187667
-0.00204614225999199 0.303860560469859
-0.00202588342573464 0.3035885727944
-0.0020058251739947 0.303318761742852
-0.00198596551880663 0.303051120024541
-0.00196630249386795 0.302785631248471
-0.00194683415234451 0.302522285032755
-0.00192755856667773 0.302261068045217
-0.00190847382839379 0.302001971345056
-0.00188957804791465 0.301744979597726
-0.00187086935437094 0.301490085076865
-0.00185234589541677 0.301237273350048
-0.0018340058370463 0.300986533186813
-0.00181584736341218 0.300737852469718
-0.00179786867664573 0.300491219629246
-0.00178006799667894 0.300246622615007
-0.00176244356106825 0.300004049360217
-0.00174499362482005 0.299763487881068
-0.00172771646021787 0.299524926073639
-0.00171061035665136 0.299288351894581
-0.00169367362044689 0.299053753264006
-0.00167690457469989 0.298821118079127
-0.00166030155910881 0.298590434222597
-0.0016438629298107 0.298361689561688
-0.00162758705921851 0.298134871952903
-0.00161147233585991 0.297909969242384
-0.00159551716421774 0.297686969268938
-0.00157971996457202 0.297465859865342
-0.00156407917284358 0.297246628860547
-0.00154859324043919 0.297029264048043
-0.00153326063409821 0.296813753321765
-0.0015180798357408 0.296600084397908
-0.00150304934231762 0.296388245277475
-0.00148816766566101 0.296178223728392
-0.00147343333233764 0.295970007341295
-0.00145884488350261 0.29576358422233
-0.00144440087475506 0.295558942298427
-0.00143009987599511 0.295356068858863
-0.00141594047128228 0.295154952946602
-0.00140192125869533 0.294955581668889
-0.0013880408501934 0.29475794301384
-0.00137429787147861 0.294562024936758
-0.00136069096186001 0.294367815397615
-0.00134721877411882 0.294175302372349
-0.00133387997437507 0.293984473856783
-0.00132067324195552 0.293795317889337
-0.00130759726926289 0.293607822465357
-0.00129465076164642 0.293421975659995
-0.00128183243727369 0.293237765510654
-0.00126914102700365 0.293055179650664
-0.00125657527426104 0.292874209539807
-0.00124413393491192 0.292694838354356
-0.00123181577714052 0.292517056754314
-0.00121961958132724 0.292340852961292
-0.00120754413992796 0.292166215190921
-0.00119558825735442 0.291993131749284
-0.00118375074985586 0.291821590991725
-0.00117203044540184 0.29165158131572
-0.00116042618356618 0.291483091159547
-0.00114893681541206 0.291316109002427
-0.00113756120337828 0.29115062336515
-0.00112629822116661 0.290986622810848
-0.00111514675363031 0.290824095945865
-0.00110410569666367 0.290663031420637
-0.00109317395709274 0.29050341793061
-0.00108235045256707 0.290345244217217
-0.00107163411145255 0.290188499068917
-0.00106102387272529 0.290033171323092
-0.00105051868586663 0.289879249865795
-0.00104011751075904 0.289726723646837
-0.00102981931758321 0.289575581690961
-0.00101962308671605 0.28942581217999
-0.00100952780862975 0.289277405567488
-0.00099953248379183 0.28913035037
-0.0009896361225661681 0.288984635674109
-0.000979837745115018 0.288840251098434
-0.000970136381301998 0.288697185601348
-0.000960531070596037 0.288555428564521
-0.000951020861976275 0.288414969392459
-0.000941604813837896 0.288275797544775
-0.0009322819938989071 0.288137902530752
-0.000923051479107828 0.288001273915472
-0.000913912355552305 0.28786590131703
-0.000904863718368619 0.287731774411577
-0.000895904671652098 0.287598882931218
-0.000887034328368414 0.287467216665041
-0.000878251810265756 0.287336765459515
-0.000869556247787878 0.287207519218868
-0.000860946779987997 0.28707946790539
-0.0008524225544435619 0.286952601539745
-0.000843982727171843 0.286826910201242
-0.00083562646254638 0.28670238402809
-0.000827352933214237 0.286579013217638
-0.000819161320014096 0.286456788044532
-0.000811050811895145 0.286335698790093
-0.000803020605836777 0.286215735847207
-0.000795069906769086 0.286096889651839
-0.000787197927494145 0.285979150700305
-0.000779403888608064 0.285862509548959
-0.000771687018423826 0.285746956813919
-0.000764046552894877 0.285632483174365
-0.000756481735539482 0.285519079363711
-0.000748991817365824 0.285406736182026
-0.000741576056797845 0.285295444487996
-0.000734233719601827 0.285185195201011
-0.00072696407881369 0.285075979301168
-0.00071976641466702 0.28496778782928
-0.000712640014521802 0.284860611886882
-0.000705584172793863 0.284754442635413
-0.000698598190885013 0.284649271299062
-0.000691681377113875 0.284545089160107
-0.0006848330466474 0.284441887561207
-0.00067805252143307 0.284339657902836
-0.000671339130131752 0.284238391635856
-0.00066469220805124 0.284138080208476
-0.000658111097080435 0.284038717868675
-0.0006515951456241939 0.283940289534925
-0.000645143708538805 0.283842792581994
-0.000638756147068124 0.283746217290013
-0.000632431828780321 0.283650556111379
-0.000626170127505268 0.283555799506105
-0.000619970423272543 0.283461941078696
-0.000613832102250043 0.283368971477523
-0.00060775455668321 0.283276883294531
-0.000601737184834862 0.283185668637353
-0.000595779390925606 0.283095319685095
-0.000589880585074857 0.283005828679769
-0.000584040183242433 0.282917187923078
-0.000578257607170726 0.282829389775841
-0.000572532284327451 0.282742426657552
-0.000566863647848961 0.282656291046075
-0.00056125113648412 0.282570975477363
-0.000555694194538733 0.28248647254524
-0.000550192271820528 0.282402774901145
-0.000544744823584681 0.28231987525392
-0.000539351310479882 0.282237766369551
-0.000534011198494933 0.282156441071037
-0.000528723958905874 0.282075892237907
-0.0005234890682236369 0.281996112806055
-0.000518306008142215 0.281917095767795
-0.000513174265487342 0.281838834171274
-0.000508093332165685 0.281761321122358
-0.00050306270511454 0.281684549776198
-0.0004980818862520199 0.281608513349229
-0.000493150382427742 0.281533205110727
-0.000488267705374002 0.281458618384593
-0.000483433371657428 0.281384746549059
-0.000478646902631117 0.281311583036424
-0.000473907824387244 0.281239121332778
-0.000469215667710143 0.281167354977719
-0.000464569968029844 0.281096277564041
-0.000459970265376083 0.281025882737481
-0.000455416104332756 0.280956164200922
-0.000450907033992828 0.280887115696075
-0.000446442607913691 0.280818731030841
-0.000442022384072961 0.280751004058503
-0.000437645924824714 0.280683928685669
-0.000433312796856152 0.280617498882703
-0.000429022571144705 0.280551708637764
-0.00042477482291555 0.28048655200939
-0.000420569131599554 0.28042202311298
-0.000416405080791638 0.280358116110574
-0.000412282258209542 0.280294825203908
-0.000408200255653012 0.280232144653968
-0.000404158668963379 0.280170068767449
-0.000400157097983543 0.280108591899742
-0.00039619514651836 0.28004770845629
-0.000392272422295405 0.279987412885634
-0.000388388536926144 0.27992769968906
-0.000384543105867469 0.27986856341364
-0.000380735748383633 0.279809998653596
-0.000376966087508547 0.279752000049956
-0.000373233750008463 0.279694562290268
-0.000369538366345013 0.279637680109099
-0.000365879570638626 0.279581348284397
-0.000362257000632303 0.279525561642167
-0.000358670297655746 0.279470315052822
-0.000355119106589847 0.279415603431699
-0.000351603075831532 0.279361421738728
-0.000348121857258943 0.279307764978103
-0.000344675106196973 0.279254628197909
-0.000341262481383142 0.279202006488862
-0.000337883644933803 0.279149894986767
-0.000334538262310697 0.279098288859716
-0.000331226002287818 0.279047183266939
-0.000327946536918632 0.278996573818854
-0.000324699541503596 0.278946455325264
-0.000321484694558016 0.278896823385745
-0.000318301677780214 0.278847673364403
-0.000315150176020014 0.278799000688244
-0.000312029877247538 0.278750800827332
-0.000308940472522315 0.278703069292884
-0.000305881655962688 0.278655801636556
-0.000302853124715533 0.278608993450039
-0.00029985457892627 0.278562640364716
-0.000296885721709178 0.278516738051332
-0.000293946259117998 0.278471282219678
-0.00029103590011683 0.2784262686183
-0.000288154356551317 0.278381693034178
-0.000285301343120116 0.278337551292439
-0.000282476577346649 0.278293839256049
-0.000279679779551138 0.278250552825516
-0.000276910672822909 0.278207687938591
-0.000274168982992979 0.278165240569979
-0.00027145443860691 0.278123206731043
-0.00026876677089793 0.278081582469503
-0.000266105713760327 0.278040363869146
-0.000263471003723096 0.277999547049537
-0.000260862379923858 0.277959128165716
-0.000258279584083027 0.277919103407885
-0.000255722360478245 0.277879469001048
-0.000253190455919054 0.277840221204429
-0.000250683619721836 0.277801356308679
-0.000248201603684986 0.277762870757198
-0.000245744162064343 0.277724760615767
-0.000243311051548854 0.277687022542931
-0.000240902031236489 0.277649652893242
-0.000238516862610385 0.277612648126348
-0.000236155309515233 0.277576004736263
-0.000233817138133894 0.277539719249706
-0.000231502116964252 0.277503788225649
-0.000229210016796289 0.277468208254963
-0.000226940610689395 0.277432975960152
-0.000224693673949896 0.277398087994982
-0.000222468984108808 0.277363541044562
-0.00022026632089981 0.277329331824555
-0.000218085466237435 0.277295457081273
-0.000215926204195481 0.277261913591312
-0.000213788320985624 0.277228698161316
-0.000211671604936262 0.277195807627702
-0.000209575846471546 0.277163238856413
-0.00020750083809064 0.277130988742666
-0.000205446374347168 0.277099054210697
-0.000203412251828879 0.277067432213508
-0.000201398269137504 0.277036119732633
-0.000199404226868816 0.277005113777867
-0.000197429927592887 0.276974411387047
-0.000195475175834542 0.276944009625789
-0.000193539778054002 0.276913905587259
-0.000191623542627725 0.276884096391926
-0.00018972627982943 0.276854579187324
-0.000187847801811317 0.276825351147819
-0.000185987922585462 0.27679640947437
-0.000184146458005408 0.276767751394298
-0.000182323225747929 0.276739374161053
-0.000180518045294979 0.276711275053987
-0.000178730737915821 0.276683451378117
-0.000176961126649328 0.276655900463909
-0.000175209036286463 0.276628619667045
-0.000173474293352934 0.276601606368207
-0.000171756726092014 0.276574857972841
-0.000170056164447538 0.276548371910955
-0.000168372440047068 0.276522145636886
-0.000166705386185215 0.276496176629092
-0.000165054837807144 0.276470462389928
-0.000163420631492222 0.276445000445442
-0.000161802605437843 0.276419788345152
-0.000160200599443409 0.27639482366185
-0.000158614454894465 0.276370103991376
-0.000157044014746995 0.27634562695242
-0.000155489123511876 0.27632139018632
-0.000153949627239481 0.276297391356849
-0.000152425373504437 0.276273628150018
-0.000150916211390531 0.276250098273872
-0.000149421991475774 0.276226799458293
-0.000147942565817598 0.276203729454801
-0.000146477787938216 0.276180886036356
-0.000145027512810114 0.276158266997167
-0.000143591596841697 0.276135870152495
-0.000142169897863067 0.276113693338464
-0.000140762275111947 0.276091734411871
-0.00013936858921975 0.276069991249992
-0.000137988702197772 0.276048461750405
-0.000136622477423537 0.276027143830794
-0.000135269779627264 0.276006035428769
-0.000133930474878479 0.275985134501691
-0.000132604430572752 0.275964439026479
-0.000131291515418566 0.27594394699944
-0.000129991599424323 0.275923656436092
-0.000128704553885468 0.275903565370986
-0.000127430251371751 0.275883671857588
-0.000126168565714605 0.275863973968184
-0.000124919371994658 0.275844469795311
-0.000123682546529364 0.275825157432619
-0.000122457966860757 0.275806035033826
-0.000121245511743324 0.275787100727288
-0.000120045061132003 0.275768352678509
-0.0001188564961703 0.275749789068323
-0.000117679699178515 0.275731408094898
-0.000116514553642094 0.275713207973659
-0.000115360944200093 0.275695186937202
-0.000114218756633756 0.275677343235157
-0.000113087877855204 0.275659675133993
-0.000111968195896241 0.275642180916886
-0.000110859599897269 0.275624858883551
-0.000109761980096306 0.275607707350113
-0.000108675227818124 0.275590724648925
-0.00010759923546349 0.275573909128427
-0.000106533896498505 0.275557259153011
-0.000105479105444064 0.275540773102838
-0.00010443475786541 0.275524449373726
-0.000103400750361792 0.275508286376985
-0.00010237698055623 0.275492282539267
-0.000101363347085376 0.275476436302441
-0.000100359749589481 0.275460746123425
-9.93660887024564e-05 0.27544521047407
-9.838226604203611e-05 0.275429827841008
-9.74081842000357e-05 0.275414596725502
-9.64437467327086e-05 0.275399515643328
-9.548885815119661e-05 0.275384583124629
-9.45434239120759e-05 0.275369797713779
-9.36073504079959e-05 0.275355157969248
-9.26805449584118e-05 0.275340662463474
-9.17629158004077e-05 0.275326309782726
-9.08543720796116e-05 0.275312098526976
-8.995482384119961e-05 0.275298027309768
-8.90641820209897e-05 0.275284094758095
-8.81823584366235e-05 0.275270299512258
-8.730926577883521e-05 0.275256640225759
-8.64448176028071e-05 0.275243115565161
-8.5588928319611e-05 0.275229724209971
-8.474151318773359e-05 0.275216464852515
-8.39024883046868e-05 0.275203336197816
-8.307177059869981e-05 0.275190336963479
-8.22492778204948e-05 0.275177465879558
-8.143492853514339e-05 0.275164721688458
-8.062864211400339e-05 0.275152103144797
-7.9830338726736e-05 0.275139609015304
-7.9039939333402e-05 0.275127238078697
-7.82573656766356e-05 0.275114989125571
-7.74825402738966e-05 0.275102860958284
-7.671538640979859e-05 0.275090852390848
-7.59558281285135e-05 0.275078962248811
-7.5203790226251e-05 0.275067189369156
-7.44591982438129e-05 0.275055532600184
-7.37219784592207e-05 0.275043990801409
-7.299205788041651e-05 0.275032562843451
-7.22693642380361e-05 0.275021247607935
-7.155382597825361e-05 0.275010043987372
-7.084537225569659e-05 0.274998950885073
-7.01439329264323e-05 0.274987967215026
-6.944943854102211e-05 0.274977091901813
-6.876182033764561e-05 0.274966323880495
-6.80810102352927e-05 0.274955662096517
-6.74069408270225e-05 0.274945105505611
-6.673954537328961e-05 0.274934653073687
-6.607875779533621e-05 0.27492430377675
-6.54245126686497e-05 0.274914056600792
-6.477674521648491e-05 0.274903910541698
-6.41353913034504e-05 0.27489386460516
-6.350038742915879e-05 0.274883917806566
-6.28716707219394e-05 0.274874069170927
-6.22491789326132e-05 0.274864317732765
-6.16328504283299e-05 0.274854662536035
-6.10226241864653e-05 0.274845102634032
-6.04184397885795e-05 0.274835637089293
-5.98202374144351e-05 0.274826264973519
-5.92279578360744e-05 0.274816985367482
-5.86415424119548e-05 0.274807797360935
-5.80609330811434e-05 0.274798700052527
-5.74860723575677e-05 0.274789692549725
-5.69169033243245e-05 0.274780773968715
-5.6353369628044e-05 0.27477194343433
-5.57954154733109e-05 0.274763200079958
-5.52429856171395e-05 0.274754543047469
-5.46960253635045e-05 0.274745971487122
-5.41544805579252e-05 0.274737484557493
-5.36182975821042e-05 0.274729081425386
-5.3087423348618e-05 0.274720761265768
-5.25618052956614e-05 0.274712523261672
-5.2041391381843e-05 0.274704366604133
-5.15261300810327e-05 0.274696290492106
-5.10159703772601e-05 0.274688294132381
-5.05108617596634e-05 0.274680376739531
-5.00107542174885e-05 0.274672537535806
-4.95155982351372e-05 0.274664775751074
-4.90253447872645e-05 0.274657090622758
-4.85399453339253e-05 0.274649481395749
-4.80593518157676e-05 0.274641947322327
-4.75835166492748e-05 0.274634487662103
-4.71123927220543e-05 0.27462710168196
-4.66459333881726e-05 0.274619788655933
-4.61840924635372e-05 0.274612547865206
-4.5726824221324e-05 0.27460537859799
-4.52740833874495e-05 0.274598280149486
-4.48258251360886e-05 0.274591251821794
-4.43820050852362e-05 0.27458429292386
-4.39425792923131e-05 0.274577402771431
-4.35075042498149e-05 0.274570580686906
-4.30767368810049e-05 0.274563825999422
-4.26502345356484e-05 0.274557138044575
-4.22279549857905e-05 0.274550516164542
-4.18098564215747e-05 0.274543959707232
-4.13958974471037e-05 0.274537468030809
-4.09860370763403e-05 0.274531040492705
-4.05802347290498e-05 0.274524676462226
-4.0178450226782e-05 0.274518375313139
-3.97806437888931e-05 0.274512136425411
-3.9386776028607e-05 0.274505959185129
-3.89968079491158e-05 0.274499842984381
-3.86107009397186e-05 0.274493787221221
-3.82284167719987e-05 0.274487791299636
-3.78499175960383e-05 0.274481854629464
-3.74751659366716e-05 0.274475976626327
-3.71041246897738e-05 0.27447015671159
-3.67367571185879e-05 0.274464394312322
-3.63730268500871e-05 0.274458688861194
-3.60128978713733e-05 0.274453039796467
-3.56563345261122e-05 0.274447446561913
-3.53033015110022e-05 0.274441908606784
-3.49537638722794e-05 0.274436425385728
-3.46076870022568e-05 0.274430996358761
-3.42650366358979e-05 0.274425620991209
-3.39257788474236e-05 0.274420298753645
-3.35898800469541e-05 0.274415029121858
-3.32573069771823e-05 0.274409811576778
-3.29280267100814e-05 0.274404645604454
-3.2602006643645e-05 0.27439953069597
-3.22792144986584e-05 0.27439446634743
-3.19596183155034e-05 0.274389452059888
-3.16431864509934e-05 0.274384487339303
-3.1329887575241e-05 0.274379571696496
-3.10196906685555e-05 0.274374704647098
-3.07125650183718e-05 0.274369885711506
-3.04084802162097e-05 0.274365114414829
-3.0107406154663e-05 0.274360390286865
-2.98093130244188e-05 0.274355712862018
-2.95141713113058e-05 0.274351081679286
-2.92219517933721e-05 0.274346496282198
-2.89326255379921e-05 0.27434195621878
-2.86461638990021e-05 0.274337461041497
-2.83625385138635e-05 0.274333010307227
-2.80817213008549e-05 0.27432860357721
-2.7803684456292e-05 0.274324240416997
-2.75284004517743e-05 0.274319920396426
-2.72558420314597e-05 0.274315643089558
-2.6985982209366e-05 0.274311408074658
-2.6718794266699e-05 0.274307214934138
-2.64542517492069e-05 0.274303063254522
-2.61923284645613e-05 0.274298952626408
-2.59329984797637e-05 0.274294882644417
-2.56762361185779e-05 0.27429085290718
-2.5422015958988e-05 0.274286863017257
-2.51703128306812e-05 0.274282912581144
-2.49211018125557e-05 0.2742790012092
-2.46743582302531e-05 0.274275128515626
-2.4430057653716e-05 0.274271294118422
-2.41881758947683e-05 0.274267497639358
-2.39486890047211e-05 0.274263738703919
-2.37115732720011e-05 0.274260016941287
-2.3476805219803e-05 0.274256331984295
-2.32443616037654e-05 0.274252683469396
-2.30142194096687e-05 0.274249071036616
-2.27863558511571e-05 0.274245494329544
-2.25607483674823e-05 0.274241952995277
-2.23373746212696e-05 0.274238446684378
-2.21162124963065e-05 0.274234975050873
-2.1897240095353e-05 0.274231537752183
-2.16804357379733e-05 0.274228134449126
-2.14657779583894e-05 0.274224764805834
-2.12532455033558e-05 0.274221428489791
-2.10428173300553e-05 0.274218125171937
-2.08344726040151e-05 0.274214854520887
-2.06281906970447e-05 0.274211616227469
-2.04239511851927e-05 0.274208409960054
-2.02217338467255e-05 0.274205235405509
-2.00215186601242e-05 0.27420209225062
-1.98232858021032e-05 0.274198980185124
-1.96270156456467e-05 0.274195898901829
-1.94326887580661e-05 0.274192848096558
-1.92402858990753e-05 0.274189827468159
-1.90497880188865e-05 0.274186836718403
-1.88611762563232e-05 0.274183875552051
-1.86744319369537e-05 0.274180943676747
-1.84895365712413e-05 0.274178040803021
-1.83064718527141e-05 0.274175166644261
-1.81252196561526e-05 0.274172320916693
-1.79457620357947e-05 0.274169503339322
-1.77680812235591e-05 0.274166713633943
-1.75921596272862e-05 0.274163951525075
-1.74179798289962e-05 0.274161216739982
-1.72455245831646e-05 0.2741585090086
-1.70747768150145e-05 0.274155828063524
-1.69057196188262e-05 0.274153173640011
-1.67383362562636e-05 0.274150545475907
-1.65726101547164e-05 0.274147943311657
-1.64085249056598e-05 0.274145366890265
-1.62460642630295e-05 0.27414281595727
-1.60852121416134e-05 0.274140290260722
-1.59259526154588e-05 0.274137789551153
-1.57682699162958e-05 0.274135313581568
-1.56121484319761e-05 0.2741328621074
-1.54575727049268e-05 0.274130434886501
-1.53045274306206e-05 0.274128031679111
-1.515299745606e-05 0.274125652247835
-1.50029677782772e-05 0.274123296357625
-1.48544235428487e-05 0.274120963775747
-1.47073500424245e-05 0.274118654271772
-1.45617327152718e-05 0.27411636761754
-1.44175571438334e-05 0.274114103587147
-1.42748090533004e-05 0.274111861956915
-1.41334743101984e-05 0.274109642505378
-1.39935389209886e-05 0.274107445013255
-1.38549890306817e-05 0.27410526926343
-1.37178109214671e-05 0.274103115040931
-1.35819910113535e-05 0.274100982132908
-1.34475158528253e-05 0.274098870328613
-1.33143721315102e-05 0.274096779419377
-1.31825466648616e-05 0.274094709198594
-1.3052026400853e-05 0.274092659461698
-1.29227984166862e-05 0.274090630006145
-1.27948499175111e-05 0.274088620631383
-1.26681682351595e-05 0.274086631138848
-1.25427408268906e-05 0.274084661331939
-1.24185552741491e-05 0.274082711015986
-1.22955992813357e-05 0.274080779998255
-1.21738606745898e-05 0.274078868087904
-1.2053327400584e-05 0.274076975095984
-1.19339875253307e-05 0.274075100835406
-1.18158292330007e-05 0.274073245120934
-1.16988408247531e-05 0.274071407769156
-1.15830107175774e-05 0.274069588598479
-1.14683274431459e-05 0.274067787429097
-1.13547796466791e-05 0.274066004082987
-1.12423560858209e-05 0.274064238383876
-1.11310456295256e-05 0.274062490157238
-1.10208372569561e-05 0.274060759230271
-1.09117200563922e-05 0.27405904543188
-1.08036832241506e-05 0.274057348592656
-1.06967160635155e-05 0.274055668544871
-1.05908079836787e-05 0.274054005122447
-1.04859484986918e-05 0.274052358160952
-1.03821272264275e-05 0.274050727497576
-1.0279333887552e-05 0.274049112971117
-1.01775583045069e-05 0.27404751442197
-1.00767904005019e-05 0.274045931692101
-9.977020198516739e-06 0.274044364625041
-9.878237820313601e-06 0.274042813065868
-9.780433485459009e-06 0.274041276861187
-9.68359751035546e-06 0.274039755859124
-9.587720307282629e-06 0.274038249909299
-9.492792383448151e-06 0.274036758862827
-9.39880434004767e-06 0.274035282572286
-9.30574687133433e-06 0.274033820891714
-9.21361076369735e-06 0.274032373676593
-9.12238689474986e-06 0.274030940783832
-9.0320662324256e-06 0.274029522071754
-8.942639834084751e-06 0.27402811740008
-8.85409884562847e-06 0.274026726629923
-8.76643450062225e-06 0.274025349623762
-8.679638119427971e-06 0.274023986245439
-8.593701108344519e-06 0.274022636360144
-8.508614958756951e-06 0.274021299834395
-8.42437124629401e-06 0.274019976536029
-8.34096162999407e-06 0.274018666334194
-8.25837785147928e-06 0.274017369099329
-8.1766117341379e-06 0.274016084703152
-8.09565518231475e-06 0.274014813018648
-8.01550018050966e-06 0.274013553920066
-7.93613879258382e-06 0.274012307282887
-7.85756316097408e-06 0.27401107298383
-7.77976550591493e-06 0.274009850900831
-7.702738124668249e-06 0.274008640913031
-7.62647339076064e-06 0.274007442900769
-7.55096375322836e-06 0.274006256745561
-7.47620173586966e-06 0.274005082330103
-7.40217993650461e-06 0.274003919538242
-7.32889102624219e-06 0.274002768254981
-7.25632774875465e-06 0.274001628366455
-7.18448291955906e-06 0.274000499759925
-7.113349425306e-06 0.27399938232377
-7.04292022307524e-06 0.273998275947467
-6.97318833967846e-06 0.273997180521592
-6.90414687096877e-06 0.273996095937797
-6.8357889811572e-06 0.273995022088809
-6.76810790213584e-06 0.273993958868416
-6.70109693280776e-06 0.273992906171454
-6.63474943842353e-06 0.273991863893801
-6.56905884992428e-06 0.273990831932362
-6.50401866329137e-06 0.273989810185063
-6.43962243890235e-06 0.273988798550839
-6.37586380089341e-06 0.273987796929625
-6.31273643652813e-06 0.273986805222346
-6.25023409557241e-06 0.273985823330901
-6.18835058967565e-06 0.273984851158169
-6.12707979175807e-06 0.273983888607981
-6.06641563540403e-06 0.273982935585124
-6.00635211426141e-06 0.273981991995323
-5.94688328144694e-06 0.273981057745237
-5.88800324895737e-06 0.27398013274245
-5.82970618708651e-06 0.273979216895457
-5.77198632384803e-06 0.273978310113656
-5.71483794440399e-06 0.273977412307349
-5.658255390499e-06 0.273976523387716
-5.6022330599e-06 0.273975643266821
-5.54676540584158e-06 0.273974771857596
-5.49184693647681e-06 0.273973909073834
-5.43747221433348e-06 0.27397305483018
-5.38363585577572e-06 0.273972209042126
-5.33033253047101e-06 0.273971371625996
-5.27755696086239e-06 0.273970542498944
-5.22530392164593e-06 0.273969721578944
-5.17356823925339e-06 0.273968908784778
-5.12234479133999e-06 0.273968104036034
-5.07162850627722e-06 0.273967307253094
-5.02141436265071e-06 0.273966518357131
-4.97169738876308e-06 0.273965737270091
-4.92247266214166e-06 0.2739649639147
-4.87373530905115e-06 0.273964198214441
-4.82548050401104e-06 0.273963440093559
-4.77770346931786e-06 0.273962689477045
-4.73039947457214e-06 0.273961946290635
-4.68356383621004e-06 0.273961210460797
-4.63719191703965e-06 0.273960481914728
-4.59127912578183e-06 0.273959760580344
-4.54582091661567e-06 0.273959046386276
-4.50081278872839e-06 0.273958339261857
-4.45625028586969e-06 0.273957639137123
-4.41212899591058e-06 0.273956945942801
-4.36844455040652e-06 0.273956259610304
-4.32519262416487e-06 0.273955580071719
-4.2823689348167e-06 0.273954907259811
-4.23996924239277e-06 0.273954241108008
-4.19798934890374e-06 0.273953581550394
-4.15642509792449e-06 0.273952928521708
-4.11527237418267e-06 0.273952281957335
-4.07452710315115e-06 0.273951641793295
-4.03418525064471e-06 0.273951007966246
-3.9942428224205e-06 0.27395038041347
-3.95469586378268e-06 0.27394975907287
-3.91554045919077e-06 0.273949143882964
-3.87677273187205e-06 0.273948534782875
-3.83838884343767e-06 0.273947931712334
-3.80038499350264e-06 0.273947334611664
-3.76275741930955e-06 0.273946743421779
-3.72550239535599e-06 0.273946158084178
-3.68861623302573e-06 0.273945578540941
-3.6520952802235e-06 0.273945004734717
-3.61593592101336e-06 0.273944436608725
-3.58013457526076e-06 0.273943874106744
-3.54468769827798e-06 0.273943317173112
-3.50959178047324e-06 0.273942765752716
-3.47484334700321e-06 0.273942219790988
-3.44043895742892e-06 0.2739416792339
-3.40637520537517e-06 0.273941144027959
-3.37264871819324e-06 0.273940614120202
-3.33925615662697e-06 0.273940089458188
-3.30619421448215e-06 0.273939569989996
-3.27345961829915e-06 0.27393905566422
-3.24104912702887e-06 0.273938546429961
-3.20895953171175e-06 0.273938042236825
-3.17718765516015e-06 0.273937543034912
-3.14573035164371e-06 0.273937048774824
-3.11458450657793e-06 0.273936559407645
-3.08374703621577e-06 0.273936074884946
-3.05321488734235e-06 0.273935595158775
-3.02298503697262e-06 0.273935120181656
-2.9930544920521e-06 0.273934649906587
-2.9634202891605e-06 0.273934184287021
-2.93407949421831e-06 0.27393372327688
-2.90502920219635e-06 0.27393326683054
-2.87626653682807e-06 0.273932814902826
-2.84778865032482e-06 0.273932367449013
-2.81959272309388e-06 0.273931924424818
-2.79167596345929e-06 0.273931485786393
-2.76403560738544e-06 0.27393105149033
-2.7366689182034e-06 0.273930621493645
-2.70957318634e-06 0.273930195753781
-2.68274572904951e-06 0.273929774228603
-2.65618389014803e-06 0.273929356876394
-2.62988503975052e-06 0.273928943655847
-2.60384657401042e-06 0.273928534526063
-2.5780659148618e-06 0.273928129446554
-2.55254050976416e-06 0.273927728377227
-2.52726783144966e-06 0.273927331278384
-2.50224537767293e-06 0.273926938110728
-2.4774706709633e-06 0.273926548835342
-2.4529412583795e-06 0.273926163413701
-2.42865471126683e-06 0.273925781807656
-2.40460862501667e-06 0.273925403979439
-2.38080061882838e-06 0.273925029891655
-2.35722833547365e-06 0.273924659507278
-2.33388944106302e-06 0.27392429278965
-2.31078162481487e-06 0.273923929702473
-2.2879025988266e-06 0.273923570209813
-2.26525009784812e-06 0.273923214276085
-2.24282187905755e-06 0.273922861866063
-2.22061572183915e-06 0.273922512944867
-2.19862942756352e-06 0.273922167477959
-2.17686081936982e-06 0.273921825431148
-2.15530774195032e-06 0.273921486770576
-2.13396806133695e-06 0.273921151462725
-2.11283966469005e-06 0.273920819474408
-2.09192046008916e-06 0.273920490772763
-2.0712083763259e-06 0.273920165325257
-2.05070136269891e-06 0.273919843099675
-2.0303973888108e-06 0.273919524064127
-2.01029444436713e-06 0.27391920818703
-1.99039053897736e-06 0.273918895437122
-1.97068370195778e-06 0.273918585783446
-1.95117198213641e-06 0.273918279195351
-1.93185344765982e-06 0.273917975642493
-1.9127261858018e-06 0.273917675094823
-1.89378830277406e-06 0.273917377522593
-1.87503792353867e-06 0.273917082896351
-1.85647319162245e-06 0.273916791186931
-1.83809226893311e-06 0.273916502365463
-1.81989333557734e-06 0.273916216403354
-1.80187458968054e-06 0.2739159332723
-1.78403424720845e-06 0.273915652944277
-1.76637054179055e-06 0.273915375391537
-1.74888172454509e-06 0.273915100586605
-1.73156606390603e-06 0.273914828502282
-1.71442184545152e-06 0.273914559111635
-1.69744737173418e-06 0.273914292387996
-1.68064096211305e-06 0.273914028304967
-1.66400095258717e-06 0.273913766836406
-1.64752569563087e-06 0.273913507956431
-1.63121356003056e-06 0.273913251639417
-1.61506293072333e-06 0.273912997859995
-1.59907220863696e-06 0.273912746593039
-1.58323981053164e-06 0.273912497813681
-1.56756416884321e-06 0.273912251497293
-1.55204373152793e-06 0.273912007619496
-1.53667696190884e-06 0.273911766156145
-1.52146233852361e-06 0.273911527083341
-1.50639835497387e-06 0.273911290377417
-1.49148351977611e-06 0.273911056014944
-1.47671635621397e-06 0.273910823972722
-1.46209540219205e-06 0.273910594227782
-1.44761921009113e-06 0.273910366757381
-1.43328634662489e-06 0.273910141539003
-1.41909539269791e-06 0.273909918550352
-1.40504494326525e-06 0.273909697769357
-1.39113360719332e-06 0.273909479174162
-1.3773600071221e-06 0.273909262743128
-1.36372277932881e-06 0.273909048454832
-1.35022057359288e-06 0.27390883628806
-1.33685205306226e-06 0.27390862622181
-1.32361589412105e-06 0.273908418235287
-1.31051078625847e-06 0.273908212307905
-1.29753543193907e-06 0.273908008419275
-1.28468854647433e-06 0.273907806549218
-1.27196885789538e-06 0.273907606677747
-1.25937510682711e-06 0.273907408785078
-1.24690604636347e-06 0.273907212851623
-1.23456044194403e-06 0.273907018857984
-1.22233707123171e-06 0.273906826784958
-1.2102347239918e-06 0.273906636613531
-1.19825220197208e-06 0.273906448324879
-1.18638831878423e-06 0.273906261900361
-1.17464189978637e-06 0.273906077321522
-1.1630117819667e-06 0.273905894570093
-1.15149681382842e-06 0.273905713627979
-1.14009585527566e-06 0.273905534477272
-1.12880777750065e-06 0.273905357100234
-1.11763146287194e-06 0.273905181479307
-1.1065658048237e-06 0.273905007597108
-1.09560970774624e-06 0.27390483543642
-1.08476208687746e-06 0.273904664980202
-1.07402186819551e-06 0.273904496211579
-1.06338798831238e-06 0.273904329113846
-1.0528593943687e-06 0.273904163670459
-1.0424350439294e-06 0.273903999865041
-1.0321139048806e-06 0.273903837681376
-1.02189495532732e-06 0.273903677103409
-1.0117771834924e-06 0.273903518115243
-1.00175958761624e-06 0.27390336070114
1.00175958761624e-06 0.27387187632148
1.0117771834924e-06 0.273871718891791
1.02189495532732e-06 0.273871559887725
1.0321139048806e-06 0.273871399293539
1.0424350439294e-06 0.27387123709333
1.0528593943687e-06 0.273871073271034
1.06338798831238e-06 0.273870907810431
1.07402186819551e-06 0.273870740695136
1.08476208687746e-06 0.273870571908598
1.09560970774624e-06 0.273870401434104
1.1065658048237e-06 0.273870229254774
1.11763146287194e-06 0.273870055353555
1.12880777750065e-06 0.27386987971323
1.14009585527566e-06 0.273869702316402
1.15149681382842e-06 0.273869523145506
1.1630117819667e-06 0.2738693421828
1.17464189978637e-06 0.273869159410362
1.18638831878423e-06 0.273868974810095
1.19825220197208e-06 0.273868788363716
1.2102347239918e-06 0.273868600052764
1.22233707123171e-06 0.27386840985859
1.23456044194403e-06 0.273868217762358
1.24690604636347e-06 0.273868023745047
1.25937510682711e-06 0.273867827787445
1.27196885789538e-06 0.273867629870144
1.28468854647433e-06 0.273867429973545
1.29753543193907e-06 0.273867228077854
1.31051078625847e-06 0.273867024163077
1.32361589412105e-06 0.273866818209019
1.33685205306226e-06 0.273866610195287
1.35022057359288e-06 0.273866400101281
1.36372277932881e-06 0.273866187906194
1.3773600071221e-06 0.273865973589013
1.39113360719332e-06 0.273865757128515
1.40504494326525e-06 0.273865538503264
1.41909539269791e-06 0.273865317691608
1.43328634662489e-06 0.273865094671681
1.44761921009113e-06 0.273864869421397
1.46209540219205e-06 0.273864641918449
1.47671635621397e-06 0.273864412140306
1.49148351977611e-06 0.273864180064217
1.50639835497387e-06 0.273863945667194
1.52146233852361e-06 0.273863708926028
1.53667696190884e-06 0.273863469817271
1.55204373152793e-06 0.273863228317245
1.56756416884321e-06 0.273862984402035
1.58323981053164e-06 0.273862738047484
1.59907220863696e-06 0.273862489229194
1.61506293072333e-06 0.273862237922526
1.63121356003056e-06 0.27386198410259
1.64752569563087e-06 0.27386172774425
1.66400095258717e-06 0.273861468822119
1.68064096211305e-06 0.273861207310554
1.69744737173418e-06 0.273860943183656
1.71442184545152e-06 0.273860676415268
1.73156606390603e-06 0.27386040697897
1.74888172454509e-06 0.273860134848079
1.76637054179055e-06 0.273859859995644
1.78403424720845e-06 0.273859582394446
1.80187458968054e-06 0.273859302016991
1.81989333557734e-06 0.273859018835513
1.83809226893311e-06 0.273858732821965
1.85647319162245e-06 0.273858443948021
1.87503792353867e-06 0.273858152185074
1.89378830277406e-06 0.273857857504228
1.9127261858018e-06 0.273857559876297
1.93185344765982e-06 0.273857259271807
1.95117198213641e-06 0.273856955660985
1.97068370195778e-06 0.273856649013762
1.99039053897736e-06 0.273856339299769
2.01029444436713e-06 0.273856026488332
2.0303973888108e-06 0.273855710548471
2.05070136269891e-06 0.273855391448894
2.0712083763259e-06 0.273855069157998
2.09192046008916e-06 0.273854743643865
2.11283966469005e-06 0.273854414874253
2.13396806133695e-06 0.273854082816603
2.15530774195032e-06 0.273853747438027
2.17686081936982e-06 0.273853408705308
2.19862942756352e-06 0.273853066584899
2.22061572183915e-06 0.273852721042914
2.24282187905755e-06 0.273852372045131
2.26525009784812e-06 0.273852019556985
2.2879025988266e-06 0.273851663543561
2.31078162481487e-06 0.273851303969602
2.33388944106302e-06 0.273850940799495
2.35722833547365e-06 0.273850573997267
2.38080061882838e-06 0.273850203526592
2.40460862501667e-06 0.273849829350774
2.42865471126683e-06 0.273849451432754
2.4529412583795e-06 0.273849069735101
2.4774706709633e-06 0.27384868422001
2.50224537767293e-06 0.273848294849296
2.52726783144966e-06 0.273847901584394
2.55254050976416e-06 0.273847504386355
2.5780659148618e-06 0.273847103215834
2.60384657401042e-06 0.273846698033098
2.62988503975052e-06 0.273846288798014
2.65618389014803e-06 0.273845875470049
2.68274572904951e-06 0.273845458008262
2.70957318634e-06 0.273845036371306
2.7366689182034e-06 0.273844610517415
2.76403560738544e-06 0.273844180404412
2.79167596345929e-06 0.273843745989693
2.81959272309388e-06 0.273843307230228
2.84778865032482e-06 0.273842864082557
2.87626653682807e-06 0.27384241650279
2.90502920219635e-06 0.273841964446587
2.93407949421831e-06 0.273841507869177
2.9634202891605e-06 0.273841046725331
2.9930544920521e-06 0.273840580969373
3.02298503697262e-06 0.27384011055517
3.05321488734235e-06 0.273839635436121
3.08374703621577e-06 0.273839155565167
3.11458450657793e-06 0.273838670894775
3.14573035164371e-06 0.273838181376934
3.17718765516015e-06 0.273837686963155
3.20895953171175e-06 0.273837187604464
3.24104912702887e-06 0.273836683251396
3.27345961829915e-06 0.273836173853993
3.30619421448215e-06 0.273835659361792
3.33925615662697e-06 0.273835139723831
3.37264871819324e-06 0.273834614888635
3.40637520537517e-06 0.273834084804215
3.44043895742892e-06 0.27383354941806
3.47484334700321e-06 0.273833008677137
3.50959178047324e-06 0.273832462527877
3.54468769827798e-06 0.27383191091618
3.58013457526076e-06 0.273831353787403
3.61593592101336e-06 0.273830791086354
3.6520952802235e-06 0.273830222757293
3.68861623302573e-06 0.273829648743917
3.72550239535599e-06 0.273829068989365
3.76275741930955e-06 0.273828483436203
3.80038499350264e-06 0.273827892026424
3.83838884343767e-06 0.273827294701439
3.87677273187205e-06 0.273826691402073
3.91554045919077e-06 0.273826082068563
3.95469586378268e-06 0.273825466640541
3.9942428224205e-06 0.27382484505704
4.03418525064471e-06 0.27382421725648
4.07452710315115e-06 0.273823583176668
4.11527237418267e-06 0.273822942754784
4.15642509792449e-06 0.273822295927383
4.19798934890374e-06 0.273821642630384
4.23996924239277e-06 0.273820982799063
4.2823689348167e-06 0.273820316368051
4.32519262416487e-06 0.273819643271323
4.36844455040652e-06 0.273818963442194
4.41212899591058e-06 0.273818276813311
4.45625028586969e-06 0.273817583316647
4.50081278872839e-06 0.273816882883493
4.54582091661567e-06 0.273816175444456
4.59127912578183e-06 0.273815460929445
4.63719191703965e-06 0.273814739267667
4.68356383621004e-06 0.273814010387623
4.73039947457214e-06 0.273813274217099
4.77770346931786e-06 0.273812530683154
4.82548050401104e-06 0.273811779712121
4.87373530905115e-06 0.273811021229591
4.92247266214166e-06 0.273810255160417
4.97169738876308e-06 0.273809481428695
5.02141436265071e-06 0.273808699957762
5.07162850627722e-06 0.273807910670188
5.12234479133999e-06 0.273807113487766
5.17356823925339e-06 0.273806308331509
5.22530392164593e-06 0.273805495121641
5.27755696086239e-06 0.273804673777581
5.33033253047101e-06 0.273803844217947
5.38363585577572e-06 0.273803006360541
5.43747221433348e-06 0.27380216012234
5.49184693647681e-06 0.273801305419492
5.54676540584158e-06 0.273800442167305
5.6022330599e-06 0.273799570280241
5.658255390499e-06 0.273798689671903
5.71483794440399e-06 0.273797800255028
5.77198632384803e-06 0.273796901941482
5.82970618708651e-06 0.273795994642252
5.88800324895737e-06 0.273795078267425
5.94688328144694e-06 0.273794152726196
6.00635211426141e-06 0.273793217926847
6.06641563540403e-06 0.273792273776741
6.12707979175807e-06 0.273791320182317
6.18835058967565e-06 0.273790357049075
6.25023409557241e-06 0.273789384281568
6.31273643652813e-06 0.273788401783394
6.37586380089341e-06 0.273787409457189
6.43962243890235e-06 0.27378640720461
6.50401866329137e-06 0.273785394926332
6.56905884992428e-06 0.273784372522031
6.63474943842353e-06 0.273783339890386
6.70109693280776e-06 0.273782296929054
6.76810790213584e-06 0.273781243534673
6.8357889811572e-06 0.273780179602842
6.90414687096877e-06 0.273779105028117
6.97318833967846e-06 0.273778019703998
7.04292022307524e-06 0.273776923522916
7.113349425306e-06 0.273775816376228
7.18448291955906e-06 0.273774698154203
7.25632774875465e-06 0.273773568746007
7.32889102624219e-06 0.273772428039701
7.40217993650461e-06 0.273771275922225
7.47620173586966e-06 0.27377011227938
7.55096375322836e-06 0.273768936995833
7.62647339076064e-06 0.273767749955089
7.702738124668249e-06 0.273766551039489
7.77976550591493e-06 0.273765340130195
7.85756316097408e-06 0.273764117107181
7.93613879258382e-06 0.273762881849214
8.01550018050966e-06 0.273761634233852
8.09565518231475e-06 0.273760374137422
8.1766117341379e-06 0.273759101435018
8.25837785147928e-06 0.27375781600048
8.34096162999407e-06 0.27375651770638
8.42437124629401e-06 0.273755206424022
8.508614958756951e-06 0.273753882023415
8.593701108344519e-06 0.273752544373268
8.679638119427971e-06 0.273751193340976
8.76643450062225e-06 0.273749828792601
8.85409884562847e-06 0.273748450592871
8.942639834084751e-06 0.273747058605153
9.0320662324256e-06 0.273745652691446
9.12238689474986e-06 0.273744232712369
9.21361076369735e-06 0.273742798527144
9.30574687133433e-06 0.273741349993579
9.39880434004767e-06 0.273739886968065
9.492792383448151e-06 0.273738409305547
9.587720307282629e-06 0.27373691685952
9.68359751035546e-06 0.273735409482012
9.780433485459009e-06 0.273733887023567
9.878237820313601e-06 0.273732349333233
9.977020198516739e-06 0.273730796258543
1.00767904005019e-05 0.273729227645506
1.01775583045069e-05 0.273727643338586
1.0279333887552e-05 0.273726043180688
1.03821272264275e-05 0.273724427013143
1.04859484986918e-05 0.273722794675696
1.05908079836787e-05 0.273721146006481
1.06967160635155e-05 0.273719480842012
1.08036832241506e-05 0.273717799017168
1.09117200563922e-05 0.273716100365166
1.10208372569561e-05 0.273714384717558
1.11310456295256e-05 0.273712651904208
1.12423560858209e-05 0.273710901753268
1.13547796466791e-05 0.273709134091178
1.14683274431459e-05 0.273707348742633
1.15830107175774e-05 0.273705545530569
1.16988408247531e-05 0.273703724276151
1.18158292330007e-05 0.273701884798748
1.19339875253307e-05 0.273700026915926
1.2053327400584e-05 0.273698150443417
1.21738606745898e-05 0.273696255195103
1.22955992813357e-05 0.273694340983007
1.24185552741491e-05 0.273692407617266
1.25427408268906e-05 0.27369045490611
1.26681682351595e-05 0.273688482655852
1.27948499175111e-05 0.27368649067086
1.29227984166862e-05 0.273684478753542
1.3052026400853e-05 0.273682446704324
1.31825466648616e-05 0.273680394321635
1.33143721315102e-05 0.273678321401877
1.34475158528253e-05 0.273676227739417
1.35819910113535e-05 0.27367411312656
1.37178109214671e-05 0.273671977353522
1.38549890306817e-05 0.27366982020842
1.39935389209886e-05 0.273667641477251
1.41334743101984e-05 0.273665440943859
1.42748090533004e-05 0.273663218389923
1.44175571438334e-05 0.273660973594936
1.45617327152718e-05 0.273658706336176
1.47073500424245e-05 0.273656416388688
1.48544235428487e-05 0.27365410352526
1.50029677782772e-05 0.27365176751641
1.515299745606e-05 0.273649408130342
1.53045274306206e-05 0.273647025132945
1.54575727049268e-05 0.273644618287752
1.56121484319761e-05 0.273642187355934
1.57682699162958e-05 0.273639732096257
1.59259526154588e-05 0.273637252265076
1.60852121416134e-05 0.273634747616294
1.62460642630295e-05 0.273632217901355
1.64085249056598e-05 0.273629662869198
1.65726101547164e-05 0.273627082266252
1.67383362562636e-05 0.273624475836402
1.69057196188262e-05 0.273621843320963
1.70747768150145e-05 0.273619184458646
1.72455245831646e-05 0.273616498985555
1.74179798289962e-05 0.273613786635136
1.75921596272862e-05 0.273611047138174
1.77680812235591e-05 0.273608280222728
1.79457620357947e-05 0.273605485614158
1.81252196561526e-05 0.273602663035041
1.83064718527141e-05 0.273599812205197
1.84895365712413e-05 0.273596932841609
1.86744319369537e-05 0.273594024658434
1.88611762563232e-05 0.273591087366963
1.90497880188865e-05 0.27358812067558
1.92402858990753e-05 0.273585124289752
1.94326887580661e-05 0.273582097911974
1.96270156456467e-05 0.273579041241781
1.98232858021032e-05 0.273575953975674
2.00215186601242e-05 0.273572835807111
2.02217338467255e-05 0.273569686426494
2.04239511851927e-05 0.273566505521102
2.06281906970447e-05 0.273563292775163
2.08344726040151e-05 0.273560047872364
2.10428173300553e-05 0.273556770480466
2.12532455033558e-05 0.273553460285536
2.14657779583894e-05 0.273550116954214
2.16804357379733e-05 0.273546740154604
2.1897240095353e-05 0.273543329551401
2.21162124963065e-05 0.27353988480583
2.23373746212696e-05 0.273536405575777
2.25607483674823e-05 0.273532891515651
2.27863558511571e-05 0.27352934227639
2.30142194096687e-05 0.273525757505447
2.32443616037654e-05 0.273522136846712
2.3476805219803e-05 0.273518479940517
2.37115732720011e-05 0.27351478642356
2.39486890047211e-05 0.273511055928921
2.41881758947683e-05 0.273507288085963
2.4430057653716e-05 0.273503482520344
2.46743582302531e-05 0.273499638853952
2.49211018125557e-05 0.27349575670488
2.51703128306812e-05 0.273491835687387
2.5422015958988e-05 0.273487875411857
2.56762361185779e-05 0.273483875484754
2.59329984797637e-05 0.273479835508586
2.61923284645613e-05 0.273475755081869
2.64542517492069e-05 0.273471633799099
2.6718794266699e-05 0.273467471250676
2.6985982209366e-05 0.273463267022886
2.72558420314597e-05 0.273459020697876
2.75284004517743e-05 0.273454731853566
2.7803684456292e-05 0.273450400063659
2.80817213008549e-05 0.273446024897553
2.83625385138635e-05 0.273441605920334
2.86461638990021e-05 0.273437142692701
2.89326255379921e-05 0.273432634770946
2.92219517933721e-05 0.273428081706899
2.95141713113058e-05 0.273423483047879
2.98093130244188e-05 0.273418838336658
3.0107406154663e-05 0.273414147111411
3.04084802162097e-05 0.273409408905669
3.07125650183718e-05 0.273404623248265
3.10196906685555e-05 0.2733997896633
3.1329887575241e-05 0.273394907670092
3.16431864509934e-05 0.273389976783112
3.19596183155034e-05 0.27338499651196
3.22792144986584e-05 0.273379966361298
3.2602006643645e-05 0.273374885830802
3.29280267100814e-05 0.273369754415122
3.32573069771823e-05 0.273364571603816
3.35898800469541e-05 0.273359336881311
3.39257788474236e-05 0.273354049726844
3.42650366358979e-05 0.273348709614412
3.46076870022568e-05 0.273343316012722
3.49537638722794e-05 0.273337868385133
3.53033015110022e-05 0.273332366189596
3.56563345261122e-05 0.273326808878621
3.60128978713733e-05 0.273321195899189
3.63730268500871e-05 0.27331552669273
3.67367571185879e-05 0.273309800695043
3.71041246897738e-05 0.273304017336249
3.74751659366716e-05 0.273298176040339
3.78499175960383e-05 0.273292276226683
3.82284167719987e-05 0.273286317307622
3.86107009397186e-05 0.273280298689983
3.89968079491158e-05 0.273274219774598
3.9386776028607e-05 0.273268079956279
3.97806437888931e-05 0.273261878623749
4.0178450226782e-05 0.273255615159554
4.05802347290498e-05 0.273249288940023
4.09860370763403e-05 0.273242899335197
4.13958974471037e-05 0.27323644570856
4.18098564215747e-05 0.273229927421639
4.22279549857905e-05 0.273223343815286
4.26502345356484e-05 0.273216694242015
4.30767368810049e-05 0.273209978037371
4.35075042498149e-05 0.273203194532352
4.39425792923131e-05 0.273196343051127
4.43820050852362e-05 0.273189422911147
4.48258251360886e-05 0.273182433422977
4.52740833874495e-05 0.273175373890226
4.5726824221324e-05 0.273168243609492
4.61840924635372e-05 0.273161041870284
4.66459333881726e-05 0.273153767954926
4.71123927220543e-05 0.273146421138527
4.75835166492748e-05 0.27313900068888
4.80593518157676e-05 0.273131505866388
4.85399453339253e-05 0.273123935923995
4.90253447872645e-05 0.273116290107113
4.95155982351372e-05 0.273108567653546
5.00107542174885e-05 0.273100767793395
5.05108617596634e-05 0.273092889749011
5.10159703772601e-05 0.273084932734883
5.15261300810327e-05 0.273076895957582
5.2041391381843e-05 0.273068778615664
5.25618052956614e-05 0.27306057989961
5.3087423348618e-05 0.273052298991713
5.36182975821042e-05 0.273043935066024
5.41544805579252e-05 0.273035487288249
5.46960253635045e-05 0.27302695481568
5.52429856171395e-05 0.273018336797089
5.57954154733109e-05 0.273009632372658
5.6353369628044e-05 0.273000840673887
5.69169033243245e-05 0.272991960823501
5.74860723575677e-05 0.272982991935369
5.80609330811434e-05 0.272973933114403
5.86415424119548e-05 0.272964783456477
5.92279578360744e-05 0.27295554204833
5.98202374144351e-05 0.272946207967471
6.04184397885795e-05 0.272936780282087
6.10226241864653e-05 0.272927258050955
6.16328504283299e-05 0.272917640323327
6.22491789326132e-05 0.272907926138856
6.28716707219394e-05 0.272898114527483
6.350038742915879e-05 0.27288820450934
6.41353913034504e-05 0.272878195094658
6.477674521648491e-05 0.272868085283649
6.54245126686497e-05 0.272857874066427
6.607875779533621e-05 0.272847560422883
6.673954537328961e-05 0.272837143322596
6.74069408270225e-05 0.272826621724717
6.80810102352927e-05 0.272815994577872
6.876182033764561e-05 0.272805260820043
6.944943854102211e-05 0.272794419378473
7.01439329264323e-05 0.272783469169546
7.084537225569659e-05 0.272772409098677
7.155382597825361e-05 0.272761238060204
7.22693642380361e-05 0.272749954937273
7.299205788041651e-05 0.272738558601722
7.37219784592207e-05 0.272727047913969
7.44591982438129e-05 0.272715421722888
7.5203790226251e-05 0.2727036788657
7.59558281285135e-05 0.272691818167847
7.671538640979859e-05 0.272679838442875
7.74825402738966e-05 0.272667738492306
7.82573656766356e-05 0.272655517105527
7.9039939333402e-05 0.272643173059656
7.9830338726736e-05 0.272630705119416
8.062864211400339e-05 0.272618112037011
8.143492853514339e-05 0.272605392552002
8.22492778204948e-05 0.272592545391169
8.307177059869981e-05 0.272579569268386
8.39024883046868e-05 0.272566462884481
8.474151318773359e-05 0.272553224927117
8.5588928319611e-05 0.272539854070642
8.64448176028071e-05 0.272526348975956
8.730926577883521e-05 0.272512708290381
8.81823584366235e-05 0.272498930647513
8.90641820209897e-05 0.272485014667082
8.995482384119961e-05 0.272470958954815
9.08543720796116e-05 0.272456762102288
9.17629158004077e-05 0.272442422686621
9.26805449584118e-05 0.272427939270967
9.36073504079959e-05 0.272413310403418
9.45434239120759e-05 0.272398534617476
9.548885815119661e-05 0.272383610431758
9.64437467327086e-05 0.272368536349832
9.74081842000357e-05 0.272353310860067
9.838226604203611e-05 0.272337932435474
9.93660887024564e-05 0.272322399533554
0.000100359749589481 0.272306710596129
0.000101363347085376 0.272290864049191
0.00010237698055623 0.272274858302733
0.000103400750361792 0.272258691750582
0.00010443475786541 0.272242362770239
0.000105479105444064 0.272225869722708
0.000106533896498505 0.272209210952327
0.00010759923546349 0.272192384786593
0.000108675227818124 0.272175389535995
0.000109761980096306 0.272158223493824
0.000110859599897269 0.272140884935171
0.000111968195896241 0.272123372120127
0.000113087877855204 0.272105683288509
0.000114218756633756 0.27208781666308
0.000115360944200093 0.2720697704485
0.000116514553642094 0.272051542831172
0.000117679699178515 0.272033131979023
0.0001188564961703 0.272014536041312
0.000120045061132003 0.27199575314849
0.000121245511743324 0.27197678141196
0.000122457966860757 0.271957618924061
0.000123682546529364 0.271938263759978
0.000124919371994658 0.271918713959365
0.000126168565714605 0.271898967575337
0.000127430251371751 0.27187902261026
0.000128704553885468 0.271858877058297
0.000129991599424323 0.271838528892047
0.000131291515418566 0.271817976063311
0.000132604430572752 0.271797216502995
0.000133930474878479 0.271776248120851
0.000135269779627264 0.271755068805336
0.000136622477423537 0.271733676423355
0.000137988702197772 0.271712068819716
0.00013936858921975 0.271690243818193
0.000140762275111947 0.271668199219388
0.000142169897863067 0.271645932801769
0.000143591596841697 0.271623442321118
0.000145027512810114 0.271600725510305
0.000146477787938216 0.271577780079044
0.000147942565817598 0.271554603713651
0.000149421991475774 0.271531194076809
0.000150916211390531 0.271507548807323
0.000152425373504437 0.271483665519856
0.000153949627239481 0.271459541804711
0.000155489123511876 0.271435175227545
0.000157044014746995 0.271410563329134
0.000158614454894465 0.271385703625111
0.000160200599443409 0.271360593605702
0.000161802605437843 0.271335230735465
0.000163420631492222 0.271309612453024
0.000165054837807144 0.271283736170798
0.000166705386185215 0.271257599274737
0.000168372440047068 0.27123119912403
0.000170056164447538 0.271204533050854
0.000171756726092014 0.271177598360063
0.000173474293352934 0.271150392328936
0.000175209036286463 0.271122912206864
0.000176961126649328 0.271095155215077
0.000178730737915821 0.271067118546345
0.000180518045294979 0.271038799364687
0.000182323225747929 0.271010194805068
0.000184146458005408 0.270981301973102
0.000185987922585462 0.270952117944744
0.000187847801811317 0.270922639765982
0.00018972627982943 0.270892864452527
0.000191623542627725 0.270862788989508
0.000193539778054002 0.270832410331134
0.000195475175834542 0.27080172540039
0.000197429927592887 0.27077073108871
0.000199404226868816 0.270739424255643
0.000201398269137504 0.27070780172853
0.000203412251828879 0.270675860302085
0.000205446374347168 0.270643596738378
0.00020750083809064 0.270611007766015
0.000209575846471546 0.270578090080109
0.000211671604936262 0.270544840341862
0.000213788320985624 0.270511255178195
0.000215926204195481 0.270477331181418
0.000218085466237435 0.270443064908844
0.00022026632089981 0.270408452882446
0.000222468984108808 0.270373491588476
0.000224693673949896 0.27033817747711
0.000226940610689395 0.270302506962063
0.000229210016796289 0.270266476420218
0.000231502116964252 0.270230082191245
0.000233817138133894 0.270193320577219
0.000236155309515233 0.270156187842255
0.000238516862610385 0.270118680212115
0.000240902031236489 0.270080793873958
0.000243311051548854 0.270042524976234
0.000245744162064343 0.270003869630669
0.000248201603684986 0.269964824029937
0.000250683619721836 0.269925383760288
0.000253190455919054 0.269885545306002
0.000255722360478245 0.269845304419312
0.000258279584083027 0.269804657010042
0.000260862379923858 0.269763598941025
0.000263471003723096 0.26972212603179
0.000266105713760327 0.269680234058677
0.00026876677089793 0.269637918750709
0.00027145443860691 0.26959517579933
0.000274168982992979 0.269552000845278
0.000276910672822909 0.2695083894425
0.000279679779551138 0.26946433701318
0.000282476577346649 0.269419839493426
0.000285301343120116 0.269374892101566
0.000288154356551317 0.26932949025282
0.00029103590011683 0.269283629317155
0.000293946259117998 0.269237304614981
0.000296885721709178 0.269190511419204
0.00029985457892627 0.269143244954104
0.000302853124715533 0.269095500394819
0.000305881655962688 0.269047272866853
0.000308940472522315 0.268998557445555
0.000312029877247538 0.2689493491556
0.000315150176020014 0.268899642970459
0.000318301677780214 0.268849433811854
0.000321484694558016 0.268798716549095
0.000324699541503596 0.268747485998145
0.000327946536918632 0.268695736916785
0.000331226002287818 0.26864346407156
0.000334538262310697 0.268590662009376
0.000337883644933803 0.268537325403829
0.000341262481383142 0.268483448786448
0.000344675106196973 0.268429026644691
0.000348121857258943 0.268374053410227
0.000351603075831532 0.268318523457665
0.000355119106589847 0.268262431103861
0.000358670297655746 0.268205770607288
0.000362257000632303 0.268148536167418
0.000365879570638626 0.268090721924136
0.000369538366345013 0.268032321957118
0.000373233750008463 0.26797333028523
0.000376966087508547 0.2679137408659
0.000380735748383633 0.267853547594521
0.000384543105867469 0.267792744303792
0.000388388536926144 0.267731324763116
0.000392272422295405 0.26766928267794
0.00039619514651836 0.267606611689132
0.000400157097983543 0.267543305372316
0.000404158668963379 0.267479357237224
0.000408200255653012 0.267414760727043
0.000412282258209542 0.267349509217737
0.000416405080791638 0.267283596558248
0.000420569131599554 0.267217014906429
0.00042477482291555 0.267149758243829
0.000429022571144705 0.267081819129848
0.000433312796856152 0.267013190864641
0.000437645924824714 0.266943866406587
0.000442022384072961 0.266873838642024
0.000446442607913691 0.266803100519867
0.000450907033992828 0.266731644509639
0.000455416104332756 0.266659463412592
0.000459970265376083 0.266586549819767
0.000464569968029844 0.26651289624656
0.000469215667710143 0.266438495131982
0.000473907824387244 0.266363338837917
0.000478646902631117 0.266287419648361
0.000483433371657428 0.266210729768679
0.000488267705374002 0.266133261392561
0.000493150382427742 0.266055006430362
0.0004980818862520199 0.265975956914654
0.00050306270511454 0.265896104728577
0.000508093332165685 0.265815441672765
0.000513174265487342 0.265733959464559
0.000518306008142215 0.265651649737216
0.0005234890682236369 0.265568504039095
0.000528723958905874 0.265484513832872
0.000534011198494933 0.265399670528563
0.000539351310479882 0.265313965347302
0.000544744823584681 0.26522738952364
0.000550192271820528 0.265139934186247
0.000555694194538733 0.265051590323151
0.00056125113648412 0.264962348882574
0.000566863647848961 0.264872200704321
0.000572532284327451 0.264781136535854
0.000578257607170726 0.264689147038174
0.000584040183242433 0.264596222758114
0.000589880585074857 0.264502354167729
0.000595779390925606 0.264407531636618
0.000601737184834862 0.264311745437731
0.00060775455668321 0.264214985746508
0.000613832102250043 0.264117242639958
0.000619970423272543 0.26401850609557
0.000626170127505268 0.263918765029979
0.000632431828780321 0.26381801210804
0.000638756147068124 0.263716233054304
0.000645143708538805 0.263613421076324
0.0006515951456241939 0.26350956392637
0.000658111097080435 0.263404651105305
0.00066469220805124 0.263298670615636
0.000671339130131752 0.263191613701453
0.00067805252143307 0.263083468435819
0.0006848330466474 0.262974223819092
0.000691681377113875 0.262863868711288
0.000698598190885013 0.262752391818017
0.000705584172793863 0.262639781752142
0.000712640014521802 0.262526027007121
0.00071976641466702 0.262411115963164
0.00072696407881369 0.26229503688643
0.000734233719601827 0.26217777792816
0.000741576056797845 0.262059327123759
0.000748991817365824 0.261939672391878
0.000756481735539482 0.261818801533468
0.000764046552894877 0.261696702230856
0.000771687018423826 0.261573362046788
0.000779403888608064 0.261448768423492
0.000787197927494145 0.26132290868173
0.000795069906769086 0.26119577001982
0.000803020605836777 0.2610673395128
0.000811050811895145 0.260937604111318
0.000819161320014096 0.260806550640785
0.000827352933214237 0.260674165800401
0.00083562646254638 0.2605404361593
0.000843982727171843 0.260405348167472
0.0008524225544435619 0.260268888136412
0.000860946779987997 0.260131042251093
0.000869556247787878 0.259991796484524
0.000878251810265756 0.259851136921046
0.000887034328368414 0.259709049268643
0.000895904671652098 0.259565519182741
0.000904863718368619 0.259420532184047
0.000913912355552305 0.259274073657671
0.000923051479107828 0.259126128851258
0.0009322819938989071 0.258976682877155
0.000941604813837896 0.25882572070716
0.000951020861976275 0.25867322717424
0.000960531070596037 0.258519186971067
0.000970136381301998 0.25836358464898
0.000979837745115018 0.25820640461645
0.0009896361225661681 0.258047631138627
0.00099953248379183 0.257887248329253
0.00100952780862975 0.257725240298518
0.00101962308671605 0.257561590373049
0.00102981931758321 0.257396283141298
0.00104011751075904 0.25722930136998
0.00105051868586663 0.257060628704074
0.00106102387272529 0.25689024838058
0.00107163411145255 0.2567181434855
0.00108235045256707 0.256544296957939
0.00109317395709274 0.25636869158282
0.00110410569666367 0.256191309992934
0.00111514675363031 0.256012134667261
0.00112629822116661 0.255831147930082
0.00113756120337828 0.255648331950096
0.00114893681541206 0.255463668739543
0.00116042618356618 0.255277140153337
0.00117203044540184 0.255088727887853
0.00118375074985586 0.254898413481472
0.00119558825735442 0.254706178311671
0.00120754413992796 0.254512003595661
0.00121961958132724 0.254315870389496
0.00123181577714052 0.254117759588337
0.00124413393491192 0.253917651931465
0.00125657527426104 0.25371552808833
0.00126914102700365 0.253511367818002
0.00128183243727369 0.253305152352471
0.00129465076164642 0.253096861197793
0.00130759726926289 0.252886474321069
0.00132067324195552 0.252673971460279
0.00133387997437507 0.252459332177543
0.00134721877411882 0.252242535862846
0.00136069096186001 0.252023561734035
0.00137429787147861 0.251802388836122
0.0013880408501934 0.251578996040362
0.00140192125869533 0.2513533620431
0.00141594047128228 0.251125465364106
0.00143009987599511 0.250895284341936
0.00144440087475506 0.250662797079055
0.00145884488350261 0.250427981954141
0.00147343333233764 0.250190816172655
0.00148816766566101 0.249951277698143
0.00150304934231762 0.249709343936125
0.0015180798357408 0.249464992144285
0.00153326063409821 0.24921819939677
0.00154859324043919 0.24896894257755
0.00156407917284358 0.248717198418715
0.00157971996457202 0.248462943422414
0.00159551716421774 0.248206153916354
0.00161147233585991 0.247946806037133
0.00162758705921851 0.247684875728742
0.0016438629298107 0.247420338741018
0.00166030155910881 0.247153170609067
0.00167690457469989 0.246883346727189
0.00169367362044689 0.246610842234265
0.00171061035665136 0.246335632219555
0.00172771646021787 0.246057691175191
0.00174499362482005 0.245776993773804
0.00176244356106825 0.245493514363269
0.00178006799667894 0.24520722706999
0.00179786867664573 0.244918105708717
0.00181584736341218 0.244626124214631
0.0018340058370463 0.244331255963877
0.00185234589541677 0.244033474229344
0.00187086935437094 0.243732752061538
0.00188957804791465 0.243429062282434
0.00190847382839379 0.243122377467903
0.00192755856667773 0.242812668555314
0.00194683415234451 0.242499912713747
0.00196630249386795 0.242184076094177
0.00198596551880663 0.24186513271231
0.0020058251739947 0.241543053903137
0.00202588342573464 0.241217810364876
0.00204614225999199 0.240889374047599
0.00206660368259191 0.24055771481514
0.00208726971941783 0.240222803271707
0.00210814241661201 0.239884609581479
0.00212922384077813 0.239543103634549
0.00215051607918591 0.239198255049105
0.00217202123997777 0.238850033167961
0.00219374145237755 0.238498407054168
0.00221567886690132 0.238143345486266
0.00223783565557034 0.237784816953688
0.00226021401212604 0.237422789651427
0.0022828161522473 0.237057231474886
0.00230564431376977 0.236688110013075
0.00232870075690747 0.236315392551534
0.00235198776447654 0.235939046055866
0.00237550764212131 0.235559037177304
0.00239926271854252 0.235175332210527
0.00242325534572795 0.234787896716807
0.00244748789918523 0.234396697498546
0.00247196277817708 0.234001698356846
0.00249668240595885 0.233602865560926
0.00252164923001844 0.233200163078731
0.00254686572231862 0.23279355518975
0.00257233437954181 0.232383005772183
0.00259805772333723 0.23196847837937
0.0026240383005706 0.231549936087918
0.00265027868357631 0.231127341684256
0.00267678147041207 0.230700657584095
0.00270354928511619 0.230269845884689
0.00273058477796735 0.229834867225233
0.00275789062574703 0.229395683339228
0.0027854695320045 0.228952254966401
0.00281332422732454 0.228504542436322
0.00284145746959779 0.228052505653167
0.00286987204429376 0.227596104095591
0.0028985707647367 0.227135294909744
0.00292755647238407 0.226670041821547
0.00295683203710791 0.22620029823997
0.00298640035747899 0.225726024166369
0.00301626436105378 0.225247176231241
0.00304642700466432 0.224763712720889
0.00307689127471096 0.224275588448638
0.00310766018745807 0.223782760009622
0.00313873678933265 0.223285183397979
0.00317012415722598 0.222782813834341
0.00320182539879824 0.222275606322185
0.00323384365278622 0.221763515425295
0.00326618208931408 0.221246495261007
0.00329884391020722 0.220724499809666
0.00333183234930929 0.220197482302654
0.00336515067280239 0.219665396245531
0.00339880217953041 0.21912819350717
0.00343279020132572 0.218585836991413
0.00346711810333897 0.218038253425006
0.00350178928437236 0.217485418642792
0.00353680717721609 0.216927276913005
0.00357217524898825 0.216363779967738
0.00360789700147813 0.21579487934296
0.00364397597149291 0.215220526646227
0.00368041573120784 0.214640673196297
0.00371721988851992 0.214055269514115
0.00375439208740512 0.21346426838781
0.00379193600827917 0.212867623001026
0.00382985536836196 0.212265281139495
0.00386815392204558 0.211657198609683
0.00390683546126603 0.211043321979386
0.0039459038158787 0.210423612271923
0.00398536285403748 0.209798015341942
0.00402521648257786 0.209166488122883
0.00406546864740364 0.208528985533568
0.00410612333387767 0.207885456728093
0.00414718456721645 0.20723586385601
0.00418865641288861 0.206580160453168
0.0042305429770175 0.205918303768813
0.00427284840678767 0.205250253606349
0.00431557689085555 0.204575967435461
0.00435873265976411 0.203895405046066
0.00440231998636175 0.203208534663483
0.00444634318622536 0.202515319714328
0.00449080661808762 0.201815717456909
0.00453571468426849 0.201109707018099
0.00458107183111118 0.200397246855119
0.00462688254942229 0.199678321843431
0.00467315137491651 0.198952891710407
0.00471988288866568 0.198220942608204
0.00476708171755234 0.197482466307326
0.00481475253472786 0.196737404417986
0.00486290006007514 0.195985778996029
0.00491152906067589 0.195227571135256
0.00496064435128265 0.194462754445995
0.00501025079479548 0.193691354597256
0.00506035330274343 0.192913345045032
0.00511095683577087 0.19212873966067
0.00516206640412858 0.191337542521797
0.00521368706816986 0.190539762551348
0.00526582393885156 0.189735416743083
0.00531848217824008 0.188924530637993
0.00537166700002248 0.188107123404129
0.0054253836700227 0.187283228104106
0.00547963750672293 0.186452879905095
0.00553443388179016 0.185616117030868
0.00558977822060806 0.184772963712694
0.00564567600281414 0.183923524830621
0.00570213276284228 0.183067829041513
0.0057591540904707 0.182205950271475
0.00581674563137541 0.181337931445696
0.00587491308768917 0.180463905431234
0.00593366221856606 0.17958385984338
0.00599299884075172 0.178697974282546
0.00605292882915924 0.177806317556816
0.00611345811745083 0.176908984300914
0.00617459269862534 0.176006096940031
0.00623633862561159 0.1750977660857
0.00629870201186771 0.174184127597205
0.00636168903198638 0.173265288668661
0.00642530592230625 0.172341405696602
0.00648955898152931 0.17141261620368
0.0065544545713446 0.170479083984802
0.00661999911705805 0.16954096645138
0.00668619910822863 0.168598422160535
0.00675306109931092 0.167651653858844
0.00682059171030403 0.166700884906886
0.00688879762740707 0.165746050921032
0.00695768560368114 0.164787626360579
0.00702726245971795 0.163825711189324
0.00709753508431513 0.162860520111798
0.00716851043515828 0.16189225957612
0.00724019553950986 0.160921171442151
0.00731259749490496 0.159947470525343
0.00738572346985401 0.158971272856092
0.00745958070455255 0.157992981462449
0.00753417651159808 0.157012746802403
0.00760951827671406 0.156030818196716
0.0076856134594812 0.155047462989973
0.00776246959407601 0.154062905725914
0.00784009429001677 0.153077432379219
0.00791849523291694 0.152091250229789
0.00799768018524611 0.15110464967712
0.00807765698709857 0.150117879155596
0.00815843355696956 0.149131210005882
0.00824001789253925 0.148144872420541
0.00832241807146464 0.14715917628182
0.008405642252179289 0.146174362720015
0.00848969867470108 0.145190697446858
0.0085745956614481 0.144208425972669
0.008660341618062581 0.143227835005076
0.008746945034243199 0.142249189398932
0.008834414484585631 0.141272714986283
0.008922758629431491 0.140298683582263
0.0090119862157258 0.139327348254835
0.00910210607788306 0.1383589555749
0.00919312713866189 0.137393761101677
0.00928505841004851 0.136432007825908
0.009377908994149 0.135473928422057
0.00947168808409049 0.134519764237382
0.009566404964931391 0.133569738478112
0.00966206901458071 0.132624092893246
0.009758689704726511 0.131683034626758
0.009856276601773781 0.130746787105976
0.00995483936779152 0.129815558397627
0.0100543877614694 0.128889563587715
0.0101549316390841 0.127969009268586
0.010256480955475 0.127054064782819
0.0103590457650297 0.126144936126463
0.01046263622268 0.125241809575913
0.0105672625849068 0.124344863172943
0.0106729352107559 0.123454272830269
0.0107796645628634 0.122570203289107
0.0108874612084921 0.121692826069525
0.010996335820577 0.120822302954678
0.0111062991787828 0.119958768933823
0.0112173621705706 0.119102401376596
0.0113295357922763 0.118253334226207
0.0114428311501991 0.117411710169366
0.0115572594617011 0.116577668532437
0.0116728320563181 0.115751340910013
0.0117895603768812 0.11493286192698
0.0119074559806501 0.114122357667092
0.0120265305404566 0.113319956929437
0.0121467958458611 0.112525781496577
0.0122682638043197 0.11173994863026
0.0123909464423629 0.110962589708424
0.0125148559067866 0.110193813171445
0.0126400044658544 0.109433742025924
0.012766404510513 0.108682494236526
0.0128940685556181 0.10794017924961
0.0130230092411743 0.107206921388143
0.013153239333586 0.106482836482299
0.0132847717269219 0.105768032846716
0.0134176194441911 0.105062661090047
0.013551795638633 0.104366812619299
0.0136873135950193 0.103680615297488
0.0138241867309695 0.103004204828696
0.0139624285982792 0.102337701228051
0.014102052884262 0.101681234107416
0.0142430734131046 0.101034947772887
0.0143855041472357 0.10039896401673
0.014529359188708 0.0997734361193422
0.0146746527805951 0.0991584947572308
0.0148213993084011 0.0985543066126984
0.0149696133014851 0.0979610123528284
0.0151193094344999 0.0973787713586785
0.0152705025288449 0.0968077487641587
0.0154232075541334 0.0962481089021598
0.0155774396296747 0.0957000236493929
0.0157332140259715 0.0951636724495841
0.0158905461662312 0.0946392375690732
0.0160494516278935 0.094126914544707
0.0162099461441724 0.0936268892245212
0.0163720456056142 0.093139365150549
0.0165357660616703 0.0926645548299279
0.016701123722287 0.0922026663619894
0.0168681349595099 0.0917539205656769
0.017036816309105 0.0913185454668669
0.017207184472196 0.0908967750143674
0.017379256316918 0.0904888488628503
0.0175530488800872 0.0900950142125651
0.017728579368888 0.0897155227647583
0.0179058651625769 0.0893506460212601
0.0180849238142027 0.0890006463802738
0.0182657730523447 0.0886658032630132
0.0184484307828682 0.0883464005260583
0.0186329150906968 0.0880427375870413
0.0188192442416038 0.087755111434025
0.0190074366840199 0.0874838383506844
0.0191975110508601 0.0872292372869322
0.0193894861613687 0.0869916270976225
0.0195833810229823 0.0867713797829696
0.0197792148332122 0.0865688175713119
0.0199770069815443 0.0863843093926794
0.0201767770513597 0.0862182254134317
0.0203785448218733 0.0860709588521523
0.0205823302700921 0.0859428986949825
0.020788153572793 0.0858344595188814
0.0209960351085209 0.0857460641959675
0.0212059954596061 0.085678149884176
0.0214180554142022 0.0856311576096578
0.0216322359683442 0.0856056024536641
0.0218485583280276 0.085601919966591
0.0220670439113079 0.085620636597153
0.022287714350421 0.0856622699589608
0.0225105914939252 0.0857273641592796
0.0227356974088645 0.0858164763558708
0.0229630543829531 0.0859301914958811
0.0231926849267826 0.0860691111221618
0.0234246117760505 0.086233860377739
0.023658857893811 0.0864250955300081
0.0238954464727491 0.0866434848123579
0.0241344009374766 0.0868897321486741
0.0243757449468513 0.0871645640232062
0.0246195023963198 0.0874687092613424
0.024865697420283 0.0878030308810683
0.0251143543944859 0.0881682638211914
0.0253654979384307 0.0885652880082667
0.025619152917815 0.0889949777973216
0.0258753444469932 0.0894582517888158
0.0261340978914631 0.0899560621558577
0.0263954388703778 0.0904893921754095
0.0266593932590815 0.0910592762973621
0.0269259871916724 0.0916667811612902
0.0271952470635891 0.0923130217362878
0.027467199534225 0.0929991517484986
0.0277418715295672 0.0937263707828568
0.0280192902448629 0.0944959299532679
0.0282994831473115 0.0953091183288726
0.0285824779787846 0.0961672822422785
0.0288683027585725 0.0970718166851325
0.0291569857861582 0.0980241648799573
0.0294485556440198 0.0990258189190193
0.02974304120046 0.100078322613689
0.0300404716124646 0.101183269629982
0.0303408763285892 0.102342305524289
0.0306442850918751 0.103557119295928
0.0309507279427939 0.104829444530225
0.0312602352222218 0.106161051284168
0.031572837574444 0.107553756051452
0.0318885659501885 0.109009405207338
0.0322074516096904 0.110529871324568
0.0325295261257873 0.112117033910909
0.0328548213870451 0.11377276902762
0.0331833696009156 0.115498975918182
0.0335152032969248 0.117297537109892
0.033850355329894 0.119170267165744
0.0341888588831929 0.121118948299402
0.0345307474720249 0.123145305070768
0.0348760549467451 0.12525093345448
0.0352248154962126 0.127437346553523
0.0355770636511747 0.129705827404556
0.0359328342876865 0.132057693711792
0.0362921626305633 0.134493890825274
0.036655084256869 0.137014951030065
0.0370216350994376 0.139621436745933
0.037391851450432 0.142313574430568
0.0377657699649363 0.145091026642768
0.0381434276645857 0.147953429563431
0.0385248619412316 0.150899569142122
0.0389101105606439 0.15392815831457
0.0392992116662503 0.157037346331499
0.0396922037829128 0.160224770008608
0.0400891258207419 0.16348763942381
0.0404900170789494 0.166822672315476
0.0408949172497389 0.170226063388794
0.0413038664222363 0.173693769544932
0.0417169050864586 0.177221108889675
0.0421340741373232 0.180802836542264
0.0425554148786964 0.18443374610703
0.0429809690274834 0.188108413482873
0.0434107787177582 0.19182068063603
0.0438448865049358 0.195564541247486
0.0442833353699852 0.199333828471111
0.044726168723685 0.203122337841391
0.0451734304109219 0.206923896515294
0.0456251647150311 0.210732360135126
0.0460814163621814 0.214541811483977
0.0465422305258032 0.218346425298622
0.0470076528310613 0.222140844232708
0.0474777293593719 0.225919657249025
0.0479525066529656 0.229678008410657
0.0484320317194952 0.233411341441165
0.0489163520366902 0.237115431451674
0.0494055155570571 0.240786365640506
0.0498995707126277 0.244420768973502
0.0503985664197539 0.248015397810501
0.0509025520839515 0.251567687682997
0.051411577604791 0.255075084723677
0.0519256933808389 0.258535602162448
0.0524449503146473 0.261947531755799
0.0529693998177938 0.265309436785321
0.0534990938159717 0.268620188072192
0.0540340847541314 0.271878938612522
0.0545744256016727 0.275085072430647
0.0551201698576895 0.278238162969306
0.0556713715562664 0.281338123001313
0.056228085271829 0.28438483878688
0.0567903661245473 0.287378540354949
0.0573582697857928 0.290319545794196
0.0579318524836507 0.293208299111211
0.0585111710084872 0.296045367210473
0.0590962827185721 0.298831415666191
0.0596872455457578 0.301567199786301
0.0602841180012154 0.304253556411444
0.0608869591812276 0.306891362129996
0.0614958287730398 0.309481565582821
0.0621107870607702 0.312025108397958
0.0627318949313779 0.314523086695124
0.0633592138806917 0.31697649106271
0.0639928060194986 0.31938638573438
0.0646327340796936 0.32175384516871
0.0652790614204906 0.324079941638435
0.0659318520346955 0.326365740095535
0.06659117055504241 0.32861230186756
0.06725708226059279 0.330820687493072
0.0679296530831988 0.332991979290463
0.0686089496140308 0.335127121132313
0.0692950391101711 0.337227187196242
0.0699879895012728 0.339293159167832
0.0706878693962855 0.341325978034848
0.0713947480902484 0.343326599551126
0.0721086955711509 0.345295927244897
0.0728297825268624 0.347234853168949
0.073558080352131 0.349144228224429
0.07429366115565229 0.351024841146249
0.07503659776720881 0.352877562297196
0.07578696374488091 0.35470305458116
0.0765448333823297 0.356502125760845
0.07731028171615301 0.358275438273715
0.07808338453331461 0.36002368711462
0.0788642183786477 0.361747473381233
0.0796528605624342 0.363447446044799
0.08044938916805849 0.36512410926421
0.0812538830597391 0.366778070089726
0.0820664218903365 0.368409830847334
0.08288708610923989 0.370019859383411
0.08371595697033229 0.371608615887996
0.0845531165400356 0.373176537474091
0.085398647705436 0.374724039424635
0.0862526341824903 0.376251443254587
0.0871151605243152 0.377759141119669
0.0879863121295584 0.379247473778274
0.0888661752508539 0.380716725390271
0.08975483700336249 0.382167183273889
0.09065238537339609 0.383599118069113
0.0915589092271301 0.385012740393281
0.0924744983194014 0.386408335982221
0.0933992433025954 0.387786027015469
0.0943332357356213 0.389146131750853
0.0952765680929776 0.390488679389872
0.0962293337739073 0.391813972019312
0.0971916271116464 0.393122080029037
0.0981635433827629 0.394413212477897
0.0991451788165905 0.395687438998092
0.100136630604756 0.396944937804119
0.101137996910804 0.398185806631372
0.102149376879912 0.399410172823773
0.103170870648711 0.400618131620717
0.104202579355198 0.401809813865645
0.10524460514875 0.402985302586269
0.106297051200238 0.404144722707955
0.10736002171224 0.405288157169627
0.108433621929363 0.406415703830065
0.109517958148656 0.407527486847479
0.110613137730143 0.408623618613173
0.111719269107444 0.409704183925239
0.112836461798519 0.410769308208731
0.113964826416504 0.41181910690638
0.115104474680669 0.412853700687276
0.116255519427476 0.4138732172364
0.11741807462175 0.414877774062238
0.118592255367968 0.415867512049517
0.119778177921647 0.416842556585118
0.120975959700864 0.417803071862835
0.122185719297873 0.418749225837846
0.123407576490851 0.41968112897341
0.12464165225576 0.420598954034676
0.125888068778317 0.421502884545847
0.127146949466101 0.422393079469602
0.128418418960762 0.423269713589926
0.129702603150369 0.42413296893583
0.130999629181873 0.424983035280649
0.132309625473692 0.425820082671163
0.133632721728429 0.426644323881131
0.134969048945713 0.42745594520007
0.13631873943517 0.428255149602228
0.137681926829522 0.429042128355216
0.139058746097817 0.429817090335071
0.140449333558795 0.430580232752852
0.141853826894383 0.431331761991395
0.143272365163327 0.432071882351456
0.14470508881496 0.432800805610001
0.14615213970311 0.43351872498731
0.147613661100141 0.434225840801235
0.149089797711142 0.434922363200581
0.150580695688254 0.435608488995468
0.152086502645136 0.436284420491426
0.153607367671588 0.436950330191159
0.155143441348303 0.437606432988102
0.156694875761787 0.438252907155027
0.158261824519404 0.43888993471412
0.159844442764598 0.4395177015961
0.161442887192244 0.440136372834332
0.163057316064167 0.440746127163873
0.164687889224809 0.441347128310804
0.166334768117057 0.441939531675525
0.167998115798227 0.442523501682254
0.169678096956209 0.443099178339459
0.171374877925772 0.443666709620725
0.173088626705029 0.444226230930588
0.17481951297208 0.444777878401072
0.1765677081018 0.445321777231325
0.178333385182818 0.445858049226114
0.180116719034647 0.446386810255702
0.181917886224993 0.446908167217992
0.183737065087243 0.447422226907271
0.185574435738115 0.447929091628457
0.187430180095497 0.448428851982407
0.189304481896452 0.448921605444258
0.191197526715416 0.449407439655309
0.19310950198257 0.449886449475662
0.195040597002396 0.45035874825284
0.19699100297242 0.450824364247054
0.198960913002144 0.451284637682441
0.200950522132166 0.451743372767722
0.202960027353487 0.452186239132941
0.204989627627022 0.452624389399704
0.207039523903292 0.453056085160814
0.209109919142325 0.453481462100324
0.211201018333748 0.453900504058069
0.213313028517086 0.454313223975955
0.215446158802257 0.454719634232647
0.217600620390279 0.455119752528806
0.219776626594182 0.455513594932718
0.221974392860124 0.455901176276347
0.224194136788725 0.456282509364151
0.226436078156613 0.456657604525303
0.228700438938179 0.457026469735929
0.23098744332756 0.457389111382371
0.233297317760836 0.457745531901233
0.235630290938444 0.458095733121499
0.237986593847829 0.458439712728684
0.240366459786307 0.458777464795211
0.24277012438417 0.459108986445315
0.245197825628012 0.45943426805309
0.247649803884292 0.459753295325321
0.250126301923135 0.460066053136619
0.252627564942366 0.460372527733059
0.25515384059179 0.460672698602185
0.257705378997708 0.460966538748224
0.260282432787685 0.461254028413176
0.262885257115562 0.46153512864009
0.265514109686717 0.461809815694228
0.268169250783585 0.462078052401811
0.27085094329142 0.462339795564383
0.273559452724335 0.462595005202097
0.276295047251578 0.46284363309788
0.279057997724094 0.46308562865122
0.281848577701335 0.463320935978185
0.284667063478348 0.463549495264503
0.287513734113132 0.463771243800238
0.290388871454263 0.463986111833751
0.293292760168805 0.464194027866751
0.296225687770494 0.46439490896183
0.299187944648198 0.464588672530334
0.30217982409468 0.464775231641629
0.305201622335627 0.464954490581441
0.308253638558984 0.465126344563978
0.311336174944573 0.465290692752541
0.314449536694019 0.465447420730113
0.317594032060959 0.465596409479291
0.320769972381569 0.46573753693534
0.323977672105385 0.465870671676382
0.327217448826438 0.465995674769194
0.330489623314703 0.466112400350897
0.33379451954785 0.466220704381708
0.337132464743328 0.466320425759704
0.340503789390762 0.466411402865794
0.343908827284669 0.466493465138924
0.347347915557516 0.46656643683511
0.350821394713091 0.466630134976356
0.354329608660222 0.466684369148517
0.357872904746824 0.466728946940532
0.361451633794292 0.466763663283408
0.365066150132235 0.466788312156414
0.368716811633558 0.466802674727404
0.372403979749893 0.466806536337259
0.376128019547392 0.466799663077257
0.379889299742866 0.466781829407971
0.383688192740295 0.466752792935024
0.387525074667698 0.466712310071776
0.391400325414375 0.466660132593477
0.395314328668518 0.466596001253046
0.399267471955204 0.466519658986734
0.403260146674756 0.466430835597492
0.407292748141503 0.466329256968067
0.411365675622918 0.466214646900766
0.415479332379147 0.466086720078394
0.419634125702939 0.465945186089071
0.423830466959968 0.465789747742248
0.428068771629568 0.465620103096105
0.432349459345864 0.465435941639723
0.436672953939322 0.46523694721001
0.441039683478716 0.46502279606564
0.445450080313503 0.464793156162193
0.449904581116638 0.464547687615184
0.454403626927804 0.46428604367495
0.458947663197082 0.464007867744798
0.463537139829053 0.463712792555031
0.468172511227344 0.463400442034544
0.472854236339617 0.463070429758862
0.477582778703013 0.46272235818739
0.482358606490043 0.46235581710798
0.487182192554944 0.461970384240771
0.492054014480493 0.461565626308633
0.496974554625298 0.461141094496078
0.501944300171551 0.460696324555545
0.506963743173267 0.460230838825768
0.512033380604999 0.459744143953947
0.517153714411049 0.459235729490913
0.52232525155516 0.458705069260424
0.527548504070711 0.458151618845597
0.532823989111418 0.457574814696457
0.538152229002533 0.456974075474374
0.543533751292558 0.456348798193615
0.548969088805484 0.455698361639838
0.554458779693538 0.455022122322074
0.560003367490474 0.454319415041238
0.565603401165378 0.453589552323345
0.571259435177032 0.452831822707121
0.576972029528803 0.452045490831238
0.582741749824091 0.451229797282305
0.588569167322331 0.450383956876537
0.5944548589955549 0.449507154108279
0.60039940758551 0.448598552066889
0.606403401661365 0.447657278814377
0.612467435677979 0.446682439124511
0.618592110034759 0.445673100774158
0.624778031135106 0.444628303940654
0.631025811446457 0.443547052684741
0.637336069560922 0.442428321728747
0.643709430256531 0.441271036753936
0.650146524559097 0.440074098144013
0.656647989804688 0.438836364316917
0.663214469702734 0.437556647117746
0.669846614399762 0.436233718984012
0.6765450805437589 0.434866303765903
0.6833105313491969 0.433453082631061
0.690143636662689 0.431992665823841
0.697045073029316 0.4304836422187
0.704015523759609 0.428924518218165
0.711055678997205 0.427313749291493
0.718166235787177 0.425649724349627
0.725347898145049 0.423930771821739
0.732601377126499 0.422155131222181
0.739927390897764 0.420320967156469
0.747326664806742 0.418426387964336
0.7547999314548089 0.416469384689599
0.762347930769357 0.414447871270382
0.7699714100770511 0.41235964723254
0.777671124177822 0.410202415401497
0.7854478354195999 0.40797375768124
0.793302313773796 0.405671131935147
0.801235336911534 0.403291862812481
0.809247690280649 0.400833129904162
0.817340167183456 0.398291957981858
0.82551356885529 0.395665202899388
0.833768704543843 0.392949538060037
0.842106391589282 0.390141448595225
0.8505274555051739 0.387237180061809
0.8547800927827 0.385744021109086
0.859032730060226 0.384232780874989
0.863327893710527 0.382687855807784
0.867623057360828 0.381124026641769
0.871961172647633 0.379525116684192
0.874130230291035 0.37871825621244
0.876299287934437 0.3779064157227
0.878490036154273 0.377081364366498
0.880680784374109 0.376251160983267
0.882871532593945 0.375415770517015
0.885062280813781 0.374575155781903
0.887274936515815 0.373720794689913
0.88948759221785 0.372861030110671
0.891700247919885 0.371995815585666
0.893912903621919 0.371125119823722
0.898382468140029 0.369349412806207
0.902852032658138 0.367550819755594
0.907366292821429 0.365710639954416
0.91188055298472 0.363846368795876
0.916439955749644 0.361938602870998
0.920999358514567 0.360005444300435
0.92560435530714 0.358026737612512
0.930209352099712 0.356021235061969
0.93951144562071 0.351886381772771
0.948906560076917 0.347592958193032
0.958395625677686 0.343132312424658
0.967979581934463 0.3384950765774
0.977659377753807 0.333671012484145
0.987435971531345 0.328648930475175
0.997310331246659 0.323416519618996
1.00728343455913 0.317960219557314
1.01735626890472 0.312265001151914
1.02752983159376 0.306314124800562
1.0378051299097 0.300088930717262
1.0481831812088 0.293568402974412
1.05866501302089 0.286728657394264
1.0692516631511 0.279542584218791
1.07994417978261 0.27197893980478
1.09074362158043 0.264001490331935
1.10165105779624 0.25556786698049
1.1126675683742 0.246627741756259
1.12379424405794 0.237120696604567
1.13503218649852 0.226973026920389
1.14638250836351 0.216093196408346
1.15784633344714 0.204365089568783
1.16942479678161 0.191637736554236
1.18111904474943 0.17770888273358
1.19293023519692 0.162297989072843
1.20485953754889 0.144999842717856
1.21690813292438 0.125209766909521
1.22299267358901 0.114084128882772
1.22907721425363 0.102041746814276
1.23522260032489 0.0888654098350453
1.24136798639616 0.0747959615460153
1.24447140636215 0.0675489920038505
1.24757482632814 0.0604419068684698
1.25067824629413 0.0537268298580739
1.25378166626012 0.0476456918202334
1.25534889334295 0.0448678204736262
1.25691612042577 0.0422979535535135
1.26005057459142 0.0377694579973115
1.26318502875707 0.0339839087822111
1.26631948292272 0.0308241636928493
1.26948528163003 0.0281478144236002
1.27265108033733 0.0258847082113839
1.27581687904464 0.0239508843109612
1.27898267775195 0.0222810072969309
1.28218013444633 0.0208110379974576
1.28537759114071 0.0195188272192806
1.29177250452947 0.0173500928907536
1.29823136705212 0.0155815508633834
1.30469022957477 0.0141211841500077
1.31121368072264 0.0128806600768095
1.31773713187051 0.0118215298753433
1.32432581752987 0.0108966973946651
1.33091450318922 0.0100886869827482
1.33756907570517 0.00936926249769563
1.34422364822111 0.0087301710512312
1.35094476646222 0.00815293598396065
1.35766588470332 0.00763373335297917
1.36445421412684 0.00715964354954614
1.37124254355036 0.00672910169201158
1.38495496898586 0.00596979157829646
1.39880451867572 0.00532367745726653
1.41279256386247 0.00476774056952453
1.4269204895011 0.00428500070056208
1.44118969439611 0.00386261318203703
1.45560159134007 0.00349065226349322
1.47015760725347 0.0031613069932448
1.48485918332601 0.00286833221141587
1.49970777515927 0.00260666162097462
1.51470485291086 0.00237213703462757
1.52985190143997 0.00216130688001598
1.54515042045437 0.00197127703106215
1.56060192465891 0.00179959963297724
1.5762079439055 0.00164418782869485
1.59197002334456 0.00150325016035297
1.607889723578 0.00137523708016585
1.62396862081378 0.00125880209436378
1.64020830702192 0.00115276801096608
1.65661039009214 0.00105610077075001
1.67317649399306 0.000967887453505168
1.68990825893299 0.000887321497743477
1.70680734152232 0.000813682644906003
1.72387541493754 0.000746330378952871
1.74111416908692 0.000684691134094978
1.75852531077779 0.000628250268646821
1.77611056388557 0.000576544886886536
1.79387166952442 0.000529157720611798
1.81181038621967 0.000485711717893112
1.82992849008186 0.000445866125709688
1.84822777498268 0.000409311398284062
1.86671005273251 0.00037576696700223
1.88537715325983 0.000344977702266945
1.90423092479243 0.000316711385094122
1.92327323404036 0.000290756478002712
1.94250596638076 0.000266920058624556
1.96193102604457 0.000245026036006151
1.98155033630501 0.000224913604531868
2.00136583966806 0.000206435733262071
2.02137949806474 0.000189457990533213
2.04159329304539 0.000173857345899615
2.06200922597584 0.000159521178002027
2.0826293182356 0.000146346292042059
2.10345561141796 0.000134238255047209
2.12449016753214 0.000123110352275629
2.14573506920746 0.000112883184274631
2.16719241989954 0.000103483898784998
2.18886434409853 9.484566684675e-05
2.21075298753952 8.69071592376045e-05
2.23286051741491 7.96120870731397e-05
2.25518912258906 7.29087712465372e-05
2.27774101381495 6.67497527370781e-05
2.3005184239531 6.10914397167275e-05
2.32352360819263 5.58937820304195e-05
2.34675884427456 5.11199698753491e-05
2.3702264327173 4.67361725571776e-05
2.39392869704448 4.27112813214102e-05
2.41786798401492 3.90166867033533e-05
2.44204666385507 3.56260698271921e-05
2.46646713049362 3.25152144030476e-05
2.49113180179856 2.96618309757018e-05
2.51604311981654 2.70454006532245e-05
2.54120355101471 2.46470267453104e-05
2.56661558652486 2.2449305521902e-05
2.5922817423901 2.04362043900724e-05
2.618204559814 1.8592947289679e-05
2.64438660541214 1.69059175730603e-05
2.67083047146627 1.5362563088836e-05
2.69753877618093 1.39513115708866e-05
2.72451416394274 1.26614924192723e-05
2.75175930558217 1.14832665792256e-05
2.77927689863799 1.04075604960544e-05
2.80706966762437 1e-5
2.83514036430061 1e-5
2.86349176794362 1e-5
2.89212668562305 1e-5
2.92104795247928 1e-5
2.95025843200408 1e-5
2.97976101632412 1e-5
3.00955862648736 1e-5
3.03965421275223 1e-5
3.07005075487975 1e-5
3.10075126242855 1e-5
3.13175877505284 1e-5
3.16307636280337 1e-5
3.1947071264314 1e-5
3.22665419769571 1e-5
3.25892073967267 1e-5
3.2915099470694 1e-5
3.32442504654009 1e-5
3.35766929700549 1e-5
3.39124598997555 1e-5
3.4251584498753 1e-5
3.45941003437406 1e-5
3.4940041347178 1e-5
3.52894417606497 1e-5
3.56423361782562 1e-5
3.59987595400388 1e-5
3.63587471354392 1e-5
3.67223346067936 1e-5
3.70895579528615 1e-5
3.74604535323901 1e-5
3.7835058067714 1e-5
3.82134086483912 1e-5
3.85955427348751 1e-5
3.89814981622238 1e-5
3.93713131438461 1e-5
3.97650262752845 1e-5
4.01626765380374 1e-5
4.05643033034178 1e-5
4.09699463364519 1e-5
4.13796457998165 1e-5
4.17934422578146 1e-5
4.22113766803928 1e-5
4.26334904471967 1e-5
4.30598253516687 1e-5
4.34904236051854 1e-5
4.39253278412372 1e-5
4.43645811196496 1e-5
4.48082269308461 1e-5
4.52563092001545 1e-5
4.57088722921561 1e-5
4.61659610150777 1e-5
4.66276206252284 1e-5
4.70938968314807 1e-5
4.75648357997955 1e-5
4.80404841577935 1e-5
4.85208889993714 1e-5
4.90060978893651 1e-5
4.94961588682588 1e-5
4.99911204569414 1e-5
5.04910316615108 1e-5
5.09959419781259 1e-5
5.15059013979072 1e-5
5.20209604118862 1e-5
5.25411700160051 1e-5
5.30665817161651 1e-5
5.35972475333268 1e-5
5.41332200086601 1e-5
5.46745522087467 1e-5
5.52212977308341 1e-5
5.57735107081425 1e-5
5.63312458152239 1e-5
5.68945582733762 1e-5
5.74635038561099 1e-5
5.8038138894671 1e-5
5.86185202836177 1e-5
5.92047054864539 1e-5
5.97967525413184 1e-5
6.03947200667316 1e-5
6.0998667267399 1e-5
6.16086539400729 1e-5
6.22247404794737 1e-5
6.28469878842684 1e-5
6.34754577631111 1e-5
6.41102123407422 1e-5
6.47513144641496 1e-5
6.53988276087911 1e-5
6.60528158848791 1e-5
6.67133440437278 1e-5
6.73804774841651 1e-5
6.80542822590068 1e-5
6.87348250815968 1e-5
6.94221733324128 1e-5
7.01163950657369 1e-5
7.08175590163943 1e-5
7.15257346065582 1e-5
7.22409919526238 1e-5
7.29634018721501 1e-5
7.36930358908716 1e-5
7.44299662497803 1e-5
7.51742659122781 1e-5
7.59260085714009 1e-5
7.66852686571149 1e-5
7.7452121343686 1e-5
7.82266425571229 1e-5
7.90089089826941 1e-5
7.97989980725211 1e-5
8.059698805324629 1e-5
8.14029579337787 1e-5
8.221698751311649 1e-5
8.30391573882477 1e-5
8.38695489621302 1e-5
8.47082444517515 1e-5
8.555532689626901 1e-5
8.64108801652317 1e-5
8.727498896688401 1e-5
8.81477388565529 1e-5
8.902921624511841 1e-5
8.99195084075696 1e-5
9.081870349164531 1e-5
9.172689052656169 1e-5
9.26441594318274 1e-5
9.357060102614559 1e-5
9.45063070364071 1e-5
9.54513701067712 1e-5
9.640588380783891 1e-5
9.736994264591729 1e-5
9.834364207237639 1e-5
9.93270784931002 1e-5
10.0320349278031 1e-5
10.1323552770812 1e-5
10.233678829852 1e-5
10.3360156181505 1e-5
10.439375774332 1e-5
10.5437695320753 1e-5
10.6492072273961 1e-5
10.75569929967 1e-5
10.8632562926667 1e-5
10.9718888555934 1e-5
11.0816077441493 1e-5
11.1924238215908 1e-5
11.3043480598067 1e-5
11.4173915404048 1e-5
11.5315654558088 1e-5
11.6468811103669 1e-5
11.7633499214706 1e-5
11.8809834206853 1e-5
11.9997932548922 1e-5
12.1197911874411 1e-5
12.2409890993155 1e-5
12.3633989903086 1e-5
12.4870329802117 1e-5
12.6119033100138 1e-5
12.738022343114 1e-5
12.8654025665451 1e-5
12.9940565922106 1e-5
13.1239971581327 1e-5
13.255237129714 1e-5
13.3877895010112 1e-5
13.5216673960213 1e-5
13.6568840699815 1e-5
13.7934529106813 1e-5
13.9313874397881 1e-5
14.070701314186 1e-5
14.2114083273278 1e-5
14.3535224106011 1e-5
14.4970576347071 1e-5
14.6420282110542 1e-5
14.7884484931648 1e-5
14.9363329780964 1e-5
15.0856963078774 1e-5
15.2365532709561 1e-5
15.3889188036657 1e-5
15.5428079917024 1e-5
15.6982360716194 1e-5
15.8552184323356 1e-5
16.0137706166589 1e-5
16.1739083228255 1e-5
16.3356474060538 1e-5
16.4990038801143 1e-5
16.6639939189155 1e-5
16.8306338581046 1e-5
16.9989401966857 1e-5
17.1689295986525 1e-5
17.340618894639 1e-5
17.5140250835854 1e-5
17.6891653344213 1e-5
17.8660569877655 1e-5
18.0447175576431 1e-5
18.2251647332196 1e-5
18.4074163805518 1e-5
18.5914905443573 1e-5
18.7774054498009 1e-5
18.9651795042989 1e-5
19.1548312993419 1e-5
19.3463796123353 1e-5
19.5398434084586 1e-5
19.7352418425432 1e-5
19.9325942609687 1e-5
20.1319202035783 1e-5
20.3332394056141 1e-5
20.5365717996703 1e-5
20.741937517667 1e-5
20.9493568928436 1e-5
21.1588504617721 1e-5
21.3704389663898 1e-5
21.5841433560537 1e-5
21.7999847896142 1e-5
22.0179846375104 1e-5
22.2381644838855 1e-5
22.4605461287243 1e-5
22.6851515900116 1e-5
22.9120031059117 1e-5
23.1411231369708 1e-5
23.3725343683405 1e-5
23.6062597120239 1e-5
23.8423223091442 1e-5
24.0807455322356 1e-5
24.321552987558 1e-5
24.5647685174336 1e-5
24.8104162026079 1e-5
25.058520364634 1e-5
25.3091055682803 1e-5
25.5621966239631 1e-5
25.8178185902027 1e-5
26.0759967761048 1e-5
26.3367567438658 1e-5
26.6001243113045 1e-5
26.8661255544175 1e-5
27.1347868099617 1e-5
27.4061346780613 1e-5
27.6801960248419 1e-5
27.9569979850903 1e-5
28.2365679649412 1e-5
28.5189336445907 1e-5
28.8041229810366 1e-5
29.0921642108469 1e-5
29.3830858529554 1e-5
29.676916711485 1e-5
29.9736858785998 1e-5
30.2734227373858 1e-5
30.5761569647597 1e-5
30.8819185344073 1e-5
31.1907377197513 1e-5
31.5026450969488 1e-5
31.8176715479183 1e-5
32.1358482633975 1e-5
32.4572067460315 1e-5
32.7817788134918 1e-5
33.1095966016267 1e-5
33.440692567643 1e-5
33.7750994933194 1e-5
34.1128504882526 1e-5
34.4539789931351 1e-5
34.7985187830665 1e-5
35.1465039708972 1e-5
35.4979690106061 1e-5
35.8529487007122 1e-5
36.2114781877193 1e-5
36.5735929695965 1e-5
36.9393288992925 1e-5
37.3087221882854 1e-5
37.6818094101683 1e-5
38.0586275042699 1e-5
38.4392137793127 1e-5
38.8236059171058 1e-5
39.2118419762768 1e-5
39.6039603960396 1e-5
40 1e-5
