-40 1.97077652758881e-09
-39.6039603960396 2.01020966353285e-09
-39.2118419762768 2.05042818449632e-09
-38.8236059171058 2.09144973039179e-09
-38.4392137793127 2.13329023059208e-09
-38.0586275042699 2.17596596665771e-09
-37.6818094101683 2.21949355191805e-09
-37.3087221882854 2.26388993222987e-09
-36.9393288992925 2.30917239066529e-09
-36.5735929695965 2.35535855340099e-09
-36.2114781877193 2.40246639612371e-09
-35.8529487007122 2.45051425073201e-09
-35.4979690106061 2.49952081225109e-09
-35.1465039708972 2.54950514592615e-09
-34.7985187830665 2.60048669447969e-09
-34.4539789931351 2.65248528552631e-09
-34.1128504882526 2.70552113914323e-09
-33.7750994933194 2.75961487559673e-09
-33.440692567643 2.8147875232258e-09
-33.1095966016267 2.87106052648538e-09
-32.7817788134918 2.9284557541514e-09
-32.4572067460315 2.98699550769084e-09
-32.1358482633975 3.04670252979967e-09
-31.8176715479183 3.10760001311181e-09
-31.5026450969488 3.16971160908281e-09
-31.1907377197513 3.23306143705131e-09
-30.8819185344073 3.29767409348228e-09
-30.5761569647597 3.36357466139554e-09
-30.2734227373858 3.4307887199833e-09
-29.9736858785998 3.49934235442104e-09
-29.676916711485 3.56926216587547e-09
-29.3830858529554 3.64057528171409e-09
-29.0921642108469 3.7133093659203e-09
-28.8041229810366 3.78749262971917e-09
-28.5189336445907 3.86315384241815e-09
-28.2365679649412 3.94032234246756e-09
-27.9569979850903 4.0190280487461e-09
-27.6801960248419 4.0993014720766e-09
-27.4061346780613 4.18117372697717e-09
-27.1347868099617 4.26467654365353e-09
-26.8661255544175 4.34984228023823e-09
-26.6001243113045 4.4367039352827e-09
-26.3367567438658 4.5252951605084e-09
-26.0759967761048 4.615650273823e-09
-25.8178185902027 4.7078042726087e-09
-25.5621966239631 4.80179284728847e-09
-25.3091055682803 4.8976523951779e-09
-25.058520364634 4.99542003462857e-09
-24.8104162026079 5.09513361947062e-09
-24.5647685174336 5.19683175376103e-09
-24.321552987558 5.30055380684497e-09
-24.0807455322356 5.40633992873687e-09
-23.8423223091442 5.51423106582856e-09
-23.6062597120239 5.62426897693111e-09
-23.3725343683405 5.73649624965711e-09
-23.1411231369708 5.85095631715036e-09
-22.9120031059117 5.96769347516903e-09
-22.6851515900116 6.0867528995287e-09
-22.4605461287243 6.20818066391136e-09
-22.2381644838855 6.33202375804576e-09
-22.0179846375104 6.45833010626537e-09
-21.7999847896142 6.58714858644802e-09
-21.5841433560537 6.71852904934299e-09
-21.3704389663898 6.85252233829036e-09
-21.1588504617721 6.98918030933637e-09
-20.9493568928436 7.12855585174945e-09
-20.741937517667 7.27070290894165e-09
-20.5365717996703 7.41567649979936e-09
-20.3332394056141 7.56353274029066e-09
-20.1319202035783 7.71432886616979e-09
-19.9325942609687 7.86812325475786e-09
-19.7352418425432 8.02497544848971e-09
-19.5398434084586 8.18494617823187e-09
-19.3463796123353 8.3480973871753e-09
-19.1548312993419 8.51449225517937e-09
-18.9651795042989 8.68419522357526e-09
-18.7774054498009 8.85727202044333e-09
-18.5914905443573 9.03378968637431e-09
-18.4074163805518 9.21381660073196e-09
-18.2251647332196 9.39742250843432e-09
-18.0447175576431 9.58467854727276e-09
-17.8660569877655 9.77565727579202e-09
-17.6891653344213 9.97043270175809e-09
-17.5140250835854 1.0169080311239e-08
-17.340618894639 1.03716770983332e-08
-17.1689295986525 1.05783015955773e-08
-16.9989401966857 1.07890339050712e-08
-16.8306338581046 1.10039557303606e-08
-16.6639939189155 1.12231504091141e-08
-16.4990038801143 1.14467029466478e-08
-16.3356474060538 1.16747000503332e-08
-16.1739083228255 1.19072301649414e-08
-16.0137706166589 1.21443835089669e-08
-15.8552184323356 1.23862521119827e-08
-15.6982360716194 1.26329298530635e-08
-15.5428079917024 1.28845125003335e-08
-15.3889188036657 1.31410977516691e-08
-15.2365532709561 1.34027852766e-08
-15.0856963078774 1.36696767594409e-08
-14.9363329780964 1.39418759436803e-08
-14.7884484931648 1.42194886776475e-08
-14.6420282110542 1.45026229614705e-08
-14.4970576347071 1.47913889953298e-08
-14.3535224106011 1.50858992290041e-08
-14.2114083273278 1.53862684126903e-08
-14.070701314186 1.56926136490741e-08
-13.9313874397881 1.60050544466133e-08
-13.7934529106813 1.63237127739883e-08
-13.6568840699815 1.66487131156485e-08
-13.5216673960213 1.69801825284018e-08
-13.3877895010112 1.73182506989417e-08
-13.255237129714 1.76630500022576e-08
-13.1239971581327 1.80147155607481e-08
-12.9940565922106 1.83733853040256e-08
-12.8654025665451 1.87392000292223e-08
-12.738022343114 1.91123034616825e-08
-12.6119033100138 1.94928423159495e-08
-12.4870329802117 1.98809663568654e-08
-12.3633989903086 2.02768284606902e-08
-12.2409890993155 2.0680584676092e-08
-12.1197911874411 2.10923942848927e-08
-11.9997932548922 2.15124198624455e-08
-11.8809834206853 2.19408273375354e-08
-11.7633499214706 2.23777860517123e-08
-11.6468811103669 2.28234688179612e-08
-11.5315654558088 2.32780519786452e-08
-11.4173915404048 2.37417154626691e-08
-11.3043480598067 2.4214642841827e-08
-11.1924238215908 2.46970213863022e-08
-11.0816077441493 2.51890421194123e-08
-10.9718888555934 2.56908998713708e-08
-10.8632562926667 2.62027933325204e-08
-10.75569929967 2.67249251056097e-08
-10.6492072273961 2.72575017578887e-08
-10.5437695320753 2.78007338719378e-08
-10.439375774332 2.83548360967596e-08
-10.3360156181505 2.89200271983221e-08
-10.233678829852 2.94965301098244e-08
-10.1323552770812 3.00845719820055e-08
-10.0320349278031 3.06843842336212e-08
-9.93270784931002 3.12962026019872e-08
-9.834364207237639 3.19202671939363e-08
-9.736994264591729 3.2556822537209e-08
-9.640588380783891 3.32061176323767e-08
-9.54513701067712 3.38684060053897e-08
-9.45063070364071 3.454394576079e-08
-9.357060102614559 3.52329996356262e-08
-9.26441594318274 3.59358350540605e-08
-9.172689052656169 3.66527241826664e-08
-9.081870349164531 3.73839439863118e-08
-8.99195084075696 3.81297762845872e-08
-8.902921624511841 3.88905078086235e-08
-8.81477388565529 3.96664302581882e-08
-8.727498896688401 4.04578403588434e-08
-8.64108801652317 4.1265039919031e-08
-8.555532689626901 4.20883358868497e-08
-8.47082444517515 4.29280404063339e-08
-8.38695489621302 4.3784470873035e-08
-8.30391573882477 4.46579499893847e-08
-8.221698751311649 4.55488058157846e-08
-8.14029579337787 4.64573718270078e-08
-8.059698805324629 4.73839869610752e-08
-7.97989980725211 4.83289956701898e-08
-7.90089089826941 4.92927479701054e-08
-7.82266425571229 5.02755994888877e-08
-7.7452121343686 5.12779115155149e-08
-7.66852686571149 5.23000510490274e-08
-7.59260085714009 5.33423908491508e-08
-7.51742659122781 5.44053094896212e-08
-7.44299662497803 5.54891914157663e-08
-7.36930358908716 5.65944270084434e-08
-7.29634018721501 5.77214126565224e-08
-7.22409919526238 5.88705508412816e-08
-7.15257346065582 6.00422502361149e-08
-7.08175590163943 6.12369258260833e-08
-7.01163950657369 6.24549990525743e-08
-6.94221733324128 6.36968979894549e-08
-6.87348250815968 6.4963057557612e-08
-6.80542822590068 6.62539197881119e-08
-6.73804774841651 6.75699341424088e-08
-6.67133440437278 6.89115579031361e-08
-6.60528158848791 7.02792566490675e-08
-6.53988276087911 7.16735048307985e-08
-6.47513144641496 7.30947864662577e-08
-6.41102123407422 7.45435959800809e-08
-6.34754577631111 7.60204392012155e-08
-6.28469878842684 7.75258345758981e-08
-6.22247404794737 7.90603145932034e-08
-6.16086539400729 8.06244274892441e-08
-6.0998667267399 8.22187392635284e-08
-6.03947200667316 8.38438360598828e-08
-5.97967525413184 8.55003269697057e-08
-5.92047054864539 8.71888473219523e-08
-5.86185202836177 8.89100625363158e-08
-5.8038138894671 9.0664672620186e-08
-5.74635038561099 9.24534174060697e-08
-5.68945582733762 9.42770826346972e-08
-5.63312458152239 9.61365070031079e-08
-5.57735107081425 9.80325903110201e-08
-5.52212977308341 9.99663028461958e-08
-5.46745522087467 1.01938696213189e-07
-5.41332200086601 1.03950915738799e-07
-5.35972475333268 1.06004214640058e-07
-5.30665817161651 1.08099970305468e-07
-5.25411700160051 1.10239702806514e-07
-5.20209604118862 1.12425095978047e-07
-5.15059013979072 1.14658021366879e-07
-5.09959419781259 1.16940565378172e-07
-5.04910316615108 1.1927506000269e-07
-4.99911204569414 1.21664117495013e-07
-4.94961588682588 1.2411066949239e-07
-4.90060978893651 1.26618011017729e-07
-4.85208889993714 1.29189849909969e-07
-4.80404841577935 1.31830362258172e-07
-4.75648357997955 1.34544254449231e-07
-4.70938968314807 1.37336832521945e-07
-4.66276206252284 1.40214079574219e-07
-4.61659610150777 1.43182741837109e-07
-4.57088722921561 1.46250424904148e-07
-4.52563092001545 1.49425699902552e-07
-4.48082269308461 1.52718221850992e-07
-4.43645811196496 1.56138860488101e-07
-4.39253278412372 1.59699845065962e-07
-4.34904236051854 1.63414924222007e-07
-4.30598253516687 1.6729954244892e-07
-4.26334904471967 1.71371034390532e-07
-4.22113766803928 1.75648839001095e-07
-4.17934422578146 1.80154734439072e-07
-4.13796457998165 1.8491309649415e-07
-4.09699463364519 1.89951181616076e-07
-4.05643033034178 1.95299437413883e-07
-4.01626765380374 2.00991841902378e-07
-3.97650262752845 2.07066275299963e-07
-3.93713131438461 2.13564925088372e-07
-3.89814981622238 2.20534728852916e-07
-3.85955427348751 2.28027856760353e-07
-3.82134086483912 2.36102237110334e-07
-3.7835058067714 2.44822128345108e-07
-3.74604535323901 2.54258741093611e-07
-3.70895579528615 2.64490913618217e-07
-3.67223346067936 2.75605845684756e-07
-3.63587471354392 2.87699894213502e-07
-3.59987595400388 3.00879435070002e-07
-3.56423361782562 3.15261797604492e-07
-3.52894417606497 3.30976274483443e-07
-3.4940041347178 3.48165214372349e-07
-3.45941003437406 3.66985202608129e-07
-3.4251584498753 3.87608333927025e-07
-3.39124598997555 4.10223588690476e-07
-3.35766929700549 4.35038313460004e-07
-3.32442504654009 4.62279813925204e-07
-3.2915099470694 4.9219707601684e-07
-3.25892073967267 5.2506260726461e-07
-3.22665419769571 5.61174422272797e-07
-3.1947071264314 6.00858170044135e-07
-3.16307636280337 6.44469415264278e-07
-3.13175877505284 6.92396089109009e-07
-3.10075126242855 7.45061103815051e-07
-3.07005075487975 8.0292515772421e-07
-3.03965421275223 8.66489731421489e-07
-3.00955862648736 9.36300284128176e-07
-2.97976101632412 1.01294967393893e-06
-2.95025843200408 1.09708178712031e-06
-2.92104795247928 1.18939543081188e-06
-2.89212668562305 1.29064845110908e-06
-2.86349176794362 1.40166212798052e-06
-2.83514036430061 1.52332584661612e-06
-2.80706966762437 1.65660204661064e-06
-2.77927689863799 1.80253149412901e-06
-2.75175930558217 1.96223885192281e-06
-2.72451416394274 2.1369386107447e-06
-2.69753877618093 2.32794133427378e-06
-2.67083047146627 2.53666033309926e-06
-2.64438660541214 2.76461865865337e-06
-2.618204559814 3.01345652176135e-06
-2.5922817423901 3.28493922792055e-06
-2.56661558652486 3.58096540945199e-06
-2.54120355101471 3.90357591636345e-06
-2.51604311981654 4.25496301529692e-06
-2.49113180179856 4.63748027842216e-06
-2.46646713049362 5.05365305647195e-06
-2.44204666385507 5.50618940315709e-06
-2.41786798401492 5.9979917041599e-06
-2.39392869704448 6.53216921298029e-06
-2.3702264327173 7.11205092850949e-06
-2.34675884427456 7.74119962426174e-06
-2.32352360819263 8.42342661787429e-06
-2.3005184239531 9.16280712215755e-06
-2.27774101381495 9.96369748552922e-06
-2.25518912258906 1.08307524591441e-05
-2.23286051741491 1.176894466782e-05
-2.21075298753952 1.27862885022772e-05
-2.18886434409853 1.39401264457046e-05
-2.16719241989954 1.51893131401605e-05
-2.14573506920746 1.65410617327323e-05
-2.12449016753214 1.80030891781909e-05
-2.10345561141796 1.95836549593312e-05
-2.0826293182356 2.12915992152724e-05
-2.06200922597584 2.31363837425624e-05
-2.04159329304539 2.51281370903324e-05
-2.02137949806474 2.72777040936682e-05
-2.00136583966806 2.95966937684534e-05
-1.98155033630501 3.2097541155454e-05
-1.96193102604457 3.4793565639871e-05
-1.94250596638076 3.76990385175321e-05
-1.92327323404036 4.08292553846168e-05
-1.90423092479243 4.42006158560578e-05
-1.88537715325983 4.78307019594731e-05
-1.86671005273251 5.1739024811628e-05
-1.84822777498268 5.59439092816332e-05
-1.82992849008186 6.04690182204437e-05
-1.81181038621967 6.53370605097664e-05
-1.79387166952442 7.05731299551238e-05
-1.77611056388557 7.62041920168058e-05
-1.75852531077779 8.22592580012101e-05
-1.74111416908692 8.87695336137174e-05
-1.72387541493754 9.57686111263947e-05
-1.70680734152232 0.000103292661351425
-1.68990825893299 0.000111380655945201
-1.67317649399306 0.000120074573940726
-1.65661039009214 0.000129419732305417
-1.64020830702192 0.000139464935033808
-1.62396862081378 0.000150262893629268
-1.607889723578 0.000161870485279374
-1.59197002334456 0.000174349140847578
-1.5762079439055 0.000187765209845735
-1.56060192465891 0.000202190394020967
-1.54515042045437 0.000217702200839663
-1.52985190143997 0.00023438443455484
-1.51470485291086 0.000252327761645612
-1.49970777515927 0.000271630283141473
-1.48485918332601 0.000292398186046614
-1.47015760725347 0.000314746444378832
-1.45560159134007 0.000338799637125456
-1.44118969439611 0.00036469269220495
-1.4269204895011 0.000392571904326009
-1.41279256386247 0.000422595985675438
-1.39880451867572 0.000454937101532121
-1.38495496898586 0.0004897818529305
-1.37124254355036 0.000527333911965906
-1.36445421412684 0.000547142648863791
-1.35766588470332 0.000567813182717221
-1.35094476646222 0.000589170522719127
-1.34422364822111 0.000611459835355671
-1.33756907570517 0.000634493097182988
-1.33091450318922 0.000658534934765528
-1.32432581752987 0.000683382886915414
-1.31773713187051 0.000709322827094317
-1.31121368072264 0.000736136713272738
-1.30469022957477 0.000764133529573022
-1.29823136705212 0.000793078360352469
-1.29177250452947 0.000823305150012059
-1.28537759114071 0.00085456126833689
-1.28218013444633 0.000870706145937654
-1.27898267775195 0.000887207637955608
-1.27581687904464 0.000903905922570032
-1.27265108033733 0.00092097181539527
-1.26948528163003 0.000938414871501314
-1.26631948292272 0.000956244837479426
-1.26318502875707 0.000974289308568095
-1.26005057459142 0.000992732910200573
-1.25691612042577 0.00101158619716544
-1.25534889334295 0.00102116968206587
-1.25378166626012 0.0010308596641996
-1.25067824629413 0.00105036704313833
-1.24757482632814 0.00107030834161058
-1.24447140636215 0.00109069457940788
-1.24136798639616 0.0011115376140678
-1.23522260032489 0.00115420677200033
-1.22907721425363 0.00119881247233315
-1.22299267358901 0.00124498784618159
-1.21690813292438 0.00129327146544789
-1.20485953754889 0.00139556376254525
-1.19293023519692 0.00150640232872949
-1.18111904474943 0.00162658399502211
-1.16942479678161 0.00175698958155347
-1.15784633344714 0.00189860200548152
-1.14638250836351 0.00205252026811394
-1.13503218649852 0.0022199774027122
-1.12379424405794 0.00240236250762968
-1.1126675683742 0.00260124687540289
-1.10165105779624 0.00281841644677159
-1.09074362158043 0.00305591139999925
-1.07994417978261 0.00331607557282901
-1.0692516631511 0.00360161844233907
-1.05866501302089 0.00391569285264092
-1.0481831812088 0.0042619956174064
-1.0378051299097 0.00464489682932159
-1.02752983159376 0.00506961022982439
-1.01735626890472 0.0055424179574494
-1.00728343455913 0.00607097664093514
-0.997310331246659 0.00666473458249785
-0.987435971531345 0.00733552202551904
-0.977659377753807 0.00809838739749427
-0.967979581934463 0.00897283438320687
-0.958395625677686 0.00998468279755195
-0.948906560076917 0.0111689617204849
-0.93951144562071 0.0125748438047248
-0.930209352099712 0.0142729005319722
-0.92560435530714 0.0152606174142082
-0.920999358514567 0.016370629619608
-0.916439955749644 0.017615630655755
-0.91188055298472 0.019038428161042
-0.907366292821429 0.0206649818496903
-0.902852032658138 0.0225657668581165
-0.898382468140029 0.0247968733045185
-0.893912903621919 0.0274844982419111
-0.891700247919885 0.0290315783307611
-0.88948759221785 0.0307535431336036
-0.887274936515815 0.032682502470882
-0.885062280813781 0.0348556447124496
-0.882871532593945 0.0372922269961459
-0.880680784374109 0.0400642128300824
-0.878490036154273 0.0432307056132871
-0.876299287934437 0.0468551710975171
-0.874130230291035 0.0509523836497958
-0.871961172647633 0.0556067403947591
-0.867623057360828 0.0665735874849845
-0.863327893710527 0.079147263593627
-0.859032730060226 0.092444064737805
-0.8547800927827 0.105534136612513
-0.8505274555051739 0.118040774913236
-0.842106391589282 0.140790241760556
-0.833768704543843 0.16080344707913
-0.82551356885529 0.178661016249192
-0.817340167183456 0.194781613741059
-0.809247690280649 0.209496809078937
-0.801235336911534 0.223050274966229
-0.793302313773796 0.235624698583921
-0.7854478354195999 0.247360135105064
-0.777671124177822 0.258366481135388
-0.7699714100770511 0.268731565693648
-0.762347930769357 0.278526187038
-0.7547999314548089 0.287811912365886
-0.747326664806742 0.296635781593878
-0.739927390897764 0.305040717368424
-0.732601377126499 0.313062762446807
-0.725347898145049 0.32073307740847
-0.718166235787177 0.328078864815999
-0.711055678997205 0.33512402287852
-0.704015523759609 0.341889829618202
-0.697045073029316 0.348394872333496
-0.690143636662689 0.354656304031391
-0.6833105313491969 0.360689158506241
-0.6765450805437589 0.366507208805351
-0.669846614399762 0.372122884984077
-0.663214469702734 0.37754774870423
-0.656647989804688 0.382791625564887
-0.650146524559097 0.387864579674395
-0.643709430256531 0.39277518693386
-0.637336069560922 0.397531486205586
-0.631025811446457 0.402141005967037
-0.624778031135106 0.406610745370903
-0.618592110034759 0.410946964739789
-0.612467435677979 0.415155753483825
-0.606403401661365 0.419242694670618
-0.60039940758551 0.423212965591831
-0.5944548589955549 0.427071610141458
-0.588569167322331 0.430823145779282
-0.582741749824091 0.434471796849358
-0.576972029528803 0.438021676507161
-0.571259435177032 0.441476588985751
-0.565603401165378 0.444840175433293
-0.560003367490474 0.448115684083038
-0.554458779693538 0.45130645329329
-0.548969088805484 0.454415500988282
-0.543533751292558 0.457445729005017
-0.538152229002533 0.460399666816091
-0.532823989111418 0.463280116756765
-0.527548504070711 0.466089442856757
-0.52232525155516 0.468829936367592
-0.517153714411049 0.471503899608809
-0.512033380604999 0.474113423670379
-0.506963743173267 0.47666035299596
-0.501944300171551 0.479146854757555
-0.496974554625298 0.481574623970573
-0.492054014480493 0.483945389416794
-0.487182192554944 0.486260864905608
-0.482358606490043 0.488522607312059
-0.477582778703013 0.490732174921405
-0.472854236339617 0.492890932632316
-0.468172511227344 0.495000452747513
-0.463537139829053 0.497061965439523
-0.458947663197082 0.499076790777833
-0.454403626927804 0.501046338442929
-0.449904581116638 0.502971243400423
-0.445450080313503 0.504853223560107
-0.441039683478716 0.506693185251358
-0.436672953939322 0.508492217341543
-0.432349459345864 0.510251327763608
-0.428068771629568 0.511971509775431
-0.423830466959968 0.51365371686656
-0.419634125702939 0.515298893095397
-0.415479332379147 0.516907926529601
-0.411365675622918 0.518481701556745
-0.407292748141503 0.520021055264463
-0.403260146674756 0.521526816505925
-0.399267471955204 0.522999758114167
-0.395314328668518 0.524440683389656
-0.391400325414375 0.525850339789739
-0.387525074667698 0.527229460290957
-0.383688192740295 0.528578758034036
-0.379889299742866 0.529898933968234
-0.376128019547392 0.531190663183481
-0.372403979749893 0.532454607989609
-0.368716811633558 0.533691433684144
-0.365066150132235 0.534901763257385
-0.361451633794292 0.536086212417452
-0.357872904746824 0.537245382130397
-0.354329608660222 0.538379861006531
-0.350821394713091 0.539490255894484
-0.347347915557516 0.540577086275355
-0.343908827284669 0.541640919997921
-0.340503789390762 0.542682300306647
-0.337132464743328 0.543701742835435
-0.33379451954785 0.544699761761108
-0.330489623314703 0.545676876635531
-0.327217448826438 0.546633549009298
-0.323977672105385 0.547570263364228
-0.320769972381569 0.548487497055199
-0.317594032060959 0.54938568488995
-0.314449536694019 0.550265269851918
-0.311336174944573 0.551126697906263
-0.308253638558984 0.551970375616165
-0.305201622335627 0.552796713780167
-0.30217982409468 0.553606094240166
-0.299187944648198 0.554398917380702
-0.296225687770494 0.555175550674386
-0.293292760168805 0.5559363560578
-0.290388871454263 0.556681691667002
-0.287513734113132 0.557411894761485
-0.284667063478348 0.558127290598123
-0.281848577701335 0.558828205610318
-0.279057997724094 0.559514950469417
-0.276295047251578 0.560187823387942
-0.273559452724335 0.560847119235672
-0.27085094329142 0.561493119488101
-0.268169250783585 0.56212609801937
-0.265514109686717 0.562746318786791
-0.262885257115562 0.563354043956899
-0.260282432787685 0.563949515187253
-0.257705378997708 0.564532976140839
-0.25515384059179 0.565104665827267
-0.252627564942366 0.565664805977091
-0.250126301923135 0.566213615746554
-0.247649803884292 0.566751319772241
-0.245197825628012 0.567278117987865
-0.24277012438417 0.5677942184615
-0.240366459786307 0.568299815734366
-0.237986593847829 0.568795108463506
-0.235630290938444 0.569280281777693
-0.233297317760836 0.56975552099714
-0.23098744332756 0.570221011263714
-0.228700438938179 0.570676928352824
-0.226436078156613 0.571123447363401
-0.224194136788725 0.57156074164029
-0.221974392860124 0.571988981075136
-0.219776626594182 0.572408333645333
-0.217600620390279 0.572818965354149
-0.215446158802257 0.573221042310857
-0.213313028517086 0.573614729198019
-0.211201018333748 0.574000191063108
-0.209109919142325 0.57437759501901
-0.207039523903292 0.574747129355428
-0.204989627627022 0.575108894008671
-0.202960027353487 0.575463335148225
-0.200950522132166 0.575811348403441
-0.198960913002144 0.576147977707485
-0.19699100297242 0.576477784219213
-0.195040597002396 0.576802070246696
-0.19310950198257 0.577119457194408
-0.191197526715416 0.57743022051308
-0.189304481896452 0.577734418944831
-0.187430180095497 0.578032175768537
-0.185574435738115 0.578323624659198
-0.183737065087243 0.578608887145695
-0.181917886224993 0.578888096873798
-0.180116719034647 0.579161380939687
-0.178333385182818 0.579428870769402
-0.1765677081018 0.579690686643078
-0.17481951297208 0.579946955412594
-0.173088626705029 0.580197797729074
-0.171374877925772 0.580443328906124
-0.169678096956209 0.580683669748988
-0.167998115798227 0.580918928282493
-0.166334768117057 0.581149219448
-0.164687889224809 0.581374643573276
-0.163057316064167 0.581595308064179
-0.161442887192244 0.581811309046984
-0.159844442764598 0.582022744826098
-0.158261824519404 0.582229705994665
-0.156694875761787 0.582432285494528
-0.155143441348303 0.582630564285248
-0.153607367671588 0.582824624920474
-0.152086502645136 0.583014543380762
-0.150580695688254 0.583200395172915
-0.149089797711142 0.583382249250803
-0.147613661100141 0.583560171736816
-0.14615213970311 0.583734224492786
-0.14470508881496 0.58390446665146
-0.143272365163327 0.584070959211573
-0.141853826894383 0.584233733838911
-0.140449333558795 0.584392858960774
-0.139058746097817 0.584548367508175
-0.137681926829522 0.584700310569063
-0.13631873943517 0.584848716972043
-0.134969048945713 0.584993625058506
-0.133632721728429 0.58513506510298
-0.132309625473692 0.585273067364497
-0.130999629181873 0.585407661381567
-0.129702603150369 0.585538875293738
-0.128418418960762 0.585666702193291
-0.127146949466101 0.585791213013411
-0.125888068778317 0.585912383252288
-0.12464165225576 0.586030242220168
-0.123407576490851 0.586144805962844
-0.122185719297873 0.586256087863428
-0.120975959700864 0.586364099771641
-0.119778177921647 0.586468850725182
-0.118592255367968 0.586570354333062
-0.11741807462175 0.58666861729476
-0.116255519427476 0.586763648093021
-0.115104474680669 0.586855455171069
-0.113964826416504 0.586944051313507
-0.112836461798519 0.587029440667297
-0.111719269107444 0.587111630851006
-0.110613137730143 0.587190629719078
-0.109517958148656 0.587266444972179
-0.108433621929363 0.58733908465772
-0.10736002171224 0.587408566591103
-0.106297051200238 0.587474870743483
-0.10524460514875 0.58753803123477
-0.104202579355198 0.587598049130502
-0.103170870648711 0.587654934481231
-0.102149376879912 0.587708695028087
-0.101137996910804 0.587759345422901
-0.100136630604756 0.587806881778661
-0.0991451788165905 0.587851325841094
-0.0981635433827629 0.587892680670431
-0.0971916271116464 0.587930961029801
-0.0962293337739073 0.587966170810451
-0.0952765680929776 0.587998322786817
-0.0943332357356213 0.588027426442052
-0.0933992433025954 0.588053481656495
-0.0924744983194014 0.588076504844166
-0.0915589092271301 0.588096501966907
-0.09065238537339609 0.588113474170328
-0.08975483700336249 0.588127423594656
-0.0888661752508539 0.588138363557537
-0.0879863121295584 0.588146296136568
-0.0871151605243152 0.588151213925756
-0.0862526341824903 0.588153122075693
-0.085398647705436 0.588152016172525
-0.0845531165400356 0.588147894243922
-0.08371595697033229 0.588140743505893
-0.08288708610923989 0.588130564910068
-0.0820664218903365 0.588117342600855
-0.0812538830597391 0.588101067249976
-0.08044938916805849 0.588081720087942
-0.0796528605624342 0.588059286055382
-0.0788642183786477 0.588033745248934
-0.07808338453331461 0.588005069792724
-0.07731028171615301 0.587973243138402
-0.0765448333823297 0.587938230641499
-0.07578696374488091 0.587900002077965
-0.07503659776720881 0.587858525488074
-0.07429366115565229 0.587813764583444
-0.073558080352131 0.587765680300752
-0.0728297825268624 0.587714234481735
-0.0721086955711509 0.587659376847084
-0.0713947480902484 0.587601066180472
-0.0706878693962855 0.587539254038257
-0.0699879895012728 0.587473890081544
-0.0692950391101711 0.587404920150311
-0.0686089496140308 0.587332291808217
-0.0679296530831988 0.587255950157166
-0.06725708226059279 0.587175835548888
-0.06659117055504241 0.587091896715744
-0.0659318520346955 0.587004064106306
-0.0652790614204906 0.586912287383582
-0.0646327340796936 0.586816502233023
-0.0639928060194986 0.58671664715935
-0.0633592138806917 0.586612665902643
-0.0627318949313779 0.586504493302763
-0.0621107870607702 0.586392072014719
-0.0614958287730398 0.5862753421932
-0.0608869591812276 0.586154253702506
-0.0602841180012154 0.5860287299477
-0.0596872455457578 0.585898733305936
-0.0590962827185721 0.58576420284672
-0.0585111710084872 0.585625086798994
-0.0579318524836507 0.585481334597294
-0.0573582697857928 0.585332897892963
-0.0567903661245473 0.585179730733267
-0.056228085271829 0.585021786429672
-0.0556713715562664 0.584859025081632
-0.0551201698576895 0.584691410893222
-0.0545744256016727 0.584518888192121
-0.0540340847541314 0.584341444891096
-0.0534990938159717 0.584159038811924
-0.0529693998177938 0.583971638357699
-0.0524449503146473 0.583779217124214
-0.0519256933808389 0.583581749141089
-0.051411577604791 0.583379215091427
-0.0509025520839515 0.58317157994125
-0.0503985664197539 0.582958840288762
-0.0498995707126277 0.582740967250995
-0.0494055155570571 0.582517939892221
-0.0489163520366902 0.582289743869073
-0.0484320317194952 0.58205638041274
-0.0479525066529656 0.581817825607489
-0.0474777293593719 0.581574061863392
-0.0470076528310613 0.581325076145184
-0.0465422305258032 0.581070863594861
-0.0460814163621814 0.580811412664953
-0.0456251647150311 0.580546698842859
-0.0451734304109219 0.580276711919026
-0.044726168723685 0.580001443361633
-0.0442833353699852 0.579720880233339
-0.0438448865049358 0.579435006564949
-0.0434107787177582 0.579143803512748
-0.0429809690274834 0.578847248633853
-0.0425554148786964 0.57854534863227
-0.0421340741373232 0.578238050062277
-0.0417169050864586 0.577925353187248
-0.0413038664222363 0.577607223908093
-0.0408949172497389 0.577283639107566
-0.0404900170789494 0.576954577489709
-0.0400891258207419 0.576620016857691
-0.0396922037829128 0.576279911595236
-0.0392992116662503 0.575934246305614
-0.0389101105606439 0.575582992083088
-0.0385248619412316 0.57522611456579
-0.0381434276645857 0.574863574732212
-0.0377657699649363 0.574495355221721
-0.037391851450432 0.574121394510855
-0.0370216350994376 0.573741714168452
-0.036655084256869 0.573356206024753
-0.0362921626305633 0.57296490591959
-0.0359328342876865 0.572567736751134
-0.0355770636511747 0.572164688718622
-0.0352248154962126 0.571755744563092
-0.0348760549467451 0.571340870410947
-0.0345307474720249 0.570920016255641
-0.0341888588831929 0.570493203758365
-0.033850355329894 0.570060338018221
-0.0335152032969248 0.569621470595614
-0.0331833696009156 0.569176570303884
-0.0328548213870451 0.568725600024616
-0.0325295261257873 0.568268573121388
-0.0322074516096904 0.567805475400495
-0.0318885659501885 0.567336305488708
-0.031572837574444 0.56686106784296
-0.0312602352222218 0.566379750722229
-0.0309507279427939 0.565892383428334
-0.0306442850918751 0.565398974595614
-0.0303408763285892 0.564899524207364
-0.0300404716124646 0.564394073193691
-0.02974304120046 0.563882620001589
-0.0294485556440198 0.56336521959572
-0.0291569857861582 0.562841879870058
-0.0288683027585725 0.562312638051435
-0.0285824779787846 0.561777539826888
-0.0282994831473115 0.56123660013813
-0.0280192902448629 0.560689914410233
-0.0277418715295672 0.560137478811
-0.027467199534225 0.559579339289791
-0.0271952470635891 0.559015556319725
-0.0269259871916724 0.558446188617152
-0.0266593932590815 0.557871305125776
-0.0263954388703778 0.557290892589926
-0.0261340978914631 0.556705070223552
-0.0258753444469932 0.556113840901883
-0.025619152917815 0.555517284510114
-0.0253654979384307 0.554915501045103
-0.0251143543944859 0.554308484945503
-0.024865697420283 0.553696298012885
-0.0246195023963198 0.553078991583966
-0.0243757449468513 0.552456633851399
-0.0241344009374766 0.551829281659351
-0.0238954464727491 0.551196966924121
-0.023658857893811 0.550559749847495
-0.0234246117760505 0.549917671126634
-0.0231926849267826 0.549270808010415
-0.0229630543829531 0.548619175362346
-0.0227356974088645 0.547962827714815
-0.0225105914939252 0.547301807938219
-0.022287714350421 0.546636160911236
-0.0220670439113079 0.545965931709001
-0.0218485583280276 0.545291161404643
-0.0216322359683442 0.54461188502092
-0.0214180554142022 0.543928144820923
-0.0212059954596061 0.543239986855475
-0.0209960351085209 0.542547411811212
-0.020788153572793 0.541850543069542
-0.0205823302700921 0.54114933135835
-0.0203785448218733 0.540443853119574
-0.0201767770513597 0.5397341503165
-0.0199770069815443 0.539020250258344
-0.0197792148332122 0.538302206860418
-0.0195833810229823 0.53758005790859
-0.0193894861613687 0.536853828755696
-0.0191975110508601 0.5361235837561
-0.0190074366840199 0.535389354432863
-0.0188192442416038 0.53465118892569
-0.0186329150906968 0.533909152486894
-0.0184484307828682 0.533163276804866
-0.0182657730523447 0.532413600535767
-0.0180849238142027 0.53166021217743
-0.0179058651625769 0.530903167868042
-0.017728579368888 0.530142505250099
-0.0175530488800872 0.529378278599782
-0.017379256316918 0.528610565698238
-0.017207184472196 0.52783943343998
-0.017036816309105 0.527064938453592
-0.0168681349595099 0.526287164289188
-0.016701123722287 0.525506172364997
-0.0165357660616703 0.524722045058462
-0.0163720456056142 0.523934848645465
-0.0162099461441724 0.523144662473248
-0.0160494516278935 0.522351571239456
-0.0158905461662312 0.521555647462553
-0.0157332140259715 0.520756975313793
-0.0155774396296747 0.519955655965781
-0.0154232075541334 0.519151772662304
-0.0152705025288449 0.518345395811754
-0.0151193094344999 0.517536583414674
-0.0149696133014851 0.516725469553444
-0.0148213993084011 0.515912160835637
-0.0146746527805951 0.515096700465913
-0.014529359188708 0.514279175785807
-0.0143855041472357 0.513459738701156
-0.0142430734131046 0.512638429692433
-0.014102052884262 0.511815334588009
-0.0139624285982792 0.51099056415582
-0.0138241867309695 0.510164197221582
-0.0136873135950193 0.509336306736574
-0.013551795638633 0.5085070479425
-0.0134176194441911 0.507676473776701
-0.0132847717269219 0.506844633337322
-0.013153239333586 0.506011656195999
-0.0130230092411743 0.505177635922315
-0.0128940685556181 0.504342645690556
-0.012766404510513 0.503506774160551
-0.0126400044658544 0.502670105323309
-0.0125148559067866 0.501832736741232
-0.0123909464423629 0.500994740116861
-0.0122682638043197 0.500156210768068
-0.0121467958458611 0.499317233807108
-0.0120265305404566 0.49847788049065
-0.0119074559806501 0.4976382316749
-0.0117895603768812 0.496798398375886
-0.0116728320563181 0.495958432255124
-0.0115572594617011 0.495118418338469
-0.0114428311501991 0.494278448625495
-0.0113295357922763 0.49343857723837
-0.0112173621705706 0.492598965822139
-0.0111062991787828 0.491759546687135
-0.010996335820577 0.490920504396097
-0.0108874612084921 0.490081904518834
-0.0107796645628634 0.489243805962888
-0.0106729352107559 0.48840628438053
-0.0105672625849068 0.487569420195114
-0.01046263622268 0.486733310721142
-0.0103590457650297 0.485897979185551
-0.010256480955475 0.485063540444695
-0.0101549316390841 0.484230051541929
-0.0100543877614694 0.483397592880117
-0.00995483936779152 0.482566230586908
-0.009856276601773781 0.481736032897119
-0.009758689704726511 0.480907081237627
-0.00966206901458071 0.480079431181143
-0.009566404964931391 0.479253164996813
-0.00947168808409049 0.47842833808003
-0.009377908994149 0.477605027460575
-0.00928505841004851 0.476783291364203
-0.00919312713866189 0.475963204175424
-0.00910210607788306 0.475144828610382
-0.0090119862157258 0.474328214576426
-0.008922758629431491 0.473513441337459
-0.008834414484585631 0.472700568171536
-0.008746945034243199 0.471889653923874
-0.008660341618062581 0.471080741808568
-0.0085745956614481 0.470273909659919
-0.00848969867470108 0.469469207917793
-0.008405642252179289 0.468666682160317
-0.00832241807146464 0.467866403102143
-0.00824001789253925 0.467068413047379
-0.00815843355696956 0.466272768374881
-0.00807765698709857 0.465479519020625
-0.00799768018524611 0.464688712008765
-0.00791849523291694 0.463900396704187
-0.00784009429001677 0.463114627198063
-0.00776246959407601 0.462331425326546
-0.0076856134594812 0.461550869134562
-0.00760951827671406 0.460772972381158
-0.00753417651159808 0.45999778309373
-0.00745958070455255 0.459225339382883
-0.00738572346985401 0.458455688584462
-0.00731259749490496 0.45768886580102
-0.00724019553950986 0.45692490271462
-0.00716851043515828 0.456163835063686
-0.00709753508431513 0.455405692878415
-0.00702726245971795 0.454650516356712
-0.00695768560368114 0.453898329765714
-0.00688879762740707 0.453149164510412
-0.00682059171030403 0.452403040295441
-0.00675306109931092 0.451660001137907
-0.00668619910822863 0.450920054659175
-0.00661999911705805 0.450183239426893
-0.0065544545713446 0.449449572181837
-0.00648955898152931 0.448719076669717
-0.00642530592230625 0.447991777276621
-0.00636168903198638 0.447267690342877
-0.00629870201186771 0.446546839239951
-0.00623633862561159 0.445829238823943
-0.00617459269862534 0.445114905530538
-0.00611345811745083 0.4444038634942
-0.00605292882915924 0.443696123400602
-0.00599299884075172 0.442991695467189
-0.00593366221856606 0.442290599143085
-0.00587491308768917 0.44159285392998
-0.00581674563137541 0.440898459914197
-0.0057591540904707 0.440207435146519
-0.00570213276284228 0.439519790852078
-0.00564567600281414 0.438835537099249
-0.00558977822060806 0.438154683616178
-0.00553443388179016 0.437477240359976
-0.00547963750672293 0.436803213162194
-0.0054253836700227 0.436132613943523
-0.00537166700002248 0.43546544703852
-0.00531848217824008 0.43480172028074
-0.00526582393885156 0.434141439934949
-0.00521368706816986 0.433484623315131
-0.00516206640412858 0.432831241406401
-0.00511095683577087 0.432181333130227
-0.00506035330274343 0.431534891507462
-0.00501025079479548 0.430891927621684
-0.00496064435128265 0.430252428427675
-0.00491152906067589 0.429616407657102
-0.00486290006007514 0.428983871867071
-0.00481475253472786 0.428354812659823
-0.00476708171755234 0.427729245856368
-0.00471988288866568 0.427107156072591
-0.00467315137491651 0.426488558948104
-0.00462688254942229 0.425873446414566
-0.00458107183111118 0.425261826717532
-0.00453571468426849 0.424653709690808
-0.00449080661808762 0.424049035601379
-0.00444634318622536 0.423447861630575
-0.00440231998636175 0.422850201593708
-0.00435873265976411 0.422256021526941
-0.00431557689085555 0.421665313637282
-0.00427284840678767 0.421078169625511
-0.0042305429770175 0.420494460530128
-0.00418865641288861 0.419914158327478
-0.00414718456721645 0.419337376003738
-0.00410612333387767 0.418764090494407
-0.00406546864740364 0.418194245044345
-0.00402521648257786 0.417627877663758
-0.00398536285403748 0.417065043570268
-0.0039459038158787 0.416505606498269
-0.00390683546126603 0.415949644371688
-0.00386815392204558 0.41539713685652
-0.00382985536836196 0.414848079407751
-0.00379193600827917 0.414302460378875
-0.00375439208740512 0.413760293268483
-0.00371721988851992 0.413221553181587
-0.00368041573120784 0.412686244127891
-0.00364397597149291 0.412154360040305
-0.00360789700147813 0.411625895761929
-0.00357217524898825 0.411100845034455
-0.00353680717721609 0.41057920084015
-0.00350178928437236 0.410060957411398
-0.00346711810333897 0.409546108105461
-0.00343279020132572 0.409034646787387
-0.00339880217953041 0.408526564068599
-0.00336515067280239 0.408021856405753
-0.00333183234930929 0.407520513993048
-0.00329884391020722 0.407022528931329
-0.00326618208931408 0.406527895125907
-0.00323384365278622 0.406036603701239
-0.00320182539879824 0.405548647429692
-0.00317012415722598 0.405064015964187
-0.00313873678933265 0.404582700561075
-0.00310766018745807 0.404104694304219
-0.00307689127471096 0.403629987539954
-0.00304642700466432 0.403158571283594
-0.00301626436105378 0.402690436890644
-0.00298640035747899 0.402225573398871
-0.00295683203710791 0.401763972760322
-0.00292755647238407 0.401305615223624
-0.0028985707647367 0.400850509162737
-0.00286987204429376 0.400398639371626
-0.00284145746959779 0.399949985433843
-0.00281332422732454 0.399504541370344
-0.0027854695320045 0.399062297241969
-0.00275789062574703 0.398623242517163
-0.00273058477796735 0.398187365310746
-0.00270354928511619 0.397754655204037
-0.00267678147041207 0.397325100684288
-0.00265027868357631 0.396898690205341
-0.0026240383005706 0.396475412145036
-0.00259805772333723 0.396055255368685
-0.00257233437954181 0.395638206646167
-0.00254686572231862 0.395224254584731
-0.00252164923001844 0.394813386945045
-0.00249668240595885 0.394405591379573
-0.00247196277817708 0.394000855413659
-0.00244748789918523 0.393599166440856
-0.00242325534572795 0.393200511744502
-0.00239926271854252 0.392804878435716
-0.00237550764212131 0.392412253552737
-0.00235198776447654 0.392022623999905
-0.00232870075690747 0.391635976566034
-0.00230564431376977 0.39125229792793
-0.0022828161522473 0.390871574652878
-0.00226021401212604 0.390493793201839
-0.00223783565557034 0.390118939932564
-0.00221567886690132 0.389747001102709
-0.00219374145237755 0.389377962873405
-0.00217202123997777 0.389011811313057
-0.00215051607918591 0.388648532402014
-0.00212922384077813 0.388288112040751
-0.00210814241661201 0.387930533646771
-0.00208726971941783 0.387575785212499
-0.00206660368259191 0.38722386100592
-0.00204614225999199 0.386874726635022
-0.00202588342573464 0.386528384863654
-0.0020058251739947 0.386184810602688
-0.00198596551880663 0.385844000350468
-0.00196630249386795 0.385505928278044
-0.00194683415234451 0.385170585983136
-0.00192755856667773 0.384837955540571
-0.00190847382839379 0.384508018644001
-0.00188957804791465 0.384180775089504
-0.00187086935437094 0.383856194965764
-0.00185234589541677 0.383534267612991
-0.0018340058370463 0.3832149781736
-0.00181584736341218 0.38289831117671
-0.00179786867664573 0.382584252075694
-0.00178006799667894 0.382272785257966
-0.00176244356106825 0.381963895484435
-0.00174499362482005 0.381657567498911
-0.00172771646021787 0.381353785868313
-0.00171061035665136 0.381052535279275
-0.00169367362044689 0.380753800341718
-0.00167690457469989 0.380457565644436
-0.00166030155910881 0.380163815756033
-0.0016438629298107 0.379872535228026
-0.00162758705921851 0.379583708596877
-0.00161147233585991 0.379297320386775
-0.00159551716421774 0.379013355112
-0.00157971996457202 0.378731797279514
-0.00156407917284358 0.378452631391503
-0.00154859324043919 0.378175841878824
-0.00153326063409821 0.377901413379539
-0.0015180798357408 0.377629330155238
-0.00150304934231762 0.377359577072782
-0.00148816766566101 0.377092138505789
-0.00147343333233764 0.376826998480128
-0.00145884488350261 0.376564141990653
-0.00144440087475506 0.376303553749429
-0.00143009987599511 0.376045217008388
-0.00141594047128228 0.375789118936738
-0.00140192125869533 0.37553524237149
-0.0013880408501934 0.375283572087133
-0.00137429787147861 0.375034092760076
-0.00136069096186001 0.374786789062439
-0.00134721877411882 0.374541645681103
-0.00133387997437507 0.374298647321915
-0.00132067324195552 0.374057778794184
-0.00130759726926289 0.37381902464586
-0.00129465076164642 0.373582369560411
-0.00128183243727369 0.373347799409696
-0.00126914102700365 0.373115297165903
-0.00125657527426104 0.372884852521491
-0.00124413393491192 0.372656444090606
-0.00123181577714052 0.372430058565117
-0.00121961958132724 0.37220568398478
-0.00120754413992796 0.371983303173973
-0.00119558825735442 0.371762901499273
-0.00118375074985586 0.371544464209173
-0.00117203044540184 0.371327976558575
-0.00116042618356618 0.371113423838212
-0.00114893681541206 0.370900791384344
-0.00113756120337828 0.370690064583097
-0.00112629822116661 0.370481228872976
-0.00111514675363031 0.370274269746657
-0.00110410569666367 0.370069172752457
-0.00109317395709274 0.369865923495722
-0.00108235045256707 0.36966450764016
-0.00107163411145255 0.36946491090938
-0.00106102387272529 0.369267119088678
-0.00105051868586663 0.36907111802924
-0.00104011751075904 0.368876893653531
-0.00102981931758321 0.368684431989764
-0.00101962308671605 0.368493718021046
-0.00100952780862975 0.368304739513268
-0.00099953248379183 0.368117481885948
-0.0009896361225661681 0.367931931198779
-0.000979837745115018 0.367748074335801
-0.000970136381301998 0.367565897174402
-0.000960531070596037 0.367385386190699
-0.000951020861976275 0.367206527899977
-0.000941604813837896 0.367029308876901
-0.0009322819938989071 0.366853715763183
-0.000923051479107828 0.366679735269477
-0.000913912355552305 0.366507354177289
-0.000904863718368619 0.366336559339103
-0.000895904671652098 0.366167337679529
-0.000887034328368414 0.365999676195748
-0.000878251810265756 0.365833561958004
-0.000869556247787878 0.365668982110039
-0.000860946779987997 0.365505923869514
-0.0008524225544435619 0.365344374528374
-0.000843982727171843 0.365184321453189
-0.00083562646254638 0.365025752085478
-0.000827352933214237 0.364868653941994
-0.000819161320014096 0.364713014657942
-0.000811050811895145 0.364558821817048
-0.000803020605836777 0.364406063204994
-0.000795069906769086 0.364254726641841
-0.000787197927494145 0.364104800023992
-0.000779403888608064 0.363956271324198
-0.000771687018423826 0.363809128591506
-0.000764046552894877 0.363663359952235
-0.000756481735539482 0.363518953607013
-0.000748991817365824 0.363375895327889
-0.000741576056797845 0.363234182054723
-0.000734233719601827 0.363093792773423
-0.00072696407881369 0.362954719394886
-0.00071976641466702 0.362816950510032
-0.000712640014521802 0.362680474786707
-0.000705584172793863 0.362545280969983
-0.000698598190885013 0.36241135788151
-0.000691681377113875 0.362278694418123
-0.0006848330466474 0.362147279550144
-0.00067805252143307 0.362017102314405
-0.000671339130131752 0.361888151829695
-0.00066469220805124 0.361760417469374
-0.000658111097080435 0.361633895271276
-0.0006515951456241939 0.361508555997531
-0.000645143708538805 0.361384404390954
-0.000638756147068124 0.361261427193163
-0.000632431828780321 0.361139611121264
-0.000626170127505268 0.361018949894732
-0.000619970423272543 0.360899435602039
-0.000613832102250043 0.360781050500049
-0.00060775455668321 0.360663787477489
-0.000601737184834862 0.360547636717037
-0.000595779390925606 0.360432588309071
-0.000589880585074857 0.360318632388671
-0.000584040183242433 0.360205759158409
-0.000578257607170726 0.360093958892999
-0.000572532284327451 0.359983221940612
-0.000566863647848961 0.359873538723154
-0.00056125113648412 0.359764899736244
-0.000555694194538733 0.359657295549023
-0.000550192271820528 0.359550716803967
-0.000544744823584681 0.359445154216564
-0.000539351310479882 0.359340598575068
-0.000534011198494933 0.359237040740186
-0.000528723958905874 0.35913447164476
-0.0005234890682236369 0.359032882293713
-0.000518306008142215 0.358932263763238
-0.000513174265487342 0.358832607200849
-0.000508093332165685 0.358733903824537
-0.00050306270511454 0.358636141557639
-0.0004980818862520199 0.358539318498109
-0.000493150382427742 0.358443422697072
-0.000488267705374002 0.358348445658529
-0.000483433371657428 0.358254384243602
-0.000478646902631117 0.358161219476662
-0.000473907824387244 0.358068948383444
-0.000469215667710143 0.357977562737147
-0.000464569968029844 0.357887054378765
-0.000459970265376083 0.357797415216696
-0.000455416104332756 0.357708637233785
-0.000450907033992828 0.357620712457439
-0.000446442607913691 0.357533633003288
-0.000442022384072961 0.357447391045811
-0.000437645924824714 0.357361978865804
-0.000433312796856152 0.3572773886852
-0.000429022571144705 0.357193612916618
-0.00042477482291555 0.357110643993997
-0.000420569131599554 0.357028471313141
-0.000416405080791638 0.356947093639549
-0.000412282258209542 0.356866500496253
-0.000408200255653012 0.356786684570771
-0.000404158668963379 0.356707638613255
-0.000400157097983543 0.356629355435861
-0.00039619514651836 0.356551827912376
-0.000392272422295405 0.356475048977842
-0.000388388536926144 0.356399011628071
-0.000384543105867469 0.356323708919332
-0.000380735748383633 0.356249133967911
-0.000376966087508547 0.356175279949725
-0.000373233750008463 0.356102140099918
-0.000369538366345013 0.356029707712484
-0.000365879570638626 0.355957976139731
-0.000362257000632303 0.355886938792068
-0.000358670297655746 0.355816589137513
-0.000355119106589847 0.355746920701253
-0.000351603075831532 0.355677927065283
-0.000348121857258943 0.355609601867888
-0.000344675106196973 0.355541938803247
-0.000341262481383142 0.355474931620592
-0.000337883644933803 0.355408574123479
-0.000334538262310697 0.355342860162952
-0.000331226002287818 0.355277783512496
-0.000327946536918632 0.355213338802434
-0.000324699541503596 0.355149519145404
-0.000321484694558016 0.355086319071201
-0.000318301677780214 0.355023732664361
-0.000315150176020014 0.354961754099835
-0.000312029877247538 0.354900377608814
-0.000308940472522315 0.354839597475039
-0.000305881655962688 0.354779408033934
-0.000302853124715533 0.354719803671893
-0.00029985457892627 0.354660778825858
-0.000296885721709178 0.354602327982883
-0.000293946259117998 0.354544445679753
-0.00029103590011683 0.354487126502557
-0.000288154356551317 0.354430365086296
-0.000285301343120116 0.354374156114503
-0.000282476577346649 0.354318494318805
-0.000279679779551138 0.354263374478543
-0.000276910672822909 0.354208791420331
-0.000274168982992979 0.354154740017605
-0.00027145443860691 0.354101215190106
-0.00026876677089793 0.354048211903293
-0.000266105713760327 0.353995725167464
-0.000263471003723096 0.353943750036553
-0.000260862379923858 0.353892281605678
-0.000258279584083027 0.353841315005346
-0.000255722360478245 0.353790845384264
-0.000253190455919054 0.353740867835054
-0.000250683619721836 0.353691377994691
-0.000248201603684986 0.353642372348047
-0.000245744162064343 0.353593846225856
-0.000243311051548854 0.353545790817611
-0.000240902031236489 0.353498205002948
-0.000238516862610385 0.353451083956974
-0.000236155309515233 0.353404423138223
-0.000233817138133894 0.353358218096032
-0.000231502116964252 0.353312464436064
-0.000229210016796289 0.353267157810815
-0.000226940610689395 0.3532222939157
-0.000224693673949896 0.353177868487686
-0.000222468984108808 0.353133877303743
-0.00022026632089981 0.353090316180919
-0.000218085466237435 0.353047180975331
-0.000215926204195481 0.353004467581868
-0.000213788320985624 0.352962171933804
-0.000211671604936262 0.352920290002409
-0.000209575846471546 0.35287881779662
-0.00020750083809064 0.352837751362693
-0.000205446374347168 0.352797086783875
-0.000203412251828879 0.352756820180072
-0.000201398269137504 0.352716947707527
-0.000199404226868816 0.352677465558499
-0.000197429927592887 0.352638369960967
-0.000195475175834542 0.352599657178288
-0.000193539778054002 0.35256132350891
-0.000191623542627725 0.352523365286055
-0.00018972627982943 0.352485778877415
-0.000187847801811317 0.352448560684852
-0.000185987922585462 0.352411707144097
-0.000184146458005408 0.352375214724455
-0.000182323225747929 0.352339079928501
-0.000180518045294979 0.352303299291791
-0.000178730737915821 0.352267869382582
-0.000176961126649328 0.352232786801525
-0.000175209036286463 0.35219804818138
-0.000173474293352934 0.352163650186746
-0.000171756726092014 0.352129589513772
-0.000170056164447538 0.352095862889858
-0.000168372440047068 0.35206246707341
-0.000166705386185215 0.352029398853532
-0.000165054837807144 0.351996655049768
-0.000163420631492222 0.35196423251183
-0.000161802605437843 0.351932128119325
-0.000160200599443409 0.35190033878148
-0.000158614454894465 0.351868861436883
-0.000157044014746995 0.351837693053227
-0.000155489123511876 0.351806830627027
-0.000153949627239481 0.351776271183379
-0.000152425373504437 0.351746011775694
-0.000150916211390531 0.351716049485435
-0.000149421991475774 0.35168638142189
-0.000147942565817598 0.351657004721871
-0.000146477787938216 0.351627916549529
-0.000145027512810114 0.351599114096037
-0.000143591596841697 0.351570594579403
-0.000142169897863067 0.351542355244183
-0.000140762275111947 0.351514393361268
-0.00013936858921975 0.35148670622763
-0.000137988702197772 0.351459291166076
-0.000136622477423537 0.351432145517283
-0.000135269779627264 0.351405266670562
-0.000133930474878479 0.351378652017082
-0.000132604430572752 0.351352298980717
-0.000131291515418566 0.35132620500998
-0.000129991599424323 0.351300367577895
-0.000128704553885468 0.351274784181688
-0.000127430251371751 0.351249452342652
-0.000126168565714605 0.35122436960599
-0.000124919371994658 0.351199533542386
-0.000123682546529364 0.35117494172817
-0.000122457966860757 0.351150591805482
-0.000121245511743324 0.351126481395278
-0.000120045061132003 0.351102608160954
-0.0001188564961703 0.351078969785928
-0.000117679699178515 0.351055563975748
-0.000116514553642094 0.351032388457995
-0.000115360944200093 0.351009440982073
-0.000114218756633756 0.350986719319116
-0.000113087877855204 0.350964221261666
-0.000111968195896241 0.350941944623563
-0.000110859599897269 0.350919887239706
-0.000109761980096306 0.350898046965887
-0.000108675227818124 0.350876421678559
-0.00010759923546349 0.350855009274662
-0.000106533896498505 0.350833807671458
-0.000105479105444064 0.350812814806265
-0.00010443475786541 0.35079202863638
-0.000103400750361792 0.350771447138773
-0.00010237698055623 0.350751068309998
-0.000101363347085376 0.350730890165962
-0.000100359749589481 0.350710910741743
-9.93660887024564e-05 0.350691128091436
-9.838226604203611e-05 0.350671540287934
-9.74081842000357e-05 0.350652145422802
-9.64437467327086e-05 0.350632941606057
-9.548885815119661e-05 0.350613926966017
-9.45434239120759e-05 0.350595099649124
-9.36073504079959e-05 0.350576457819764
-9.26805449584118e-05 0.350557999660124
-9.17629158004077e-05 0.350539723369978
-9.08543720796116e-05 0.350521627166574
-8.995482384119961e-05 0.35050370928443
-8.90641820209897e-05 0.350485967975192
-8.81823584366235e-05 0.350468401507454
-8.730926577883521e-05 0.350451008166619
-8.64448176028071e-05 0.350433786254713
-8.5588928319611e-05 0.350416734090263
-8.474151318773359e-05 0.350399850008103
-8.39024883046868e-05 0.350383132359241
-8.307177059869981e-05 0.350366579510706
-8.22492778204948e-05 0.350350189845384
-8.143492853514339e-05 0.350333961761882
-8.062864211400339e-05 0.350317893674362
-7.9830338726736e-05 0.350301984012407
-7.9039939333402e-05 0.350286231220867
-7.82573656766356e-05 0.350270633759716
-7.74825402738966e-05 0.35025519010391
-7.671538640979859e-05 0.350239898743234
-7.59558281285135e-05 0.350224758182177
-7.5203790226251e-05 0.35020976693978
-7.44591982438129e-05 0.350194923549497
-7.37219784592207e-05 0.350180226559064
-7.299205788041651e-05 0.350165674530356
-7.22693642380361e-05 0.350151266039266
-7.155382597825361e-05 0.350136999675543
-7.084537225569659e-05 0.350122874042686
-7.01439329264323e-05 0.350108887757804
-6.944943854102211e-05 0.350095039451482
-6.876182033764561e-05 0.350081327767654
-6.80810102352927e-05 0.350067751363483
-6.74069408270225e-05 0.350054308909215
-6.673954537328961e-05 0.350040999088073
-6.607875779533621e-05 0.350027820596128
-6.54245126686497e-05 0.350014772142165
-6.477674521648491e-05 0.350001852447573
-6.41353913034504e-05 0.349989060246228
-6.350038742915879e-05 0.349976394284344
-6.28716707219394e-05 0.349963853320401
-6.22491789326132e-05 0.349951436124983
-6.16328504283299e-05 0.349939141480689
-6.10226241864653e-05 0.349926968182006
-6.04184397885795e-05 0.349914915035197
-5.98202374144351e-05 0.349902980858189
-5.92279578360744e-05 0.349891164480457
-5.86415424119548e-05 0.349879464742926
-5.80609330811434e-05 0.349867880497828
-5.74860723575677e-05 0.349856410608644
-5.69169033243245e-05 0.349845053949948
-5.6353369628044e-05 0.349833809407332
-5.57954154733109e-05 0.349822675877259
-5.52429856171395e-05 0.349811652267015
-5.46960253635045e-05 0.349800737494572
-5.41544805579252e-05 0.349789930488477
-5.36182975821042e-05 0.34977923018776
-5.3087423348618e-05 0.34976863554185
-5.25618052956614e-05 0.349758145510444
-5.2041391381843e-05 0.349747759063432
-5.15261300810327e-05 0.349737475180773
-5.10159703772601e-05 0.34972729285242
-5.05108617596634e-05 0.34971721107825
-5.00107542174885e-05 0.349707228867876
-4.95155982351372e-05 0.349697345240642
-4.90253447872645e-05 0.34968755922552
-4.85399453339253e-05 0.349677869860968
-4.80593518157676e-05 0.349668276194862
-4.75835166492748e-05 0.349658777284411
-4.71123927220543e-05 0.349649372196119
-4.66459333881726e-05 0.349640060005528
-4.61840924635372e-05 0.349630839797378
-4.5726824221324e-05 0.349621710665325
-4.52740833874495e-05 0.349612671711857
-4.48258251360886e-05 0.349603722048413
-4.43820050852362e-05 0.349594860795048
-4.39425792923131e-05 0.349586087080779
-4.35075042498149e-05 0.349577400042714
-4.30767368810049e-05 0.349568798827669
-4.26502345356484e-05 0.349560282590359
-4.22279549857905e-05 0.349551850500507
-4.18098564215747e-05 0.349543501634711
-4.13958974471037e-05 0.349535235275757
-4.09860370763403e-05 0.349527050687365
-4.05802347290498e-05 0.349518946932731
-4.0178450226782e-05 0.349510923242065
-3.97806437888931e-05 0.34950297883115
-3.9386776028607e-05 0.349495112919031
-3.89968079491158e-05 0.349487324732215
-3.86107009397186e-05 0.349479613504479
-3.82284167719987e-05 0.349471978477021
-3.78499175960383e-05 0.349464418898472
-3.74751659366716e-05 0.349456934024631
-3.71041246897738e-05 0.349449523118845
-3.67367571185879e-05 0.349442185451468
-3.63730268500871e-05 0.349434920300159
-3.60128978713733e-05 0.349427726949596
-3.56563345261122e-05 0.349420604691532
-3.53033015110022e-05 0.349413552824639
-3.49537638722794e-05 0.349406570654496
-3.46076870022568e-05 0.349399657493502
-3.42650366358979e-05 0.349392812660821
-3.39257788474236e-05 0.349386035482299
-3.35898800469541e-05 0.349379325290428
-3.32573069771823e-05 0.349372681424239
-3.29280267100814e-05 0.349366103229267
-3.2602006643645e-05 0.349359590057499
-3.22792144986584e-05 0.349353141267273
-3.19596183155034e-05 0.349346756223243
-3.16431864509934e-05 0.349340434296324
-3.1329887575241e-05 0.349334174863604
-3.10196906685555e-05 0.349327977308307
-3.07125650183718e-05 0.349321841019703
-3.04084802162097e-05 0.349315765393106
-3.0107406154663e-05 0.349309749829753
-2.98093130244188e-05 0.349303793736777
-2.95141713113058e-05 0.349297896527158
-2.92219517933721e-05 0.349292057619613
-2.89326255379921e-05 0.349286276438635
-2.86461638990021e-05 0.349280552414341
-2.83625385138635e-05 0.349274884982477
-2.80817213008549e-05 0.349269273584323
-2.7803684456292e-05 0.349263717666681
-2.75284004517743e-05 0.349258216681783
-2.72558420314597e-05 0.349252770087258
-2.6985982209366e-05 0.349247377346077
-2.6718794266699e-05 0.349242037926496
-2.64542517492069e-05 0.349236751302006
-2.61923284645613e-05 0.349231516951287
-2.59329984797637e-05 0.349226334358144
-2.56762361185779e-05 0.349221203011473
-2.5422015958988e-05 0.349216122405206
-2.51703128306812e-05 0.349211092038255
-2.49211018125557e-05 0.349206111414448
-2.46743582302531e-05 0.349201180042547
-2.4430057653716e-05 0.349196297436107
-2.41881758947683e-05 0.349191463113499
-2.39486890047211e-05 0.349186676597845
-2.37115732720011e-05 0.349181937416946
-2.3476805219803e-05 0.349177245103235
-2.32443616037654e-05 0.349172599193826
-2.30142194096687e-05 0.349167999230307
-2.27863558511571e-05 0.349163444758863
-2.25607483674823e-05 0.349158935330091
-2.23373746212696e-05 0.349154470499039
-2.21162124963065e-05 0.349150049825118
-2.1897240095353e-05 0.349145672872147
-2.16804357379733e-05 0.349141339208222
-2.14657779583894e-05 0.349137048405604
-2.12532455033558e-05 0.34913280004087
-2.10428173300553e-05 0.349128593694596
-2.08344726040151e-05 0.349124428950649
-2.06281906970447e-05 0.349120305401568
-2.04239511851927e-05 0.349116222636786
-2.02217338467255e-05 0.349112180254332
-2.00215186601242e-05 0.349108177855382
-1.98232858021032e-05 0.349104215044654
-1.96270156456467e-05 0.349100291431119
-1.94326887580661e-05 0.34909640662744
-1.92402858990753e-05 0.349092560250054
-1.90497880188865e-05 0.349088751919249
-1.88611762563232e-05 0.349084981259069
-1.86744319369537e-05 0.34908124789724
-1.84895365712413e-05 0.349077551465179
-1.83064718527141e-05 0.349073891597881
-1.81252196561526e-05 0.349070267934013
-1.79457620357947e-05 0.349066680115775
-1.77680812235591e-05 0.349063127788898
-1.75921596272862e-05 0.349059610602617
-1.74179798289962e-05 0.349056128209599
-1.72455245831646e-05 0.349052680265967
-1.70747768150145e-05 0.349049266431221
-1.69057196188262e-05 0.349045886368252
-1.67383362562636e-05 0.34904253974323
-1.65726101547164e-05 0.349039226225641
-1.64085249056598e-05 0.349035945488234
-1.62460642630295e-05 0.349032697206995
-1.60852121416134e-05 0.349029481061103
-1.59259526154588e-05 0.349026296732871
-1.57682699162958e-05 0.349023143907813
-1.56121484319761e-05 0.349020022274476
-1.54575727049268e-05 0.349016931524535
-1.53045274306206e-05 0.349013871352666
-1.515299745606e-05 0.349010841456601
-1.50029677782772e-05 0.349007841537024
-1.48544235428487e-05 0.349004871297581
-1.47073500424245e-05 0.349001930444848
-1.45617327152718e-05 0.348999018688294
-1.44175571438334e-05 0.348996135740261
-1.42748090533004e-05 0.348993281315926
-1.41334743101984e-05 0.348990455133276
-1.39935389209886e-05 0.348987656913087
-1.38549890306817e-05 0.34898488637889
-1.37178109214671e-05 0.348982143256945
-1.35819910113535e-05 0.348979427276214
-1.34475158528253e-05 0.348976738168336
-1.33143721315102e-05 0.348974075667603
-1.31825466648616e-05 0.348971439510928
-1.3052026400853e-05 0.348968829437824
-1.29227984166862e-05 0.348966245190371
-1.27948499175111e-05 0.348963686513195
-1.26681682351595e-05 0.348961153153458
-1.25427408268906e-05 0.348958644860802
-1.24185552741491e-05 0.348956161387346
-1.22955992813357e-05 0.348953702487666
-1.21738606745898e-05 0.348951267918755
-1.2053327400584e-05 0.348948857439999
-1.19339875253307e-05 0.348946470813178
-1.18158292330007e-05 0.34894410780241
-1.16988408247531e-05 0.34894176817415
-1.15830107175774e-05 0.348939451697153
-1.14683274431459e-05 0.348937158142471
-1.13547796466791e-05 0.348934887283401
-1.12423560858209e-05 0.348932638895493
-1.11310456295256e-05 0.348930412756511
-1.10208372569561e-05 0.348928208646408
-1.09117200563922e-05 0.348926026347319
-1.08036832241506e-05 0.348923865643524
-1.06967160635155e-05 0.348921726321445
-1.05908079836787e-05 0.348919608169601
-1.04859484986918e-05 0.348917510978609
-1.03821272264275e-05 0.348915434541151
-1.0279333887552e-05 0.348913378651961
-1.01775583045069e-05 0.348911343107798
-1.00767904005019e-05 0.348909327707428
-9.977020198516739e-06 0.348907332251609
-9.878237820313601e-06 0.348905356543068
-9.780433485459009e-06 0.348903400386472
-9.68359751035546e-06 0.348901463588434
-9.587720307282629e-06 0.348899545957468
-9.492792383448151e-06 0.348897647303979
-9.39880434004767e-06 0.348895767440249
-9.30574687133433e-06 0.348893906180415
-9.21361076369735e-06 0.348892063340452
-9.12238689474986e-06 0.348890238738147
-9.0320662324256e-06 0.348888432193103
-8.942639834084751e-06 0.348886643526685
-8.85409884562847e-06 0.348884872562038
-8.76643450062225e-06 0.348883119124052
-8.679638119427971e-06 0.348881383039344
-8.593701108344519e-06 0.348879664136249
-8.508614958756951e-06 0.348877962244799
-8.42437124629401e-06 0.348876277196705
-8.34096162999407e-06 0.348874608825335
-8.25837785147928e-06 0.348872956965712
-8.1766117341379e-06 0.348871321454487
-8.09565518231475e-06 0.348869702129931
-8.01550018050966e-06 0.348868098831903
-7.93613879258382e-06 0.348866511401851
-7.85756316097408e-06 0.348864939682794
-7.77976550591493e-06 0.348863383519296
-7.702738124668249e-06 0.348861842757459
-7.62647339076064e-06 0.348860317244908
-7.55096375322836e-06 0.348858806830779
-7.47620173586966e-06 0.34885731136569
-7.40217993650461e-06 0.348855830701742
-7.32889102624219e-06 0.348854364692497
-7.25632774875465e-06 0.348852913192963
-7.18448291955906e-06 0.348851476059582
-7.113349425306e-06 0.348850053150217
-7.04292022307524e-06 0.348848644324139
-6.97318833967846e-06 0.348847249442002
-6.90414687096877e-06 0.348845868365844
-6.8357889811572e-06 0.348844500959067
-6.76810790213584e-06 0.348843147086422
-6.70109693280776e-06 0.348841806613997
-6.63474943842353e-06 0.348840479409204
-6.56905884992428e-06 0.348839165340765
-6.50401866329137e-06 0.348837864278706
-6.43962243890235e-06 0.348836576094332
-6.37586380089341e-06 0.348835300660221
-6.31273643652813e-06 0.348834037850214
-6.25023409557241e-06 0.3488327875394
-6.18835058967565e-06 0.348831549604097
-6.12707979175807e-06 0.348830323921852
-6.06641563540403e-06 0.348829110371422
-6.00635211426141e-06 0.348827908832761
-5.94688328144694e-06 0.348826719187012
-5.88800324895737e-06 0.348825541316492
-5.82970618708651e-06 0.348824375104684
-5.77198632384803e-06 0.34882322043622
-5.71483794440399e-06 0.348822077196878
-5.658255390499e-06 0.348820945273558
-5.6022330599e-06 0.348819824554285
-5.54676540584158e-06 0.34881871492819
-5.49184693647681e-06 0.348817616285499
-5.43747221433348e-06 0.348816528517523
-5.38363585577572e-06 0.348815451516652
-5.33033253047101e-06 0.348814385176337
-5.27755696086239e-06 0.348813329391084
-5.22530392164593e-06 0.348812284056441
-5.17356823925339e-06 0.34881124906899
-5.12234479133999e-06 0.348810224326335
-5.07162850627722e-06 0.348809209727098
-5.02141436265071e-06 0.348808205170895
-4.97169738876308e-06 0.348807210558342
-4.92247266214166e-06 0.348806225791034
-4.87373530905115e-06 0.348805250771541
-4.82548050401104e-06 0.348804285403398
-4.77770346931786e-06 0.348803329591091
-4.73039947457214e-06 0.348802383240052
-4.68356383621004e-06 0.34880144625665
-4.63719191703965e-06 0.348800518548178
-4.59127912578183e-06 0.34879960002285
-4.54582091661567e-06 0.348798690589781
-4.50081278872839e-06 0.348797790158991
-4.45625028586969e-06 0.348796898641389
-4.41212899591058e-06 0.348796015948763
-4.36844455040652e-06 0.348795141993777
-4.32519262416487e-06 0.348794276689954
-4.2823689348167e-06 0.348793419951678
-4.23996924239277e-06 0.348792571694178
-4.19798934890374e-06 0.348791731833518
-4.15642509792449e-06 0.348790900286599
-4.11527237418267e-06 0.348790076971137
-4.07452710315115e-06 0.348789261805668
-4.03418525064471e-06 0.348788454709532
-3.9942428224205e-06 0.348787655602865
-3.95469586378268e-06 0.348786864406594
-3.91554045919077e-06 0.348786081042429
-3.87677273187205e-06 0.348785305432856
-3.83838884343767e-06 0.348784537501126
-3.80038499350264e-06 0.348783777171249
-3.76275741930955e-06 0.348783024367988
-3.72550239535599e-06 0.348782279016847
-3.68861623302573e-06 0.348781541044073
-3.6520952802235e-06 0.348780810376637
-3.61593592101336e-06 0.348780086942236
-3.58013457526076e-06 0.348779370669284
-3.54468769827798e-06 0.348778661486897
-3.50959178047324e-06 0.348777959324897
-3.47484334700321e-06 0.348777264113799
-3.44043895742892e-06 0.348776575784807
-3.40637520537517e-06 0.348775894269804
-3.37264871819324e-06 0.348775219501346
-3.33925615662697e-06 0.34877455141266
-3.30619421448215e-06 0.348773889937631
-3.27345961829915e-06 0.348773235010797
-3.24104912702887e-06 0.348772586567346
-3.20895953171175e-06 0.348771944543108
-3.17718765516015e-06 0.348771308874545
-3.14573035164371e-06 0.348770679498749
-3.11458450657793e-06 0.348770056353436
-3.08374703621577e-06 0.348769439376937
-3.05321488734235e-06 0.348768828508192
-3.02298503697262e-06 0.348768223686748
-2.9930544920521e-06 0.348767624852746
-2.9634202891605e-06 0.348767031946926
-2.93407949421831e-06 0.348766444910606
-2.90502920219635e-06 0.348765863685691
-2.87626653682807e-06 0.348765288214659
-2.84778865032482e-06 0.348764718440558
-2.81959272309388e-06 0.348764154306996
-2.79167596345929e-06 0.348763595758143
-2.76403560738544e-06 0.348763042738719
-2.7366689182034e-06 0.348762495193995
-2.70957318634e-06 0.348761953069777
-2.68274572904951e-06 0.348761416312414
-2.65618389014803e-06 0.348760884868781
-2.62988503975052e-06 0.348760358686281
-2.60384657401042e-06 0.348759837712837
-2.5780659148618e-06 0.348759321896889
-2.55254050976416e-06 0.348758811187384
-2.52726783144966e-06 0.348758305533775
-2.50224537767293e-06 0.348757804886018
-2.4774706709633e-06 0.348757309194561
-2.4529412583795e-06 0.348756818410347
-2.42865471126683e-06 0.348756332484797
-2.40460862501667e-06 0.348755851369817
-2.38080061882838e-06 0.348755375017792
-2.35722833547365e-06 0.348754903381573
-2.33388944106302e-06 0.34875443641448
-2.31078162481487e-06 0.348753974070295
-2.2879025988266e-06 0.348753516303257
-2.26525009784812e-06 0.348753063068058
-2.24282187905755e-06 0.348752614319838
-2.22061572183915e-06 0.348752170014181
-2.19862942756352e-06 0.348751730107112
-2.17686081936982e-06 0.34875129455509
-2.15530774195032e-06 0.348750863315003
-2.13396806133695e-06 0.34875043634417
-2.11283966469005e-06 0.348750013600328
-2.09192046008916e-06 0.348749595041635
-2.0712083763259e-06 0.348749180626665
-2.05070136269891e-06 0.348748770314396
-2.0303973888108e-06 0.348748364064216
-2.01029444436713e-06 0.348747961835916
-1.99039053897736e-06 0.34874756358968
-1.97068370195778e-06 0.348747169286094
-1.95117198213641e-06 0.348746778886127
-1.93185344765982e-06 0.348746392351135
-1.9127261858018e-06 0.348746009642862
-1.89378830277406e-06 0.348745630723423
-1.87503792353867e-06 0.348745255555316
-1.85647319162245e-06 0.348744884101401
-1.83809226893311e-06 0.348744516324914
-1.81989333557734e-06 0.348744152189451
-1.80187458968054e-06 0.348743791658968
-1.78403424720845e-06 0.348743434697778
-1.76637054179055e-06 0.34874308127055
-1.74888172454509e-06 0.348742731342297
-1.73156606390603e-06 0.348742384878385
-1.71442184545152e-06 0.348742041844516
-1.69744737173418e-06 0.348741702206738
-1.68064096211305e-06 0.348741365931431
-1.66400095258717e-06 0.348741032985307
-1.64752569563087e-06 0.348740703335413
-1.63121356003056e-06 0.348740376949114
-1.61506293072333e-06 0.348740053794104
-1.59907220863696e-06 0.348739733838398
-1.58323981053164e-06 0.34873941705032
-1.56756416884321e-06 0.348739103398515
-1.55204373152793e-06 0.348738792851935
-1.53667696190884e-06 0.34873848537984
-1.52146233852361e-06 0.348738180951795
-1.50639835497387e-06 0.348737879537663
-1.49148351977611e-06 0.34873758110761
-1.47671635621397e-06 0.348737285632094
-1.46209540219205e-06 0.348736993081866
-1.44761921009113e-06 0.348736703427969
-1.43328634662489e-06 0.348736416641729
-1.41909539269791e-06 0.348736132694756
-1.40504494326525e-06 0.348735851558945
-1.39113360719332e-06 0.348735573206464
-1.3773600071221e-06 0.348735297609761
-1.36372277932881e-06 0.348735024741555
-1.35022057359288e-06 0.348734754574834
-1.33685205306226e-06 0.348734487082854
-1.32361589412105e-06 0.348734222239135
-1.31051078625847e-06 0.348733960017462
-1.29753543193907e-06 0.348733700391877
-1.28468854647433e-06 0.34873344333668
-1.27196885789538e-06 0.348733188826421
-1.25937510682711e-06 0.34873293683591
-1.24690604636347e-06 0.348732687340202
-1.23456044194403e-06 0.348732440314597
-1.22233707123171e-06 0.348732195734641
-1.2102347239918e-06 0.348731953576124
-1.19825220197208e-06 0.348731713815074
-1.18638831878423e-06 0.348731476427759
-1.17464189978637e-06 0.348731241390675
-1.1630117819667e-06 0.348731008680556
-1.15149681382842e-06 0.348730778274368
-1.14009585527566e-06 0.348730550149301
-1.12880777750065e-06 0.348730324282771
-1.11763146287194e-06 0.348730100652419
-1.1065658048237e-06 0.348729879236109
-1.09560970774624e-06 0.348729660011921
-1.08476208687746e-06 0.348729442958153
-1.07402186819551e-06 0.348729228053318
-1.06338798831238e-06 0.348729015276142
-1.0528593943687e-06 0.348728804605561
-1.0424350439294e-06 0.348728596020719
-1.0321139048806e-06 0.348728389500968
-1.02189495532732e-06 0.348728185025866
-1.0117771834924e-06 0.348727982575166
-1.00175958761624e-06 0.34872778212883
1.00175958761624e-06 0.348687690877095
1.0117771834924e-06 0.348687490410918
1.02189495532732e-06 0.348687287939978
1.0321139048806e-06 0.348687083444228
1.0424350439294e-06 0.348686876903416
1.0528593943687e-06 0.34868666829709
1.06338798831238e-06 0.348686457604592
1.07402186819551e-06 0.348686244805058
1.08476208687746e-06 0.348686029877416
1.09560970774624e-06 0.348685812800383
1.1065658048237e-06 0.348685593552462
1.11763146287194e-06 0.348685372111942
1.12880777750065e-06 0.348685148456894
1.14009585527566e-06 0.348684922565172
1.15149681382842e-06 0.348684694414405
1.1630117819667e-06 0.348684463982001
1.17464189978637e-06 0.34868423124514
1.18638831878423e-06 0.348683996180776
1.19825220197208e-06 0.348683758765631
1.2102347239918e-06 0.348683518976194
1.22233707123171e-06 0.348683276788719
1.23456044194403e-06 0.348683032179223
1.24690604636347e-06 0.348682785123484
1.25937510682711e-06 0.348682535597034
1.27196885789538e-06 0.348682283575165
1.28468854647433e-06 0.34868202903292
1.29753543193907e-06 0.348681771945089
1.31051078625847e-06 0.348681512286218
1.32361589412105e-06 0.348681250030588
1.33685205306226e-06 0.348680985152232
1.35022057359288e-06 0.348680717624918
1.36372277932881e-06 0.348680447422151
1.3773600071221e-06 0.348680174517175
1.39113360719332e-06 0.348679898882963
1.40504494326525e-06 0.34867962049222
1.41909539269791e-06 0.348679339317378
1.43328634662489e-06 0.348679055330589
1.44761921009113e-06 0.348678768503732
1.46209540219205e-06 0.3486784788084
1.47671635621397e-06 0.348678186215908
1.49148351977611e-06 0.348677890697277
1.50639835497387e-06 0.348677592223241
1.52146233852361e-06 0.348677290764245
1.53667696190884e-06 0.34867698629043
1.55204373152793e-06 0.348676678771649
1.56756416884321e-06 0.348676368177443
1.58323981053164e-06 0.348676054477055
1.59907220863696e-06 0.348675737639418
1.61506293072333e-06 0.348675417633154
1.63121356003056e-06 0.348675094426572
1.64752569563087e-06 0.348674767987664
1.66400095258717e-06 0.348674438284105
1.68064096211305e-06 0.348674105283236
1.69744737173418e-06 0.348673768952084
1.71442184545152e-06 0.348673429257337
1.73156606390603e-06 0.348673086165356
1.74888172454509e-06 0.348672739642163
1.76637054179055e-06 0.348672389653437
1.78403424720845e-06 0.348672036164522
1.80187458968054e-06 0.348671679140404
1.81989333557734e-06 0.348671318545729
1.83809226893311e-06 0.348670954344781
1.85647319162245e-06 0.348670586501496
1.87503792353867e-06 0.34867021497944
1.89378830277406e-06 0.348669839741819
1.9127261858018e-06 0.348669460751474
1.93185344765982e-06 0.348669077970865
1.95117198213641e-06 0.348668691362086
1.97068370195778e-06 0.348668300886847
1.99039053897736e-06 0.348667906506477
2.01029444436713e-06 0.348667508181916
2.0303973888108e-06 0.348667105873713
2.05070136269891e-06 0.348666699542026
2.0712083763259e-06 0.348666289146611
2.09192046008916e-06 0.348665874646822
2.11283966469005e-06 0.348665456001608
2.13396806133695e-06 0.348665033169505
2.15530774195032e-06 0.348664606108636
2.17686081936982e-06 0.348664174776705
2.19862942756352e-06 0.348663739130991
2.22061572183915e-06 0.348663299128348
2.24282187905755e-06 0.348662854725196
2.26525009784812e-06 0.348662405877522
2.2879025988266e-06 0.348661952540869
2.31078162481487e-06 0.348661494670335
2.33388944106302e-06 0.348661032220579
2.35722833547365e-06 0.348660565145792
2.38080061882838e-06 0.348660093399712
2.40460862501667e-06 0.348659616935617
2.42865471126683e-06 0.348659135706319
2.4529412583795e-06 0.348658649664149
2.4774706709633e-06 0.348658158760972
2.50224537767293e-06 0.348657662948161
2.52726783144966e-06 0.348657162176611
2.55254050976416e-06 0.348656656396721
2.5780659148618e-06 0.348656145558396
2.60384657401042e-06 0.348655629611039
2.62988503975052e-06 0.348655108503545
2.65618389014803e-06 0.348654582184301
2.68274572904951e-06 0.348654050601174
2.70957318634e-06 0.348653513701513
2.7366689182034e-06 0.348652971432139
2.76403560738544e-06 0.34865242373934
2.79167596345929e-06 0.348651870568866
2.81959272309388e-06 0.348651311865925
2.84778865032482e-06 0.348650747575179
2.87626653682807e-06 0.348650177640734
2.90502920219635e-06 0.348649602006135
2.93407949421831e-06 0.348649020614367
2.9634202891605e-06 0.348648433407838
2.9930544920521e-06 0.348647840328388
3.02298503697262e-06 0.348647241317267
3.05321488734235e-06 0.348646636315146
3.08374703621577e-06 0.348646025262088
3.11458450657793e-06 0.348645408097574
3.14573035164371e-06 0.348644784760466
3.17718765516015e-06 0.348644155189021
3.20895953171175e-06 0.348643519320875
3.24104912702887e-06 0.348642877093044
3.27345961829915e-06 0.348642228441905
3.30619421448215e-06 0.348641573303211
3.33925615662697e-06 0.348640911612062
3.37264871819324e-06 0.348640243302912
3.40637520537517e-06 0.348639568309561
3.44043895742892e-06 0.348638886565144
3.47484334700321e-06 0.348638198002125
3.50959178047324e-06 0.348637502552298
3.54468769827798e-06 0.34863680014677
3.58013457526076e-06 0.348636090715959
3.61593592101336e-06 0.348635374189588
3.6520952802235e-06 0.348634650496679
3.68861623302573e-06 0.348633919565537
3.72550239535599e-06 0.348633181323756
3.76275741930955e-06 0.348632435698201
3.80038499350264e-06 0.348631682615011
3.83838884343767e-06 0.348630921999577
3.87677273187205e-06 0.348630153776549
3.91554045919077e-06 0.348629377869827
3.95469586378268e-06 0.348628594202539
3.9942428224205e-06 0.348627802697052
4.03418525064471e-06 0.348627003274953
4.07452710315115e-06 0.348626195857044
4.11527237418267e-06 0.348625380363335
4.15642509792449e-06 0.348624556713037
4.19798934890374e-06 0.348623724824551
4.23996924239277e-06 0.348622884615459
4.2823689348167e-06 0.348622036002521
4.32519262416487e-06 0.348621178901664
4.36844455040652e-06 0.348620313227975
4.41212899591058e-06 0.348619438895684
4.45625028586969e-06 0.348618555818172
4.50081278872839e-06 0.348617663907948
4.54582091661567e-06 0.348616763076644
4.59127912578183e-06 0.348615853235011
4.63719191703965e-06 0.348614934292905
4.68356383621004e-06 0.348614006159279
4.73039947457214e-06 0.348613068742178
4.77770346931786e-06 0.348612121948721
4.82548050401104e-06 0.348611165685103
4.87373530905115e-06 0.348610199856579
4.92247266214166e-06 0.348609224367452
4.97169738876308e-06 0.348608239121069
5.02141436265071e-06 0.348607244019814
5.07162850627722e-06 0.348606238965085
5.12234479133999e-06 0.348605223857299
5.17356823925339e-06 0.348604198595877
5.22530392164593e-06 0.34860316307923
5.27755696086239e-06 0.348602117204755
5.33033253047101e-06 0.348601060868817
5.38363585577572e-06 0.348599993966749
5.43747221433348e-06 0.348598916392835
5.49184693647681e-06 0.348597828040299
5.54676540584158e-06 0.348596728801297
5.6022330599e-06 0.348595618566904
5.658255390499e-06 0.348594497227107
5.71483794440399e-06 0.348593364670789
5.77198632384803e-06 0.348592220785727
5.82970618708651e-06 0.348591065458566
5.88800324895737e-06 0.34858989857482
5.94688328144694e-06 0.348588720018856
6.00635211426141e-06 0.348587529673886
6.06641563540403e-06 0.348586327421949
6.12707979175807e-06 0.348585113143906
6.18835058967565e-06 0.348583886719424
6.25023409557241e-06 0.348582648026964
6.31273643652813e-06 0.348581396943774
6.37586380089341e-06 0.348580133345866
6.43962243890235e-06 0.348578857108019
6.50401866329137e-06 0.348577568103751
6.56905884992428e-06 0.34857626620532
6.63474943842353e-06 0.3485749512837
6.70109693280776e-06 0.348573623208575
6.76810790213584e-06 0.348572281848323
6.8357889811572e-06 0.348570927070005
6.90414687096877e-06 0.348569558739353
6.97318833967846e-06 0.348568176720752
7.04292022307524e-06 0.348566780877227
7.113349425306e-06 0.348565371070434
7.18448291955906e-06 0.34856394716065
7.25632774875465e-06 0.348562509006737
7.32889102624219e-06 0.348561056466158
7.40217993650461e-06 0.348559589394941
7.47620173586966e-06 0.348558107647677
7.55096375322836e-06 0.348556611077498
7.62647339076064e-06 0.348555099536067
7.702738124668249e-06 0.348553572873557
7.77976550591493e-06 0.348552030938642
7.85756316097408e-06 0.348550473578489
7.93613879258382e-06 0.348548900638725
8.01550018050966e-06 0.348547311963434
8.09565518231475e-06 0.348545707395131
8.1766117341379e-06 0.348544086774768
8.25837785147928e-06 0.348542449941697
8.34096162999407e-06 0.348540796733655
8.42437124629401e-06 0.348539126986763
8.508614958756951e-06 0.348537440535495
8.593701108344519e-06 0.348535737212671
8.679638119427971e-06 0.348534016849432
8.76643450062225e-06 0.348532279275231
8.85409884562847e-06 0.348530524317814
8.942639834084751e-06 0.348528751803193
9.0320662324256e-06 0.348526961555649
9.12238689474986e-06 0.348525153397694
9.21361076369735e-06 0.348523327150065
9.30574687133433e-06 0.348521482631703
9.39880434004767e-06 0.348519619659736
9.492792383448151e-06 0.348517738049457
9.587720307282629e-06 0.348515837614317
9.68359751035546e-06 0.348513918165884
9.780433485459009e-06 0.348511979513854
9.878237820313601e-06 0.348510021466
9.977020198516739e-06 0.348508043828181
1.00767904005019e-05 0.348506046404312
1.01775583045069e-05 0.348504028996331
1.0279333887552e-05 0.348501991404204
1.03821272264275e-05 0.348499933425886
1.04859484986918e-05 0.34849785485731
1.05908079836787e-05 0.348495755492364
1.06967160635155e-05 0.348493635122873
1.08036832241506e-05 0.348491493538566
1.09117200563922e-05 0.34848933052708
1.10208372569561e-05 0.348487145873909
1.11310456295256e-05 0.348484939362411
1.12423560858209e-05 0.348482710773762
1.13547796466791e-05 0.348480459886954
1.14683274431459e-05 0.348478186478755
1.15830107175774e-05 0.348475890323704
1.16988408247531e-05 0.348473571194079
1.18158292330007e-05 0.348471228859862
1.19339875253307e-05 0.348468863088755
1.2053327400584e-05 0.348466473646107
1.21738606745898e-05 0.348464060294933
1.22955992813357e-05 0.348461622795863
1.24185552741491e-05 0.348459160907132
1.25427408268906e-05 0.348456674384542
1.26681682351595e-05 0.348454162981465
1.27948499175111e-05 0.348451626448791
1.29227984166862e-05 0.348449064534901
1.3052026400853e-05 0.348446476985674
1.31825466648616e-05 0.348443863544429
1.33143721315102e-05 0.348441223951926
1.34475158528253e-05 0.348438557946298
1.35819910113535e-05 0.348435865263077
1.37178109214671e-05 0.34843314563514
1.38549890306817e-05 0.348430398792677
1.39935389209886e-05 0.348427624463185
1.41334743101984e-05 0.34842482237141
1.42748090533004e-05 0.348421992239361
1.44175571438334e-05 0.348419133786239
1.45617327152718e-05 0.348416246728445
1.47073500424245e-05 0.348413330779527
1.48544235428487e-05 0.348410385650158
1.50029677782772e-05 0.348407411048129
1.515299745606e-05 0.348404406678268
1.53045274306206e-05 0.348401372242468
1.54575727049268e-05 0.348398307439631
1.56121484319761e-05 0.348395211965622
1.57682699162958e-05 0.348392085513283
1.59259526154588e-05 0.348388927772338
1.60852121416134e-05 0.348385738429441
1.62460642630295e-05 0.348382517168062
1.64085249056598e-05 0.348379263668533
1.65726101547164e-05 0.348375977607949
1.67383362562636e-05 0.348372658660192
1.69057196188262e-05 0.34836930649584
1.70747768150145e-05 0.348365920782207
1.72455245831646e-05 0.348362501183228
1.74179798289962e-05 0.348359047359492
1.75921596272862e-05 0.3483555589682
1.77680812235591e-05 0.34835203566306
1.79457620357947e-05 0.348348477094339
1.81252196561526e-05 0.348344882908806
1.83064718527141e-05 0.348341252749664
1.84895365712413e-05 0.348337586256544
1.86744319369537e-05 0.348333883065462
1.88611762563232e-05 0.348330142808777
1.90497880188865e-05 0.348326365115151
1.92402858990753e-05 0.348322549609561
1.94326887580661e-05 0.348318695913131
1.96270156456467e-05 0.348314803643294
1.98232858021032e-05 0.348310872413571
2.00215186601242e-05 0.348306901833641
2.02217338467255e-05 0.348302891509203
2.04239511851927e-05 0.348298841042166
2.06281906970447e-05 0.34829475003054
2.08344726040151e-05 0.34829061807298
2.10428173300553e-05 0.348286444740573
2.12532455033558e-05 0.348282229640345
2.14657779583894e-05 0.348277972345162
2.16804357379733e-05 0.348273672432489
2.1897240095353e-05 0.348269329475388
2.21162124963065e-05 0.348264943042443
2.23373746212696e-05 0.348260512698034
2.25607483674823e-05 0.348256038002091
2.27863558511571e-05 0.348251518510111
2.30142194096687e-05 0.348246953773234
2.32443616037654e-05 0.348242343337949
2.3476805219803e-05 0.348237686746263
2.37115732720011e-05 0.348232983535592
2.39486890047211e-05 0.348228233238682
2.41881758947683e-05 0.348223435383592
2.4430057653716e-05 0.348218589493646
2.46743582302531e-05 0.348213695087362
2.49211018125557e-05 0.348208751678448
2.51703128306812e-05 0.348203758775697
2.5422015958988e-05 0.34819871588298
2.56762361185779e-05 0.348193622499187
2.59329984797637e-05 0.348188478118172
2.61923284645613e-05 0.348183282228699
2.64542517492069e-05 0.348178034314399
2.6718794266699e-05 0.348172733853698
2.6985982209366e-05 0.348167380319816
2.72558420314597e-05 0.348161973180636
2.75284004517743e-05 0.348156511898714
2.7803684456292e-05 0.348150995931217
2.80817213008549e-05 0.348145424729826
2.83625385138635e-05 0.34813979774073
2.86461638990021e-05 0.348134114404555
2.89326255379921e-05 0.348128374156271
2.92219517933721e-05 0.348122576425211
2.95141713113058e-05 0.348116720634943
2.98093130244188e-05 0.348110806203243
3.0107406154663e-05 0.348104832542049
3.04084802162097e-05 0.348098799057351
3.07125650183718e-05 0.348092705149202
3.10196906685555e-05 0.34808655021159
3.1329887575241e-05 0.348080333632444
3.16431864509934e-05 0.34807405479351
3.19596183155034e-05 0.348067713070309
3.22792144986584e-05 0.348061307832093
3.2602006643645e-05 0.348054838441778
3.29280267100814e-05 0.348048304255858
3.32573069771823e-05 0.34804170462436
3.35898800469541e-05 0.348035038890762
3.39257788474236e-05 0.348028306391931
3.42650366358979e-05 0.348021506458075
3.46076870022568e-05 0.348014638412665
3.49537638722794e-05 0.348007701572358
3.53033015110022e-05 0.3480006952469
3.56563345261122e-05 0.347993618739137
3.60128978713733e-05 0.347986471344884
3.63730268500871e-05 0.347979252352828
3.67367571185879e-05 0.347971961044519
3.71041246897738e-05 0.347964596694313
3.74751659366716e-05 0.347957158568213
3.78499175960383e-05 0.347949645927663
3.82284167719987e-05 0.347942058023865
3.86107009397186e-05 0.347934394101432
3.89968079491158e-05 0.347926653397132
3.9386776028607e-05 0.347918835140229
3.97806437888931e-05 0.347910938551365
4.0178450226782e-05 0.347902962843546
4.05802347290498e-05 0.34789490721957
4.09860370763403e-05 0.347886770866047
4.13958974471037e-05 0.347878552893329
4.18098564215747e-05 0.347870252788902
4.22279549857905e-05 0.347861869629892
4.26502345356484e-05 0.347853402240809
4.30767368810049e-05 0.347844850021552
4.35075042498149e-05 0.347836212110211
4.39425792923131e-05 0.347827487642659
4.43820050852362e-05 0.347818675748885
4.48258251360886e-05 0.347809775550292
4.52740833874495e-05 0.347800786159668
4.5726824221324e-05 0.347791706681264
4.61840924635372e-05 0.347782536210183
4.66459333881726e-05 0.347773273832516
4.71123927220543e-05 0.347763918625175
4.75835166492748e-05 0.347754469655723
4.80593518157676e-05 0.347744925982384
4.85399453339253e-05 0.347735286653865
4.90253447872645e-05 0.347725550709272
4.95155982351372e-05 0.347715717178018
5.00107542174885e-05 0.347705785079789
5.05108617596634e-05 0.347695753424292
5.10159703772601e-05 0.347685621211294
5.15261300810327e-05 0.34767538743048
5.2041391381843e-05 0.347665051061308
5.25618052956614e-05 0.347654611072934
5.3087423348618e-05 0.347644066424159
5.36182975821042e-05 0.347633416063217
5.41544805579252e-05 0.347622658927765
5.46960253635045e-05 0.347611793944699
5.52429856171395e-05 0.34760082003011
5.57954154733109e-05 0.347589736089134
5.6353369628044e-05 0.347578541015847
5.69169033243245e-05 0.347567233693167
5.74860723575677e-05 0.347555812992704
5.80609330811434e-05 0.347544277774705
5.86415424119548e-05 0.347532626887874
5.92279578360744e-05 0.347520859169299
5.98202374144351e-05 0.347508973444309
6.04184397885795e-05 0.347496968526371
6.10226241864653e-05 0.347484843216953
6.16328504283299e-05 0.34747259630542
6.22491789326132e-05 0.347460226568887
6.28716707219394e-05 0.347447732772117
6.350038742915879e-05 0.347435113667391
6.41353913034504e-05 0.347422367994349
6.477674521648491e-05 0.347409494479917
6.54245126686497e-05 0.34739649183813
6.607875779533621e-05 0.347383358770023
6.673954537328961e-05 0.347370093963489
6.74069408270225e-05 0.34735669609315
6.80810102352927e-05 0.347343163820218
6.876182033764561e-05 0.347329495792368
6.944943854102211e-05 0.347315690643579
7.01439329264323e-05 0.347301746994014
7.084537225569659e-05 0.347287663449868
7.155382597825361e-05 0.347273438603231
7.22693642380361e-05 0.347259071031943
7.299205788041651e-05 0.347244559299439
7.37219784592207e-05 0.347229901954617
7.44591982438129e-05 0.347215097531674
7.5203790226251e-05 0.347200144549967
7.59558281285135e-05 0.347185041513858
7.671538640979859e-05 0.347169786912552
7.74825402738966e-05 0.347154379219966
7.82573656766356e-05 0.347138816894534
7.9039939333402e-05 0.347123098379087
7.9830338726736e-05 0.347107222100668
8.062864211400339e-05 0.34709118647038
8.143492853514339e-05 0.347074989883221
8.22492778204948e-05 0.347058630717924
8.307177059869981e-05 0.347042107336776
8.39024883046868e-05 0.347025418085468
8.474151318773359e-05 0.34700856129291
8.5588928319611e-05 0.346991535271064
8.64448176028071e-05 0.346974338314775
8.730926577883521e-05 0.346956968701591
8.81823584366235e-05 0.346939424691579
8.90641820209897e-05 0.346921704527157
8.995482384119961e-05 0.34690380643291
9.08543720796116e-05 0.346885728615399
9.17629158004077e-05 0.346867469263022
9.26805449584118e-05 0.346849026545676
9.36073504079959e-05 0.346830398614785
9.45434239120759e-05 0.346811583602974
9.548885815119661e-05 0.346792579623903
9.64437467327086e-05 0.346773384772071
9.74081842000357e-05 0.346753997122619
9.838226604203611e-05 0.346734414731138
9.93660887024564e-05 0.346714635633469
0.000100359749589481 0.346694657845489
0.000101363347085376 0.346674479362913
0.00010237698055623 0.346654098161085
0.000103400750361792 0.346633512194761
0.00010443475786541 0.346612719397922
0.000105479105444064 0.346591717683522
0.000106533896498505 0.346570504943313
0.00010759923546349 0.346549079047585
0.000108675227818124 0.346527437844972
0.000109761980096306 0.346505579162244
0.000110859599897269 0.346483500804121
0.000111968195896241 0.346461200552717
0.000113087877855204 0.346438676167853
0.000114218756633756 0.346415925386476
0.000115360944200093 0.346392945922467
0.000116514553642094 0.346369735466455
0.000117679699178515 0.346346291685548
0.0001188564961703 0.346322612223108
0.000120045061132003 0.346298694698447
0.000121245511743324 0.346274536706781
0.000122457966860757 0.346250135818803
0.000123682546529364 0.346225489581911
0.000124919371994658 0.346200595507084
0.000126168565714605 0.34617545110561
0.000127430251371751 0.346150053838484
0.000128704553885468 0.346124401151107
0.000129991599424323 0.34609849046182
0.000131291515418566 0.346072319162522
0.000132604430572752 0.34604588461847
0.000133930474878479 0.346019184168058
0.000135269779627264 0.345992215122497
0.000136622477423537 0.345964974765621
0.000137988702197772 0.345937460353465
0.00013936858921975 0.345909669114126
0.000140762275111947 0.345881598247366
0.000142169897863067 0.345853244924378
0.000143591596841697 0.345824606287473
0.000145027512810114 0.345795679449773
0.000146477787938216 0.345766461494917
0.000147942565817598 0.345736949476751
0.000149421991475774 0.345707140419038
0.000150916211390531 0.345677031315116
0.000152425373504437 0.345646619127606
0.000153949627239481 0.345615900788086
0.000155489123511876 0.345584873196768
0.000157044014746995 0.345553533222169
0.000158614454894465 0.345521877700803
0.000160200599443409 0.345489903436822
0.000161802605437843 0.345457607201694
0.000163420631492222 0.34542498573387
0.000165054837807144 0.345392035738426
0.000166705386185215 0.345358753886733
0.000168372440047068 0.345325136816092
0.000170056164447538 0.345291181129401
0.000171756726092014 0.345256883394774
0.000173474293352934 0.34522224014519
0.000175209036286463 0.345187247878151
0.000176961126649328 0.345151903055267
0.000178730737915821 0.345116202101921
0.000180518045294979 0.345080141406885
0.000182323225747929 0.345043717321931
0.000184146458005408 0.34500692616146
0.000185987922585462 0.344969764202087
0.000187847801811317 0.344932227682285
0.00018972627982943 0.344894312801971
0.000191623542627725 0.344856015722089
0.000193539778054002 0.34481733256424
0.000195475175834542 0.34477825941024
0.000197429927592887 0.344738792301725
0.000199404226868816 0.344698927239723
0.000201398269137504 0.344658660184238
0.000203412251828879 0.344617987053775
0.000205446374347168 0.34457690372506
0.00020750083809064 0.344535406032378
0.000209575846471546 0.344493489767275
0.000211671604936262 0.344451150678072
0.000213788320985624 0.344408384469387
0.000215926204195481 0.344365186801674
0.000218085466237435 0.34432155329075
0.00022026632089981 0.344277479507269
0.000222468984108808 0.344232960976219
0.000224693673949896 0.344187993176304
0.000226940610689395 0.344142571539358
0.000229210016796289 0.344096691449542
0.000231502116964252 0.344050348242358
0.000233817138133894 0.344003537203112
0.000236155309515233 0.343956253564241
0.000238516862610385 0.343908492499628
0.000240902031236489 0.343860249109102
0.000243311051548854 0.343811518773568
0.000245744162064343 0.343762296414682
0.000248201603684986 0.343712579634534
0.000250683619721836 0.34366235525599
0.000253190455919054 0.343611629400639
0.000255722360478245 0.343560387368379
0.000258279584083027 0.343508628057878
0.000260862379923858 0.343456345967724
0.000263471003723096 0.34340353570293
0.000266105713760327 0.34335019185599
0.00026876677089793 0.343296308984742
0.00027145443860691 0.343241881586622
0.000274168982992979 0.343186904115457
0.000276910672822909 0.34313137101363
0.000279679779551138 0.343075276462291
0.000282476577346649 0.343018614832178
0.000285301343120116 0.342961380363849
0.000288154356551317 0.342903567218476
0.00029103590011683 0.342845169496183
0.000293946259117998 0.342786181238381
0.000296885721709178 0.342726596424913
0.00029985457892627 0.342666408973891
0.000302853124715533 0.342605612741027
0.000305881655962688 0.342544201518918
0.000308940472522315 0.342482169036415
0.000312029877247538 0.342419508957913
0.000315150176020014 0.342356214882718
0.000318301677780214 0.342292280344311
0.000321484694558016 0.342227698809716
0.000324699541503596 0.342162463678855
0.000327946536918632 0.342096568283784
0.000331226002287818 0.342030005884611
0.000334538262310697 0.341962769682718
0.000337883644933803 0.341894852796988
0.000341262481383142 0.341826248281965
0.000344675106196973 0.341756949119779
0.000348121857258943 0.341686948220424
0.000351603075831532 0.341616238420913
0.000355119106589847 0.341544812484708
0.000358670297655746 0.341472663100854
0.000362257000632303 0.341399782883281
0.000365879570638626 0.341326164370041
0.000369538366345013 0.341251800022522
0.000373233750008463 0.341176682224659
0.000376966087508547 0.341100803282185
0.000380735748383633 0.341024155421822
0.000384543105867469 0.340946730790482
0.000388388536926144 0.340868521454474
0.000392272422295405 0.340789519398674
0.00039619514651836 0.340709716525725
0.000400157097983543 0.340629104655196
0.000404158668963379 0.34054767552276
0.000408200255653012 0.340465422473346
0.000412282258209542 0.340382333573288
0.000416405080791638 0.340298402177311
0.000420569131599554 0.34021361966155
0.00042477482291555 0.340127977254118
0.000429022571144705 0.340041466211945
0.000433312796856152 0.339954077636963
0.000437645924824714 0.339865802562833
0.000442022384072961 0.339776631931485
0.000446442607913691 0.339686556588777
0.000450907033992828 0.339595567298726
0.000455416104332756 0.339503654717862
0.000459970265376083 0.339410809412111
0.000464569968029844 0.339317021851075
0.000469215667710143 0.339222282407098
0.000473907824387244 0.339126581354312
0.000478646902631117 0.339029908867675
0.000483433371657428 0.338932255022023
0.000488267705374002 0.338833609795985
0.000493150382427742 0.33873396305226
0.0004980818862520199 0.338633304563516
0.00050306270511454 0.338531623994283
0.000508093332165685 0.33842891090404
0.000513174265487342 0.338325154746192
0.000518306008142215 0.338220344867077
0.0005234890682236369 0.338114470504925
0.000528723958905874 0.338007520788842
0.000534011198494933 0.337899484744912
0.000539351310479882 0.337790351267289
0.000544744823584681 0.337680109157936
0.000550192271820528 0.33756874710374
0.000555694194538733 0.337456253663477
0.00056125113648412 0.337342617293782
0.000566863647848961 0.337227826330412
0.000572532284327451 0.337111868991453
0.000578257607170726 0.336994733379232
0.000584040183242433 0.336876407467488
0.000589880585074857 0.336756879117259
0.000595779390925606 0.336636136064552
0.000601737184834862 0.336514165921785
0.00060775455668321 0.336390956176317
0.000613832102250043 0.33626649418884
0.000619970423272543 0.336140767191239
0.000626170127505268 0.336013757962481
0.000632431828780321 0.33588546641254
0.000638756147068124 0.335755876950836
0.000645143708538805 0.335624947252783
0.0006515951456241939 0.335492699545083
0.000658111097080435 0.335359110250706
0.00066469220805124 0.335224159411856
0.000671339130131752 0.335087837550181
0.00067805252143307 0.334950130055428
0.0006848330466474 0.334811022774842
0.000691681377113875 0.334670501456344
0.000698598190885013 0.334528551738149
0.000705584172793863 0.334385161470432
0.000712640014521802 0.334240311157418
0.00071976641466702 0.334093988509703
0.00072696407881369 0.333946178578152
0.000734233719601827 0.333796866270519
0.000741576056797845 0.333646036348893
0.000748991817365824 0.333493673427783
0.000756481735539482 0.333339761972545
0.000764046552894877 0.333184286297915
0.000771687018423826 0.333027230566697
0.000779403888608064 0.332868578788453
0.000787197927494145 0.332708314818237
0.000795069906769086 0.332546422355378
0.000803020605836777 0.332382884942158
0.000811050811895145 0.332217685953663
0.000819161320014096 0.332050808634198
0.000827352933214237 0.331882236035499
0.00083562646254638 0.331711951062092
0.000843982727171843 0.331539936451601
0.0008524225544435619 0.331366174779637
0.000860946779987997 0.331190648455442
0.000869556247787878 0.331013339607272
0.000878251810265756 0.330834230535951
0.000887034328368414 0.330653303035193
0.000895904671652098 0.330470538840203
0.000904863718368619 0.330285919514673
0.000913912355552305 0.330099426449569
0.000923051479107828 0.329911040862024
0.0009322819938989071 0.329720743793863
0.000941604813837896 0.329528516110786
0.000951020861976275 0.329334338500902
0.000960531070596037 0.329138191473525
0.000970136381301998 0.328940055357817
0.000979837745115018 0.328739910301063
0.0009896361225661681 0.328537736265377
0.00099953248379183 0.328333513012732
0.00100952780862975 0.328127220449252
0.00101962308671605 0.32791883744974
0.00102981931758321 0.32770834348689
0.00104011751075904 0.327495717626296
0.00105051868586663 0.32728093872559
0.00106102387272529 0.327063985427405
0.00107163411145255 0.326844836197473
0.00108235045256707 0.326623469310706
0.00109317395709274 0.326399862848477
0.00110410569666367 0.326173994697689
0.00111514675363031 0.325945842549499
0.00112629822116661 0.325715383898129
0.00113756120337828 0.32548259603974
0.00114893681541206 0.32524745607132
0.00116042618356618 0.325009940889576
0.00117203044540184 0.324770027189661
0.00118375074985586 0.324527691464876
0.00119558825735442 0.32428291000473
0.00120754413992796 0.324035658895159
0.00121961958132724 0.323785914019668
0.00123181577714052 0.323533651069821
0.00124413393491192 0.323278845635661
0.00125657527426104 0.323021476333106
0.00126914102700365 0.322761510393798
0.00128183243727369 0.322498924756881
0.00129465076164642 0.322233698705121
0.00130759726926289 0.321965804376016
0.00132067324195552 0.321695215807741
0.00133387997437507 0.321421906942867
0.00134721877411882 0.321145851528526
0.00136069096186001 0.320867023099557
0.00137429787147861 0.3205853949733
0.0013880408501934 0.320300940246999
0.00140192125869533 0.320013631795784
0.00141594047128228 0.319723442270346
0.00143009987599511 0.319430344090925
0.00144440087475506 0.319134309378042
0.00145884488350261 0.318835310596602
0.00147343333233764 0.318533318735506
0.00148816766566101 0.318228305731222
0.00150304934231762 0.317920242817615
0.0015180798357408 0.317609101039434
0.00153326063409821 0.317294851211676
0.00154859324043919 0.316977463883236
0.00156407917284358 0.316656909454468
0.00157971996457202 0.316333157998915
0.00159551716421774 0.316006179377373
0.00161147233585991 0.315675943207406
0.00162758705921851 0.315342418861418
0.0016438629298107 0.315005575464684
0.00166030155910881 0.314665381861237
0.00167690457469989 0.314321806739298
0.00169367362044689 0.313974818438733
0.00171061035665136 0.313624385326497
0.00172771646021787 0.313270474762775
0.00174499362482005 0.312913054589684
0.00176244356106825 0.312552092140936
0.00178006799667894 0.312187554473993
0.00179786867664573 0.31181940816842
0.00181584736341218 0.311447620208424
0.0018340058370463 0.311072156614009
0.00185234589541677 0.310692983356421
0.00187086935437094 0.310310066121904
0.00188957804791465 0.309923370299495
0.00190847382839379 0.309532860930372
0.00192755856667773 0.309138498806074
0.00194683415234451 0.308740252969476
0.00196630249386795 0.308338097881744
0.00198596551880663 0.307931981466528
0.0020058251739947 0.307521868684501
0.00202588342573464 0.307107729942926
0.00204614225999199 0.306689527606614
0.00206660368259191 0.306267219486273
0.00208726971941783 0.305840770256647
0.00210814241661201 0.305410141975284
0.00212922384077813 0.304975296329645
0.00215051607918591 0.304536194649865
0.00217202123997777 0.304092797911136
0.00219374145237755 0.303645066730635
0.00221567886690132 0.303192961362577
0.00223783565557034 0.302736441692383
0.00226021401212604 0.302275467230664
0.0022828161522473 0.301809997106863
0.00230564431376977 0.301339990061986
0.00232870075690747 0.300865404445138
0.00235198776447654 0.300386198203705
0.00237550764212131 0.299902328883017
0.00239926271854252 0.29941375365607
0.00242325534572795 0.298920424336969
0.00244748789918523 0.298422311327152
0.00247196277817708 0.297919357663929
0.00249668240595885 0.297411517401801
0.00252164923001844 0.296898755816149
0.00254686572231862 0.296381019870938
0.00257233437954181 0.29585826548937
0.00259805772333723 0.295330446209514
0.0026240383005706 0.294797515076958
0.00265027868357631 0.294259424661554
0.00267678147041207 0.293716127053406
0.00270354928511619 0.293167576131659
0.00273058477796735 0.292613718294045
0.00275789062574703 0.292054506430155
0.0027854695320045 0.29148989062213
0.00281332422732454 0.290919820524741
0.00284145746959779 0.2903442421318
0.00286987204429376 0.289763111620573
0.0028985707647367 0.289176363011411
0.00292755647238407 0.28858396249617
0.00295683203710791 0.287985840570015
0.00298640035747899 0.287381949740958
0.00301626436105378 0.286772236490538
0.00304642700466432 0.286156649899099
0.00307689127471096 0.285535126768766
0.00310766018745807 0.284907612620625
0.00313873678933265 0.284274055087114
0.00317012415722598 0.283634395312271
0.00320182539879824 0.282988575887351
0.00323384365278622 0.282336538947155
0.00326618208931408 0.281678226102376
0.00329884391020722 0.281013578696213
0.00333183234930929 0.280342536192541
0.00336515067280239 0.279665040052994
0.00339880217953041 0.278981022162465
0.00343279020132572 0.278290461276471
0.00346711810333897 0.277593260480643
0.00350178928437236 0.276889343777861
0.00353680717721609 0.276178674804975
0.00357217524898825 0.275461189118249
0.00360789700147813 0.274736824364997
0.00364397597149291 0.274005518546672
0.00368041573120784 0.273267207952266
0.00371721988851992 0.272521833614547
0.00375439208740512 0.271769326677823
0.00379193600827917 0.271009645312049
0.00382985536836196 0.270242699042022
0.00386815392204558 0.269468458713512
0.00390683546126603 0.268686837937272
0.0039459038158787 0.267897787323102
0.00398536285403748 0.267101241644801
0.00402521648257786 0.266297145765336
0.00406546864740364 0.265485440195337
0.00410612333387767 0.264666068677183
0.00414718456721645 0.263838974228264
0.00418865641288861 0.263004097100376
0.0042305429770175 0.262161388509496
0.00427284840678767 0.261310795328982
0.00431557689085555 0.260452264975785
0.00435873265976411 0.259585748806456
0.00440231998636175 0.258711196388165
0.00444634318622536 0.257828563477716
0.00449080661808762 0.256937806142751
0.00453571468426849 0.256038885788169
0.00458107183111118 0.255131756784668
0.00462688254942229 0.254216393355107
0.00467315137491651 0.253292752448816
0.00471988288866568 0.252360814941301
0.00476708171755234 0.251420569392185
0.00481475253472786 0.25047196365978
0.00486290006007514 0.249514953771714
0.00491152906067589 0.248549580701232
0.00496064435128265 0.247575803069629
0.00501025079479548 0.246593639657905
0.00506035330274343 0.245603059266492
0.00511095683577087 0.244604089837388
0.00516206640412858 0.243596727124334
0.00521368706816986 0.242580997391354
0.00526582393885156 0.241556883413206
0.00531848217824008 0.240524455708908
0.00537166700002248 0.239483727565848
0.0054253836700227 0.23843474632884
0.00547963750672293 0.237377548168565
0.00553443388179016 0.236312184655378
0.00558977822060806 0.235238719584545
0.00564567600281414 0.234157176180958
0.00570213276284228 0.233067713490749
0.0057591540904707 0.231970371477944
0.00581674563137541 0.230865248844797
0.00587491308768917 0.229752422778155
0.00593366221856606 0.228631976012295
0.00599299884075172 0.227504098651554
0.00605292882915924 0.226368825324607
0.00611345811745083 0.225226356442398
0.00617459269862534 0.22407682641053
0.00623633862561159 0.222920357984671
0.00629870201186771 0.22175714095641
0.00636168903198638 0.220587307622275
0.00642530592230625 0.219411071481286
0.00648955898152931 0.218228539273914
0.0065544545713446 0.217040025458683
0.00661999911705805 0.215845626910952
0.00668619910822863 0.21464561536939
0.00675306109931092 0.213440214994646
0.00682059171030403 0.212229732353282
0.00688879762740707 0.211014126481286
0.00695768560368114 0.209793892170566
0.00702726245971795 0.208569232159591
0.00709753508431513 0.207340400732039
0.00716851043515828 0.206107663191241
0.00724019553950986 0.204871318059633
0.00731259749490496 0.203631664758259
0.00738572346985401 0.202388853711978
0.00745958070455255 0.201143362669121
0.00753417651159808 0.199895389117502
0.00760951827671406 0.198645254950146
0.0076856134594812 0.197393323102811
0.00776246959407601 0.196139873314702
0.00784009429001677 0.194885220711271
0.00791849523291694 0.193629713931872
0.00799768018524611 0.192373634871012
0.00807765698709857 0.191117360858916
0.00815843355696956 0.189861218925399
0.00824001789253925 0.188605501217978
0.00832241807146464 0.187350599446653
0.008405642252179289 0.186096825937487
0.00848969867470108 0.184844513187023
0.0085745956614481 0.183593981437166
0.008660341618062581 0.182345581001644
0.008746945034243199 0.1810996694107
0.008834414484585631 0.1798565101359
0.008922758629431491 0.17861646973459
0.0090119862157258 0.177379866284183
0.00910210607788306 0.176147009241841
0.00919312713866189 0.174918219294309
0.00928505841004851 0.173693814825484
0.009377908994149 0.172474089239144
0.00947168808409049 0.171259351906451
0.009566404964931391 0.170049878141052
0.00966206901458071 0.168845983165291
0.009758689704726511 0.167647929542714
0.009856276601773781 0.166456000794263
0.00995483936779152 0.165270462075773
0.0100543877614694 0.164091584678996
0.0101549316390841 0.162919631684152
0.010256480955475 0.161754825418065
0.0103590457650297 0.160597422290606
0.01046263622268 0.159447657003107
0.0105672625849068 0.15830576242774
0.0106729352107559 0.157171957466325
0.0107796645628634 0.156046453091832
0.0108874612084921 0.154929464928882
0.010996335820577 0.15382120282323
0.0111062991787828 0.152721842535262
0.0112173621705706 0.151631598449145
0.0113295357922763 0.150550644511567
0.0114428311501991 0.149479166297139
0.0115572594617011 0.148417337463479
0.0116728320563181 0.147365326421651
0.0117895603768812 0.14632330339464
0.0119074559806501 0.145291430435757
0.0120265305404566 0.144269870085532
0.0121467958458611 0.1432587772303
0.0122682638043197 0.142258302197671
0.0123909464423629 0.14126860702349
0.0125148559067866 0.140289837379761
0.0126400044658544 0.139322142904948
0.012766404510513 0.138365675870243
0.0128940685556181 0.137420575491542
0.0130230092411743 0.136487000089007
0.013153239333586 0.135565096416342
0.0132847717269219 0.134655003614188
0.0134176194441911 0.133756905403411
0.013551795638633 0.132870925346502
0.0136873135950193 0.131997223346495
0.0138241867309695 0.131135974079939
0.0139624285982792 0.130287327345512
0.014102052884262 0.129451449480382
0.0142430734131046 0.128628521849295
0.0143855041472357 0.127818699977406
0.014529359188708 0.127022178250701
0.0146746527805951 0.12623912416038
0.0148213993084011 0.12546974753091
0.0149696133014851 0.124714226074845
0.0151193094344999 0.123972768106475
0.0152705025288449 0.123245575270463
0.0154232075541334 0.122532865444268
0.0155774396296747 0.121834849908427
0.0157332140259715 0.121151759620307
0.0158905461662312 0.120483826369667
0.0160494516278935 0.119831298669776
0.0162099461441724 0.119194413551722
0.0163720456056142 0.118573429813575
0.0165357660616703 0.117968618666273
0.016701123722287 0.117380245531517
0.0168681349595099 0.116808590842878
0.017036816309105 0.116253946845251
0.017207184472196 0.115716611767339
0.017379256316918 0.115196891791862
0.0175530488800872 0.114695102953478
0.017728579368888 0.114211567377795
0.0179058651625769 0.113746632323494
0.0180849238142027 0.113300634282555
0.0182657730523447 0.112873931417963
0.0184484307828682 0.112466887707498
0.0186329150906968 0.112079888020976
0.0188192442416038 0.111713312971823
0.0190074366840199 0.11136756977019
0.0191975110508601 0.111043068280489
0.0193894861613687 0.110740218986473
0.0195833810229823 0.110459499824868
0.0197792148332122 0.110201326072159
0.0199770069815443 0.109966172144122
0.0201767770513597 0.109754513800639
0.0203785448218733 0.109566856419492
0.0205823302700921 0.109403699715217
0.020788153572793 0.109265575564573
0.0209960351085209 0.109153025989959
0.0212059954596061 0.109066610591461
0.0214180554142022 0.109006892935814
0.0216322359683442 0.108974531224279
0.0218485583280276 0.10897007943013
0.0220670439113079 0.10899420860165
0.022287714350421 0.109047576330361
0.0225105914939252 0.109130873569039
0.0227356974088645 0.109244806907782
0.0229630543829531 0.109390117546715
0.0231926849267826 0.109567567147948
0.0234246117760505 0.109777946668844
0.023658857893811 0.110022087553243
0.0238954464727491 0.110300833905564
0.0241344009374766 0.110615076568548
0.0243757449468513 0.110965733285576
0.0246195023963198 0.111353731990424
0.024865697420283 0.111780161795542
0.0251143543944859 0.112245952220646
0.0253654979384307 0.112752221050647
0.025619152917815 0.113300076292803
0.0258753444469932 0.11389068352159
0.0261340978914631 0.114525256362682
0.0263954388703778 0.115205024400615
0.0266593932590815 0.11593133311862
0.0269259871916724 0.11670551153662
0.0271952470635891 0.117528990287563
0.027467199534225 0.118403233810672
0.0277418715295672 0.119329768758344
0.0280192902448629 0.120310184547597
0.0282994831473115 0.121346122575464
0.0285824779787846 0.12243929872712
0.0288683027585725 0.123591486986934
0.0291569857861582 0.124804524825511
0.0294485556440198 0.126080312651087
0.02974304120046 0.127420818892273
0.0300404716124646 0.128828062344358
0.0303408763285892 0.130304154155397
0.0306442850918751 0.131851230311867
0.0309507279427939 0.133471510370375
0.0312602352222218 0.135167241449594
0.031572837574444 0.136940739346478
0.0318885659501885 0.138794364772019
0.0322074516096904 0.140730475234427
0.0325295261257873 0.142751499837959
0.0328548213870451 0.144859789713838
0.0331833696009156 0.14705779969932
0.0335152032969248 0.149347904780218
0.033850355329894 0.151732421683267
0.0341888588831929 0.154213630708878
0.0345307474720249 0.15679370730382
0.0348760549467451 0.159474704244955
0.0352248154962126 0.162258532417864
0.0355770636511747 0.165146897197517
0.0359328342876865 0.168141324847984
0.0362921626305633 0.171243115965596
0.036655084256869 0.174452955904522
0.0370216350994376 0.177771575518375
0.037391851450432 0.181199198346262
0.0377657699649363 0.184735480642131
0.0381434276645857 0.188379908776029
0.0385248619412316 0.192130924641658
0.0389101105606439 0.195986928193177
0.0392992116662503 0.199945504355727
0.0396922037829128 0.204003694581686
0.0400891258207419 0.208157997457696
0.0404900170789494 0.212404109688418
0.0408949172497389 0.216737289314148
0.0413038664222363 0.2211522842816
0.0417169050864586 0.225643381005977
0.0421340741373232 0.230203581176412
0.0425554148786964 0.234826465421699
0.0429809690274834 0.239504907605104
0.0434107787177582 0.244231593606372
0.0438448865049358 0.248998348481223
0.0442833353699852 0.253797434641621
0.044726168723685 0.258621024198762
0.0451734304109219 0.263461198567723
0.0456251647150311 0.268310090842294
0.0460814163621814 0.273160497838528
0.0465422305258032 0.278004657906989
0.0470076528310613 0.282835878559589
0.0474777293593719 0.287647166625925
0.0479525066529656 0.292432447406904
0.0484320317194952 0.297185884322645
0.0489163520366902 0.301902165708947
0.0494055155570571 0.306576169816428
0.0498995707126277 0.311203647204023
0.0503985664197539 0.315780583762011
0.0509025520839515 0.320303581917278
0.051411577604791 0.32476942126564
0.0519256933808389 0.32917560503301
0.0524449503146473 0.333519993670099
0.0529693998177938 0.337800590281942
0.0534990938159717 0.342016125440682
0.0540340847541314 0.346165356839296
0.0545744256016727 0.350247725404205
0.0551201698576895 0.354262529856902
0.0556713715562664 0.358209737298837
0.056228085271829 0.362088956549946
0.0567903661245473 0.365900874946614
0.0573582697857928 0.369645620546018
0.0579318524836507 0.373323853205275
0.0585111710084872 0.37693627206229
0.0590962827185721 0.380483737302342
0.0596872455457578 0.383967198160782
0.0602841180012154 0.387387722878146
0.0608869591812276 0.390746490144808
0.0614958287730398 0.394044502274901
0.0621107870607702 0.397283195180065
0.0627318949313779 0.400463860506583
0.0633592138806917 0.403587759300342
0.0639928060194986 0.406656256553892
0.0646327340796936 0.409670682694234
0.0652790614204906 0.412632475713678
0.0659318520346955 0.415542988405741
0.06659117055504241 0.418403498424701
0.06725708226059279 0.421215363016506
0.0679296530831988 0.42398006259418
0.0686089496140308 0.426698671522137
0.0692950391101711 0.42937264152275
0.0699879895012728 0.432003185154042
0.0706878693962855 0.434591505631143
0.0713947480902484 0.43713883343799
0.0721086955711509 0.439646306040404
0.0728297825268624 0.442115058798532
0.073558080352131 0.444546183898547
0.07429366115565229 0.446940690764383
0.07503659776720881 0.449299625243825
0.07578696374488091 0.451623961909532
0.0765448333823297 0.453914633122492
0.07731028171615301 0.456172487376769
0.07808338453331461 0.458398442353843
0.0788642183786477 0.460593259112171
0.0796528605624342 0.462757669230626
0.08044938916805849 0.464892439091061
0.0812538830597391 0.466998283775038
0.0820664218903365 0.46907593129244
0.08288708610923989 0.47112585838445
0.08371595697033229 0.473148700273391
0.0845531165400356 0.47514502227485
0.085398647705436 0.477115349388302
0.0862526341824903 0.479060032450764
0.0871151605243152 0.480979630898382
0.0879863121295584 0.48287464486813
0.0888661752508539 0.484745314857897
0.08975483700336249 0.486592068744295
0.09065238537339609 0.488415257141589
0.0915589092271301 0.490215002384426
0.0924744983194014 0.49199197479667
0.0933992433025954 0.493746044626427
0.0943332357356213 0.495477735457529
0.0952765680929776 0.497187046678834
0.0962293337739073 0.498874390409887
0.0971916271116464 0.500539952317828
0.0981635433827629 0.502183810009831
0.0991451788165905 0.503806162227633
0.100136630604756 0.505407224501558
0.101137996910804 0.506987107341135
0.102149376879912 0.508545988110881
0.103170870648711 0.510083974850774
0.104202579355198 0.511601233454345
0.10524460514875 0.513097880412463
0.106297051200238 0.514574030371347
0.10736002171224 0.516029891809544
0.108433621929363 0.517465527449834
0.109517958148656 0.518881034401165
0.110613137730143 0.520276652754032
0.111719269107444 0.521652432826879
0.112836461798519 0.523008530057362
0.113964826416504 0.524345149949251
0.115104474680669 0.525662449726863
0.116255519427476 0.526960519518867
0.11741807462175 0.528239535428894
0.118592255367968 0.529499687381818
0.119778177921647 0.530741125312623
0.120975959700864 0.531964089507643
0.122185719297873 0.533168754763492
0.123407576490851 0.534355273115516
0.12464165225576 0.535523849039816
0.125888068778317 0.536674775184237
0.127146949466101 0.537808193931695
0.128418418960762 0.538924344305357
0.129702603150369 0.540023461385504
0.130999629181873 0.541105791573189
0.132309625473692 0.542171545507042
0.133632721728429 0.543220938143536
0.134969048945713 0.544254361445453
0.13631873943517 0.54527193433471
0.137681926829522 0.546273899698257
0.139058746097817 0.547260603175327
0.140449333558795 0.548232257519477
0.141853826894383 0.549189154531843
0.143272365163327 0.550131511584234
0.14470508881496 0.551059589456436
0.14615213970311 0.551973671437594
0.147613661100141 0.552873984684326
0.149089797711142 0.553760801000713
0.150580695688254 0.554634417830006
0.152086502645136 0.555495050326782
0.153607367671588 0.556342856238661
0.155143441348303 0.557178252090881
0.156694875761787 0.558001364308663
0.158261824519404 0.558812449215143
0.159844442764598 0.559611755010036
0.161442887192244 0.560399449904531
0.163057316064167 0.561175808480652
0.164687889224809 0.56194102035341
0.166334768117057 0.562695284331176
0.167998115798227 0.563438813557666
0.169678096956209 0.564171774205783
0.171374877925772 0.564894377871051
0.173088626705029 0.565606772398002
0.17481951297208 0.566309146121433
0.1765677081018 0.567001650349129
0.178333385182818 0.5676844441716
0.180116719034647 0.568357674588889
0.181917886224993 0.569021458251177
0.183737065087243 0.569675987131596
0.185574435738115 0.570321341711359
0.187430180095497 0.570957643801413
0.189304481896452 0.571585008750115
0.191197526715416 0.572203597581828
0.19310950198257 0.57281348467086
0.195040597002396 0.573414793464388
0.19699100297242 0.574007617719679
0.198960913002144 0.574593613040117
0.200950522132166 0.57517799405843
0.202960027353487 0.575741475278322
0.204989627627022 0.576299500070757
0.207039523903292 0.576849090327422
0.209109919142325 0.577390688176604
0.211201018333748 0.577924213934613
0.213313028517086 0.578449690233214
0.215446158802257 0.578967132628274
0.217600620390279 0.579476563408632
0.219776626594182 0.57997800228712
0.221974392860124 0.58047146891842
0.224194136788725 0.580956980764984
0.226436078156613 0.581434551385496
0.228700438938179 0.581904188346074
0.23098744332756 0.582365901318171
0.233297317760836 0.582819691285504
0.235630290938444 0.583265555725276
0.237986593847829 0.583703517455982
0.240366459786307 0.584133538053576
0.24277012438417 0.584555627354155
0.245197825628012 0.584969771768166
0.247649803884292 0.585375952096927
0.250126301923135 0.585774150084945
0.252627564942366 0.586164341541898
0.25515384059179 0.586546520967349
0.257705378997708 0.586920631508403
0.260282432787685 0.587286658609117
0.262885257115562 0.587644548839557
0.265514109686717 0.587994274525964
0.268169250783585 0.588335787141817
0.27085094329142 0.588669032123453
0.273559452724335 0.588993958079438
0.276295047251578 0.589310504848113
0.279057997724094 0.589618603939215
0.281848577701335 0.589918192962528
0.284667063478348 0.590209187761571
0.287513734113132 0.590491511020014
0.290388871454263 0.590765072544709
0.293292760168805 0.59102978517304
0.296225687770494 0.591285539537793
0.299187944648198 0.591532231795996
0.30217982409468 0.591769751508497
0.305201622335627 0.591997975987407
0.308253638558984 0.592216773804104
0.311336174944573 0.592426012944133
0.314449536694019 0.592625550881525
0.317594032060959 0.592815235417118
0.320769972381569 0.592994910768803
0.323977672105385 0.593164409581782
0.327217448826438 0.593323555121907
0.330489623314703 0.593472161910104
0.33379451954785 0.593610046436367
0.337132464743328 0.593737003492417
0.340503789390762 0.593852826822583
0.343908827284669 0.593957300171069
0.347347915557516 0.594050199429007
0.350821394713091 0.594131291813561
0.354329608660222 0.594200334866632
0.357872904746824 0.594257089315337
0.361451633794292 0.594301282190244
0.365066150132235 0.594332657747705
0.368716811633558 0.594350936358878
0.372403979749893 0.594355846225341
0.376128019547392 0.594347087329778
0.379889299742866 0.594324373164208
0.383688192740295 0.594287397484485
0.387525074667698 0.594235848225619
0.391400325414375 0.594169408464512
0.395314328668518 0.594087750941608
0.399267471955204 0.593990545151404
0.403260146674756 0.593877450354864
0.407292748141503 0.593748114044439
0.411365675622918 0.59360218719903
0.415479332379147 0.593439291982372
0.419634125702939 0.593259085629181
0.423830466959968 0.593061176754328
0.428068771629568 0.592845180884568
0.432349459345864 0.592610702322469
0.436672953939322 0.592357338199504
0.441039683478716 0.592084677108881
0.445450080313503 0.591792297717477
0.449904581116638 0.591479763999454
0.454403626927804 0.591146636806711
0.458947663197082 0.590792460292205
0.463537139829053 0.590416770581227
0.468172511227344 0.590019103327339
0.472854236339617 0.58959893063008
0.477582778703013 0.589155750451902
0.482358606490043 0.588689072334219
0.487182192554944 0.588198341132675
0.492054014480493 0.587683005626525
0.496974554625298 0.587142489989536
0.501944300171551 0.586576212463081
0.506963743173267 0.585983559187682
0.512033380604999 0.585363905000075
0.517153714411049 0.584716616253816
0.52232525155516 0.58404098903876
0.527548504070711 0.583336340129568
0.532823989111418 0.582601961008524
0.538152229002533 0.581837107619395
0.543533751292558 0.581041010746163
0.548969088805484 0.580212884572097
0.554458779693538 0.579351908267309
0.560003367490474 0.578457231891586
0.565603401165378 0.577527981792459
0.571259435177032 0.576563257666276
0.576972029528803 0.575562109906205
0.582741749824091 0.574523578256016
0.588569167322331 0.573446672678439
0.5944548589955549 0.572330355234548
0.60039940758551 0.571173537412199
0.606403401661365 0.56997510841764
0.612467435677979 0.56873396501008
0.618592110034759 0.567448893830172
0.624778031135106 0.566118674496924
0.631025811446457 0.564742039854901
0.637336069560922 0.563317681028673
0.643709430256531 0.561844247674909
0.650146524559097 0.560320338554758
0.656647989804688 0.55874447208146
0.663214469702734 0.557115158706993
0.669846614399762 0.55543082888811
0.6765450805437589 0.55368985293495
0.6833105313491969 0.551890597319369
0.690143636662689 0.550031194983112
0.697045073029316 0.548109932996733
0.704015523759609 0.546124845339693
0.711055678997205 0.544074034701515
0.718166235787177 0.541955427224097
0.725347898145049 0.539766892043466
0.732601377126499 0.537506188045747
0.739927390897764 0.535170946489252
0.747326664806742 0.532758785899899
0.7547999314548089 0.530267163570623
0.762347930769357 0.527693394920902
0.7699714100770511 0.525034705967337
0.777671124177822 0.522288179846722
0.7854478354195999 0.519450651571612
0.793302313773796 0.516518975550976
0.801235336911534 0.513489718894347
0.809247690280649 0.510359287177737
0.817340167183456 0.507123891607226
0.82551356885529 0.503779517500562
0.833768704543843 0.50032180629657
0.842106391589282 0.496747895189197
0.8505274555051739 0.493048909392821
0.8547800927827 0.491148459278753
0.859032730060226 0.489223908412991
0.863327893710527 0.487256934346067
0.867623057360828 0.485266300087531
0.871961172647633 0.483230189812591
0.874130230291035 0.482203078898549
0.876299287934437 0.48116933426905
0.878490036154273 0.480118911418206
0.880680784374109 0.479061909847236
0.882871532593945 0.477998304722236
0.885062280813781 0.476928052972444
0.887274936515815 0.475840288197939
0.88948759221785 0.474745667937149
0.891700247919885 0.473644028329954
0.893912903621919 0.472535576378758
0.898382468140029 0.470274267841989
0.902852032658138 0.467984792433335
0.907366292821429 0.465641825681828
0.91188055298472 0.463268200433864
0.916439955749644 0.460839332780273
0.920999358514567 0.458378164063722
0.92560435530714 0.455858171677029
0.930209352099712 0.453305756442126
0.93951144562071 0.448038646570587
0.948906560076917 0.442574591865109
0.958395625677686 0.436895037250412
0.967979581934463 0.430990882806104
0.977659377753807 0.424848857327432
0.987435971531345 0.418454664549784
0.997310331246659 0.411792789861256
1.00728343455913 0.404845810979822
1.01735626890472 0.39759463263673
1.02752983159376 0.390017896871899
1.0378051299097 0.382091886279824
1.0481831812088 0.3737898673939
1.05866501302089 0.36508139698003
1.0692516631511 0.355931970966118
1.07994417978261 0.346301801404959
1.09074362158043 0.336144652832608
1.10165105779624 0.325406686692862
1.1126675683742 0.314023809242087
1.12379424405794 0.301919000174252
1.13503218649852 0.288998399829918
1.14638250836351 0.275145435387132
1.15784633344714 0.260212039900197
1.16942479678161 0.244005830153988
1.18111904474943 0.226268724010059
1.19293023519692 0.206639825391615
1.20485953754889 0.184639031095379
1.21690813292438 0.159423940002434
1.22299267358901 0.145278204187951
1.22907721425363 0.129939260990105
1.23522260032489 0.11318354123592
1.24136798639616 0.095245621060398
1.24447140636215 0.0860222284298237
1.24757482632814 0.0769783034394579
1.25067824629413 0.0684231114805706
1.25378166626012 0.0606786811879528
1.25534889334295 0.0571401680361684
1.25691612042577 0.0538666637941873
1.26005057459142 0.0481004070142281
1.26318502875707 0.0432766913276352
1.26631948292272 0.0392525676009078
1.26948528163003 0.035844050074658
1.27265108033733 0.0329618299070983
1.27581687904464 0.0304990167300065
1.27898267775195 0.0283723190122627
1.28218013444633 0.0265006009821044
1.28537759114071 0.0248544229363139
1.29177250452947 0.0220929464545879
1.29823136705212 0.0198404425484521
1.30469022957477 0.0179808771304825
1.31121368072264 0.0164012182706614
1.31773713187051 0.0150525337733047
1.32432581752987 0.0138748751987934
1.33091450318922 0.012845975506777
1.33756907570517 0.0119298877522528
1.34422364822111 0.0111160947425326
1.35094476646222 0.0103810726634081
1.35766588470332 0.00971994544724766
1.36445421412684 0.00911629054975025
1.37124254355036 0.00856803278059456
1.38495496898586 0.00760121280304431
1.39880451867572 0.00677847418352442
1.41279256386247 0.00607060240941421
1.4269204895011 0.0054559305848766
1.44118969439611 0.004918106716578
1.45560159134007 0.00444449223846478
1.47015760725347 0.00402514112774179
1.48485918332601 0.00365210113518084
1.49970777515927 0.00331892122211529
1.51470485291086 0.00302030661267998
1.52985190143997 0.00275186215470173
1.54515042045437 0.00250990282800389
1.56060192465891 0.00229131160189292
1.5762079439055 0.00209343130057795
1.59197002334456 0.00191398079948562
1.607889723578 0.00175098701286407
1.62396862081378 0.00160273547090636
1.64020830702192 0.00146772720417778
1.65661039009214 0.00134464557083246
1.67317649399306 0.00123232812725714
1.68990825893299 0.00112974786179034
1.70680734152232 0.00103598770329579
1.72387541493754 0.000950232059752671
1.74111416908692 0.000871750632073333
1.75852531077779 0.000799888109720862
1.77611056388557 0.000734055110492599
1.79387166952442 0.000673720348368478
1.81181038621967 0.000618403662123267
1.82992849008186 0.000567671244067503
1.84822777498268 0.000521128932219343
1.86671005273251 0.000478419485738106
1.88537715325983 0.00043921805358545
1.90423092479243 0.000403228965934976
1.92327323404036 0.000370182852595119
1.94250596638076 0.000339834098157769
1.96193102604457 0.000311958481374977
1.98155033630501 0.000286351256895063
2.00136583966806 0.000262825212613686
2.02137949806474 0.000241209182842737
2.04159329304539 0.000221346517792121
2.06200922597584 0.000203093821526456
2.0826293182356 0.000186319702078699
2.10345561141796 0.000170903917919715
2.12449016753214 0.000156736063723162
2.14573506920746 0.000143715043072691
2.16719241989954 0.00013174809635947
2.18886434409853 0.000120750133413785
2.21075298753952 0.000110643068265588
2.23286051741491 0.000101355231068408
2.25518912258906 9.28208221192404e-05
2.27774101381495 8.49794147476713e-05
2.3005184239531 7.77755060296725e-05
2.32352360819263 7.11581026072803e-05
2.34675884427456 6.50803374600842e-05
2.3702264327173 5.94991361448499e-05
2.39392869704448 5.43748901504751e-05
2.41786798401492 4.96711731597839e-05
2.44204666385507 4.53544753408052e-05
2.46646713049362 4.13939640707831e-05
2.49113180179856 3.77612598697521e-05
2.51604311981654 3.44302378065794e-05
2.54120355101471 3.13768383342288e-05
2.56661558652486 2.85789027932655e-05
2.5922817423901 2.60160183595418e-05
2.618204559814 2.36693720093011e-05
2.64438660541214 2.15216269566394e-05
2.67083047146627 1.9556801741461e-05
2.69753877618093 1.77601625381676e-05
2.72451416394274 1.61181234386819e-05
2.75175930558217 1.46181568291366e-05
2.77927689863799 1.32487080018598e-05
2.80706966762437 1.20286308869074e-05
2.83514036430061 1.093334726823e-05
2.86349176794362 9.93308579488469e-06
2.89212668562305 9.02015591654258e-06
2.92104795247928 8.18744970321126e-06
2.95025843200408 7.42839881381279e-06
2.97976101632412 6.73693514890397e-06
3.00955862648736 6.1074544687149e-06
3.03965421275223 5.5347829415064e-06
3.07005075487975 5.01414595657875e-06
3.10075126242855 4.54113916772934e-06
3.13175877505284 4.11170182471521e-06
3.16307636280337 3.72209184893162e-06
3.1947071264314 3.36886272086912e-06
3.22665419769571 3.04884198988496e-06
3.25892073967267 2.7591113383789e-06
3.2915099470694 2.49698785391111e-06
3.32442504654009 2.26000670689265e-06
3.35766929700549 2.04590513139805e-06
3.39124598997555 1.85260723782504e-06
3.4251584498753 1.67821008358299e-06
3.45941003437406 1.52097058034766e-06
3.4940041347178 1.37929334824394e-06
3.52894417606497 1.2517193843473e-06
3.56423361782562 1.13691550747415e-06
3.59987595400388 1.0336645433436e-06
3.63587471354392 9.40856195748245e-07
3.67223346067936 8.5747854790011e-07
3.70895579528615 7.82610171663423e-07
3.74604535323901 7.15412788942088e-07
3.7835058067714 6.55124480254888e-07
3.82134086483912 6.01053364706509e-07
3.85955427348751 5.52571756762035e-07
3.89814981622238 5.09110756032767e-07
3.93713131438461 4.70155233071943e-07
3.97650262752845 4.35239209273639e-07
4.01626765380374 4.03941578155264e-07
4.05643033034178 3.7588216828328e-07
4.09699463364519 3.50718109061597e-07
4.13796457998165 3.28140488170299e-07
4.17934422578146 3.07871276252026e-07
4.22113766803928 2.89660502240805e-07
4.26334904471967 2.73283660594612e-07
4.30598253516687 2.58539334354286e-07
4.34904236051854 2.45247018227821e-07
4.39253278412372 2.33245126744284e-07
4.43645811196496 2.22389174153417e-07
4.48082269308461 2.12550112470302e-07
4.52563092001545 2.03612815947317e-07
4.57088722921561 1.95474700276459e-07
4.61659610150777 1.8804446611481e-07
4.66276206252284 1.81240956663408e-07
4.70938968314807 1.7499212063957e-07
4.75648357997955 1.69234071018035e-07
4.80404841577935 1.63910232885411e-07
4.85208889993714 1.58970571348275e-07
4.90060978893651 1.54370894319752e-07
4.94961588682588 1.50072222317058e-07
4.99911204569414 1.46040220273392e-07
5.04910316615108 1.42244685621155e-07
5.09959419781259 1.38659087633411e-07
5.15059013979072 1.35260153381323e-07
5.20209604118862 1.32027496125353e-07
5.25411700160051 1.28943282112365e-07
5.30665817161651 1.25991932341445e-07
5.35972475333268 1.23159855826589e-07
5.41332200086601 1.20435211530029e-07
5.46745522087467 1.1780769604342e-07
5.52212977308341 1.15268354602747e-07
5.57735107081425 1.12809413084022e-07
5.63312458152239 1.10424128907855e-07
5.68945582733762 1.08106658927885e-07
5.74635038561099 1.05851942573188e-07
5.8038138894671 1.03655598661434e-07
5.86185202836177 1.01513834449608e-07
5.92047054864539 9.94233656276292e-08
5.97967525413184 9.73813460701547e-08
6.03947200667316 9.53853062929152e-08
6.0998667267399 9.34330996462029e-08
6.16086539400729 9.15228553782877e-08
6.22247404794737 8.96529377976645e-08
6.28469878842684 8.78219108250964e-08
6.34754577631111 8.60285073032923e-08
6.41102123407422 8.42716025130023e-08
6.47513144641496 8.25501913747212e-08
6.53988276087911 8.08633688947281e-08
6.60528158848791 7.92103134498351e-08
6.67133440437278 7.75902725521786e-08
6.73804774841651 7.60025507758983e-08
6.80542822590068 7.44464995635907e-08
6.87348250815968 7.29215086615829e-08
6.94221733324128 7.14269989641255e-08
7.01163950657369 6.99624165708763e-08
7.08175590163943 6.85272278872338e-08
7.15257346065582 6.71209156164099e-08
7.22409919526238 6.57429755122645e-08
7.29634018721501 6.43929137779481e-08
7.36930358908716 6.30702450095403e-08
7.44299662497803 6.17744905996707e-08
7.51742659122781 6.05051775234073e-08
7.59260085714009 5.92618374431591e-08
7.66852686571149 5.80440060761345e-08
7.7452121343686 5.68512227760648e-08
7.82266425571229 5.56830302907809e-08
7.90089089826941 5.45389746524808e-08
7.97989980725211 5.34186051854871e-08
8.059698805324629 5.23214745918225e-08
8.14029579337787 5.1247139102652e-08
8.221698751311649 5.01951586750565e-08
8.30391573882477 4.91650972201411e-08
8.38695489621302 4.8156522850514e-08
8.47082444517515 4.71690081374533e-08
8.555532689626901 4.62021303698425e-08
8.64108801652317 4.52554718087583e-08
8.727498896688401 4.43286199325731e-08
8.81477388565529 4.34211676690446e-08
8.902921624511841 4.25327136113777e-08
8.99195084075696 4.16628622163138e-08
9.081870349164531 4.08112239828175e-08
9.172689052656169 3.99774156106038e-08
9.26441594318274 3.91610601380018e-08
9.357060102614559 3.83617870592033e-08
9.45063070364071 3.75792324211253e-08
9.54513701067712 3.68130389003751e-08
9.640588380783891 3.60628558609435e-08
9.736994264591729 3.53283393934849e-08
9.834364207237639 3.4609152337046e-08
9.93270784931002 3.39049642842369e-08
10.0320349278031 3.32154515708692e-08
10.1323552770812 3.25402972511278e-08
10.233678829852 3.18791910593488e-08
10.3360156181505 3.12318293594637e-08
10.439375774332 3.05979150832474e-08
10.5437695320753 2.99771576583442e-08
10.6492072273961 2.9369272927148e-08
10.75569929967 2.87739830575528e-08
10.8632562926667 2.81910164464883e-08
10.9718888555934 2.76201076172647e-08
11.0816077441493 2.70609971115217e-08
11.1924238215908 2.65134313766974e-08
11.3043480598067 2.59771626497986e-08
11.4173915404048 2.54519488382414e-08
11.5315654558088 2.49375533984578e-08
11.6468811103669 2.44337452129538e-08
11.7633499214706 2.39402984664234e-08
11.8809834206853 2.34569925214915e-08
11.9997932548922 2.2983611794561e-08
12.1197911874411 2.251994563236e-08
12.2409890993155 2.20657881894382e-08
12.3633989903086 2.1620938307118e-08
12.4870329802117 2.11851993941888e-08
12.6119033100138 2.07583793096337e-08
12.738022343114 2.03402902476348e-08
12.8654025665451 1.99307486250714e-08
12.9940565922106 1.95295749716684e-08
13.1239971581327 1.91365938229501e-08
13.255237129714 1.87516336160613e-08
13.3877895010112 1.83745265885765e-08
13.5216673960213 1.80051086802985e-08
13.6568840699815 1.76432194380815e-08
13.7934529106813 1.72887019236719e-08
13.9313874397881 1.69414026245389e-08
14.070701314186 1.66011713676545e-08
14.2114083273278 1.6267861236158e-08
14.3535224106011 1.5941328488848e-08
14.4970576347071 1.56214324824062e-08
14.6420282110542 1.53080355962717e-08
14.7884484931648 1.50010031600695e-08
14.9363329780964 1.47002033834909e-08
15.0856963078774 1.44055072885235e-08
15.2365532709561 1.41167886439267e-08
15.3889188036657 1.38339239018462e-08
15.5428079917024 1.35567921364657e-08
15.6982360716194 1.328527498459e-08
15.8552184323356 1.30192565880631e-08
16.0137706166589 1.27586235379237e-08
16.1739083228255 1.25032648202056e-08
16.3356474060538 1.22530717632912e-08
16.4990038801143 1.20079379867439e-08
16.6639939189155 1.17677593515267e-08
16.8306338581046 1.15324339119384e-08
16.9989401966857 1.130186186681e-08
17.1689295986525 1.10759455158921e-08
17.340618894639 1.0854589213326e-08
17.5140250835854 1.06376993242243e-08
17.6891653344213 1.04251841818543e-08
17.8660569877655 1.02169540457953e-08
18.0447175576431 1.00129210610234e-08
18.2251647332196 9.81299921788643e-09
18.4074163805518 9.61710431293526e-09
18.5914905443573 9.42515391057571e-09
18.7774054498009 9.23706730551663e-09
18.9651795042989 9.05276548598661e-09
19.1548312993419 8.87217109769539e-09
19.3463796123353 8.69520840852131e-09
19.5398434084586 8.52180327390514e-09
19.7352418425432 8.35188310293269e-09
19.9325942609687 8.18537682509485e-09
20.1319202035783 8.02221485770756e-09
20.3332394056141 7.86232907398262e-09
20.5365717996703 7.70565277173795e-09
20.741937517667 7.55212064273716e-09
20.9493568928436 7.40166874264859e-09
21.1588504617721 7.25423446161736e-09
21.3704389663898 7.10975649544109e-09
21.5841433560537 6.96817481734179e-09
21.7999847896142 6.82943065032658e-09
22.0179846375104 6.69346644013107e-09
22.2381644838855 6.56022582873697e-09
22.4605461287243 6.4296536284571e-09
22.6851515900116 6.30169579658079e-09
22.9120031059117 6.17629941057244e-09
23.1411231369708 6.0534126438145e-09
23.3725343683405 5.93298474188832e-09
23.6062597120239 5.81496599938389e-09
23.8423223091442 5.6993077372305e-09
24.0807455322356 5.58596228053946e-09
24.321552987558 5.47488293695002e-09
24.5647685174336 5.36602397546958e-09
24.8104162026079 5.25934060579865e-09
25.058520364634 5.15478895813082e-09
25.3091055682803 5.05232606341867e-09
25.5621966239631 4.95190983409483e-09
25.8178185902027 4.85349904523923e-09
26.0759967761048 4.7570533161816e-09
26.3367567438658 4.66253309252993e-09
26.6001243113045 4.569899628614e-09
26.8661255544175 4.4791149703349e-09
27.1347868099617 4.39014193840949e-09
27.4061346780613 4.30294411200085e-09
27.6801960248419 4.21748581268318e-09
27.9569979850903 4.13373208897974e-09
28.2365679649412 4.05164870084057e-09
28.5189336445907 3.97120210488771e-09
28.8041229810366 3.89235943978692e-09
29.0921642108469 3.81508851199124e-09
29.3830858529554 3.73935778180535e-09
29.676916711485 3.66513634976221e-09
29.9736858785998 3.59239394330347e-09
30.2734227373858 3.52110090375601e-09
30.5761569647597 3.45122817359681e-09
30.8819185344073 3.38274728399857e-09
31.1907377197513 3.31563034264886e-09
31.5026450969488 3.24985002183581e-09
31.8176715479183 3.18537954679364e-09
32.1358482633975 3.12219268430136e-09
32.4572067460315 3.06026373152836e-09
32.7817788134918 2.99956750512086e-09
33.1095966016267 2.94007933052323e-09
33.440692567643 2.88177503152878e-09
33.7750994933194 2.82463092005426e-09
34.1128504882526 2.76862378613322e-09
34.4539789931351 2.71373088812313e-09
34.7985187830665 2.65992994312176e-09
35.1465039708972 2.60719911758865e-09
35.4979690106061 2.5555170181679e-09
35.8529487007122 2.50486268270951e-09
36.2114781877193 2.45521557148786e-09
36.5735929695965 2.40655555861781e-09
36.9393288992925 2.35886292367398e-09
37.3087221882854 2.31211834352707e-09
37.6818094101683 2.26630288443192e-09
38.0586275042699 2.2213979944516e-09
38.4392137793127 2.17738549644373e-09
38.8236059171058 2.13424758231273e-09
39.2118419762768 2.09196681133699e-09
39.6039603960396 2.0505261303311e-09
40 2.009906748293e-09
