-40 1.39493142429671336e-10
-39.6039603960395965 1.49194009346705837e-10
-39.2118419762768013 1.59245438464626454e-10
-38.8236059171058017 1.69629210119779743e-10
-38.439213779312702 1.80323945264265155e-10
-38.0586275042699 1.91305107981468159e-10
-37.6818094101682988 2.02545045460698957e-10
-37.308722188285401 2.1401306776790618e-10
-36.939328899292498 2.25675569365625603e-10
-36.573592969596497 2.37496193904248074e-10
-36.211478187719301 2.49436043334050677e-10
-35.8529487007121972 2.61453931882006338e-10
-35.4979690106060985 2.73506684907662487e-10
-35.1465039708972 2.85549482109009076e-10
-34.7985187830664984 2.97536244003252233e-10
-34.4539789931351024 3.0942006007037142e-10
-34.1128504882525974 3.21153656431895672e-10
-33.7750994933194022 3.3268990045522653e-10
-33.4406925676429978 3.43982339237512477e-10
-33.1095966016266985 3.54985768543947373e-10
-32.7817788134917976 3.65656828463917382e-10
-32.4572067460315026 3.75954621814330856e-10
-32.1358482633974987 3.85841351170330751e-10
-31.8176715479183017 3.95282970345740816e-10
-31.5026450969488003 4.04249846182813844e-10
-31.1907377197513007 4.1271742664482911e-10
-30.8819185344073013 4.20666911435038983e-10
-30.5761569647597007 4.28085921687848587e-10
-30.2734227373858005 4.34969165686833758e-10
-29.9736858785997988 4.41319098050489984e-10
-29.6769167114849992 4.47146570379012165e-10
-29.3830858529554 4.52471471960166406e-10
-29.0921642108468994 4.57323359773398529e-10
-28.8041229810365991 4.61742077690826328e-10
-28.5189336445906996 4.6577836543205171e-10
-28.2365679649412016 4.6949445846634481e-10
-27.9569979850903003 4.72964680649304677e-10
-27.6801960248419014 4.76276031910112266e-10
-27.4061346780612993 4.79528773748991191e-10
-27.1347868099616996 4.82837015642446365e-10
-26.8661255544175006 4.86329305667728026e-10
-26.6001243113045014 4.901492287315544e-10
-26.3367567438657986 4.94456015707895996e-10
-26.0759967761048017 4.99425166545265171e-10
-25.8178185902027018 5.05249089989286943e-10
-25.5621966239631 5.12137761978925495e-10
-25.3091055682803017 5.20319404017563847e-10
-25.0585203646339991 5.30041181900324358e-10
-24.8104162026079003 5.41569924109753069e-10
-24.564768517433599 5.55192857990993922e-10
-24.3215529875580003 5.71218360508684388e-10
-24.0807455322355999 5.8997671899922554e-10
-23.8423223091442011 6.11820895897986362e-10
-23.6062597120238991 6.37127289979272586e-10
-23.3725343683404994 6.66296485239795028e-10
-23.1411231369708013 6.99753977230513422e-10
-22.9120031059117011 7.37950865444129139e-10
-22.6851515900115999 7.81364499347873207e-10
-22.4605461287242996 8.30499064863296046e-10
-22.2381644838855017 8.85886097587273826e-10
-22.0179846375103985 9.48084908870507881e-10
-21.7999847896142001 1.01768291106520006e-09
-21.5841433560537013 1.09529582886606831e-09
-21.3704389663897985 1.18156778473079122e-09
-21.1588504617721007 1.27717124790570983e-09
-20.9493568928435998 1.38280683862098661e-09
-20.7419375176670009 1.49920298156079799e-09
-20.5365717996702983 1.62711540576156075e-09
-20.3332394056141013 1.76732649162180155e-09
-20.1319202035783 1.92064446970185097e-09
-19.932594260968699 2.08790248039838681e-09
-19.7352418425431999 2.26995750834710512e-09
-19.5398434084586015 2.46768921046067527e-09
-19.3463796123353013 2.68199866177034422e-09
-19.1548312993419003 2.913807048596266e-09
-18.9651795042988986 3.16405434392628386e-09
-18.7774054498008987 3.43369800510523883e-09
-18.5914905443572991 3.72371173889632853e-09
-18.4074163805518012 4.03508438353617247e-09
-18.2251647332196001 4.3688189614265004e-09
-18.0447175576431 4.72593195943746681e-09
-17.8660569877655 5.10745289631023708e-09
-17.6891653344213005 5.51442423819948375e-09
-17.5140250835853983 5.94790172385896084e-09
-17.3406188946390003 6.40895516025322492e-09
-17.1689295986525003 6.89866974735964697e-09
-16.9989401966857017 7.4181479875440346e-09
-16.8306338581046013 7.96851223010532287e-09
-16.6639939189155015 8.55090789535206092e-09
-16.4990038801143015 9.16650741492635713e-09
-16.3356474060537984 9.81651491602444429e-09
-16.1739083228255005 1.05021716668125763e-08
-16.0137706166588991 1.12247622887201647e-08
-15.8552184323355991 1.19856217286326062e-08
-15.6982360716193998 1.27861429703906055e-08
-15.5428079917024 1.36277854506757403e-08
-15.3889188036656996 1.45120841295326489e-08
-15.2365532709560991 1.54406591506599731e-08
-15.0856963078774005 1.64152260115052991e-08
-14.9363329780964005 1.74376061483447584e-08
-14.7884484931648004 1.85097378272146929e-08
-14.6420282110541997 1.96336872181024823e-08
-14.4970576347070992 2.08116595173715244e-08
-14.3535224106010997 2.20460099723896219e-08
-14.2114083273277991 2.33392546528449263e-08
-14.0707013141859996 2.46940808055964975e-08
-13.9313874397881001 2.61133566242524109e-08
-13.7934529106812995 2.76001402611197111e-08
-13.6568840699814995 2.91576879079257471e-08
-13.5216673960213001 3.07894607727116159e-08
-13.3877895010112002 3.24991307836879527e-08
-13.2552371297140006 3.42905848565117676e-08
-13.1239971581327008 3.61679275693595361e-08
-12.9940565922105993 3.81354821002419009e-08
-12.8654025665451002 4.01977892929986186e-08
-12.7380223431140003 4.23596047322700708e-08
-12.6119033100137994 4.46258937231329061e-08
-12.4870329802116995 4.70018240877792847e-08
-12.3633989903085997 4.94927567094993144e-08
-12.2409890993155006 5.21042337727438029e-08
-12.1197911874411002 5.48419646672702724e-08
-11.9997932548922002 5.77118095437047409e-08
-11.8809834206853004 6.07197605273314985e-08
-11.7633499214705992 6.38719206160487091e-08
-11.6468811103669001 6.71744803072421804e-08
-11.5315654558087992 7.06336920163867029e-08
-11.4173915404048003 7.42558423676279255e-08
-11.3043480598066992 7.80472224530465654e-08
-11.1924238215908005 8.201409617285179e-08
-11.0816077441493004 8.61626667833938612e-08
-10.9718888555934004 9.04990417933858361e-08
-10.8632562926666996 9.50291963614814942e-08
-10.7556992996700007 9.97589353600409918e-08
-10.6492072273961007 1.04693854280990366e-07
-10.5437695320753004 1.09839299169868495e-07
-10.4393757743319995 1.15200325783817793e-07
-10.3360156181504994 1.20781658178528081e-07
-10.2336788298519998 1.26587646937663866e-07
-10.1323552770811993 1.32622227266794081e-07
-10.0320349278030996 1.3888887718169415e-07
-9.93270784931002026 1.45390576028490038e-07
-9.83436420723763938 1.52129763580321397e-07
-9.73699426459172912 1.59108299961584648e-07
-9.6405883807838908 1.66327426656838543e-07
-9.54513701067712006 1.73787728866143109e-07
-9.45063070364071045 1.81489099472249277e-07
-9.35706010261455923 1.89430704886971671e-07
-9.26441594318274042 1.97610953044032846e-07
-9.1726890526561693 2.06027463803167713e-07
-9.08187034916453051 2.14677042024834401e-07
-8.99195084075696016 2.23555653566156642e-07
-8.90292162451184055 2.32658404436007114e-07
-8.81477388565529019 2.41979523330277115e-07
-8.72749889668840062 2.51512347746689557e-07
-8.64108801652317027 2.61249313851825178e-07
-8.55553268962690083 2.71181950241026034e-07
-8.47082444517515043 2.81300875694311433e-07
-8.38695489621301959 2.91595800988451664e-07
-8.30391573882477019 3.02055534776905599e-07
-8.22169875131164929 3.12667993495782127e-07
-8.14029579337787013 3.23420215195714062e-07
-8.05969880532462923 3.342983771372572e-07
-7.97989980725211012 3.45287816921823159e-07
-7.90089089826941038 3.56373056862402918e-07
-7.82266425571229007 3.675378312295114e-07
-7.74521213436860023 3.78765115939308939e-07
-7.66852686571149 3.90037160184245586e-07
-7.59260085714008959 4.01335519443584289e-07
-7.51742659122781021 4.12641089253399066e-07
-7.44299662497803016 4.23934139065210093e-07
-7.36930358908715988 4.35194345480978931e-07
-7.29634018721501043 4.46400824121767496e-07
-7.22409919526238031 4.57532159369749514e-07
-7.15257346065581956 4.68566431220142053e-07
-7.08175590163943003 4.79481238492599575e-07
-7.01163950657369028 4.90253717681937355e-07
-6.94221733324128021 5.00860556776852884e-07
-6.87348250815967976 5.11278003443356227e-07
-6.80542822590068042 5.21481867057070411e-07
-6.73804774841651 5.31447514175738789e-07
-6.67133440437277958 5.41149857169279226e-07
-6.60528158848790969 5.50563335869006625e-07
-6.53988276087911036 5.59661892258469408e-07
-6.4751314464149603 5.68418938403989839e-07
-6.41102123407422031 5.76807318011176176e-07
-6.34754577631110983 5.84799262191242005e-07
-6.28469878842683993 5.92366340225253604e-07
-6.22247404794736969 5.99479406321386093e-07
-6.16086539400729016 6.06108543566457387e-07
-6.09986672673989982 6.12223006474178531e-07
-6.03947200667315975 6.17791163724786252e-07
-5.97967525413184031 6.22780442869614618e-07
-5.92047054864539035 6.27157278936065677e-07
-5.86185202836176966 6.30887069009085767e-07
-5.80381388946709986 6.33934134981490561e-07
-5.74635038561098987 6.36261696754068136e-07
-5.68945582733762034 6.37831858224732245e-07
-5.63312458152238982 6.38605608432256188e-07
-5.57735107081424974 6.3854284021305354e-07
-5.52212977308341024 6.37602388688480157e-07
-5.46745522087466984 6.35742091825834798e-07
-5.41332200086601034 6.32918875209511986e-07
-5.35972475333267973 6.29088863021989699e-07
-5.30665817161650999 6.24207517070100706e-07
-5.25411700160050987 6.18229805504235092e-07
-5.20209604118861968 6.11110402670982337e-07
-5.15059013979071967 6.02803921318359987e-07
-5.09959419781259005 5.93265178142585076e-07
-5.04910316615108012 5.82449493432429264e-07
-4.99911204569414025 5.70313025337383167e-07
-4.94961588682587994 5.56813139065736135e-07
-4.90060978893651011 5.41908811114026664e-07
-4.8520888999371401 5.25561068446246827e-07
-4.80404841577935038 5.0773346238506972e-07
-4.75648357997954996 4.88392576853183487e-07
-4.70938968314807038 4.67508570514740582e-07
-4.66276206252284009 4.45055752318419046e-07
-4.61659610150776967 4.21013189937373468e-07
-4.57088722921560997 3.95365350638698781e-07
-4.52563092001545009 3.6810277419719443e-07
-4.48082269308461001 3.39222777594218181e-07
-4.43645811196495998 3.08730191411902689e-07
-4.39253278412371984 2.76638128043561852e-07
-4.34904236051854021 2.42968782090040754e-07
-4.30598253516687013 2.07754263596414397e-07
-4.26334904471966958 1.71037465099934764e-07
-4.22113766803927959 1.32872963804663856e-07
-4.1793442257814597 9.33279605677032402e-08
-4.13796457998164957 5.24832577726548916e-08
-4.09699463364519012 1.04342785746751215e-08
-4.05643033034178035 -3.27078695726942143e-08
-4.01626765380374007 -7.68152837592225744e-08
-3.97650262752845007 -1.21742103022776884e-07
-3.93713131438460984 -1.6732329004193831e-07
-3.89814981622237999 -2.13373352352215987e-07
-3.85955427348751012 -2.59684997811393058e-07
-3.82134086483912006 -3.06027718503153851e-07
-3.7835058067713998 -3.52146296697244485e-07
-3.74604535323901011 -3.9775922587355882e-07
-3.70895579528614983 -4.42557039155406689e-07
-3.67223346067935985 -4.86200536774143577e-07
-3.63587471354391978 -5.28318903391980431e-07
-3.59987595400387983 -5.68507705228747957e-07
-3.5642336178256202 -6.06326755958799671e-07
-3.5289441760649698 -6.41297839251387627e-07
-3.49400413471779991 -6.7290227460693324e-07
-3.45941003437406014 -7.00578311776857437e-07
-3.42515844987529983 -7.2371833752927317e-07
-3.39124598997555005 -7.41665876820140623e-07
-3.35766929700548999 -7.53712368529970361e-07
-3.32442504654009019 -7.59093693810358597e-07
-3.29150994706939981 -7.56986432730476375e-07
-3.25892073967267004 -7.46503822295440925e-07
-3.22665419769570994 -7.26691385998552476e-07
-3.1947071264314002 -6.96522201833556424e-07
-3.16307636280336979 -6.54891772092132811e-07
-3.13175877505284017 -6.00612454258357103e-07
-3.10075126242854981 -5.32407407828380069e-07
-3.07005075487974999 -4.48904006861095735e-07
-3.03965421275223013 -3.4862666242010937e-07
-3.00955862648735994 -2.29988992697045627e-07
-2.97976101632412016 -9.12852713884212684e-08
-2.95025843200407989 6.93189233154690423e-08
-2.92104795247928006 2.53796946158442961e-07
-2.89212668562305009 4.64272306464582922e-07
-2.86349176794362004 7.03030984216757781e-07
-2.83514036430061012 9.72534965129672802e-07
-2.80706966762436982 1.27543713591895052e-06
-2.7792768986379901 1.61459770031186005e-06
-2.75175930558217008 1.99310229886888862e-06
-2.72451416394273993 2.41428204196100153e-06
-2.69753877618092996 2.88173569590770028e-06
-2.67083047146627006 3.39935429808203433e-06
-2.64438660541213988 3.97134851857204923e-06
-2.61820455981400002 4.60227913472720137e-06
-2.5922817423900999 5.29709104171670303e-06
-2.56661558652485988 6.06115128830038414e-06
-2.54120355101471018 6.90029170377843334e-06
-2.51604311981654005 7.82085677105062371e-06
-2.4911318017985602 8.82975750362322762e-06
-2.4664671304936201 9.93453220309479268e-06
-2.44204666385506997 1.11434151101960795e-05
-2.41786798401491998 1.24654141190903972e-05
-2.39392869704448019 1.39103989036878651e-05
-2.37022643271729994 1.54892010087907926e-05
-2.34675884427455994 1.72137276905593089e-05
-2.32352360819262982 1.90970915529153211e-05
-2.30051842395310002 2.11537583218030217e-05
-2.27774101381494987 2.33997154306964534e-05
-2.2551891225890599 2.58526644610166438e-05
-2.2328605174149101 2.85322408930266368e-05
-2.21075298753952021 3.14602650786561285e-05
-2.18886434409852981 3.46610288498018528e-05
-2.16719241989954003 3.81616227255585742e-05
-2.14573506920745993 4.1992309280806051e-05
-2.12449016753213993 4.61869488867363575e-05
-2.10345561141796011 5.07834847309933117e-05
-2.08262931823559994 5.58244947690398721e-05
-2.06200922597584002 6.13578190464657839e-05
-2.04159329304538995 6.743727165935091e-05
-2.02137949806474015 7.41234474801962028e-05
-2.00136583966805981 8.14846346618635308e-05
-1.98155033630500998 8.95978448307521659e-05
-1.96193102604456993 9.85499737796981473e-05
-1.94250596638076001 0.000108439106355096913
-1.92327323404035999 0.000119375980082365554
-1.90423092479243006 0.000131485622867520398
-1.88537715325983002 0.000144909180824657986
-1.86671005273251001 0.000159805952881910128
-1.84822777498268009 0.000176355649279564603
-1.82992849008185998 0.000194760891359433596
-1.81181038621966994 0.000215249970116464847
-1.7938716695244199 0.000238079880801397539
-1.77611056388557009 0.000263539650384813197
-1.75852531077779006 0.000291953973874615298
-1.74111416908692007 0.000323687174273946585
-1.72387541493753993 0.000359147499332315495
-1.70680734152231994 0.000398791766131853119
-1.6899082589329899 0.000443130361923428097
-1.67317649399306001 0.000492732606442101029
-1.65661039009214006 0.000548232477155879429
-1.64020830702192 0.000610334694504955201
-1.62396862081378002 0.00067982115915135794
-1.60788972357800009 0.000757557727568762031
-1.59197002334455995 0.000844501305958300142
-1.5762079439054999 0.000941707235490776905
-1.56060192465891001 0.00105033693427369055
-1.54515042045437001 0.00117166575326757148
-1.52985190143997007 0.00130709099468345529
-1.51470485291085999 0.00145814003226469495
-1.49970777515927001 0.00162647846338393647
-1.48485918332601008 0.00181391821318524168
-1.47015760725346989 0.00202242550120720508
-1.45560159134006994 0.0022541285711906796
-1.44118969439611 0.00251132507527513076
-1.42692048950110006 0.00279648899470790781
-1.4127925638624701 0.00311227697074276111
-1.39880451867572009 0.00346153391179487716
-1.38495496898586001 0.00384729773638886217
-1.3712425435503599 0.00427280310619616247
-1.36445421412684009 0.00450094144316361827
-1.35766588470332006 0.0047414839997780801
-1.35094476646222006 0.00499250230300047216
-1.34422364822111007 0.00525697497571423009
-1.33756907570516992 0.00553276097130763703
-1.33091450318922 0.00582311097388286091
-1.32432581752987 0.00612565175934582165
-1.31773713187051 0.00644392550592182405
-1.31121368072264 0.00677530600039147422
-1.30469022957476999 0.00712364709057838452
-1.29823136705211994 0.00748604755793257515
-1.2917725045294699 0.00786669379689247314
-1.28537759114070993 0.00826238637687190525
-1.28218013444632994 0.00846752252087348833
-1.27898267775194996 0.00867766576806612566
-1.27581687904464003 0.00889077235867022884
-1.2726510803373301 0.00910900995659045566
-1.26948528163002994 0.00933249239782727932
-1.26631948292272001 0.00956133561162155442
-1.26318502875707006 0.00979331037849629285
-1.26005057459141989 0.0100307726388666474
-1.25691612042576994 0.0102738410992825237
-1.25534889334294997 0.0103975153214720794
-1.25378166626012 0.0105226365569862472
-1.25067824629412994 0.0107747315990792333
-1.2475748263281401 0.0110326826206394273
-1.24447140636215003 0.0112966130272393935
-1.24136798639615997 0.0115666483000892752
-1.23522260032489006 0.012119886621423083
-1.22907721425362992 0.0126985804757660664
-1.22299267358900998 0.0132976521577943419
-1.21690813292438005 0.0139237537227202904
-1.20485953754888997 0.0152475783322566297
-1.19293023519691999 0.0166755305008398531
-1.18111904474942997 0.0182131262373511453
-1.16942479678161004 0.0198658930085012439
-1.15784633344714005 0.0216393392396815459
-1.14638250836350997 0.0235389218232662858
-1.13503218649852 0.0255700118213709748
-1.12379424405794004 0.0277378585849037441
-1.1126675683742 0.0300475525447839661
-1.10165105779623995 0.0325039869637632206
-1.09074362158043003 0.0351118189678855872
-1.07994417978260993 0.0378754302044945548
-1.06925166315109998 0.0407988874983448505
-1.05866501302088989 0.0438859038980042235
-1.04818318120880005 0.0471398005210810003
-1.03780512990969997 0.0505634696180241247
-1.02752983159375999 0.0541593392801118442
-1.01735626890471997 0.0579293402172797248
-1.00728343455912994 0.061874875025381304
-0.997310331246659021 0.0659967903500453951
-0.987435971531344991 0.070295352335606312
-0.977659377753806957 0.0747702257223931133
-0.967979581934462985 0.0794204569242697861
-0.958395625677685992 0.0842444613810220261
-0.948906560076916983 0.089240015437207415
-0.939511445620709984 0.0944042529510823597
-0.930209352099712006 0.0997336667846995262
-0.925604355307140025 0.1024522159884627
-0.920999358514567046 0.105224115270020513
-0.916439955749643986 0.108021238983362869
-0.911880552984720039 0.110870833686699297
-0.907366292821428999 0.113743927538398459
-0.90285203265813796 0.116668450725930059
-0.898382468140028978 0.119614615488459128
-0.893912903621918997 0.122611009852464994
-0.891700247919885003 0.124112913376845546
-0.889487592217850009 0.125627063882788381
-0.887274936515815016 0.127153434496473566
-0.885062280813781022 0.128691995414517563
-0.882871532593945019 0.130227300748624625
-0.880680784374109016 0.131774489387565058
-0.878490036154273013 0.133333523740903459
-0.87629928793443701 0.134904363289863188
-0.874130230291034982 0.136471237740945828
-0.871961172647632954 0.138049597096768589
-0.867623057360828009 0.141240575797115575
-0.863327893710526983 0.144444617451760043
-0.859032730060225957 0.147692640544848292
-0.854780092782699952 0.150951346915667306
-0.850527455505173946 0.154252152839081891
-0.842106391589282022 0.160910341222480879
-0.833768704543842998 0.167658115677427805
-0.825513568855290036 0.174486117990603595
-0.817340167183456034 0.181384773749623862
-0.809247690280649024 0.18834434542304021
-0.801235336911534035 0.195354985964140609
-0.793302313773796008 0.202406792376668559
-0.785447835419599949 0.209489858686834868
-0.777671124177822026 0.216594327780872647
-0.769971410077051055 0.223710441590495218
-0.762347930769357029 0.230828589139593421
-0.754799931454808948 0.237939352003829291
-0.747326664806742036 0.245033546779601014
-0.739927390897764048 0.252102264209465743
-0.732601377126498976 0.25913690466642364
-0.725347898145048964 0.266129209758544871
-0.718166235787176976 0.273071289877012513
-0.71105567899720501 0.279955647573723876
-0.704015523759608963 0.28677519671783458
-0.697045073029315954 0.293523277442926278
-0.690143636662688964 0.300193666956654226
-0.683310531349196948 0.306780586341693584
-0.676545080543758948 0.313278703529538738
-0.669846614399762008 0.319683132676306658
-0.663214469702734011 0.325989430211367281
-0.65664798980468797 0.332193587864699658
-0.65014652455909705 0.338292023006927012
-0.643709430256531046 0.344281566656514992
-0.637336069560922036 0.350159449521700805
-0.631025811446456975 0.355923286450087473
-0.624778031135105993 0.361571059656823457
-0.618592110034759002 0.367101101093182891
-0.612467435677979011 0.372512074301521945
-0.606403401661364971 0.37780295608076675
-0.600399407585510025 0.382973018259387066
-0.594454858995554947 0.388021809841063992
-0.588569167322330999 0.392949139752882703
-0.582741749824090993 0.397755060387780301
-0.576972029528802999 0.40243985209315658
-0.571259435177032038 0.40700400871689818
-0.565603401165377995 0.411448224281681874
-0.560003367490473969 0.415773380819064842
-0.554458779693537962 0.419980537357488637
-0.548969088805484007 0.424070920023677578
-0.543533751292557987 0.428045913185683469
-0.538152229002533011 0.431907051538542197
-0.532823989111418039 0.43565601301072826
-0.527548504070710966 0.439294612351505021
-0.522325251555159964 0.442824795246232306
-0.517153714411048959 0.446248632798642797
-0.512033380604999033 0.449568316216075459
-0.506963743173266979 0.452786151535497394
-0.501944300171551006 0.455904554234474235
-0.496974554625297993 0.458926043581838305
-0.492054014480493018 0.46185323659709443
-0.487182192554943994 0.464688841505088657
-0.482358606490042974 0.467435650592613605
-0.477582778703013022 0.470096532395749223
-0.472854236339616985 0.472674423170284019
-0.46817251122734399 0.475172317621826545
-0.46353713982905298 0.477593258896615358
-0.458947663197082023 0.479940327857958426
-0.454403626927804005 0.482216631696156861
-0.449904581116638003 0.484425291941095182
-0.445450080313503027 0.486569431966118904
-0.441039683478716027 0.488652164088847374
-0.436672953939321984 0.490676576388985319
-0.432349459345863996 0.49264571937473256
-0.428068771629568023 0.494562592637923015
-0.423830466959968011 0.496430131643438577
-0.419634125702939009 0.498251194800836517
-0.415479332379147026 0.50002855096544474
-0.411365675622917981 0.501764867512661028
-0.407292748141503014 0.503462699122986135
-0.403260146674756015 0.505124477406626804
-0.399267471955204012 0.506752501485681295
-0.395314328668518011 0.508348929639179659
-0.391400325414375028 0.509915772101976805
-0.387525074667697977 0.511454885093003631
-0.383688192740294975 0.512967966132017339
-0.379889299742866005 0.514456550687043102
-0.376128019547392001 0.515922010177577772
-0.372403979749892977 0.51736555134156148
-0.368716811633558017 0.518788216957391302
-0.365066150132234979 0.520190887896192611
-0.361451633794292015 0.521574286464297932
-0.357872904746823983 0.522938980981695667
-0.354329608660222006 0.5242853915291803
-0.350821394713090984 0.525613796785262655
-0.347347915557515985 0.526924341863655665
-0.343908827284668983 0.528217047053358923
-0.340503789390761979 0.529491817356141703
-0.337132464743327975 0.53074845271053428
-0.333794519547849999 0.531986658787216848
-0.330489623314702996 0.533206058238065883
-0.327217448826437995 0.534406202279806286
-0.323977672105384973 0.535586582493363106
-0.320769972381569013 0.536746642721413036
-0.317594032060958986 0.537885790949177989
-0.314449536694018983 0.539003411057273341
-0.311336174944572996 0.540098874340025348
-0.308253638558984022 0.541171550688330782
-0.305201622335626976 0.542220819342422722
-0.302179824094680027 0.543246079126996295
-0.299187944648197979 0.54424675808876477
-0.296225687770494017 0.54522232246456992
-0.293292760168805011 0.54617228491672154
-0.290388871454263009 0.547096211980913738
-0.287513734113132025 0.547993730681136437
-0.284667063478348026 0.548864534274973614
-0.281848577701334979 0.549708387101887408
-0.279057997724094009 0.550525128516125339
-0.276295047251577996 0.551314675894881367
-0.273559452724335017 0.552077026721143782
-0.27085094329142001 0.552812259749257628
-0.268169250783585 0.553520535269491187
-0.265514109686717015 0.554202094495878761
-0.262885257115561988 0.554857258109130003
-0.260282432787684981 0.555486423993549194
-0.257705378997708012 0.55609006421349727
-0.255153840591790027 0.556668721281090462
-0.25262756494236599 0.557223003772325032
-0.250126301923135008 0.557753581353805705
-0.247649803884292002 0.558261179286556719
-0.245197825628012012 0.558746572477073489
-0.242770124384170005 0.559210579148737508
-0.240366459786306996 0.559654054209035023
-0.237986593847828998 0.560077882389524384
-0.235630290938444009 0.560482971236388905
-0.233297317760836009 0.560870244029442189
-0.230987443327559994 0.561240632706833664
-0.228700438938179013 0.561595070871286239
-0.226436078156613013 0.561934486951557899
-0.22419413678872499 0.562259797589996557
-0.221974392860123992 0.562571901323482448
-0.219776626594182012 0.562871672620852248
-0.217600620390278998 0.563159956335077427
-0.21544615880225701 0.563437562623013477
-0.213313028517086001 0.563705262379602945
-0.211201018333747992 0.563963783226963056
-0.20910991914232499 0.564213806091986347
-0.207039523903292 0.564455962398872857
-0.204989627627021997 0.564690831895616419
-0.202960027353487005 0.564918941125872154
-0.200950522132165993 0.565140762549953046
-0.198960913002143996 0.565360390831005644
-0.196991002972420004 0.565571146644698874
-0.19504059700239601 0.565776642727374379
-0.193109501982569987 0.565977137155990073
-0.191197526715416011 0.566172839958469676
-0.189304481896451993 0.566363915813364316
-0.187430180095497001 0.566550487211479159
-0.185574435738114996 0.566732638029523117
-0.183737065087242996 0.566910417461788385
-0.181917886224992997 0.567083844252568858
-0.180116719034646988 0.567252911169387697
-0.178333385182817994 0.56741758965539324
-0.176567708101800003 0.567577834598389286
-0.17481951297208001 0.567733589153949669
-0.173088626705029003 0.567884789560786474
-0.171374877925771996 0.568031369888040372
-0.169678096956209001 0.568173266656561093
-0.167998115798226988 0.568310423279185239
-0.166334768117056997 0.568442794268692819
-0.164687889224809009 0.568570349166345301
-0.163057316064167013 0.568693076148566456
-0.161442887192244006 0.568810985274479597
-0.159844442764597999 0.568924111342448913
-0.158261824519403987 0.569032516329421978
-0.156694875761787006 0.569136291392651761
-0.155143441348302991 0.569235558419241561
-0.153607367671588002 0.569330471114714465
-0.152086502645136012 0.569421215627580857
-0.150580695688253996 0.569508010712276747
-0.149089797711142003 0.569591107438118804
-0.147613661100141014 0.569670788456824506
-0.146152139703110001 0.569747366845654524
-0.144705088814959998 0.56982118454739028
-0.143272365163327003 0.569892610431972368
-0.141853826894383001 0.569962038007909899
-0.140449333558794992 0.570029882814226951
-0.139058746097816988 0.57009657952600834
-0.137681926829521989 0.570162578808343534
-0.136318739435170005 0.570228343954808037
-0.134969048945712988 0.570294347347455766
-0.133632721728428994 0.570361066775764591
-0.132309625473691989 0.570428981652032263
-0.130999629181872995 0.570498569160418079
-0.129702603150368995 0.570570300376209927
-0.128418418960762004 0.570644636391023918
-0.127146949466101 0.570722024478470091
-0.125888068778317014 0.570802894333501731
-0.124641652255760002 0.570887654417103541
-0.123407576490851004 0.570976688436380497
-0.122185719297873002 0.571070351988255842
-0.120975959700864 0.571168969393218817
-0.119778177921646994 0.571272830743555726
-0.118592255367967997 0.571382189188646916
-0.117418074621749996 0.571497258477831727
-0.116255519427476001 0.571618210779430758
-0.115104474680669006 0.57174517479244702
-0.113964826416504003 0.571878234165496657
-0.112836461798519 0.572017426235504223
-0.111719269107443994 0.57216274109665477
-0.110613137730143002 0.572314121008117516
-0.109517958148656003 0.572471460146949163
-0.108433621929362997 0.57263460471058647
-0.107360021712240003 0.572803353371174051
-0.106297051200237996 0.572977458081894153
-0.105244605148750003 0.573156625233263717
-0.104202579355198 0.57334051715512202
-0.103170870648710999 0.57352875395778713
-0.102149376879912004 0.573720915703508139
-0.101137996910803996 0.573916544896957759
-0.100136630604756 0.574115149281104409
-0.099145178816590504 0.574316204922333817
-0.0981635433827628967 0.57451915956623123
-0.0971916271116464031 0.574723436242935981
-0.0962293337739072996 0.574928437098557565
-0.0952765680929776038 0.575133547426688763
-0.0943332357356213014 0.57533813987174931
-0.0933992433025954 0.575541578773630103
-0.0924744983194013964 0.575743224621011351
-0.0915589092271301003 0.57594243857880667
-0.0906523853733960938 0.576138587053454998
-0.0897548370033624948 0.576331046258299007
-0.0888661752508538988 0.576519206740115808
-0.0879863121295584028 0.576702477826950499
-0.0871151605243151994 0.576880291956907043
-0.0862526341824902953 0.57705210884738134
-0.0853986477054359955 0.577217419464486237
-0.0845531165400355972 0.577375749753097245
-0.0837159569703322948 0.577526664089087594
-0.0828870861092398936 0.577669768416902429
-0.0820664218903364995 0.577804713037675444
-0.0812538830597391015 0.577931195015588317
-0.0804493891680584938 0.578048960173153326
-0.0796528605624342023 0.578157804649449547
-0.0788642183786476964 0.578257575999185702
-0.0780833845333146065 0.578348173814583366
-0.0773102817161530065 0.578429549856630643
-0.0765448333823297022 0.578501707687023692
-0.0757869637448809058 0.578564701797171455
-0.0750365977672088069 0.578618636235851302
-0.0742936611556522936 0.578663662742455509
-0.0735580803521310028 0.578699978398196202
-0.0728297825268623966 0.578727822812977188
-0.0721086955711509048 0.578747474871005751
-0.0713947480902484 0.578759249063373837
-0.0706878693962855048 0.578763491440762445
-0.0699879895012728015 0.57876057522410651
-0.0692950391101710972 0.578750896115383995
-0.0686089496140308008 0.578734867354549487
-0.0679296530831988016 0.57871291457211349
-0.0672570822605927932 0.578685470489771814
-0.066591170555042406 0.578652969523816951
-0.0659318520346954956 0.578615842347883769
-0.0652790614204906 0.578574510472627201
-0.0646327340796935962 0.578529380900495327
-0.0639928060194985965 0.578480840913517258
-0.0633592138806916977 0.578429253051195413
-0.0627318949313779017 0.57837495033409736
-0.062110787060770202 0.578318231786535852
-0.0614958287730398012 0.578259358308969573
-0.0608869591812275998 0.578198548947355895
-0.0602841180012154004 0.57813597760259916
-0.0596872455457577999 0.57807177021908196
-0.0590962827185720976 0.578006002485786263
-0.0585111710084871978 0.577938698078602431
-0.0579318524836507018 0.577869827466291675
-0.0573582697857928023 0.577799307296934517
-0.0567903661245472979 0.57772700037484237
-0.0562280852718290008 0.577652716232043839
-0.0556713715562663983 0.577576212291493807
-0.0551201698576894994 0.577497195612878156
-0.0545744256016727006 0.577415325205172247
-0.0540340847541313993 0.57733021488394487
-0.0534990938159716975 0.57724143664513361
-0.0529693998177937983 0.577148524521150952
-0.0524449503146472984 0.577050978879696475
-0.0519256933808388971 0.576948271120499401
-0.051411577604791002 0.576839848720526627
-0.0509025520839515022 0.576725140574180783
-0.0503985664197538971 0.576603562571331274
-0.0498995707126276972 0.576474523353219359
-0.0494055155570570989 0.576337430183932686
-0.0489163520366902027 0.576191694873628202
-0.0484320317194951999 0.57603673968879443
-0.0479525066529655972 0.575872003184784376
-0.0474777293593718966 0.575696945896357004
-0.0470076528310613001 0.57551105582344253
-0.0465422305258032035 0.575313853651313378
-0.046081416362181403 0.575104897647217395
-0.0456251647150310996 0.574883788178954247
-0.0451734304109219012 0.574650171804963916
-0.0447261687236849975 0.574403744890262358
-0.0442833353699852023 0.574144256707780354
-0.0438448865049358011 0.573871511990401428
-0.0434107787177581972 0.573585372905240032
-0.0429809690274833983 0.573285760428133062
-0.0425554148786964001 0.572972655103104689
-0.0421340741373232019 0.572646097178768021
-0.0417169050864586027 0.572306186120405291
-0.0413038664222363031 0.571953079503881856
-0.0408949172497388991 0.571586991304452452
-0.0404900170789493988 0.571208189600523553
-0.0400891258207419013 0.57081699371907646
-0.0396922037829127994 0.57041377085576217
-0.0392992116662502985 0.569998932208821363
-0.0389101105606438971 0.569572928671298384
-0.0385248619412316001 0.569136246130982348
-0.0381434276645856996 0.568689400432087155
-0.0377657699649363021 0.568232932055976692
-0.037391851450432001 0.567767400581654758
-0.0370216350994376012 0.56729337898867338
-0.0366550842568690027 0.566811447866794049
-0.0362921626305632988 0.566322189597367909
-0.0359328342876865034 0.56582618257127737
-0.0355770636511746965 0.565323995507589605
-0.0352248154962125984 0.56481618193523353
-0.0348760549467451025 0.564303274897833607
-0.0345307474720248989 0.563785781938582309
-0.0341888588831929033 0.563264180418508342
-0.0338503553298939996 0.562738913216863534
-0.0335152032969247976 0.56221038485779995
-0.0331833696009155993 0.561678958101727965
-0.0328548213870450967 0.561144951034315165
-0.0325295261257873003 0.560608634679627293
-0.0322074516096904004 0.5600702311577892
-0.031888565950188498 0.559529912400755669
-0.0315728375744439987 0.55898779943321586
-0.0312602352222218008 0.55844396221903303
-0.0309507279427938993 0.557898420066941347
-0.0306442850918751016 0.557351142582806158
-0.0303408763285892003 0.556802051149646759
-0.030040471612464599 0.556251020910646377
-0.0297430412004600006 0.555697883224856248
-0.0294485556440198006 0.55514242856039242
-0.0291569857861582009 0.554584409785148003
-0.0288683027585724984 0.554023545811251794
-0.0285824779787846005 0.553459525545899167
-0.0282994831473115001 0.552892012098545438
-0.0280192902448628996 0.552320647192249048
-0.0277418715295672004 0.551745055725392008
-0.0274671995342249987 0.551164850429455178
-0.0271952470635891015 0.550579636568110931
-0.0269259871916723986 0.549989016623704474
-0.0266593932590814993 0.549392594918204358
-0.0263954388703778013 0.548789982117657837
-0.0261340978914630997 0.548180799571498012
-0.0258753444469932009 0.547564683441130295
-0.0256191529178150003 0.546941288575536033
-0.0253654979384306985 0.546310292095720129
-0.0251143543944859007 0.545671396653957141
-0.0248656974202829985 0.545024333338633427
-0.0246195023963198013 0.544368864200177494
-0.0243757449468513 0.54370478437883718
-0.0241344009374766001 0.543031923820197604
-0.023895446472749101 0.5423501485696689
-0.0236588578938109993 0.541659361642407022
-0.0234246117760504996 0.540959503470374248
-0.0231926849267826002 0.540250551933263989
-0.0229630543829530999 0.539532521984871005
-0.0227356974088645004 0.538805464891035979
-0.0225105914939251993 0.538069467099607679
-0.0222877143504210014 0.53732464876670516
-0.0220670439113078987 0.536571161966993726
-0.0218485583280275987 0.535809188618869836
-0.0216322359683441996 0.535038938157764821
-0.0214180554142021987 0.534260644993090117
-0.0212059954596061015 0.533474565785639898
-0.0209960351085209003 0.53268097658347191
-0.0207881535727930007 0.531880169854684226
-0.0205823302700921008 0.531072451455557815
-0.0203785448218733005 0.530258137571951504
-0.0201767770513597011 0.529437551670988604
-0.0199770069815442992 0.528611021498478606
-0.0197792148332122004 0.527778876155872045
-0.0195833810229823005 0.526941443288190925
-0.0193894861613687006 0.526099046411882432
-0.0191975110508601013 0.52525200240876091
-0.0190074366840198988 0.524400619209061114
-0.0188192442416037983 0.523545193683476628
-0.0186329150906968007 0.52268600976051427
-0.0184484307828681991 0.521823336782213265
-0.0182657730523447005 0.520957428107608478
-0.0180849238142027011 0.520088519969941432
-0.0179058651625768998 0.5192168305900976
-0.0177285793688880013 0.518342559545531767
-0.0175530488800871992 0.517465887390670232
-0.0173792563169180014 0.516586975521884151
-0.0172071844721960014 0.515705966277313022
-0.0170368163091049983 0.514822983259290656
-0.0168681349595098985 0.513938131864908887
-0.0167011237222869993 0.513051500008354866
-0.0165357660616703012 0.512163159016866709
-0.0163720456056141994 0.511273164680971282
-0.0162099461441723991 0.510381558438599447
-0.0160494516278935004 0.509488368671917047
-0.0158905461662312009 0.508593612095422754
-0.0157332140259715016 0.507697295213748734
-0.0155774396296746998 0.506799415827781985
-0.0154232075541334002 0.505899964568178429
-0.0152705025288449002 0.504998926436177498
-0.0151193094344999005 0.504096282332442303
-0.0149696133014851004 0.50319201055594498
-0.0148213993084011005 0.502286088256084118
-0.0146746527805951005 0.501378492822888711
-0.0145293591887079993 0.500469203201617363
-0.0143855041472356997 0.499558201119811973
-0.0142430734131045993 0.498645472216632413
-0.0141020528842620008 0.49773100706606882
-0.0139624285982791994 0.496814802087367002
-0.0138241867309695007 0.495896860337932177
-0.0136873135950193008 0.494977192185515724
-0.0135517956386330008 0.494055815858357061
-0.0134176194441910993 0.493132757873377681
-0.0132847717269219002 0.492208053344156959
-0.0131532393335859997 0.491281746171725875
-0.0130230092411742996 0.490353889122463582
-0.0128940685556181 0.489424543798561207
-0.0127664045105130002 0.488493780507463227
-0.0126400044658544 0.487561678037521984
-0.0125148559067866007 0.486628323347827407
-0.0123909464423628997 0.485693811180667789
-0.0122682638043197009 0.484758243605540373
-0.0121467958458611001 0.483821729503819131
-0.0120265305404566002 0.482884384003354372
-0.0119074559806501001 0.481946327872267211
-0.0117895603768811991 0.481007686881097907
-0.0116728320563181005 0.480068591142160217
-0.0115572594617010995 0.479129174434773819
-0.0114428311501991002 0.478189573524486822
-0.0113295357922763001 0.477249927484027725
-0.0112173621705706009 0.476310377023103249
-0.0111062991787827994 0.475371063833620711
-0.0109963358205769999 0.474432129956241622
-0.0108874612084920996 0.473493717173543438
-0.0107796645628633996 0.472555966434343666
-0.0106729352107559003 0.471619017313124222
-0.0105672625849067992 0.470683007507735451
-0.0104626362226800003 0.469748072377975667
-0.0103590457650297001 0.468814344526925608
-0.0102564809554749996 0.467881953426339647
-0.0101549316390841006 0.466951025086771998
-0.0100543877614693994 0.466021681772628815
-0.00995483936779151951 0.465094041761727417
-0.00985627660177378073 0.464168219148614447
-0.00975868970472651073 0.463244323690329751
-0.00966206901458071046 0.462322460693065762
-0.00956640496493139057 0.461402730937774896
-0.00947168808409049046 0.460485230642521781
-0.009377908994149 0.459570051459176121
-0.00928505841004850958 0.458657280501860609
-0.00919312713866188985 0.457747000404393867
-0.00910210607788305981 0.456839289403962401
-0.00901198621572579968 0.455934221448135613
-0.00892275862943149069 0.455031866322353484
-0.00883441448458563081 0.454132289795039445
-0.00874694503424319932 0.453235553777545486
-0.0086603416180625805 0.452341716496233004
-0.00857459566144810025 0.451450832674031022
-0.00848969867470108011 0.450562953719020665
-0.00840564225217928923 0.449678127917699844
-0.00832241807146463959 0.448796400630709191
-0.00824001789253924963 0.447917814489017518
-0.00815843355696956041 0.447042409588694345
-0.00807765698709857032 0.446170223682605283
-0.00799768018524611018 0.445301292367529022
-0.0079184952329169403 0.444435649265363664
-0.00784009429001676986 0.443573326197311379
-0.00776246959407600988 0.442714353350051493
-0.00768561345948119961 0.441858759433111536
-0.00760951827671405966 0.441006571826810578
-0.00753417651159807994 0.44015781672027493
-0.00745958070455255036 0.439312519239205224
-0.00738572346985401015 0.438470703563174691
-0.00731259749490495957 0.437632393032403533
-0.00724019553950986001 0.436797610243998602
-0.0071685104351582804 0.435966377137871952
-0.00709753508431512983 0.435138715072468263
-0.00702726245971794974 0.43431464489069499
-0.00695768560368113971 0.433494186976387086
-0.0068887976274070702 0.432677361301748831
-0.00682059171030402998 0.431864187466289962
-0.00675306109931092004 0.431054684727725623
-0.00668619910822863036 0.430248872025460694
-0.00661999911705805043 0.429446767997197332
-0.00655445457134459959 0.428648390989245398
-0.00648955898152931039 0.427853759061199768
-0.00642530592230624968 0.427062889985498906
-0.00636168903198637992 0.426275801242522789
-0.00629870201186770971 0.425492510011782787
-0.00623633862561158957 0.42471303315976755
-0.00617459269862534032 0.423937387225002849
-0.00611345811745082988 0.42316558840082219
-0.00605292882915924035 0.422397652516385835
-0.00599299884075172023 0.421633595016348783
-0.00593366221856606035 0.42087343093967422
-0.00587491308768917 0.420117174897954804
-0.00581674563137541019 0.419364841053610715
-0.00575915409047070021 0.418616443098336177
-0.00570213276284228018 0.417871994232016764
-0.00564567600281414006 0.417131507142492974
-0.00558977822060805971 0.416394993986285433
-0.00553443388179016005 0.415662466370573469
-0.00547963750672292998 0.414933935336550708
-0.00542538367002270028 0.414209411344309164
-0.00537166700002248039 0.41348890425935958
-0.00531848217824008006 0.412772423340871719
-0.00526582393885156007 0.412059977231701347
-0.00521368706816986022 0.411351573950227145
-0.0051620664041285803 0.410647220884005126
-0.00511095683577086988 0.409946924785273337
-0.00506035330274343022 0.409250691768217045
-0.00501025079479548024 0.408558527308011843
-0.00496064435128264983 0.407870436241565548
-0.00491152906067589008 0.407186422769877099
-0.00486290006007514004 0.406506490461971626
-0.00481475253472786035 0.405830642260289254
-0.00476708171755233986 0.40515888048744364
-0.00471988288866568 0.404491206854264596
-0.00467315137491650968 0.403827622469004666
-0.00462688254942229035 0.40316812784759315
-0.00458107183111117981 0.402512722924864508
-0.00453571468426848968 0.401861407066606335
-0.00449080661808762011 0.401214179082345135
-0.00444634318622535996 0.400571037238761862
-0.00440231998636175011 0.399931979273618676
-0.00435873265976411024 0.399297002410095081
-0.00431557689085554971 0.398666103371456859
-0.00427284840678766962 0.398039278395931007
-0.00423054297701750022 0.397416523251719445
-0.00418865641288861026 0.396797833252054533
-0.00414718456721644996 0.396183203270236928
-0.00410612333387767002 0.395572627754550543
-0.00406546864740364028 0.394966100743013193
-0.00402521648257786035 0.394363615877899643
-0.00398536285403747973 0.393765166419965784
-0.00394590381587870027 0.393170745262339971
-0.00390683546126602971 0.392580344944027548
-0.00386815392204558012 0.391993957663002157
-0.00382985536836195992 0.39141157528884607
-0.00379193600827916998 0.390833189374906687
-0.00375439208740512009 0.390258791169952879
-0.00371721988851991987 0.389688371629331176
-0.00368041573120784019 0.389121921425579276
-0.00364397597149290981 0.38855943095851414
-0.00360789700147812979 0.388000890364783801
-0.00357217524898825007 0.387446289526880872
-0.00353680717721609021 0.386895618081636417
-0.0035017892843723598 0.386348865428170984
-0.00346711810333897013 0.385806020735365129
-0.00343279020132571978 0.385267072948797251
-0.00339880217953040988 0.384732010797229906
-0.0033651506728023901 0.384200822798609842
-0.00333183234930929011 0.383673497265640984
-0.00329884391020722001 0.383150022310927041
-0.00326618208931407986 0.382630385851703059
-0.00323384365278622018 0.38211457561420642
-0.00320182539879823981 0.381602579137684417
-0.00317012415722597992 0.381094383778075751
-0.00313873678933265007 0.380589976711381839
-0.00310766018745806984 0.380089344936768159
-0.00307689127471096014 0.379592475279400543
-0.00304642700466432013 0.379099354393054089
-0.00301626436105378003 0.378609968762526783
-0.00298640035747899015 0.378124304705847292
-0.00295683203710791001 0.37764234837634364
-0.00292755647238406979 0.37716408576456617
-0.0028985707647366998 0.376689502700094547
-0.00286987204429375994 0.376218584853246218
-0.00284145746959778983 0.375751317736720047
-0.00281332422732454013 0.375287686707165224
-0.00278546953200449997 0.374827676966723866
-0.00275789062574702997 0.374371273564542972
-0.00273058477796735014 0.373918461398281832
-0.00270354928511619018 0.373469225215623479
-0.00267678147041207001 0.373023549615803363
-0.00265027868357630998 0.372581419051164597
-0.00262403830057060007 0.372142817828765904
-0.00259805772333722993 0.371707730112034174
-0.00257233437954181021 0.371276139922474713
-0.00254686572231862 0.370848031141444379
-0.00252164923001844 0.370423387512016367
-0.00249668240595884994 0.370002192640902061
-0.00247196277817707992 0.369584430000473863
-0.00244748789918523011 0.369170082930869448
-0.0024232553457279502 0.368759134642181408
-0.00239926271854251985 0.368351568216749137
-0.00237550764212130991 0.367947366611542426
-0.00235198776447654006 0.367546512660639091
-0.00232870075690746981 0.367148989077785759
-0.00230564431376977007 0.366754778459079223
-0.00228281615224729985 0.366363863285718683
-0.00226021401212604016 0.365976225926851917
-0.00223783565557033985 0.365591848642519368
-0.00221567886690131983 0.365210713586681612
-0.00219374145237754984 0.364832802810316048
-0.00217202123997776997 0.364458098264622443
-0.00215051607918590989 0.364086581804270559
-0.00212922384077812981 0.363718235190750694
-0.00210814241661201 0.363353040095761526
-0.0020872697194178301 0.362990978104693329
-0.00206660368259190983 0.362632030720141552
-0.0020461422599919901 0.362276179365494166
-0.00202588342573463984 0.361923405388551833
-0.00200582517399469987 0.36157369006520701
-0.00198596551880663016 0.361227014603159646
-0.00196630249386795007 0.360883360145645149
-0.00194683415234450999 0.360542707775227678
-0.00192755856667772992 0.360205038517589615
-0.00190847382839378992 0.359870333345347904
-0.00188957804791464994 0.359538573181890531
-0.00187086935437093997 0.359209738905211351
-0.00185234589541677006 0.358883811351761839
-0.00183400583704629999 0.358560771320290517
-0.0018158473634121799 0.358240599575691099
-0.00179786867664573011 0.357923276852823657
-0.00178006799667894009 0.357608783860344281
-0.00176244356106825006 0.35729710128449832
-0.0017449936248200501 0.356988209792900635
-0.00172771646021786991 0.356682090038296651
-0.00171061035665135992 0.356378722662283764
-0.00169367362044688997 0.356078088299002227
-0.00167690457469989 0.355780167578799877
-0.00166030155910880991 0.355484941131844479
-0.00164386292981070006 0.355192389591708235
-0.00162758705921851009 0.354902493598892921
-0.00161147233585991006 0.354615233804325247
-0.00159551716421773996 0.354330590872788176
-0.00157971996457201996 0.354048545486298327
-0.00156407917284358006 0.353769078347449195
-0.00154859324043919006 0.353492170182676979
-0.00153326063409820997 0.353217801745479065
-0.0015180798357408 0.352945953819569613
-0.00150304934231762 0.352676607221978577
-0.00148816766566100991 0.352409742806077952
-0.00147343333233763995 0.352145341464555617
-0.00145884488350260999 0.35188338413232545
-0.00144440087475506003 0.351623851789353181
-0.00143009987599511 0.351366725463440555
-0.00141594047128227999 0.351111986232923112
-0.0014019212586953299 0.35085961522931608
-0.00138804085019339995 0.350609593639876038
-0.00137429787147861 0.35036190271010148
-0.00136069096186000995 0.350116523746172081
-0.0013472187741188199 0.34987343811730548
-0.00133387997437507005 0.34963262725805877
-0.00132067324195551993 0.349394072670541789
-0.00130759726926288995 0.349157755926584545
-0.00129465076164642003 0.348923658669826664
-0.00128183243727369002 0.348691762617732659
-0.00126914102700365007 0.348462049563540932
-0.0012565752742610401 0.348234501378160533
-0.00124413393491191993 0.348009100011981265
-0.00123181577714051994 0.347785827496624456
-0.00121961958132723995 0.34756466594664287
-0.00120754413992795991 0.347345597561124597
-0.00119558825735441993 0.347128604625272119
-0.00118375074985586004 0.346913669511875189
-0.0011720304454018401 0.346700774682763391
-0.00116042618356618004 0.346489902690164553
-0.00114893681541206006 0.34628103617802003
-0.00113756120337827997 0.346074157883232647
-0.00112629822116660995 0.345869250636862469
-0.00111514675363031009 0.345666297365260111
-0.00110410569666367009 0.345465281091138665
-0.00109317395709273993 0.345266184934608256
-0.00108235045256706991 0.345068992114126005
-0.00107163411145255001 0.344873685947422459
-0.00106102387272528995 0.344680249852358733
-0.00105051868586663005 0.344488667347736033
-0.00104011751075904 0.34429892205405338
-0.00102981931758320991 0.344110997694220155
-0.00101962308671605002 0.343924878094215181
-0.00100952780862975005 0.343740547183704614
-0.000999532483791829972 0.343557988996608166
-0.000989636122566168053 0.343377187671624173
-0.000979837745115017976 0.34319812745270889
-0.000970136381301998029 0.343020792689514964
-0.000960531070596036974 0.342845167837786902
-0.000951020861976274983 0.342671237459720002
-0.00094160481383789602 0.342498986224267554
-0.000932281993898907051 0.342328398907429665
-0.000923051479107827992 0.342159460392487069
-0.000913912355552304952 0.341992155670206299
-0.000904863718368619039 0.341826469839008718
-0.000895904671652097973 0.341662388105109294
-0.000887034328368414035 0.341499895782611584
-0.000878251810265755998 0.341338978293585338
-0.000869556247787877951 0.341179621168096081
-0.000860946779987996954 0.341021810044218721
-0.000852422554443561949 0.34086553066802
-0.000843982727171842988 0.340710768893499216
-0.000835626462546380008 0.340557510682520326
-0.000827352933214236955 0.340405742104704201
-0.000819161320014095951 0.340255449337301008
-0.000811050811895144982 0.34010661866503622
-0.000803020605836777005 0.33995923647993298
-0.000795069906769085952 0.33981328928111193
-0.000787197927494144968 0.339668763674568386
-0.000779403888608063995 0.339525646372928924
-0.000771687018423826009 0.339383924195184372
-0.000764046552894877013 0.339243584066406256
-0.000756481735539482007 0.339104613017444934
-0.000748991817365823962 0.338966998184603852
-0.000741576056797845049 0.338830726809301652
-0.000734233719601826954 0.338695786237721119
-0.000726964078813690032 0.33856216392041999
-0.000719766414667019952 0.338429847411959583
-0.000712640014521802008 0.338298824370497575
-0.000705584172793862971 0.338169082557360168
-0.000698598190885013019 0.338040609836624206
-0.000691681377113875047 0.337913394174662707
-0.000684833046647399953 0.33778742363969283
-0.000678052521433069959 0.337662686401307477
-0.000671339130131752017 0.33753917072998979
-0.000664692208051240012 0.337416864996632926
-0.000658111097080435014 0.337295757672022578
-0.000651595145624193949 0.337175837326342986
-0.000645143708538805033 0.337057092628648192
-0.000638756147068124044 0.336939512346331127
-0.000632431828780320986 0.3368230853445911
-0.000626170127505267958 0.33670780058588784
-0.000619970423272542953 0.336593647129388218
-0.000613832102250042987 0.336480614130405475
-0.000607754556683210009 0.336368690839836948
-0.000601737184834862018 0.336257866603591138
-0.000595779390925605962 0.336148130862002958
-0.000589880585074857035 0.336039473149264301
-0.000584040183242433026 0.335931883092821404
-0.000578257607170726013 0.33582535041279471
-0.00057253228432745096 0.335719864921373512
-0.000566863647848961025 0.335615416522216325
-0.000561251136484120037 0.335511995209850589
-0.000555694194538733019 0.335409591069061319
-0.000550192271820528021 0.335308194274280325
-0.000544744823584681031 0.33520779508897508
-0.000539351310479882018 0.335108383865028281
-0.000534011198494932981 0.335009951042126664
-0.000528723958905874016 0.334912487147136728
-0.000523489068223636947 0.334815982793477962
-0.000518306008142215046 0.334720428680513493
-0.000513174265487341993 0.334625815592913434
-0.000508093332165684974 0.334532134400036929
-0.000503062705114539974 0.334439376055301607
-0.00049808188625201995 0.334347531595562575
-0.00049315038242774196 0.334256592140481756
-0.000488267705374002012 0.334166548891903947
-0.000483433371657427996 0.334077393133227707
-0.000478646902631116983 0.333989116228786631
-0.00047390782438724399 0.333901709623210918
-0.000469215667710143022 0.333815164840815026
-0.000464569968029844018 0.333729473484966455
-0.000459970265376083009 0.333644627237464575
-0.000455416104332756022 0.333560617857919461
-0.000450907033992827987 0.333477437183127612
-0.000446442607913690977 0.333395077126456885
-0.00044202238407296102 0.333313529677225828
-0.000437645924824714005 0.333232786900090505
-0.000433312796856152014 0.333152840934424599
-0.000429022571144704976 0.333073683993711234
-0.000424774822915549989 0.332995308364931797
-0.000420569131599553986 0.332917706407956038
-0.000416405080791637983 0.332840870554937385
-0.000412282258209541999 0.332764793309706985
-0.000408200255653012 0.33268946724717563
-0.000404158668963378997 0.332614885012730122
-0.000400157097983542989 0.332541039321639809
-0.00039619514651836001 0.332467922958462725
-0.000392272422295405012 0.332395528776451177
-0.00038838853692614399 0.332323849696971318
-0.000384543105867468974 0.332252878708905297
-0.000380735748383632998 0.332182608868080376
-0.000376966087508547021 0.332113033296682403
-0.000373233750008462992 0.332044145182683437
-0.000369538366345013012 0.331975937779261876
-0.000365879570638625977 0.33190840440424324
-0.000362257000632303019 0.331841538439520967
-0.000358670297655745978 0.331775333330501077
-0.000355119106589847015 0.331709782585537127
-0.000351603075831532 0.331644879775373769
-0.000348121857258942987 0.33158061853259585
-0.000344675106196972998 0.33151699255107564
-0.000341262481383142007 0.33145399558542249
-0.000337883644933803008 0.331391621450446983
-0.000334538262310696982 0.33132986402061293
-0.000331226002287817996 0.331268717229504517
-0.000327946536918632026 0.331208175069298894
-0.000324699541503595994 0.331148231590221054
-0.000321484694558016001 0.331088880900038185
-0.000318301677780214007 0.331030117163519488
-0.000315150176020013984 0.330971934601927031
-0.000312029877247537975 0.330914327492502103
-0.000308940472522315011 0.330857290167947071
-0.000305881655962688011 0.330800817015921067
-0.000302853124715532994 0.330744902478538216
-0.000299854578926269993 0.330689541051861435
-0.000296885721709177976 0.330634727285413155
-0.000293946259117998008 0.330580455781674554
-0.000291035900116830011 0.330526721195602002
-0.000288154356551317001 0.330473518234140451
-0.00028530134312011599 0.330420841655735764
-0.000282476577346648988 0.330368686269863987
-0.000279679779551138014 0.330317046936554393
-0.00027691067282290899 0.330265918565914751
-0.000274168982992978988 0.330215296117666868
-0.000271454438606909981 0.330165174600687228
-0.000268766770897929999 0.330115549072539705
-0.00026610571376032698 0.330066414639022754
-0.000263471003723095981 0.330017766453713446
-0.000260862379923857996 0.329969599717528206
-0.000258279584083026992 0.329921909678264347
-0.000255722360478245021 0.329874691630168193
-0.000253190455919054009 0.3298279409134941
-0.000250683619721835994 0.329781652914064582
-0.000248201603684985984 0.329735823062850097
-0.000245744162064343008 0.32969044683553278
-0.000243311051548853987 0.329645519752083116
-0.000240902031236488987 0.32960103737634816
-0.000238516862610385009 0.329556995315624379
-0.000236155309515232988 0.329513389220251862
-0.000233817138133894013 0.329470214783198823
-0.000231502116964251998 0.32942746773966175
-0.000229210016796289006 0.32938514386665857
-0.000226940610689394987 0.329343238982629849
-0.000224693673949896011 0.329301748947043338
-0.000222468984108808006 0.329260669660003946
-0.000220266320899810002 0.329219997061861003
-0.000218085466237434995 0.32917972713282434
-0.000215926204195480991 0.329139855892584932
-0.000213788320985624006 0.329100379399929532
-0.000211671604936261999 0.329061293752373363
-0.000209575846471545999 0.329022595085781744
-0.000207500838090639994 0.328984279574000837
-0.000205446374347168008 0.328946343428499099
-0.000203412251828878995 0.328908782897999297
-0.000201398269137503989 0.328871594268116629
-0.000199404226868816001 0.328834773861012786
-0.000197429927592886992 0.328798318035030457
-0.000195475175834541989 0.328762223184357605
-0.000193539778054002009 0.328726485738668472
-0.000191623542627725012 0.328691102162789017
-0.000189726279829430006 0.328656068956352188
-0.000187847801811316987 0.328621382653464467
-0.000185987922585461999 0.328587039822368476
-0.000184146458005408009 0.328553037065113518
-0.000182323225747928999 0.328519371017226225
-0.000180518045294979012 0.328486038347391041
-0.000178730737915820995 0.328453035757122591
-0.00017696112664932799 0.328420359980447718
-0.000175209036286462993 0.328388007783591895
-0.000173474293352933999 0.328355975964661984
-0.000171756726092014002 0.328324261353344082
-0.000170056164447537997 0.328292860810585563
-0.000168372440047068005 0.32826177122829775
-0.000166705386185215002 0.328230989529053663
-0.000165054837807144009 0.328200512665786648
-0.000163420631492221989 0.328170337621497166
-0.000161802605437842988 0.328140461408955475
-0.000160200599443408991 0.32811088107041736
-0.000158614454894464988 0.32808159367733053
-0.000157044014746995003 0.328052596330053514
-0.000155489123511875994 0.328023886157567002
-0.000153949627239480989 0.327995460317202947
-0.000152425373504436992 0.327967315994363073
-0.000150916211390530992 0.327939450402241761
-0.000149421991475773991 0.327911860781559206
-0.00014794256581759799 0.327884544400285749
-0.000146477787938216003 0.327857498553384308
-0.000145027512810113999 0.327830720562535149
-0.000143591596841697011 0.327804207775884593
-0.000142169897863067004 0.327777957567777889
-0.000140762275111947009 0.327751967338505534
-0.000139368589219749988 0.327726234514049031
-0.00013798870219777201 0.327700756545827532
-0.000136622477423536991 0.327675530910453705
-0.000135269779627263987 0.327650555109475605
-0.000133930474878479001 0.32762582666914225
-0.000132604430572751992 0.327601343140158041
-0.000131291515418565996 0.327577102097440009
-0.000129991599424323013 0.327553101139881897
-0.000128704553885468001 0.327529337890121675
-0.000127430251371750988 0.327505809994300123
-0.000126168565714605005 0.327482515121840234
-0.000124919371994658006 0.327459450965207566
-0.000123682546529363987 0.32743661523969475
-0.000122457966860757008 0.327414005683186737
-0.000121245511743323995 0.327391620055944965
-0.000120045061132003004 0.327369456140384762
-0.000118856496170299998 0.327347511740857744
-0.000117679699178514994 0.327325784683439314
-0.000116514553642094006 0.3273042728157044
-0.000115360944200092996 0.327282974006529837
-0.000114218756633755998 0.327261886145872483
-0.000113087877855203999 0.32724100714457377
-0.000111968195896240997 0.327220334934137713
-0.000110859599897269003 0.32719986746654206
-0.000109761980096306002 0.327179602714030682
-0.000108675227818123997 0.327159538668913008
-0.000107599235463489999 0.327139673343367909
-0.000106533896498504994 0.32712000476924552
-0.000105479105444064 0.327100530997877614
-0.000104434757865410005 0.327081250099881815
-0.000103400750361791995 0.327062160164970139
-0.00010237698055623 0.327043259301766698
-0.000101363347085375996 0.327024545637613961
-0.000100359749589481 0.327006017318395181
-9.93660887024564013e-05 0.326987672508342153
-9.83822660420361058e-05 0.32696950938986441
-9.74081842000357038e-05 0.326951526163362927
-9.64437467327085974e-05 0.326933721047053538
-9.54888581511966058e-05 0.326916092276794912
-9.45434239120758989e-05 0.326898638105908967
-9.36073504079959002e-05 0.326881356805012069
-9.26805449584117982e-05 0.326864246661842606
-9.17629158004076964e-05 0.326847305981093406
-9.08543720796115955e-05 0.326830533084241037
-8.99548238411996051e-05 0.326813926309385105
-8.90641820209896976e-05 0.326797484011079387
-8.81823584366234984e-05 0.326781204560169791
-8.73092657788352062e-05 0.326765086343635991
-8.64448176028071e-05 0.326749127764432046
-8.55889283196109959e-05 0.326733327241322591
-8.47415131877335946e-05 0.326717683208736565
-8.39024883046868031e-05 0.326702194116602729
-8.30717705986998051e-05 0.326686858430200011
-8.22492778204948045e-05 0.326671674630010456
-8.14349285351433934e-05 0.326656641211560128
-8.0628642114003395e-05 0.326641756685276952
-7.98303387267360043e-05 0.326627019576343103
-7.90399393334019956e-05 0.326612428424541912
-7.82573656766355984e-05 0.326597981784124025
-7.74825402738965992e-05 0.326583678223659357
-7.67153864097985946e-05 0.326569516325888487
-7.59558281285135044e-05 0.326555494687599313
-7.52037902262510036e-05 0.326541611919467178
-7.44591982438128991e-05 0.326527866645936915
-7.37219784592207044e-05 0.326514257505074734
-7.29920578804165056e-05 0.326500783148436891
-7.22693642380361036e-05 0.326487442240933623
-7.15538259782536051e-05 0.326474233460704533
-7.08453722556965949e-05 0.326461155498979583
-7.01439329264322964e-05 0.326448207059950923
-6.94494385410221053e-05 0.326435386860648491
-6.87618203376456059e-05 0.326422693630812277
-6.80810102352927033e-05 0.3264101261127621
-6.74069408270225014e-05 0.326397683061275812
-6.67395453732896052e-05 0.326385363243467397
-6.60787577953362063e-05 0.326373165438663626
-6.54245126686496954e-05 0.326361088438284541
-6.47767452164849068e-05 0.326349131045718999
-6.41353913034503983e-05 0.326337292076211205
-6.35003874291587944e-05 0.326325570356741534
-6.28716707219394025e-05 0.326313964725910399
-6.2249178932613199e-05 0.326302474033825118
-6.16328504283298982e-05 0.326291097141980235
-6.10226241864652975e-05 0.326279832923152491
-6.04184397885794991e-05 0.326268680261283361
-5.98202374144351029e-05 0.326257638051371035
-5.92279578360743994e-05 0.32624670519935739
-5.86415424119547982e-05 0.32623588062202874
-5.80609330811434002e-05 0.32622516324689721
-5.74860723575677031e-05 0.326214552012100589
-5.69169033243245028e-05 0.326204045866297532
-5.63533696280440002e-05 0.326193643768560138
-5.57954154733108967e-05 0.326183344688273591
-5.52429856171395031e-05 0.326173147605033908
-5.46960253635045022e-05 0.326163051508542801
-5.41544805579252032e-05 0.326153055398515468
-5.36182975821042023e-05 0.3261431582845708
-5.30874233486179975e-05 0.326133359186144556
-5.25618052956613996e-05 0.326123657132383282
-5.20413913818430031e-05 0.326114051162054941
-5.15261300810326977e-05 0.326104540323444769
-5.10159703772600979e-05 0.326095123674271736
-5.05108617596634006e-05 0.326085800281587179
-5.00107542174885026e-05 0.326076569221686263
-4.95155982351371985e-05 0.326067429580013834
-4.90253447872645001e-05 0.326058380451075103
-4.85399453339252997e-05 0.326049420938347045
-4.80593518157676011e-05 0.326040550154189868
-4.75835166492748028e-05 0.326031767219750301
-4.71123927220542976e-05 0.326023071264892494
-4.66459333881725978e-05 0.326014461428092928
-4.61840924635371967e-05 0.326005936856365364
-4.57268242213239998e-05 0.325997496705174084
-4.52740833874495e-05 0.325989140138348288
-4.4825825136088598e-05 0.325980866328007157
-4.4382005085236197e-05 0.325972674454461597
-4.39425792923131005e-05 0.325964563706152677
-4.35075042498148993e-05 0.325956533279556482
-4.30767368810049033e-05 0.325948582379108565
-4.26502345356484028e-05 0.325940710217129503
-4.22279549857905003e-05 0.32593291601374097
-4.1809856421574702e-05 0.325925198996789622
-4.13958974471036981e-05 0.325917558401777219
-4.09860370763402994e-05 0.325909993471770243
-4.0580234729049797e-05 0.325902503457341675
-4.01784502267819974e-05 0.325895087616487555
-3.97806437888931013e-05 0.325887745214549607
-3.9386776028607001e-05 0.325880475524153723
-3.89968079491157977e-05 0.325873277825128815
-3.86107009397185986e-05 0.325866151404438031
-3.82284167719987015e-05 0.325859095556109424
-3.78499175960382992e-05 0.325852109581165617
-3.74751659366715989e-05 0.325845192787551308
-3.71041246897738013e-05 0.325838344490068155
-3.67367571185878985e-05 0.325831564010304886
-3.63730268500871007e-05 0.325824850676574684
-3.60128978713733001e-05 0.325818203823840469
-3.56563345261122001e-05 0.32581162279365633
-3.53033015110021977e-05 0.325805106934095812
-3.49537638722793973e-05 0.325798655599695175
-3.46076870022568025e-05 0.325792268151380737
-3.42650366358978996e-05 0.325785943956413304
-3.39257788474235983e-05 0.325779682388319058
-3.35898800469540995e-05 0.32577348282683205
-3.32573069771822978e-05 0.325767344657830138
-3.29280267100813992e-05 0.325761267273274313
-3.26020066436450023e-05 0.325755250071151303
-3.22792144986583986e-05 0.325749292455407624
-3.19596183155034021e-05 0.325743393835899175
-3.16431864509933997e-05 0.325737553628323351
-3.1329887575240997e-05 0.325731771254169411
-3.10196906685554987e-05 0.325726046140654979
-3.07125650183717979e-05 0.325720377720673249
-3.04084802162097005e-05 0.325714765432734199
-3.01074061546630007e-05 0.325709208720912136
-2.98093130244187994e-05 0.325703707034783851
-2.9514171311305801e-05 0.325698259829385495
-2.92219517933721006e-05 0.325692866565144179
-2.89326255379920987e-05 0.32568752670783685
-2.86461638990021005e-05 0.325682239728531886
-2.83625385138635003e-05 0.325677005103534367
-2.80817213008549016e-05 0.325671822314341053
-2.78036844562919992e-05 0.325666690847581264
-2.75284004517743014e-05 0.325661610194973694
-2.72558420314597006e-05 0.325656579853269013
-2.69859822093659985e-05 0.325651599324202179
-2.67187942666989987e-05 0.32564666811444698
-2.64542517492069008e-05 0.325641785735561629
-2.61923284645613015e-05 0.325636951703942745
-2.59329984797637017e-05 0.325632165540779672
-2.56762361185778991e-05 0.325627426772001072
-2.54220159589880016e-05 0.32562273492823407
-2.51703128306812012e-05 0.32561808954475574
-2.49211018125557014e-05 0.325613490161444197
-2.46743582302531001e-05 0.325608936322737352
-2.44300576537160009e-05 0.325604427577584232
-2.41881758947683003e-05 0.325599963479400623
-2.39486890047211006e-05 0.325595543586031766
-2.37115732720010983e-05 0.325591167459694963
-2.34768052198029989e-05 0.325586834666947988
-2.32443616037654005e-05 0.325582544778643068
-2.30142194096687006e-05 0.32557829736987981
-2.27863558511570993e-05 0.325574092019969508
-2.25607483674823002e-05 0.325569928312390122
-2.23373746212695995e-05 0.325565805834741262
-2.21162124963065003e-05 0.325561724178714762
-2.18972400953529997e-05 0.325557682940040116
-2.16804357379733005e-05 0.325553681718457111
-2.14657779583894016e-05 0.325549720117662034
-2.12532455033557984e-05 0.325545797745285248
-2.10428173300552997e-05 0.325541914212839845
-2.08344726040151004e-05 0.325538069135684893
-2.06281906970446994e-05 0.325534262132992747
-2.04239511851927007e-05 0.325530492827706019
-2.02217338467255015e-05 0.325526760846502838
-2.00215186601242013e-05 0.325523065819757096
-1.98232858021031986e-05 0.325519407381507586
-1.96270156456467014e-05 0.325515785169414207
-1.94326887580661003e-05 0.325512198824727927
-1.92402858990753004e-05 0.325508647992251654
-1.90497880188864993e-05 0.325505132320307755
-1.88611762563232009e-05 0.325501651460700314
-1.86744319369537008e-05 0.325498205068683988
-1.84895365712413014e-05 0.325494792802926425
-1.83064718527141012e-05 0.325491414325477679
-1.81252196561526013e-05 0.325488069301733796
-1.79457620357947005e-05 0.325484757400405722
-1.77680812235591014e-05 0.325481478293484783
-1.7592159627286199e-05 0.325478231656211092
-1.74179798289962014e-05 0.32547501716704158
-1.72455245831646016e-05 0.325471834507621127
-1.7074776815014501e-05 0.325468683362741373
-1.69057196188261997e-05 0.325465563420319237
-1.67383362562636014e-05 0.325462474371366939
-1.65726101547164007e-05 0.325459415909947591
-1.64085249056598003e-05 0.3254563877331626
-1.62460642630294986e-05 0.325453389541109583
-1.60852121416134014e-05 0.325450421036856952
-1.59259526154587999e-05 0.325447481926414817
-1.57682699162957983e-05 0.325444571918705294
-1.56121484319761005e-05 0.325441690725531751
-1.54575727049268015e-05 0.325438838061552771
-1.53045274306205994e-05 0.325436013644253452
-1.51529974560600001e-05 0.325433217193916824
-1.50029677782772008e-05 0.325430448433595754
-1.48544235428487004e-05 0.32542770708908586
-1.47073500424244997e-05 0.325424992888899589
-1.45617327152717994e-05 0.32542230556423779
-1.44175571438334007e-05 0.325419644848961798
-1.42748090533003992e-05 0.325417010479572499
-1.41334743101984002e-05 0.325414402195176256
-1.39935389209885998e-05 0.325411819737466135
-1.38549890306817003e-05 0.325409262850692271
-1.37178109214670992e-05 0.325406731281638106
-1.35819910113534993e-05 0.32540422477959563
-1.34475158528252997e-05 0.325401743096338514
-1.33143721315102007e-05 0.325399285986099518
-1.31825466648616005e-05 0.325396853205544456
-1.30520264008530001e-05 0.325394444513750936
-1.29227984166862004e-05 0.325392059672179768
-1.27948499175111001e-05 0.325389698444658593
-1.26681682351594999e-05 0.325387360597348907
-1.25427408268906008e-05 0.325385045898732184
-1.24185552741491e-05 0.325382754119578621
-1.22955992813357002e-05 0.325380485032934819
-1.21738606745897999e-05 0.325378238414090026
-1.20533274005839993e-05 0.325376014040560047
-1.19339875253307003e-05 0.325373811692062143
-1.18158292330007006e-05 0.325371631150500384
-1.16988408247531008e-05 0.325369472199935228
-1.15830107175774e-05 0.325367334626564364
-1.14683274431459002e-05 0.325365218218706787
-1.13547796466791004e-05 0.325363122766774204
-1.12423560858208994e-05 0.325361048063255776
-1.11310456295256001e-05 0.325358993902696569
-1.10208372569561003e-05 0.325356960081674085
-1.09117200563921999e-05 0.325354946398782541
-1.08036832241505996e-05 0.325352952654607841
-1.06967160635155e-05 0.325350978651714695
-1.05908079836787005e-05 0.325349024194621195
-1.04859484986918e-05 0.325347089089778607
-1.03821272264274996e-05 0.325345173145559385
-1.02793338875520001e-05 0.325343276172233575
-1.01775583045069002e-05 0.325341397981944891
-1.00767904005018998e-05 0.325339538388703386
-9.97702019851673937e-06 0.325337697208358867
-9.87823782031360051e-06 0.325335874258583457
-9.7804334854590095e-06 0.325334069358856226
-9.68359751035546033e-06 0.325332282330445144
-9.58772030728262926e-06 0.325330512996384047
-9.49279238344815072e-06 0.32532876118146431
-9.39880434004766994e-06 0.325327026712209866
-9.30574687133432982e-06 0.325325309416862496
-9.21361076369734989e-06 0.32532360912536501
-9.12238689474985984e-06 0.32532192566934548
-9.03206623242559996e-06 0.325320258882097979
-8.94263983408475075e-06 0.325318608598568371
-8.85409884562847008e-06 0.325316974655335878
-8.76643450062224971e-06 0.325315356890600094
-8.67963811942797079e-06 0.3253137551441595
-8.59370110834451941e-06 0.325312169257402306
-8.50861495875695056e-06 0.325310599073288687
-8.42437124629401049e-06 0.325309044436327799
-8.34096162999407013e-06 0.32530750519257412
-8.25837785147927984e-06 0.325305981189604798
-8.17661173413789971e-06 0.325304472276507162
-8.0956551823147495e-06 0.325302978303862955
-8.0155001805096597e-06 0.32530149912373052
-7.93613879258382024e-06 0.325300034589636466
-7.85756316097407956e-06 0.325298584556560189
-7.77976550591492957e-06 0.32529714888090977
-7.70273812466824947e-06 0.325295727420523373
-7.62647339076063981e-06 0.325294320034639706
-7.55096375322836041e-06 0.325292926583898134
-7.4762017358696603e-06 0.325291546930312259
-7.40217993650460982e-06 0.325290180937265638
-7.32889102624219011e-06 0.325288828469493752
-7.25632774875465019e-06 0.325287489393073059
-7.18448291955906035e-06 0.325286163575401022
-7.11334942530600015e-06 0.325284850885195542
-7.04292022307524038e-06 0.325283551192468268
-6.97318833967846042e-06 0.325282264368523921
-6.90414687096876987e-06 0.325280990285934601
-6.83578898115720042e-06 0.325279728818540226
-6.76810790213584007e-06 0.325278479841426438
-6.70109693280775982e-06 0.325277243230919499
-6.63474943842353019e-06 0.325276018864567695
-6.56905884992428028e-06 0.325274806621130341
-6.50401866329137038e-06 0.325273606380571179
-6.43962243890234972e-06 0.325272418024040444
-6.3758638008934099e-06 0.325271241433864933
-6.3127364365281303e-06 0.325270076493537841
-6.25023409557241005e-06 0.325268923087704998
-6.18835058967565036e-06 0.325267781102156317
-6.12707979175807016e-06 0.325266650423810477
-6.06641563540402976e-06 0.325265530940707037
-6.00635211426140997e-06 0.325264422541993947
-5.94688328144693989e-06 0.325263325117918334
-5.88800324895737013e-06 0.325262238559810457
-5.82970618708650997e-06 0.325261162760081213
-5.77198632384803034e-06 0.325260097612203036
-5.71483794440399015e-06 0.325259043010705406
-5.65825539049899967e-06 0.325257998851162744
-5.6022330598999997e-06 0.325256965030180978
-5.54676540584158034e-06 0.325255941445392494
-5.49184693647680976e-06 0.325254927995442089
-5.43747221433347966e-06 0.325253924579976039
-5.38363585577572013e-06 0.325252931099639153
-5.33033253047101011e-06 0.325251947456058066
-5.27755696086239032e-06 0.325250973551830802
-5.22530392164593029e-06 0.325250009290522668
-5.17356823925339032e-06 0.325249054576654539
-5.12234479133999015e-06 0.325248109315689871
-5.07162850627722005e-06 0.325247173414031865
-5.02141436265071031e-06 0.325246246779006931
-4.97169738876307973e-06 0.325245329318861409
-4.92247266214166036e-06 0.325244420942748802
-4.8737353090511503e-06 0.32524352156072367
-4.8254805040110396e-06 0.325242631083730416
-4.77770346931785991e-06 0.325241749423594961
-4.73039947457214032e-06 0.325240876493018083
-4.68356383621003964e-06 0.325240012205561313
-4.63719191703965009e-06 0.325239156475646496
-4.59127912578183001e-06 0.325238309218540134
-4.54582091661566994e-06 0.325237470350347113
-4.50081278872839029e-06 0.325236639788007154
-4.45625028586969021e-06 0.325235817449276654
-4.4121289959105798e-06 0.325235003252732691
-4.36844455040652034e-06 0.325234197117752311
-4.32519262416486992e-06 0.325233398964515141
-4.28236893481669989e-06 0.325232608713990234
-4.23996924239277011e-06 0.32523182628792846
-4.1979893489037403e-06 0.325231051608857125
-4.15642509792449031e-06 0.325230284600068753
-4.1152723741826696e-06 0.325229525185614488
-4.07452710315114993e-06 0.325228773290300976
-4.03418525064470973e-06 0.325228028839677941
-3.99424282242049969e-06 0.325227291760031567
-3.95469586378267998e-06 0.325226561978377959
-3.91554045919076998e-06 0.32522583942245642
-3.87677273187205024e-06 0.325225124020722289
-3.83838884343767022e-06 0.325224415702338343
-3.8003849935026401e-06 0.325223714397169794
-3.7627574193095499e-06 0.325223020035774524
-3.7255023953559898e-06 0.325222332549399973
-3.68861623302572995e-06 0.325221651869973316
-3.6520952802235002e-06 0.325220977930095356
-3.61593592101335998e-06 0.325220310663038248
-3.58013457526075993e-06 0.325219650002727123
-3.54468769827797988e-06 0.325218995883749418
-3.50959178047323992e-06 0.325218348241334332
-3.4748433470032098e-06 0.325217707011356216
-3.44043895742892e-06 0.325217072130320972
-3.4063752053751698e-06 0.325216443535367383
-3.37264871819324e-06 0.325215821164254903
-3.33925615662697012e-06 0.325215204955356774
-3.30619421448214997e-06 0.325214594847659466
-3.27345961829914994e-06 0.325213990780751638
-3.24104912702886983e-06 0.325213392694823411
-3.20895953171174988e-06 0.325212800530651769
-3.17718765516014984e-06 0.325212214229607055
-3.1457303516437102e-06 0.325211633733632544
-3.11458450657792986e-06 0.325211058985253598
-3.08374703621576995e-06 0.325210489927558022
-3.05321488734235012e-06 0.325209926504201885
-3.02298503697262002e-06 0.325209368659397036
-2.99305449205210001e-06 0.325208816337910156
-2.96342028916050013e-06 0.325208269485049994
-2.93407949421830997e-06 0.325207728046672029
-2.90502920219634984e-06 0.325207191969165144
-2.87626653682807004e-06 0.325206661199448521
-2.84778865032481997e-06 0.3252061356849687
-2.81959272309388009e-06 0.325205615373692303
-2.7916759634592901e-06 0.325205100214099041
-2.76403560738544003e-06 0.325204590155183271
-2.73666891820339982e-06 0.325204085146439337
-2.70957318634000008e-06 0.325203585137864182
-2.68274572904950985e-06 0.325203090079950408
-2.65618389014802989e-06 0.325202599923679891
-2.62988503975051995e-06 0.325202114620518234
-2.60384657401041991e-06 0.325201634122415983
-2.57806591486179986e-06 0.32520115838179442
-2.5525405097641601e-06 0.325200687351550444
-2.52726783144965995e-06 0.325200220985043531
-2.5022453776729301e-06 0.325199759236096841
-2.47747067096330019e-06 0.325199302058991391
-2.4529412583795002e-06 0.325198849408459223
-2.42865471126683006e-06 0.325198401239682133
-2.40460862501667011e-06 0.325197957508285007
-2.38080061882838007e-06 0.325197518170331545
-2.35722833547364985e-06 0.325197083182322433
-2.33388944106302003e-06 0.325196652501185179
-2.31078162481487006e-06 0.325196226084278173
-2.28790259882660002e-06 0.325195803889379464
-2.26525009784811997e-06 0.325195385874686493
-2.24282187905755017e-06 0.325194971998808757
-2.22061572183915017e-06 0.325194562220768313
-2.19862942756352014e-06 0.325194156499991394
-2.1768608193698198e-06 0.325193754796305023
-2.1553077419503201e-06 0.325193357069934241
-2.13396806133695002e-06 0.325192963281499769
-2.11283966469005001e-06 0.325192573392011852
-2.09192046008915989e-06 0.325192187362864094
-2.07120837632589981e-06 0.325191805155837066
-2.05070136269890994e-06 0.325191426733083377
-2.03039738881080018e-06 0.325191052057138386
-2.01029444436713014e-06 0.325190681090900324
-1.99039053897736021e-06 0.325190313797639519
-1.97068370195778006e-06 0.325189950140990947
-1.95117198213640985e-06 0.325189590084945579
-1.93185344765981991e-06 0.325189233593853155
-1.91272618580180004e-06 0.325188880632417188
-1.89378830277405989e-06 0.325188531165688188
-1.87503792353867004e-06 0.325188185159068777
-1.85647319162244998e-06 0.325187842578293307
-1.83809226893311006e-06 0.325187503389446131
-1.81989333557733999e-06 0.325187167558941115
-1.80187458968054004e-06 0.325186835053527579
-1.78403424720844996e-06 0.325186505840283302
-1.76637054179054994e-06 0.325186179886609916
-1.74888172454508993e-06 0.325185857160236014
-1.73156606390602996e-06 0.325185537629207322
-1.71442184545152001e-06 0.325185221261884372
-1.69744737173418004e-06 0.32518490802694433
-1.68064096211305009e-06 0.325184597893371119
-1.66400095258716995e-06 0.325184290830459133
-1.64752569563086996e-06 0.325183986807806025
-1.6312135600305601e-06 0.325183685795306432
-1.61506293072332992e-06 0.325183387763158915
-1.59907220863695994e-06 0.325183092681852803
-1.58323981053163994e-06 0.325182800522173687
-1.56756416884320994e-06 0.325182511255191486
-1.55204373152793007e-06 0.32518222485226661
-1.5366769619088401e-06 0.325181941285040466
-1.52146233852361007e-06 0.325181660525436622
-1.50639835497387004e-06 0.325181382545656483
-1.4914835197761101e-06 0.325181107318176454
-1.47671635621397007e-06 0.325180834815745834
-1.4620954021920501e-06 0.325180565011382927
-1.44761921009113009e-06 0.325180297878374824
-1.43328634662489001e-06 0.325180033390271905
-1.41909539269790995e-06 0.325179771520883509
-1.40504494326525003e-06 0.325179512244285207
-1.39113360719331997e-06 0.325179255534803369
-1.37736000712210003e-06 0.325179001367021436
-1.36372277932881004e-06 0.325178749715772819
-1.35022057359288007e-06 0.325178500556141725
-1.33685205306225998e-06 0.325178253863457278
-1.32361589412105009e-06 0.325178009613294405
-1.31051078625846993e-06 0.325177767781470395
-1.29753543193907002e-06 0.325177528344040179
-1.2846885464743301e-06 0.325177291277294389
-1.27196885789537996e-06 0.325177056557763688
-1.25937510682710996e-06 0.325176824162206057
-1.24690604636347009e-06 0.325176594067612179
-1.23456044194403005e-06 0.325176366251200388
-1.22233707123170993e-06 0.325176140690413396
-1.21023472399179992e-06 0.32517591736291801
-1.19825220197207996e-06 0.325175696246602808
-1.18638831878423007e-06 0.325175477319573247
-1.17464189978636992e-06 0.325175260560153778
-1.16301178196670005e-06 0.325175045946882901
-1.15149681382841992e-06 0.325174833458510559
-1.14009585527566009e-06 0.325174623073998692
-1.12880777750065009e-06 0.325174414772515408
-1.11763146287194005e-06 0.325174208533437148
-1.1065658048236999e-06 0.32517400433634458
-1.09560970774623994e-06 0.325173802161018821
-1.08476208687745994e-06 0.325173601987440886
-1.07402186819550995e-06 0.325173403795795013
-1.06338798831237993e-06 0.325173207566453792
-1.05285939436870009e-06 0.32517301327999043
-1.04243504392940005e-06 0.325172820917168037
-1.03211390488060009e-06 0.325172630458939571
-1.02189495532731992e-06 0.325172441886447505
-1.01177718349240007e-06 0.325172255181022885
-1.0017595876162399e-06 0.325172070324177442
1.0017595876162399e-06 0.325135099183140819
1.01177718349240007e-06 0.325134914328578661
1.02189495532731992e-06 0.325134727625483955
1.03211390488060009e-06 0.325134539055368599
1.04243504392940005e-06 0.325134348599565637
1.05285939436870009e-06 0.325134156239216487
1.06338798831237993e-06 0.325133961955275219
1.07402186819550995e-06 0.325133765728507884
1.08476208687745994e-06 0.325133567539486801
1.09560970774623994e-06 0.325133367368588055
1.1065658048236999e-06 0.325133165195994167
1.11763146287194005e-06 0.325132961001688259
1.12880777750065009e-06 0.325132754765453502
1.14009585527566009e-06 0.325132546466870953
1.15149681382841992e-06 0.32513233608531722
1.16301178196670005e-06 0.325132123599962686
1.17464189978636992e-06 0.325131908989769625
1.18638831878423007e-06 0.325131692233491754
1.19825220197207996e-06 0.325131473309665353
1.21023472399179992e-06 0.325131252196617315
1.22233707123170993e-06 0.325131028872456429
1.23456044194403005e-06 0.325130803315069161
1.24690604636347009e-06 0.325130575502126318
1.25937510682710996e-06 0.325130345411071608
1.27196885789537996e-06 0.325130113019124534
1.2846885464743301e-06 0.325129878303276665
1.29753543193907002e-06 0.325129641240287481
1.31051078625846993e-06 0.325129401806688478
1.32361589412105009e-06 0.325129159978773064
1.33685205306225998e-06 0.325128915732598389
1.35022057359288007e-06 0.325128669043982355
1.36372277932881004e-06 0.325128419888499498
1.37736000712210003e-06 0.325128168241483939
1.39113360719331997e-06 0.32512791407801972
1.40504494326525003e-06 0.325127657372942525
1.41909539269790995e-06 0.325127398100837184
1.43328634662489001e-06 0.325127136236033842
1.44761921009113009e-06 0.325126871752605628
1.4620954021920501e-06 0.325126604624366267
1.47671635621397007e-06 0.325126334824869967
1.4914835197761101e-06 0.325126062327402376
1.50639835497387004e-06 0.325125787104985575
1.52146233852361007e-06 0.32512550913037136
1.5366769619088401e-06 0.325125228376035691
1.55204373152793007e-06 0.325124944814183803
1.56756416884320994e-06 0.325124658416742485
1.58323981053163994e-06 0.325124369155352699
1.59907220863695994e-06 0.325124077001377854
1.61506293072332992e-06 0.325123781925891753
1.6312135600305601e-06 0.32512348389968182
1.64752569563086996e-06 0.325123182893238494
1.66400095258716995e-06 0.325122878876762222
1.68064096211305009e-06 0.325122571820152473
1.69744737173418004e-06 0.325122261693008563
1.71442184545152001e-06 0.325121948464627386
1.73156606390602996e-06 0.325121632103994307
1.74888172454508993e-06 0.325121312579789268
1.76637054179054994e-06 0.325120989860376797
1.78403424720844996e-06 0.325120663913805619
1.80187458968054004e-06 0.325120334707804992
1.81989333557733999e-06 0.325120002209781711
1.83809226893311006e-06 0.32511966638681461
1.85647319162244998e-06 0.325119327205656339
1.87503792353867004e-06 0.325118984632726982
1.89378830277405989e-06 0.325118638634107227
1.91272618580180004e-06 0.325118289175542863
1.93185344765981991e-06 0.325117936222433068
1.95117198213640985e-06 0.325117579739836016
1.97068370195778006e-06 0.325117219692455661
1.99039053897736021e-06 0.325116856044644853
2.01029444436713014e-06 0.325116488760401834
2.03039738881080018e-06 0.325116117803362858
2.05070136269890994e-06 0.325115743136799695
2.07120837632589981e-06 0.325115364723619016
2.09192046008915989e-06 0.325114982526354401
2.11283966469005001e-06 0.325114596507167342
2.13396806133695002e-06 0.325114206627839963
2.1553077419503201e-06 0.325113812849770645
2.1768608193698198e-06 0.325113415133972516
2.19862942756352014e-06 0.325113013441070853
2.22061572183915017e-06 0.325112607731296743
2.24282187905755017e-06 0.325112197964479599
2.26525009784811997e-06 0.325111784100051759
2.28790259882660002e-06 0.325111366097038057
2.31078162481487006e-06 0.325110943914053374
2.33388944106302003e-06 0.325110517509299424
2.35722833547364985e-06 0.325110086840560808
2.38080061882838007e-06 0.325109651865197746
2.40460862501667011e-06 0.325109212540145354
2.42865471126683006e-06 0.325108768821908534
2.4529412583795002e-06 0.325108320666555983
2.47747067096330019e-06 0.325107868029719582
2.5022453776729301e-06 0.325107410866584956
2.52726783144965995e-06 0.325106949131887646
2.5525405097641601e-06 0.325106482779918715
2.57806591486179986e-06 0.325106011764502933
2.60384657401041991e-06 0.325105536039009546
2.62988503975051995e-06 0.325105055556338507
2.65618389014802989e-06 0.325104570268919257
2.68274572904950985e-06 0.325104080128706896
2.70957318634000008e-06 0.325103585087173796
2.73666891820339982e-06 0.325103085095308109
2.76403560738544003e-06 0.325102580103611372
2.7916759634592901e-06 0.325102070062083415
2.81959272309388009e-06 0.325101554920229185
2.84778865032481997e-06 0.325101034627047758
2.87626653682807004e-06 0.325100509131027116
2.90502920219634984e-06 0.325099978380139765
2.93407949421830997e-06 0.325099442321839627
2.96342028916050013e-06 0.325098900903056653
2.99305449205210001e-06 0.325098354070184503
3.02298503697262002e-06 0.325097801769085981
3.05321488734235012e-06 0.325097243945081382
3.08374703621576995e-06 0.325096680542942995
3.11458450657792986e-06 0.325096111506890384
3.1457303516437102e-06 0.325095536780590888
3.17718765516014984e-06 0.325094956307139749
3.20895953171174988e-06 0.325094370029069046
3.24104912702886983e-06 0.3250937778883361
3.27345961829914994e-06 0.325093179826315415
3.30619421448214997e-06 0.325092575783797744
3.33925615662697012e-06 0.325091965700979979
3.37264871819324e-06 0.325091349517460382
3.4063752053751698e-06 0.325090727172237137
3.44043895742892e-06 0.325090098603692867
3.4748433470032098e-06 0.325089463749598628
3.50959178047323992e-06 0.32508882254710153
3.54468769827797988e-06 0.32508817493272113
3.58013457526075993e-06 0.325087520842341438
3.61593592101335998e-06 0.325086860211203699
3.6520952802235002e-06 0.325086192973905563
3.68861623302572995e-06 0.325085519064385153
3.7255023953559898e-06 0.325084838415926336
3.7627574193095499e-06 0.325084150961141627
3.8003849935026401e-06 0.325083456631971357
3.83838884343767022e-06 0.325082755359674958
3.87677273187205024e-06 0.325082047074824187
3.91554045919076998e-06 0.325081331707297805
3.95469586378267998e-06 0.325080609186271408
3.99424282242049969e-06 0.32507987944021316
4.03418525064470973e-06 0.325079142396878351
4.07452710315114993e-06 0.325078397983296963
4.1152723741826696e-06 0.325077646125769892
4.15642509792449031e-06 0.325076886749862182
4.1979893489037403e-06 0.325076119780393136
4.23996924239277011e-06 0.325075345141432603
4.28236893481669989e-06 0.325074562756288765
4.32519262416486992e-06 0.325073772547501472
4.36844455040652034e-06 0.325072974436843576
4.4121289959105798e-06 0.325072168345297396
4.45625028586969021e-06 0.325071354193060214
4.50081278872839029e-06 0.325070531899528004
4.54582091661566994e-06 0.325069701383294551
4.59127912578183001e-06 0.325068862562135408
4.63719191703965009e-06 0.325068015353005779
4.68356383621003964e-06 0.325067159672033701
4.73039947457214032e-06 0.325066295434503716
4.77770346931785991e-06 0.325065422554855654
4.8254805040110396e-06 0.325064540946674196
4.8737353090511503e-06 0.32506365052267755
4.92247266214166036e-06 0.325062751194716171
4.97169738876307973e-06 0.325061842873753948
5.02141436265071031e-06 0.325060925469865702
5.07162850627722005e-06 0.32505999889222964
5.12234479133999015e-06 0.325059063049114139
5.17356823925339032e-06 0.325058117847868866
5.22530392164593029e-06 0.325057163194919785
5.27755696086239032e-06 0.325056198995755496
5.33033253047101011e-06 0.325055225154921579
5.38363585577572013e-06 0.325054241576007319
5.43747221433347966e-06 0.325053248161637109
5.49184693647680976e-06 0.325052244813464342
5.54676540584158034e-06 0.325051231432159582
5.6022330598999997e-06 0.325050207917395695
5.65825539049899967e-06 0.325049174167847343
5.71483794440399015e-06 0.325048130081173059
5.77198632384803034e-06 0.325047075554007858
5.82970618708650997e-06 0.325046010481958358
5.88800324895737013e-06 0.325044934759579129
5.94688328144693989e-06 0.325043848280377912
6.00635211426140997e-06 0.325042750936792468
6.06641563540402976e-06 0.325041642620189808
6.12707979175807016e-06 0.325040523220845645
6.18835058967565036e-06 0.325039392627945289
6.25023409557241005e-06 0.32503825072955661
6.3127364365281303e-06 0.325037097412636977
6.3758638008934099e-06 0.325035932563009888
6.43962243890234972e-06 0.325034756065357644
6.50401866329137038e-06 0.325033567803208689
6.56905884992428028e-06 0.325032367658929511
6.63474943842353019e-06 0.325031155513707537
6.70109693280775982e-06 0.325029931247543424
6.76810790213584007e-06 0.325028694739239676
6.83578898115720042e-06 0.325027445866383269
6.90414687096876987e-06 0.325026184505342153
6.97318833967846042e-06 0.325024910531242384
7.04292022307524038e-06 0.325023623817967899
7.11334942530600015e-06 0.325022324238136706
7.18448291955906035e-06 0.325021011663094883
7.25632774875465019e-06 0.32501968596290215
7.32889102624219011e-06 0.325018347006320207
7.40217993650460982e-06 0.325016994660798919
7.4762017358696603e-06 0.325015628792457989
7.55096375322836041e-06 0.325014249266085631
7.62647339076063981e-06 0.3250128559451122
7.70273812466824947e-06 0.325011448691607752
7.77976550591492957e-06 0.325010027366258503
7.85756316097407956e-06 0.325008591828362059
7.93613879258382024e-06 0.325007141935805433
8.0155001805096597e-06 0.325005677545058047
8.0956551823147495e-06 0.325004198511152975
8.17661173413789971e-06 0.325002704687673116
8.25837785147927984e-06 0.325001195926740039
8.34096162999407013e-06 0.324999672078994051
8.42437124629401049e-06 0.324998132993583599
8.50861495875695056e-06 0.324996578518147172
8.59370110834451941e-06 0.324995008498803972
8.67963811942797079e-06 0.324993422780130881
8.76643450062224971e-06 0.324991821205152631
8.85409884562847008e-06 0.324990203615323214
8.94263983408475075e-06 0.32498856985051372
9.03206623242559996e-06 0.324986919748992853
9.12238689474985984e-06 0.324985253147413278
9.21361076369734989e-06 0.324983569880793077
9.30574687133432982e-06 0.32498186978250182
9.39880434004766994e-06 0.324980152684243628
9.49279238344815072e-06 0.324978418416038861
9.58772030728262926e-06 0.324976666806211345
9.68359751035546033e-06 0.324974897681364283
9.7804334854590095e-06 0.324973110866371706
9.87823782031360051e-06 0.324971306184351938
9.97702019851673937e-06 0.324969483456660269
1.00767904005018998e-05 0.324967642502862031
1.01775583045069002e-05 0.324965783140721998
1.02793338875520001e-05 0.324963905186177848
1.03821272264274996e-05 0.324962008453335838
1.04859484986918e-05 0.324960092754434215
1.05908079836787005e-05 0.324958157899839561
1.06967160635155e-05 0.324956203698023471
1.08036832241505996e-05 0.324954229955538243
1.09117200563921999e-05 0.32495223647700533
1.10208372569561003e-05 0.324950223065094079
1.11310456295256001e-05 0.324948189520498976
1.12423560858208994e-05 0.324946135641922762
1.13547796466791004e-05 0.324944061226055014
1.14683274431459002e-05 0.324941966067553767
1.15830107175774e-05 0.324939849959024529
1.16988408247531008e-05 0.324937712691000857
1.18158292330007006e-05 0.324935554051916931
1.19339875253307003e-05 0.324933373828097893
1.20533274005839993e-05 0.324931171803729713
1.21738606745897999e-05 0.324928947760841913
1.22955992813357002e-05 0.324926701479285318
1.24185552741491e-05 0.324924432736707736
1.25427408268906008e-05 0.324922141308539136
1.26681682351594999e-05 0.324919826967958347
1.27948499175111001e-05 0.324917489485880784
1.29227984166862004e-05 0.324915128630931749
1.30520264008530001e-05 0.324912744169422951
1.31825466648616005e-05 0.324910335865327859
1.33143721315102007e-05 0.324907903480264271
1.34475158528252997e-05 0.324905446773464557
1.35819910113534993e-05 0.324902965501755403
1.37178109214670992e-05 0.324900459419532994
1.38549890306817003e-05 0.324897928278735537
1.39935389209885998e-05 0.324895371828826496
1.41334743101984002e-05 0.324892789816760397
1.42748090533003992e-05 0.324890181986964455
1.44175571438334007e-05 0.324887548081310928
1.45617327152717994e-05 0.324884887839092751
1.47073500424244997e-05 0.324882200996994219
1.48544235428487004e-05 0.324879487289069901
1.50029677782772008e-05 0.324876746446716158
1.51529974560600001e-05 0.324873978198642388
1.53045274306205994e-05 0.324871182270848047
1.54575727049268015e-05 0.324868358386592671
1.56121484319761005e-05 0.324865506266370452
1.57682699162957983e-05 0.324862625627881541
1.59259526154587999e-05 0.324859716186003511
1.60852121416134014e-05 0.324856777652765938
1.62460642630294986e-05 0.324853809737317534
1.64085249056598003e-05 0.324850812145901502
1.65726101547164007e-05 0.324847784581823507
1.67383362562636014e-05 0.324844726745426693
1.69057196188261997e-05 0.324841638334054494
1.7074776815014501e-05 0.324838519042028928
1.72455245831646016e-05 0.32483536856061429
1.74179798289962014e-05 0.324832186577993287
1.7592159627286199e-05 0.324828972779226011
1.77680812235591014e-05 0.324825726846227403
1.79457620357947005e-05 0.324822448457735335
1.81252196561526013e-05 0.324819137289273085
1.83064718527141012e-05 0.324815793013124077
1.84895365712413014e-05 0.324812415298292578
1.86744319369537008e-05 0.324809003810480335
1.88611762563232009e-05 0.324805558212039935
1.90497880188864993e-05 0.324802078161957386
1.92402858990753004e-05 0.324798563315806921
1.94326887580661003e-05 0.324795013325717308
1.96270156456467014e-05 0.324791427840347091
1.98232858021031986e-05 0.324787806504837684
2.00215186601242013e-05 0.324784148960787666
2.02217338467255015e-05 0.324780454846212097
2.04239511851927007e-05 0.324776723795507427
2.06281906970446994e-05 0.324772955439418254
2.08344726040151004e-05 0.324769149404997126
2.10428173300552997e-05 0.324765305315571129
2.12532455033557984e-05 0.324761422790703302
2.14657779583894016e-05 0.324757501446151453
2.16804357379733005e-05 0.324753540893835624
2.18972400953529997e-05 0.324749540741797516
2.21162124963065003e-05 0.324745500594161796
2.23373746212695995e-05 0.32474142005109774
2.25607483674823002e-05 0.32473729870877549
2.27863558511570993e-05 0.324733136159335189
2.30142194096687006e-05 0.324728931990835301
2.32443616037654005e-05 0.324724685787223299
2.34768052198029989e-05 0.324720397128284377
2.37115732720010983e-05 0.324716065589607195
2.39486890047211006e-05 0.324711690742537085
2.41881758947683003e-05 0.324707272154139415
2.44300576537160009e-05 0.324702809387150848
2.46743582302531001e-05 0.324698301999938377
2.49211018125557014e-05 0.324693749546456523
2.51703128306812012e-05 0.324689151576203983
2.54220159589880016e-05 0.324684507634177
2.56762361185778991e-05 0.324679817260822623
2.59329984797637017e-05 0.32467507999200107
2.61923284645613015e-05 0.324670295358931993
2.64542517492069008e-05 0.32466546288815068
2.67187942666989987e-05 0.32466058210146298
2.69859822093659985e-05 0.324655652515894178
2.72558420314597006e-05 0.324650673643646581
2.75284004517743014e-05 0.324645644992048343
2.78036844562919992e-05 0.324640566063503833
2.80817213008549016e-05 0.324635436355447726
2.83625385138635003e-05 0.3246302553602885
2.86461638990021005e-05 0.324625022565370902
2.89326255379920987e-05 0.324619737452909729
2.92219517933721006e-05 0.324614399499952966
2.9514171311305801e-05 0.324609008178321445
2.98093130244187994e-05 0.324603562954558222
3.01074061546630007e-05 0.324598063289876171
3.04084802162097005e-05 0.324592508640110855
3.07125650183717979e-05 0.324586898455654305
3.10196906685554987e-05 0.324581232181410606
3.1329887575240997e-05 0.324575509256739281
3.16431864509933997e-05 0.324569729115399219
3.19596183155034021e-05 0.324563891185492615
3.22792144986583986e-05 0.324557994889404122
3.26020066436450023e-05 0.324552039643755397
3.29280267100813992e-05 0.324546024859335203
3.32573069771822978e-05 0.324539949941048178
3.35898800469540995e-05 0.324533814287856104
3.39257788474235983e-05 0.324527617292711679
3.42650366358978996e-05 0.324521358342510557
3.46076870022568025e-05 0.324515036818019575
3.49537638722793973e-05 0.324508652093821459
3.53033015110021977e-05 0.324502203538252987
3.56563345261122001e-05 0.324495690513339263
3.60128978713733001e-05 0.324489112374734212
3.63730268500871007e-05 0.324482468471657237
3.67367571185878985e-05 0.324475758146826943
3.71041246897738013e-05 0.324468980736396295
3.74751659366715989e-05 0.32446213556988901
3.78499175960382992e-05 0.324455221970130214
3.82284167719987015e-05 0.324448239253186221
3.86107009397185986e-05 0.3244411867282887
3.89968079491157977e-05 0.324434063697771613
3.9386776028607001e-05 0.324426869457002331
3.97806437888931013e-05 0.32441960329431091
4.01784502267819974e-05 0.324412264490920588
4.0580234729049797e-05 0.324404852320872961
4.09860370763402994e-05 0.324397366050966585
4.13958974471036981e-05 0.324389804940674209
4.1809856421574702e-05 0.324382168242073665
4.22279549857905003e-05 0.324374455199774536
4.26502345356484028e-05 0.324366665050845548
4.30767368810049033e-05 0.32435879702473347
4.35075042498148993e-05 0.32435085034319705
4.39425792923131005e-05 0.324342824220216153
4.4382005085236197e-05 0.3243347178619293
4.4825825136088598e-05 0.324326530466545693
4.52740833874495e-05 0.324318261224270266
4.57268242213239998e-05 0.324309909317220701
4.61840924635371967e-05 0.324301473919351935
4.66459333881725978e-05 0.32429295419637183
4.71123927220542976e-05 0.324284349305654973
4.75835166492748028e-05 0.324275658396168565
4.80593518157676011e-05 0.324266880608381769
4.85399453339252997e-05 0.324258015074182393
4.90253447872645001e-05 0.324249060916795173
4.95155982351371985e-05 0.324240017250687851
5.00107542174885026e-05 0.324230883181493013
5.05108617596634006e-05 0.324221657805914554
5.10159703772600979e-05 0.324212340211637751
5.15261300810326977e-05 0.324202929477245161
5.20413913818430031e-05 0.324193424672118757
5.25618052956613996e-05 0.324183824856354275
5.30874233486179975e-05 0.324174129080668838
5.36182975821042023e-05 0.324164336386299823
5.41544805579252032e-05 0.324154445804919755
5.46960253635045022e-05 0.324144456358535948
5.52429856171395031e-05 0.324134367059397466
5.57954154733108967e-05 0.324124176909893202
5.63533696280440002e-05 0.324113884902458238
5.69169033243245028e-05 0.324103490019475693
5.74860723575677031e-05 0.324092991233170424
5.80609330811434002e-05 0.324082387505514213
5.86415424119547982e-05 0.324071677788120072
5.92279578360743994e-05 0.324060861022141877
5.98202374144351029e-05 0.324049936138169015
6.04184397885794991e-05 0.324038902056120015
6.10226241864652975e-05 0.324027757685138695
6.16328504283298982e-05 0.324016501923485245
6.2249178932613199e-05 0.324005133658429478
6.28716707219394025e-05 0.323993651766139923
6.35003874291587944e-05 0.323982055111575296
6.41353913034503983e-05 0.323970342548372647
6.47767452164849068e-05 0.323958512918732566
6.54245126686496954e-05 0.323946565053308155
6.60787577953362063e-05 0.323934497771089569
6.67395453732896052e-05 0.323922309879286163
6.74069408270225014e-05 0.323910000173214696
6.80810102352927033e-05 0.323897567436173262
6.87618203376456059e-05 0.323885010439329268
6.94494385410221053e-05 0.323872327941595428
7.01439329264322964e-05 0.323859518689506631
7.08453722556965949e-05 0.32384658141710182
7.15538259782536051e-05 0.323833514845792592
7.22693642380361036e-05 0.32382031768424796
7.29920578804165056e-05 0.323806988628255854
7.37219784592207044e-05 0.323793526360604211
7.44591982438128991e-05 0.323779929550951195
7.52037902262510036e-05 0.323766196855688193
7.59558281285135044e-05 0.323752326917816691
7.67153864097985946e-05 0.32373831836680933
7.74825402738965992e-05 0.323724169818475072
7.82573656766355984e-05 0.323709879874833462
7.90399393334019956e-05 0.32369544712396392
7.98303387267360043e-05 0.323680870139877175
8.0628642114003395e-05 0.32366614748237188
8.14349285351433934e-05 0.323651277696893502
8.22492778204948045e-05 0.323636259314397157
8.30717705986998051e-05 0.323621090851193116
8.39024883046868031e-05 0.323605770808812254
8.47415131877335946e-05 0.323590297673857996
8.55889283196109959e-05 0.323574669917850777
8.64448176028071e-05 0.323558885997085766
8.73092657788352062e-05 0.323542944352481987
8.81823584366234984e-05 0.323526843409425502
8.90641820209896976e-05 0.323510581577618139
8.99548238411996051e-05 0.323494157250923342
9.08543720796115955e-05 0.323477568807208016
9.17629158004076964e-05 0.323460814608182656
9.26805449584117982e-05 0.323443892999243587
9.36073504079959002e-05 0.323426802309311756
9.45434239120758989e-05 0.32340954085066953
9.54888581511966058e-05 0.323392106918790334
9.64437467327085974e-05 0.323374498792184328
9.74081842000357038e-05 0.323356714732218331
9.83822660420361058e-05 0.323338752982954947
9.93660887024564013e-05 0.32332061177097482
0.000100359749589481 0.32330228930520688
0.000101363347085375996 0.323283783776759204
0.00010237698055623 0.323265093358731437
0.000103400750361791995 0.323246216206048098
0.000104434757865410005 0.32322715045527034
0.000105479105444064 0.323207894224418202
0.000106533896498504994 0.32318844561279142
0.000107599235463489999 0.323168802700776414
0.000108675227818123997 0.323148963549667601
0.000109761980096306002 0.32312892620147049
0.000110859599897269003 0.323108688678720446
0.000111968195896240997 0.323088248984282234
0.000113087877855203999 0.323067605101165056
0.000114218756633755998 0.323046754992317109
0.000115360944200092996 0.323025696600434897
0.000116514553642094006 0.323004427847758513
0.000117679699178514994 0.3229829466358759
0.000118856496170299998 0.322961250845512082
0.000120045061132003004 0.322939338336330983
0.000121245511743323995 0.322917206946721824
0.000122457966860757008 0.322894854493595562
0.000123682546529363987 0.322872278772167676
0.000124919371994658006 0.322849477555749498
0.000126168565714605005 0.322826448595524729
0.000127430251371750988 0.32280318962034682
0.000128704553885468001 0.322779698336501497
0.000129991599424323013 0.322755972427499926
0.000131291515418565996 0.322732009553843679
0.000132604430572751992 0.32270780735280663
0.000133930474878479001 0.322683363438199033
0.000135269779627263987 0.322658675400149975
0.000136622477423536991 0.322633740804856906
0.00013798870219777201 0.322608557194366652
0.000139368589219749988 0.322583122086328888
0.000140762275111947009 0.322557432973761826
0.000142169897863067004 0.32253148732480813
0.000143591596841697011 0.322505282582493003
0.000145027512810113999 0.322478816164475657
0.000146477787938216003 0.322452085462801574
0.00014794256581759799 0.32242508784365348
0.000149421991475773991 0.322397820647094935
0.000150916211390530992 0.322370281186819818
0.000152425373504436992 0.322342466749885981
0.000153949627239480989 0.322314374596465836
0.000155489123511875994 0.322286001959571689
0.000157044014746995003 0.322257346044799442
0.000158614454894464988 0.322228404030055704
0.000160200599443408991 0.322199173065290778
0.000161802605437842988 0.322169650272220776
0.000163420631492221989 0.322139832744058496
0.000165054837807144009 0.322109717545231877
0.000166705386185215002 0.322079301711100885
0.000168372440047068005 0.322048582247677073
0.000170056164447537997 0.322017556131340532
0.000171756726092014002 0.32198622030854479
0.000173474293352933999 0.321954571695530045
0.000175209036286462993 0.321922607178028841
0.00017696112664932799 0.321890323610966145
0.000178730737915820995 0.321857717818164135
0.000180518045294979012 0.321824786592035506
0.000182323225747928999 0.32179152669328237
0.000184146458005408009 0.321757934850585792
0.000185987922585461999 0.32172400776029586
0.000187847801811316987 0.32168974208611878
0.000189726279829430006 0.321655134458798508
0.000191623542627725012 0.321620181475797517
0.000193539778054002009 0.321584879700978876
0.000195475175834541989 0.321549225664272575
0.000197429927592886992 0.321513215861357893
0.000199404226868816001 0.321476846753318612
0.000201398269137503989 0.321440114766322949
0.000203412251828878995 0.321403016291275878
0.000205446374347168008 0.321365547683483355
0.000207500838090639994 0.321327705262308139
0.000209575846471545999 0.321289485310821021
0.000211671604936261999 0.321250884075455156
0.000213788320985624006 0.321211897765645515
0.000215926204195480991 0.321172522553484108
0.000218085466237434995 0.32113275457335072
0.000220266320899810002 0.321092589921553151
0.000222468984108808006 0.321052024655964552
0.000224693673949896011 0.321011054795649453
0.000226940610689394987 0.320969676320493835
0.000229210016796289006 0.320927885170828986
0.000231502116964251998 0.320885677247052969
0.000233817138133894013 0.320843048409247711
0.000236155309515232988 0.320799994476790085
0.000238516862610385009 0.320756511227967667
0.000240902031236488987 0.320712594399584383
0.000243311051548853987 0.320668239686559053
0.000245744162064343008 0.320623442741534481
0.000248201603684985984 0.320578199174466782
0.000250683619721835994 0.320532504552220376
0.000253190455919054009 0.320486354398161977
0.000255722360478245021 0.320439744191738096
0.000258279584083026992 0.320392669368066874
0.000260862379923857996 0.320345125317508028
0.000263471003723095981 0.320297107385243696
0.00026610571376032698 0.320248610870850936
0.000268766770897929999 0.320199631027860587
0.000271454438606909981 0.320150163063332549
0.000274168982992978988 0.320100202137405199
0.00027691067282290899 0.320049743362863903
0.000279679779551138014 0.319998781804680055
0.000282476577346648988 0.3199473124795712
0.00028530134312011599 0.319895330355537244
0.000288154356551317001 0.31984283035140787
0.000291035900116830011 0.319789807336377074
0.000293946259117998008 0.319736256129534546
0.000296885721709177976 0.319682171499399648
0.000299854578926269993 0.319627548163440911
0.000302853124715532994 0.319572380787600752
0.000305881655962688011 0.319516663985812577
0.000308940472522315011 0.319460392319514341
0.000312029877247537975 0.319403560297158107
0.000315150176020013984 0.319346162373706832
0.000318301677780214007 0.319288192950150207
0.000321484694558016001 0.319229646372988729
0.000324699541503595994 0.319170516933735215
0.000327946536918632026 0.319110798868395051
0.000331226002287817996 0.319050486356957763
0.000334538262310696982 0.318989573522872993
0.000337883644933803008 0.3189280544325242
0.000341262481383142007 0.318865923094711734
0.000344675106196972998 0.318803173460101619
0.000348121857258942987 0.31873979942070696
0.000351603075831532 0.318675794809332003
0.000355119106589847015 0.318611153399037228
0.000358670297655745978 0.318545868902581741
0.000362257000632303019 0.318479934971872547
0.000365879570638625977 0.318413345197405939
0.000369538366345013012 0.318346093107703065
0.000373233750008462992 0.318278172168737772
0.000376966087508547021 0.318209575783375886
0.000380735748383632998 0.318140297290784302
0.000384543105867468974 0.318070329965860321
0.00038838853692614399 0.31799966701864163
0.000392272422295405012 0.317928301593715046
0.00039619514651836001 0.31785622676962294
0.000400157097983542989 0.317783435558263883
0.000404158668963378997 0.317709920904287069
0.000408200255653012 0.317635675684484142
0.000412282258209541999 0.317560692707173908
0.000416405080791637983 0.317484964711590156
0.000420569131599553986 0.317408484367250388
0.000424774822915549989 0.31733124427333198
0.000429022571144704976 0.31725323695804003
0.000433312796856152014 0.317174454877968803
0.000437645924824714005 0.317094890417462916
0.00044202238407296102 0.317014535887964244
0.000446442607913690977 0.316933383527365831
0.000450907033992827987 0.316851425499351635
0.000455416104332756022 0.316768653892736618
0.000459970265376083009 0.316685060720801048
0.000464569968029844018 0.316600637920615435
0.000469215667710143022 0.31651537735237073
0.00047390782438724399 0.316429270798686046
0.000478646902631116983 0.316342309963937474
0.000483433371657427996 0.316254486473551255
0.000488267705374002012 0.316165791873316671
0.00049315038242774196 0.316076217628680822
0.00049808188625201995 0.315985755124045753
0.000503062705114539974 0.315894395662050187
0.000508093332165684974 0.315802130462855324
0.000513174265487341993 0.315708950663426857
0.000518306008142215046 0.315614847316799063
0.000523489068223636947 0.315519811391350047
0.000528723958905874016 0.315423833770058948
0.000534011198494932981 0.315326905249760592
0.000539351310479882018 0.31522901654040214
0.000544744823584681031 0.315130158264286531
0.000550192271820528021 0.315030320955311582
0.000555694194538733019 0.314929495058203501
0.000561251136484120037 0.314827670927749326
0.000566863647848961025 0.314724838828020603
0.00057253228432745096 0.314620988931587242
0.000578257607170726013 0.31451611131873547
0.000584040183242433026 0.314410195976669304
0.000589880585074857035 0.314303232798713861
0.000595779390925605962 0.314195211583511824
0.000601737184834862018 0.314086122034211102
0.000607754556683210009 0.313975953757644533
0.000613832102250042987 0.313864696263514986
0.000619970423272542953 0.313752338963559141
0.000626170127505267958 0.313638871170716649
0.000632431828780320986 0.313524282098286422
0.000638756147068124044 0.313408560859082475
0.000645143708538805033 0.313291696464577607
0.000651595145624193949 0.313173677824042818
0.000658111097080435014 0.313054493743684548
0.000664692208051240012 0.312934132925764164
0.000671339130131752017 0.312812583967726265
0.000678052521433069959 0.312689835361306068
0.000684833046647399953 0.312565875491638445
0.000691681377113875047 0.312440692636356432
0.000698598190885013019 0.312314274964682781
0.000705584172793862971 0.31218661053651775
0.000712640014521802008 0.312057687301512232
0.000719766414667019952 0.311927493098143604
0.000726964078813690032 0.311796015652771596
0.000734233719601826954 0.311663242578701205
0.000741576056797845049 0.311529161375222685
0.000748991817365823962 0.311393759426653982
0.000756481735539482007 0.311257024001370397
0.000764046552894877013 0.311118942250827923
0.000771687018423826009 0.310979501208575371
0.000779403888608063995 0.310838687789260715
0.000787197927494144968 0.310696488787626512
0.000795069906769085952 0.310552890877498378
0.000803020605836777005 0.310407880610760412
0.000811050811895144982 0.310261444416324139
0.000819161320014095951 0.310113568599087008
0.000827352933214236955 0.309964239338881842
0.000835626462546380008 0.309813442689410468
0.000843982727171842988 0.309661164577177572
0.000852422554443561949 0.309507390800399518
0.000860946779987996954 0.309352107027917822
0.000869556247787877951 0.309195298798085494
0.000878251810265755998 0.309036951517656422
0.000887034328368414035 0.308877050460651281
0.000895904671652097973 0.308715580767213726
0.000904863718368619039 0.308552527442460311
0.000913912355552304952 0.308387875355309815
0.000923051479107827992 0.30822160923730324
0.000932281993898907051 0.30805371368140505
0.00094160481383789602 0.307884173140799522
0.000951020861976274983 0.30771297192765884
0.000960531070596036974 0.307540094211913417
0.000970136381301998029 0.307365524019987346
0.000979837745115017976 0.307189245233532027
0.000989636122566168053 0.307011241588141137
0.000999532483791829972 0.306831496672039905
0.00100952780862975005 0.306649993924769326
0.00101962308671605002 0.306466716635842351
0.00102981931758320991 0.306281647943385749
0.00104011751075904 0.306094770832762209
0.00105051868586663005 0.305906068135173625
0.00106102387272528995 0.305715522526242289
0.00107163411145255001 0.305523116524572536
0.00108235045256706991 0.305328832490286473
0.00109317395709273993 0.305132652623549661
0.00110410569666367009 0.304934558963050384
0.00111514675363031009 0.304734533384485973
0.00112629822116660995 0.30453255759899811
0.00113756120337827997 0.304328613151597038
0.00114893681541206006 0.304122681419555507
0.00116042618356618004 0.30391474361078108
0.0011720304454018401 0.303704780762148741
0.00118375074985586004 0.303492773737820687
0.00119558825735441993 0.303278703227527036
0.00120754413992795991 0.303062549744821497
0.00121961958132723995 0.302844293625297634
0.00123181577714051994 0.302623915024793078
0.00124413393491191993 0.302401393917535344
0.0012565752742610401 0.302176710094274825
0.00126914102700365007 0.301949843160375819
0.00128183243727369002 0.301720772533869919
0.00129465076164642003 0.301489477443479537
0.00130759726926288995 0.301255936926602574
0.00132067324195551993 0.301020129827254179
0.00133387997437507005 0.30078203479397525
0.0013472187741188199 0.300541630277704308
0.00136069096186000995 0.300298894529596183
0.00137429787147861 0.300053805598816281
0.00138804085019339995 0.299806341330278447
0.0014019212586953299 0.299556479362345418
0.00141594047128227999 0.299304197124488636
0.00143009987599511 0.299049471834891945
0.00144440087475506003 0.298792280498025309
0.00145884488350260999 0.29853259990215647
0.00147343333233763995 0.29827040661682741
0.00148816766566100991 0.298005676990274471
0.00150304934231762 0.297738387146801897
0.0015180798357408 0.297468512984110922
0.00153326063409820997 0.297196030170572278
0.00154859324043919006 0.296920914142448034
0.00156407917284358006 0.296643140101070402
0.00157971996457201996 0.296362683009958605
0.00159551716421773996 0.296079517591890995
0.00161147233585991006 0.295793618325922658
0.00162758705921851009 0.295504959444348514
0.00164386292981070006 0.295213514929618837
0.00166030155910880991 0.29491925851120171
0.00167690457469989 0.294622163662388026
0.00169367362044688997 0.294322203597045418
0.00171061035665135992 0.294019351266332385
0.00172771646021786991 0.293713579355342647
0.0017449936248200501 0.293404860279716462
0.00176244356106825006 0.293093166182190168
0.00178006799667894009 0.292778468929106861
0.00179786867664573011 0.292460740106871786
0.0018158473634121799 0.292139951018365707
0.00183400583704629999 0.29181607267932208
0.00185234589541677006 0.291489075814647058
0.00187086935437093997 0.291158930854712172
0.00188957804791464994 0.29082560793160761
0.00190847382839378992 0.290489076875353802
0.00192755856667772992 0.290149307210092466
0.00194683415234450999 0.289806268150242241
0.00196630249386795007 0.289459928596634997
0.00198596551880663016 0.289110257132625836
0.00200582517399469987 0.288757222020194493
0.00202588342573463984 0.288400791196034623
0.0020461422599919901 0.288040932267631167
0.00206660368259190983 0.287677612509350256
0.0020872697194178301 0.287310798858524896
0.00210814241661201 0.286940457911560254
0.00212922384077812981 0.286566555920061583
0.00215051607918590989 0.286189058786984807
0.00217202123997776997 0.285807932062829118
0.00219374145237754984 0.285423140941877318
0.00221567886690131983 0.285034650258492395
0.00223783565557033985 0.284642424483472156
0.00226021401212604016 0.284246427720499351
0.00228281615224729985 0.283846623702667
0.00230564431376977007 0.28344297578911104
0.00232870075690746981 0.283035446961765857
0.00235198776447654006 0.282623999822239069
0.00237550764212130991 0.282208596588847282
0.00239926271854251985 0.281789199093798959
0.0024232553457279502 0.281365768780570236
0.00244748789918523011 0.280938266701475481
0.00247196277817707992 0.280506653515451176
0.00249668240595884994 0.280070889486086994
0.00252164923001844 0.279630934479905668
0.00254686572231862 0.279186747964944304
0.00257233437954181021 0.278738289009617612
0.00259805772333722993 0.27828551628194359
0.00262403830057060007 0.277828388049104313
0.00265027868357630998 0.277366862177409024
0.00267678147041207001 0.276900896132674157
0.00270354928511619018 0.27643044698104452
0.00273058477796735014 0.275955471390310014
0.00275789062574702997 0.275475925631727681
0.00278546953200449997 0.274991765582404013
0.00281332422732454013 0.27450294672826181
0.00284145746959778983 0.27400942416764601
0.00286987204429375994 0.27351115261559239
0.0028985707647366998 0.27300808640881985
0.00292755647238406979 0.272500179511475815
0.00295683203710791001 0.271987385521692326
0.00298640035747899015 0.271469657679001941
0.00301626436105378003 0.270946948872652527
0.00304642700466432013 0.270419211650893998
0.00307689127471096014 0.269886398231268032
0.00310766018745806984 0.269348460511984966
0.00313873678933265007 0.268805350084417527
0.00317012415722597992 0.268257018246802537
0.00320182539879823981 0.267703416019187512
0.00323384365278622018 0.267144494159708756
0.00326618208931407986 0.266580203182252728
0.00329884391020722001 0.266010493375578749
0.00333183234930929011 0.265435314823974589
0.0033651506728023901 0.264854617429513939
0.00339880217953040988 0.26426835093598916
0.00343279020132571978 0.263676464954605172
0.00346711810333897013 0.263078908991506766
0.0035017892843723598 0.262475632477211507
0.00353680717721609021 0.261866584798047697
0.00357217524898825007 0.261251715329659406
0.00360789700147812979 0.260630973472677607
0.00364397597149290981 0.26000430869062674
0.00368041573120784019 0.259371670550165467
0.00371721988851991987 0.258733008763731731
0.00375439208740512009 0.258088273234683807
0.00379193600827916998 0.257437414105018414
0.00382985536836195992 0.256780381805750135
0.00386815392204558012 0.256117127110023768
0.00390683546126602971 0.255447601189057516
0.00394590381587870027 0.254771755670965605
0.00398536285403747973 0.254089542702563564
0.00402521648257786035 0.253400915014202865
0.00406546864740364028 0.252705825987713018
0.00410612333387767002 0.252004229727513629
0.00414718456721644996 0.251296081134935678
0.00418865641288861026 0.25058133598582627
0.00423054297701750022 0.249859951011459719
0.00427284840678766962 0.249131883982797508
0.00431557689085554971 0.248397093798122581
0.00435873265976411024 0.247655540574064331
0.00440231998636175011 0.24690718574002149
0.00444634318622535996 0.246151992135974551
0.00449080661808762011 0.245389924113674607
0.00453571468426848968 0.244620947641177644
0.00458107183111117981 0.24384503041067479
0.00462688254942229035 0.243062141949566185
0.00467315137491650968 0.242272253734697851
0.00471988288866568 0.241475339309666998
0.00476708171755233986 0.240671374405091176
0.00481475253472786035 0.239860337061705481
0.00486290006007514004 0.239042207756141684
0.00491152906067589008 0.238216969529213562
0.00496064435128264983 0.237384608116528756
0.00501025079479548024 0.236545112081194858
0.00506035330274343022 0.235698472948403598
0.00511095683577086988 0.234844685341615983
0.0051620664041285803 0.233983747120077773
0.00521368706816986022 0.233115659517349944
0.00526582393885156007 0.232240427280526962
0.00531848217824008006 0.231358058809786632
0.00537166700002248039 0.230468566297892391
0.00542538367002270028 0.22957196586924622
0.00547963750672292998 0.228668277718062668
0.00553443388179016005 0.227757526245225383
0.00558977822060805971 0.226839740193345241
0.00564567600281414006 0.225914952779540101
0.00570213276284228018 0.224983201825425333
0.00575915409047070021 0.224044529883790366
0.00581674563137541019 0.223098984361419977
0.00587491308768917 0.222146617637511562
0.00593366221856606035 0.221187487177121556
0.00599299884075172023 0.220221655639071978
0.00605292882915924035 0.2192491909777399
0.00611345811745082988 0.218270166538153371
0.00617459269862534032 0.21728466114381681
0.00623633862561158957 0.216292759176697019
0.00629870201186770971 0.215294550648804817
0.00636168903198637992 0.214290131264829709
0.00642530592230624968 0.213279602475288682
0.00648955898152931039 0.21226307151969101
0.00655445457134459959 0.211240651459223411
0.00661999911705805043 0.210212461198515277
0.00668619910822863036 0.209178625496062892
0.00675306109931092004 0.208139274962930915
0.00682059171030402998 0.207094546049413075
0.0068887976274070702 0.206044581019354744
0.00695768560368113971 0.204989527911919378
0.00702726245971794974 0.203929540490624395
0.00709753508431512983 0.202864778179536798
0.0071685104351582804 0.201795405986587573
0.00724019553950986001 0.200721594414030896
0.00731259749490495957 0.199643519356142246
0.00738572346985401015 0.198561361984335605
0.00745958070455255036 0.197475308619944806
0.00753417651159807994 0.19638555059499288
0.00760951827671405966 0.195292284101369451
0.00768561345948119961 0.19419571002888994
0.00776246959407600988 0.193096033792811816
0.00784009429001676986 0.191993465151448855
0.0079184952329169403 0.190888218014608341
0.00799768018524611018 0.189780510243643868
0.00807765698709857032 0.188670563443993883
0.00815843355696956041 0.187558602751135284
0.00824001789253924963 0.186444856610955945
0.00832241807146463959 0.185329556555588387
0.00840564225217928923 0.184212936975818031
0.00848969867470108011 0.18309523489120455
0.00857459566144810025 0.181976689719105522
0.0086603416180625805 0.18085754304380483
0.00874694503424319932 0.17973803838698485
0.00883441448458563081 0.178618420980772991
0.00892275862943149069 0.17749893754460655
0.00901198621572579968 0.176379836067149826
0.00910210607788305981 0.175261365594465701
0.00919312713866188985 0.174143776025637215
0.00928505841004850958 0.173027317916971263
0.009377908994149 0.171912242295887141
0.00947168808409049046 0.170798800485526786
0.00956640496493139057 0.169687243941057414
0.00966206901458071046 0.168577824098559925
0.00975868970472651073 0.167470792237325222
0.00985627660177378073 0.166366399356275285
0.00995483936779151951 0.165264896065142303
0.0100543877614693994 0.164166532490938905
0.0101549316390841006 0.163071558200137939
0.0102564809554749996 0.16198022213689256
0.0103590457650297001 0.160892772577502452
0.0104626362226800003 0.15980945710122707
0.0105672625849067992 0.158730522577462979
0.0106729352107559003 0.157656215169157565
0.0107796645628633996 0.156586780352275051
0.0108874612084920996 0.155522462950997115
0.0109963358205769999 0.154463507188293936
0.0111062991787827994 0.153410156751369986
0.0112173621705706009 0.152362654871469383
0.0113295357922763001 0.151321244417414541
0.0114428311501991002 0.150286168002240927
0.0115572594617010995 0.149257668102211444
0.0116728320563181005 0.148235987187486845
0.0117895603768811991 0.147221367863698632
0.0119074559806501001 0.146214053023662943
0.0120265305404566002 0.14521428600848435
0.0121467958458611001 0.144222310777285173
0.0122682638043197009 0.143238372084861537
0.0123909464423628997 0.142262715666569062
0.0125148559067866007 0.141295588429787539
0.0126400044658544 0.140337238651381591
0.0127664045105130002 0.139387916180607752
0.0128940685556181 0.138447872647013026
0.0130230092411742996 0.137517361672899019
0.0131532393335859997 0.13659663909003264
0.0132847717269219002 0.135685963160335044
0.0134176194441910993 0.13478559480036309
0.0135517956386330008 0.133895797809465783
0.0136873135950193008 0.133016839101568252
0.0138241867309695007 0.132148988940609474
0.0139624285982791994 0.131292521179707217
0.0141020528842620008 0.130447713504194956
0.0142430734131045993 0.129614847678715311
0.0143855041472356997 0.128794209798601872
0.0145293591887079993 0.127986090545815862
0.0146746527805951005 0.127190785449722621
0.0148213993084011005 0.126408595153030323
0.0149696133014851004 0.1256398256832022
0.0151193094344999005 0.124884788729663132
0.0152705025288449002 0.124143801927127678
0.0154232075541334002 0.123417189145343498
0.0155774396296746998 0.122705280785533805
0.0157332140259715016 0.122008414083794509
0.0158905461662312009 0.121326933421671376
0.0160494516278935004 0.120661190644092517
0.0162099461441723991 0.120011545384803339
0.0163720456056141994 0.119378365399390299
0.0165357660616703012 0.118762026905940288
0.0167011237222869993 0.118162914933310728
0.0168681349595098985 0.117581423676947766
0.0170368163091049983 0.117017956862111777
0.0172071844721960014 0.116472928114307886
0.0173792563169180014 0.115946761336656948
0.0175530488800871992 0.115439891093861199
0.0177285793688880013 0.11495276300234164
0.0179058651625768998 0.114485834126040464
0.0180849238142027011 0.114039573377296422
0.0182657730523447005 0.113614461922087032
0.0184484307828681991 0.113210993588835393
0.0186329150906968007 0.112829675279854436
0.0188192442416037983 0.112471027384365249
0.0190074366840198988 0.112135584191887058
0.0191975110508601013 0.11182389430462808
0.0193894861613687006 0.11153652104732982
0.0195833810229823005 0.11127404287282977
0.0197792148332122004 0.111037053761376667
0.0199770069815442992 0.110826163611522782
0.0201767770513597011 0.110641998620140458
0.0203785448218733005 0.110485201648861997
0.0205823302700921008 0.110356432573934071
0.0207881535727930007 0.110256368616182598
0.0209960351085209003 0.110185704647452448
0.0212059954596061015 0.110145153469551005
0.0214180554142021987 0.110135446061376249
0.0216322359683441996 0.110157331789543136
0.0218485583280275987 0.110211578577468355
0.0220670439113078987 0.110298973027495861
0.0222877143504210014 0.110420320490291324
0.0225105914939251993 0.110576445075371732
0.0227356974088645004 0.110768189596299596
0.0229630543829530999 0.110996415443746374
0.0231926849267826002 0.111262002379334507
0.0234246117760504996 0.111565848242903359
0.0236588578938109993 0.111908868565618422
0.023895446472749101 0.112291996081168133
0.0241344009374766001 0.112716180127163265
0.0243757449468513 0.113182385928790846
0.0246195023963198013 0.1136915937567817
0.0248656974202829985 0.114244797951820465
0.0251143543944859007 0.114843005807695825
0.0253654979384306985 0.115487236305727492
0.0256191529178150003 0.11617851869335688
0.0258753444469932009 0.116917890900217314
0.0261340978914630997 0.117706397785556013
0.0263954388703778013 0.118545089211529148
0.0266593932590814993 0.119435017937646534
0.0269259871916723986 0.120377237332542228
0.0271952470635891015 0.121372798900208065
0.0274671995342249987 0.122422749618969096
0.0277418715295672004 0.123528129092668928
0.0280192902448628996 0.124689966514881831
0.0282994831473115001 0.125909277448391005
0.0285824779787846005 0.127187060423719578
0.0288683027585724984 0.12852429336210841
0.0291569857861582009 0.12992192983006004
0.0294485556440198006 0.131380895134338732
0.0297430412004600006 0.132902082268143179
0.030040471612464599 0.13448634772107193
0.0303408763285892003 0.136134507167378904
0.0306442850918751016 0.137847331048952165
0.0309507279427938993 0.139625540071338511
0.0312602352222218008 0.141469800633017589
0.0315728375744439987 0.143380720209937917
0.031888565950188498 0.145358842719067183
0.0322074516096904004 0.147404643886352021
0.0325295261257873003 0.149518526645993688
0.0328548213870450967 0.151700816599302485
0.0331833696009155993 0.153951757562596908
0.0335152032969247976 0.156271507234579665
0.0338503553298939996 0.158660133014437238
0.0341888588831929033 0.161117608002397911
0.0345307474720248989 0.163643807214781306
0.0348760549467451025 0.166238504045562563
0.0352248154962125984 0.168901367006188935
0.0355770636511746965 0.171631956774765393
0.0359328342876865034 0.174429723584859309
0.0362921626305632988 0.177294004982912035
0.0366550842568690027 0.180224023981756853
0.0370216350994376012 0.183218887635849648
0.037391851450432001 0.186277586061729811
0.0377657699649363021 0.189398991924729171
0.0381434276645856996 0.192581860410293182
0.0385248619412316001 0.195824829695274066
0.0389101105606438971 0.199126421931383801
0.0392992116662502985 0.202485044749588922
0.0396922037829127994 0.20589899329066963
0.0400891258207419013 0.209366452763459721
0.0404900170789493988 0.212885501528495946
0.0408949172497388991 0.216454114700924655
0.0413038664222363031 0.220070168262665039
0.0417169050864586027 0.223731443669935415
0.0421340741373232019 0.227435632938481763
0.0425554148786964001 0.231180344185128145
0.0429809690274833983 0.234963107600745069
0.0434107787177581972 0.238781381826323941
0.0438448865049358011 0.242632560700728278
0.0442833353699852023 0.246513980345739236
0.0447261687236849975 0.250422926551421954
0.0451734304109219012 0.254356642422486012
0.0456251647150310996 0.258312336244303387
0.046081416362181403 0.262287189525624576
0.0465422305258032035 0.266278365173677034
0.0470076528310613001 0.270283015756437484
0.0474777293593718966 0.274298291806270245
0.0479525066529655972 0.278321350118944932
0.0484320317194951999 0.282349362002201343
0.0489163520366902027 0.286379521428564598
0.0494055155570570989 0.29040905304797876
0.0498995707126276972 0.294435220017047528
0.0503985664197538971 0.298455331603170448
0.0509025520839515022 0.302466750523701589
0.051411577604791002 0.306466899982310026
0.0519256933808388971 0.310453270367110568
0.0524449503146472984 0.314423425577619209
0.0529693998177937983 0.318375008950403549
0.0534990938159716975 0.322305748756180233
0.0540340847541313993 0.326213463244184765
0.0545744256016727006 0.330096065212824641
0.0551201698576894994 0.333951566088862173
0.0556713715562663983 0.337778079500732464
0.0562280852718290008 0.341573824334926002
0.0567903661245472979 0.345337127267751232
0.0573582697857928023 0.349066424768129213
0.0579318524836507018 0.352760264570399384
0.0585111710084871978 0.356417306619357332
0.0590962827185720976 0.360036323492912702
0.0596872455457577999 0.3636162003108383
0.0602841180012154004 0.367155934141024376
0.0608869591812275998 0.370654632917459814
0.0614958287730398012 0.374111513886843883
0.062110787060770202 0.377525901603217806
0.0627318949313779017 0.380897225492311808
0.0633592138806916977 0.384225017009467595
0.0639928060194985965 0.387508906416892451
0.0646327340796935962 0.390748619207748338
0.0652790614204906 0.393943972206079296
0.0659318520346954956 0.397094869372882464
0.066591170555042406 0.400201297349705554
0.0672570822605927932 0.40326332077200705
0.0679296530831988016 0.406281077385160505
0.0686089496140308008 0.409254772996399951
0.0692950391101710972 0.412184676296235286
0.0699879895012728015 0.415071113582857476
0.0706878693962855048 0.417914463422875693
0.0713947480902484 0.42071515128136
0.0721086955711509048 0.423473644153594453
0.0728297825268623966 0.426190445230246961
0.0735580803521310028 0.428866088626755515
0.0742936611556522936 0.431501134206732584
0.0750365977672088069 0.434096162528003648
0.0757869637448809058 0.436651769938628087
0.0765448333823297022 0.439168563848831073
0.0773102817161530065 0.441647158203272217
0.0780833845333146065 0.44408816917646321
0.0788642183786476964 0.446492211112443083
0.0796528605624342023 0.448859892728037335
0.0804493891680584938 0.451191813597131675
0.0812538830597391015 0.453488560931487816
0.0820664218903364995 0.455750706671547323
0.0828870861092398936 0.45797880489863424
0.0837159569703322948 0.460173389577757386
0.0845531165400355972 0.46233497263801554
0.0853986477054359955 0.464464042395308974
0.0862526341824902953 0.466561062319713615
0.0871151605243151994 0.468626470147480656
0.0879863121295584028 0.470660677335180411
0.0888661752508538988 0.472664068851048946
0.0897548370033624948 0.474637003296082771
0.0906523853733960938 0.476579813344949588
0.0915589092271301003 0.478492806494286216
0.0924744983194013964 0.480376266103512362
0.0933992433025954 0.482230452710890767
0.0943332357356213014 0.484055605605264727
0.0952765680929776038 0.485851944631704058
0.0962293337739072996 0.487619672207246391
0.0971916271116464031 0.489358975521040351
0.0981635433827628967 0.491070028891539667
0.099145178816590504 0.492752996251958064
0.100136630604756 0.494408033734051067
0.101137996910803996 0.496035292319425003
0.102149376879912004 0.497634920527028457
0.103170870648710999 0.499207067105331415
0.104202579355198 0.500751883697813427
0.105244605148750003 0.502269527450986297
0.106297051200237996 0.503760163535060812
0.107360021712240003 0.50522396754869181
0.108433621929362997 0.506661127780905662
0.109517958148656003 0.50807184730530508
0.110613137730143002 0.509456345884040762
0.111719269107443994 0.510814861661603836
0.112836461798519 0.512147652631479877
0.113964826416504003 0.513454997861705453
0.115104474680669006 0.514737198468725343
0.116255519427476001 0.515994578332244602
0.117418074621749996 0.517227484547233995
0.118592255367967997 0.518436287612633828
0.119778177921646994 0.519621381359631651
0.120975959700864 0.520783182625618291
0.122185719297873002 0.521922130682906049
0.123407576490851004 0.5230386864341241
0.124641652255760002 0.524133331388659918
0.125888068778317014 0.525206566436696498
0.127146949466101 0.5262589104392289
0.128418418960762004 0.527290898653815954
0.129702603150368995 0.528303081016925136
0.130999629181872995 0.52929602030428502
0.132309625473691989 0.530270290190912874
0.133632721728428994 0.531226473232307872
0.134969048945712988 0.532165158787769488
0.136318739435170005 0.533086940905936335
0.137681926829521989 0.533992416191436559
0.139058746097816988 0.534882181670156887
0.140449333558794992 0.535756832668979555
0.141853826894383001 0.536616960724053182
0.143272365163327003 0.537463151529795291
0.144705088814959998 0.53829598293887515
0.146152139703110001 0.539116023021541602
0.147613661100141014 0.539923828190791322
0.149089797711142003 0.540719941398163262
0.150580695688253996 0.541504890403369799
0.152086502645136012 0.542279186119586587
0.153607367671588002 0.543043321035119209
0.155143441348302991 0.543797767711245661
0.156694875761787006 0.544542977355451985
0.158261824519403987 0.545279378468884746
0.159844442764597999 0.546007375566867181
0.161442887192244006 0.546727347971456723
0.163057316064167013 0.547439648675517199
0.164687889224809009 0.548144603278447273
0.166334768117056997 0.548842508994611067
0.167998115798226988 0.549533633736536853
0.169678096956209001 0.550218215276116696
0.171374877925771996 0.550896460488237927
0.173088626705029003 0.551568544682560558
0.17481951297208001 0.552234611030417488
0.176567708101800003 0.55289477009489929
0.178333385182817994 0.553549099473288564
0.180116719034646988 0.554197643561852193
0.181917886224992997 0.554840413453639547
0.183737065087242996 0.555477386980450349
0.185574435738114996 0.556108508910189925
0.187430180095497001 0.556733691310691614
0.189304481896451993 0.557352814090588677
0.191197526715416011 0.557965725727041173
0.193109501982569987 0.558572244188933587
0.19504059700239601 0.559172158062600566
0.196991002972420004 0.559765227885329675
0.198960913002143996 0.560351187689781982
0.200950522132165993 0.560942476102949561
0.202960027353487005 0.561513269107427271
0.204989627627021997 0.562076025070136209
0.207039523903292 0.562630385542785105
0.20910991914232499 0.563175976411831036
0.211201018333747992 0.563712410635529793
0.213313028517086001 0.564239291132475396
0.21544615880225701 0.564756213800099993
0.217600620390278998 0.565262770638615075
0.219776626594182012 0.565758552953083527
0.221974392860123992 0.566243154603790599
0.22419413678872499 0.566716175272991451
0.226436078156613013 0.567177223714333434
0.228700438938179013 0.567625920950013185
0.230987443327559994 0.56806190337999396
0.233297317760836009 0.568484825767346824
0.235630290938444009 0.568894364064233105
0.237986593847828998 0.569290218043908003
0.240366459786306996 0.569672113705768424
0.242770124384170005 0.570039805422527857
0.245197825628012012 0.570393077801351067
0.247649803884292002 0.570731747233991116
0.250126301923135008 0.571055663114683143
0.25262756494236599 0.571364708708708147
0.255153840591790027 0.571658801659021276
0.257705378997708012 0.571937894123145885
0.260282432787684981 0.572201972537487946
0.262885257115561988 0.572451057011340025
0.265514109686717015 0.572685200357916813
0.268169250783585 0.572904486774779342
0.27085094329142001 0.573109030190823932
0.273559452724335017 0.573298972301557908
0.276295047251577996 0.573474480318537982
0.279057997724094009 0.573635744462581698
0.281848577701334979 0.57378297523353583
0.284667063478348026 0.573916400492003653
0.287513734113132025 0.574036262390383412
0.290388871454263009 0.574142814191870521
0.293292760168805011 0.574236317016696973
0.296225687770494017 0.574317036554758853
0.299187944648197979 0.574385239783061996
0.302179824094680027 0.574441191724978872
0.305201622335626976 0.574485152286290934
0.308253638558984022 0.57451737320045837
0.311336174944572996 0.574538095112524516
0.314449536694018983 0.57454754482762771
0.317594032060958986 0.574545932746434396
0.320769972381569013 0.574533450505867127
0.323977672105384973 0.574510268839519389
0.327217448826437995 0.574476535668174804
0.330489623314702996 0.574432374426937842
0.333794519547849999 0.574377882631840642
0.337132464743327975 0.574313130685334294
0.340503789390761979 0.574238160917104112
0.343908827284668983 0.574152986853950775
0.347347915557515985 0.574057592710374043
0.350821394713090984 0.573951933089775435
0.354329608660222006 0.573835932885054079
0.357872904746823983 0.573709487366653281
0.361451633794292015 0.573572462445901765
0.365066150132234979 0.573424695101659276
0.368716811633558017 0.573265993958846587
0.372403979749892977 0.573096140008196309
0.376128019547392001 0.57291488745761654
0.379889299742866005 0.572721964706613518
0.383688192740294975 0.57251707543628938
0.387525074667697977 0.572299899808416446
0.391400325414375028 0.57207009576779666
0.395314328668518011 0.57182730044254082
0.399267471955204012 0.571571131636912311
0.403260146674756015 0.571301189410925003
0.407292748141503014 0.571017057739870215
0.411365675622917981 0.570718306245388995
0.415479332379147026 0.570404491987569262
0.419634125702939009 0.570075161304822942
0.423830466959968011 0.569729851685066069
0.428068771629568023 0.569368093648019991
0.432349459345863996 0.568989412614379186
0.436672953939321984 0.568593330733253133
0.441039683478716027 0.568179368634831872
0.445450080313503027 0.567747047070803812
0.449904581116638003 0.567295888400794257
0.454403626927804005 0.566825417879288085
0.458947663197082023 0.566335164694116711
0.46353713982905298 0.565824662705068593
0.46817251122734399 0.565293450829482347
0.472854236339616985 0.564741073021031825
0.477582778703013022 0.564167077788509164
0.482358606490042974 0.563571017203254976
0.487182192554943994 0.562952445347106312
0.492054014480493018 0.562310916157441665
0.496974554625297993 0.561645980631953035
0.501944300171551006 0.560957183363303802
0.506963743173266979 0.560244058382655674
0.512033380604999033 0.559506124301069274
0.517153714411048959 0.558742878748943128
0.522325251555159964 0.557953792125597037
0.527548504070710966 0.557138300683797549
0.532823989111418039 0.55629579898708259
0.538152229002533011 0.555425631790963381
0.543533751292557987 0.554527085412208742
0.548969088805484007 0.553599378663072406
0.554458779693537962 0.552641653439374658
0.560003367490473969 0.55165296506235606
0.565603401165377995 0.550632272484103735
0.571259435177032038 0.549578428474697844
0.576972029528802999 0.548490169916060033
0.582741749824090993 0.547366108332411616
0.588569167322330999 0.546204720790391951
0.594454858995554947 0.545004341302982032
0.600399407585510025 0.543763152870558875
0.606403401661364971 0.542479180289592078
0.612467435677979011 0.541150283854863856
0.618592110034759002 0.539774154074679879
0.624778031135105993 0.538348307510590152
0.631025811446456975 0.536870083843793311
0.637336069560922036 0.535336644259920225
0.643709430256531046 0.533744971232526066
0.65014652455909705 0.532091869773607895
0.65664798980468797 0.530373970207093426
0.663214469702734011 0.528587732508770225
0.669846614399762008 0.526729452243749896
0.676545080543758948 0.524795268120567981
0.683310531349196948 0.522781171169528935
0.690143636662688964 0.520683015542120486
0.697045073029315954 0.518496530918298837
0.704015523759608963 0.516217336499280033
0.71105567899720501 0.513840956555164485
0.718166235787176976 0.511362837489215849
0.725347898145048964 0.50877836637385998
0.732601377126498976 0.50608289090729941
0.739927390897764048 0.503271740733934658
0.747326664806742036 0.500340250066335979
0.754799931454808948 0.497283781541042691
0.762347930769357029 0.494097751234927385
0.769971410077051055 0.490777654762797944
0.777671124177822026 0.48731909437029669
0.785447835419599949 0.48371780692871591
0.793302313773796008 0.479969692729909192
0.801235336911534035 0.476070844969980034
0.809247690280649024 0.472017579799736298
0.817340167183456034 0.467806466808064036
0.825513568855290036 0.463434359791404404
0.833768704543842998 0.458898427648539775
0.842106391589282022 0.454196185225140658
0.850527455505173946 0.449325523917173564
0.854780092782699952 0.446820217917832108
0.859032730060225957 0.444284741826706964
0.863327893710526983 0.441693659212763601
0.867623057360828009 0.439072573248232401
0.871961172647632954 0.436395252715283233
0.874130230291034982 0.435045419717732862
0.87629928793443701 0.433688217248728636
0.878490036154273013 0.432310024544062588
0.880680784374109016 0.430924440857046565
0.882871532593945019 0.429531531971426239
0.885062280813781022 0.428131365090889671
0.887274936515815016 0.426709899185318542
0.889487592217850009 0.425281171493840648
0.891700247919885003 0.423845255539614385
0.893912903621918997 0.422402226236589629
0.898382468140028978 0.419465923095176108
0.90285203265813796 0.416501552657407959
0.907366292821428999 0.413479728100898669
0.911880552984720039 0.410430661171259037
0.916439955749643986 0.407324194161099051
0.920999358514567046 0.404191453519468502
0.925604355307140025 0.40100152297258479
0.930209352099712006 0.397786433897374891
0.939511445620709984 0.391218723654227551
0.948906560076916983 0.384492072885044334
0.958395625677685992 0.377610868648529052
0.967979581934462985 0.370580139561336064
0.977659377753806957 0.363405556539956431
0.987435971531344991 0.356093429487276292
0.997310331246659021 0.348650699751428594
1.00728343455912994 0.341084928219492212
1.01735626890471997 0.333404278947806276
1.02752983159375999 0.325617498273450823
1.03780512990969997 0.317733889397594782
1.04818318120880005 0.309763282479990743
1.05866501302088989 0.301716000334252721
1.06925166315109998 0.293602819865284803
1.07994417978260993 0.285434929441926777
1.09074362158043003 0.277223882449174563
1.10165105779623995 0.268981547314124159
1.1126675683742 0.260720054347383656
1.12379424405794004 0.25245173978585761
1.13503218649852 0.244189087463564297
1.14638250836350997 0.235944668572654753
1.15784633344714005 0.227731080007389897
1.16942479678161004 0.21956088180826297
1.18111904474942997 0.211446534241746753
1.19293023519691999 0.203400335062334653
1.20485953754888997 0.195434357507994455
1.21690813292438005 0.187560389577471509
1.22299267358900998 0.18365183508721003
1.22907721425362992 0.179789875127754406
1.23522260032489006 0.175937358181052023
1.24136798639615997 0.172133857313272326
1.24447140636215003 0.170231927256608018
1.2475748263281401 0.168342745484348022
1.25067824629412994 0.166466387437462837
1.25378166626012 0.164602924864459238
1.25534889334294997 0.163666798454359469
1.25691612042576994 0.162733986550879617
1.26005057459141989 0.160878338758020017
1.26318502875707006 0.159036044145549643
1.26631948292272001 0.157207161673386886
1.26948528163002994 0.155373660678295111
1.2726510803373301 0.153553951035835329
1.27581687904464003 0.151748082243969157
1.27898267775194996 0.149956100117755675
1.28218013444632994 0.148160336774991297
1.28537759114070993 0.146378821971758
1.2917725045294699 0.142858678513201498
1.29823136705211994 0.139361577493865213
1.30469022957476999 0.135923203037409623
1.31121368072264 0.132510194083524463
1.31773713187051 0.129157314419274971
1.32432581752987 0.125831967946557544
1.33091450318922 0.12256795963256277
1.33756907570516992 0.119333489288057565
1.34422364822111007 0.116161368777661339
1.35094476646222006 0.113020621845511302
1.35766588470332006 0.109943037277036845
1.36445421412684009 0.106898487776791104
1.3712425435503599 0.103917713451864124
1.38495496898586001 0.0980893914888047447
1.39880451867572009 0.0924613097485720709
1.4127925638624701 0.0870359543124296919
1.42692048950110006 0.0818150676094896445
1.44118969439611 0.0767996619180005835
1.45560159134006994 0.0719900374875589444
1.47015760725346989 0.0673858049877161941
1.48485918332601008 0.0629859119515070454
1.49970777515927001 0.0587886728509298892
1.51470485291085999 0.0547918024152738992
1.52985190143997007 0.0509924517828713036
1.54515042045437001 0.0473872470621887268
1.56060192465891001 0.0439723298693431228
1.5762079439054999 0.0407433994059710619
1.59197002334455995 0.03769575564369404
1.60788972357800009 0.0348243431889572463
1.62396862081378002 0.0321237954144706697
1.64020830702192 0.0295884784604599632
1.65661039009214006 0.0272125347298900616
1.67317649399306001 0.0249899255264459316
1.6899082589329899 0.0229144725116634251
1.70680734152231994 0.0209798976877385024
1.72387541493753993 0.0191798616446230974
1.74111416908692007 0.0175079998434967236
1.75852531077779006 0.0159579567430374429
1.77611056388557009 0.0145234176095413829
1.7938716695244199 0.0131981378864264396
1.81181038621966994 0.0119759700324293308
1.82992849008185998 0.0108508877705440661
1.84822777498268009 0.00981700772094468675
1.86671005273251001 0.00886860842058880862
1.88537715325983002 0.00800014675946001536
1.90423092479243006 0.00720627188838737776
1.92327323404035999 0.00648183667580277175
1.94250596638076001 0.00582190681055605279
1.96193102604456993 0.00522176766494737536
1.98155033630500998 0.00467692904640184919
2.00136583966805981 0.00418312797771685715
2.02137949806474015 0.00373632965465132581
2.04159329304538995 0.00333272673584791238
2.06200922597584002 0.00296873712385983249
2.08262931823559994 0.00264100039751860279
2.10345561141796011 0.00234637305523434933
2.12449016753213993 0.00208192272624755205
2.14573506920745993 0.0018449215025799692
2.16719241989954003 0.00163283853867287926
2.18886434409852981 0.0014433320586815508
2.21075298753952021 0.00127424090333775361
2.2328605174149101 0.00112357573942112755
2.2551891225890599 0.000989510045392211993
2.27774101381494987 0.000870370976851943929
2.30051842395310002 0.000764630205370016541
2.32352360819262982 0.00067089481405261395
2.34675884427455994 0.000587898323139706617
2.37022643271729994 0.000514491909073504033
2.39392869704448019 0.000449635870974182303
2.41786798401491998 0.000392391389397069945
2.44204666385506997 0.000341912613700526638
2.4664671304936201 0.000297439106393131917
2.4911318017985602 0.000258288665489663448
2.51604311981654005 0.000223850539222588557
2.54120355101471018 0.000193579041439510417
2.56661558652485988 0.000166987570672034969
2.5922817423900999 0.000143643031176197549
2.61820455981400002 0.00012316065020229853
2.64438660541213988 0.000105199182324144708
2.67083047146627006 8.94564888115436426e-05
2.69753877618092996 7.56654777276715644e-05
2.72451416394273993 6.35903886314951688e-05
2.75175930558217008 5.30234044216439367e-05
2.7792768986379901 4.3781571925272e-05
2.80706966762436982 3.57040122686494776e-05
2.83514036430061012 2.86494018196716417e-05
2.86349176794362004 2.24937045225636839e-05
2.89212668562305009 1.71281367100183628e-05
2.92104795247928006 1.2457345938219405e-05
2.95025843200407989 8.39778600934109577e-06
2.97976101632412016 4.87627109029541138e-06
3.00955862648735994 1.82869267562099137e-06
3.03965421275223013 -8.0111595082265374e-07
3.07005075487974999 -3.06238215018372096e-06
3.10075126242854981 -4.99827668023328745e-06
3.13175877505284017 -6.64668920673931349e-06
3.16307636280336979 -8.04090804791060746e-06
3.1947071264314002 -9.21021467795581836e-06
3.22665419769570994 -1.01804026002594378e-05
3.25892073967267004 -1.09742293244881815e-05
3.29150994706939981 -1.16118093507787178e-05
3.32442504654009019 -1.21109552819794213e-05
3.35766929700548999 -1.24874734541800046e-05
3.39124598997555005 -1.27554197976613011e-05
3.42515844987529983 -1.29273210150529205e-05
3.45941003437406014 -1.30143655901456738e-05
3.49400413471779991 -1.30265686180169383e-05
3.5289441760649698 -1.29729139728969725e-05
3.5642336178256202 -1.28614769021139004e-05
3.59987595400387983 -1.26995297498242346e-05
3.63587471354391978 -1.24936331701750029e-05
3.67223346067935985 -1.22497148830846488e-05
3.70895579528614983 -1.19731377539707131e-05
3.74604535323901011 -1.16687587385270671e-05
3.7835058067713998 -1.13409800221802699e-05
3.82134086483912006 -1.09937934983621011e-05
3.85955427348751012 -1.06308195676012946e-05
3.89814981622237999 -1.02553410981946157e-05
3.93713131438460984 -9.87033326657525093e-06
3.97650262752845007 -9.47848988933718352e-06
4.01626765380374007 -9.0822467672583645e-06
4.05643033034178035 -8.68380248284090814e-06
4.09699463364519012 -8.28513702524109145e-06
4.13796457998164957 -7.88802855858618508e-06
4.1793442257814597 -7.49406860027544705e-06
4.22113766803927959 -7.10467583380111596e-06
4.26334904471966958 -6.72110874491431729e-06
4.30598253516687013 -6.3444772396860392e-06
4.34904236051854021 -5.97575337742956958e-06
4.39253278412371984 -5.61578132985487818e-06
4.43645811196495998 -5.2652866596471588e-06
4.48082269308461001 -4.92488499638209344e-06
4.52563092001545009 -4.59509017487076468e-06
4.57088722921560997 -4.27632189029689736e-06
4.61659610150776967 -3.96891291553733205e-06
4.66276206252284009 -3.67311591857137239e-06
4.70938968314807038 -3.38910991165529173e-06
4.75648357997954996 -3.11700635876140719e-06
4.80404841577935038 -2.85685496349033416e-06
4.8520888999371401 -2.60864915612497665e-06
4.90060978893651011 -2.37233129557759373e-06
4.94961588682587994 -2.14779759959758542e-06
4.99911204569414025 -1.9349028146653225e-06
5.04910316615108012 -1.73346463543323506e-06
5.09959419781259005 -1.5432678823279598e-06
5.15059013979071967 -1.36406844494723216e-06
5.20209604118861968 -1.19559699813256315e-06
5.25411700160050987 -1.03756249703686545e-06
5.30665817161650999 -8.89655457107175527e-07
5.35972475333267973 -7.51551024636801949e-07
5.41332200086601034 -6.22911843392140123e-07
5.46745522087466984 -5.03390722760529636e-07
5.52212977308341024 -3.92633112885803024e-07
5.57735107081424974 -2.90279392337473643e-07
5.63312458152238982 -1.9596697398662332e-07
5.68945582733762034 -1.0933223492195688e-07
5.74635038561098987 -3.00122764240552723e-08
5.80381388946709986 4.23534797890822478e-08
5.86185202836176966 1.08121852632096629e-07
5.92047054864539035 1.67644613432133302e-07
5.97967525413184031 2.21267341631440892e-07
6.03947200667315975 2.69328417464947203e-07
6.09986672673989982 3.12158144528733584e-07
6.16086539400729016 3.50077995049338824e-07
6.22247404794736969 3.83399970591031853e-07
6.28469878842683993 4.12426070901564643e-07
6.34754577631110983 4.37447863599129558e-07
6.41102123407422031 4.58746147443763156e-07
6.4751314464149603 4.76590702017116855e-07
6.53988276087911036 4.91240116753388155e-07
6.60528158848790969 5.02941692420684339e-07
6.67133440437277958 5.11931408343774388e-07
6.73804774841651 5.18433948883614281e-07
6.80542822590068042 5.2266278294288349e-07
6.87348250815967976 5.24820290546835528e-07
6.94221733324128021 5.25097930850731059e-07
7.01163950657369028 5.23676446245297631e-07
7.08175590163943003 5.20726097565549349e-07
7.15257346065581956 5.1640692575171746e-07
7.22409919526238031 5.10869035659722796e-07
7.29634018721501043 5.04252898068428096e-07
7.36930358908715988 4.96689666277849507e-07
7.44299662497803016 4.88301504032985899e-07
7.51742659122781021 4.79201921838413311e-07
7.59260085714008959 4.69496119046399478e-07
7.66852686571149 4.59281329403228894e-07
7.74521213436860023 4.48647168022626984e-07
7.82266425571229007 4.37675978019692412e-07
7.90089089826941038 4.26443175282366614e-07
7.97989980725211012 4.1501759007919754e-07
8.05969880532462923 4.03461804401646474e-07
8.14029579337787013 3.91832484116215031e-07
8.22169875131164929 3.80180705156790322e-07
8.30391573882477019 3.68552273121356992e-07
8.38695489621301959 3.56988035750696543e-07
8.47082444517515043 3.4552418786121893e-07
8.55553268962690083 3.34192568381159481e-07
8.64108801652317027 3.230209492007468e-07
8.72749889668840062 3.12033315594520809e-07
8.81477388565529019 3.01250138009690003e-07
8.90292162451184055 2.90688635040271853e-07
8.99195084075696016 2.80363027424755444e-07
9.08187034916453051 2.70284782917156785e-07
9.1726890526561693 2.60462851889383069e-07
9.26441594318274042 2.50903893528601436e-07
9.35706010261455923 2.41612492498380837e-07
9.45063070364071045 2.32591365938037448e-07
9.54513701067712006 2.23841560682281696e-07
9.6405883807838908 2.15362640593563961e-07
9.73699426459172912 2.0715286391356292e-07
9.83436420723763938 1.99209350558239439e-07
9.93270784931002026 1.91528239303255728e-07
10.0320349278030996 1.84104834833332454e-07
10.1323552770811993 1.76933744660070659e-07
10.2336788298519998 1.70009005947765112e-07
10.3360156181504994 1.63324202324832641e-07
10.4393757743319995 1.56872570799758748e-07
10.5437695320753004 1.50647098943261208e-07
10.6492072273961007 1.44640612542604462e-07
10.7556992996700007 1.38845853978408096e-07
10.8632562926666996 1.33255551617863787e-07
10.9718888555934004 1.27862480560573371e-07
11.0816077441493004 1.22659515112626479e-07
11.1924238215908005 1.17639673401001919e-07
11.3043480598066992 1.12796154572677747e-07
11.4173915404048003 1.08122369050382892e-07
11.5315654558087992 1.03611962339502647e-07
11.6468811103669001 9.92588328974419045e-08
11.7633499214705992 9.50571445879666846e-08
11.8809834206853004 9.10013342480807857e-08
11.9997932548922002 8.70861148943572005e-08
12.1197911874411002 8.33064750891606807e-08
12.2409890993155006 7.9657674975213298e-08
12.3633989903085997 7.61352394700554746e-08
12.4870329802116995 7.2734949090286138e-08
12.6119033100137994 6.94528288499725533e-08
12.7380223431140003 6.62851356485743198e-08
12.8654025665451002 6.3228344532147105e-08
12.9940565922105993 6.02791341778107078e-08
13.1239971581327008 5.74343719165783218e-08
13.2552371297140006 5.46910985738991147e-08
13.3877895010112002 5.20465133717568542e-08
13.5216673960213001 4.94979591011435039e-08
13.6568840699814995 4.7042907739914699e-08
13.7934529106812995 4.46789466589493891e-08
13.9313874397881001 4.240376552940325e-08
14.0707013141859996 4.02151440161859917e-08
14.2114083273277991 3.81109403177174101e-08
14.3535224106010997 3.60890805897179752e-08
14.4970576347070992 3.4147549271393149e-08
14.6420282110541997 3.22843803157424848e-08
14.7884484931648004 3.04976493119960861e-08
14.9363329780964005 2.87854664770127674e-08
15.0856963078774005 2.71459704838437954e-08
15.2365532709560991 2.55773230893012626e-08
15.3889188036656996 2.40777045179489779e-08
15.5428079917024 2.26453095573645285e-08
15.6982360716193998 2.12783443182900479e-08
15.8552184323355991 1.99750236133453079e-08
16.0137706166588991 1.87335689088892509e-08
16.1739083228255005 1.75522068061889624e-08
16.3356474060537984 1.64291680100915985e-08
16.4990038801143015 1.53626867456055751e-08
16.6639939189155015 1.43510005850968945e-08
16.8306338581046013 1.33923506510046094e-08
16.9989401966857017 1.24849821609521053e-08
17.1689295986525003 1.16271452838882063e-08
17.3406188946390003 1.08170962772607217e-08
17.5140250835853983 1.00530988763366747e-08
17.6891653344213005 9.33342590751212514e-09
17.8660569877655 8.65636109793583449e-09
18.0447175576431 8.02020105399079449e-09
18.2251647332196001 7.42325738122797048e-09
18.4074163805518012 6.86385891828080235e-09
18.5914905443572991 6.34035405717932261e-09
18.7774054498008987 5.85111312242379296e-09
18.9651795042988986 5.39453078119868329e-09
19.1548312993419003 4.969028457301671e-09
19.3463796123353013 4.57305672177161345e-09
19.5398434084586015 4.20509763385285786e-09
19.7352418425431999 3.8636670068784109e-09
19.932594260968699 3.5473165748904832e-09
20.1319202035783 3.25463603735313452e-09
20.3332394056141013 2.98425496113822128e-09
20.5365717996702983 2.73484452106380215e-09
20.7419375176670009 2.50511906258840538e-09
20.9493568928435998 2.29383747279899816e-09
21.1588504617721007 2.09980434850810766e-09
21.3704389663897985 1.92187095305774882e-09
21.5841433560537013 1.75893595625454513e-09
21.7999847896142001 1.60994595468901636e-09
22.0179846375103985 1.47389577245396924e-09
22.2381644838855017 1.34982854493955906e-09
22.4605461287242996 1.2368355908865838e-09
22.6851515900115999 1.13405608019602528e-09
22.9120031059117011 1.04067650707961251e-09
23.1411231369708013 9.5592997997026569e-10
23.3725343683404994 8.79095341174754066e-10
23.6062597120238991 8.0949613052565981e-10
23.8423223091442011 7.4649940827625943e-10
24.0807455322355999 6.89514453178194282e-10
24.3215529875580003 6.37991352096278024e-10
24.564768517433599 5.91419497662081177e-10
24.8104162026079003 5.49326010362980206e-10
25.0585203646339991 5.11274101131999871e-10
25.3091055682803017 4.76861389967665028e-10
25.5621966239631 4.45718195400911086e-10
25.8178185902027018 4.17505808766561869e-10
26.0759967761048017 3.91914766257391896e-10
26.3367567438657986 3.68663130669674186e-10
26.6001243113045014 3.47494793616270573e-10
26.8661255544175006 3.28177807814634847e-10
27.1347868099616996 3.1050275787462911e-10
27.4061346780612993 2.94281176838753177e-10
27.6801960248419014 2.79344014582338866e-10
27.9569979850903003 2.65540163081498298e-10
28.2365679649412016 2.52735042514464586e-10
28.5189336445906996 2.40809251188884968e-10
28.8041229810365991 2.29657281391181168e-10
29.0921642108468994 2.19186302439752212e-10
29.3830858529554 2.09315011494699633e-10
29.6769167114849992 1.99972552033417226e-10
29.9736858785997988 1.91097499342973279e-10
30.2734227373858005 1.82636911904035497e-10
30.5761569647597007 1.74545447143026323e-10
30.8819185344073013 1.66784539704170772e-10
31.1907377197513007 1.59321640135450065e-10
31.5026450969488003 1.52129511685635487e-10
31.8176715479183017 1.45185582766994034e-10
32.1358482633974987 1.38471352543108456e-10
32.4572067460315026 1.31971847047004252e-10
32.7817788134917976 1.25675123214888994e-10
33.1095966016266985 1.19571818229320454e-10
33.4406925676429978 1.13654741596976978e-10
33.7750994933194022 1.07918507435309069e-10
34.1128504882525974 1.02359204504797556e-10
34.4539789931351024 9.69741015955012666e-11
34.7985187830664984 9.17613859546786324e-11
35.1465039708972 8.6719932523999943e-11
35.4979690106060985 8.18491018379515882e-11
35.8529487007121972 7.71485645180014098e-11
36.211478187719301 7.2618150378730804e-11
36.573592969596497 6.82577202416582125e-11
36.939328899292498 6.40670586296650941e-11
37.308722188285401 6.00457855894525286e-11
37.6818094101682988 5.61932859616072185e-11
38.0586275042699 5.25086544878515831e-11
38.439213779312702 4.8990655213258368e-11
38.8236059171058017 4.56376937082227635e-11
39.2118419762768013 4.24478007010825853e-11
39.6039603960395965 3.94186257781999518e-11
40 3.65474398742258255e-11
