-40 -1e-06
-39.6039603960396 -1e-06
-39.2118419762768 -1e-06
-38.8236059171058 -1e-06
-38.4392137793127 -1e-06
-38.0586275042699 -1e-06
-37.6818094101683 -1e-06
-37.3087221882854 -1e-06
-36.9393288992925 -1e-06
-36.5735929695965 -1e-06
-36.2114781877193 -1e-06
-35.8529487007122 -1e-06
-35.4979690106061 -1e-06
-35.1465039708972 -1e-06
-34.7985187830665 -1e-06
-34.4539789931351 -1e-06
-34.1128504882526 -1e-06
-33.7750994933194 -1e-06
-33.440692567643 -1e-06
-33.1095966016267 -1e-06
-32.7817788134918 -1e-06
-32.4572067460315 -1e-06
-32.1358482633975 -1e-06
-31.8176715479183 -1e-06
-31.5026450969488 -1e-06
-31.1907377197513 -1e-06
-30.8819185344073 -1e-06
-30.5761569647597 -1e-06
-30.2734227373858 -1e-06
-29.9736858785998 -1e-06
-29.676916711485 -1e-06
-29.3830858529554 -1e-06
-29.0921642108469 -1e-06
-28.8041229810366 -1e-06
-28.5189336445907 -1e-06
-28.2365679649412 -1e-06
-27.9569979850903 -1e-06
-27.6801960248419 -1e-06
-27.4061346780613 -1e-06
-27.1347868099617 -1e-06
-26.8661255544175 -1e-06
-26.6001243113045 -1e-06
-26.3367567438658 -1e-06
-26.0759967761048 -1e-06
-25.8178185902027 -1e-06
-25.5621966239631 -1e-06
-25.3091055682803 -1e-06
-25.058520364634 -1e-06
-24.8104162026079 -1e-06
-24.5647685174336 -1e-06
-24.321552987558 -1e-06
-24.0807455322356 -1e-06
-23.8423223091442 -1e-06
-23.6062597120239 -1e-06
-23.3725343683405 -1e-06
-23.1411231369708 -1e-06
-22.9120031059117 -1e-06
-22.6851515900116 -1e-06
-22.4605461287243 -1e-06
-22.2381644838855 -1e-06
-22.0179846375104 -1e-06
-21.7999847896142 -1e-06
-21.5841433560537 -1e-06
-21.3704389663898 -1e-06
-21.1588504617721 -1e-06
-20.9493568928436 -1e-06
-20.741937517667 -1e-06
-20.5365717996703 -1e-06
-20.3332394056141 -1e-06
-20.1319202035783 -1e-06
-19.9325942609687 -1e-06
-19.7352418425432 -1e-06
-19.5398434084586 -1e-06
-19.3463796123353 -1e-06
-19.1548312993419 -1e-06
-18.9651795042989 -1e-06
-18.7774054498009 -1e-06
-18.5914905443573 -1e-06
-18.4074163805518 -1e-06
-18.2251647332196 -1e-06
-18.0447175576431 -1e-06
-17.8660569877655 -1e-06
-17.6891653344213 -1e-06
-17.5140250835854 -1e-06
-17.340618894639 -1e-06
-17.1689295986525 -1e-06
-16.9989401966857 -1e-06
-16.8306338581046 -1e-06
-16.6639939189155 -1e-06
-16.4990038801143 -1e-06
-16.3356474060538 -1e-06
-16.1739083228255 -1e-06
-16.0137706166589 -1e-06
-15.8552184323356 -1e-06
-15.6982360716194 -1e-06
-15.5428079917024 -1e-06
-15.3889188036657 -1e-06
-15.2365532709561 -1e-06
-15.0856963078774 -1e-06
-14.9363329780964 -1e-06
-14.7884484931648 -1e-06
-14.6420282110542 -1e-06
-14.4970576347071 -1e-06
-14.3535224106011 -1e-06
-14.2114083273278 -1e-06
-14.070701314186 -1e-06
-13.9313874397881 -1e-06
-13.7934529106813 -1e-06
-13.6568840699815 -1e-06
-13.5216673960213 -1e-06
-13.3877895010112 -1e-06
-13.255237129714 -1e-06
-13.1239971581327 -1e-06
-12.9940565922106 -1e-06
-12.8654025665451 -1e-06
-12.738022343114 -1e-06
-12.6119033100138 -1e-06
-12.4870329802117 -1e-06
-12.3633989903086 -1e-06
-12.2409890993155 -1e-06
-12.1197911874411 -1e-06
-11.9997932548922 -1e-06
-11.8809834206853 -1e-06
-11.7633499214706 -1e-06
-11.6468811103669 -1e-06
-11.5315654558088 -1e-06
-11.4173915404048 -1e-06
-11.3043480598067 -1e-06
-11.1924238215908 -1e-06
-11.0816077441493 -1e-06
-10.9718888555934 -1e-06
-10.8632562926667 -1e-06
-10.75569929967 -1e-06
-10.6492072273961 -1e-06
-10.5437695320753 -1e-06
-10.439375774332 -1e-06
-10.3360156181505 -1e-06
-10.233678829852 -1e-06
-10.1323552770812 -1e-06
-10.0320349278031 -1e-06
-9.93270784931002 -1e-06
-9.834364207237639 -1e-06
-9.736994264591729 -1e-06
-9.640588380783891 -1e-06
-9.54513701067712 -1e-06
-9.45063070364071 -1e-06
-9.357060102614559 -1e-06
-9.26441594318274 -1e-06
-9.172689052656169 -1e-06
-9.081870349164531 -1e-06
-8.99195084075696 -1e-06
-8.902921624511841 -1e-06
-8.81477388565529 -1e-06
-8.727498896688401 -1e-06
-8.64108801652317 -1e-06
-8.555532689626901 -1e-06
-8.47082444517515 -1e-06
-8.38695489621302 -1e-06
-8.30391573882477 -1e-06
-8.221698751311649 -1e-06
-8.14029579337787 -1e-06
-8.059698805324629 -1e-06
-7.97989980725211 -1e-06
-7.90089089826941 -1e-06
-7.82266425571229 -1e-06
-7.7452121343686 -1e-06
-7.66852686571149 -1e-06
-7.59260085714009 -1e-06
-7.51742659122781 -1e-06
-7.44299662497803 -1e-06
-7.36930358908716 -1e-06
-7.29634018721501 -1e-06
-7.22409919526238 -1e-06
-7.15257346065582 -1e-06
-7.08175590163943 -1e-06
-7.01163950657369 -1e-06
-6.94221733324128 -1e-06
-6.87348250815968 -1e-06
-6.80542822590068 -1e-06
-6.73804774841651 -1e-06
-6.67133440437278 -1e-06
-6.60528158848791 -1e-06
-6.53988276087911 -1e-06
-6.47513144641496 -1e-06
-6.41102123407422 -1e-06
-6.34754577631111 -1e-06
-6.28469878842684 -1e-06
-6.22247404794737 -1e-06
-6.16086539400729 -1e-06
-6.0998667267399 -1e-06
-6.03947200667316 -1e-06
-5.97967525413184 -1e-06
-5.92047054864539 -1e-06
-5.86185202836177 -1e-06
-5.8038138894671 -1e-06
-5.74635038561099 -1e-06
-5.68945582733762 -1e-06
-5.63312458152239 -1e-06
-5.57735107081425 -1e-06
-5.52212977308341 -1e-06
-5.46745522087467 -1e-06
-5.41332200086601 -1e-06
-5.35972475333268 -1e-06
-5.30665817161651 -1e-06
-5.25411700160051 -1e-06
-5.20209604118862 -1e-06
-5.15059013979072 -1e-06
-5.09959419781259 -1e-06
-5.04910316615108 -1e-06
-4.99911204569414 -1e-06
-4.94961588682588 -1e-06
-4.90060978893651 -1e-06
-4.85208889993714 -1e-06
-4.80404841577935 -1e-06
-4.75648357997955 -1e-06
-4.70938968314807 -1e-06
-4.66276206252284 -1e-06
-4.61659610150777 -1e-06
-4.57088722921561 -1e-06
-4.52563092001545 -1e-06
-4.48082269308461 -1e-06
-4.43645811196496 -1e-06
-4.39253278412372 -1e-06
-4.34904236051854 -1e-06
-4.30598253516687 -1e-06
-4.26334904471967 -1e-06
-4.22113766803928 -1e-06
-4.17934422578146 -1e-06
-4.13796457998165 -1e-06
-4.09699463364519 -1e-06
-4.05643033034178 -1e-06
-4.01626765380374 -1e-06
-3.97650262752845 -1e-06
-3.93713131438461 -1.05041199775355e-06
-3.89814981622238 -1.18873161457568e-06
-3.85955427348751 -1.34344022728129e-06
-3.82134086483912 -1.51615757903084e-06
-3.7835058067714 -1.70863552588608e-06
-3.74604535323901 -1.92276658283295e-06
-3.70895579528615 -2.16059286392482e-06
-3.67223346067936 -2.42431542930363e-06
-3.63587471354392 -2.71630404726265e-06
-3.59987595400388 -3.03910737672862e-06
-3.56423361782562 -3.39546358158007e-06
-3.52894417606497 -3.78831137788414e-06
-3.4940041347178 -4.2208015264964e-06
-3.45941003437406 -4.69630876565629e-06
-3.4251584498753 -5.21844419318804e-06
-3.39124598997555 -5.79106809532285e-06
-3.35766929700549 -6.41830324249023e-06
-3.32442504654009 -7.10454852461004e-06
-3.2915099470694 -7.8544932128568e-06
-3.25892073967267 -8.67313146761142e-06
-3.22665419769571 -9.56577736768708e-06
-3.1947071264314 -1.05380802730923e-05
-3.16307636280337 -1.15960405875452e-05
-3.13175877505284 -1.27460259306681e-05
-3.10075126242855 -1.39947875575337e-05
-3.07005075487975 -1.53494771473788e-05
-3.03965421275223 -1.68176638383488e-05
-3.00955862648736 -1.84073515095926e-05
-2.97976101632412 -2.01269962210158e-05
-2.95025843200408 -2.19855237750242e-05
-2.92104795247928 -2.39923475692061e-05
-2.89212668562305 -2.6157386278863e-05
-2.86349176794362 -2.84910816722062e-05
-2.83514036430061 -3.10044163885869e-05
-2.80706966762437 -3.37089315051309e-05
-2.77927689863799 -3.66167441427012e-05
-2.75175930558217 -3.97405647997303e-05
-2.72451416394274 -4.30937143492011e-05
-2.69753877618093 -4.6690140834532e-05
-2.67083047146627 -5.05444364206839e-05
-2.64438660541214 -5.4671853017259e-05
-2.618204559814 -5.90883179553969e-05
-2.5922817423901 -6.38104505294489e-05
-2.56661558652486 -6.88555754965209e-05
-2.54120355101471 -7.42417403005337e-05
-2.51604311981654 -7.99877262782936e-05
-2.49113180179856 -8.61130651282657e-05
-2.46646713049362 -9.2638053122366e-05
-2.44204666385507 -9.95837636501025e-05
-2.41786798401492 -0.000106972060857631
-2.39392869704448 -0.000114825615947267
-2.3702264327173 -0.000123167919144094
-2.34675884427456 -0.000132023295087904
-2.32352360819263 -0.000141416919409075
-2.3005184239531 -0.000151374831528819
-2.27774101381495 -0.000161923956437171
-2.25518912258906 -0.000173092119276592
-2.23286051741491 -0.000184908069121852
-2.21075298753952 -0.000197401496810804
-2.18886434409853 -0.000210603057988353
-2.16719241989954 -0.000224544417832996
-2.14573506920746 -0.000239258251860362
-2.12449016753214 -0.000254778299050262
-2.10345561141796 -0.000271139392359974
-2.0826293182356 -0.000288377499680403
-2.06200922597584 -0.000306529769605727
-2.04159329304539 -0.000325634574304972
-2.02137949806474 -0.000345731593384932
-2.00136583966806 -0.000366861814128796
-1.98155033630501 -0.000389067658059783
-1.96193102604457 -0.000412393020913284
-1.94250596638076 -0.000436883357281917
-1.92327323404036 -0.000462585760114343
-1.90423092479243 -0.00048954907808732
-1.88537715325983 -0.00051782391727152
-1.86671005273251 -0.000547462914425368
-1.84822777498268 -0.000578520664198432
-1.82992849008186 -0.000611053965186719
-1.81181038621967 -0.000645121871068407
-1.79387166952442 -0.000680785871849937
-1.77611056388557 -0.000718109903796665
-1.75852531077779 -0.000757160673633355
-1.74111416908692 -0.000798007628323694
-1.72387541493754 -0.000840723196774012
-1.70680734152232 -0.000885382877167063
-1.68990825893299 -0.000932065455224436
-1.67317649399306 -0.000980852898882921
-1.65661039009214 -0.00103183114763566
-1.64020830702192 -0.00108508920515299
-1.62396862081378 -0.0011407202347372
-1.607889723578 -0.00119882112109882
-1.59197002334456 -0.00125949285835225
-1.5762079439055 -0.00132284046030823
-1.56060192465891 -0.00138897318663644
-1.54515042045437 -0.00145800444317348
-1.52985190143997 -0.00153005192885589
-1.51470485291086 -0.00160523776093233
-1.49970777515927 -0.00168368822575253
-1.48485918332601 -0.00176553392261549
-1.47015760725347 -0.00185090960963727
-1.45560159134007 -0.0019399543069098
-1.44118969439611 -0.00203281067416481
-1.4269204895011 -0.00212962536042786
-1.41279256386247 -0.00223054880062105
-1.39880451867572 -0.00233573471834088
-1.38495496898586 -0.00244533760620114
-1.37124254355036 -0.00255952219642452
-1.36445421412684 -0.00261823213537731
-1.35766588470332 -0.00267844492491514
-1.35094476646222 -0.00273958094655478
-1.34422364822111 -0.00280227153956727
-1.33756907570517 -0.0028659150316188
-1.33091450318922 -0.00293116709029574
-1.32432581752987 -0.00299740073431607
-1.31773713187051 -0.00306529756802248
-1.31121368072264 -0.003134204353653
-1.30469022957477 -0.00320482950668453
-1.29823136705212 -0.00327649249154205
-1.29177250452947 -0.00334992821124553
-1.28537759114071 -0.00342443081423228
-1.28218013444633 -0.00346236430008618
-1.27898267775195 -0.00350076150746099
-1.27581687904464 -0.00353924021623638
-1.27265108033733 -0.00357818396428115
-1.26948528163003 -0.00361759895654033
-1.26631948292272 -0.00365749095571819
-1.26318502875707 -0.00369746351001876
-1.26005057459142 -0.00373791481612436
-1.25691612042577 -0.00377885170734836
-1.25534889334295 -0.0037995035296093
-1.25378166626012 -0.00382027901954906
-1.25067824629413 -0.00386178530118895
-1.24757482632814 -0.00390378461441525
-1.24447140636215 -0.00394628227550381
-1.24136798639616 -0.00398928385868562
-1.23522260032489 -0.00407594963178914
-1.22907721425363 -0.00416466088240153
-1.22299267358901 -0.00425456163553127
-1.21690813292438 -0.00434655961762073
-1.20485953754889 -0.00453513229642435
-1.19293023519692 -0.00473049758121794
-1.18111904474943 -0.00493280552434517
-1.16942479678161 -0.00514217202794413
-1.15784633344714 -0.00535871149276322
-1.14638250836351 -0.00558252796070081
-1.13503218649852 -0.005813714541898
-1.12379424405794 -0.00605235261078276
-1.1126675683742 -0.00629851106333528
-1.10165105779624 -0.00655224531903465
-1.09074362158043 -0.00681359651012711
-1.07994417978261 -0.00708259093051714
-1.0692516631511 -0.00735923939072754
-1.05866501302089 -0.00764353602920354
-1.0481831812088 -0.00793545868992402
-1.0378051299097 -0.00823496737099498
-1.02752983159376 -0.00854200520433342
-1.01735626890472 -0.00885649673582341
-1.00728343455913 -0.00917834888297343
-0.997310331246659 -0.00950744880241426
-0.987435971531345 -0.00984366803458545
-0.977659377753807 -0.010186857452002
-0.967979581934463 -0.010536851827421
-0.958395625677686 -0.0108934675660335
-0.948906560076917 -0.0112565041122784
-0.93951144562071 -0.0116257327644756
-0.930209352099712 -0.012000960428916
-0.92560435530714 -0.012190249345487
-0.920999358514567 -0.0123818958076218
-0.916439955749644 -0.0125739482494059
-0.91188055298472 -0.0127682943001945
-0.907366292821429 -0.0129629701518563
-0.902852032658138 -0.0131598825869605
-0.898382468140029 -0.0133570365146832
-0.893912903621919 -0.0135563725957485
-0.891700247919885 -0.0136558528131763
-0.88948759221785 -0.0137558640253747
-0.887274936515815 -0.0138564020824919
-0.885062280813781 -0.0139574666425318
-0.882871532593945 -0.0140580474401702
-0.880680784374109 -0.0141591409062552
-0.878490036154273 -0.0142607456296204
-0.876299287934437 -0.0143628597630278
-0.874130230291035 -0.0144644628233692
-0.871961172647633 -0.0145665601466414
-0.867623057360828 -0.0147722382848673
-0.863327893710527 -0.0149778030153948
-0.859032730060226 -0.0151852735431865
-0.8547800927827 -0.0153925491749765
-0.8505274555051739 -0.0156016446574878
-0.842106391589282 -0.0160210311197164
-0.833768704543843 -0.0164430659570858
-0.82551356885529 -0.0168674475074457
-0.817340167183456 -0.0172938278269809
-0.809247690280649 -0.017721874976658
-0.801235336911534 -0.0181512576149684
-0.793302313773796 -0.0185816509208002
-0.7854478354195999 -0.0190127339483518
-0.777671124177822 -0.0194441933156374
-0.7699714100770511 -0.0198757213961464
-0.762347930769357 -0.0203070232008962
-0.7547999314548089 -0.0207378094745797
-0.747326664806742 -0.0211678041326262
-0.739927390897764 -0.0215967392844581
-0.732601377126499 -0.0220243692438505
-0.725347898145049 -0.0224504453840031
-0.718166235787177 -0.0228747428548018
-0.711055678997205 -0.0232970408301572
-0.704015523759609 -0.0237171614779194
-0.697045073029316 -0.0241348894900977
-0.690143636662689 -0.024550068042705
-0.6833105313491969 -0.0249625327515142
-0.6765450805437589 -0.0253721458957638
-0.669846614399762 -0.0257787739356326
-0.663214469702734 -0.0261823008286197
-0.656647989804688 -0.0265826229307381
-0.650146524559097 -0.0269796496240954
-0.643709430256531 -0.0273733051024181
-0.637336069560922 -0.0277635266932029
-0.631025811446457 -0.0281502577350189
-0.624778031135106 -0.028533461035822
-0.618592110034759 -0.0289131065787975
-0.612467435677979 -0.0292891768974379
-0.606403401661365 -0.0296616575847901
-0.60039940758551 -0.0300305578966466
-0.5944548589955549 -0.0303958839374615
-0.588569167322331 -0.0307576640011843
-0.582741749824091 -0.0311159149455376
-0.576972029528803 -0.0314706788919454
-0.571259435177032 -0.0318219975042905
-0.565603401165378 -0.0321699242824598
-0.560003367490474 -0.0325145146963262
-0.554458779693538 -0.0328558306003314
-0.548969088805484 -0.0331939441092897
-0.543533751292558 -0.0335289261187402
-0.538152229002533 -0.033860858156284
-0.532823989111418 -0.0341898228001988
-0.527548504070711 -0.0345159061264151
-0.52232525155516 -0.0348391987153814
-0.517153714411049 -0.0351597941284035
-0.512033380604999 -0.0354777844870328
-0.506963743173267 -0.0357932793037627
-0.501944300171551 -0.0361063668368261
-0.496974554625298 -0.0364171519334732
-0.492054014480493 -0.0367257376683348
-0.487182192554944 -0.0370322157348913
-0.482358606490043 -0.0373367008369871
-0.477582778703013 -0.037639296381395
-0.472854236339617 -0.0379400844187071
-0.468172511227344 -0.0382391769848812
-0.463537139829053 -0.0385366663274495
-0.458947663197082 -0.0388326481066296
-0.454403626927804 -0.0391273136194808
-0.449904581116638 -0.0394204441088975
-0.445450080313503 -0.0397124335265472
-0.441039683478716 -0.0400032589422509
-0.436672953939322 -0.0402929966513269
-0.432349459345864 -0.0405817183324071
-0.428068771629568 -0.0408694939446924
-0.423830466959968 -0.0411563812214824
-0.419634125702939 -0.0414424431611923
-0.415479332379147 -0.0417277259549065
-0.411365675622918 -0.0420122816730392
-0.407292748141503 -0.0422961482344207
-0.403260146674756 -0.042579359465131
-0.399267471955204 -0.0428619515726581
-0.395314328668518 -0.0431439450000934
-0.391400325414375 -0.0434253608266255
-0.387525074667698 -0.0437062117069808
-0.383688192740295 -0.0439865070666501
-0.379889299742866 -0.0442662525055368
-0.376128019547392 -0.0445454452417079
-0.372403979749893 -0.0448240828110196
-0.368716811633558 -0.0451021552700912
-0.365066150132235 -0.0453796502353613
-0.361451633794292 -0.0456565493018519
-0.357872904746824 -0.0459328391093321
-0.354329608660222 -0.0462084903999874
-0.350821394713091 -0.0464834848675647
-0.347347915557516 -0.0467577927226755
-0.343908827284669 -0.0470313862096271
-0.340503789390762 -0.0473042417099223
-0.337132464743328 -0.0475763214936622
-0.33379451954785 -0.0478476011414031
-0.330489623314703 -0.0481180493132865
-0.327217448826438 -0.0483876366972689
-0.323977672105385 -0.0486563331278695
-0.320769972381569 -0.0489241162567
-0.317594032060959 -0.0491909528840072
-0.314449536694019 -0.049456824422676
-0.311336174944573 -0.0497217029269533
-0.308253638558984 -0.0499855734510647
-0.305201622335627 -0.0502484120643667
-0.30217982409468 -0.0505102117238609
-0.299187944648198 -0.0507709536126079
-0.296225687770494 -0.0510306319650515
-0.293292760168805 -0.0512892343538345
-0.290388871454263 -0.0515467624185056
-0.287513734113132 -0.0518032140237075
-0.284667063478348 -0.0520585905399846
-0.281848577701335 -0.0523128994045892
-0.279057997724094 -0.0525661425678022
-0.276295047251578 -0.052818336032131
-0.273559452724335 -0.0530694911337071
-0.27085094329142 -0.0533196221774986
-0.268169250783585 -0.0535687484238149
-0.265514109686717 -0.0538168876667215
-0.262885257115562 -0.0540640630947694
-0.260282432787685 -0.0543102924799284
-0.257705378997708 -0.0545556079360135
-0.25515384059179 -0.0548000247625314
-0.252627564942366 -0.0550435712771657
-0.250126301923135 -0.0552862748802098
-0.247649803884292 -0.0555281603136785
-0.245197825628012 -0.0557692496514057
-0.24277012438417 -0.0560095700895866
-0.240366459786307 -0.0562491438944026
-0.237986593847829 -0.0564879960751584
-0.235630290938444 -0.0567261408386426
-0.233297317760836 -0.0569636026937452
-0.23098744332756 -0.0572003983694045
-0.228700438938179 -0.0574365372646458
-0.226436078156613 -0.057672039904248
-0.224194136788725 -0.0579069089165129
-0.221974392860124 -0.0581411540850223
-0.219776626594182 -0.0583747771326697
-0.217600620390279 -0.0586077797255525
-0.215446158802257 -0.0588401546694377
-0.213313028517086 -0.0590718967990064
-0.211201018333748 -0.0593029872651119
-0.209109919142325 -0.0595334076799009
-0.207039523903292 -0.0597631164442868
-0.204989627627022 -0.0599920420988477
-0.202960027353487 -0.0602202417555909
-0.200950522132166 -0.0604458365996307
-0.198960913002144 -0.0606791430904098
-0.19699100297242 -0.0609078784406169
-0.195040597002396 -0.0611344885449643
-0.19310950198257 -0.0613601466305543
-0.191197526715416 -0.0615848889752242
-0.189304481896452 -0.0618087327705101
-0.187430180095497 -0.062031666283874
-0.185574435738115 -0.0622536743591238
-0.183737065087243 -0.0624747286286065
-0.181917886224993 -0.0626948077637742
-0.180116719034647 -0.0629138755285509
-0.178333385182818 -0.0631319069067673
-0.1765677081018 -0.0633488696803488
-0.17481951297208 -0.0635647378270299
-0.173088626705029 -0.0637794797816987
-0.171374877925772 -0.0639930681228145
-0.169678096956209 -0.0642054776219763
-0.167998115798227 -0.0644166807554649
-0.166334768117057 -0.0646266579997814
-0.164687889224809 -0.0648353865426503
-0.163057316064167 -0.0650428479213732
-0.161442887192244 -0.065249026657096
-0.159844442764598 -0.0654539030161756
-0.158261824519404 -0.0656574827470768
-0.156694875761787 -0.0658597410665745
-0.155143441348303 -0.0660606817893161
-0.153607367671588 -0.0662602920363031
-0.152086502645136 -0.0664585903361728
-0.150580695688254 -0.0666555642823657
-0.149089797711142 -0.0668512254249883
-0.147613661100141 -0.0670455881215727
-0.14615213970311 -0.0672386642220416
-0.14470508881496 -0.0674304667954997
-0.143272365163327 -0.0676210112159017
-0.141853826894383 -0.0678103365286747
-0.140449333558795 -0.0679984476208603
-0.139058746097817 -0.0681853861603757
-0.137681926829522 -0.0683711638580575
-0.13631873943517 -0.0685558319286305
-0.134969048945713 -0.0687394072784229
-0.133632721728429 -0.0689219348988223
-0.132309625473692 -0.0691034543709482
-0.130999629181873 -0.0692839928516682
-0.129702603150369 -0.069463599350415
-0.128418418960762 -0.0696423073099461
-0.127146949466101 -0.0698201656754116
-0.125888068778317 -0.0699972122286095
-0.12464165225576 -0.070173490111316
-0.123407576490851 -0.0703490431003505
-0.122185719297873 -0.0705239087034091
-0.120975959700864 -0.070698129160287
-0.119778177921647 -0.0708717535614066
-0.118592255367968 -0.0710448161529671
-0.11741807462175 -0.0712173567215469
-0.116255519427476 -0.0713894143841199
-0.115104474680669 -0.0715610326797038
-0.113964826416504 -0.0717322356548924
-0.112836461798519 -0.0719030625418318
-0.111719269107444 -0.0720735484673222
-0.110613137730143 -0.0722437238346265
-0.109517958148656 -0.0724136171247562
-0.108433621929363 -0.0725832579399974
-0.10736002171224 -0.0727526601146463
-0.106297051200238 -0.0729218728108328
-0.10524460514875 -0.0730909001297376
-0.104202579355198 -0.0732597655238623
-0.103170870648711 -0.0734284858983883
-0.102149376879912 -0.0735970798900398
-0.101137996910804 -0.0737655629398595
-0.100136630604756 -0.0739339511409185
-0.0991451788165905 -0.0741022499334828
-0.0981635433827629 -0.0742704830448294
-0.0971916271116464 -0.0744386464764772
-0.0962293337739073 -0.0746067602017492
-0.0952765680929776 -0.0747748334090275
-0.0943332357356213 -0.0749428683643566
-0.0933992433025954 -0.0751108711989033
-0.0924744983194014 -0.0752788557332014
-0.0915589092271301 -0.0754468347512481
-0.09065238537339609 -0.0756148034958415
-0.08975483700336249 -0.0757827892647603
-0.0888661752508539 -0.0759507836053807
-0.0879863121295584 -0.0761188044082979
-0.0871151605243152 -0.0762868626527482
-0.0862526341824903 -0.0764549741018911
-0.085398647705436 -0.0766231567317212
-0.0845531165400356 -0.0767914284284673
-0.08371595697033229 -0.0769598031988963
-0.08288708610923989 -0.0771283052745397
-0.0820664218903365 -0.0772969637616739
-0.0812538830597391 -0.0774657972715513
-0.08044938916805849 -0.0776348456587508
-0.0796528605624342 -0.0778041338909504
-0.0788642183786477 -0.0779736994322145
-0.07808338453331461 -0.0781435928378435
-0.07731028171615301 -0.0783138430088478
-0.0765448333823297 -0.0784844998185491
-0.07578696374488091 -0.0786556216493626
-0.07503659776720881 -0.0788272498243637
-0.07429366115565229 -0.0789994462768233
-0.073558080352131 -0.0791722697955035
-0.0728297825268624 -0.079345779091666
-0.0721086955711509 -0.0795200480834227
-0.0713947480902484 -0.0796951395127401
-0.0706878693962855 -0.0798711246024401
-0.0699879895012728 -0.0800480774794252
-0.0692950391101711 -0.0802260780904843
-0.0686089496140308 -0.0804052016172741
-0.0679296530831988 -0.0805855282451981
-0.06725708226059279 -0.0807671435661103
-0.06659117055504241 -0.0809501177860886
-0.0659318520346955 -0.0811345548948493
-0.0652790614204906 -0.0813205231288875
-0.0646327340796936 -0.0815081138789878
-0.0639928060194986 -0.0816974137291587
-0.0633592138806917 -0.081888500226914
-0.0627318949313779 -0.0820814652865791
-0.0621107870607702 -0.0822763874435219
-0.0614958287730398 -0.0824733491317158
-0.0608869591812276 -0.0826724163782685
-0.0602841180012154 -0.0828737006254629
-0.0596872455457578 -0.0830772452249854
-0.0590962827185721 -0.0832831346476265
-0.0585111710084872 -0.0834914374612192
-0.0579318524836507 -0.0837022209058057
-0.0573582697857928 -0.0839155471694789
-0.0567903661245473 -0.0841314778656155
-0.056228085271829 -0.0843500698709673
-0.0556713715562664 -0.0845713753580297
-0.0551201698576895 -0.0847954367530962
-0.0545744256016727 -0.0850223267495076
-0.0540340847541314 -0.0852520531142745
-0.0534990938159717 -0.08548466828991
-0.0529693998177938 -0.0857202086735496
-0.0524449503146473 -0.0859587038792859
-0.0519256933808389 -0.0862001790925709
-0.051411577604791 -0.0864446540442423
-0.0509025520839515 -0.0866921670443535
-0.0503985664197539 -0.0869427129078857
-0.0498995707126277 -0.087196329833803
-0.0494055155570571 -0.0874530263140176
-0.0489163520366902 -0.0877128127800388
-0.0484320317194952 -0.0879756871966323
-0.0479525066529656 -0.0882416619115579
-0.0474777293593719 -0.0885107561132006
-0.0470076528310613 -0.0887829727944549
-0.0465422305258032 -0.0890583124992755
-0.0460814163621814 -0.0893367796975934
-0.0456251647150311 -0.0896183957197364
-0.0451734304109219 -0.0899031701072883
-0.044726168723685 -0.0901910939134245
-0.0442833353699852 -0.0904821862894268
-0.0438448865049358 -0.0907764576612771
-0.0434107787177582 -0.0910739259964864
-0.0429809690274834 -0.0913746050861981
-0.0425554148786964 -0.0916784959676006
-0.0421340741373232 -0.0919856461613701
-0.0417169050864586 -0.0922960654755816
-0.0413038664222363 -0.092609784788465
-0.0408949172497389 -0.092926830268828
-0.0404900170789494 -0.0932472331688537
-0.0400891258207419 -0.0935710242809515
-0.0396922037829128 -0.0938982522500156
-0.0392992116662503 -0.0942289488645662
-0.0389101105606439 -0.0945631482629991
-0.0385248619412316 -0.0949009008393362
-0.0381434276645857 -0.0952422654765996
-0.0377657699649363 -0.0955872687299674
-0.037391851450432 -0.0959359891717002
-0.0370216350994376 -0.0962884265421276
-0.036655084256869 -0.0966447064736154
-0.0362921626305633 -0.0970048143221731
-0.0359328342876865 -0.0973688488499954
-0.0355770636511747 -0.0977368299787991
-0.0352248154962126 -0.0981088227812487
-0.0348760549467451 -0.0984848624769211
-0.0345307474720249 -0.0988650337014929
-0.0341888588831929 -0.0992493283494356
-0.033850355329894 -0.0996378730217319
-0.0335152032969248 -0.100030635557093
-0.0331833696009156 -0.100427670097165
-0.0328548213870451 -0.100829043751837
-0.0325295261257873 -0.101234757485341
-0.0322074516096904 -0.101644849694424
-0.0318885659501885 -0.102059342560787
-0.031572837574444 -0.102478249901201
-0.0312602352222218 -0.102901607083668
-0.0309507279427939 -0.10332939655463
-0.0306442850918751 -0.103761637837891
-0.0303408763285892 -0.104198335642287
-0.0300404716124646 -0.104639471560329
-0.02974304120046 -0.105085052014633
-0.0294485556440198 -0.105535044981029
-0.0291569857861582 -0.105989447452322
-0.0288683027585725 -0.10644822933447
-0.0285824779787846 -0.106911354198497
-0.0282994831473115 -0.107378815693472
-0.0280192902448629 -0.107850526775301
-0.0277418715295672 -0.108326493505542
-0.027467199534225 -0.108806670496341
-0.0271952470635891 -0.10929100548922
-0.0269259871916724 -0.109779441332654
-0.0266593932590815 -0.110271917130185
-0.0263954388703778 -0.110768426907976
-0.0261340978914631 -0.11126888002028
-0.0258753444469932 -0.11177323955133
-0.025619152917815 -0.112281448857597
-0.0253654979384307 -0.112793429042994
-0.0251143543944859 -0.113309152711055
-0.024865697420283 -0.113828563488975
-0.0246195023963198 -0.114351618231854
-0.0243757449468513 -0.114878248541826
-0.0241344009374766 -0.115408404057458
-0.0238954464727491 -0.115942052586973
-0.023658857893811 -0.116479140690799
-0.0234246117760505 -0.117019629169996
-0.0231926849267826 -0.117563453664202
-0.0229630543829531 -0.118110613580202
-0.0227356974088645 -0.118661055595314
-0.0225105914939252 -0.119214747558257
-0.022287714350421 -0.119771659857389
-0.0220670439113079 -0.120331764131494
-0.0218485583280276 -0.120895035264994
-0.0216322359683442 -0.121461454352076
-0.0214180554142022 -0.122030999087336
-0.0212059954596061 -0.122603652905765
-0.0209960351085209 -0.123179402968625
-0.020788153572793 -0.123758213260874
-0.0205823302700921 -0.124340110884805
-0.0203785448218733 -0.124925061832873
-0.0201767770513597 -0.125513050285449
-0.0199770069815443 -0.126104082027552
-0.0197792148332122 -0.126698134121755
-0.0195833810229823 -0.127295203625755
-0.0193894861613687 -0.127895292461615
-0.0191975110508601 -0.128498375737186
-0.0190074366840199 -0.129104453905716
-0.0188192442416038 -0.129713508154299
-0.0186329150906968 -0.130325532551115
-0.0184484307828682 -0.130940511634949
-0.0182657730523447 -0.131558439474362
-0.0180849238142027 -0.132179279606213
-0.0179058651625769 -0.132803008855897
-0.017728579368888 -0.133429628074701
-0.0175530488800872 -0.134059107670791
-0.017379256316918 -0.13469141424958
-0.017207184472196 -0.135326520590685
-0.017036816309105 -0.135964394818424
-0.0168681349595099 -0.136605001188175
-0.016701123722287 -0.137248302415791
-0.0165357660616703 -0.13789425618237
-0.0163720456056142 -0.138542821077742
-0.0162099461441724 -0.139193954522278
-0.0160494516278935 -0.139847601552232
-0.0158905461662312 -0.140503714825059
-0.0157332140259715 -0.141162242389871
-0.0155774396296747 -0.141823116789632
-0.0154232075541334 -0.142486295264237
-0.0152705025288449 -0.143151711299777
-0.0151193094344999 -0.143819303150068
-0.0149696133014851 -0.144489018035994
-0.0148213993084011 -0.145160759066154
-0.0146746527805951 -0.145834491286175
-0.014529359188708 -0.146510149692196
-0.0143855041472357 -0.147187621054834
-0.0142430734131046 -0.147866884172432
-0.014102052884262 -0.1485478552682
-0.0139624285982792 -0.149230460255731
-0.0138241867309695 -0.149914632185925
-0.0136873135950193 -0.15060031029766
-0.013551795638633 -0.151287373154959
-0.0134176194441911 -0.151975804964899
-0.0132847717269219 -0.152665518719286
-0.013153239333586 -0.15335643785991
-0.0130230092411743 -0.154048494578873
-0.0128940685556181 -0.154741618711808
-0.012766404510513 -0.155435739594203
-0.0126400044658544 -0.156130792830067
-0.0125148559067866 -0.156826702547482
-0.0123909464423629 -0.1575234026949
-0.0122682638043197 -0.158220824331231
-0.0121467958458611 -0.158918901496253
-0.0120265305404566 -0.159617567103406
-0.0119074559806501 -0.160316763141991
-0.0117895603768812 -0.161016411647172
-0.0116728320563181 -0.161716448771372
-0.0115572594617011 -0.162416819281837
-0.0114428311501991 -0.163117452864381
-0.0113295357922763 -0.16381829280175
-0.0112173621705706 -0.164519242720431
-0.0111062991787828 -0.165220309622545
-0.010996335820577 -0.165921369838686
-0.0108874612084921 -0.166622378771196
-0.0107796645628634 -0.167323276459507
-0.0106729352107559 -0.168024002604612
-0.0105672625849068 -0.168724498502795
-0.01046263622268 -0.169424691597948
-0.0103590457650297 -0.170124537808207
-0.010256480955475 -0.170823962539568
-0.0101549316390841 -0.171522910805902
-0.0100543877614694 -0.172221321274921
-0.00995483936779152 -0.172919141554911
-0.009856276601773781 -0.173616295519534
-0.009758689704726511 -0.174312736223456
-0.00966206901458071 -0.175008403619461
-0.009566404964931391 -0.1757032351227
-0.00947168808409049 -0.176397169749574
-0.009377908994149 -0.177090153041511
-0.00928505841004851 -0.177782128612703
-0.00919312713866189 -0.178473032842773
-0.00910210607788306 -0.179162809924287
-0.0090119862157258 -0.17985140596993
-0.008922758629431491 -0.180538763587173
-0.008834414484585631 -0.181224823308987
-0.008746945034243199 -0.181909528408193
-0.008660341618062581 -0.182592839020995
-0.0085745956614481 -0.183274683165154
-0.00848969867470108 -0.183955014368798
-0.008405642252179289 -0.184633785628973
-0.00832241807146464 -0.185310936421306
-0.00824001789253925 -0.185986422259616
-0.00815843355696956 -0.186660189647917
-0.00807765698709857 -0.187332191372476
-0.00799768018524611 -0.188002379859464
-0.00791849523291694 -0.18867070803439
-0.00784009429001677 -0.189337130024793
-0.00776246959407601 -0.190001603503224
-0.0076856134594812 -0.190664080851254
-0.00760951827671406 -0.191324524069226
-0.00753417651159808 -0.191982890593232
-0.00745958070455255 -0.192639142782606
-0.00738572346985401 -0.193293238671513
-0.00731259749490496 -0.193945144656825
-0.00724019553950986 -0.194594821675109
-0.00716851043515828 -0.195242237474933
-0.00709753508431513 -0.195887358972329
-0.00702726245971795 -0.196530151607193
-0.00695768560368114 -0.197170587414169
-0.00688879762740707 -0.197808636043992
-0.00682059171030403 -0.198444269302221
-0.00675306109931092 -0.199077461750408
-0.00668619910822863 -0.199708185737275
-0.00661999911705805 -0.20033641831051
-0.0065544545713446 -0.200962135831552
-0.00648955898152931 -0.201585316654622
-0.00642530592230625 -0.202205940088757
-0.00636168903198638 -0.202823986601302
-0.00629870201186771 -0.203439438420705
-0.00623633862561159 -0.204052277112165
-0.00617459269862534 -0.204662487269728
-0.00611345811745083 -0.205270053665424
-0.00605292882915924 -0.205874962201119
-0.00599299884075172 -0.206477200095229
-0.00593366221856606 -0.207076755245231
-0.00587491308768917 -0.207673612468496
-0.00581674563137541 -0.208267769357449
-0.0057591540904707 -0.208859210897387
-0.00570213276284228 -0.209447929714903
-0.00564567600281414 -0.210033918074544
-0.00558977822060806 -0.210617168888563
-0.00553443388179016 -0.211197675472995
-0.00547963750672293 -0.211775434665423
-0.0054253836700227 -0.212350437490694
-0.00537166700002248 -0.212922682411581
-0.00531848217824008 -0.213492165186892
-0.00526582393885156 -0.214058882729337
-0.00521368706816986 -0.21462282362852
-0.00516206640412858 -0.215184012759798
-0.00511095683577087 -0.215742421676031
-0.00506035330274343 -0.21629805840609
-0.00501025079479548 -0.216850919486692
-0.00496064435128265 -0.217401013743897
-0.00491152906067589 -0.217948332053341
-0.00486290006007514 -0.218492876689026
-0.00481475253472786 -0.219034654859405
-0.00476708171755234 -0.219573660932492
-0.00471988288866568 -0.220109898965386
-0.00467315137491651 -0.220643372574953
-0.00462688254942229 -0.221174080694344
-0.00458107183111118 -0.221702029852449
-0.00453571468426849 -0.222227219163724
-0.00449080661808762 -0.222749682610316
-0.00444634318622536 -0.223269365455259
-0.00440231998636175 -0.223786298752996
-0.00435873265976411 -0.224300486927564
-0.00431557689085555 -0.224811933753025
-0.00427284840678767 -0.225320591126683
-0.0042305429770175 -0.225826619332008
-0.00418865641288861 -0.226329866405331
-0.00414718456721645 -0.226830388829515
-0.00410612333387767 -0.227328191112293
-0.00406546864740364 -0.227823277886937
-0.00402521648257786 -0.228315653897044
-0.00398536285403748 -0.228805291523593
-0.0039459038158787 -0.229292261832301
-0.00390683546126603 -0.229776534416387
-0.00386815392204558 -0.230258116132209
-0.00382985536836196 -0.230737013528243
-0.00379193600827917 -0.231213231106406
-0.00375439208740512 -0.231686771928834
-0.00371721988851992 -0.232157645316712
-0.00368041573120784 -0.232625853683083
-0.00364397597149291 -0.233091403697171
-0.00360789700147813 -0.233554300609122
-0.00357217524898825 -0.234014550855201
-0.00353680717721609 -0.234472159805965
-0.00350178928437236 -0.23492713326789
-0.00346711810333897 -0.235379477142979
-0.00343279020132572 -0.235829197016391
-0.00339880217953041 -0.236276299622302
-0.00336515067280239 -0.236720789740325
-0.00333183234930929 -0.237162674361799
-0.00329884391020722 -0.237601959268455
-0.00326618208931408 -0.23803865060284
-0.00323384365278622 -0.23847275454429
-0.00320182539879824 -0.238904277314166
-0.00317012415722598 -0.239333225177253
-0.00313873678933265 -0.239759604442749
-0.00310766018745807 -0.240183421551637
-0.00307689127471096 -0.240604682704164
-0.00304642700466432 -0.241023394334277
-0.00301626436105378 -0.241439563010159
-0.00298640035747899 -0.241853195145809
-0.00295683203710791 -0.242264296925014
-0.00292755647238407 -0.242672877316237
-0.0028985707647367 -0.24307893755468
-0.00286987204429376 -0.243482487490765
-0.00284145746959779 -0.243883538956987
-0.00281332422732454 -0.244282091672698
-0.0027854695320045 -0.244678154764945
-0.00275789062574703 -0.245071735103681
-0.00273058477796735 -0.245462839999043
-0.00270354928511619 -0.245851475620392
-0.00267678147041207 -0.246237649369122
-0.00265027868357631 -0.24662136829844
-0.0026240383005706 -0.247002639508761
-0.00259805772333723 -0.247381469749322
-0.00257233437954181 -0.247757867013713
-0.00254686572231862 -0.248131838148571
-0.00252164923001844 -0.248503390447818
-0.00249668240595885 -0.248872531254827
-0.00247196277817708 -0.249239267962791
-0.00244748789918523 -0.249603608015077
-0.00242325534572795 -0.249965558905615
-0.00239926271854252 -0.250325128179234
-0.00237550764212131 -0.250682323431963
-0.00235198776447654 -0.251037152311352
-0.00232870075690747 -0.251389622516735
-0.00230564431376977 -0.25173974179946
-0.0022828161522473 -0.252087517963141
-0.00226021401212604 -0.252432958863826
-0.00223783565557034 -0.252776072410167
-0.00221567886690132 -0.253116866563576
-0.00219374145237755 -0.253455349338323
-0.00217202123997777 -0.253791528801625
-0.00215051607918591 -0.254125413073723
-0.00212922384077813 -0.254457010327973
-0.00210814241661201 -0.254786328790993
-0.00208726971941783 -0.25511337512185
-0.00206660368259191 -0.255438160385689
-0.00204614225999199 -0.255760691068711
-0.00202588342573464 -0.256080981065856
-0.0020058251739947 -0.256399034608275
-0.00198596551880663 -0.256714853788502
-0.00196630249386795 -0.257028454681902
-0.00194683415234451 -0.25733984456569
-0.00192755856667773 -0.257649033186539
-0.00190847382839379 -0.257956026905501
-0.00188957804791465 -0.258260837602644
-0.00187086935437094 -0.25856347062876
-0.00185234589541677 -0.258863937079013
-0.0018340058370463 -0.259162245371038
-0.00181584736341218 -0.259458404739596
-0.00179786867664573 -0.259752423720721
-0.00178006799667894 -0.260044311665941
-0.00176244356106825 -0.260334077706472
-0.00174499362482005 -0.260621730955038
-0.00172771646021787 -0.260907280767429
-0.00171061035665136 -0.261190736347472
-0.00169367362044689 -0.261472107008643
-0.00167690457469989 -0.261751402107655
-0.00166030155910881 -0.262028631043528
-0.0016438629298107 -0.262303803256752
-0.00162758705921851 -0.262576928228398
-0.00161147233585991 -0.262848015479176
-0.00159551716421774 -0.263117074568554
-0.00157971996457202 -0.263384115093731
-0.00156407917284358 -0.26364914668867
-0.00154859324043919 -0.263912179022954
-0.00153326063409821 -0.264173221800537
-0.0015180798357408 -0.264432284758075
-0.00150304934231762 -0.264689377662139
-0.00148816766566101 -0.26494451030228
-0.00147343333233764 -0.265197692719382
-0.00145884488350261 -0.265448934576226
-0.00144440087475506 -0.265698245700457
-0.00143009987599511 -0.265945636511979
-0.00141594047128228 -0.266191115972773
-0.00140192125869533 -0.266434694729361
-0.0013880408501934 -0.266676382714198
-0.00137429787147861 -0.266916189931078
-0.00136069096186001 -0.267154126416675
-0.00134721877411882 -0.267390202232326
-0.00133387997437507 -0.267624427461071
-0.00132067324195552 -0.267856812206339
-0.00130759726926289 -0.268087366592037
-0.00129465076164642 -0.268316100766504
-0.00128183243727369 -0.268543024926875
-0.00126914102700365 -0.268768149615901
-0.00125657527426104 -0.268991481929294
-0.00124413393491192 -0.269213037550513
-0.00123181577714052 -0.269432823156127
-0.00121961958132724 -0.26965084953153
-0.00120754413992796 -0.269867126950418
-0.00119558825735442 -0.270081665651621
-0.00118375074985586 -0.270294475870447
-0.00117203044540184 -0.270505567843789
-0.00116042618356618 -0.270714951810808
-0.00114893681541206 -0.270922638012421
-0.00113756120337828 -0.271128636690459
-0.00112629822116661 -0.271332958086659
-0.00111514675363031 -0.271535612441585
-0.00110410569666367 -0.271736609993501
-0.00109317395709274 -0.271935960977248
-0.00108235045256707 -0.272133675623013
-0.00107163411145255 -0.272329764154984
-0.00106102387272529 -0.272524236789684
-0.00105051868586663 -0.272717103733388
-0.00104011751075904 -0.272908375176356
-0.00102981931758321 -0.273098061272295
-0.00101962308671605 -0.273286172917142
-0.00100952780862975 -0.273472719130093
-0.00099953248379183 -0.273657710585192
-0.0009896361225661681 -0.273841157517389
-0.000979837745115018 -0.274023069716483
-0.000970136381301998 -0.274203457588044
-0.000960531070596037 -0.274382331199363
-0.000951020861976275 -0.274559700620458
-0.000941604813837896 -0.274735575908926
-0.0009322819938989071 -0.274909967105346
-0.000923051479107828 -0.275082884231103
-0.000913912355552305 -0.275254337287052
-0.000904863718368619 -0.275424336252361
-0.000895904671652098 -0.275592891083598
-0.000887034328368414 -0.275760011713784
-0.000878251810265756 -0.275925708051595
-0.000869556247787878 -0.276089989980462
-0.000860946779987997 -0.276252867357844
-0.0008524225544435619 -0.276414350014403
-0.000843982727171843 -0.276574447753235
-0.00083562646254638 -0.276733170349174
-0.000827352933214237 -0.276890527548011
-0.000819161320014096 -0.277046529065797
-0.000811050811895145 -0.277201184588167
-0.000803020605836777 -0.277354503769641
-0.000795069906769086 -0.277506496232966
-0.000787197927494145 -0.277657171568481
-0.000779403888608064 -0.277806539333457
-0.000771687018423826 -0.277954609051508
-0.000764046552894877 -0.278101390211993
-0.000756481735539482 -0.278246892269409
-0.000748991817365824 -0.278391124642856
-0.000741576056797845 -0.278534096715461
-0.000734233719601827 -0.278675817833872
-0.00072696407881369 -0.278816297307734
-0.00071976641466702 -0.278955544409205
-0.000712640014521802 -0.279093568372511
-0.000705584172793863 -0.279230378393539
-0.000698598190885013 -0.279365983629528
-0.000691681377113875 -0.279500393198978
-0.0006848330466474 -0.279633616182079
-0.00067805252143307 -0.279765661623068
-0.000671339130131752 -0.279896538519791
-0.00066469220805124 -0.280026256022671
-0.000658111097080435 -0.28015482092811
-0.0006515951456241939 -0.28028224665746
-0.000645143708538805 -0.280408538559741
-0.000638756147068124 -0.280533706283917
-0.000632431828780321 -0.280657758016516
-0.000626170127505268 -0.280780703337115
-0.000619970423272543 -0.28090255031833
-0.000613832102250043 -0.28102330812428
-0.00060775455668321 -0.281142984963971
-0.000601737184834862 -0.281261589391895
-0.000595779390925606 -0.281379129897937
-0.000589880585074857 -0.281495614921939
-0.000584040183242433 -0.281611052856857
-0.000578257607170726 -0.281725452049568
-0.000572532284327451 -0.281838820801135
-0.000566863647848961 -0.281951167366803
-0.00056125113648412 -0.282062499955865
-0.000555694194538733 -0.282172826731633
-0.000550192271820528 -0.282282155811229
-0.000544744823584681 -0.282390495265495
-0.000539351310479882 -0.282497853118872
-0.000534011198494933 -0.282604237349241
-0.000528723958905874 -0.28270965588789
-0.0005234890682236369 -0.282814116619325
-0.000518306008142215 -0.282917627381211
-0.000513174265487342 -0.283020195964332
-0.000508093332165685 -0.283121830112437
-0.00050306270511454 -0.28322253752222
-0.0004980818862520199 -0.283322325843254
-0.000493150382427742 -0.283421202677948
-0.000488267705374002 -0.283519175581485
-0.000483433371657428 -0.283616252061802
-0.000478646902631117 -0.283712439579577
-0.000473907824387244 -0.283807745548205
-0.000469215667710143 -0.283902177333758
-0.000464569968029844 -0.28399574225504
-0.000459970265376083 -0.284088447583562
-0.000455416104332756 -0.284180300543544
-0.000450907033992828 -0.284271308311972
-0.000446442607913691 -0.284361478018609
-0.000442022384072961 -0.284450816746022
-0.000437645924824714 -0.284539331506909
-0.000433312796856152 -0.284627029335024
-0.000429022571144705 -0.284713917148952
-0.00042477482291555 -0.284800001843
-0.000420569131599554 -0.284885290264561
-0.000416405080791638 -0.284969789214198
-0.000412282258209542 -0.285053505445719
-0.000408200255653012 -0.285136445666251
-0.000404158668963379 -0.285218616536346
-0.000400157097983543 -0.285300024670088
-0.00039619514651836 -0.285380676635158
-0.000392272422295405 -0.285460578952975
-0.000388388536926144 -0.285539738098797
-0.000384543105867469 -0.285618160501825
-0.000380735748383633 -0.285695852545362
-0.000376966087508547 -0.285772820566894
-0.000373233750008463 -0.285849070858254
-0.000369538366345013 -0.285924609665742
-0.000365879570638626 -0.285999443190276
-0.000362257000632303 -0.28607357758753
-0.000358670297655746 -0.286147018968094
-0.000355119106589847 -0.28621977339763
-0.000351603075831532 -0.286291846897049
-0.000348121857258943 -0.286363245442713
-0.000344675106196973 -0.286433974966684
-0.000341262481383142 -0.286504041357172
-0.000337883644933803 -0.28657345045965
-0.000334538262310697 -0.286642208082009
-0.000331226002287818 -0.28671032009844
-0.000327946536918632 -0.286777791612639
-0.000324699541503596 -0.286844629168101
-0.000321484694558016 -0.286910837934428
-0.000318301677780214 -0.286976423541356
-0.000315150176020014 -0.287041391534333
-0.000312029877247538 -0.287105747411622
-0.000308940472522315 -0.287169496627985
-0.000305881655962688 -0.287232644595455
-0.000302853124715533 -0.287295196683817
-0.00029985457892627 -0.287357158220892
-0.000296885721709178 -0.287418534492752
-0.000293946259117998 -0.287479330743939
-0.00029103590011683 -0.287539552177704
-0.000288154356551317 -0.287599203956204
-0.000285301343120116 -0.28765829120068
-0.000282476577346649 -0.287716818991739
-0.000279679779551138 -0.287774792369524
-0.000276910672822909 -0.287832216333906
-0.000274168982992979 -0.287889095844764
-0.00027145443860691 -0.287945435822149
-0.00026876677089793 -0.288001241146517
-0.000266105713760327 -0.288056516658967
-0.000263471003723096 -0.288111267161423
-0.000260862379923858 -0.288165497416936
-0.000258279584083027 -0.288219212149911
-0.000255722360478245 -0.288272416046367
-0.000253190455919054 -0.28832511375482
-0.000250683619721836 -0.288377309890102
-0.000248201603684986 -0.288429008845836
-0.000245744162064343 -0.288480215614364
-0.000243311051548854 -0.288530934285498
-0.000240902031236489 -0.288581169433606
-0.000238516862610385 -0.288630925484573
-0.000236155309515233 -0.288680206824988
-0.000233817138133894 -0.288729017804483
-0.000231502116964252 -0.288777362736322
-0.000229210016796289 -0.288825245897711
-0.000226940610689395 -0.288872671530017
-0.000224693673949896 -0.288919643839067
-0.000222468984108808 -0.288966166995321
-0.00022026632089981 -0.289012245134153
-0.000218085466237435 -0.289057882356066
-0.000215926204195481 -0.289103082726893
-0.000213788320985624 -0.289147850278057
-0.000211671604936262 -0.289192189006797
-0.000209575846471546 -0.289236102876404
-0.00020750083809064 -0.289279595816409
-0.000205446374347168 -0.289322671722842
-0.000203412251828879 -0.289365334458466
-0.000201398269137504 -0.289407587852991
-0.000199404226868816 -0.289449435703295
-0.000197429927592887 -0.289490881773656
-0.000195475175834542 -0.289531929795996
-0.000193539778054002 -0.289572583470073
-0.000191623542627725 -0.289612846463738
-0.00018972627982943 -0.289652722413145
-0.000187847801811317 -0.289692214922948
-0.000185987922585462 -0.289731327566605
-0.000184146458005408 -0.289770063886507
-0.000182323225747929 -0.28980842739426
-0.000180518045294979 -0.28984642157089
-0.000178730737915821 -0.28988404986706
-0.000176961126649328 -0.289921315703293
-0.000175209036286463 -0.289958222470212
-0.000173474293352934 -0.289994773528722
-0.000171756726092014 -0.290030972210262
-0.000170056164447538 -0.290066821817005
-0.000168372440047068 -0.290102325622083
-0.000166705386185215 -0.290137486869803
-0.000165054837807144 -0.290172308775852
-0.000163420631492222 -0.290206794527535
-0.000161802605437843 -0.290240947283963
-0.000160200599443409 -0.290274770176286
-0.000158614454894465 -0.290308266307896
-0.000157044014746995 -0.290341438754642
-0.000155489123511876 -0.290374290565034
-0.000153949627239481 -0.290406824760468
-0.000152425373504437 -0.290439044335421
-0.000150916211390531 -0.290470952257655
-0.000149421991475774 -0.29050255146845
-0.000147942565817598 -0.290533844882778
-0.000146477787938216 -0.290564835389532
-0.000145027512810114 -0.290595525851708
-0.000143591596841697 -0.290625919106638
-0.000142169897863067 -0.290656017966169
-0.000140762275111947 -0.290685825216866
-0.00013936858921975 -0.290715343620224
-0.000137988702197772 -0.290744575912852
-0.000136622477423537 -0.29077352480669
-0.000135269779627264 -0.290802192989187
-0.000133930474878479 -0.290830583123505
-0.000132604430572752 -0.290858697848724
-0.000131291515418566 -0.290886539779992
-0.000129991599424323 -0.290914111508775
-0.000128704553885468 -0.290941415602965
-0.000127430251371751 -0.290968454607076
-0.000126168565714605 -0.290995231042082
-0.000124919371994658 -0.291021747402166
-0.000123682546529364 -0.291048006197294
-0.000122457966860757 -0.291074009821118
-0.000121245511743324 -0.291099760741902
-0.000120045061132003 -0.291125261362447
-0.0001188564961703 -0.291150514068809
-0.000117679699178515 -0.291175521225624
-0.000116514553642094 -0.291200285176029
-0.000115360944200093 -0.29122480824167
-0.000114218756633756 -0.291249092722934
-0.000113087877855204 -0.2912731408991
-0.000111968195896241 -0.291296955028512
-0.000110859599897269 -0.291320537348747
-0.000109761980096306 -0.291343890076779
-0.000108675227818124 -0.291367015409203
-0.00010759923546349 -0.291389915522345
-0.000106533896498505 -0.291412592572454
-0.000105479105444064 -0.291435048695899
-0.00010443475786541 -0.291457286009293
-0.000103400750361792 -0.291479306609692
-0.00010237698055623 -0.29150111257475
-0.000101363347085376 -0.291522705962888
-0.000100359749589481 -0.291544088813454
-9.93660887024564e-05 -0.291565263146884
-9.838226604203611e-05 -0.291586230964882
-9.74081842000357e-05 -0.291606994250555
-9.64437467327086e-05 -0.291627554968592
-9.548885815119661e-05 -0.291647915065407
-9.45434239120759e-05 -0.291668076469321
-9.36073504079959e-05 -0.291688041090689
-9.26805449584118e-05 -0.291707810822075
-9.17629158004077e-05 -0.291727387538406
-9.08543720796116e-05 -0.291746773097109
-8.995482384119961e-05 -0.29176596933828
-8.90641820209897e-05 -0.291784978084833
-8.81823584366235e-05 -0.291803801142635
-8.730926577883521e-05 -0.291822440300676
-8.64448176028071e-05 -0.291840897331209
-8.5588928319611e-05 -0.291859173989874
-8.474151318773359e-05 -0.291877272015891
-8.39024883046868e-05 -0.291895193132155
-8.307177059869981e-05 -0.291912939045415
-8.22492778204948e-05 -0.291930511446394
-8.143492853514339e-05 -0.291947912009948
-8.062864211400339e-05 -0.291965142395196
-7.9830338726736e-05 -0.291982204245652
-7.9039939333402e-05 -0.291999099189373
-7.82573656766356e-05 -0.292015828839113
-7.74825402738966e-05 -0.292032394792415
-7.671538640979859e-05 -0.292048798631789
-7.59558281285135e-05 -0.292065041924825
-7.5203790226251e-05 -0.292081126224329
-7.44591982438129e-05 -0.292097053068449
-7.37219784592207e-05 -0.292112823980826
-7.299205788041651e-05 -0.292128440470697
-7.22693642380361e-05 -0.292143904033048
-7.155382597825361e-05 -0.292159216148723
-7.084537225569659e-05 -0.292174378284564
-7.01439329264323e-05 -0.292189391893527
-6.944943854102211e-05 -0.292204258414815
-6.876182033764561e-05 -0.292218979273997
-6.80810102352927e-05 -0.292233555883132
-6.74069408270225e-05 -0.292247989640897
-6.673954537328961e-05 -0.292262281932693
-6.607875779533621e-05 -0.292276434130768
-6.54245126686497e-05 -0.292290447594365
-6.477674521648491e-05 -0.292304323669803
-6.41353913034504e-05 -0.292318063690601
-6.350038742915879e-05 -0.292331668977608
-6.28716707219394e-05 -0.292345140839113
-6.22491789326132e-05 -0.29235848057096
-6.16328504283299e-05 -0.292371689456648
-6.10226241864653e-05 -0.292384768767466
-6.04184397885795e-05 -0.29239771976259
-5.98202374144351e-05 -0.29241054368918
-5.92279578360744e-05 -0.292423241782538
-5.86415424119548e-05 -0.292435815266155
-5.80609330811434e-05 -0.292448265351861
-5.74860723575677e-05 -0.29246059323992
-5.69169033243245e-05 -0.29247280011913
-5.6353369628044e-05 -0.292484887166934
-5.57954154733109e-05 -0.29249685554953
-5.52429856171395e-05 -0.292508706421963
-5.46960253635045e-05 -0.29252044092824
-5.41544805579252e-05 -0.292532060201402
-5.36182975821042e-05 -0.292543565363678
-5.3087423348618e-05 -0.292554957526538
-5.25618052956614e-05 -0.292566237790797
-5.2041391381843e-05 -0.292577407246752
-5.15261300810327e-05 -0.29258846697423
-5.10159703772601e-05 -0.29259941804272
-5.05108617596634e-05 -0.292610261511441
-5.00107542174885e-05 -0.292620998429458
-4.95155982351372e-05 -0.292631629835782
-4.90253447872645e-05 -0.292642156759438
-4.85399453339253e-05 -0.292652580219563
-4.80593518157676e-05 -0.292662901225527
-4.75835166492748e-05 -0.292673120776976
-4.71123927220543e-05 -0.292683239863984
-4.66459333881726e-05 -0.292693259467065
-4.61840924635372e-05 -0.292703180557341
-4.5726824221324e-05 -0.292713004096548
-4.52740833874495e-05 -0.29272273103723
-4.48258251360886e-05 -0.292732362322703
-4.43820050852362e-05 -0.292741898887229
-4.39425792923131e-05 -0.292751341656086
-4.35075042498149e-05 -0.292760691545624
-4.30767368810049e-05 -0.292769949463351
-4.26502345356484e-05 -0.292779116307982
-4.22279549857905e-05 -0.29278819296994
-4.18098564215747e-05 -0.292797180331619
-4.13958974471037e-05 -0.292806079261203
-4.09860370763403e-05 -0.292814890629556
-4.05802347290498e-05 -0.292823615290149
-4.0178450226782e-05 -0.292832254091083
-3.97806437888931e-05 -0.292840807872182
-3.9386776028607e-05 -0.292849277465182
-3.89968079491158e-05 -0.292857663693708
-3.86107009397186e-05 -0.292865967373406
-3.82284167719987e-05 -0.292874189312107
-3.78499175960383e-05 -0.292882330309825
-3.74751659366716e-05 -0.292890391158792
-3.71041246897738e-05 -0.292898372643583
-3.67367571185879e-05 -0.292906275541185
-3.63730268500871e-05 -0.292914100621102
-3.60128978713733e-05 -0.292921848645362
-3.56563345261122e-05 -0.29292952036859
-3.53033015110022e-05 -0.292937116538118
-3.49537638722794e-05 -0.292944637894088
-3.46076870022568e-05 -0.292952085169395
-3.42650366358979e-05 -0.292959459089869
-3.39257788474236e-05 -0.292966760374317
-3.35898800469541e-05 -0.292973989734533
-3.32573069771823e-05 -0.292981147875462
-3.29280267100814e-05 -0.292988235495151
-3.2602006643645e-05 -0.292995253284936
-3.22792144986584e-05 -0.293002201929411
-3.19596183155034e-05 -0.293009082106524
-3.16431864509934e-05 -0.293015894487646
-3.1329887575241e-05 -0.293022639737643
-3.10196906685555e-05 -0.293029318514896
-3.07125650183718e-05 -0.293035931471421
-3.04084802162097e-05 -0.293042479252873
-3.0107406154663e-05 -0.293048962498663
-2.98093130244188e-05 -0.29305538184195
-2.95141713113058e-05 -0.293061737909771
-2.92219517933721e-05 -0.293068031323051
-2.89326255379921e-05 -0.29307426269668
-2.86461638990021e-05 -0.293080432639567
-2.83625385138635e-05 -0.293086541754692
-2.80817213008549e-05 -0.293092590639176
-2.7803684456292e-05 -0.293098579884333
-2.75284004517743e-05 -0.293104510075702
-2.72558420314597e-05 -0.29311038179314
-2.6985982209366e-05 -0.293116195610855
-2.6718794266699e-05 -0.293121952097466
-2.64542517492069e-05 -0.293127651816037
-2.61923284645613e-05 -0.293133295324169
-2.59329984797637e-05 -0.293138883174013
-2.56762361185779e-05 -0.293144415912345
-2.5422015958988e-05 -0.293149894080621
-2.51703128306812e-05 -0.293155318215004
-2.49211018125557e-05 -0.293160688846443
-2.46743582302531e-05 -0.293166006500693
-2.4430057653716e-05 -0.293171271698406
-2.41881758947683e-05 -0.293176484955133
-2.39486890047211e-05 -0.293181646781409
-2.37115732720011e-05 -0.29318675768278
-2.3476805219803e-05 -0.293191818159857
-2.32443616037654e-05 -0.293196828708385
-2.30142194096687e-05 -0.293201789819245
-2.27863558511571e-05 -0.293206701978527
-2.25607483674823e-05 -0.2932115656676
-2.23373746212696e-05 -0.293216381363102
-2.21162124963065e-05 -0.293221149537028
-2.1897240095353e-05 -0.293225870656753
-2.16804357379733e-05 -0.2932305451851
-2.14657779583894e-05 -0.29323517358037
-2.12532455033558e-05 -0.2932397562962
-2.10428173300553e-05 -0.293244293781658
-2.08344726040151e-05 -0.293248786494804
-2.06281906970447e-05 -0.293253234843021
-2.04239511851927e-05 -0.293257639291787
-2.02217338467255e-05 -0.293262000265065
-2.00215186601242e-05 -0.293266318190464
-1.98232858021032e-05 -0.293270593491571
-1.96270156456467e-05 -0.293274826587885
-1.94326887580661e-05 -0.293279017894844
-1.92402858990753e-05 -0.293283167823737
-1.90497880188865e-05 -0.2932872767819
-1.88611762563232e-05 -0.293291345172663
-1.86744319369537e-05 -0.293295373395412
-1.84895365712413e-05 -0.293299361845614
-1.83064718527141e-05 -0.293303310914881
-1.81252196561526e-05 -0.293307220990976
-1.79457620357947e-05 -0.293311092457887
-1.77680812235591e-05 -0.293314925695803
-1.75921596272862e-05 -0.293318721081215
-1.74179798289962e-05 -0.293322478986942
-1.72455245831646e-05 -0.293326199782121
-1.70747768150145e-05 -0.293329883832278
-1.69057196188262e-05 -0.293333531499364
-1.67383362562636e-05 -0.293337143141787
-1.65726101547164e-05 -0.293340719114435
-1.64085249056598e-05 -0.293344259768728
-1.62460642630295e-05 -0.293347765452615
-1.60852121416134e-05 -0.293351236510665
-1.59259526154588e-05 -0.293354673284042
-1.57682699162958e-05 -0.293358076110594
-1.56121484319761e-05 -0.293361445324826
-1.54575727049268e-05 -0.293364781257991
-1.53045274306206e-05 -0.293368084238062
-1.515299745606e-05 -0.293371354589815
-1.50029677782772e-05 -0.293374592634853
-1.48544235428487e-05 -0.293377798691584
-1.47073500424245e-05 -0.293380973075321
-1.45617327152718e-05 -0.293384116098285
-1.44175571438334e-05 -0.293387228069609
-1.42748090533004e-05 -0.293390309295418
-1.41334743101984e-05 -0.293393360078816
-1.39935389209886e-05 -0.293396380719945
-1.38549890306817e-05 -0.293399371515977
-1.37178109214671e-05 -0.293402332761194
-1.35819910113535e-05 -0.29340526474698
-1.34475158528253e-05 -0.293408167761835
-1.33143721315102e-05 -0.293411042091459
-1.31825466648616e-05 -0.293413888018727
-1.3052026400853e-05 -0.293416705823748
-1.29227984166862e-05 -0.293419495783869
-1.27948499175111e-05 -0.2934222581737
-1.26681682351595e-05 -0.29342499326519
-1.25427408268906e-05 -0.293427701327581
-1.24185552741491e-05 -0.293430382627479
-1.22955992813357e-05 -0.293433037428895
-1.21738606745898e-05 -0.293435665993199
-1.2053327400584e-05 -0.29343826857923
-1.19339875253307e-05 -0.293440845443272
-1.18158292330007e-05 -0.293443396839081
-1.16988408247531e-05 -0.293445923017928
-1.15830107175774e-05 -0.293448424228617
-1.14683274431459e-05 -0.293450900717499
-1.13547796466791e-05 -0.293453352728503
-1.12423560858209e-05 -0.293455780503152
-1.11310456295256e-05 -0.293458184280615
-1.10208372569561e-05 -0.293460564297687
-1.09117200563922e-05 -0.293462920788855
-1.08036832241506e-05 -0.29346525398627
-1.06967160635155e-05 -0.293467564119831
-1.05908079836787e-05 -0.293469851417154
-1.04859484986918e-05 -0.293472116103635
-1.03821272264275e-05 -0.293474358402426
-1.0279333887552e-05 -0.29347657853451
-1.01775583045069e-05 -0.293478776718688
-1.00767904005019e-05 -0.29348095317159
-9.977020198516739e-06 -0.293483108107737
-9.878237820313601e-06 -0.293485241739531
-9.780433485459009e-06 -0.293487354277275
-9.68359751035546e-06 -0.293489445929217
-9.587720307282629e-06 -0.293491516901548
-9.492792383448151e-06 -0.29349356739843
-9.39880434004767e-06 -0.293495597622006
-9.30574687133433e-06 -0.293497607772445
-9.21361076369735e-06 -0.293499598047937
-9.12238689474986e-06 -0.293501568644714
-9.0320662324256e-06 -0.293503519757095
-8.942639834084751e-06 -0.293505451577467
-8.85409884562847e-06 -0.293507364296331
-8.76643450062225e-06 -0.293509258102305
-8.679638119427971e-06 -0.293511133182155
-8.593701108344519e-06 -0.293512989720814
-8.508614958756951e-06 -0.293514827901381
-8.42437124629401e-06 -0.293516647905155
-8.34096162999407e-06 -0.293518449911655
-8.25837785147928e-06 -0.293520234098625
-8.1766117341379e-06 -0.29352200064206
-8.09565518231475e-06 -0.293523749716224
-8.01550018050966e-06 -0.293525481493659
-7.93613879258382e-06 -0.293527196145207
-7.85756316097408e-06 -0.29352889384003
-7.77976550591493e-06 -0.293530574745623
-7.702738124668249e-06 -0.293532239027834
-7.62647339076064e-06 -0.293533886850862
-7.55096375322836e-06 -0.293535518377308
-7.47620173586966e-06 -0.293537133768149
-7.40217993650461e-06 -0.293538733182788
-7.32889102624219e-06 -0.293540316779073
-7.25632774875465e-06 -0.293541884713255
-7.18448291955906e-06 -0.293543437140079
-7.113349425306e-06 -0.293544974212751
-7.04292022307524e-06 -0.293546496082969
-6.97318833967846e-06 -0.293548002900934
-6.90414687096877e-06 -0.293549494815369
-6.8357889811572e-06 -0.293550971973533
-6.76810790213584e-06 -0.29355243452122
-6.70109693280776e-06 -0.293553882602804
-6.63474943842353e-06 -0.293555316361222
-6.56905884992428e-06 -0.293556735938009
-6.50401866329137e-06 -0.293558141473301
-6.43962243890235e-06 -0.293559533105847
-6.37586380089341e-06 -0.293560910973039
-6.31273643652813e-06 -0.293562275210908
-6.25023409557241e-06 -0.29356362595415
-6.18835058967565e-06 -0.293564963336105
-6.12707979175807e-06 -0.293566287488833
-6.06641563540403e-06 -0.293567598543074
-6.00635211426141e-06 -0.293568896628282
-5.94688328144694e-06 -0.293570181872636
-5.88800324895737e-06 -0.293571454403034
-5.82970618708651e-06 -0.293572714345148
-5.77198632384803e-06 -0.293573961823392
-5.71483794440399e-06 -0.293575196960959
-5.658255390499e-06 -0.293576419879827
-5.6022330599e-06 -0.293577630700767
-5.54676540584158e-06 -0.293578829543352
-5.49184693647681e-06 -0.293580016526005
-5.43747221433348e-06 -0.293581191765929
-5.38363585577572e-06 -0.293582355379224
-5.33033253047101e-06 -0.293583507480809
-5.27755696086239e-06 -0.293584648184477
-5.22530392164593e-06 -0.29358577760291
-5.17356823925339e-06 -0.293586895847658
-5.12234479133999e-06 -0.293588003029191
-5.07162850627722e-06 -0.293589099256872
-5.02141436265071e-06 -0.293590184638986
-4.97169738876308e-06 -0.293591259282769
-4.92247266214166e-06 -0.293592323294369
-4.87373530905115e-06 -0.293593376778906
-4.82548050401104e-06 -0.293594419840452
-4.77770346931786e-06 -0.293595452582065
-4.73039947457214e-06 -0.293596475105765
-4.68356383621004e-06 -0.293597487512583
-4.63719191703965e-06 -0.293598489902549
-4.59127912578183e-06 -0.2935994823747
-4.54582091661567e-06 -0.293600465027095
-4.50081278872839e-06 -0.293601437956827
-4.45625028586969e-06 -0.293602401260034
-4.41212899591058e-06 -0.293603355031901
-4.36844455040652e-06 -0.293604299366666
-4.32519262416487e-06 -0.293605234357656
-4.2823689348167e-06 -0.293606160097253
-4.23996924239277e-06 -0.293607076676944
-4.19798934890374e-06 -0.293607984187304
-4.15642509792449e-06 -0.293608882718019
-4.11527237418267e-06 -0.293609772357882
-4.07452710315115e-06 -0.293610653194806
-4.03418525064471e-06 -0.293611525315865
-3.9942428224205e-06 -0.293612388807228
-3.95469586378268e-06 -0.293613243754243
-3.91554045919077e-06 -0.293614090241415
-3.87677273187205e-06 -0.293614928352392
-3.83838884343767e-06 -0.293615758170026
-3.80038499350264e-06 -0.293616579776327
-3.76275741930955e-06 -0.293617393252507
-3.72550239535599e-06 -0.293618198678966
-3.68861623302573e-06 -0.293618996135317
-3.6520952802235e-06 -0.293619785700386
-3.61593592101336e-06 -0.293620567452225
-3.58013457526076e-06 -0.293621341468101
-3.54468769827798e-06 -0.293622107824531
-3.50959178047324e-06 -0.293622866597264
-3.47484334700321e-06 -0.293623617861317
-3.44043895742892e-06 -0.293624361690949
-3.40637520537517e-06 -0.293625098159696
-3.37264871819324e-06 -0.293625827340362
-3.33925615662697e-06 -0.293626549305032
-3.30619421448215e-06 -0.293627264125086
-3.27345961829915e-06 -0.293627971871185
-3.24104912702887e-06 -0.293628672613309
-3.20895953171175e-06 -0.293629366420726
-3.17718765516015e-06 -0.293630053362045
-3.14573035164371e-06 -0.293630733505166
-3.11458450657793e-06 -0.293631406917349
-3.08374703621577e-06 -0.293632073665163
-3.05321488734235e-06 -0.293632733814544
-3.02298503697262e-06 -0.29363338743075
-2.9930544920521e-06 -0.293634034578424
-2.9634202891605e-06 -0.29363467532154
-2.93407949421831e-06 -0.293635309723447
-2.90502920219635e-06 -0.293635937846897
-2.87626653682807e-06 -0.293636559753978
-2.84778865032482e-06 -0.293637175506197
-2.81959272309388e-06 -0.293637785164438
-2.79167596345929e-06 -0.293638388788986
-2.76403560738544e-06 -0.293638986439533
-2.7366689182034e-06 -0.293639578175176
-2.70957318634e-06 -0.293640164054433
-2.68274572904951e-06 -0.29364074413524
-2.65618389014803e-06 -0.293641318474951
-2.62988503975052e-06 -0.293641887130383
-2.60384657401042e-06 -0.293642450157765
-2.5780659148618e-06 -0.29364300761277
-2.55254050976416e-06 -0.293643559550533
-2.52726783144966e-06 -0.293644106025639
-2.50224537767293e-06 -0.293644647092127
-2.4774706709633e-06 -0.293645182803513
-2.4529412583795e-06 -0.293645713212775
-2.42865471126683e-06 -0.293646238372376
-2.40460862501667e-06 -0.293646758334255
-2.38080061882838e-06 -0.293647273149833
-2.35722833547365e-06 -0.29364778287003
-2.33388944106302e-06 -0.29364828754526
-2.31078162481487e-06 -0.293648787225432
-2.2879025988266e-06 -0.293649281959982
-2.26525009784812e-06 -0.293649771797825
-2.24282187905755e-06 -0.293650256787427
-2.22061572183915e-06 -0.29365073697675
-2.19862942756352e-06 -0.293651212413289
-2.17686081936982e-06 -0.293651683144073
-2.15530774195032e-06 -0.293652149215661
-2.13396806133695e-06 -0.29365261067416
-2.11283966469005e-06 -0.293653067565211
-2.09192046008916e-06 -0.293653519934005
-2.0712083763259e-06 -0.293653967825294
-2.05070136269891e-06 -0.293654411283379
-2.0303973888108e-06 -0.293654850352123
-2.01029444436713e-06 -0.29365528507497
-1.99039053897736e-06 -0.29365571549491
-1.97068370195778e-06 -0.293656141654533
-1.95117198213641e-06 -0.293656563595976
-1.93185344765982e-06 -0.293656981361006
-1.9127261858018e-06 -0.293657394990925
-1.89378830277406e-06 -0.293657804526661
-1.87503792353867e-06 -0.293658210008734
-1.85647319162245e-06 -0.293658611477251
-1.83809226893311e-06 -0.293659008971924
-1.81989333557734e-06 -0.293659402532081
-1.80187458968054e-06 -0.293659792196659
-1.78403424720845e-06 -0.293660178004203
-1.76637054179055e-06 -0.293660559992877
-1.74888172454509e-06 -0.293660938200485
-1.73156606390603e-06 -0.29366131266443
-1.71442184545152e-06 -0.29366168342177
-1.69744737173418e-06 -0.293662050509175
-1.68064096211305e-06 -0.293662413962969
-1.66400095258717e-06 -0.293662773819106
-1.64752569563087e-06 -0.293663130113195
-1.63121356003056e-06 -0.293663482880487
-1.61506293072333e-06 -0.293663832155871
-1.59907220863696e-06 -0.293664177973915
-1.58323981053164e-06 -0.293664520368832
-1.56756416884321e-06 -0.293664859374498
-1.55204373152793e-06 -0.293665195024453
-1.53667696190884e-06 -0.293665527351909
-1.52146233852361e-06 -0.29366585638974
-1.50639835497387e-06 -0.293666182170513
-1.49148351977611e-06 -0.29366650472645
-1.47671635621397e-06 -0.293666824089473
-1.46209540219205e-06 -0.293667140291181
-1.44761921009113e-06 -0.293667453362856
-1.43328634662489e-06 -0.293667763335477
-1.41909539269791e-06 -0.29366807023972
-1.40504494326525e-06 -0.293668374105944
-1.39113360719332e-06 -0.293668674964218
-1.3773600071221e-06 -0.29366897284432
-1.36372277932881e-06 -0.29366926777571
-1.35022057359288e-06 -0.293669559787578
-1.33685205306226e-06 -0.293669848908822
-1.32361589412105e-06 -0.293670135168048
-1.31051078625847e-06 -0.293670418593577
-1.29753543193907e-06 -0.293670699213465
-1.28468854647433e-06 -0.293670977055474
-1.27196885789538e-06 -0.293671252147092
-1.25937510682711e-06 -0.293671524515544
-1.24690604636347e-06 -0.293671794187787
-1.23456044194403e-06 -0.293672061190502
-1.22233707123171e-06 -0.29367232555011
-1.2102347239918e-06 -0.29367258729277
-1.19825220197208e-06 -0.293672846444387
-1.18638831878423e-06 -0.293673103030595
-1.17464189978637e-06 -0.2936733570768
-1.1630117819667e-06 -0.293673608608134
-1.15149681382842e-06 -0.293673857649491
-1.14009585527566e-06 -0.293674104225507
-1.12880777750065e-06 -0.293674348360593
-1.11763146287194e-06 -0.293674590078905
-1.1065658048237e-06 -0.293674829404369
-1.09560970774624e-06 -0.293675066360659
-1.08476208687746e-06 -0.293675300971224
-1.07402186819551e-06 -0.293675533259292
-1.06338798831238e-06 -0.293675763247846
-1.0528593943687e-06 -0.293675990959642
-1.0424350439294e-06 -0.293676216417218
-1.0321139048806e-06 -0.293676439642885
-1.02189495532732e-06 -0.293676660658738
-1.0117771834924e-06 -0.293676879486645
-1.00175958761624e-06 -0.29367709614827
1.00175958761624e-06 -0.293720434982781
1.0117771834924e-06 -0.293720651709505
1.02189495532732e-06 -0.293720870603831
1.0321139048806e-06 -0.293721091687426
1.0424350439294e-06 -0.293721314982202
1.0528593943687e-06 -0.293721540510275
1.06338798831238e-06 -0.293721768293982
1.07402186819551e-06 -0.293721998355895
1.08476208687746e-06 -0.293722230718792
1.09560970774624e-06 -0.2937224654057
1.1065658048237e-06 -0.293722702439861
1.11763146287194e-06 -0.293722941844757
1.12880777750065e-06 -0.293723183644105
1.14009585527566e-06 -0.293723427861854
1.15149681382842e-06 -0.293723674522198
1.1630117819667e-06 -0.293723923649574
1.17464189978637e-06 -0.293724175268654
1.18638831878423e-06 -0.293724429404364
1.19825220197208e-06 -0.293724686081891
1.2102347239918e-06 -0.293724945326654
1.22233707123171e-06 -0.293725207164334
1.23456044194403e-06 -0.293725471620869
1.24690604636347e-06 -0.293725738722459
1.25937510682711e-06 -0.293726008495566
1.27196885789538e-06 -0.293726280966911
1.28468854647433e-06 -0.293726556163487
1.29753543193907e-06 -0.293726834112566
1.31051078625847e-06 -0.293727114841674
1.32361589412105e-06 -0.29372739837862
1.33685205306226e-06 -0.293727684751503
1.35022057359288e-06 -0.29372797398869
1.36372277932881e-06 -0.29372826611883
1.3773600071221e-06 -0.293728561170867
1.39113360719332e-06 -0.29372885917404
1.40504494326525e-06 -0.293729160157861
1.41909539269791e-06 -0.293729464152154
1.43328634662489e-06 -0.293729771187043
1.44761921009113e-06 -0.293730081292938
1.46209540219205e-06 -0.293730394500565
1.47671635621397e-06 -0.293730710840951
1.49148351977611e-06 -0.293731030345443
1.50639835497387e-06 -0.293731353045695
1.52146233852361e-06 -0.293731678973678
1.53667696190884e-06 -0.293732008161686
1.55204373152793e-06 -0.293732340642333
1.56756416884321e-06 -0.293732676448559
1.58323981053164e-06 -0.293733015613632
1.59907220863696e-06 -0.293733358171168
1.61506293072333e-06 -0.293733704155098
1.63121356003056e-06 -0.293734053599699
1.64752569563087e-06 -0.293734406539608
1.66400095258717e-06 -0.293734763009782
1.68064096211305e-06 -0.293735123045551
1.69744737173418e-06 -0.293735486682588
1.71442184545152e-06 -0.293735853956919
1.73156606390603e-06 -0.293736224904933
1.74888172454509e-06 -0.293736599563395
1.76637054179055e-06 -0.293736977969417
1.78403424720845e-06 -0.29373736016051
1.80187458968054e-06 -0.293737746174531
1.81989333557734e-06 -0.293738136049736
1.83809226893311e-06 -0.293738529824758
1.85647319162245e-06 -0.293738927538614
1.87503792353867e-06 -0.293739329230713
1.89378830277406e-06 -0.293739734940868
1.9127261858018e-06 -0.293740144709276
1.93185344765982e-06 -0.293740558576534
1.95117198213641e-06 -0.293740976583671
1.97068370195778e-06 -0.293741398772103
1.99039053897736e-06 -0.293741825183662
2.01029444436713e-06 -0.293742255860612
2.0303973888108e-06 -0.293742690845627
2.05070136269891e-06 -0.293743130181817
2.0712083763259e-06 -0.293743573912721
2.09192046008916e-06 -0.293744022082312
2.11283966469005e-06 -0.293744474735002
2.13396806133695e-06 -0.293744931915653
2.15530774195032e-06 -0.293745393669573
2.17686081936982e-06 -0.293745860042529
2.19862942756352e-06 -0.293746331080731
2.22061572183915e-06 -0.293746806830866
2.24282187905755e-06 -0.293747287340092
2.26525009784812e-06 -0.293747772656022
2.2879025988266e-06 -0.293748262826762
2.31078162481487e-06 -0.293748757900887
2.33388944106302e-06 -0.293749257927472
2.35722833547365e-06 -0.293749762956071
2.38080061882838e-06 -0.293750273036737
2.40460862501667e-06 -0.293750788220037
2.42865471126683e-06 -0.293751308557023
2.4529412583795e-06 -0.293751834099273
2.4774706709633e-06 -0.293752364898875
2.50224537767293e-06 -0.293752901008449
2.52726783144966e-06 -0.29375344248113
2.55254050976416e-06 -0.293753989370584
2.5780659148618e-06 -0.293754541731033
2.60384657401042e-06 -0.293755099617216
2.62988503975052e-06 -0.293755663084437
2.65618389014803e-06 -0.293756232188556
2.68274572904951e-06 -0.29375680698598
2.70957318634e-06 -0.293757387533692
2.7366689182034e-06 -0.293757973889234
2.76403560738544e-06 -0.293758566110738
2.79167596345929e-06 -0.293759164256913
2.81959272309388e-06 -0.293759768387052
2.84778865032482e-06 -0.293760378561048
2.87626653682807e-06 -0.293760994839387
2.90502920219635e-06 -0.293761617283167
2.93407949421831e-06 -0.29376224595409
2.9634202891605e-06 -0.293762880914493
2.9930544920521e-06 -0.29376352222732
3.02298503697262e-06 -0.29376416995615
3.05321488734235e-06 -0.293764824165207
3.08374703621577e-06 -0.293765484919342
3.11458450657793e-06 -0.293766152284076
3.14573035164371e-06 -0.293766826325575
3.17718765516015e-06 -0.293767507110669
3.20895953171175e-06 -0.293768194706851
3.24104912702887e-06 -0.293768889182303
3.27345961829915e-06 -0.293769590605882
3.30619421448215e-06 -0.293770299047143
3.33925615662697e-06 -0.293771014576324
3.37264871819324e-06 -0.293771737264379
3.40637520537517e-06 -0.293772467182971
3.44043895742892e-06 -0.293773204404472
3.47484334700321e-06 -0.293773949001987
3.50959178047324e-06 -0.29377470104936
3.54468769827798e-06 -0.293775460621161
3.58013457526076e-06 -0.293776227792714
3.61593592101336e-06 -0.293777002640105
3.6520952802235e-06 -0.293777785240165
3.68861623302573e-06 -0.293778575670508
3.72550239535599e-06 -0.293779374009527
3.76275741930955e-06 -0.293780180336394
3.80038499350264e-06 -0.293780994731076
3.83838884343767e-06 -0.293781817274345
3.87677273187205e-06 -0.293782648047775
3.91554045919077e-06 -0.293783487133768
3.95469586378268e-06 -0.293784334615545
3.9942428224205e-06 -0.293785190577165
4.03418525064471e-06 -0.293786055103526
4.07452710315115e-06 -0.293786928280373
4.11527237418267e-06 -0.293787810194321
4.15642509792449e-06 -0.293788700932853
4.19798934890374e-06 -0.293789600584314
4.23996924239277e-06 -0.293790509237953
4.2823689348167e-06 -0.293791426983901
4.32519262416487e-06 -0.293792353913197
4.36844455040652e-06 -0.293793290117797
4.41212899591058e-06 -0.293794235690569
4.45625028586969e-06 -0.293795190725324
4.50081278872839e-06 -0.293796155316805
4.54582091661567e-06 -0.293797129560705
4.59127912578183e-06 -0.293798113553683
4.63719191703965e-06 -0.293799107393363
4.68356383621004e-06 -0.29380011117834
4.73039947457214e-06 -0.293801125008217
4.77770346931786e-06 -0.29380214898358
4.82548050401104e-06 -0.293803183206025
4.87373530905115e-06 -0.293804227778173
4.92247266214166e-06 -0.293805282803675
4.97169738876308e-06 -0.293806348387213
5.02141436265071e-06 -0.293807424634527
5.07162850627722e-06 -0.29380851165241
5.12234479133999e-06 -0.293809609548735
5.17356823925339e-06 -0.293810718432451
5.22530392164593e-06 -0.2938118384136
5.27755696086239e-06 -0.293812969603328
5.33033253047101e-06 -0.293814112113902
5.38363585577572e-06 -0.293815266058707
5.43747221433348e-06 -0.293816431552268
5.49184693647681e-06 -0.293817608710259
5.54676540584158e-06 -0.293818797649521
5.6022330599e-06 -0.293819998488059
5.658255390499e-06 -0.293821211345058
5.71483794440399e-06 -0.293822436340916
5.77198632384803e-06 -0.293823673597215
5.82970618708651e-06 -0.29382492323678
5.88800324895737e-06 -0.293826185383659
5.94688328144694e-06 -0.29382746016314
6.00635211426141e-06 -0.293828747701773
6.06641563540403e-06 -0.293830048127381
6.12707979175807e-06 -0.293831361569069
6.18835058967565e-06 -0.29383268815723
6.25023409557241e-06 -0.29383402802357
6.31273643652813e-06 -0.293835381301121
6.37586380089341e-06 -0.29383674812425
6.43962243890235e-06 -0.293838128628668
6.50401866329137e-06 -0.293839522951444
6.56905884992428e-06 -0.293840931231041
6.63474943842353e-06 -0.293842353607288
6.70109693280776e-06 -0.293843790221444
6.76810790213584e-06 -0.29384524121616
6.8357889811572e-06 -0.293846706735539
6.90414687096877e-06 -0.293848186925116
6.97318833967846e-06 -0.2938496819319
7.04292022307524e-06 -0.293851191904373
7.113349425306e-06 -0.293852716992503
7.18448291955906e-06 -0.293854257347766
7.25632774875465e-06 -0.293855813123159
7.32889102624219e-06 -0.293857384473221
7.40217993650461e-06 -0.293858971554032
7.47620173586966e-06 -0.293860574523252
7.55096375322836e-06 -0.293862193540118
7.62647339076064e-06 -0.293863828765466
7.702738124668249e-06 -0.293865480361749
7.77976550591493e-06 -0.293867148493052
7.85756316097408e-06 -0.29386883332511
7.93613879258382e-06 -0.293870535025319
8.01550018050966e-06 -0.29387225376276
8.09565518231475e-06 -0.293873989708212
8.1766117341379e-06 -0.293875743034167
8.25837785147928e-06 -0.293877513914858
8.34096162999407e-06 -0.293879302526264
8.42437124629401e-06 -0.293881109046132
8.508614958756951e-06 -0.293882933653991
8.593701108344519e-06 -0.293884776531183
8.679638119427971e-06 -0.293886637860868
8.76643450062225e-06 -0.293888517828049
8.85409884562847e-06 -0.293890416619585
8.942639834084751e-06 -0.293892334424218
9.0320662324256e-06 -0.293894271432586
9.12238689474986e-06 -0.293896227837241
9.21361076369735e-06 -0.293898203832671
9.30574687133433e-06 -0.293900199615322
9.39880434004767e-06 -0.293902215383618
9.492792383448151e-06 -0.293904251337966
9.587720307282629e-06 -0.293906307680806
9.68359751035546e-06 -0.293908384616601
9.780433485459009e-06 -0.293910482351874
9.878237820313601e-06 -0.293912601095226
9.977020198516739e-06 -0.293914741057356
1.00767904005019e-05 -0.29391690245108
1.01775583045069e-05 -0.293919085491357
1.0279333887552e-05 -0.293921290395309
1.03821272264275e-05 -0.293923517382241
1.04859484986918e-05 -0.293925766673665
1.05908079836787e-05 -0.293928038493325
1.06967160635155e-05 -0.293930333067205
1.08036832241506e-05 -0.293932650623582
1.09117200563922e-05 -0.293934991393011
1.10208372569561e-05 -0.293937355608385
1.11310456295256e-05 -0.293939743504922
1.12423560858209e-05 -0.293942155320224
1.13547796466791e-05 -0.29394459129428
1.14683274431459e-05 -0.29394705166949
1.15830107175774e-05 -0.293949536690698
1.16988408247531e-05 -0.293952046605214
1.18158292330007e-05 -0.293954581662843
1.19339875253307e-05 -0.293957142115891
1.2053327400584e-05 -0.293959728219218
1.21738606745898e-05 -0.293962340230248
1.22955992813357e-05 -0.293964978408991
1.24185552741491e-05 -0.293967643018087
1.25427408268906e-05 -0.293970334322812
1.26681682351595e-05 -0.293973052591115
1.27948499175111e-05 -0.293975798093657
1.29227984166862e-05 -0.293978571103811
1.3052026400853e-05 -0.293981371897709
1.31825466648616e-05 -0.293984200754268
1.33143721315102e-05 -0.293987057955216
1.34475158528253e-05 -0.293989943785118
1.35819910113535e-05 -0.293992858531406
1.37178109214671e-05 -0.293995802484416
1.38549890306817e-05 -0.293998775937406
1.39935389209886e-05 -0.294001779186585
1.41334743101984e-05 -0.294004812531162
1.42748090533004e-05 -0.29400787627335
1.44175571438334e-05 -0.294010970718417
1.45617327152718e-05 -0.294014096174709
1.47073500424245e-05 -0.294017252953678
1.48544235428487e-05 -0.294020441369924
1.50029677782772e-05 -0.294023661741212
1.515299745606e-05 -0.294026914388518
1.53045274306206e-05 -0.294030199636059
1.54575727049268e-05 -0.294033517811315
1.56121484319761e-05 -0.294036869245081
1.57682699162958e-05 -0.294040254271481
1.59259526154588e-05 -0.294043673228018
1.60852121416134e-05 -0.294047126455597
1.62460642630295e-05 -0.294050614298569
1.64085249056598e-05 -0.294054137104754
1.65726101547164e-05 -0.294057695225495
1.67383362562636e-05 -0.294061289015669
1.69057196188262e-05 -0.294064918833748
1.70747768150145e-05 -0.294068585041823
1.72455245831646e-05 -0.294072288005633
1.74179798289962e-05 -0.294076028094625
1.75921596272862e-05 -0.294079805681965
1.77680812235591e-05 -0.294083621144599
1.79457620357947e-05 -0.294087474863277
1.81252196561526e-05 -0.294091367222599
1.83064718527141e-05 -0.294095298611055
1.84895365712413e-05 -0.294099269421052
1.86744319369537e-05 -0.294103280048968
1.88611762563232e-05 -0.294107330895194
1.90497880188865e-05 -0.294111422364168
1.92402858990753e-05 -0.294115554864405
1.94326887580661e-05 -0.294119728808563
1.96270156456467e-05 -0.294123944613472
1.98232858021032e-05 -0.294128202700176
2.00215186601242e-05 -0.294132503493958
2.02217338467255e-05 -0.294136847424425
2.04239511851927e-05 -0.294141234925447
2.06281906970447e-05 -0.294145666435164
2.08344726040151e-05 -0.294150142388537
2.10428173300553e-05 -0.294154663261018
2.12532455033558e-05 -0.294159229472252
2.14657779583894e-05 -0.294163841491283
2.16804357379733e-05 -0.294168499778644
2.1897240095353e-05 -0.294173204799905
2.21162124963065e-05 -0.294177957025467
2.23373746212696e-05 -0.294182756930428
2.25607483674823e-05 -0.294187604994746
2.27863558511571e-05 -0.294192501703248
2.30142194096687e-05 -0.294197447545644
2.32443616037654e-05 -0.294202443016619
2.3476805219803e-05 -0.294207488615897
2.37115732720011e-05 -0.294212584848242
2.39486890047211e-05 -0.294217732223544
2.41881758947683e-05 -0.294222931256869
2.4430057653716e-05 -0.294228182468483
2.46743582302531e-05 -0.294233486383966
2.49211018125557e-05 -0.294238843534206
2.51703128306812e-05 -0.29424425445548
2.5422015958988e-05 -0.294249719689507
2.56762361185779e-05 -0.294255239783512
2.59329984797637e-05 -0.294260815290281
2.61923284645613e-05 -0.294266446768171
2.64542517492069e-05 -0.294272134781262
2.6718794266699e-05 -0.294277879899324
2.6985982209366e-05 -0.294283682697937
2.72558420314597e-05 -0.294289543758504
2.75284004517743e-05 -0.294295463668364
2.7803684456292e-05 -0.294301443020784
2.80817213008549e-05 -0.294307482415103
2.83625385138635e-05 -0.294313582456743
2.86461638990021e-05 -0.294319743757243
2.89326255379921e-05 -0.294325966934408
2.92219517933721e-05 -0.294332252612302
2.95141713113058e-05 -0.294338601421329
2.98093130244188e-05 -0.294345013998334
3.0107406154663e-05 -0.294351490986598
3.04084802162097e-05 -0.294358033035994
3.07125650183718e-05 -0.294364640802978
3.10196906685555e-05 -0.294371314950707
3.1329887575241e-05 -0.294378056149085
3.16431864509934e-05 -0.294384865074803
3.19596183155034e-05 -0.294391742411518
3.22792144986584e-05 -0.294398688849776
3.2602006643645e-05 -0.294405705087204
3.29280267100814e-05 -0.294412791828524
3.32573069771823e-05 -0.294419949785637
3.35898800469541e-05 -0.294427179677707
3.39257788474236e-05 -0.294434482231229
3.42650366358979e-05 -0.294441858180097
3.46076870022568e-05 -0.294449308265706
3.49537638722794e-05 -0.294456833237012
3.53033015110022e-05 -0.294464433850609
3.56563345261122e-05 -0.294472110870798
3.60128978713733e-05 -0.294479865069724
3.63730268500871e-05 -0.294487697227349
3.67367571185879e-05 -0.294495608131659
3.71041246897738e-05 -0.294503598578676
3.74751659366716e-05 -0.294511669372526
3.78499175960383e-05 -0.294519821325591
3.82284167719987e-05 -0.294528055258531
3.86107009397186e-05 -0.294536372000382
3.89968079491158e-05 -0.294544772388679
3.9386776028607e-05 -0.29455325726955
3.97806437888931e-05 -0.294561827497678
4.0178450226782e-05 -0.294570483936706
4.05802347290498e-05 -0.294579227458812
4.09860370763403e-05 -0.29458805894548
4.13958974471037e-05 -0.294596979287291
4.18098564215747e-05 -0.294605989376539
4.22279549857905e-05 -0.294615090138009
4.26502345356484e-05 -0.294624282476911
4.30767368810049e-05 -0.294633567323358
4.35075042498149e-05 -0.294642945614559
4.39425792923131e-05 -0.294652418296843
4.43820050852362e-05 -0.294661986326469
4.48258251360886e-05 -0.294671650669365
4.52740833874495e-05 -0.294681412301379
4.5726824221324e-05 -0.2946912722084
4.61840924635372e-05 -0.294701231386388
4.66459333881726e-05 -0.294711290841617
4.71123927220543e-05 -0.294721451590602
4.75835166492748e-05 -0.294731714660358
4.80593518157676e-05 -0.294742081088405
4.85399453339253e-05 -0.294752551922988
4.90253447872645e-05 -0.294763128223061
4.95155982351372e-05 -0.294773811058537
5.00107542174885e-05 -0.294784601510277
5.05108617596634e-05 -0.294795500670267
5.10159703772601e-05 -0.294806509641789
5.15261300810327e-05 -0.294817629539422
5.2041391381843e-05 -0.29482886148923
5.25618052956614e-05 -0.294840206628912
5.3087423348618e-05 -0.294851666107848
5.36182975821042e-05 -0.294863241087278
5.41544805579252e-05 -0.294874932740424
5.46960253635045e-05 -0.294886742252602
5.52429856171395e-05 -0.294898670821343
5.57954154733109e-05 -0.294910719656544
5.6353369628044e-05 -0.29492288998058
5.69169033243245e-05 -0.294935183028461
5.74860723575677e-05 -0.294947600047946
5.80609330811434e-05 -0.294960142299674
5.86415424119548e-05 -0.294972811057335
5.92279578360744e-05 -0.29498560760774
5.98202374144351e-05 -0.294998533251059
6.04184397885795e-05 -0.29501158930088
6.10226241864653e-05 -0.295024777084388
6.16328504283299e-05 -0.295038097942509
6.22491789326132e-05 -0.295051553230047
6.28716707219394e-05 -0.29506514431584
6.350038742915879e-05 -0.295078872582902
6.41353913034504e-05 -0.295092739428596
6.477674521648491e-05 -0.295106746264747
6.54245126686497e-05 -0.295120894517857
6.607875779533621e-05 -0.29513518562919
6.673954537328961e-05 -0.29514962105499
6.74069408270225e-05 -0.295164202266622
6.80810102352927e-05 -0.295178930750713
6.876182033764561e-05 -0.295193808009349
6.944943854102211e-05 -0.295208835560227
7.01439329264323e-05 -0.295224014936817
7.084537225569659e-05 -0.295239347688542
7.155382597825361e-05 -0.29525483538094
7.22693642380361e-05 -0.295270479595857
7.299205788041651e-05 -0.295286281931587
7.37219784592207e-05 -0.295302244003097
7.44591982438129e-05 -0.295318367442159
7.5203790226251e-05 -0.295334653897572
7.59558281285135e-05 -0.295351105035315
7.671538640979859e-05 -0.295367722538768
7.74825402738966e-05 -0.29538450810885
7.82573656766356e-05 -0.295401463464261
7.9039939333402e-05 -0.295418590341643
7.9830338726736e-05 -0.295435890495785
8.062864211400339e-05 -0.29545336569982
8.143492853514339e-05 -0.295471017745436
8.22492778204948e-05 -0.295488848443036
8.307177059869981e-05 -0.295506859621988
8.39024883046868e-05 -0.295525053130832
8.474151318773359e-05 -0.295543430837442
8.5588928319611e-05 -0.295561994629278
8.64448176028071e-05 -0.295580746413598
8.730926577883521e-05 -0.295599688117653
8.81823584366235e-05 -0.295618821688923
8.90641820209897e-05 -0.295638149095332
8.995482384119961e-05 -0.295657672325475
9.08543720796116e-05 -0.295677393388838
9.17629158004077e-05 -0.295697314316034
9.26805449584118e-05 -0.295717437159034
9.36073504079959e-05 -0.2957377639914
9.45434239120759e-05 -0.295758296908519
9.548885815119661e-05 -0.295779038027853
9.64437467327086e-05 -0.295799989489172
9.74081842000357e-05 -0.295821153454804
9.838226604203611e-05 -0.295842532109887
9.93660887024564e-05 -0.295864127662614
0.000100359749589481 -0.295885942344491
0.000101363347085376 -0.295907978410601
0.00010237698055623 -0.295930238139851
0.000103400750361792 -0.295952723835258
0.00010443475786541 -0.295975437824182
0.000105479105444064 -0.295998382458635
0.000106533896498505 -0.296021560115529
0.00010759923546349 -0.296044973196959
0.000108675227818124 -0.296068624130486
0.000109761980096306 -0.29609251536942
0.000110859599897269 -0.296116649393111
0.000111968195896241 -0.296141028707218
0.000113087877855204 -0.296165655844042
0.000114218756633756 -0.296190533362788
0.000115360944200093 -0.296215663849864
0.000116514553642094 -0.296241049919226
0.000117679699178515 -0.296266694212643
0.0001188564961703 -0.296292599400019
0.000120045061132003 -0.296318768179685
0.000121245511743324 -0.296345203278657
0.000122457966860757 -0.296371907452768
0.000123682546529364 -0.296398883482854
0.000124919371994658 -0.296426134215055
0.000126168565714605 -0.296453662446069
0.000127430251371751 -0.296481471079919
0.000128704553885468 -0.296509563019795
0.000129991599424323 -0.296537941203152
0.000131291515418566 -0.296566608599281
0.000132604430572752 -0.296595568209387
0.000133930474878479 -0.296624823066875
0.000135269779627264 -0.29665437623776
0.000136622477423537 -0.296684230820987
0.000137988702197772 -0.296714389948808
0.00013936858921975 -0.29674485678718
0.000140762275111947 -0.296775634536157
0.000142169897863067 -0.296806726430223
0.000143591596841697 -0.296838135738758
0.000145027512810114 -0.296869865766381
0.000146477787938216 -0.296901919853373
0.000147942565817598 -0.296934301376105
0.000149421991475774 -0.296967013747443
0.000150916211390531 -0.297000060417116
0.000152425373504437 -0.29703344487223
0.000153949627239481 -0.297067170637635
0.000155489123511876 -0.297101241276367
0.000157044014746995 -0.297135660390126
0.000158614454894465 -0.297170431619663
0.000160200599443409 -0.297205558645286
0.000161802605437843 -0.297241045187308
0.000163420631492222 -0.297276895006465
0.000165054837807144 -0.297313111904449
0.000166705386185215 -0.297349699724351
0.000168372440047068 -0.297386662351128
0.000170056164447538 -0.297424003712137
0.000171756726092014 -0.297461727777575
0.000173474293352934 -0.297499838561035
0.000175209036286463 -0.297538340119946
0.000176961126649328 -0.297577236556155
0.000178730737915821 -0.297616532016402
0.000180518045294979 -0.297656230692864
0.000182323225747929 -0.297696336823688
0.000184146458005408 -0.29773685469352
0.000185987922585462 -0.297777788634063
0.000187847801811317 -0.297819143024637
0.00018972627982943 -0.297860922292721
0.000191623542627725 -0.297903130914543
0.000193539778054002 -0.297945773415634
0.000195475175834542 -0.29798885437144
0.000197429927592887 -0.298032378407886
0.000199404226868816 -0.298076350201986
0.000201398269137504 -0.298120774482472
0.000203412251828879 -0.298165656030352
0.000205446374347168 -0.298210999679609
0.00020750083809064 -0.298256810317754
0.000209575846471546 -0.298303092886534
0.000211671604936262 -0.298349852382538
0.000213788320985624 -0.298397093857859
0.000215926204195481 -0.298444822420776
0.000218085466237435 -0.298493043236407
0.00022026632089981 -0.298541761527413
0.000222468984108808 -0.298590982574665
0.000224693673949896 -0.298640711717971
0.000226940610689395 -0.298690954356757
0.000229210016796289 -0.298741715950813
0.000231502116964252 -0.298793002021
0.000233817138133894 -0.298844818149965
0.000236155309515233 -0.298897169982916
0.000238516862610385 -0.298950063228289
0.000240902031236489 -0.299003503658366
0.000243311051548854 -0.299057497109518
0.000245744162064343 -0.29911204947918
0.000248201603684986 -0.299167166537273
0.000250683619721836 -0.299222855028976
0.000253190455919054 -0.299279120261408
0.000255722360478245 -0.299335968718764
0.000258279584083027 -0.299393406635461
0.000260862379923858 -0.299451440324233
0.000263471003723096 -0.29951007617063
0.000266105713760327 -0.299569320632902
0.00026876677089793 -0.299629180242644
0.00027145443860691 -0.299689661605736
0.000274168982992979 -0.299750771403182
0.000276910672822909 -0.299812516392037
0.000279679779551138 -0.299874903406339
0.000282476577346649 -0.299937939358074
0.000285301343120116 -0.300001631238117
0.000288154356551317 -0.300065986117272
0.00029103590011683 -0.30013101114715
0.000293946259117998 -0.300196713561324
0.000296885721709178 -0.300263100676241
0.00029985457892627 -0.300330179892306
0.000302853124715533 -0.300397958694923
0.000305881655962688 -0.300466444655575
0.000308940472522315 -0.300535645432909
0.000312029877247538 -0.300605568773844
0.000315150176020014 -0.300676222514734
0.000318301677780214 -0.300747614582601
0.000321484694558016 -0.300819752996721
0.000324699541503596 -0.300892645871593
0.000327946536918632 -0.300966301438917
0.000331226002287818 -0.301040727755999
0.000334538262310697 -0.301115933671735
0.000337883644933803 -0.30119192737749
0.000341262481383142 -0.301268717519765
0.000344675106196973 -0.301346312796274
0.000348121857258943 -0.301424722002433
0.000351603075831532 -0.301503954035534
0.000355119106589847 -0.301584017896516
0.000358670297655746 -0.301664922691518
0.000362257000632303 -0.301746677633209
0.000365879570638626 -0.301829292042232
0.000369538366345013 -0.301912775348579
0.000373233750008463 -0.301997137093004
0.000376966087508547 -0.302082386928452
0.000380735748383633 -0.302168534621508
0.000384543105867469 -0.302255590053869
0.000388388536926144 -0.302343563223814
0.000392272422295405 -0.302432464247747
0.00039619514651836 -0.302522303361673
0.000400157097983543 -0.302613090922804
0.000404158668963379 -0.302704837411086
0.000408200255653012 -0.302797552467788
0.000412282258209542 -0.30289124874897
0.000416405080791638 -0.302985936149771
0.000420569131599554 -0.303081625657346
0.00042477482291555 -0.303178328389796
0.000429022571144705 -0.303276055597905
0.000433312796856152 -0.303374818666859
0.000437645924824714 -0.303474629118
0.000442022384072961 -0.303575498610635
0.000446442607913691 -0.303677438943823
0.000450907033992828 -0.303780462058205
0.000455416104332756 -0.303884580037909
0.000459970265376083 -0.303989805112386
0.000464569968029844 -0.304096149658361
0.000469215667710143 -0.304203626201756
0.000473907824387244 -0.304312247419683
0.000478646902631117 -0.304422026142402
0.000483433371657428 -0.304532975355405
0.000488267705374002 -0.304645108201417
0.000493150382427742 -0.304758437982514
0.0004980818862520199 -0.30487297816222
0.00050306270511454 -0.304988742367671
0.000508093332165685 -0.305105744391761
0.000513174265487342 -0.305223998195388
0.000518306008142215 -0.305343517909642
0.0005234890682236369 -0.30546431783812
0.000528723958905874 -0.305586412459203
0.000534011198494933 -0.305709816428386
0.000539351310479882 -0.305834544580671
0.000544744823584681 -0.305960611932932
0.000550192271820528 -0.306088033686388
0.000555694194538733 -0.306216825229039
0.00056125113648412 -0.306347002138198
0.000566863647848961 -0.306478580183017
0.000572532284327451 -0.306611575327075
0.000578257607170726 -0.306746003730987
0.000584040183242433 -0.306881881755083
0.000589880585074857 -0.307019225962094
0.000595779390925606 -0.307158053119958
0.000601737184834862 -0.307298380204686
0.00060775455668321 -0.307440224403515
0.000613832102250043 -0.307583603118792
0.000619970423272543 -0.307728533975714
0.000626170127505268 -0.30787503584716
0.000632431828780321 -0.308023123528767
0.000638756147068124 -0.308172819460453
0.000645143708538805 -0.30832413843538
0.0006515951456241939 -0.308477101865628
0.000658111097080435 -0.308631727200919
0.00066469220805124 -0.308788036187543
0.000671339130131752 -0.308946044988937
0.00067805252143307 -0.309105774827551
0.0006848330466474 -0.309267245543704
0.000691681377113875 -0.309430477319154
0.000698598190885013 -0.309595490601477
0.000705584172793863 -0.309762306098877
0.000712640014521802 -0.309930944781824
0.00071976641466702 -0.310101427885942
0.00072696407881369 -0.310273776915408
0.000734233719601827 -0.310448013646512
0.000741576056797845 -0.310624160131284
0.000748991817365824 -0.310802238701203
0.000756481735539482 -0.310982271971032
0.000764046552894877 -0.311164282842585
0.000771687018423826 -0.311348294508689
0.000779403888608064 -0.3115343304571
0.000787197927494145 -0.311722414474536
0.000795069906769086 -0.311912570650709
0.000803020605836777 -0.312104823382482
0.000811050811895145 -0.312299197383463
0.000819161320014096 -0.312495717666477
0.000827352933214237 -0.312694409580467
0.00083562646254638 -0.31289529879316
0.000843982727171843 -0.313098411300844
0.0008524225544435619 -0.31330377343286
0.000860946779987997 -0.313511411856144
0.000869556247787878 -0.31372135357981
0.000878251810265756 -0.313933625959783
0.000887034328368414 -0.314148256703536
0.000895904671652098 -0.314365273874846
0.000904863718368619 -0.314584705898667
0.000913912355552305 -0.314806581565999
0.000923051479107828 -0.315030930038892
0.0009322819938989071 -0.315257780855445
0.000941604813837896 -0.315487163934936
0.000951020861976275 -0.315719109582932
0.000960531070596037 -0.315953648496477
0.000970136381301998 -0.316190811769194
0.000979837745115018 -0.316430630896083
0.0009896361225661681 -0.31667313777664
0.00099953248379183 -0.316918364705229
0.00100952780862975 -0.317166344609066
0.00101962308671605 -0.317417110502226
0.00102981931758321 -0.317670695780295
0.00104011751075904 -0.317927134710555
0.00105051868586663 -0.318186461715265
0.00106102387272529 -0.318448711713136
0.00107163411145255 -0.318713920075385
0.00108235045256707 -0.318982122635048
0.00109317395709274 -0.319253355692449
0.00110410569666367 -0.319527656021337
0.00111514675363031 -0.319805060875223
0.00112629822116661 -0.320085607993905
0.00113756120337828 -0.320369335610075
0.00114893681541206 -0.320656282456068
0.00116042618356618 -0.320946487770638
0.00117203044540184 -0.321239991305944
0.00118375074985586 -0.321536833334514
0.00119558825735442 -0.32183705465634
0.00120754413992796 -0.322140696605897
0.00121961958132724 -0.322447801059014
0.00123181577714052 -0.322758410438329
0.00124413393491192 -0.323072567710602
0.00125657527426104 -0.323390316242813
0.00126914102700365 -0.323711701275997
0.00128183243727369 -0.324036765770288
0.00129465076164642 -0.324365555996997
0.00130759726926289 -0.324698117726628
0.00132067324195552 -0.325034497440878
0.00133387997437507 -0.325374742246485
0.00134721877411882 -0.325718899875889
0.00136069096186001 -0.326067018694395
0.00137429787147861 -0.32641914770876
0.0013880408501934 -0.326775336576155
0.00140192125869533 -0.327135635613379
0.00141594047128228 -0.327500095806055
0.00143009987599511 -0.32786876881633
0.00144440087475506 -0.328241706962279
0.00145884488350261 -0.328618963518522
0.00147343333233764 -0.32900059190832
0.00148816766566101 -0.329386646805213
0.00150304934231762 -0.329777183402138
0.0015180798357408 -0.330172257654278
0.00153326063409821 -0.330571926272739
0.00154859324043919 -0.33097624673463
0.00156407917284358 -0.331385277294701
0.00157971996457202 -0.331799076997546
0.00159551716421774 -0.332217705690156
0.00161147233585991 -0.332641224034761
0.00162758705921851 -0.333069693522168
0.0016438629298107 -0.333503176485326
0.00166030155910881 -0.333941736113341
0.00167690457469989 -0.3343854364659
0.00169367362044689 -0.334834342488085
0.00171061035665136 -0.335288520025653
0.00172771646021787 -0.33574803584076
0.00174499362482005 -0.336212957628209
0.00176244356106825 -0.336683354032169
0.00178006799667894 -0.337159294663461
0.00179786867664573 -0.337640850117429
0.00181584736341218 -0.338128091992386
0.0018340058370463 -0.338621092908732
0.00185234589541677 -0.339119926528824
0.00187086935437094 -0.339624667577747
0.00188957804791465 -0.340135391865782
0.00190847382839379 -0.340652176317657
0.00192755856667773 -0.341175100208253
0.00194683415234451 -0.341704238694058
0.00196630249386795 -0.342239676506576
0.00198596551880663 -0.342781493556118
0.0020058251739947 -0.34332977263909
0.00202588342573464 -0.343884598665384
0.00204614225999199 -0.344446055080006
0.00206660368259191 -0.345014230020964
0.00208726971941783 -0.345589211132829
0.00210814241661201 -0.346171087765761
0.00212922384077813 -0.346759950694681
0.00215051607918591 -0.347355892142016
0.00217202123997777 -0.347959005811975
0.00219374145237755 -0.348569386927826
0.00221567886690132 -0.349187132271099
0.00223783565557034 -0.349812340222644
0.00226021401212604 -0.350445110805378
0.0022828161522473 -0.351085545728958
0.00230564431376977 -0.351733748436224
0.00232870075690747 -0.352389824151424
0.00235198776447654 -0.35305387992984
0.00237550764212131 -0.353726024706911
0.00239926271854252 -0.354406369323649
0.00242325534572795 -0.355095028375449
0.00244748789918523 -0.35579211255816
0.00247196277817708 -0.356497743973597
0.00249668240595885 -0.357212036817048
0.00252164923001844 -0.357935116470659
0.00254686572231862 -0.358667105582591
0.00257233437954181 -0.35940813038375
0.00259805772333723 -0.360158319598566
0.0026240383005706 -0.360917804518682
0.00265027868357631 -0.361686719085997
0.00267678147041207 -0.362465199980756
0.00270354928511619 -0.363253386713927
0.00273058477796735 -0.364051421723784
0.00275789062574703 -0.364859450476677
0.0027854695320045 -0.365677621572242
0.00281332422732454 -0.366506086853331
0.00284145746959779 -0.36734500152249
0.00286987204429376 -0.36819452428268
0.0028985707647367 -0.36905482058401
0.00292755647238407 -0.369926047368526
0.00295683203710791 -0.370808382697161
0.00298640035747899 -0.371701999700852
0.00301626436105378 -0.372607073938651
0.00304642700466432 -0.373523787064764
0.00307689127471096 -0.374452328726134
0.00310766018745807 -0.375392889099113
0.00313873678933265 -0.376345664412363
0.00317012415722598 -0.377310855860666
0.00320182539879824 -0.378288669801951
0.00323384365278622 -0.379279317947919
0.00326618208931408 -0.380283017562693
0.00329884391020722 -0.381299991668999
0.00333183234930929 -0.382330469609996
0.00336515067280239 -0.383374685897273
0.00339880217953041 -0.384432883666121
0.00343279020132572 -0.385505288834248
0.00346711810333897 -0.386592216937821
0.00350178928437236 -0.387693872108979
0.00353680717721609 -0.388810543321648
0.00357217524898825 -0.389942508080317
0.00360789700147813 -0.391090051909179
0.00364397597149291 -0.39225346862934
0.00368041573120784 -0.393433060660878
0.00371721988851992 -0.394629139336837
0.00375439208740512 -0.395842026466374
0.00379193600827917 -0.397072047765381
0.00382985536836196 -0.398319549093467
0.00386815392204558 -0.399584877521373
0.00390683546126603 -0.400868398783649
0.0039459038158787 -0.402170474371754
0.00398536285403748 -0.40349149758604
0.00402521648257786 -0.404831859175432
0.00406546864740364 -0.406191964716347
0.00410612333387767 -0.407572243892141
0.00414718456721645 -0.408973119089029
0.00418865641288861 -0.410395041893092
0.0042305429770175 -0.411838474197779
0.00427284840678767 -0.413303889386091
0.00431557689085555 -0.41479177849068
0.00435873265976411 -0.416302652399546
0.00440231998636175 -0.417837024050132
0.00444634318622536 -0.41939543201632
0.00449080661808762 -0.420978445266623
0.00453571468426849 -0.422586619608297
0.00458107183111118 -0.424220569738931
0.00462688254942229 -0.425880876154604
0.00467315137491651 -0.427568196501186
0.00471988288866568 -0.429283166829951
0.00476708171755234 -0.431026422715257
0.00481475253472786 -0.432798759783539
0.00486290006007514 -0.434600799508849
0.00491152906067589 -0.436433311909498
0.00496064435128265 -0.438297054628716
0.00501025079479548 -0.44019279704461
0.00506035330274343 -0.44212138237315
0.00511095683577087 -0.444083619238112
0.00516206640412858 -0.446080385519765
0.00521368706816986 -0.448112567082547
0.00526582393885156 -0.450181096010406
0.00531848217824008 -0.452286899332523
0.00537166700002248 -0.454430969314978
0.0054253836700227 -0.456614310522098
0.00547963750672293 -0.458837967205248
0.00553443388179016 -0.461103105834138
0.00558977822060806 -0.463410653334271
0.00564567600281414 -0.465761842795129
0.00570213276284228 -0.468157859857819
0.0057591540904707 -0.470599907023494
0.00581674563137541 -0.473089282227902
0.00587491308768917 -0.475627158174275
0.00593366221856606 -0.478215169358682
0.00599299884075172 -0.480854393215371
0.00605292882915924 -0.483546353336283
0.00611345811745083 -0.486292537685754
0.00617459269862534 -0.489094440197921
0.00623633862561159 -0.491953641646932
0.00629870201186771 -0.494871729979936
0.00636168903198638 -0.49785043076149
0.00642530592230625 -0.500891413899708
0.00648955898152931 -0.50399647830867
0.0065544545713446 -0.507167434067782
0.00661999911705805 -0.510406172328485
0.00668619910822863 -0.513714669771433
0.00675306109931092 -0.517094894359793
0.00682059171030403 -0.520548555961813
0.00688879762740707 -0.524079040571934
0.00695768560368114 -0.527687322207855
0.00702726245971795 -0.531376101667617
0.00709753508431513 -0.535147729980861
0.00716851043515828 -0.539004660679065
0.00724019553950986 -0.542949309361634
0.00731259749490496 -0.546984302813123
0.00738572346985401 -0.551112924249197
0.00745958070455255 -0.555337100679826
0.00753417651159808 -0.559660157722025
0.00760951827671406 -0.564084994047827
0.0076856134594812 -0.568614684512767
0.00776246959407601 -0.573252441524475
0.00784009429001677 -0.578001424548843
0.00791849523291694 -0.582865300244959
0.00799768018524611 -0.587847448024074
0.00807765698709857 -0.592951553904274
0.00815843355696956 -0.598181377619515
0.00824001789253925 -0.603541023591803
0.00832241807146464 -0.609034264421893
0.008405642252179289 -0.614665464406892
0.00848969867470108 -0.620438986490299
0.0085745956614481 -0.626359439237243
0.008660341618062581 -0.632431364900146
0.008746945034243199 -0.638659700435887
0.008834414484585631 -0.645049592412969
0.008922758629431491 -0.651606253595593
0.0090119862157258 -0.658335146568858
0.00910210607788306 -0.665241980918888
0.00919312713866189 -0.672332589965858
0.00928505841004851 -0.679613128953378
0.009377908994149 -0.687089990098145
0.00947168808409049 -0.694769797753899
0.009566404964931391 -0.702659474476326
0.00966206901458071 -0.71076616176754
0.009758689704726511 -0.719097355360815
0.009856276601773781 -0.727660855088299
0.00995483936779152 -0.736464774693667
0.0100543877614694 -0.745517516847471
0.0101549316390841 -0.754827767683052
0.010256480955475 -0.764405033770527
0.0103590457650297 -0.774258711774316
0.01046263622268 -0.784398769118253
0.0105672625849068 -0.794835637988423
0.0106729352107559 -0.805580150368536
0.0107796645628634 -0.816643658539994
0.0108874612084921 -0.828037942338607
0.010996335820577 -0.839775331776044
0.0111062991787828 -0.851868891459645
0.0112173621705706 -0.864331659622085
0.0113295357922763 -0.877177817803821
0.0114428311501991 -0.890421968183699
0.0115572594617011 -0.904079333170317
0.0116728320563181 -0.918165807537296
0.0117895603768812 -0.932697928567188
0.0119074559806501 -0.947692984852389
0.0120265305404566 -0.963168905351792
0.0121467958458611 -0.979144417566643
0.0122682638043197 -0.99563902758781
0.0123909464423629 -1.01267290807046
0.0125148559067866 -1.03026717055152
0.0126400044658544 -1.04844355835523
0.012766404510513 -1.06722475581018
0.0128940685556181 -1.08663433281617
0.0130230092411743 -1.10669639534809
0.013153239333586 -1.12743601128077
0.0132847717269219 -1.14887905903239
0.0134176194441911 -1.17105178283996
0.013551795638633 -1.19398162457567
0.0136873135950193 -1.21769650947098
0.0138241867309695 -1.24222439767476
0.0139624285982792 -1.26759428194287
0.014102052884262 -1.29383521943709
0.0142430734131046 -1.32097627775455
0.0143855041472357 -1.3490467044231
0.014529359188708 -1.378075221572
0.0146746527805951 -1.40809041908871
0.0148213993084011 -1.43911919521287
0.0149696133014851 -1.47118787618886
0.0151193094344999 -1.50432085678809
0.0152705025288449 -1.53854024280588
0.0154232075541334 -1.57386535300588
0.0155774396296747 -1.61031192320516
0.0157332140259715 -1.64789149367933
0.0158905461662312 -1.68661012598898
0.0160494516278935 -1.72646791349277
0.0162099461441724 -1.76745757354468
0.0163720456056142 -1.80956312484702
0.0165357660616703 -1.85275871284404
0.016701123722287 -1.89700703104695
0.0168681349595099 -1.94225743615725
0.017036816309105 -1.98844467212236
0.017207184472196 -2.03548666028516
0.017379256316918 -2.08328278377201
0.0175530488800872 -2.13171170864456
0.017728579368888 -2.18063071391555
0.0179058651625769 -2.22987097305399
0.0180849238142027 -2.27923937585465
0.0182657730523447 -2.32851508099842
0.0184484307828682 -2.37744925964027
0.0186329150906968 -2.42576417091162
0.0188192442416038 -2.47315408569466
0.0190074366840199 -2.51928545420263
0.0191975110508601 -2.56379966775603
0.0193894861613687 -2.60631584689012
0.0195833810229823 -2.64643356901539
0.0197792148332122 -2.68374146344163
0.0199770069815443 -2.71782086186573
0.0201767770513597 -2.74825504657449
0.0203785448218733 -2.77463745026477
0.0205823302700921 -2.79658220594636
0.020788153572793 -2.81373329983223
0.0209960351085209 -2.82577543091773
0.0212059954596061 -2.83244350444856
0.0214180554142022 -2.83353216607645
0.0216322359683442 -2.82890076409411
0.0218485583280276 -2.81848464433378
0.0220670439113079 -2.80229266828184
0.022287714350421 -2.78041176507656
0.0225105914939252 -2.7530045084079
0.0227356974088645 -2.72030543704842
0.0229630543829531 -2.68261437827461
0.0231926849267826 -2.64028857932248
0.0234246117760505 -2.59373272463374
0.023658857893811 -2.54338817935997
0.0238954464727491 -2.48972135542907
0.0241344009374766 -2.43321337563975
0.0243757449468513 -2.37434847393394
0.0246195023963198 -2.31360533915513
0.024865697420283 -2.25144452248425
0.0251143543944859 -2.18830903241153
0.0253654979384307 -2.1246108721904
0.025619152917815 -2.06072995337019
0.0258753444469932 -1.99701204505201
0.0261340978914631 -1.93376556724714
0.0263954388703778 -1.87126262163205
0.0266593932590815 -1.80973783845751
0.0269259871916724 -1.74939126035059
0.0271952470635891 -1.6903892039675
0.027467199534225 -1.63286746422743
0.0277418715295672 -1.57693253854423
0.0280192902448629 -1.52266571346751
0.0282994831473115 -1.47012512716189
0.0285824779787846 -1.41934842643168
0.0288683027585725 -1.37035559300593
0.0291569857861582 -1.32315135831317
0.0294485556440198 -1.27772733906863
0.02974304120046 -1.23406444455202
0.0300404716124646 -1.19213434357176
0.0303408763285892 -1.15190138444879
0.0306442850918751 -1.11332415059522
0.0309507279427939 -1.07635680934733
0.0312602352222218 -1.04094943151149
0.031572837574444 -1.0070506089802
0.0318885659501885 -0.974606997385506
0.0322074516096904 -0.943563245114217
0.0325295261257873 -0.913866155511961
0.0328548213870451 -0.885459504207671
0.0331833696009156 -0.858290899058179
0.0335152032969248 -0.832306167757799
0.033850355329894 -0.807454094059755
0.0341888588831929 -0.783684056585045
0.0345307474720249 -0.760946537516441
0.0348760549467451 -0.739194756610256
0.0352248154962126 -0.718382431891681
0.0355770636511747 -0.698466436812557
0.0359328342876865 -0.679403025877346
0.0362921626305633 -0.661152316575319
0.036655084256869 -0.643676495448245
0.0370216350994376 -0.626937981697263
0.037391851450432 -0.610900986010459
0.0377657699649363 -0.595532092660644
0.0381434276645857 -0.580799338629604
0.0385248619412316 -0.566672154978199
0.0389101105606439 -0.553121301602465
0.0392992116662503 -0.540119022081946
0.0396922037829128 -0.52763932655069
0.0400891258207419 -0.515657033634611
0.0404900170789494 -0.504148515982752
0.0408949172497389 -0.493091391888829
0.0413038664222363 -0.482463634451114
0.0417169050864586 -0.47224522590133
0.0421340741373232 -0.462417288442213
0.0425554148786964 -0.452961607172475
0.0429809690274834 -0.443859086861918
0.0434107787177582 -0.435094593395299
0.0438448865049358 -0.426652199384194
0.0442833353699852 -0.418516838208864
0.044726168723685 -0.410674291043219
0.0451734304109219 -0.403110953169382
0.0456251647150311 -0.395814104528733
0.0460814163621814 -0.388771400672484
0.0465422305258032 -0.381971339051311
0.0470076528310613 -0.375402522190026
0.0474777293593719 -0.369054774871324
0.0479525066529656 -0.362917952537207
0.0484320317194952 -0.35698238720652
0.0489163520366902 -0.35123903029872
0.0494055155570571 -0.34567932138905
0.0498995707126277 -0.340294764877435
0.0503985664197539 -0.33507780231691
0.0509025520839515 -0.330020435866739
0.051411577604791 -0.325115963973282
0.0519256933808389 -0.320357344535922
0.0524449503146473 -0.31573806059072
0.0529693998177938 -0.311251926737468
0.0534990938159717 -0.306893007344172
0.0540340847541314 -0.302655611237148
0.0545744256016727 -0.298534349668952
0.0551201698576895 -0.294524137259867
0.0556713715562664 -0.290619864779517
0.056228085271829 -0.286817045793418
0.0567903661245473 -0.283111117234921
0.0573582697857928 -0.279497804790814
0.0579318524836507 -0.275973041345794
0.0585111710084872 -0.272532925112911
0.0590962827185721 -0.269173769777175
0.0596872455457578 -0.265892036703552
0.0602841180012154 -0.262684342229747
0.0608869591812276 -0.25954749570023
0.0614958287730398 -0.256478424984363
0.0621107870607702 -0.253474326364543
0.0627318949313779 -0.250532235710887
0.0633592138806917 -0.24764963197848
0.0639928060194986 -0.244823992111525
0.0646327340796936 -0.242052930144684
0.0652790614204906 -0.239334183422258
0.0659318520346955 -0.236665613765208
0.06659117055504241 -0.234045203308045
0.06725708226059279 -0.23147101207484
0.0679296530831988 -0.228941142949382
0.0686089496140308 -0.22645405403966
0.0692950391101711 -0.224007965457299
0.0699879895012728 -0.221601359966329
0.0706878693962855 -0.219232827830831
0.0713947480902484 -0.216900976883313
0.0721086955711509 -0.214604538170212
0.0728297825268624 -0.212342294196515
0.073558080352131 -0.210113117668218
0.07429366115565229 -0.207916038577849
0.07503659776720881 -0.205749902599415
0.07578696374488091 -0.203614000478968
0.0765448333823297 -0.201507329227955
0.07731028171615301 -0.199429158830869
0.07808338453331461 -0.197378728510296
0.0788642183786477 -0.195355410126203
0.0796528605624342 -0.193358502543891
0.08044938916805849 -0.191387572017647
0.0812538830597391 -0.189441982743258
0.0820664218903365 -0.187521281430737
0.08288708610923989 -0.185625061480182
0.08371595697033229 -0.183752927406601
0.0845531165400356 -0.18190451562733
0.085398647705436 -0.180079482026716
0.0862526341824903 -0.17827764766472
0.0871151605243152 -0.176498683238625
0.0879863121295584 -0.174742341204022
0.0888661752508539 -0.173008469724345
0.08975483700336249 -0.171296880841922
0.09065238537339609 -0.169607420482623
0.0915589092271301 -0.167939935660541
0.0924744983194014 -0.166294342228408
0.0933992433025954 -0.164670571175061
0.0943332357356213 -0.163068400922184
0.0952765680929776 -0.161487923454296
0.0962293337739073 -0.159928900819834
0.0971916271116464 -0.158391388180026
0.0981635433827629 -0.156875230913759
0.0991451788165905 -0.155380452652679
0.100136630604756 -0.15390692290304
0.101137996910804 -0.1524546181727
0.102149376879912 -0.151023447242539
0.103170870648711 -0.149613378857974
0.104202579355198 -0.148224292105035
0.10524460514875 -0.14685614670061
0.106297051200238 -0.145508815201878
0.10736002171224 -0.144182236500842
0.108433621929363 -0.142876328342619
0.109517958148656 -0.141590898136274
0.110613137730143 -0.140325841479306
0.111719269107444 -0.139081051845044
0.112836461798519 -0.137856348523863
0.113964826416504 -0.136651566591173
0.115104474680669 -0.135466527215998
0.116255519427476 -0.134301033056386
0.11741807462175 -0.133154896482671
0.118592255367968 -0.132027894350816
0.119778177921647 -0.130919811358509
0.120975959700864 -0.129830379823023
0.122185719297873 -0.12875931821557
0.123407576490851 -0.12770642820569
0.12464165225576 -0.126671418175665
0.125888068778317 -0.12565397147
0.127146949466101 -0.124653811889093
0.128418418960762 -0.123670633963833
0.129702603150369 -0.12270412330695
0.130999629181873 -0.121753956987031
0.132309625473692 -0.120819823574289
0.133632721728429 -0.11990136565003
0.134969048945713 -0.118998258111201
0.13631873943517 -0.118110149476488
0.137681926829522 -0.117236711326364
0.139058746097817 -0.11637758399141
0.140449333558795 -0.115532429863543
0.141853826894383 -0.114700895615693
0.143272365163327 -0.113882627776688
0.14470508881496 -0.113077286217427
0.14615213970311 -0.112284523362661
0.147613661100141 -0.111504010649786
0.149089797711142 -0.110735391710183
0.150580695688254 -0.109978337180158
0.152086502645136 -0.109232513115786
0.153607367671588 -0.108497623606841
0.155143441348303 -0.10777331352257
0.156694875761787 -0.107059299606061
0.158261824519404 -0.10635526732597
0.159844442764598 -0.105660910839736
0.161442887192244 -0.10497596379634
0.163057316064167 -0.104300125551363
0.164687889224809 -0.103633129292044
0.166334768117057 -0.102974719017201
0.167998115798227 -0.102324621473415
0.169678096956209 -0.101682607183359
0.171374877925772 -0.10104843095261
0.173088626705029 -0.10042186790437
0.17481951297208 -0.0998026899023117
0.1765677081018 -0.0991906872323247
0.178333385182818 -0.0985856538456538
0.180116719034647 -0.0979873912535769
0.181917886224993 -0.0973957155779109
0.183737065087243 -0.0968104404939971
0.185574435738115 -0.0962313814277445
0.187430180095497 -0.0956583744427253
0.189304481896452 -0.0950912353117279
0.191197526715416 -0.0945297933783824
0.19310950198257 -0.0939738526382686
0.195040597002396 -0.0934231596926598
0.19699100297242 -0.0928776529658204
0.198960913002144 -0.0923337747298069
0.200950522132166 -0.0917861846164137
0.202960027353487 -0.0912637435701112
0.204989627627022 -0.0907412807720519
0.207039523903292 -0.0902235109001022
0.209109919142325 -0.089710074497496
0.211201018333748 -0.0892010101450033
0.213313028517086 -0.0886962707307759
0.215446158802257 -0.0881957996764629
0.217600620390279 -0.0876995195234619
0.219776626594182 -0.08720735061282
0.221974392860124 -0.0867192098018507
0.224194136788725 -0.0862350117872021
0.226436078156613 -0.085754671238631
0.228700438938179 -0.0852781022549763
0.23098744332756 -0.0848052167110478
0.233297317760836 -0.0843359299281575
0.235630290938444 -0.0838701524665242
0.237986593847829 -0.083407798853694
0.240366459786307 -0.0829487854965873
0.24277012438417 -0.0824930170845384
0.245197825628012 -0.0820404072223063
0.247649803884292 -0.0815908736268641
0.250126301923135 -0.081144330293283
0.252627564942366 -0.0807006827973569
0.25515384059179 -0.0802598452515746
0.257705378997708 -0.0798217394468676
0.260282432787685 -0.0793862663663794
0.262885257115562 -0.0789533607352101
0.265514109686717 -0.0785229201209899
0.268169250783585 -0.0780948634049625
0.27085094329142 -0.0776691160638253
0.273559452724335 -0.077245590520005
0.276295047251578 -0.0768242096431684
0.279057997724094 -0.0764048944605345
0.281848577701335 -0.0759875705753621
0.284667063478348 -0.0755721644044801
0.287513734113132 -0.0751586015334881
0.290388871454263 -0.0747468147769826
0.293292760168805 -0.07433673300761
0.296225687770494 -0.073928301633169
0.299187944648198 -0.0735214572323341
0.30217982409468 -0.0731161372847464
0.305201622335627 -0.0727122896807291
0.308253638558984 -0.0723098728772609
0.311336174944573 -0.0719088281348354
0.314449536694019 -0.0715091164922068
0.317594032060959 -0.0711106999800224
0.320769972381569 -0.0707135370992265
0.323977672105385 -0.0703175965900903
0.327217448826438 -0.0699228543080104
0.330489623314703 -0.0695292906525813
0.33379451954785 -0.0691368705867054
0.337132464743328 -0.068745587030505
0.340503789390762 -0.0683554214623502
0.343908827284669 -0.0679663654908959
0.347347915557516 -0.0675784095830095
0.350821394713091 -0.0671915488689097
0.354329608660222 -0.0668057830551018
0.357872904746824 -0.0664211037587709
0.361451633794292 -0.0660375188052075
0.365066150132235 -0.065655026287007
0.368716811633558 -0.065273637841896
0.372403979749893 -0.0648933461175772
0.376128019547392 -0.0645141692643523
0.379889299742866 -0.0641360974919837
0.383688192740295 -0.0637591425300679
0.387525074667698 -0.063383305265621
0.391400325414375 -0.0630085817370312
0.395314328668518 -0.0626349812725082
0.399267471955204 -0.0622624878938255
0.403260146674756 -0.0618911054933884
0.407292748141503 -0.0615208258041783
0.411365675622918 -0.0611516345807094
0.415479332379147 -0.0607835166998314
0.419634125702939 -0.0604164537655097
0.423830466959968 -0.0600504247542912
0.428068771629568 -0.0596854009201483
0.432349459345864 -0.0593213535969556
0.436672953939322 -0.058958248017614
0.441039683478716 -0.0585960465225634
0.445450080313503 -0.0582347098427546
0.449904581116638 -0.0578741915611239
0.454403626927804 -0.0575144435057193
0.458947663197082 -0.0571554119153532
0.463537139829053 -0.0567970488456314
0.468172511227344 -0.056439293408171
0.472854236339617 -0.056082088041191
0.477582778703013 -0.0557253720032652
0.482358606490043 -0.0553690855048088
0.487182192554944 -0.0550131649651556
0.492054014480493 -0.0546575441023748
0.496974554625298 -0.0543021590009838
0.501944300171551 -0.0539469510025472
0.506963743173267 -0.0535918558729876
0.512033380604999 -0.0532368115363585
0.517153714411049 -0.0528817558741087
0.52232525155516 -0.0525266306368052
0.527548504070711 -0.0521713751605848
0.532823989111418 -0.0518159351731943
0.538152229002533 -0.0514602533299561
0.543533751292558 -0.0511042809845749
0.548969088805484 -0.0507479636204718
0.554458779693538 -0.0503912528142031
0.560003367490474 -0.0500341014815313
0.565603401165378 -0.0496764635609732
0.571259435177032 -0.0493182967079321
0.576972029528803 -0.0489595575998931
0.582741749824091 -0.0486002044703089
0.588569167322331 -0.0482401998111225
0.5944548589955549 -0.0478795015789189
0.60039940758551 -0.0475180696569891
0.606403401661365 -0.047155861389268
0.612467435677979 -0.0467928488965083
0.618592110034759 -0.0464289855391405
0.624778031135106 -0.0460642347978484
0.631025811446457 -0.0456985522758448
0.637336069560922 -0.0453318794400141
0.643709430256531 -0.0449642104699421
0.650146524559097 -0.0445954850916804
0.656647989804688 -0.0442256316684944
0.663214469702734 -0.043854619664782
0.669846614399762 -0.0434823857513706
0.6765450805437589 -0.0431088785536358
0.6833105313491969 -0.0427340348830342
0.690143636662689 -0.0423577928990488
0.697045073029316 -0.0419800820425295
0.704015523759609 -0.0416008283946114
0.711055678997205 -0.0412199621623295
0.718166235787177 -0.0408374014393845
0.725347898145049 -0.040453060297279
0.732601377126499 -0.0400668548400728
0.739927390897764 -0.0396786952336141
0.747326664806742 -0.0392884813202269
0.7547999314548089 -0.0388961268529885
0.762347930769357 -0.0385015210529046
0.7699714100770511 -0.0381045721454822
0.777671124177822 -0.037705170174779
0.7854478354195999 -0.0373032140380802
0.793302313773796 -0.0368985949815404
0.801235336911534 -0.0364912124746106
0.809247690280649 -0.036080962313159
0.817340167183456 -0.0356677425929171
0.82551356885529 -0.0352514549086714
0.833768704543843 -0.0348320069154502
0.842106391589282 -0.0344092879025757
0.8505274555051739 -0.0339832684602149
0.8547800927827 -0.0337684307222339
0.859032730060226 -0.033553814544949
0.863327893710527 -0.0333372486205657
0.867623057360828 -0.0331208800911621
0.871961172647633 -0.0329025506806436
0.874130230291035 -0.0327934539319523
0.876299287934437 -0.0326844106942387
0.878490036154273 -0.032574326269264
0.880680784374109 -0.0324642843229534
0.882871532593945 -0.0323542960880955
0.885062280813781 -0.0322443529321866
0.887274936515815 -0.0321333586978995
0.88948759221785 -0.032022409807
0.891700247919885 -0.0319115148755919
0.893912903621919 -0.0318006636128331
0.898382468140029 -0.0315769007794029
0.902852032658138 -0.0313533242745701
0.907366292821429 -0.0311277227133
0.91188055298472 -0.030902324714501
0.916439955749644 -0.0306748867525995
0.920999358514567 -0.0304476622128113
0.92560435530714 -0.030218400353506
0.930209352099712 -0.0299893568496452
0.93951144562071 -0.029527464983752
0.948906560076917 -0.0290619813315481
0.958395625677686 -0.0285930332891777
0.967979581934463 -0.0281206847128494
0.977659377753807 -0.0276450427501099
0.987435971531345 -0.0271662370295242
0.997310331246659 -0.0266844119538456
1.00728343455913 -0.0261997354517084
1.01735626890472 -0.0257123853921308
1.02752983159376 -0.0252225741888646
1.0378051299097 -0.0247305166827075
1.0481831812088 -0.0242364604617931
1.05866501302089 -0.0237406895566089
1.0692516631511 -0.0232434639433417
1.07994417978261 -0.022745071398765
1.09074362158043 -0.0222458069875716
1.10165105779624 -0.021746051542248
1.1126675683742 -0.0212461211714841
1.12379424405794 -0.0207463709726595
1.13503218649852 -0.0202471736773325
1.14638250836351 -0.0197489041963677
1.15784633344714 -0.0192519473203166
1.16942479678161 -0.0187567023323448
1.18111904474943 -0.0182635614457366
1.19293023519692 -0.0177729371997722
1.20485953754889 -0.0172852250589259
1.21690813292438 -0.0168008318265035
1.22299267358901 -0.0165594123611401
1.22907721425363 -0.0163201648956036
1.23522260032489 -0.0160807635908395
1.24136798639616 -0.0158436245716709
1.24447140636215 -0.0157247392615734
1.24757482632814 -0.0156064381312906
1.25067824629413 -0.0154887266790582
1.25378166626012 -0.0153716055405438
1.25534889334295 -0.0153126860727743
1.25691612042577 -0.0152539138996016
1.26005057459142 -0.0151368308220835
1.26318502875707 -0.0150203586259735
1.26631948292272 -0.0149044967890628
1.26948528163003 -0.0147880983713072
1.27265108033733 -0.0146723284530959
1.27581687904464 -0.0145571875685333
1.27898267775195 -0.0144426778551592
1.28218013444633 -0.014327665036196
1.28537759114071 -0.0142133022393933
1.29177250452947 -0.0139865177986448
1.29823136705212 -0.0137601182946343
1.30469022957477 -0.0135363835935633
1.31121368072264 -0.0133131279452246
1.31773713187051 -0.013092611728477
1.32432581752987 -0.0128726727701262
1.33091450318922 -0.0126555348785354
1.33756907570517 -0.0124390731188488
1.34422364822111 -0.0122254698065721
1.35094476646222 -0.0120126351557259
1.35766588470332 -0.0118027151798891
1.36445421412684 -0.0115936439589837
1.37124254355036 -0.0113875478101512
1.38495496898586 -0.0109802106046312
1.39880451867572 -0.0105809924046298
1.41279256386247 -0.0101900641499192
1.4269204895011 -0.00980764042835096
1.44118969439611 -0.00943389712987461
1.45560159134007 -0.00906898698479464
1.47015760725347 -0.00871304073296252
1.48485918332601 -0.0083661690279592
1.49970777515927 -0.00802845451879537
1.51470485291086 -0.00769996160675181
1.52985190143997 -0.00738073361366013
1.54515042045437 -0.00707079102706298
1.56060192465891 -0.00677013337092727
1.5762079439055 -0.00647874053011485
1.59197002334456 -0.00619657493007342
1.607889723578 -0.00592357648714018
1.62396862081378 -0.00565967040330911
1.64020830702192 -0.00540476465804377
1.65661039009214 -0.00515875156260309
1.67317649399306 -0.00492150626313011
1.68990825893299 -0.00469290118322971
1.70680734152232 -0.004472780530297
1.72387541493754 -0.00426098787969758
1.74111416908692 -0.00405735437441697
1.75852531077779 -0.00386170215768168
1.77611056388557 -0.00367384562236437
1.79387166952442 -0.00349359263359177
1.81181038621967 -0.00332074464431418
1.82992849008186 -0.00315510158203848
1.84822777498268 -0.00299645539135774
1.86671005273251 -0.00284459839706981
1.88537715325983 -0.00269932063832213
1.90423092479243 -0.00256041114267518
1.92327323404036 -0.00242765917318569
1.94250596638076 -0.00230085461860869
1.96193102604457 -0.00217978874024173
1.98155033630501 -0.00206425522805287
2.00136583966806 -0.0019540499292829
2.02137949806474 -0.00184897224968638
2.04159329304539 -0.00174882507071797
2.06200922597584 -0.00165341544522137
2.0826293182356 -0.00156255434440304
2.10345561141796 -0.00147605869073828
2.12449016753214 -0.00139374859417551
2.14573506920746 -0.00131545047472544
2.16719241989954 -0.00124099564618895
2.18886434409853 -0.00117022086020207
2.21075298753952 -0.00110296824031917
2.23286051741491 -0.00103908541470504
2.25518912258906 -0.000978425443679339
2.27774101381495 -0.00092084678765821
2.3005184239531 -0.000866213256740564
2.32352360819263 -0.000814393923832814
2.34675884427456 -0.00076526293677886
2.3702264327173 -0.000718699537397993
2.39392869704448 -0.000674587785772572
2.41786798401492 -0.000632816472534989
2.44204666385507 -0.00059327893229312
2.46646713049362 -0.000555872910226809
2.49113180179856 -0.000520500354442686
2.51604311981654 -0.0004870672783577
2.54120355101471 -0.000455483552208245
2.56661558652486 -0.000425662777046015
2.5922817423901 -0.000397522140612274
2.618204559814 -0.000370982158810958
2.64438660541214 -0.000345966637454734
2.67083047146627 -0.000322402474625656
2.69753877618093 -0.000300219535164941
2.72451416394274 -0.000279350508445639
2.75175930558217 -0.000259730803707411
2.77927689863799 -0.000241298424837098
2.80706966762437 -0.000223993863127945
2.83514036430061 -0.000207760005152251
2.86349176794362 -0.000192542036470261
2.89212668562305 -0.000178287353188536
2.92104795247928 -0.000164945484113142
2.95025843200408 -0.000152468016515213
2.97976101632412 -0.000140808526819341
3.00955862648736 -0.000129922513175267
3.03965421275223 -0.000119767338630026
3.07005075487975 -0.000110302172088066
3.10075126242855 -0.000101487932545969
3.13175877505284 -9.32872393840033e-05
3.16307636280337 -8.56643616557087e-05
3.1947071264314 -7.85851706404789e-05
3.22665419769571 -7.20170937343099e-05
3.25892073967267 -6.59290703323544e-05
3.2915099470694 -6.02915053434511e-05
3.32442504654009 -5.50762253771886e-05
3.35766929700549 -5.02564394351112e-05
3.39124598997555 -4.58066918174692e-05
3.4251584498753 -4.17028223662177e-05
3.45941003437406 -3.79219228752197e-05
3.4940041347178 -3.44422956375216e-05
3.52894417606497 -3.12434112594028e-05
3.56423361782562 -2.83058666903612e-05
3.59987595400388 -2.56113436728227e-05
3.63587471354392 -2.31425674383242e-05
3.67223346067936 -2.08832653990525e-05
3.70895579528615 -1.88181264326553e-05
3.74604535323901 -1.69327602878301e-05
3.7835058067714 -1.5213657946072e-05
3.82134086483912 -1.36481520468343e-05
3.85955427348751 -1.22243781454029e-05
3.89814981622238 -1.09312368823735e-05
3.93713131438461 -9.75835651715261e-06
3.97650262752845 -8.69605668125975e-06
4.01626765380374 -7.73531280298319e-06
4.05643033034178 -6.86772168219092e-06
4.09699463364519 -6.08546788378725e-06
4.13796457998165 -5.38129132780226e-06
4.17934422578146 -4.74845588115914e-06
4.22113766803928 -4.18071910384393e-06
4.26334904471967 -3.67230309966289e-06
4.30598253516687 -3.21786652503303e-06
4.34904236051854 -2.81247774154654e-06
4.39253278412372 -2.45158911720651e-06
4.43645811196496 -2.1310124773648e-06
4.48082269308461 -1.84689568920924e-06
4.52563092001545 -1.59570036397919e-06
4.57088722921561 -1.37418066962168e-06
4.61659610150777 -1.17936321569845e-06
4.66276206252284 -1.00852799860667e-06
4.70938968314807 -1e-06
4.75648357997955 -1e-06
4.80404841577935 -1e-06
4.85208889993714 -1e-06
4.90060978893651 -1e-06
4.94961588682588 -1e-06
4.99911204569414 -1e-06
5.04910316615108 -1e-06
5.09959419781259 -1e-06
5.15059013979072 -1e-06
5.20209604118862 -1e-06
5.25411700160051 -1e-06
5.30665817161651 -1e-06
5.35972475333268 -1e-06
5.41332200086601 -1e-06
5.46745522087467 -1e-06
5.52212977308341 -1e-06
5.57735107081425 -1e-06
5.63312458152239 -1e-06
5.68945582733762 -1e-06
5.74635038561099 -1e-06
5.8038138894671 -1e-06
5.86185202836177 -1e-06
5.92047054864539 -1e-06
5.97967525413184 -1e-06
6.03947200667316 -1e-06
6.0998667267399 -1e-06
6.16086539400729 -1e-06
6.22247404794737 -1e-06
6.28469878842684 -1e-06
6.34754577631111 -1e-06
6.41102123407422 -1e-06
6.47513144641496 -1e-06
6.53988276087911 -1e-06
6.60528158848791 -1e-06
6.67133440437278 -1e-06
6.73804774841651 -1e-06
6.80542822590068 -1e-06
6.87348250815968 -1e-06
6.94221733324128 -1e-06
7.01163950657369 -1e-06
7.08175590163943 -1e-06
7.15257346065582 -1e-06
7.22409919526238 -1e-06
7.29634018721501 -1e-06
7.36930358908716 -1e-06
7.44299662497803 -1e-06
7.51742659122781 -1e-06
7.59260085714009 -1e-06
7.66852686571149 -1e-06
7.7452121343686 -1e-06
7.82266425571229 -1e-06
7.90089089826941 -1e-06
7.97989980725211 -1e-06
8.059698805324629 -1e-06
8.14029579337787 -1e-06
8.221698751311649 -1e-06
8.30391573882477 -1e-06
8.38695489621302 -1e-06
8.47082444517515 -1e-06
8.555532689626901 -1e-06
8.64108801652317 -1e-06
8.727498896688401 -1e-06
8.81477388565529 -1e-06
8.902921624511841 -1e-06
8.99195084075696 -1e-06
9.081870349164531 -1e-06
9.172689052656169 -1e-06
9.26441594318274 -1e-06
9.357060102614559 -1e-06
9.45063070364071 -1e-06
9.54513701067712 -1e-06
9.640588380783891 -1e-06
9.736994264591729 -1e-06
9.834364207237639 -1e-06
9.93270784931002 -1e-06
10.0320349278031 -1e-06
10.1323552770812 -1e-06
10.233678829852 -1e-06
10.3360156181505 -1e-06
10.439375774332 -1e-06
10.5437695320753 -1e-06
10.6492072273961 -1e-06
10.75569929967 -1e-06
10.8632562926667 -1e-06
10.9718888555934 -1e-06
11.0816077441493 -1e-06
11.1924238215908 -1e-06
11.3043480598067 -1e-06
11.4173915404048 -1e-06
11.5315654558088 -1e-06
11.6468811103669 -1e-06
11.7633499214706 -1e-06
11.8809834206853 -1e-06
11.9997932548922 -1e-06
12.1197911874411 -1e-06
12.2409890993155 -1e-06
12.3633989903086 -1e-06
12.4870329802117 -1e-06
12.6119033100138 -1e-06
12.738022343114 -1e-06
12.8654025665451 -1e-06
12.9940565922106 -1e-06
13.1239971581327 -1e-06
13.255237129714 -1e-06
13.3877895010112 -1e-06
13.5216673960213 -1e-06
13.6568840699815 -1e-06
13.7934529106813 -1e-06
13.9313874397881 -1e-06
14.070701314186 -1e-06
14.2114083273278 -1e-06
14.3535224106011 -1e-06
14.4970576347071 -1e-06
14.6420282110542 -1e-06
14.7884484931648 -1e-06
14.9363329780964 -1e-06
15.0856963078774 -1e-06
15.2365532709561 -1e-06
15.3889188036657 -1e-06
15.5428079917024 -1e-06
15.6982360716194 -1e-06
15.8552184323356 -1e-06
16.0137706166589 -1e-06
16.1739083228255 -1e-06
16.3356474060538 -1e-06
16.4990038801143 -1e-06
16.6639939189155 -1e-06
16.8306338581046 -1e-06
16.9989401966857 -1e-06
17.1689295986525 -1e-06
17.340618894639 -1e-06
17.5140250835854 -1e-06
17.6891653344213 -1e-06
17.8660569877655 -1e-06
18.0447175576431 -1e-06
18.2251647332196 -1e-06
18.4074163805518 -1e-06
18.5914905443573 -1e-06
18.7774054498009 -1e-06
18.9651795042989 -1e-06
19.1548312993419 -1e-06
19.3463796123353 -1e-06
19.5398434084586 -1e-06
19.7352418425432 -1e-06
19.9325942609687 -1e-06
20.1319202035783 -1e-06
20.3332394056141 -1e-06
20.5365717996703 -1e-06
20.741937517667 -1e-06
20.9493568928436 -1e-06
21.1588504617721 -1e-06
21.3704389663898 -1e-06
21.5841433560537 -1e-06
21.7999847896142 -1e-06
22.0179846375104 -1e-06
22.2381644838855 -1e-06
22.4605461287243 -1e-06
22.6851515900116 -1e-06
22.9120031059117 -1e-06
23.1411231369708 -1e-06
23.3725343683405 -1e-06
23.6062597120239 -1e-06
23.8423223091442 -1e-06
24.0807455322356 -1e-06
24.321552987558 -1e-06
24.5647685174336 -1e-06
24.8104162026079 -1e-06
25.058520364634 -1e-06
25.3091055682803 -1e-06
25.5621966239631 -1e-06
25.8178185902027 -1e-06
26.0759967761048 -1e-06
26.3367567438658 -1e-06
26.6001243113045 -1e-06
26.8661255544175 -1e-06
27.1347868099617 -1e-06
27.4061346780613 -1e-06
27.6801960248419 -1e-06
27.9569979850903 -1e-06
28.2365679649412 -1e-06
28.5189336445907 -1e-06
28.8041229810366 -1e-06
29.0921642108469 -1e-06
29.3830858529554 -1e-06
29.676916711485 -1e-06
29.9736858785998 -1e-06
30.2734227373858 -1e-06
30.5761569647597 -1e-06
30.8819185344073 -1e-06
31.1907377197513 -1e-06
31.5026450969488 -1e-06
31.8176715479183 -1e-06
32.1358482633975 -1e-06
32.4572067460315 -1e-06
32.7817788134918 -1e-06
33.1095966016267 -1e-06
33.440692567643 -1e-06
33.7750994933194 -1e-06
34.1128504882526 -1e-06
34.4539789931351 -1e-06
34.7985187830665 -1e-06
35.1465039708972 -1e-06
35.4979690106061 -1e-06
35.8529487007122 -1e-06
36.2114781877193 -1e-06
36.5735929695965 -1e-06
36.9393288992925 -1e-06
37.3087221882854 -1e-06
37.6818094101683 -1e-06
38.0586275042699 -1e-06
38.4392137793127 -1e-06
38.8236059171058 -1e-06
39.2118419762768 -1e-06
39.6039603960396 -1e-06
40 -1e-06
