-40 0.007920259902002581
-39.6039603960396 0.007999101599224854
-39.2118419762768 0.00807872479963226
-38.8236059171058 0.008159137189791763
-38.4392137793127 0.008240346530373347
-38.0586275042699 0.008322360657533043
-37.6818094101683 0.008405187483340756
-37.3087221882854 0.008488834996784239
-36.9393288992925 0.008573311264106471
-36.5735929695965 0.00865862442992016
-36.2114781877193 0.008744782717027843
-35.8529487007122 0.008831794429350526
-35.4979690106061 0.008919667950126423
-35.1465039708972 0.009008411744232248
-34.7985187830665 0.009098034358040108
-34.4539789931351 0.00918854442127714
-34.1128504882526 0.00927995064685576
-33.7750994933194 0.0093722618322252
-33.440692567643 0.009465486859675791
-33.1095966016267 0.009559634697419352
-32.7817788134918 0.009654714401466645
-32.4572067460315 0.009750735113683712
-32.1358482633975 0.009847706065508699
-31.8176715479183 0.00994563654554487
-31.5026450969488 0.01004453605936661
-31.1907377197513 0.01014441401284363
-30.8819185344073 0.01024528003217058
-30.5761569647597 0.01034714380236965
-30.2734227373858 0.01045001510181655
-29.9736858785998 0.01055390380637674
-29.676916711485 0.01065881988421188
-29.3830858529554 0.01076477340092203
-29.0921642108469 0.01087177451943953
-28.8041229810366 0.01097983350008397
-28.5189336445907 0.01108896070187317
-28.2365679649412 0.01119916658580835
-27.9569979850903 0.01131046171191011
-27.6801960248419 0.01142285674254614
-27.4061346780613 0.01153636244301092
-27.1347868099617 0.01165098968225844
-26.8661255544175 0.01176674943439271
-26.6001243113045 0.01188365277789464
-26.3367567438658 0.01200171090027981
-26.0759967761048 0.01212093509494552
-25.8178185902027 0.01224133676577344
-25.5621966239631 0.01236292742482306
-25.3091055682803 0.01248571869592836
-25.058520364634 0.0126097223147525
-24.8104162026079 0.01273495013024845
-24.5647685174336 0.01286141410479937
-24.321552987558 0.01298912631630521
-24.0807455322356 0.0131180989592553
-23.8423223091442 0.01324834434505306
-23.6062597120239 0.01337987490375952
-23.3725343683405 0.01351270318567464
-23.1411231369708 0.0136468418601013
-22.9120031059117 0.0137823037200325
-22.6851515900116 0.01391910168089622
-22.4605461287243 0.01405724878307419
-22.2381644838855 0.01419675819089251
-22.0179846375104 0.01433764319650095
-21.7999847896142 0.01447991721958796
-21.5841433560537 0.01462359380851636
-21.3704389663898 0.0147686866425314
-21.1588504617721 0.01491520877770332
-20.9493568928436 0.01506317642131111
-20.741937517667 0.01521260138810914
-20.5365717996703 0.01536349864295017
-20.3332394056141 0.01551588253817346
-20.1319202035783 0.01566976755979411
-19.9325942609687 0.01582516834306458
-19.7352418425432 0.01598209963235855
-19.5398434084586 0.01614057636115888
-19.3463796123353 0.01630061357304403
-19.1548312993419 0.01646222646711482
-18.9651795042989 0.01662543038712157
-18.7774054498009 0.01679024082445574
-18.5914905443573 0.01695667342071976
-18.4074163805518 0.01712474396304068
-18.2251647332196 0.01729446840357576
-18.0447175576431 0.01746586282984072
-17.8660569877655 0.01763894349620694
-17.6891653344213 0.01781372681132934
-17.5140250835854 0.01799022933929118
-17.340618894639 0.01816846780671561
-17.1689295986525 0.01834845909917864
-16.9989401966857 0.01853022026558414
-16.8306338581046 0.01871376851960738
-16.6639939189155 0.01889912124024242
-16.4990038801143 0.0190862959735067
-16.3356474060538 0.01927531043502962
-16.1739083228255 0.01946618251098485
-16.0137706166589 0.01965893026100803
-15.8552184323356 0.01985357191790402
-15.6982360716194 0.0200501258904062
-15.5428079917024 0.02024861076511182
-15.3889188036657 0.02044904530837734
-15.2365532709561 0.02065144846806081
-15.0856963078774 0.02085583937429715
-14.9363329780964 0.02106223734196429
-14.7884484931648 0.02127066187323845
-14.6420282110542 0.02148113265938216
-14.4970576347071 0.02169366958258469
-14.3535224106011 0.02190829271473327
-14.2114083273278 0.02212502232425029
-14.070701314186 0.02234387887713007
-13.9313874397881 0.02256488303560378
-13.7934529106813 0.02278805566314109
-13.6568840699815 0.02301341782500516
-13.5216673960213 0.02324099079304631
-13.3877895010112 0.02347079604327026
-13.255237129714 0.02370285526172573
-13.1239971581327 0.02393719034666951
-12.9940565922106 0.02417382340691408
-12.8654025665451 0.02441277676794971
-12.738022343114 0.02465407297412158
-12.6119033100138 0.02489773478896989
-12.4870329802117 0.02514378519397027
-12.3633989903086 0.02539224740281207
-12.2409890993155 0.02564314485170051
-12.1197911874411 0.02589650120697394
-11.9997932548922 0.02615234036592111
-11.8809834206853 0.02641068646158433
-11.7633499214706 0.0266715638614483
-11.6468811103669 0.0269349971785705
-11.5315654558088 0.02720101125968898
-11.4173915404048 0.027469631200213
-11.3043480598067 0.02774088234418236
-11.1924238215908 0.028014790283409
-11.0816077441493 0.02829138086226553
-10.9718888555934 0.02857068018282862
-10.8632562926667 0.02885271460329368
-10.75569929967 0.02913751074375614
-10.6492072273961 0.02942509548974415
-10.5437695320753 0.02971549599178033
-10.439375774332 0.0300087396718992
-10.3360156181505 0.03030485422485233
-10.233678829852 0.03060386762160092
-10.1323552770812 0.03090580811333747
-10.0320349278031 0.0312107042337574
-9.93270784931002 0.03151858480213929
-9.834364207237639 0.03182947892560978
-9.736994264591729 0.03214341600658185
-9.640588380783891 0.03246042574314575
-9.54513701067712 0.03278053813121975
-9.45063070364071 0.0331037834709561
-9.357060102614559 0.03343019237069703
-9.26441594318274 0.03375979574510496
-9.172689052656169 0.0340926248279073
-9.081870349164531 0.03442871116862207
-8.99195084075696 0.0347680866367883
-8.902921624511841 0.03511078343276341
-8.81477388565529 0.03545683408024369
-8.727498896688401 0.03580627144246398
-8.64108801652317 0.03615912871850369
-8.555532689626901 0.03651543944891496
-8.47082444517515 0.03687523752327445
-8.38695489621302 0.03723855717974021
-8.30391573882477 0.0376054330147072
-8.221698751311649 0.03797589998197454
-8.14029579337787 0.03834999340316486
-8.059698805324629 0.03872774896707409
-7.97989980725211 0.03910920275088889
-7.90089089826941 0.03949439116122098
-7.82266425571229 0.03988335106343328
-7.7452121343686 0.04027611966319362
-7.66852686571149 0.04067273457359483
-7.59260085714009 0.04107323380804845
-7.51742659122781 0.04147765578550266
-7.44299662497803 0.04188603933730813
-7.36930358908716 0.04229842371042462
-7.29634018721501 0.04271484857569278
-7.22409919526238 0.04313535403286349
-7.15257346065582 0.04355998061796341
-7.08175590163943 0.04398876930586507
-7.01163950657369 0.04442176152041694
-6.94221733324128 0.04485899914189344
-6.87348250815968 0.04530052450532378
-6.80542822590068 0.04574638042212466
-6.73804774841651 0.04619661016810901
-6.67133440437278 0.04665125751200206
-6.60528158848791 0.04711036670145914
-6.53988276087911 0.04757398248690144
-6.47513144641496 0.0480421501203805
-6.41102123407422 0.04851491536684756
-6.34754577631111 0.04899232451073295
-6.28469878842684 0.0494744243647498
-6.22247404794737 0.04996126227802922
-6.16086539400729 0.05045288614489491
-6.0998667267399 0.05094934441379588
-6.03947200667316 0.05145068609558408
-5.97967525413184 0.05195696077351673
-5.92047054864539 0.05246821861295323
-5.86185202836177 0.05298451036976509
-5.8038138894671 0.05350588740178025
-5.74635038561099 0.05403240167782519
-5.68945582733762 0.05456410578960573
-5.63312458152239 0.05510105296145162
-5.57735107081425 0.05564329705872986
-5.52212977308341 0.05619089260401398
-5.46745522087467 0.056743894788147
-5.41332200086601 0.05730235948139025
-5.35972475333268 0.05786634324363747
-5.30665817161651 0.05843576565595641
-5.25411700160051 0.0590110977316182
-5.20209604118862 0.05959198515097531
-5.15059013979072 0.06017862503027281
-5.09959419781259 0.0607710775943411
-5.04910316615108 0.06136940381706009
-4.99911204569414 0.06197366546602217
-4.94961588682588 0.06258392511269865
-4.90060978893651 0.06320024614381749
-4.85208889993714 0.06382269277937255
-4.80404841577935 0.06445133009181095
-4.75648357997955 0.0650862240188449
-4.70938968314807 0.06572744138416146
-4.66276206252284 0.06637504992094062
-4.61659610150777 0.06702911825344042
-4.57088722921561 0.06768971599695768
-4.52563092001545 0.06835691369207246
-4.48082269308461 0.06903078286952632
-4.43645811196496 0.06971139606061501
-4.39253278412372 0.07039882682353579
-4.34904236051854 0.07109314975967937
-4.30598253516687 0.07179444054210977
-4.26334904471967 0.07250277592262128
-4.22113766803928 0.07321823379906828
-4.17934422578146 0.07394089318214712
-4.13796457998165 0.07467083427458408
-4.09699463364519 0.07540813844848447
-4.05643033034178 0.07615288832495276
-4.01626765380374 0.0769051677498977
-3.97650262752845 0.07766506188131056
-3.93713131438461 0.07843265716697015
-3.89814981622238 0.07920804139888719
-3.85955427348751 0.07999130375070373
-3.82134086483912 0.08078253480087784
-3.7835058067714 0.08158182657600982
-3.74604535323901 0.08238926888716645
-3.70895579528615 0.08320496784976147
-3.67223346067936 0.08402900892878397
-3.63587471354392 0.08486149402350536
-3.59987595400388 0.08570252290842238
-3.56423361782562 0.08655219709644336
-3.52894417606497 0.08741061979298743
-3.4940041347178 0.08827789596838569
-3.45941003437406 0.08915413245920968
-3.4251584498753 0.09003943782267906
-3.39124598997555 0.09093392273398745
-3.35766929700549 0.0918376996688173
-3.32442504654009 0.09275088317094884
-3.2915099470694 0.09367358994910473
-3.25892073967267 0.0946059387502904
-3.22665419769571 0.09554805054256139
-3.1947071264314 0.09650004857697425
-3.16307636280337 0.0974620583290482
-3.13175877505284 0.09843420782828607
-3.10075126242855 0.09941662744987485
-3.07005075487975 0.1004094501250072
-3.03965421275223 0.1014128114502388
-3.00955862648736 0.1024268495564255
-2.97976101632412 0.1034517055804786
-2.95025843200408 0.1044875232440566
-2.92104795247928 0.1055344494526547
-2.89212668562305 0.1065926340029974
-2.86349176794362 0.1076622298236872
-2.83514036430061 0.1087433416385899
-2.80706966762437 0.1098362834348935
-2.77927689863799 0.1109410636974764
-2.75175930558217 0.1120579002617969
-2.72451416394274 0.1131869634612582
-2.69753877618093 0.1143284270902869
-2.67083047146627 0.1154824690687719
-2.64438660541214 0.1166492712973533
-2.618204559814 0.1178290196260444
-2.5922817423901 0.1190219045508459
-2.56661558652486 0.1202281209746537
-2.54120355101471 0.1214478681026211
-2.51604311981654 0.1226813503750196
-2.49113180179856 0.1239287767236347
-2.46646713049362 0.1251903615700087
-2.44204666385507 0.1264663245393909
-2.41786798401492 0.1277568904945651
-2.39392869704448 0.1290622905081563
-2.3702264327173 0.1303827609423464
-2.34675884427456 0.1317185448647236
-2.32352360819263 0.1330698916597802
-2.3005184239531 0.1344370563162744
-2.27774101381495 0.135820302201875
-2.25518912258906 0.137219898816696
-2.23286051741491 0.1386361234509758
-2.21075298753952 0.1400692609708613
-2.18886434409853 0.1415196039302
-2.16719241989954 0.1429874536611181
-2.14573506920746 0.1444731200664788
-2.12449016753214 0.145976921999959
-2.10345561141796 0.1474991876624307
-2.0826293182356 0.1490402554758974
-2.06200922597584 0.1506004726968687
-2.04159329304539 0.1521801993015856
-2.02137949806474 0.1537798050388757
-2.00136583966806 0.1553996714431367
-1.98155033630501 0.157040192467115
-1.96193102604457 0.1587017743777933
-1.94250596638076 0.1603848365170958
-1.92327323404036 0.1620898132685911
-1.90423092479243 0.1638171520179993
-1.88537715325983 0.1655673161513146
-1.86671005273251 0.1673393223902626
-1.84822777498268 0.1691380535440206
-1.82992849008186 0.1709596359828421
-1.81181038621967 0.1728060634574146
-1.79387166952442 0.1746778869680572
-1.77611056388557 0.1765756774094038
-1.75852531077779 0.178500027100724
-1.74111416908692 0.180451550728003
-1.72387541493754 0.1824308863952148
-1.70680734152232 0.184438696980489
-1.68990825893299 0.1864756715227515
-1.67317649399306 0.1885425259297442
-1.65661039009214 0.19064000657684
-1.64020830702192 0.1927688885733911
-1.62396862081378 0.1949299804883061
-1.607889723578 0.197124124641259
-1.59197002334456 0.1993521995895578
-1.5762079439055 0.2016151231196789
-1.56060192465891 0.2039138491919838
-1.54515042045437 0.2062493812950319
-1.52985190143997 0.2086227645975428
-1.51470485291086 0.2110350905956857
-1.49970777515927 0.2134875079416425
-1.48485918332601 0.2159812157700587
-1.47015760725347 0.2185174715136966
-1.45560159134007 0.2210975983514615
-1.44118969439611 0.2237229828212773
-1.4269204895011 0.2263950806720781
-1.41279256386247 0.2291154291749725
-1.39880451867572 0.2318856406215903
-1.38495496898586 0.2347074446927234
-1.37124254355036 0.2375825720136878
-1.36445421412684 0.2390371134303646
-1.35766588470332 0.2405129868968085
-1.35094476646222 0.2419958257955967
-1.34422364822111 0.2435006715221724
-1.33756907570517 0.2450128598053154
-1.33091450318922 0.24654775134634
-1.32432581752987 0.2480903972913718
-1.31773713187051 0.2496564800097202
-1.31121368072264 0.2512307580835818
-1.30469022957477 0.2528292490649617
-1.29823136705212 0.2544364056006988
-1.29177250452947 0.2560686050851613
-1.28537759114071 0.2577099622006338
-1.28218013444633 0.2585403155509691
-1.27898267775195 0.2593772319975725
-1.27581687904464 0.260212417660894
-1.27265108033733 0.2610542200851634
-1.26948528163003 0.2619027266603838
-1.26631948292272 0.2627580319215608
-1.26318502875707 0.2636116652431073
-1.26005057459142 0.2644721545728717
-1.25691612042577 0.2653395906914476
-1.25534889334295 0.265775947043892
-1.25378166626012 0.2662140801981866
-1.25067824629413 0.2670869535470227
-1.24757482632814 0.2679669440998799
-1.24447140636215 0.2688541378994209
-1.24136798639616 0.2697486615778482
-1.23522260032489 0.2715419846544846
-1.22907721425363 0.273365302367325
-1.22299267358901 0.2752009442176742
-1.21690813292438 0.2770677861280119
-1.20485953754889 0.2808601195710211
-1.19293023519692 0.2847468496789748
-1.18111904474943 0.2887325476089201
-1.16942479678161 0.2928224018235501
-1.15784633344714 0.2970219639640841
-1.14638250836351 0.3013372854749066
-1.13503218649852 0.305774967558287
-1.12379424405794 0.3103422408937424
-1.1126675683742 0.3150470377747857
-1.10165105779624 0.3198981060522102
-1.09074362158043 0.3249051203335211
-1.07994417978261 0.3300788267367631
-1.0692516631511 0.3354312141363149
-1.05866501302089 0.3409757216786258
-1.0481831812088 0.3467274893857693
-1.0378051299097 0.3527036792447606
-1.02752983159376 0.3589238558850017
-1.01735626890472 0.3654104818578213
-1.00728343455913 0.372189541285536
-0.997310331246659 0.3792913379252401
-0.987435971531345 0.386751558417591
-0.977659377753807 0.3946126480180627
-0.967979581934463 0.4029256997336589
-0.958395625677686 0.4117530289303928
-0.948906560076917 0.4211717575511282
-0.93951144562071 0.431279258856529
-0.930209352099712 0.4421995063899484
-0.92560435530714 0.4479990273950929
-0.920999358514567 0.4540961995016154
-0.916439955749644 0.4604596870193498
-0.91188055298472 0.4671867613068855
-0.907366292821429 0.4742498542886928
-0.902852032658138 0.4817650673866853
-0.898382468140029 0.4897095419237534
-0.893912903621919 0.4982190313936537
-0.891700247919885 0.5026610353450962
-0.88948759221785 0.5072644894411934
-0.887274936515815 0.5120347140358261
-0.885062280813781 0.5169735831770795
-0.882871532593945 0.5220259993536729
-0.880680784374109 0.5272274527004541
-0.878490036154273 0.5325516361065882
-0.876299287934437 0.5379524247664418
-0.874130230291035 0.5433041401098926
-0.871961172647633 0.5485607235037269
-0.867623057360828 0.5582784022477805
-0.863327893710527 0.5660671737733207
-0.859032730060226 0.5716119870276222
-0.8547800927827 0.5751143293977271
-0.8505274555051739 0.5771047392984977
-0.842106391589282 0.5781301192202787
-0.833768704543843 0.5768775798709385
-0.82551356885529 0.5743823170737422
-0.817340167183456 0.5711541217034752
-0.809247690280649 0.5674670492850034
-0.801235336911534 0.5634806177599762
-0.793302313773796 0.5592938593499438
-0.7854478354195999 0.5549715227017943
-0.777671124177822 0.5505577346166536
-0.7699714100770511 0.5460836101111867
-0.762347930769357 0.5415717046235945
-0.7547999314548089 0.5370386831340798
-0.747326664806742 0.532497230898118
-0.739927390897764 0.5279570271437285
-0.732601377126499 0.5234255869618103
-0.725347898145049 0.5189088382089136
-0.718166235787177 0.5144114543078773
-0.711055678997205 0.5099371721547232
-0.704015523759609 0.5054889219341316
-0.697045073029316 0.5010691595512603
-0.690143636662689 0.496679730545789
-0.6833105313491969 0.4923221843744552
-0.6765450805437589 0.4879977020953337
-0.669846614399762 0.4837072521072411
-0.663214469702734 0.4794515250079861
-0.656647989804688 0.4752311078190058
-0.650146524559097 0.4710463877624488
-0.643709430256531 0.4668976273400827
-0.637336069560922 0.4627850119474076
-0.631025811446457 0.4587086165044905
-0.624778031135106 0.4546684366654875
-0.618592110034759 0.4506644111313808
-0.612467435677979 0.4466964204001668
-0.606403401661365 0.4427643108047135
-0.60039940758551 0.4388678676957571
-0.5944548589955549 0.4350068529669881
-0.588569167322331 0.4311809978983276
-0.582741749824091 0.4273900262076319
-0.576972029528803 0.4236336221182412
-0.571259435177032 0.4199114524308147
-0.565603401165378 0.4162231857672437
-0.560003367490474 0.412568466306208
-0.554458779693538 0.4089469442828217
-0.548969088805484 0.4053582453587137
-0.543533751292558 0.4018020054882134
-0.538152229002533 0.3982778457439233
-0.532823989111418 0.3947853946231989
-0.527548504070711 0.3913242601789718
-0.52232525155516 0.3878941067577624
-0.517153714411049 0.3844945255739817
-0.512033380604999 0.3811251614999017
-0.506963743173267 0.3777856262937003
-0.501944300171551 0.3744755754681036
-0.496974554625298 0.3711946422015722
-0.492054014480493 0.3679424830250123
-0.487182192554944 0.3647187191848691
-0.482358606490043 0.3615230296531673
-0.477582778703013 0.3583550579179151
-0.472854236339617 0.3552145034377142
-0.468172511227344 0.352101015448251
-0.463537139829053 0.3490142823893239
-0.458947663197082 0.3459539907817989
-0.454403626927804 0.3429196697759803
-0.449904581116638 0.3399115359880573
-0.445450080313503 0.3369287738406541
-0.441039683478716 0.3339712809723507
-0.436672953939322 0.3310387763006279
-0.432349459345864 0.328130989622911
-0.428068771629568 0.3252476534650702
-0.423830466959968 0.3223885163155098
-0.419634125702939 0.3195533168192717
-0.415479332379147 0.3167418187630897
-0.411365675622918 0.3139537675929278
-0.407292748141503 0.3111889360117491
-0.403260146674756 0.3084470884494812
-0.399267471955204 0.3057280002417924
-0.395314328668518 0.3030314434700491
-0.391400325414375 0.3003571970100428
-0.387525074667698 0.2977050452094746
-0.383688192740295 0.295074776028086
-0.379889299742866 0.2924661714765597
-0.376128019547392 0.2898790262929974
-0.372403979749893 0.2873131259341897
-0.368716811633558 0.2847682677924274
-0.365066150132235 0.282244241014522
-0.361451633794292 0.2797408426589229
-0.357872904746824 0.2772578669645853
-0.354329608660222 0.2747951095620686
-0.350821394713091 0.2723523575343718
-0.347347915557516 0.2699294097193995
-0.343908827284669 0.2675260620273389
-0.340503789390762 0.2651420977132052
-0.337132464743328 0.2627773202558554
-0.33379451954785 0.2604315101924442
-0.330489623314703 0.2581044631884264
-0.327217448826438 0.2557959639835961
-0.323977672105385 0.2535058046144537
-0.320769972381569 0.2512337627497702
-0.317594032060959 0.2489796329536089
-0.314449536694019 0.2467431961824982
-0.311336174944573 0.2445242363843665
-0.308253638558984 0.2423225351613219
-0.305201622335627 0.240137877049577
-0.30217982409468 0.2379700461892688
-0.299187944648198 0.2358188207095075
-0.296225687770494 0.2336839811484837
-0.293292760168805 0.2315653213723172
-0.290388871454263 0.2294626070769009
-0.287513734113132 0.2273756336871394
-0.284667063478348 0.2253041832154297
-0.281848577701335 0.2232480387052182
-0.279057997724094 0.2212069951447433
-0.276295047251578 0.2191808335394066
-0.273559452724335 0.2171693453131319
-0.27085094329142 0.2151723284266375
-0.268169250783585 0.2131895720020163
-0.265514109686717 0.2112208772905489
-0.262885257115562 0.2092660432101331
-0.260282432787685 0.2073248745165073
-0.257705378997708 0.2053971709330586
-0.25515384059179 0.2034827521223743
-0.252627564942366 0.2015814239560224
-0.250126301923135 0.1996930020854581
-0.247649803884292 0.1978173053082986
-0.245197825628012 0.1959541584731913
-0.24277012438417 0.194103385360503
-0.240366459786307 0.1922648156967085
-0.237986593847829 0.1904382791277232
-0.235630290938444 0.1886236166159485
-0.233297317760836 0.1868206647069457
-0.23098744332756 0.1850292630234262
-0.228700438938179 0.1832492609887608
-0.226436078156613 0.1814805011959436
-0.224194136788725 0.1797228389655401
-0.221974392860124 0.1779761238866166
-0.219776626594182 0.1762402123482713
-0.217600620390279 0.1745149601477969
-0.215446158802257 0.1728002270629512
-0.213313028517086 0.1710958689759449
-0.211201018333748 0.1694017483789645
-0.209109919142325 0.1677177196685964
-0.207039523903292 0.1660436373053882
-0.204989627627022 0.1643793320689673
-0.202960027353487 0.1627247507747796
-0.200950522132166 0.161078545234811
-0.198960913002144 0.1594397323689409
-0.19699100297242 0.1578150532162132
-0.195040597002396 0.1561986568787712
-0.19310950198257 0.1545912558816595
-0.191197526715416 0.1529927301252424
-0.189304481896452 0.1514029779174155
-0.187430180095497 0.1498218850280228
-0.185574435738115 0.1482493205340627
-0.183737065087243 0.1466851611496403
-0.181917886224993 0.1451292743983014
-0.180116719034647 0.1435815310944243
-0.178333385182818 0.1420417954016089
-0.1765677081018 0.1405099345453888
-0.17481951297208 0.1389858082108789
-0.173088626705029 0.1374692812982085
-0.171374877925772 0.1359602171569053
-0.169678096956209 0.1344584747390885
-0.167998115798227 0.1329639154089468
-0.166334768117057 0.1314763953372952
-0.164687889224809 0.1299957753371732
-0.163057316064167 0.1285219123869225
-0.161442887192244 0.1270546630982393
-0.159844442764598 0.1255938925420523
-0.158261824519404 0.1241394337648454
-0.156694875761787 0.1226911662727217
-0.155143441348303 0.1212489370393934
-0.153607367671588 0.119812610730618
-0.152086502645136 0.1183820290125452
-0.150580695688254 0.1169570660925733
-0.149089797711142 0.1155375736714316
-0.147613661100141 0.1141234067442495
-0.14615213970311 0.112714429325206
-0.14470508881496 0.1113105018755951
-0.143272365163327 0.1099114811629402
-0.141853826894383 0.1085172483461017
-0.140449333558795 0.1071276509729115
-0.139058746097817 0.1057425596361724
-0.137681926829522 0.10436185370434
-0.13631873943517 0.1029853894192529
-0.134969048945713 0.1016130566382247
-0.133632721728429 0.1002447218603988
-0.132309625473692 0.09888025950044267
-0.130999629181873 0.09751956057864745
-0.129702603150369 0.09616248253380642
-0.128418418960762 0.09480898611664446
-0.127146949466101 0.0934588499174038
-0.125888068778317 0.09211203683115621
-0.12464165225576 0.09076842358663281
-0.123407576490851 0.08942790309174199
-0.122185719297873 0.08809038043258162
-0.120975959700864 0.0867557561254071
-0.119778177921647 0.08542392824419374
-0.118592255367968 0.08409480456912156
-0.11741807462175 0.08276829672499741
-0.116255519427476 0.08144431797640639
-0.115104474680669 0.08012277669548738
-0.113964826416504 0.07880359340064365
-0.112836461798519 0.07748668541853032
-0.111719269107444 0.07617196937840827
-0.110613137730143 0.07485936785476917
-0.109517958148656 0.07354880492161078
-0.108433621929363 0.07224020320972167
-0.10736002171224 0.07093348478941924
-0.106297051200238 0.06962860158108611
-0.10524460514875 0.06832545119637048
-0.104202579355198 0.0670239770874793
-0.103170870648711 0.06572410858029831
-0.102149376879912 0.06442577705065418
-0.101137996910804 0.06312891349841551
-0.100136630604756 0.06183344806133553
-0.0991451788165905 0.06053932376555561
-0.0981635433827629 0.05924645753076915
-0.0971916271116464 0.05795479521866517
-0.0962293337739073 0.05666426544746377
-0.0952765680929776 0.05537478847323945
-0.0943332357356213 0.05408629701685799
-0.0933992433025954 0.05279877404963081
-0.0924744983194014 0.05151209723547171
-0.0915589092271301 0.05022618759540528
-0.09065238537339609 0.04894102991479068
-0.08975483700336249 0.0476565235242167
-0.0888661752508539 0.04637260117761977
-0.0879863121295584 0.04508919228550558
-0.0871151605243152 0.04380623480747276
-0.0862526341824903 0.0425236524615227
-0.085398647705436 0.04124137395401946
-0.0845531165400356 0.03995931248518085
-0.08371595697033229 0.03867744727121968
-0.08288708610923989 0.03739566369713108
-0.0820664218903365 0.03611389759058725
-0.0812538830597391 0.03483209033664269
-0.08044938916805849 0.03355016078346978
-0.0796528605624342 0.03226805078735862
-0.0788642183786477 0.03098569040095969
-0.07808338453331461 0.02970299498635342
-0.07731028171615301 0.02841990835006705
-0.0765448333823297 0.02713638190192615
-0.07578696374488091 0.02585231836932576
-0.07503659776720881 0.02456768412474912
-0.07429366115565229 0.02328240979528228
-0.073558080352131 0.02199643391030578
-0.0728297825268624 0.02070970735838226
-0.0721086955711509 0.01942216484190766
-0.0713947480902484 0.01813376519167961
-0.0706878693962855 0.01684445747593548
-0.0699879895012728 0.01555419743998693
-0.0692950391101711 0.01426293743906087
-0.0686089496140308 0.01297064543720001
-0.0679296530831988 0.01167727593308412
-0.06725708226059279 0.01038280465357469
-0.06659117055504241 0.009087210822494309
-0.0659318520346955 0.007790449860340744
-0.0652790614204906 0.00649251437073414
-0.0646327340796936 0.005193383182261901
-0.0639928060194986 0.003893042346249327
-0.0633592138806917 0.002591483461540532
-0.0627318949313779 0.001288696724669147
-0.0621107870607702 -1.531865642058061e-05
-0.0614958287730398 -0.001320561231822821
-0.0608869591812276 -0.002627039411164937
-0.0602841180012154 -0.003934706320684777
-0.0596872455457578 -0.005243588172439728
-0.0590962827185721 -0.006553664412513734
-0.0585111710084872 -0.007864909949628133
-0.0579318524836507 -0.009177305751186393
-0.0573582697857928 -0.01049083068257288
-0.0567903661245473 -0.0118054582390672
-0.056228085271829 -0.01312116136400806
-0.0556713715562664 -0.01443791564515846
-0.0551201698576895 -0.01575567355964692
-0.0545744256016727 -0.01707443690286575
-0.0540340847541314 -0.01839414035451373
-0.0534990938159717 -0.01971475795916224
-0.0529693998177938 -0.02103625709817895
-0.0524449503146473 -0.02235860455593871
-0.0519256933808389 -0.02368175517716318
-0.051411577604791 -0.02500567062361289
-0.0509025520839515 -0.02633033016454894
-0.0503985664197539 -0.02765569101624881
-0.0498995707126277 -0.02898169658049795
-0.0494055155570571 -0.03030834678752367
-0.0489163520366902 -0.0316355903450878
-0.0484320317194952 -0.03296338847225197
-0.0479525066529656 -0.03429170064195948
-0.0474777293593719 -0.03562051429374012
-0.0470076528310613 -0.036949786556397
-0.0465422305258032 -0.03827948738756709
-0.0460814163621814 -0.03960957782337787
-0.0456251647150311 -0.04094005506342079
-0.0451734304109219 -0.04227086473160405
-0.044726168723685 -0.04360198582501725
-0.0442833353699852 -0.04493339283169518
-0.0438448865049358 -0.04626505449617473
-0.0434107787177582 -0.04759694817561596
-0.0429809690274834 -0.04892903960167472
-0.0425554148786964 -0.05026129313203068
-0.0421340741373232 -0.05159371329725798
-0.0417169050864586 -0.05292622901979542
-0.0413038664222363 -0.05425883710099063
-0.0408949172497389 -0.05559150078607951
-0.0404900170789494 -0.0569241879030359
-0.0400891258207419 -0.05825685371815346
-0.0396922037829128 -0.05958948452865061
-0.0392992116662503 -0.06092202497701259
-0.0389101105606439 -0.06225442949475455
-0.0385248619412316 -0.06358666962170344
-0.0381434276645857 -0.06491869366755593
-0.0377657699649363 -0.06625045196053536
-0.037391851450432 -0.06758191026896046
-0.0370216350994376 -0.06891296932424004
-0.036655084256869 -0.07024364140277366
-0.0362921626305633 -0.07157380116655318
-0.0359328342876865 -0.07290343087880216
-0.0355770636511747 -0.07423245347629319
-0.0352248154962126 -0.07556074822429175
-0.0348760549467451 -0.07688829084101949
-0.0345307474720249 -0.07821501892786568
-0.0341888588831929 -0.07954080138326705
-0.033850355329894 -0.08086563235846746
-0.0335152032969248 -0.08218935894448651
-0.0331833696009156 -0.08351190669673275
-0.0328548213870451 -0.0848332163277022
-0.0325295261257873 -0.08615316726331057
-0.0322074516096904 -0.08747167766600933
-0.0318885659501885 -0.08878865350420438
-0.031572837574444 -0.09010398792525186
-0.0312602352222218 -0.09141760661548905
-0.0309507279427939 -0.09272939113147684
-0.0306442850918751 -0.09403924644346377
-0.0303408763285892 -0.09534709511225893
-0.0300404716124646 -0.09665280920117097
-0.02974304120046 -0.09795632247726156
-0.0294485556440198 -0.0992575088365151
-0.0291569857861582 -0.1005562940095591
-0.0288683027585725 -0.1018525806647664
-0.0285824779787846 -0.1031462686404232
-0.0282994831473115 -0.1044372908560022
-0.0280192902448629 -0.1057255094435223
-0.0277418715295672 -0.1070108810021331
-0.027467199534225 -0.1082933192178327
-0.0271952470635891 -0.1095727356228022
-0.0269259871916724 -0.1108490424701609
-0.0266593932590815 -0.1121221541971156
-0.0263954388703778 -0.1133920362875487
-0.0261340978914631 -0.1146585694296866
-0.0258753444469932 -0.1159217445249563
-0.025619152917815 -0.1171814594906935
-0.0253654979384307 -0.1184375861325844
-0.0251143543944859 -0.1196901599395457
-0.024865697420283 -0.1209390844566414
-0.0246195023963198 -0.1221843135438732
-0.0243757449468513 -0.1234257748635469
-0.0241344009374766 -0.1246634098170805
-0.0238954464727491 -0.1258971839135505
-0.023658857893811 -0.1271270349507023
-0.0234246117760505 -0.12835291906983
-0.0231926849267826 -0.1295747617801047
-0.0229630543829531 -0.1307925464882762
-0.0227356974088645 -0.1320062098264788
-0.0225105914939252 -0.1332157040029003
-0.022287714350421 -0.1344209791074515
-0.0220670439113079 -0.1356219871042141
-0.0218485583280276 -0.1368186731612618
-0.0216322359683442 -0.1380109938444311
-0.0214180554142022 -0.1391988969537632
-0.0212059954596061 -0.1403823198273889
-0.0209960351085209 -0.1415612452958363
-0.020788153572793 -0.1427355580804982
-0.0205823302700921 -0.1439052609072176
-0.0203785448218733 -0.145070277758809
-0.0201767770513597 -0.1462305315641308
-0.0199770069815443 -0.1473859966958846
-0.0197792148332122 -0.1485365815097075
-0.0195833810229823 -0.149682239079142
-0.0193894861613687 -0.1508229195787827
-0.0191975110508601 -0.1519585378722289
-0.0190074366840199 -0.153089047158652
-0.0188192442416038 -0.1542143683648888
-0.0186329150906968 -0.1553344435693673
-0.0184484307828682 -0.156449204658557
-0.0182657730523447 -0.1575585915549311
-0.0180849238142027 -0.1586625215882024
-0.0179058651625769 -0.1597609256688437
-0.017728579368888 -0.160853752358931
-0.0175530488800872 -0.1619409356078086
-0.017379256316918 -0.1630223993480094
-0.017207184472196 -0.1640980787744563
-0.017036816309105 -0.1651679109405073
-0.0168681349595099 -0.1662318313104521
-0.016701123722287 -0.1672897757762954
-0.0165357660616703 -0.168341683309172
-0.0163720456056142 -0.1693874919127009
-0.0162099461441724 -0.1704271524446754
-0.0160494516278935 -0.1714605959240537
-0.0158905461662312 -0.1724877742358834
-0.0157332140259715 -0.1735086370341722
-0.0155774396296747 -0.1745231193139979
-0.0154232075541334 -0.1755311680248715
-0.0152705025288449 -0.1765327617334818
-0.0151193094344999 -0.177527873832395
-0.0149696133014851 -0.1785164138704011
-0.0148213993084011 -0.179498345213435
-0.0146746527805951 -0.1804736550435805
-0.014529359188708 -0.1814423077081257
-0.0143855041472357 -0.1824042360458928
-0.0142430734131046 -0.183359445728956
-0.014102052884262 -0.1843078999634217
-0.0139624285982792 -0.1852495662652729
-0.0138241867309695 -0.1861844280819257
-0.0136873135950193 -0.1871124624635237
-0.013551795638633 -0.1880336211508309
-0.0134176194441911 -0.1889479029353937
-0.0132847717269219 -0.1898553339846325
-0.013153239333586 -0.1907558443482178
-0.0130230092411743 -0.1916494363341943
-0.0128940685556181 -0.1925361047102513
-0.012766404510513 -0.193415838954769
-0.0126400044658544 -0.1942886268868952
-0.0125148559067866 -0.195154465797459
-0.0123909464423629 -0.1960133504697013
-0.0122682638043197 -0.1968652722424284
-0.0121467958458611 -0.1977102301911945
-0.0120265305404566 -0.19854823067693
-0.0119074559806501 -0.1993792691916981
-0.0117895603768812 -0.2002033327798195
-0.0116728320563181 -0.2010204529925161
-0.0115572594617011 -0.201830617409343
-0.0114428311501991 -0.2026338160297864
-0.0113295357922763 -0.2034301024244727
-0.0112173621705706 -0.2042193956412767
-0.0111062991787828 -0.2050018277400042
-0.010996335820577 -0.2057773118179575
-0.0108874612084921 -0.2065458831901861
-0.0107796645628634 -0.2073075570273152
-0.0106729352107559 -0.2080623507020813
-0.0105672625849068 -0.208810274244554
-0.01046263622268 -0.2095513359489114
-0.0103590457650297 -0.2102855681424762
-0.010256480955475 -0.211012969085697
-0.0101549316390841 -0.2117335716579174
-0.0100543877614694 -0.2124473866573591
-0.00995483936779152 -0.2131544346915648
-0.009856276601773781 -0.2138547483787441
-0.009758689704726511 -0.2145483360923276
-0.00966206901458071 -0.2152352325262437
-0.009566404964931391 -0.2159154528207913
-0.00947168808409049 -0.2165890364809556
-0.009377908994149 -0.2172559950310773
-0.00928505841004851 -0.2179163770526027
-0.00919312713866189 -0.2185701928383079
-0.00910210607788306 -0.2192174818260463
-0.0090119862157258 -0.219858278585907
-0.008922758629431491 -0.2204926140148406
-0.008834414484585631 -0.2211205139813009
-0.008746945034243199 -0.2217420216792344
-0.008660341618062581 -0.2223571761659113
-0.0085745956614481 -0.2229660076025782
-0.00848969867470108 -0.2235685551746267
-0.008405642252179289 -0.224164863361211
-0.00832241807146464 -0.224754964346299
-0.00824001789253925 -0.2253389013683528
-0.00815843355696956 -0.2259167139985859
-0.00807765698709857 -0.2264884439489036
-0.00799768018524611 -0.2270541373143306
-0.00791849523291694 -0.2276138328455874
-0.00784009429001677 -0.2281675723608078
-0.00776246959407601 -0.2287154081349581
-0.0076856134594812 -0.2292573726063285
-0.00760951827671406 -0.2297935239540716
-0.00753417651159808 -0.2303239040661407
-0.00745958070455255 -0.2308485556228645
-0.00738572346985401 -0.231367522081844
-0.00731259749490496 -0.2318808537264287
-0.00724019553950986 -0.2323885945400618
-0.00716851043515828 -0.2328907937203558
-0.00709753508431513 -0.233387497119108
-0.00702726245971795 -0.2338787485284874
-0.00695768560368114 -0.234364597353724
-0.00688879762740707 -0.2348450897435262
-0.00682059171030403 -0.2353202756501506
-0.00675306109931092 -0.2357901941353374
-0.00668619910822863 -0.2362549041068874
-0.00661999911705805 -0.2367144380863234
-0.0065544545713446 -0.237168850357499
-0.00648955898152931 -0.2376181852963457
-0.00642530592230625 -0.2380624868374927
-0.00636168903198638 -0.2385018031687561
-0.00629870201186771 -0.2389361772864478
-0.00623633862561159 -0.2393656581122175
-0.00617459269862534 -0.239790287732455
-0.00611345811745083 -0.2402101111253936
-0.00605292882915924 -0.2406251713677156
-0.00599299884075172 -0.2410355173510361
-0.00593366221856606 -0.2414411861332924
-0.00587491308768917 -0.241842222329254
-0.00581674563137541 -0.242238672926231
-0.0057591540904707 -0.2426305763748138
-0.00570213276284228 -0.24301797638162
-0.00564567600281414 -0.2434009147266014
-0.00558977822060806 -0.2437794328546188
-0.00553443388179016 -0.2441535713166044
-0.00547963750672293 -0.2445233721361855
-0.0054253836700227 -0.2448888741734848
-0.00537166700002248 -0.2452501187851474
-0.00531848217824008 -0.2456071450908993
-0.00526582393885156 -0.2459599924781496
-0.00521368706816986 -0.2463086960320696
-0.00516206640412858 -0.2466533059032466
-0.00511095683577087 -0.2469938491195005
-0.00506035330274343 -0.2473303673632002
-0.00501025079479548 -0.2476628968903407
-0.00496064435128265 -0.2479914789078556
-0.00491152906067589 -0.248316147141701
-0.00486290006007514 -0.2486369380063884
-0.00481475253472786 -0.248953890777324
-0.00476708171755234 -0.2492670383839394
-0.00471988288866568 -0.2495764178272893
-0.00467315137491651 -0.2498820665931111
-0.00462688254942229 -0.2501840162792931
-0.00458107183111118 -0.2504823061285075
-0.00453571468426849 -0.2507769660190723
-0.00449080661808762 -0.251068041781672
-0.00444634318622536 -0.2513555517966473
-0.00440231998636175 -0.2516395361590033
-0.00435873265976411 -0.2519200294350075
-0.00431557689085555 -0.252197065096992
-0.00427284840678767 -0.2524706624944689
-0.0042305429770175 -0.2527408962676168
-0.00418865641288861 -0.2530077576409538
-0.00414718456721645 -0.2532712930062562
-0.00410612333387767 -0.2535315347354815
-0.00406546864740364 -0.2537885149790435
-0.00402521648257786 -0.2540422664324467
-0.00398536285403748 -0.2542928105014603
-0.0039459038158787 -0.2545401983615663
-0.00390683546126603 -0.2547844495700257
-0.00386815392204558 -0.255025597100337
-0.00382985536836196 -0.2552636727465289
-0.00379193600827917 -0.2554987068991249
-0.00375439208740512 -0.2557307278344412
-0.00371721988851992 -0.2559597696729625
-0.00368041573120784 -0.2561858596843755
-0.00364397597149291 -0.2564090289668513
-0.00360789700147813 -0.2566293070331045
-0.00357217524898825 -0.2568467236239139
-0.00353680717721609 -0.2570613092099976
-0.00350178928437236 -0.2572730924869789
-0.00346711810333897 -0.2574821026479169
-0.00343279020132572 -0.2576883687530664
-0.00339880217953041 -0.2578919197968514
-0.00336515067280239 -0.2580927835727524
-0.00333183234930929 -0.2582909894391496
-0.00329884391020722 -0.2584865660088508
-0.00326618208931408 -0.258679540296565
-0.00323384365278622 -0.2588699408599898
-0.00320182539879824 -0.2590577949439749
-0.00317012415722598 -0.2592431313327228
-0.00313873678933265 -0.259425977500249
-0.00310766018745807 -0.2596063596977791
-0.00307689127471096 -0.2597843054601266
-0.00304642700466432 -0.2599598417534731
-0.00301626436105378 -0.2601329954523072
-0.00298640035747899 -0.2603037930853322
-0.00295683203710791 -0.2604722605887557
-0.00292755647238407 -0.2606384266996869
-0.0028985707647367 -0.2608023128903929
-0.00286987204429376 -0.2609639479321862
-0.00284145746959779 -0.2611233609208211
-0.00281332422732454 -0.2612805722131364
-0.0027854695320045 -0.2614356091158836
-0.00275789062574703 -0.26158849630593
-0.00273058477796735 -0.2617392602871267
-0.00270354928511619 -0.2618879247362365
-0.00267678147041207 -0.2620345146781555
-0.00265027868357631 -0.2621790546999115
-0.0026240383005706 -0.2623215691419778
-0.00259805772333723 -0.26246208186383
-0.00257233437954181 -0.2626006175254146
-0.00254686572231862 -0.2627371996274527
-0.00252164923001844 -0.2628718518176256
-0.00249668240595885 -0.2630045975630467
-0.00247196277817708 -0.2631354601496754
-0.00244748789918523 -0.2632644626817485
-0.00242325534572795 -0.2633916280706233
-0.00239926271854252 -0.2635169790766131
-0.00237550764212131 -0.2636405382448793
-0.00235198776447654 -0.2637623279473397
-0.00232870075690747 -0.2638823703715969
-0.00230564431376977 -0.2640006875204956
-0.0022828161522473 -0.2641173012116803
-0.00226021401212604 -0.2642322330772303
-0.00223783565557034 -0.26434550456329
-0.00221567886690132 -0.2644571369297332
-0.00219374145237755 -0.2645671512498879
-0.00217202123997777 -0.264675568410315
-0.00215051607918591 -0.2647824091106499
-0.00212922384077813 -0.2648876938635777
-0.00210814241661201 -0.2649914429951781
-0.00208726971941783 -0.2650936754272453
-0.00206660368259191 -0.2651944131776359
-0.00204614225999199 -0.2652936764871549
-0.00202588342573464 -0.2653914829966199
-0.0020058251739947 -0.265487852721599
-0.00198596551880663 -0.2655828044290665
-0.00196630249386795 -0.2656763575404962
-0.00194683415234451 -0.2657685303513685
-0.00192755856667773 -0.2658593427852574
-0.00190847382839379 -0.2659488115905631
-0.00188957804791465 -0.266036957275587
-0.00187086935437094 -0.2661237953722149
-0.00185234589541677 -0.2662093453641036
-0.0018340058370463 -0.2662936245684327
-0.00181584736341218 -0.2663766506717139
-0.00179786867664573 -0.2664584406399562
-0.00178006799667894 -0.2665390118049729
-0.00176244356106825 -0.2666183811222697
-0.00174499362482005 -0.2666965653575058
-0.00172771646021787 -0.2667735811129927
-0.00171061035665136 -0.2668494447884389
-0.00169367362044689 -0.2669241726079418
-0.00167690457469989 -0.2669977806138805
-0.00166030155910881 -0.2670702846675698
-0.0016438629298107 -0.2671417004499141
-0.00162758705921851 -0.2672120434621164
-0.00161147233585991 -0.2672813290264444
-0.00159551716421774 -0.2673495722869649
-0.00157971996457202 -0.2674167882103817
-0.00156407917284358 -0.2674829915867996
-0.00154859324043919 -0.2675481970696503
-0.00153326063409821 -0.267612419019909
-0.0015180798357408 -0.2676756718365519
-0.00150304934231762 -0.2677379694190746
-0.00148816766566101 -0.2677993257748955
-0.00147343333233764 -0.267859754793082
-0.00145884488350261 -0.2679192699191654
-0.00144440087475506 -0.2679778845222478
-0.00143009987599511 -0.2680356121787965
-0.00141594047128228 -0.2680924653133951
-0.00140192125869533 -0.2681484572867893
-0.0013880408501934 -0.268203600804965
-0.00137429787147861 -0.2682579084429916
-0.00136069096186001 -0.2683113926213531
-0.00134721877411882 -0.2683640656024668
-0.00133387997437507 -0.2684159394907198
-0.00132067324195552 -0.2684670262093456
-0.00130759726926289 -0.2685173375999929
-0.00129465076164642 -0.2685668852819487
-0.00128183243727369 -0.2686156807703845
-0.00126914102700365 -0.2686637356826417
-0.00125657527426104 -0.2687110596322934
-0.00124413393491192 -0.26875766544106
-0.00123181577714052 -0.2688035637035682
-0.00121961958132724 -0.2688487647809627
-0.00120754413992796 -0.2688932792979876
-0.00119558825735442 -0.2689371177022152
-0.00118375074985586 -0.2689802902903587
-0.00117203044540184 -0.2690228072144922
-0.00116042618356618 -0.2690646784848041
-0.00114893681541206 -0.2691059139715092
-0.00113756120337828 -0.2691465234064312
-0.00112629822116661 -0.269186516384491
-0.00111514675363031 -0.2692259023651467
-0.00110410569666367 -0.2692646906738129
-0.00109317395709274 -0.2693028905032075
-0.00108235045256707 -0.2693405109147151
-0.00107163411145255 -0.269377560839607
-0.00106102387272529 -0.2694140490801363
-0.00105051868586663 -0.2694499843099595
-0.00104011751075904 -0.2694853750727384
-0.00102981931758321 -0.269520229771758
-0.00101962308671605 -0.2695545571437695
-0.00100952780862975 -0.2695883646733141
-0.00099953248379183 -0.2696216607367052
-0.0009896361225661681 -0.2696544533329825
-0.000979837745115018 -0.2696867500852796
-0.000970136381301998 -0.2697185588807959
-0.000960531070596037 -0.2697498872986536
-0.000951020861976275 -0.2697807428172233
-0.000941604813837896 -0.2698111328068959
-0.0009322819938989071 -0.2698410645292161
-0.000923051479107828 -0.269870545136987
-0.000913912355552305 -0.2698995816773576
-0.000904863718368619 -0.2699281810899593
-0.000895904671652098 -0.2699563502102167
-0.000887034328368414 -0.2699840957701452
-0.000878251810265756 -0.2700114243996384
-0.000869556247787878 -0.2700383426277916
-0.000860946779987997 -0.2700648568841812
-0.0008524225544435619 -0.2700909735001768
-0.000843982727171843 -0.2701166987102358
-0.00083562646254638 -0.2701420386531548
-0.000827352933214237 -0.2701669993733731
-0.000819161320014096 -0.2701915868018769
-0.000811050811895145 -0.2702158068385229
-0.000803020605836777 -0.2702396652319715
-0.000795069906769086 -0.2702631676617211
-0.000787197927494145 -0.2702863197191139
-0.000779403888608064 -0.270309126908565
-0.000771687018423826 -0.270331594648756
-0.000764046552894877 -0.2703537282738226
-0.000756481735539482 -0.2703755330345504
-0.000748991817365824 -0.2703970140995426
-0.000741576056797845 -0.2704181765563745
-0.000734233719601827 -0.270439025412751
-0.00072696407881369 -0.2704595655976427
-0.00071976641466702 -0.2704798019624089
-0.000712640014521802 -0.2704997392824327
-0.000705584172793863 -0.2705193822561788
-0.000698598190885013 -0.2705387355093529
-0.000691681377113875 -0.2705578035939388
-0.0006848330466474 -0.2705765909898187
-0.00067805252143307 -0.2705951021058619
-0.000671339130131752 -0.2706133412683803
-0.00066469220805124 -0.2706313127758122
-0.000658111097080435 -0.2706490193989082
-0.0006515951456241939 -0.2706664692648406
-0.000645143708538805 -0.2706836628626435
-0.000638756147068124 -0.2707006051686723
-0.000632431828780321 -0.2707172998467085
-0.000626170127505268 -0.2707337516813265
-0.000619970423272543 -0.2707499631398483
-0.000613832102250043 -0.2707659390269262
-0.00060775455668321 -0.2707816827318793
-0.000601737184834862 -0.2707971978873606
-0.000595779390925606 -0.2708124880686046
-0.000589880585074857 -0.2708275567936315
-0.000584040183242433 -0.2708424075239417
-0.000578257607170726 -0.2708570436653558
-0.000572532284327451 -0.2708714685688432
-0.000566863647848961 -0.27088568553137
-0.00056125113648412 -0.2708996977967428
-0.000555694194538733 -0.2709135085564176
-0.000550192271820528 -0.2709271209503327
-0.000544744823584681 -0.2709405380677087
-0.000539351310479882 -0.2709537629478406
-0.000534011198494933 -0.2709667985808963
-0.000528723958905874 -0.2709796479086672
-0.0005234890682236369 -0.2709923138253584
-0.000518306008142215 -0.2710047991783311
-0.000513174265487342 -0.2710171067688335
-0.000508093332165685 -0.2710292393527546
-0.00050306270511454 -0.2710411996413365
-0.0004980818862520199 -0.271052990301885
-0.000493150382427742 -0.271064613958469
-0.000488267705374002 -0.2710760731926245
-0.000483433371657428 -0.2710873705440283
-0.000478646902631117 -0.2710985085111664
-0.000473907824387244 -0.2711094895519998
-0.000469215667710143 -0.2711203160846327
-0.000464569968029844 -0.2711309904879283
-0.000459970265376083 -0.2711415151021586
-0.000455416104332756 -0.271151892225046
-0.000450907033992828 -0.2711621241307248
-0.000446442607913691 -0.2711722130428024
-0.000442022384072961 -0.2711821611533352
-0.000437645924824714 -0.2711919706069708
-0.000433312796856152 -0.2712016435489294
-0.000429022571144705 -0.2712111820544453
-0.00042477482291555 -0.2712205881767674
-0.000420569131599554 -0.2712298639358482
-0.000416405080791638 -0.2712390113188858
-0.000412282258209542 -0.2712480322808606
-0.000408200255653012 -0.2712569287450723
-0.000404158668963379 -0.2712657026036521
-0.000400157097983543 -0.2712743557180619
-0.00039619514651836 -0.2712828899196316
-0.000392272422295405 -0.2712913070100257
-0.000388388536926144 -0.2712996087617439
-0.000384543105867469 -0.2713077969186093
-0.000380735748383633 -0.2713158731962135
-0.000376966087508547 -0.2713238392824174
-0.000373233750008463 -0.271331696837789
-0.000369538366345013 -0.2713394474960586
-0.000365879570638626 -0.2713470928645631
-0.000362257000632303 -0.2713546345246851
-0.000358670297655746 -0.2713620740322772
-0.000355119106589847 -0.2713694129180888
-0.000351603075831532 -0.2713766526881707
-0.000348121857258943 -0.2713837948243056
-0.000344675106196973 -0.2713908407843484
-0.000341262481383142 -0.2713977920026364
-0.000337883644933803 -0.2714046498902359
-0.000334538262310697 -0.2714114158346445
-0.000331226002287818 -0.2714180912009728
-0.000327946536918632 -0.2714246773711151
-0.000324699541503596 -0.2714311755944873
-0.000321484694558016 -0.2714375872191148
-0.000318301677780214 -0.2714439135193104
-0.000315150176020014 -0.2714501557543872
-0.000312029877247538 -0.2714563151640783
-0.000308940472522315 -0.2714623929684299
-0.000305881655962688 -0.2714683903680086
-0.000302853124715533 -0.271474308544213
-0.00029985457892627 -0.2714801486595812
-0.000296885721709178 -0.2714859118580986
-0.000293946259117998 -0.2714915992655061
-0.00029103590011683 -0.2714972119896086
-0.000288154356551317 -0.2715027511205655
-0.000285301343120116 -0.2715082177311905
-0.000282476577346649 -0.2715136128772357
-0.000279679779551138 -0.2715189375976811
-0.000276910672822909 -0.2715241929150171
-0.000274168982992979 -0.2715293798355111
-0.00027145443860691 -0.271534499349481
-0.00026876677089793 -0.271539552431569
-0.000266105713760327 -0.2715445400409928
-0.000263471003723096 -0.2715494631218079
-0.000260862379923858 -0.2715543226031569
-0.000258279584083027 -0.2715591193995337
-0.000255722360478245 -0.2715638544109955
-0.000253190455919054 -0.2715685285234312
-0.000250683619721836 -0.2715731426087419
-0.000248201603684986 -0.2715776975268799
-0.000245744162064343 -0.2715821941182265
-0.000243311051548854 -0.2715866332181915
-0.000240902031236489 -0.2715910156441537
-0.000238516862610385 -0.2715953422017525
-0.000236155309515233 -0.27159961368404
-0.000233817138133894 -0.271603830871688
-0.000231502116964252 -0.2716079945331796
-0.000229210016796289 -0.2716121054250122
-0.000226940610689395 -0.2716161642919061
-0.000224693673949896 -0.2716201718669846
-0.000222468984108808 -0.271624128871984
-0.00022026632089981 -0.2716280360174295
-0.000218085466237435 -0.2716318940028215
-0.000215926204195481 -0.2716357035168329
-0.000213788320985624 -0.271639465237474
-0.000211671604936262 -0.2716431798322736
-0.000209575846471546 -0.2716468479584504
-0.00020750083809064 -0.2716504702630911
-0.000205446374347168 -0.2716540473833167
-0.000203412251828879 -0.2716575799464384
-0.000201398269137504 -0.2716610685701288
-0.000199404226868816 -0.2716645138625781
-0.000197429927592887 -0.2716679164226533
-0.000195475175834542 -0.2716712768400458
-0.000193539778054002 -0.2716745956954332
-0.000191623542627725 -0.2716778735606155
-0.00018972627982943 -0.27168111099867
-0.000187847801811317 -0.2716843085641026
-0.000185987922585462 -0.2716874668029608
-0.000184146458005408 -0.271690586253007
-0.000182323225747929 -0.2716936674438319
-0.000180518045294979 -0.2716967108969974
-0.000178730737915821 -0.2716997171261691
-0.000176961126649328 -0.2717026866372443
-0.000175209036286463 -0.2717056199284723
-0.000173474293352934 -0.2717085174905947
-0.000171756726092014 -0.2717113798069526
-0.000170056164447538 -0.2717142073536232
-0.000168372440047068 -0.2717170005995245
-0.000166705386185215 -0.2717197600065366
-0.000165054837807144 -0.2717224860296262
-0.000163420631492222 -0.2717251791169429
-0.000161802605437843 -0.2717278397099462
-0.000160200599443409 -0.2717304682435003
-0.000158614454894465 -0.2717330651459929
-0.000157044014746995 -0.2717356308394327
-0.000155489123511876 -0.2717381657395586
-0.000153949627239481 -0.2717406702559374
-0.000152425373504437 -0.2717431447920625
-0.000150916211390531 -0.2717455897454636
-0.000149421991475774 -0.2717480055077857
-0.000147942565817598 -0.2717503924648992
-0.000146477787938216 -0.2717527509969763
-0.000145027512810114 -0.2717550814786187
-0.000143591596841697 -0.2717573842788975
-0.000142169897863067 -0.2717596597614754
-0.000140762275111947 -0.2717619082846929
-0.00013936858921975 -0.271764130201634
-0.000137988702197772 -0.2717663258602377
-0.000136622477423537 -0.2717684956033621
-0.000135269779627264 -0.2717706397688576
-0.000133930474878479 -0.2717727586896752
-0.000132604430572752 -0.2717748526939292
-0.000131291515418566 -0.27177692210497
-0.000129991599424323 -0.2717789672414673
-0.000128704553885468 -0.2717809884174842
-0.000127430251371751 -0.2717829859425828
-0.000126168565714605 -0.271784960121919
-0.000124919371994658 -0.271786911257086
-0.000123682546529364 -0.2717888396373429
-0.000122457966860757 -0.2717907455671248
-0.000121245511743324 -0.2717926293266071
-0.000120045061132003 -0.2717944912007674
-0.0001188564961703 -0.2717963314694685
-0.000117679699178515 -0.2717981504084785
-0.000116514553642094 -0.2717999482896173
-0.000115360944200093 -0.271801725380843
-0.000114218756633756 -0.2718034819462884
-0.000113087877855204 -0.2718052182463504
-0.000111968195896241 -0.2718069345377356
-0.000110859599897269 -0.2718086310735233
-0.000109761980096306 -0.2718103081032191
-0.000108675227818124 -0.2718119658728116
-0.00010759923546349 -0.2718136046248247
-0.000106533896498505 -0.271815224598382
-0.000105479105444064 -0.2718168260292483
-0.00010443475786541 -0.2718184091498864
-0.000103400750361792 -0.2718199741895066
-0.00010237698055623 -0.2718215213741252
-0.000101363347085376 -0.271823050926602
-0.000100359749589481 -0.2718245630666962
-9.93660887024564e-05 -0.2718260580111156
-9.838226604203611e-05 -0.271827535973557
-9.74081842000357e-05 -0.2718289971647594
-9.64437467327086e-05 -0.271830441792546
-9.548885815119661e-05 -0.271831870061873
-9.45434239120759e-05 -0.2718332821748662
-9.36073504079959e-05 -0.2718346783308727
-9.26805449584118e-05 -0.2718360587264965
-9.17629158004077e-05 -0.2718374235556443
-9.08543720796116e-05 -0.2718387730095703
-8.995482384119961e-05 -0.2718401072769078
-8.90641820209897e-05 -0.2718414265437135
-8.81823584366235e-05 -0.2718427309935104
-8.730926577883521e-05 -0.2718440208073199
-8.64448176028071e-05 -0.2718452961637039
-8.5588928319611e-05 -0.2718465572388054
-8.474151318773359e-05 -0.27184780420637
-8.39024883046868e-05 -0.2718490372378036
-8.307177059869981e-05 -0.2718502565021914
-8.22492778204948e-05 -0.2718514621663392
-8.143492853514339e-05 -0.2718526543948052
-8.062864211400339e-05 -0.2718538333499397
-7.9830338726736e-05 -0.2718549991919096
-7.9039939333402e-05 -0.2718561520787417
-7.82573656766356e-05 -0.2718572921663388
-7.74825402738966e-05 -0.2718584196085301
-7.671538640979859e-05 -0.2718595345570905
-7.59558281285135e-05 -0.2718606371617688
-7.5203790226251e-05 -0.2718617275703298
-7.44591982438129e-05 -0.2718628059285751
-7.37219784592207e-05 -0.2718638723803712
-7.299205788041651e-05 -0.2718649270676843
-7.22693642380361e-05 -0.2718659701306035
-7.155382597825361e-05 -0.2718670017073691
-7.084537225569659e-05 -0.2718680219344028
-7.01439329264323e-05 -0.2718690309463326
-6.944943854102211e-05 -0.2718700288760165
-6.876182033764561e-05 -0.2718710158545725
-6.80810102352927e-05 -0.2718719920114054
-6.74069408270225e-05 -0.2718729574742227
-6.673954537328961e-05 -0.2718739123690692
-6.607875779533621e-05 -0.2718748568203553
-6.54245126686497e-05 -0.2718757909508585
-6.477674521648491e-05 -0.2718767148817697
-6.41353913034504e-05 -0.2718776287327135
-6.350038742915879e-05 -0.2718785326217587
-6.28716707219394e-05 -0.271879426665453
-6.22491789326132e-05 -0.2718803109788311
-6.16328504283299e-05 -0.2718811856754595
-6.10226241864653e-05 -0.2718820508674293
-6.04184397885795e-05 -0.2718829066654005
-5.98202374144351e-05 -0.2718837531786162
-5.92279578360744e-05 -0.2718845905149093
-5.86415424119548e-05 -0.2718854187807435
-5.80609330811434e-05 -0.2718862380812218
-5.74860723575677e-05 -0.2718870485201045
-5.69169033243245e-05 -0.2718878501998319
-5.6353369628044e-05 -0.2718886432215467
-5.57954154733109e-05 -0.2718894276851024
-5.52429856171395e-05 -0.2718902036890894
-5.46960253635045e-05 -0.2718909713308533
-5.41544805579252e-05 -0.2718917307065085
-5.36182975821042e-05 -0.2718924819109515
-5.3087423348618e-05 -0.2718932250378956
-5.25618052956614e-05 -0.2718939601798622
-5.2041391381843e-05 -0.2718946874282225
-5.15261300810327e-05 -0.2718954068731942
-5.10159703772601e-05 -0.2718961186038686
-5.05108617596634e-05 -0.27189682270823
-5.00107542174885e-05 -0.2718975192731462
-4.95155982351372e-05 -0.2718982083844229
-4.90253447872645e-05 -0.2718988901267842
-4.85399453339253e-05 -0.2718995645839079
-4.80593518157676e-05 -0.2719002318384329
-4.75835166492748e-05 -0.2719008919719659
-4.71123927220543e-05 -0.2719015450651183
-4.66459333881726e-05 -0.2719021911974939
-4.61840924635372e-05 -0.2719028304477201
-4.5726824221324e-05 -0.2719034628934512
-4.52740833874495e-05 -0.2719040886113895
-4.48258251360886e-05 -0.2719047076772993
-4.43820050852362e-05 -0.2719053201660053
-4.39425792923131e-05 -0.2719059261514237
-4.35075042498149e-05 -0.271906525706561
-4.30767368810049e-05 -0.2719071189035382
-4.26502345356484e-05 -0.2719077058135893
-4.22279549857905e-05 -0.271908286507083
-4.18098564215747e-05 -0.2719088610535092
-4.13958974471037e-05 -0.271909429521656
-4.09860370763403e-05 -0.2719099919792032
-4.05802347290498e-05 -0.2719105484932407
-4.0178450226782e-05 -0.2719110991299622
-3.97806437888931e-05 -0.2719116439547811
-3.9386776028607e-05 -0.2719121830323012
-3.89968079491158e-05 -0.2719127164263656
-3.86107009397186e-05 -0.2719132442000481
-3.82284167719987e-05 -0.2719137664156553
-3.78499175960383e-05 -0.2719142831347505
-3.74751659366716e-05 -0.2719147944181574
-3.71041246897738e-05 -0.27191530032598
-3.67367571185879e-05 -0.2719158009175964
-3.63730268500871e-05 -0.2719162962516782
-3.60128978713733e-05 -0.2719167863861936
-3.56563345261122e-05 -0.2719172713784295
-3.53033015110022e-05 -0.2719177512849918
-3.49537638722794e-05 -0.271918226161794
-3.46076870022568e-05 -0.2719186960641157
-3.42650366358979e-05 -0.2719191610465628
-3.39257788474236e-05 -0.2719196211631
-3.35898800469541e-05 -0.2719200764670632
-3.32573069771823e-05 -0.2719205270111412
-3.29280267100814e-05 -0.2719209728474209
-3.2602006643645e-05 -0.2719214140273606
-3.22792144986584e-05 -0.2719218506018282
-3.19596183155034e-05 -0.2719222826210781
-3.16431864509934e-05 -0.2719227101347957
-3.1329887575241e-05 -0.2719231331920645
-3.10196906685555e-05 -0.2719235518414088
-3.07125650183718e-05 -0.2719239661307773
-3.04084802162097e-05 -0.2719243761075683
-3.0107406154663e-05 -0.2719247818186171
-2.98093130244188e-05 -0.2719251833102228
-2.95141713113058e-05 -0.2719255806281396
-2.92219517933721e-05 -0.2719259738175951
-2.89326255379921e-05 -0.2719263629232901
-2.86461638990021e-05 -0.2719267479894106
-2.83625385138635e-05 -0.2719271290596298
-2.80817213008549e-05 -0.2719275061771136
-2.7803684456292e-05 -0.2719278793845322
-2.75284004517743e-05 -0.2719282487240678
-2.72558420314597e-05 -0.2719286142374094
-2.6985982209366e-05 -0.2719289759657735
-2.6718794266699e-05 -0.2719293339498928
-2.64542517492069e-05 -0.2719296882300491
-2.61923284645613e-05 -0.2719300388460411
-2.59329984797637e-05 -0.2719303858372352
-2.56762361185779e-05 -0.2719307292425348
-2.5422015958988e-05 -0.271931069100391
-2.51703128306812e-05 -0.2719314054488369
-2.49211018125557e-05 -0.2719317383254507
-2.46743582302531e-05 -0.2719320677673954
-2.4430057653716e-05 -0.2719323938114119
-2.41881758947683e-05 -0.2719327164938223
-2.39486890047211e-05 -0.2719330358505241
-2.37115732720011e-05 -0.2719333519170284
-2.3476805219803e-05 -0.2719336647284282
-2.32443616037654e-05 -0.2719339743194176
-2.30142194096687e-05 -0.2719342807243293
-2.27863558511571e-05 -0.2719345839770677
-2.25607483674823e-05 -0.2719348841111726
-2.23373746212696e-05 -0.2719351811598129
-2.21162124963065e-05 -0.2719354751557675
-2.1897240095353e-05 -0.2719357661314695
-2.16804357379733e-05 -0.2719360541189687
-2.14657779583894e-05 -0.2719363391499849
-2.12532455033558e-05 -0.2719366212558266
-2.10428173300553e-05 -0.2719369004676405
-2.08344726040151e-05 -0.2719371768129656
-2.06281906970447e-05 -0.2719374503300472
-2.04239511851927e-05 -0.2719377210417372
-2.02217338467255e-05 -0.2719379889797295
-2.00215186601242e-05 -0.2719382541733468
-1.98232858021032e-05 -0.2719385166515842
-1.96270156456467e-05 -0.2719387764430919
-1.94326887580661e-05 -0.2719390335762056
-1.92402858990753e-05 -0.2719392880789476
-1.90497880188865e-05 -0.2719395399790047
-1.88611762563232e-05 -0.2719397893037929
-1.86744319369537e-05 -0.2719400360804053
-1.84895365712413e-05 -0.2719402803356304
-1.83064718527141e-05 -0.2719405220959812
-1.81252196561526e-05 -0.2719407613876516
-1.79457620357947e-05 -0.2719409982365726
-1.77680812235591e-05 -0.2719412326683672
-1.75921596272862e-05 -0.2719414647083894
-1.74179798289962e-05 -0.2719416943817087
-1.72455245831646e-05 -0.2719419217131233
-1.70747768150145e-05 -0.2719421467271579
-1.69057196188262e-05 -0.2719423694480629
-1.67383362562636e-05 -0.2719425898998273
-1.65726101547164e-05 -0.2719428081061817
-1.64085249056598e-05 -0.2719430240905865
-1.62460642630295e-05 -0.2719432378762557
-1.60852121416134e-05 -0.2719434494861415
-1.59259526154588e-05 -0.2719436589429524
-1.57682699162958e-05 -0.2719438662691436
-1.56121484319761e-05 -0.271944071486929
-1.54575727049268e-05 -0.2719442746182785
-1.53045274306206e-05 -0.2719444756849262
-1.515299745606e-05 -0.2719446747083654
-1.50029677782772e-05 -0.2719448717098596
-1.48544235428487e-05 -0.2719450667104386
-1.47073500424245e-05 -0.2719452597309072
-1.45617327152718e-05 -0.2719454507918402
-1.44175571438334e-05 -0.2719456399135954
-1.42748090533004e-05 -0.271945827116306
-1.41334743101984e-05 -0.2719460124198888
-1.39935389209886e-05 -0.2719461958440442
-1.38549890306817e-05 -0.2719463774082639
-1.37178109214671e-05 -0.2719465571318226
-1.35819910113535e-05 -0.2719467350337913
-1.34475158528253e-05 -0.2719469111330399
-1.33143721315102e-05 -0.2719470854482252
-1.31825466648616e-05 -0.2719472579978114
-1.3052026400853e-05 -0.2719474288000577
-1.29227984166862e-05 -0.2719475978730339
-1.27948499175111e-05 -0.2719477652346143
-1.26681682351595e-05 -0.2719479309024746
-1.25427408268906e-05 -0.2719480948941094
-1.24185552741491e-05 -0.2719482572268243
-1.22955992813357e-05 -0.271948417917732
-1.21738606745898e-05 -0.2719485769837753
-1.2053327400584e-05 -0.2719487344417049
-1.19339875253307e-05 -0.2719488903080954
-1.18158292330007e-05 -0.2719490445993483
-1.16988408247531e-05 -0.2719491973316856
-1.15830107175774e-05 -0.2719493485211583
-1.14683274431459e-05 -0.271949498183644
-1.13547796466791e-05 -0.2719496463348542
-1.12423560858209e-05 -0.2719497929903347
-1.11310456295256e-05 -0.2719499381654599
-1.10208372569561e-05 -0.2719500818754464
-1.09117200563922e-05 -0.2719502241353449
-1.08036832241506e-05 -0.2719503649600532
-1.06967160635155e-05 -0.2719505043643019
-1.05908079836787e-05 -0.2719506423626724
-1.04859484986918e-05 -0.2719507789695857
-1.03821272264275e-05 -0.2719509141993181
-1.0279333887552e-05 -0.2719510480659863
-1.01775583045069e-05 -0.271951180583561
-1.00767904005019e-05 -0.2719513117658705
-9.977020198516739e-06 -0.2719514416265893
-9.878237820313601e-06 -0.2719515701792491
-9.780433485459009e-06 -0.2719516974372435
-9.68359751035546e-06 -0.2719518234138198
-9.587720307282629e-06 -0.2719519481220865
-9.492792383448151e-06 -0.2719520715750151
-9.39880434004767e-06 -0.2719521937854422
-9.30574687133433e-06 -0.2719523147660672
-9.21361076369735e-06 -0.271952434529454
-9.12238689474986e-06 -0.27195255308804
-9.0320662324256e-06 -0.2719526704541243
-8.942639834084751e-06 -0.2719527866398842
-8.85409884562847e-06 -0.2719529016573642
-8.76643450062225e-06 -0.2719530155184863
-8.679638119427971e-06 -0.271953128235046
-8.593701108344519e-06 -0.2719532398187117
-8.508614958756951e-06 -0.2719533502810357
-8.42437124629401e-06 -0.271953459633445
-8.34096162999407e-06 -0.2719535678872482
-8.25837785147928e-06 -0.2719536750536363
-8.1766117341379e-06 -0.271953781143683
-8.09565518231475e-06 -0.2719538861683451
-8.01550018050966e-06 -0.2719539901384685
-7.93613879258382e-06 -0.2719540930647813
-7.85756316097408e-06 -0.2719541949579025
-7.77976550591493e-06 -0.2719542958283407
-7.702738124668249e-06 -0.271954395686491
-7.62647339076064e-06 -0.2719544945426481
-7.55096375322836e-06 -0.2719545924069892
-7.47620173586966e-06 -0.2719546892895958
-7.40217993650461e-06 -0.2719547852004396
-7.32889102624219e-06 -0.2719548801493816
-7.25632774875465e-06 -0.2719549741461963
-7.18448291955906e-06 -0.271955067200544
-7.113349425306e-06 -0.2719551593219874
-7.04292022307524e-06 -0.2719552505199939
-6.97318833967846e-06 -0.2719553408039293
-6.90414687096877e-06 -0.2719554301830618
-6.8357889811572e-06 -0.2719555186665634
-6.76810790213584e-06 -0.2719556062635157
-6.70109693280776e-06 -0.271955692982899
-6.63474943842353e-06 -0.2719557788336074
-6.56905884992428e-06 -0.271955863824438
-6.50401866329137e-06 -0.2719559479640981
-6.43962243890235e-06 -0.2719560312612112
-6.37586380089341e-06 -0.2719561137242986
-6.31273643652813e-06 -0.2719561953618062
-6.25023409557241e-06 -0.271956276182081
-6.18835058967565e-06 -0.2719563561934011
-6.12707979175807e-06 -0.2719564354039412
-6.06641563540403e-06 -0.2719565138217994
-6.00635211426141e-06 -0.2719565914549914
-5.94688328144694e-06 -0.2719566683114458
-5.88800324895737e-06 -0.2719567443990183
-5.82970618708651e-06 -0.2719568197254721
-5.77198632384803e-06 -0.2719568942984993
-5.71483794440399e-06 -0.2719569681257077
-5.658255390499e-06 -0.2719570412146296
-5.6022330599e-06 -0.2719571135727197
-5.54676540584158e-06 -0.2719571852073564
-5.49184693647681e-06 -0.2719572561258349
-5.43747221433348e-06 -0.2719573263353915
-5.38363585577572e-06 -0.2719573958431702
-5.33033253047101e-06 -0.2719574646562531
-5.27755696086239e-06 -0.2719575327816489
-5.22530392164593e-06 -0.2719576002262868
-5.17356823925339e-06 -0.2719576669970357
-5.12234479133999e-06 -0.2719577331006826
-5.07162850627722e-06 -0.271957798543954
-5.02141436265071e-06 -0.2719578633335055
-4.97169738876308e-06 -0.2719579274759181
-4.92247266214166e-06 -0.2719579909777141
-4.87373530905115e-06 -0.2719580538453458
-4.82548050401104e-06 -0.2719581160851995
-4.77770346931786e-06 -0.2719581777035924
-4.73039947457214e-06 -0.2719582387067839
-4.68356383621004e-06 -0.2719582991009662
-4.63719191703965e-06 -0.2719583588922637
-4.59127912578183e-06 -0.2719584180867453
-4.54582091661567e-06 -0.2719584766904161
-4.50081278872839e-06 -0.2719585347092169
-4.45625028586969e-06 -0.2719585921490306
-4.41212899591058e-06 -0.271958649015678
-4.36844455040652e-06 -0.2719587053149261
-4.32519262416487e-06 -0.2719587610524722
-4.2823689348167e-06 -0.2719588162339676
-4.23996924239277e-06 -0.2719588708649971
-4.19798934890374e-06 -0.2719589249510938
-4.15642509792449e-06 -0.2719589784977298
-4.11527237418267e-06 -0.2719590315103269
-4.07452710315115e-06 -0.2719590839942508
-4.03418525064471e-06 -0.2719591359548033
-3.9942428224205e-06 -0.271959187397247
-3.95469586378268e-06 -0.2719592383267812
-3.91554045919077e-06 -0.2719592887485527
-3.87677273187205e-06 -0.2719593386676631
-3.83838884343767e-06 -0.2719593880891505
-3.80038499350264e-06 -0.271959437018012
-3.76275741930955e-06 -0.271959485459188
-3.72550239535599e-06 -0.2719595334175743
-3.68861623302573e-06 -0.2719595808980123
-3.6520952802235e-06 -0.2719596279052948
-3.61593592101336e-06 -0.2719596744441644
-3.58013457526076e-06 -0.2719597205193219
-3.54468769827798e-06 -0.2719597661354133
-3.50959178047324e-06 -0.2719598112970434
-3.47484334700321e-06 -0.2719598560087632
-3.44043895742892e-06 -0.2719599002750858
-3.40637520537517e-06 -0.2719599441004718
-3.37264871819324e-06 -0.2719599874893399
-3.33925615662697e-06 -0.2719600304460651
-3.30619421448215e-06 -0.2719600729749729
-3.27345961829915e-06 -0.2719601150803521
-3.24104912702887e-06 -0.2719601567664401
-3.20895953171175e-06 -0.2719601980374412
-3.17718765516015e-06 -0.2719602388975038
-3.14573035164371e-06 -0.2719602793507516
-3.11458450657793e-06 -0.2719603194012495
-3.08374703621577e-06 -0.2719603590530332
-3.05321488734235e-06 -0.2719603983100893
-3.02298503697262e-06 -0.271960437176373
-2.9930544920521e-06 -0.2719604756557876
-2.9634202891605e-06 -0.2719605137522101
-2.93407949421831e-06 -0.271960551469474
-2.90502920219635e-06 -0.2719605888113629
-2.87626653682807e-06 -0.2719606257816407
-2.84778865032482e-06 -0.2719606623840183
-2.81959272309388e-06 -0.2719606986221763
-2.79167596345929e-06 -0.2719607344997573
-2.76403560738544e-06 -0.2719607700203664
-2.7366689182034e-06 -0.2719608051875725
-2.70957318634e-06 -0.2719608400049073
-2.68274572904951e-06 -0.2719608744758688
-2.65618389014803e-06 -0.2719609086039237
-2.62988503975052e-06 -0.2719609423924891
-2.60384657401042e-06 -0.2719609758449615
-2.5780659148618e-06 -0.2719610089647027
-2.55254050976416e-06 -0.2719610417550335
-2.52726783144966e-06 -0.2719610742192451
-2.50224537767293e-06 -0.2719611063605974
-2.4774706709633e-06 -0.2719611381823139
-2.4529412583795e-06 -0.2719611696875879
-2.42865471126683e-06 -0.2719612008795769
-2.40460862501667e-06 -0.2719612317614096
-2.38080061882838e-06 -0.2719612623361852
-2.35722833547365e-06 -0.2719612926069684
-2.33388944106302e-06 -0.2719613225767943
-2.31078162481487e-06 -0.2719613522486692
-2.2879025988266e-06 -0.271961381625561
-2.26525009784812e-06 -0.2719614107104223
-2.24282187905755e-06 -0.2719614395061608
-2.22061572183915e-06 -0.2719614680156643
-2.19862942756352e-06 -0.2719614962417902
-2.17686081936982e-06 -0.2719615241873647
-2.15530774195032e-06 -0.271961551855188
-2.13396806133695e-06 -0.2719615792480287
-2.11283966469005e-06 -0.2719616063686305
-2.09192046008916e-06 -0.2719616332197113
-2.0712083763259e-06 -0.2719616598039576
-2.05070136269891e-06 -0.2719616861240301
-2.0303973888108e-06 -0.2719617121825668
-2.01029444436713e-06 -0.2719617379821697
-1.99039053897736e-06 -0.2719617635254268
-1.97068370195778e-06 -0.2719617888148883
-1.95117198213641e-06 -0.2719618138530934
-1.93185344765982e-06 -0.2719618386425339
-1.9127261858018e-06 -0.2719618631857025
-1.89378830277406e-06 -0.2719618874850487
-1.87503792353867e-06 -0.2719619115429998
-1.85647319162245e-06 -0.2719619353619645
-1.83809226893311e-06 -0.2719619589443258
-1.81989333557734e-06 -0.2719619822924405
-1.80187458968054e-06 -0.2719620054086413
-1.78403424720845e-06 -0.2719620282952408
-1.76637054179055e-06 -0.2719620509545284
-1.74888172454509e-06 -0.2719620733887634
-1.73156606390603e-06 -0.2719620956001927
-1.71442184545152e-06 -0.2719621175910318
-1.69744737173418e-06 -0.2719621393634826
-1.68064096211305e-06 -0.2719621609197179
-1.66400095258717e-06 -0.2719621822618922
-1.64752569563087e-06 -0.2719622033921346
-1.63121356003056e-06 -0.2719622243125557
-1.61506293072333e-06 -0.2719622450252507
-1.59907220863696e-06 -0.2719622655322841
-1.58323981053164e-06 -0.2719622858357016
-1.56756416884321e-06 -0.2719623059375331
-1.55204373152793e-06 -0.2719623258397856
-1.53667696190884e-06 -0.2719623455444447
-1.52146233852361e-06 -0.2719623650534803
-1.50639835497387e-06 -0.2719623843688352
-1.49148351977611e-06 -0.2719624034924416
-1.47671635621397e-06 -0.2719624224262059
-1.46209540219205e-06 -0.2719624411720168
-1.44761921009113e-06 -0.2719624597317478
-1.43328634662489e-06 -0.2719624781072486
-1.41909539269791e-06 -0.2719624963003506
-1.40504494326525e-06 -0.2719625143128727
-1.39113360719332e-06 -0.2719625321466101
-1.3773600071221e-06 -0.2719625498033389
-1.36372277932881e-06 -0.2719625672848255
-1.35022057359288e-06 -0.2719625845928117
-1.33685205306226e-06 -0.2719626017290214
-1.32361589412105e-06 -0.2719626186951639
-1.31051078625847e-06 -0.2719626354929336
-1.29753543193907e-06 -0.2719626521240014
-1.28468854647433e-06 -0.2719626685900257
-1.27196885789538e-06 -0.271962684892653
-1.25937510682711e-06 -0.2719627010335049
-1.24690604636347e-06 -0.2719627170141887
-1.23456044194403e-06 -0.2719627328362998
-1.22233707123171e-06 -0.2719627485014132
-1.2102347239918e-06 -0.2719627640110928
-1.19825220197208e-06 -0.2719627793668813
-1.18638831878423e-06 -0.2719627945703135
-1.17464189978637e-06 -0.2719628096228975
-1.1630117819667e-06 -0.2719628245261369
-1.15149681382842e-06 -0.2719628392815145
-1.14009585527566e-06 -0.2719628538905053
-1.12880777750065e-06 -0.2719628683545592
-1.11763146287194e-06 -0.2719628826751183
-1.1065658048237e-06 -0.2719628968536074
-1.09560970774624e-06 -0.2719629108914421
-1.08476208687746e-06 -0.271962924790022
-1.07402186819551e-06 -0.2719629385507251
-1.06338798831238e-06 -0.2719629521749243
-1.0528593943687e-06 -0.2719629656639779
-1.0424350439294e-06 -0.2719629790192283
-1.0321139048806e-06 -0.2719629922420046
-1.02189495532732e-06 -0.2719630053336227
-1.0117771834924e-06 -0.271963018295388
-1.00175958761624e-06 -0.2719630311285852
1.00175958761624e-06 -0.2719655931734312
1.0117771834924e-06 -0.2719656059606777
1.02189495532732e-06 -0.2719656188755616
1.0321139048806e-06 -0.2719656319193623
1.0424350439294e-06 -0.2719656450933578
1.0528593943687e-06 -0.2719656583988473
1.06338798831238e-06 -0.271965671837141
1.07402186819551e-06 -0.2719656854095591
1.08476208687746e-06 -0.271965699117442
1.09560970774624e-06 -0.2719657129621353
1.1065658048237e-06 -0.2719657269450041
1.11763146287194e-06 -0.2719657410674236
1.12880777750065e-06 -0.2719657553307838
1.14009585527566e-06 -0.2719657697364891
1.15149681382842e-06 -0.271965784285957
1.1630117819667e-06 -0.2719657989806165
1.17464189978637e-06 -0.2719658138219191
1.18638831878423e-06 -0.2719658288113234
1.19825220197208e-06 -0.2719658439502997
1.2102347239918e-06 -0.2719658592403394
1.22233707123171e-06 -0.2719658746829481
1.23456044194403e-06 -0.2719658902796447
1.24690604636347e-06 -0.2719659060319626
1.25937510682711e-06 -0.2719659219414509
1.27196885789538e-06 -0.2719659380096756
1.28468854647433e-06 -0.2719659542382167
1.29753543193907e-06 -0.2719659706286646
1.31051078625847e-06 -0.2719659871826375
1.32361589412105e-06 -0.2719660039017626
1.33685205306226e-06 -0.2719660207876788
1.35022057359288e-06 -0.2719660378420491
1.36372277932881e-06 -0.2719660550665518
1.3773600071221e-06 -0.271966072462879
1.39113360719332e-06 -0.2719660900327359
1.40504494326525e-06 -0.2719661077778541
1.41909539269791e-06 -0.271966125699978
1.43328634662489e-06 -0.2719661438008619
1.44761921009113e-06 -0.27196616208229
1.46209540219205e-06 -0.2719661805460584
1.47671635621397e-06 -0.2719661991939813
1.49148351977611e-06 -0.2719662180278872
1.50639835497387e-06 -0.2719662370496282
1.52146233852361e-06 -0.2719662562610722
1.53667696190884e-06 -0.2719662756641048
1.55204373152793e-06 -0.2719662952606318
1.56756416884321e-06 -0.2719663150525786
1.58323981053164e-06 -0.2719663350418904
1.59907220863696e-06 -0.2719663552305229
1.61506293072333e-06 -0.2719663756204634
1.63121356003056e-06 -0.2719663962137148
1.64752569563087e-06 -0.2719664170122914
1.66400095258717e-06 -0.2719664380182416
1.68064096211305e-06 -0.2719664592336216
1.69744737173418e-06 -0.2719664806605126
1.71442184545152e-06 -0.2719665023010196
1.73156606390603e-06 -0.271966524157269
1.74888172454509e-06 -0.2719665462313979
1.76637054179055e-06 -0.271966568525578
1.78403424720845e-06 -0.2719665910419874
1.80187458968054e-06 -0.2719666137828424
1.81989333557734e-06 -0.2719666367503695
1.83809226893311e-06 -0.2719666599468198
1.85647319162245e-06 -0.2719666833744686
1.87503792353867e-06 -0.2719667070356147
1.89378830277406e-06 -0.2719667309325716
1.9127261858018e-06 -0.2719667550676846
1.93185344765982e-06 -0.2719667794433248
1.95117198213641e-06 -0.2719668040618703
1.97068370195778e-06 -0.2719668289257376
1.99039053897736e-06 -0.2719668540373653
2.01029444436713e-06 -0.2719668793992094
2.0303973888108e-06 -0.2719669050137571
2.05070136269891e-06 -0.271966930883515
2.0712083763259e-06 -0.2719669570110154
2.09192046008916e-06 -0.2719669833988183
2.11283966469005e-06 -0.2719670100495086
2.13396806133695e-06 -0.2719670369656928
2.15530774195032e-06 -0.2719670641500063
2.17686081936982e-06 -0.2719670916051067
2.19862942756352e-06 -0.2719671193336868
2.22061572183915e-06 -0.2719671473384572
2.24282187905755e-06 -0.2719671756221542
2.26525009784812e-06 -0.2719672041875492
2.2879025988266e-06 -0.2719672330374333
2.31078162481487e-06 -0.2719672621746309
2.33388944106302e-06 -0.2719672916019872
2.35722833547365e-06 -0.271967321322383
2.38080061882838e-06 -0.271967351338725
2.40460862501667e-06 -0.2719673816539406
2.42865471126683e-06 -0.2719674122709995
2.4529412583795e-06 -0.2719674431928918
2.4774706709633e-06 -0.2719674744226399
2.50224537767293e-06 -0.2719675059632912
2.52726783144966e-06 -0.2719675378179282
2.55254050976416e-06 -0.2719675699896669
2.5780659148618e-06 -0.2719676024816403
2.60384657401042e-06 -0.2719676352970296
2.62988503975052e-06 -0.2719676684390353
2.65618389014803e-06 -0.2719677019108902
2.68274572904951e-06 -0.271967735715865
2.70957318634e-06 -0.2719677698572566
2.7366689182034e-06 -0.2719678043383996
2.76403560738544e-06 -0.2719678391626548
2.79167596345929e-06 -0.2719678743334186
2.81959272309388e-06 -0.2719679098541227
2.84778865032482e-06 -0.2719679457282297
2.87626653682807e-06 -0.2719679819592405
2.90502920219635e-06 -0.2719680185506836
2.93407949421831e-06 -0.2719680555061308
2.9634202891605e-06 -0.2719680928291762
2.9930544920521e-06 -0.2719681305234607
3.02298503697262e-06 -0.2719681685926592
3.05321488734235e-06 -0.2719682070404734
3.08374703621577e-06 -0.2719682458706561
3.11458450657793e-06 -0.2719682850869808
3.14573035164371e-06 -0.2719683246932685
3.17718765516015e-06 -0.2719683646933738
3.20895953171175e-06 -0.271968405091193
3.24104912702887e-06 -0.2719684458906551
3.27345961829915e-06 -0.2719684870957297
3.30619421448215e-06 -0.2719685287104217
3.33925615662697e-06 -0.2719685707387836
3.37264871819324e-06 -0.2719686131848999
3.40637520537517e-06 -0.2719686560528947
3.44043895742892e-06 -0.2719686993469408
3.47484334700321e-06 -0.271968743071244
3.50959178047324e-06 -0.2719687872300486
3.54468769827798e-06 -0.2719688318276487
3.58013457526076e-06 -0.2719688768683756
3.61593592101336e-06 -0.2719689223565998
3.6520952802235e-06 -0.271968968296742
3.68861623302573e-06 -0.2719690146932622
3.72550239535599e-06 -0.2719690615506594
3.76275741930955e-06 -0.2719691088734825
3.80038499350264e-06 -0.2719691566663233
3.83838884343767e-06 -0.2719692049338158
3.87677273187205e-06 -0.2719692536806436
3.91554045919077e-06 -0.2719693029115287
3.95469586378268e-06 -0.2719693526312457
3.9942428224205e-06 -0.271969402844611
4.03418525064471e-06 -0.2719694535564917
4.07452710315115e-06 -0.2719695047718015
4.11527237418267e-06 -0.271969556495498
4.15642509792449e-06 -0.2719696087325874
4.19798934890374e-06 -0.2719696614881315
4.23996924239277e-06 -0.271969714767232
4.2823689348167e-06 -0.2719697685750457
4.32519262416487e-06 -0.2719698229167794
4.36844455040652e-06 -0.2719698777976849
4.41212899591058e-06 -0.2719699332230727
4.45625028586969e-06 -0.2719699891982965
4.50081278872839e-06 -0.2719700457287678
4.54582091661567e-06 -0.2719701028199496
4.59127912578183e-06 -0.2719701604773537
4.63719191703965e-06 -0.271970218706549
4.68356383621004e-06 -0.2719702775131632
4.73039947457214e-06 -0.2719703369028625
4.77770346931786e-06 -0.271970396881384
4.82548050401104e-06 -0.2719704574545133
4.87373530905115e-06 -0.2719705186280925
4.92247266214166e-06 -0.2719705804080163
4.97169738876308e-06 -0.2719706428002431
5.02141436265071e-06 -0.2719707058107837
5.07162850627722e-06 -0.2719707694457112
5.12234479133999e-06 -0.2719708337111511
5.17356823925339e-06 -0.2719708986132936
5.22530392164593e-06 -0.2719709641583843
5.27755696086239e-06 -0.2719710303527342
5.33033253047101e-06 -0.2719710972027056
5.38363585577572e-06 -0.271971164714731
5.43747221433348e-06 -0.2719712328953022
5.49184693647681e-06 -0.2719713017509729
5.54676540584158e-06 -0.2719713712883537
5.6022330599e-06 -0.2719714415141275
5.658255390499e-06 -0.2719715124350415
5.71483794440399e-06 -0.2719715840578963
5.77198632384803e-06 -0.2719716563895757
5.82970618708651e-06 -0.2719717294370101
5.88800324895737e-06 -0.2719718032072064
5.94688328144694e-06 -0.2719718777072399
6.00635211426141e-06 -0.2719719529442507
6.06641563540403e-06 -0.2719720289254447
6.12707979175807e-06 -0.2719721056580983
6.18835058967565e-06 -0.2719721831495608
6.25023409557241e-06 -0.271972261407251
6.31273643652813e-06 -0.2719723404386537
6.37586380089341e-06 -0.271972420251326
6.43962243890235e-06 -0.2719725008529005
6.50401866329137e-06 -0.2719725822510846
6.56905884992428e-06 -0.271972664453647
6.63474943842353e-06 -0.271972747468448
6.70109693280776e-06 -0.2719728313034019
6.76810790213584e-06 -0.2719729159665192
6.8357889811572e-06 -0.2719730014658701
6.90414687096877e-06 -0.2719730878096149
6.97318833967846e-06 -0.2719731750059798
7.04292022307524e-06 -0.2719732630632703
7.113349425306e-06 -0.2719733519898781
7.18448291955906e-06 -0.2719734417942691
7.25632774875465e-06 -0.2719735324849914
7.32889102624219e-06 -0.2719736240706694
7.40217993650461e-06 -0.2719737165600176
7.47620173586966e-06 -0.2719738099618229
7.55096375322836e-06 -0.2719739042849609
7.62647339076064e-06 -0.2719739995383902
7.702738124668249e-06 -0.2719740957311534
7.77976550591493e-06 -0.2719741928723792
7.85756316097408e-06 -0.2719742909712798
7.93613879258382e-06 -0.2719743900371566
8.01550018050966e-06 -0.2719744900793978
8.09565518231475e-06 -0.2719745911074787
8.1766117341379e-06 -0.271974693130967
8.25837785147928e-06 -0.2719747961595145
8.34096162999407e-06 -0.2719749002028659
8.42437124629401e-06 -0.2719750052708578
8.508614958756951e-06 -0.2719751113734246
8.593701108344519e-06 -0.271975218520583
8.679638119427971e-06 -0.2719753267224508
8.76643450062225e-06 -0.2719754359892348
8.85409884562847e-06 -0.2719755463312436
8.942639834084751e-06 -0.2719756577588771
9.0320662324256e-06 -0.2719757702826326
9.12238689474986e-06 -0.2719758839131071
9.21361076369735e-06 -0.2719759986609964
9.30574687133433e-06 -0.2719761145370941
9.39880434004767e-06 -0.2719762315522916
9.492792383448151e-06 -0.2719763497175932
9.587720307282629e-06 -0.2719764690440865
9.68359751035546e-06 -0.2719765895429765
9.780433485459009e-06 -0.2719767112255679
9.878237820313601e-06 -0.2719768341032681
9.977020198516739e-06 -0.2719769581875903
1.00767904005019e-05 -0.2719770834901566
1.01775583045069e-05 -0.2719772100226961
1.0279333887552e-05 -0.2719773377970434
1.03821272264275e-05 -0.2719774668251435
1.04859484986918e-05 -0.2719775971190518
1.05908079836787e-05 -0.2719777286909308
1.06967160635155e-05 -0.2719778615530667
1.08036832241506e-05 -0.2719779957178389
1.09117200563922e-05 -0.2719781311977613
1.10208372569561e-05 -0.2719782680054404
1.11310456295256e-05 -0.2719784061536232
1.12423560858209e-05 -0.2719785456551509
1.13547796466791e-05 -0.2719786865229918
1.14683274431459e-05 -0.2719788287702349
1.15830107175774e-05 -0.2719789724100859
1.16988408247531e-05 -0.2719791174558686
1.18158292330007e-05 -0.2719792639210225
1.19339875253307e-05 -0.2719794118191251
1.2053327400584e-05 -0.2719795611638656
1.21738606745898e-05 -0.2719797119690587
1.22955992813357e-05 -0.2719798642486476
1.24185552741491e-05 -0.2719800180166941
1.25427408268906e-05 -0.2719801732873964
1.26681682351595e-05 -0.2719803300750792
1.27948499175111e-05 -0.2719804883941845
1.29227984166862e-05 -0.2719806482592985
1.3052026400853e-05 -0.2719808096851326
1.31825466648616e-05 -0.2719809726865322
1.33143721315102e-05 -0.2719811372784715
1.34475158528253e-05 -0.2719813034760625
1.35819910113535e-05 -0.2719814712945581
1.37178109214671e-05 -0.2719816407493301
1.38549890306817e-05 -0.2719818118559019
1.39935389209886e-05 -0.2719819846299379
1.41334743101984e-05 -0.2719821590872259
1.42748090533004e-05 -0.2719823352437069
1.44175571438334e-05 -0.2719825131154635
1.45617327152718e-05 -0.2719826927187112
1.47073500424245e-05 -0.2719828740698225
1.48544235428487e-05 -0.2719830571852937
1.50029677782772e-05 -0.271983242081791
1.515299745606e-05 -0.271983428776115
1.53045274306206e-05 -0.2719836172852066
1.54575727049268e-05 -0.2719838076261758
1.56121484319761e-05 -0.2719839998162578
1.57682699162958e-05 -0.2719841938728615
1.59259526154588e-05 -0.2719843898135287
1.60852121416134e-05 -0.2719845876559737
1.62460642630295e-05 -0.2719847874180406
1.64085249056598e-05 -0.2719849891177576
1.65726101547164e-05 -0.2719851927732801
1.67383362562636e-05 -0.2719853984029471
1.69057196188262e-05 -0.2719856060252372
1.70747768150145e-05 -0.2719858156587969
1.72455245831646e-05 -0.2719860273224288
1.74179798289962e-05 -0.2719862410351074
1.75921596272862e-05 -0.2719864568159509
1.77680812235591e-05 -0.2719866746842582
1.79457620357947e-05 -0.2719868946594979
1.81252196561526e-05 -0.2719871167612836
1.83064718527141e-05 -0.271987341009411
1.84895365712413e-05 -0.2719875674238421
1.86744319369537e-05 -0.2719877960246958
1.88611762563232e-05 -0.2719880268322945
1.90497880188865e-05 -0.2719882598670908
1.92402858990753e-05 -0.2719884951497489
1.94326887580661e-05 -0.2719887327010489
1.96270156456467e-05 -0.2719889725420294
1.98232858021032e-05 -0.2719892146938334
2.00215186601242e-05 -0.2719894591777965
2.02217338467255e-05 -0.2719897060154932
2.04239511851927e-05 -0.271989955228565
2.06281906970447e-05 -0.271990206839023
2.08344726040151e-05 -0.2719904608709777
2.10428173300553e-05 -0.2719907173393735
2.12532455033558e-05 -0.271990976274842
2.14657779583894e-05 -0.27199123769682
2.16804357379733e-05 -0.2719915016281827
2.1897240095353e-05 -0.2719917680919559
2.21162124963065e-05 -0.2719920371113068
2.23373746212696e-05 -0.2719923087095868
2.25607483674823e-05 -0.2719925829103688
2.27863558511571e-05 -0.2719928597373921
2.30142194096687e-05 -0.2719931392145696
2.32443616037654e-05 -0.2719934213660429
2.3476805219803e-05 -0.2719937062161189
2.37115732720011e-05 -0.2719939937893181
2.39486890047211e-05 -0.2719942841103391
2.41881758947683e-05 -0.271994577204089
2.4430057653716e-05 -0.2719948730956648
2.46743582302531e-05 -0.2719951718103639
2.49211018125557e-05 -0.2719954733736879
2.51703128306812e-05 -0.2719957778113329
2.5422015958988e-05 -0.2719960851491905
2.56762361185779e-05 -0.2719963954133657
2.59329984797637e-05 -0.2719967086301607
2.61923284645613e-05 -0.2719970248260756
2.64542517492069e-05 -0.2719973440278224
2.6718794266699e-05 -0.2719976662623162
2.6985982209366e-05 -0.271997991556675
2.72558420314597e-05 -0.2719983199382264
2.75284004517743e-05 -0.2719986514345021
2.7803684456292e-05 -0.2719989860732457
2.80817213008549e-05 -0.2719993238824055
2.83625385138635e-05 -0.2719996648901458
2.86461638990021e-05 -0.2720000091248321
2.89326255379921e-05 -0.2720003566150473
2.92219517933721e-05 -0.2720007073895837
2.95141713113058e-05 -0.2720010614774438
2.98093130244188e-05 -0.272001418907848
3.0107406154663e-05 -0.272001779710223
3.04084802162097e-05 -0.2720021439142167
3.07125650183718e-05 -0.2720025115496825
3.10196906685555e-05 -0.2720028826466968
3.1329887575241e-05 -0.2720032572355466
3.16431864509934e-05 -0.2720036353467357
3.19596183155034e-05 -0.272004017010983
3.22792144986584e-05 -0.2720044022592259
3.2602006643645e-05 -0.2720047911226157
3.29280267100814e-05 -0.2720051836325243
3.32573069771823e-05 -0.2720055798205364
3.35898800469541e-05 -0.2720059797184574
3.39257788474236e-05 -0.2720063833583101
3.42650366358979e-05 -0.2720067907723336
3.46076870022568e-05 -0.2720072019929867
3.49537638722794e-05 -0.2720076170529427
3.53033015110022e-05 -0.2720080359850989
3.56563345261122e-05 -0.2720084588225649
3.60128978713733e-05 -0.2720088855986709
3.63730268500871e-05 -0.2720093163469652
3.67367571185879e-05 -0.2720097511012117
3.71041246897738e-05 -0.2720101898953934
3.74751659366716e-05 -0.2720106327637112
3.78499175960383e-05 -0.2720110797405829
3.82284167719987e-05 -0.2720115308606382
3.86107009397186e-05 -0.2720119861587275
3.89968079491158e-05 -0.2720124456699193
3.9386776028607e-05 -0.2720129094294908
3.97806437888931e-05 -0.2720133774729366
4.0178450226782e-05 -0.2720138498359664
4.05802347290498e-05 -0.2720143265545009
4.09860370763403e-05 -0.2720148076646711
4.13958974471037e-05 -0.2720152932028116
4.18098564215747e-05 -0.2720157832056965
4.22279549857905e-05 -0.2720162777095992
4.26502345356484e-05 -0.2720167767518787
4.30767368810049e-05 -0.2720172803696348
4.35075042498149e-05 -0.2720177886002434
4.39425792923131e-05 -0.2720183014813036
4.43820050852362e-05 -0.2720188190506042
4.48258251360886e-05 -0.2720193413461475
4.52740833874495e-05 -0.2720198684061328
4.5726824221324e-05 -0.2720204002689592
4.61840924635372e-05 -0.2720209369732229
4.66459333881726e-05 -0.272021478557712
4.71123927220543e-05 -0.2720220250614144
4.75835166492748e-05 -0.2720225765235019
4.80593518157676e-05 -0.2720231329833481
4.85399453339253e-05 -0.2720236944805007
4.90253447872645e-05 -0.2720242610547
4.95155982351372e-05 -0.2720248327458625
5.00107542174885e-05 -0.2720254095940926
5.05108617596634e-05 -0.2720259916396716
5.10159703772601e-05 -0.2720265789230433
5.15261300810327e-05 -0.2720271714848375
5.2041391381843e-05 -0.2720277693658477
5.25618052956614e-05 -0.2720283726070301
5.3087423348618e-05 -0.2720289812495083
5.36182975821042e-05 -0.2720295953345616
5.41544805579252e-05 -0.2720302149036254
5.46960253635045e-05 -0.2720308399982854
5.52429856171395e-05 -0.2720314706602786
5.57954154733109e-05 -0.2720321069314847
5.6353369628044e-05 -0.2720327488539239
5.69169033243245e-05 -0.2720333964697498
5.74860723575677e-05 -0.2720340498212485
5.80609330811434e-05 -0.2720347089508353
5.86415424119548e-05 -0.2720353739010405
5.92279578360744e-05 -0.2720360447145249
5.98202374144351e-05 -0.2720367214340465
6.04184397885795e-05 -0.2720374041024772
6.10226241864653e-05 -0.2720380927627911
6.16328504283299e-05 -0.272038787458054
6.22491789326132e-05 -0.2720394882314258
6.28716707219394e-05 -0.2720401951261469
6.350038742915879e-05 -0.2720409081855388
6.41353913034504e-05 -0.2720416274529902
6.477674521648491e-05 -0.272042352971961
6.54245126686497e-05 -0.2720430847859577
6.607875779533621e-05 -0.2720438229385491
6.673954537328961e-05 -0.2720445674733425
6.74069408270225e-05 -0.2720453184339769
6.80810102352927e-05 -0.2720460758641292
6.876182033764561e-05 -0.2720468398074887
6.944943854102211e-05 -0.2720476103077568
7.01439329264323e-05 -0.2720483874086438
7.084537225569659e-05 -0.2720491711538485
7.155382597825361e-05 -0.2720499615870595
7.22693642380361e-05 -0.2720507587519373
7.299205788041651e-05 -0.2720515626921156
7.37219784592207e-05 -0.2720523734511778
7.44591982438129e-05 -0.2720531910726603
7.5203790226251e-05 -0.2720540156000305
7.59558281285135e-05 -0.2720548470766869
7.671538640979859e-05 -0.2720556855459311
7.74825402738966e-05 -0.2720565310509825
7.82573656766356e-05 -0.2720573836349425
7.9039939333402e-05 -0.2720582433407925
7.9830338726736e-05 -0.2720591102113823
8.062864211400339e-05 -0.2720599842894164
8.143492853514339e-05 -0.2720608656174298
8.22492778204948e-05 -0.2720617542378028
8.307177059869981e-05 -0.2720626501927215
8.39024883046868e-05 -0.2720635535241589
8.474151318773359e-05 -0.2720644642738895
8.5588928319611e-05 -0.2720653824834527
8.64448176028071e-05 -0.2720663081941341
8.730926577883521e-05 -0.2720672414469656
8.81823584366235e-05 -0.272068182282697
8.90641820209897e-05 -0.2720691307417825
8.995482384119961e-05 -0.2720700868643666
9.08543720796116e-05 -0.2720710506902632
9.17629158004077e-05 -0.2720720222589341
9.26805449584118e-05 -0.2720730016094783
9.36073504079959e-05 -0.2720739887806088
9.45434239120759e-05 -0.2720749838106301
9.548885815119661e-05 -0.2720759867374208
9.64437467327086e-05 -0.272076997598415
9.74081842000357e-05 -0.2720780164305795
9.838226604203611e-05 -0.2720790432703852
9.93660887024564e-05 -0.2720800781537976
0.000100359749589481 -0.2720811211162518
0.000101363347085376 -0.2720821721926064
0.00010237698055623 -0.272083231417155
0.000103400750361792 -0.272084298823568
0.00010443475786541 -0.2720853744449026
0.000105479105444064 -0.2720864583135391
0.000106533896498505 -0.2720875504611784
0.00010759923546349 -0.2720886509188065
0.000108675227818124 -0.2720897597166809
0.000109761980096306 -0.2720908768842648
0.000110859599897269 -0.2720920024502381
0.000111968195896241 -0.2720931364424459
0.000113087877855204 -0.2720942788878842
0.000114218756633756 -0.272095429812628
0.000115360944200093 -0.2720965892418551
0.000116514553642094 -0.2720977571997729
0.000117679699178515 -0.2720989337096061
0.0001188564961703 -0.2721001187935345
0.000120045061132003 -0.2721013124727031
0.000121245511743324 -0.2721025147671597
0.000122457966860757 -0.2721037256959565
0.000123682546529364 -0.2721049452781886
0.000124919371994658 -0.2721061735212808
0.000126168565714605 -0.27210741045493
0.000127430251371751 -0.2721086560847663
0.000128704553885468 -0.272109910424442
0.000129991599424323 -0.2721111734852983
0.000131291515418566 -0.272112445277129
0.000132604430572752 -0.2721137258082506
0.000133930474878479 -0.2721150150854376
0.000135269779627264 -0.2721163131138933
0.000136622477423537 -0.2721176198972004
0.000137988702197772 -0.2721189354372665
0.00013936858921975 -0.2721202597342858
0.000140762275111947 -0.2721215927866684
0.000142169897863067 -0.2721229345909985
0.000143591596841697 -0.2721242851419747
0.000145027512810114 -0.2721256444323619
0.000146477787938216 -0.2721270124529189
0.000147942565817598 -0.2721283891923491
0.000149421991475774 -0.2721297746372353
0.000150916211390531 -0.2721311687719859
0.000152425373504437 -0.2721325715787594
0.000153949627239481 -0.2721339830374038
0.000155489123511876 -0.2721354031253972
0.000157044014746995 -0.2721368318177667
0.000158614454894465 -0.2721382690870335
0.000160200599443409 -0.2721397149031304
0.000161802605437843 -0.2721411692333249
0.000163420631492222 -0.2721426320421638
0.000165054837807144 -0.272144103291378
0.000166705386185215 -0.2721455829398085
0.000168372440047068 -0.2721470709433367
0.000170056164447538 -0.2721485672547849
0.000171756726092014 -0.2721500718238516
0.000173474293352934 -0.2721515845970065
0.000175209036286463 -0.2721531055174227
0.000176961126649328 -0.2721546345248719
0.000178730737915821 -0.2721561715556385
0.000180518045294979 -0.272157716542425
0.000182323225747929 -0.2721592694142541
0.000184146458005408 -0.2721608300963773
0.000185987922585462 -0.2721623985101693
0.000187847801811317 -0.2721639745730205
0.00018972627982943 -0.2721655581982427
0.000191623542627725 -0.2721671492949526
0.000193539778054002 -0.2721687477679708
0.000195475175834542 -0.2721703535177003
0.000197429927592887 -0.2721719664400156
0.000199404226868816 -0.2721735864261501
0.000201398269137504 -0.272175213362563
0.000203412251828879 -0.2721768471308358
0.000205446374347168 -0.2721784876075257
0.00020750083809064 -0.2721801346640544
0.000209575846471546 -0.2721817881665644
0.000211671604936262 -0.2721834479757942
0.000213788320985624 -0.2721851139469373
0.000215926204195481 -0.2721867859294991
0.000218085466237435 -0.2721884637671582
0.00022026632089981 -0.2721901472976135
0.000222468984108808 -0.2721918363524505
0.000224693673949896 -0.2721935307569602
0.000226940610689395 -0.2721952303300086
0.000229210016796289 -0.2721969348838679
0.000231502116964252 -0.2721986442240474
0.000233817138133894 -0.2722003581491335
0.000236155309515233 -0.2722020764506173
0.000238516862610385 -0.2722037989127223
0.000240902031236489 -0.2722055253122331
0.000243311051548854 -0.2722072554183441
0.000245744162064343 -0.2722089889926263
0.000248201603684986 -0.2722107257975291
0.000250683619721836 -0.2722124655457719
0.000253190455919054 -0.2722142080105346
0.000255722360478245 -0.2722159529057292
0.000258279584083027 -0.2722176999510602
0.000260862379923858 -0.2722194488568571
0.000263471003723096 -0.2722211993241452
0.000266105713760327 -0.2722229510444617
0.00026876677089793 -0.2722247036996571
0.00027145443860691 -0.2722264569616525
0.000274168982992979 -0.2722282104921993
0.000276910672822909 -0.2722299639426522
0.000279679779551138 -0.2722317172519645
0.000282476577346649 -0.2722334694533235
0.000285301343120116 -0.2722352204637292
0.000288154356551317 -0.2722369698903827
0.00029103590011683 -0.2722387173288251
0.000293946259117998 -0.2722404623625955
0.000296885721709178 -0.2722422045629966
0.00029985457892627 -0.2722439434887967
0.000302853124715533 -0.2722456786859318
0.000305881655962688 -0.2722474096871987
0.000308940472522315 -0.2722491360119582
0.000312029877247538 -0.2722508571658092
0.000315150176020014 -0.2722525726402461
0.000318301677780214 -0.2722542819123005
0.000321484694558016 -0.2722559844440408
0.000324699541503596 -0.2722576796814612
0.000327946536918632 -0.2722593670460556
0.000331226002287818 -0.2722610460495997
0.000334538262310697 -0.2722627159140549
0.000337883644933803 -0.2722643761421927
0.000341262481383142 -0.2722660260795627
0.000344675106196973 -0.2722676650737335
0.000348121857258943 -0.2722692924560176
0.000351603075831532 -0.2722709075399934
0.000355119106589847 -0.2722725096208728
0.000358670297655746 -0.2722740979750198
0.000362257000632303 -0.2722756718595101
0.000365879570638626 -0.2722772305116805
0.000369538366345013 -0.2722787731486778
0.000373233750008463 -0.2722802989670062
0.000376966087508547 -0.2722818071420527
0.000380735748383633 -0.2722832968276213
0.000384543105867469 -0.2722847671554401
0.000388388536926144 -0.2722862172346734
0.000392272422295405 -0.2722876461514094
0.00039619514651836 -0.2722890529681591
0.000400157097983543 -0.2722904367233067
0.000404158668963379 -0.2722917964306015
0.000408200255653012 -0.2722931306958241
0.000412282258209542 -0.2722944392477357
0.000416405080791638 -0.2722957206395873
0.000420569131599554 -0.272296973780929
0.00042477482291555 -0.2722981975538118
0.000429022571144705 -0.2722993908121705
0.000433312796856152 -0.2723005523812133
0.000437645924824714 -0.2723016810567907
0.000442022384072961 -0.2723027756047419
0.000446442607913691 -0.2723038347602474
0.000450907033992828 -0.2723048572271629
0.000455416104332756 -0.2723058416773131
0.000459970265376083 -0.2723067867498171
0.000464569968029844 -0.2723076910503634
0.000469215667710143 -0.2723085531504909
0.000473907824387244 -0.272309371586833
0.000478646902631117 -0.2723101448603913
0.000483433371657428 -0.2723108714357226
0.000488267705374002 -0.2723115497401913
0.000493150382427742 -0.2723121781631474
0.0004980818862520199 -0.2723127550551139
0.00050306270511454 -0.2723132787269446
0.000508093332165685 -0.2723137474489911
0.000513174265487342 -0.2723141594502074
0.000518306008142215 -0.2723145129173026
0.0005234890682236369 -0.2723148059938019
0.000528723958905874 -0.2723150367791473
0.000534011198494933 -0.272315203327763
0.000539351310479882 -0.2723153036480775
0.000544744823584681 -0.2723153357015811
0.000550192271820528 -0.2723152974017984
0.000555694194538733 -0.2723151866133008
0.00056125113648412 -0.2723150011506612
0.000566863647848961 -0.2723147387774029
0.000572532284327451 -0.2723143972049266
0.000578257607170726 -0.2723139740914116
0.000584040183242433 -0.2723134670406902
0.000589880585074857 -0.2723128736011134
0.000595779390925606 -0.2723121912643373
0.000601737184834862 -0.2723114174640937
0.00060775455668321 -0.2723105495747806
0.000613832102250043 -0.272309584909632
0.000619970423272543 -0.2723085207167583
0.000626170127505268 -0.2723073545123723
0.000632431828780321 -0.2723060825267355
0.000638756147068124 -0.2723047031220035
0.000645143708538805 -0.2723032117439728
0.0006515951456241939 -0.2723016065249466
0.000658111097080435 -0.2722998839952574
0.00066469220805124 -0.2722980407494517
0.000671339130131752 -0.2722960737468327
0.00067805252143307 -0.2722939795135298
0.0006848330466474 -0.2722917546224708
0.000691681377113875 -0.2722893955631563
0.000698598190885013 -0.2722868987459754
0.000705584172793863 -0.2722842605012651
0.000712640014521802 -0.2722814770778276
0.00071976641466702 -0.2722785446413578
0.00072696407881369 -0.2722754592727918
0.000734233719601827 -0.272272216966626
0.000741576056797845 -0.27226881362921
0.000748991817365824 -0.2722652450770079
0.000756481735539482 -0.2722615070348102
0.000764046552894877 -0.2722575951339559
0.000771687018423826 -0.2722535049104778
0.000779403888608064 -0.2722492318032512
0.000787197927494145 -0.2722447711520903
0.000795069906769086 -0.2722401181958334
0.000803020605836777 -0.2722352680703723
0.000811050811895145 -0.2722302158085194
0.000819161320014096 -0.2722249563306007
0.000827352933214237 -0.2722194844534703
0.00083562646254638 -0.272213794881033
0.000843982727171843 -0.2722078822039933
0.0008524225544435619 -0.2722017408976891
0.000860946779987997 -0.2721953653198982
0.000869556247787878 -0.2721887497758414
0.000878251810265756 -0.27218188824696
0.000887034328368414 -0.2721747747922101
0.000895904671652098 -0.2721674032765992
0.000904863718368619 -0.2721597674361236
0.000913912355552305 -0.2721518608753931
0.000923051479107828 -0.2721436770651819
0.0009322819938989071 -0.27213520934
0.000941604813837896 -0.2721264508955801
0.000951020861976275 -0.2721173947863888
0.000960531070596037 -0.272108033923117
0.000970136381301998 -0.2720983610702555
0.000979837745115018 -0.2720883688439617
0.0009896361225661681 -0.2720780497114521
0.00099953248379183 -0.2720673960014309
0.00100952780862975 -0.2720563996382979
0.00101962308671605 -0.2720450529161054
0.00102981931758321 -0.2720333476661419
0.00104011751075904 -0.2720212754031515
0.00105051868586663 -0.2720088276474607
0.00106102387272529 -0.2719959957280926
0.00107163411145255 -0.2719827707935639
0.00108235045256707 -0.2719691438135847
0.00109317395709274 -0.2719551055766956
0.00110410569666367 -0.2719406466873697
0.00111514675363031 -0.2719257575629707
0.00112629822116661 -0.2719104284306014
0.00113756120337828 -0.2718946493239194
0.00114893681541206 -0.271878410079879
0.00116042618356618 -0.271861700335455
0.00117203044540184 -0.2718445095243051
0.00118375074985586 -0.2718268268734035
0.00119558825735442 -0.2718086413996421
0.00120754413992796 -0.2717899419064037
0.00121961958132724 -0.2717707169801241
0.00123181577714052 -0.2717509549870048
0.00124413393491192 -0.27173064407061
0.00125657527426104 -0.271709772165703
0.00126914102700365 -0.2716883268260493
0.00128183243727369 -0.2716662956992895
0.00129465076164642 -0.2716436658812917
0.00130759726926289 -0.271620424351539
0.00132067324195552 -0.2715965578309362
0.00133387997437507 -0.271572052788849
0.00134721877411882 -0.2715468954401202
0.00136069096186001 -0.2715210717413319
0.00137429787147861 -0.271494567386887
0.0013880408501934 -0.2714673678050634
0.00140192125869533 -0.271439458154154
0.00141594047128228 -0.2714108233190705
0.00143009987599511 -0.27138144791108
0.00144440087475506 -0.2713513163223272
0.00145884488350261 -0.2713204121631131
0.00147343333233764 -0.2712887198313718
0.00148816766566101 -0.2712562224097901
0.00150304934231762 -0.2712229030883112
0.0015180798357408 -0.2711887447136893
0.00153326063409821 -0.2711537298191941
0.00154859324043919 -0.271117840638185
0.00156407917284358 -0.271081059039025
0.00157971996457202 -0.2710433666120055
0.00159551716421774 -0.2710047446034851
0.00161147233585991 -0.2709651739262695
0.00162758705921851 -0.2709246351545737
0.0016438629298107 -0.2708831085189306
0.00166030155910881 -0.2708405739152445
0.00167690457469989 -0.2707970108424523
0.00169367362044689 -0.2707523984827369
0.00171061035665136 -0.2707067156389029
0.00172771646021787 -0.2706599406393794
0.00174499362482005 -0.2706120517474859
0.00176244356106825 -0.2705630265325714
0.00178006799667894 -0.2705128422832132
0.00179786867664573 -0.2704614759678191
0.00181584736341218 -0.2704089039096311
0.0018340058370463 -0.2703551022765824
0.00185234589541677 -0.2703000467377419
0.00187086935437094 -0.2702437125421099
0.00188957804791465 -0.2701860745129758
0.00190847382839379 -0.2701271070482243
0.00192755856667773 -0.2700667844517473
0.00194683415234451 -0.2700050787966653
0.00196630249386795 -0.2699419648762279
0.00198596551880663 -0.2698774144751727
0.0020058251739947 -0.269811399750451
0.00202588342573464 -0.2697438921836756
0.00204614225999199 -0.2696748631979229
0.00206660368259191 -0.2696042831711795
0.00208726971941783 -0.2695321222634939
0.00210814241661201 -0.2694583500599437
0.00212922384077813 -0.2693829356105257
0.00215051607918591 -0.2693058474211568
0.00217202123997777 -0.2692270534425709
0.00219374145237755 -0.2691465210584917
0.00221567886690132 -0.2690642170732546
0.00223783565557034 -0.2689801076988474
0.00226021401212604 -0.2688941585414205
0.0022828161522473 -0.2688063345871597
0.00230564431376977 -0.2687166001880528
0.00232870075690747 -0.2686249190445088
0.00235198776447654 -0.268531254192233
0.00237550764212131 -0.2684355679833552
0.00239926271854252 -0.2683378220674675
0.00242325534572795 -0.2682379776095113
0.00244748789918523 -0.2681359939528896
0.00247196277817708 -0.2680318318662628
0.00249668240595885 -0.2679254488481257
0.00252164923001844 -0.2678168033362803
0.00254686572231862 -0.2677058522303252
0.00257233437954181 -0.2675925517137857
0.00259805772333723 -0.2674768570970972
0.0026240383005706 -0.2673587227912323
0.00265027868357631 -0.2672381022802201
0.00267678147041207 -0.2671149480924847
0.00270354928511619 -0.2669892110198964
0.00273058477796735 -0.2668608430940527
0.00275789062574703 -0.2667297930372843
0.0027854695320045 -0.2665960092446314
0.00281332422732454 -0.2664594389869557
0.00284145746959779 -0.2663200283840379
0.00286987204429376 -0.2661777223542922
0.0028985707647367 -0.2660324642536292
0.00292755647238407 -0.2658841976907886
0.00295683203710791 -0.2657328628427676
0.00298640035747899 -0.265578398446064
0.00301626436105378 -0.2654207444599485
0.00304642700466432 -0.2652598371356172
0.00307689127471096 -0.2650956119019331
0.00310766018745807 -0.2649280024854152
0.00313873678933265 -0.2647569410604094
0.00317012415722598 -0.2645823581279838
0.00320182539879824 -0.2644041824599307
0.00323384365278622 -0.2642223410397066
0.00326618208931408 -0.264036759049423
0.00329884391020722 -0.2638473596148903
0.00333183234930929 -0.2636540639530557
0.00336515067280239 -0.2634567914162023
0.00339880217953041 -0.2632554590434399
0.00343279020132572 -0.2630499863489376
0.00346711810333897 -0.2628402719735561
0.00350178928437236 -0.2626262403708632
0.00353680717721609 -0.2624077947258731
0.00357217524898825 -0.2621848405001353
0.00360789700147813 -0.2619572805980978
0.00364397597149291 -0.2617250152931475
0.00368041573120784 -0.2614879427720386
0.00371721988851992 -0.2612459565593659
0.00375439208740512 -0.2609989491961774
0.00379193600827917 -0.2607468097021126
0.00382985536836196 -0.260489423964116
0.00386815392204558 -0.2602266740553074
0.00390683546126603 -0.2599584404313854
0.0039459038158787 -0.2596845999252451
0.00398536285403748 -0.2594050247003795
0.00402521648257786 -0.2591195845660463
0.00406546864740364 -0.2588281456842945
0.00410612333387767 -0.2585305700459805
0.00414718456721645 -0.2582267170251746
0.00418865641288861 -0.2579164414399662
0.0042305429770175 -0.2575995944887501
0.00427284840678767 -0.257276023932899
0.00431557689085555 -0.2569455728832938
0.00435873265976411 -0.2566080807096
0.00440231998636175 -0.2562633835351674
0.00444634318622536 -0.2559113130995895
0.00449080661808762 -0.2555516951101189
0.00453571468426849 -0.2551843550408395
0.00458107183111118 -0.2548091066946019
0.00462688254942229 -0.254425772229127
0.00467315137491651 -0.2540341569756627
0.00471988288866568 -0.2536340685539978
0.00476708171755234 -0.2532253189298437
0.00481475253472786 -0.2528076804381962
0.00486290006007514 -0.2523809696834684
0.00491152906067589 -0.2519449660801092
0.00496064435128265 -0.2514994632854149
0.00501025079479548 -0.251044237618505
0.00506035330274343 -0.2505790641100412
0.00511095683577087 -0.2501037208568146
0.00516206640412858 -0.2496179751761697
0.00521368706816986 -0.2491215951884417
0.00526582393885156 -0.2486143380253117
0.00531848217824008 -0.2480959693423078
0.00537166700002248 -0.2475662418609411
0.0054253836700227 -0.2470249096860697
0.00547963750672293 -0.2464717218337044
0.00553443388179016 -0.2459064019510547
0.00558977822060806 -0.2453287421849429
0.00564567600281414 -0.2447384624007121
0.00570213276284228 -0.2441353020317756
0.0057591540904707 -0.2435190026939487
0.00581674563137541 -0.2428892954571377
0.00587491308768917 -0.2422459441620277
0.00593366221856606 -0.2415886076019271
0.00599299884075172 -0.2409171017113289
0.00605292882915924 -0.2402311345044599
0.00611345811745083 -0.2395304371720104
0.00617459269862534 -0.2388147498969942
0.00623633862561159 -0.2380838056638639
0.00629870201186771 -0.2373373485296184
0.00636168903198638 -0.2365751044379504
0.00642530592230625 -0.2357968274138219
0.00648955898152931 -0.2350022557971855
0.0065544545713446 -0.2341911414369436
0.00661999911705805 -0.2333632355081731
0.00668619910822863 -0.2325182864669699
0.00675306109931092 -0.2316560618430568
0.00682059171030403 -0.2307764313858434
0.00688879762740707 -0.2298788310555367
0.00695768560368114 -0.2289633636693788
0.00702726245971795 -0.2280297027369643
0.00709753508431513 -0.2270776377310915
0.00716851043515828 -0.2261069603106108
0.00724019553950986 -0.2251174989565936
0.00731259749490496 -0.2241090575760032
0.00738572346985401 -0.2230813018408998
0.00745958070455255 -0.2220342761365354
0.00753417651159808 -0.2209677002952959
0.00760951827671406 -0.219881437596959
0.0076856134594812 -0.2187753376736279
0.00776246959407601 -0.2176492576195237
0.00784009429001677 -0.2165030998530388
0.00791849523291694 -0.2153366823050132
0.00799768018524611 -0.2141499311897086
0.00807765698709857 -0.2129427399371723
0.00815843355696956 -0.2117150241087257
0.00824001789253925 -0.2104666612514595
0.00832241807146464 -0.209197650255347
0.008405642252179289 -0.2079078952211356
0.00848969867470108 -0.2065973472071788
0.0085745956614481 -0.205265948933238
0.008660341618062581 -0.2039137053378874
0.008746945034243199 -0.2025405802478452
0.008834414484585631 -0.201146545252407
0.008922758629431491 -0.1997316065328223
0.0090119862157258 -0.1982957694842633
0.00910210607788306 -0.1968390406243708
0.00919312713866189 -0.1953614555330573
0.00928505841004851 -0.1938630384117496
0.009377908994149 -0.1923438231003093
0.00947168808409049 -0.1908038545338079
0.009566404964931391 -0.1892431788546836
0.00966206901458071 -0.1876618593938214
0.009758689704726511 -0.1860599546927365
0.009856276601773781 -0.1844375280307534
0.00995483936779152 -0.1827946498824618
0.0100543877614694 -0.1811314034606688
0.0101549316390841 -0.1794478883986547
0.010256480955475 -0.1777441260675282
0.0103590457650297 -0.1760202312933137
0.01046263622268 -0.1742762909370566
0.0105672625849068 -0.1725123868362465
0.0106729352107559 -0.1707286098709618
0.0107796645628634 -0.1689250426202562
0.0108874612084921 -0.1671017771720892
0.010996335820577 -0.1652588985347144
0.0111062991787828 -0.1633964605129761
0.0112173621705706 -0.1615146045260247
0.0113295357922763 -0.1596133827993094
0.0114428311501991 -0.157692873481437
0.0115572594617011 -0.155753152859013
0.0116728320563181 -0.1537942911875355
0.0117895603768812 -0.1518163592651509
0.0119074559806501 -0.1498194165635857
0.0120265305404566 -0.1478035292125003
0.0121467958458611 -0.1457687508680586
0.0122682638043197 -0.1437151285005279
0.0123909464423629 -0.141642716462685
0.0125148559067866 -0.1395515473163345
0.0126400044658544 -0.1374416676016362
0.012766404510513 -0.1353131020183278
0.0128940685556181 -0.1331658624904201
0.0130230092411743 -0.1309999839446288
0.013153239333586 -0.1288154765090163
0.0132847717269219 -0.1266123412155215
0.0134176194441911 -0.1243906047145343
0.013551795638633 -0.1221502432504834
0.0136873135950193 -0.1198912367509828
0.0138241867309695 -0.1176136077276768
0.0139624285982792 -0.1153173157134334
0.014102052884262 -0.1130023373365123
0.0142430734131046 -0.1106686523570714
0.0143855041472357 -0.1083162204656387
0.014529359188708 -0.1059450103111989
0.0146746527805951 -0.1035549562107998
0.0148213993084011 -0.1011460468059712
0.0149696133014851 -0.0987182156999023
0.0151193094344999 -0.09627140614531757
0.0152705025288449 -0.09380556078927188
0.0154232075541334 -0.0913206166048211
0.0155774396296747 -0.08881651038204336
0.0157332140259715 -0.08629316555161869
0.0158905461662312 -0.08375052382115007
0.0160494516278935 -0.08118850139771951
0.0162099461441724 -0.07860702334929136
0.0163720456056142 -0.07600601333314098
0.0165357660616703 -0.07338538331815352
0.016701123722287 -0.07074504823389634
0.0168681349595099 -0.06808493200800948
0.017036816309105 -0.06540493974480072
0.017207184472196 -0.06270498419593704
0.017379256316918 -0.05998497428086939
0.0175530488800872 -0.05724483049127806
0.017728579368888 -0.05448440916464484
0.0179058651625769 -0.05170367440174522
0.0180849238142027 -0.04890250689356548
0.0182657730523447 -0.04608081162372854
0.0184484307828682 -0.04323848621030193
0.0186329150906968 -0.04037543737085356
0.0188192442416038 -0.0374915614566969
0.0190074366840199 -0.03458676567921366
0.0191975110508601 -0.03166094162270963
0.0193894861613687 -0.02871398871612858
0.0195833810229823 -0.02574581386723534
0.0197792148332122 -0.02275630745958062
0.0199770069815443 -0.01974536923193146
0.0201767770513597 -0.01671289877991441
0.0203785448218733 -0.01365879474030935
0.0205823302700921 -0.01058295522378742
0.020788153572793 -0.007485281900856279
0.0209960351085209 -0.004365661774455304
0.0212059954596061 -0.001224013968935498
0.0214180554142022 0.001939765189969078
0.0216322359683442 0.005125779518304102
0.0218485583280276 0.008334117088785805
0.0220670439113079 0.01156486420650291
0.022287714350421 0.01481812740948189
0.0225105914939252 0.01809398145399268
0.0227356974088645 0.02139250989284943
0.0229630543829531 0.02471379093757781
0.0231926849267826 0.02805789764368957
0.0234246117760505 0.03142489752524245
0.023658857893811 0.03481483186285966
0.0238954464727491 0.03822778971111505
0.0241344009374766 0.04166378661041211
0.0243757449468513 0.04512285922194013
0.0246195023963198 0.04860501081446763
0.024865697420283 0.05211029502978208
0.0251143543944859 0.05563865493434317
0.0253654979384307 0.05919006486128753
0.025619152917815 0.06276451620139246
0.0258753444469932 0.06636191043397879
0.0261340978914631 0.06998216833328723
0.0263954388703778 0.07362515048633922
0.0266593932590815 0.07729072392428527
0.0269259871916724 0.08097869573418649
0.0271952470635891 0.08468885105360406
0.027467199534225 0.08842089919161102
0.0277418715295672 0.09217455599159095
0.0280192902448629 0.0959494428096008
0.0282994831473115 0.09974513203882474
0.0285824779787846 0.1035611392912793
0.0288683027585725 0.1073969050931547
0.0291569857861582 0.1112517886655877
0.0294485556440198 0.1151250728351937
0.02974304120046 0.1190159259631702
0.0300404716124646 0.1229234307429142
0.0303408763285892 0.1268465535348208
0.0306442850918751 0.1307841274891425
0.0309507279427939 0.1347348336363181
0.0312602352222218 0.1386972820952593
0.031572837574444 0.1426698132304869
0.0318885659501885 0.1466506269735526
0.0322074516096904 0.1506378806934198
0.0325295261257873 0.1546292085337391
0.0328548213870451 0.1586224606026384
0.0331833696009156 0.1626148032831534
0.0335152032969248 0.1666035448212168
0.033850355329894 0.1705854695519595
0.0341888588831929 0.1745572045843676
0.0345307474720249 0.1785151708433294
0.0348760549467451 0.1824553057849476
0.0352248154962126 0.1863734630589357
0.0355770636511747 0.1902649294584331
0.0359328342876865 0.1941251626785075
0.0362921626305633 0.197948916918301
0.036655084256869 0.2017305818843579
0.0370216350994376 0.2054645902674525
0.037391851450432 0.2091451224173281
0.0377657699649363 0.2127659897039668
0.0381434276645857 0.2163208312374626
0.0385248619412316 0.2198032216361085
0.0389101105606439 0.223206672161847
0.0392992116662503 0.2265246696837598
0.0396922037829128 0.2297506355573758
0.0400891258207419 0.2328782421247037
0.0404900170789494 0.235901262075697
0.0408949172497389 0.2388137207079972
0.0413038664222363 0.241610195537521
0.0417169050864586 0.2442854168471061
0.0421340741373232 0.246834593668861
0.0425554148786964 0.2492534827292048
0.0429809690274834 0.2515390816716591
0.0434107787177582 0.2536880311952404
0.0438448865049358 0.2556981576812414
0.0442833353699852 0.2575679594759488
0.044726168723685 0.259296593521244
0.0451734304109219 0.2608839421274858
0.0456251647150311 0.2623304925664799
0.0460814163621814 0.2636374493701538
0.0465422305258032 0.2648065629697838
0.0470076528310613 0.2658402388074632
0.0474777293593719 0.2667412473613728
0.0479525066529656 0.2675129023341616
0.0484320317194952 0.2681589330271024
0.0489163520366902 0.268683333949623
0.0494055155570571 0.2690903777367058
0.0498995707126277 0.2693846179665904
0.0503985664197539 0.2695706443184162
0.0509025520839515 0.2696533622439057
0.051411577604791 0.2696374780356252
0.0519256933808389 0.2695279158828442
0.0524449503146473 0.2693295004412253
0.0529693998177938 0.2690470143689865
0.0534990938159717 0.2686851645815982
0.0540340847541314 0.2682485561278772
0.0545744256016727 0.2677416556459494
0.0551201698576895 0.2671687890877058
0.0556713715562664 0.266534159879119
0.056228085271829 0.26584176627777
0.0567903661245473 0.2650954428433913
0.0573582697857928 0.2642988555510842
0.0579318524836507 0.2634554907707568
0.0585111710084872 0.2625686629266384
0.0590962827185721 0.2616414850915539
0.0596872455457578 0.2606769066370599
0.0602841180012154 0.2596777015679832
0.0608869591812276 0.2586464746451752
0.0614958287730398 0.2575856669180497
0.0621107870607702 0.2564975279440779
0.0627318949313779 0.2553842207790652
0.0633592138806917 0.2542476966561399
0.0639928060194986 0.253089789698898
0.0646327340796936 0.2519121878829605
0.0652790614204906 0.2507164559022117
0.0659318520346955 0.2495040372239824
0.06659117055504241 0.2482762478569729
0.06725708226059279 0.2470343036044183
0.0679296530831988 0.245779311681402
0.0686089496140308 0.2445122521321015
0.0692950391101711 0.2432340628156533
0.0699879895012728 0.2419455583841737
0.0706878693962855 0.2406474826092146
0.0713947480902484 0.2393404956140756
0.0721086955711509 0.2380251909629683
0.0728297825268624 0.2367020914630071
0.073558080352131 0.2353716653090257
0.07429366115565229 0.2340343009101136
0.07503659776720881 0.2326903724713869
0.07578696374488091 0.2313401649831055
0.0765448333823297 0.2299839390696821
0.07731028171615301 0.2286219213524187
0.07808338453331461 0.227254266874672
0.0788642183786477 0.2258811425074786
0.0796528605624342 0.2245026571819801
0.08044938916805849 0.2231189008661945
0.0812538830597391 0.2217299263712838
0.0820664218903365 0.2203357779027021
0.08288708610923989 0.2189364892400888
0.08371595697033229 0.2175320669497977
0.0845531165400356 0.2161225016838604
0.085398647705436 0.2147077807777726
0.0862526341824903 0.2132878868404585
0.0871151605243152 0.2118627875847354
0.0879863121295584 0.2104324473833024
0.0888661752508539 0.2089968256690005
0.08975483700336249 0.2075558944928441
0.09065238537339609 0.2061096019886031
0.0915589092271301 0.2046580218801813
0.0924744983194014 0.2032009357313921
0.0933992433025954 0.2017384966383247
0.0943332357356213 0.200270534089126
0.0952765680929776 0.1987972058381998
0.0962293337739073 0.1973183679134892
0.0971916271116464 0.1958340893635716
0.0981635433827629 0.19434433147244
0.0991451788165905 0.1928491832430969
0.100136630604756 0.1913486320766748
0.101137996910804 0.1898427313061319
0.102149376879912 0.1883315346056571
0.103170870648711 0.1868150940275527
0.104202579355198 0.1852934765842343
0.10524460514875 0.1837667663369716
0.106297051200238 0.1822350417923397
0.10736002171224 0.1806984040715012
0.108433621929363 0.179156933970932
0.109517958148656 0.1776107918873326
0.110613137730143 0.1760600355493613
0.111719269107444 0.1745048084739475
0.112836461798519 0.172945235271058
0.113964826416504 0.1713814442659662
0.115104474680669 0.1698135649127661
0.116255519427476 0.1682417295126875
0.11741807462175 0.1666660861209726
0.118592255367968 0.1650867582890052
0.119778177921647 0.1635039074075867
0.120975959700864 0.1619176435489268
0.122185719297873 0.1603280827731969
0.123407576490851 0.1587354034588805
0.12464165225576 0.1571397165530914
0.125888068778317 0.1555411331349455
0.127146949466101 0.1539397807913538
0.128418418960762 0.1523357767212402
0.129702603150369 0.1507292226668407
0.130999629181873 0.1491202005763364
0.132309625473692 0.1475088467201413
0.133632721728429 0.1458952073572793
0.134969048945713 0.1442793689736156
0.13631873943517 0.1426613954232329
0.137681926829522 0.1410413480948584
0.139058746097817 0.1394192700692122
0.140449333558795 0.1377952032480262
0.141853826894383 0.1361691746431679
0.143272365163327 0.1345412140211196
0.14470508881496 0.132911279054978
0.14615213970311 0.1312794216518062
0.147613661100141 0.1296456109508746
0.149089797711142 0.1280098209675255
0.150580695688254 0.1263720195992496
0.152086502645136 0.1247321475275435
0.153607367671588 0.1230901957080607
0.155143441348303 0.12144606994554
0.156694875761787 0.1197996785509068
0.158261824519404 0.1181509751899409
0.159844442764598 0.1164998594452911
0.161442887192244 0.1148462311971805
0.163057316064167 0.1131899899006399
0.164687889224809 0.1115310172863774
0.166334768117057 0.1098691990992551
0.167998115798227 0.1082044021678041
0.169678096956209 0.1065365016883261
0.171374877925772 0.1048653542169822
0.173088626705029 0.1031908199147482
0.17481951297208 0.1015127480637272
0.1765677081018 0.09983098700671431
0.178333385182818 0.09814537950714203
0.180116719034647 0.09645576763952737
0.181917886224993 0.09476199137335363
0.183737065087243 0.09306388185918057
0.185574435738115 0.09136127830506191
0.187430180095497 0.08965401785434034
0.189304481896452 0.08794193835518327
0.191197526715416 0.08622488662283387
0.19310950198257 0.08450272722114199
0.195040597002396 0.08277537337126205
0.19699100297242 0.08104269383575285
0.198960913002144 0.07930713086821814
0.200950522132166 0.07755719517064515
0.202960027353487 0.07580063290077027
0.204989627627022 0.07404172065891193
0.207039523903292 0.07227637628280142
0.209109919142325 0.07050461421347844
0.211201018333748 0.06872612960539032
0.213313028517086 0.06694068579247833
0.215446158802257 0.0651480661791982
0.217600620390279 0.06334807038048659
0.219776626594182 0.06154049838091324
0.221974392860124 0.05972515250415176
0.224194136788725 0.05790184014364597
0.226436078156613 0.05607036789837313
0.228700438938179 0.0542305430159257
0.23098744332756 0.05238217344263715
0.233297317760836 0.05052506431593888
0.235630290938444 0.04865902334096502
0.237986593847829 0.04678385559780826
0.240366459786307 0.04489936591627449
0.24277012438417 0.04300535607886767
0.245197825628012 0.04110162670042711
0.247649803884292 0.03918797937794414
0.250126301923135 0.03726421271270297
0.252627564942366 0.03533012029075014
0.25515384059179 0.03338549535536979
0.257705378997708 0.03143013275876364
0.260282432787685 0.02946381557860891
0.262885257115562 0.0274863425893081
0.265514109686717 0.02549748648995656
0.268169250783585 0.02349703199391064
0.27085094329142 0.02148476181443437
0.273559452724335 0.01946044624951574
0.276295047251578 0.01742386031195289
0.279057997724094 0.01537477710670442
0.281848577701335 0.01331296160005591
0.284667063478348 0.01123818135401373
0.287513734113132 0.009150194717433885
0.290388871454263 0.00704876255976843
0.293292760168805 0.00493363852565916
0.296225687770494 0.002804582056407895
0.299187944648198 0.0006613422771441859
0.30217982409468 -0.001496333575175034
0.305201622335627 -0.003668693031292518
0.308253638558984 -0.005856005257122159
0.311336174944573 -0.008058514311566718
0.314449536694019 -0.0102764881291781
0.317594032060959 -0.01251017787926152
0.320769972381569 -0.01475985494067069
0.323977672105385 -0.01702578978683589
0.327217448826438 -0.01930823579274683
0.330489623314703 -0.02160745538456673
0.33379451954785 -0.02392372999209177
0.337132464743328 -0.0262573134279371
0.340503789390762 -0.02860848580204195
0.343908827284669 -0.03097750410985922
0.347347915557516 -0.03336464023253322
0.350821394713091 -0.0357701609745968
0.354329608660222 -0.0381943321744034
0.357872904746824 -0.0406374257655285
0.361451633794292 -0.04309970444021495
0.365066150132235 -0.04558142915863268
0.368716811633558 -0.04808287198308097
0.372403979749893 -0.05060428771904501
0.376128019547392 -0.05314594985624629
0.379889299742866 -0.05570811278067932
0.383688192740295 -0.05829103899934868
0.387525074667698 -0.06089498995160753
0.391400325414375 -0.06352023234509498
0.395314328668518 -0.06616701180762026
0.399267471955204 -0.06883560794997795
0.403260146674756 -0.07152626587660935
0.407292748141503 -0.07423925829029554
0.411365675622918 -0.07697483523441881
0.415479332379147 -0.07973326771907008
0.419634125702939 -0.08251481792102827
0.423830466959968 -0.08531975070646494
0.428068771629568 -0.08814833515950087
0.432349459345864 -0.09100084337202149
0.436672953939322 -0.09387754787970462
0.441039683478716 -0.09677872507813139
0.445450080313503 -0.09970465194835364
0.449904581116638 -0.10265562082247
0.454403626927804 -0.1056319114989881
0.458947663197082 -0.1086338231151313
0.463537139829053 -0.1116616399629682
0.468172511227344 -0.1147156767716045
0.472854236339617 -0.1177962347891987
0.477582778703013 -0.1209036249057666
0.482358606490043 -0.1240381619907448
0.487182192554944 -0.1272001722937005
0.492054014480493 -0.1303899815596343
0.496974554625298 -0.1336079239711883
0.501944300171551 -0.1368543311269577
0.506963743173267 -0.1401295472901751
0.512033380604999 -0.1434339181624375
0.517153714411049 -0.1467678005981958
0.52232525155516 -0.1501315434356726
0.527548504070711 -0.1535255121143546
0.532823989111418 -0.1569500685637868
0.538152229002533 -0.1604055841750903
0.543533751292558 -0.1638924271193991
0.548969088805484 -0.1674109768332393
0.554458779693538 -0.1709616116803065
0.560003367490474 -0.1745447137181683
0.565603401165378 -0.1781606681689605
0.571259435177032 -0.1818098613497087
0.576972029528803 -0.1854926862580744
0.582741749824091 -0.189209534409556
0.588569167322331 -0.1929607936821328
0.5944548589955549 -0.1967468775160809
0.60039940758551 -0.2005681764639685
0.606403401661365 -0.2044251106487872
0.612467435677979 -0.2083180535213531
0.618592110034759 -0.2122474350474158
0.624778031135106 -0.2162136531380575
0.631025811446457 -0.2202171290507179
0.637336069560922 -0.224258290971441
0.643709430256531 -0.2283375170159422
0.650146524559097 -0.2324552386655432
0.656647989804688 -0.2366119112283953
0.663214469702734 -0.2408079360914461
0.669846614399762 -0.2450437545675761
0.6765450805437589 -0.2493197951195297
0.6833105313491969 -0.2536364885684654
0.690143636662689 -0.2579943146746396
0.697045073029316 -0.2623936806183806
0.704015523759609 -0.2668350641451284
0.711055678997205 -0.2713189120960889
0.718166235787177 -0.2758456953783495
0.725347898145049 -0.2804158731312123
0.732601377126499 -0.2850299411688055
0.739927390897764 -0.2896883981973039
0.747326664806742 -0.2943917011839173
0.7547999314548089 -0.2991403563189522
0.762347930769357 -0.3039348691716194
0.7699714100770511 -0.3087757523176033
0.777671124177822 -0.3136635229918059
0.7854478354195999 -0.3185987018489286
0.793302313773796 -0.3235818235140968
0.801235336911534 -0.3286134156703783
0.809247690280649 -0.3336940177447909
0.817340167183456 -0.3388241701422003
0.82551356885529 -0.3440044156458127
0.833768704543843 -0.3492352954200815
0.842106391589282 -0.3545173630124764
0.8505274555051739 -0.3598511182135594
0.8547800927827 -0.3625442669869105
0.859032730060226 -0.3652371334897153
0.863327893710527 -0.3679566572902921
0.867623057360828 -0.3706759066479627
0.871961172647633 -0.3734220677753951
0.874130230291035 -0.3747950470447971
0.876299287934437 -0.3761679459299913
0.878490036154273 -0.3775545021361887
0.880680784374109 -0.3789409922241953
0.882871532593945 -0.3803274003301277
0.885062280813781 -0.3817137368336271
0.887274936515815 -0.3831138591031768
0.88948759221785 -0.3845139031994668
0.891700247919885 -0.3859138678435944
0.893912903621919 -0.3873137511794163
0.898382468140029 -0.3901412563719503
0.902852032658138 -0.3929684161460609
0.907366292821429 -0.3958234691857873
0.91188055298472 -0.3986781302239063
0.916439955749644 -0.4015609127245187
0.920999358514567 -0.4044432515599171
0.92560435530714 -0.4073539217247197
0.930209352099712 -0.4102640794596518
0.93951144562071 -0.4161408354018288
0.948906560076917 -0.4220737114157487
0.958395625677686 -0.4280627371676454
0.967979581934463 -0.4341078753466097
0.977659377753807 -0.4402089452539732
0.987435971531345 -0.4463655804341225
0.997310331246659 -0.4525772430550163
1.00728343455913 -0.4588431334431936
1.01735626890472 -0.465162180390232
1.02752983159376 -0.4715329476828145
1.0378051299097 -0.4779535102324545
1.0481831812088 -0.4844213859531021
1.05866501302089 -0.4909334344728427
1.0692516631511 -0.4974855487534343
1.07994417978261 -0.5040724893345909
1.09074362158043 -0.5106874565053632
1.10165105779624 -0.5173213962818478
1.1126675683742 -0.5239625370114211
1.12379424405794 -0.5305949935860822
1.13503218649852 -0.5371970184708683
1.14638250836351 -0.5437381447709874
1.15784633344714 -0.5501743866347152
1.16942479678161 -0.5564397944573422
1.18111904474943 -0.562430776456045
1.19293023519692 -0.5679742646776144
1.20485953754889 -0.5727571526339743
1.21690813292438 -0.5761480048703553
1.22299267358901 -0.5769271464952432
1.22907721425363 -0.5766802875366031
1.23522260032489 -0.5748289856443171
1.24136798639616 -0.570465240762255
1.24447140636215 -0.5669394126703712
1.24757482632814 -0.5623678936962726
1.25067824629413 -0.5567584815427473
1.25378166626012 -0.5502817286125309
1.25534889334295 -0.5467734611013446
1.25691612042577 -0.5431625938553452
1.26005057459142 -0.5357912087795496
1.26318502875707 -0.5284286196712563
1.26631948292272 -0.521240534566445
1.26948528163003 -0.5142462172718273
1.27265108033733 -0.5075552882041031
1.27581687904464 -0.5011739103379836
1.27898267775195 -0.4950925743744909
1.28218013444633 -0.4892378196730995
1.28537759114071 -0.4836517934537798
1.29177250452947 -0.4732055659719335
1.29823136705212 -0.4635119788907728
1.30469022957477 -0.4545511635433045
1.31121368072264 -0.4461376275516932
1.31773713187051 -0.4382771613488043
1.32432581752987 -0.4308274358880236
1.33091450318922 -0.4238100586882702
1.33756907570517 -0.4171112619126554
1.34422364822111 -0.4107610030681064
1.35094476646222 -0.4046648475907467
1.35766588470332 -0.398856870742622
1.36445421412684 -0.3932563269377667
1.37124254355036 -0.3878988917317217
1.38495496898586 -0.3777380100005184
1.39880451867572 -0.3682587078718079
1.41279256386247 -0.3593707329431242
1.4269204895011 -0.3510010155040755
1.44118969439611 -0.343090019576264
1.45560159134007 -0.3355884021954199
1.47015760725347 -0.3284547769580523
1.48485918332601 -0.3216540437616294
1.49970777515927 -0.3151561414877412
1.51470485291086 -0.3089351137223516
1.52985190143997 -0.3029683728491971
1.54515042045437 -0.2972361196495163
1.56060192465891 -0.2917208949613175
1.5762079439055 -0.2864072113633612
1.59197002334456 -0.2812812684001598
1.607889723578 -0.2763306897611537
1.62396862081378 -0.271544346918965
1.64020830702192 -0.2669121821092389
1.65661039009214 -0.2624250745984895
1.67317649399306 -0.2580747189547548
1.68990825893299 -0.2538535451483296
1.70680734152232 -0.2497546003895085
1.72387541493754 -0.2457715108275659
1.74111416908692 -0.2418984040576616
1.75852531077779 -0.2381298580799269
1.77611056388557 -0.2344608553004649
1.79387166952442 -0.2308867423865953
1.81181038621967 -0.2274031927941916
1.82992849008186 -0.2240061844988308
1.84822777498268 -0.2206919550575311
1.86671005273251 -0.2174569953001723
1.88537715325983 -0.2142980187001366
1.90423092479243 -0.2112119435156771
1.92327323404036 -0.2081958761747371
1.94250596638076 -0.2052470962161773
1.96193102604457 -0.2023630420761549
1.98155033630501 -0.1995412981652105
2.00136583966806 -0.1967795854122338
2.02137949806474 -0.1940757495939182
2.04159329304539 -0.1914277524635112
2.06200922597584 -0.1888336639191548
2.0826293182356 -0.1862916536149654
2.10345561141796 -0.183799986319189
2.12449016753214 -0.1813570114808559
2.14573506920746 -0.1789611610562233
2.16719241989954 -0.1766109430238763
2.18886434409853 -0.1743049362451335
2.21075298753952 -0.1720417863936289
2.23286051741491 -0.1698202012177002
2.25518912258906 -0.1676389477391455
2.27774101381495 -0.1654968474854852
2.3005184239531 -0.1633927745150579
2.32352360819263 -0.1613256511984128
2.34675884427456 -0.1592944462051627
2.3702264327173 -0.1572981715423738
2.39392869704448 -0.1553358805163104
2.41786798401492 -0.1534066647748307
2.44204666385507 -0.151509652866404
2.46646713049362 -0.1496440078995936
2.49113180179856 -0.1478089255400014
2.51604311981654 -0.1460036336147754
2.54120355101471 -0.1442273880225159
2.56661558652486 -0.1424794741289619
2.5922817423901 -0.1407592016971055
2.618204559814 -0.1390659085729162
2.64438660541214 -0.1373989547541794
2.67083047146627 -0.1357577235882386
2.69753877618093 -0.1341416200593055
2.72451416394274 -0.1325500700803061
2.75175930558217 -0.1309825191636139
2.77927689863799 -0.1294384315807139
2.80706966762437 -0.1279172897463588
2.83514036430061 -0.1264185932766658
2.86349176794362 -0.1249418579332216
2.89212668562305 -0.123486615140861
2.92104795247928 -0.1220524116047211
2.95025843200408 -0.1206388081697625
2.97976101632412 -0.1192453791338722
3.00955862648736 -0.1178717125041378
3.03965421275223 -0.1165174081905876
3.07005075487975 -0.1151820787123688
3.10075126242855 -0.113865347835388
3.13175877505284 -0.112566850488676
3.16307636280337 -0.1112862323296508
3.1947071264314 -0.1100231491761547
3.22665419769571 -0.1087772664854065
3.25892073967267 -0.1075482595495415
3.2915099470694 -0.1063358123764552
3.32442504654009 -0.1051396178681765
3.35766929700549 -0.1039593772234583
3.39124598997555 -0.102794799846799
3.4251584498753 -0.101645602791577
3.45941003437406 -0.1005115107040298
3.4940041347178 -0.09939225538050005
3.52894417606497 -0.09828757565620025
3.56423361782562 -0.09719721704796301
3.59987595400388 -0.09612093151961315
3.63587471354392 -0.09505847727967524
3.67223346067936 -0.09400961861094519
3.70895579528615 -0.09297412563857156
3.74604535323901 -0.09195177399635097
3.7835058067714 -0.09094234490496941
3.82134086483912 -0.08994562469663898
3.85955427348751 -0.08896140489675909
3.89814981622238 -0.08798948192304958
3.93713131438461 -0.08702965681113001
3.97650262752845 -0.0860817353933709
4.01626765380374 -0.08514552782392527
4.05643033034178 -0.0842208485875012
4.09699463364519 -0.08330751635962831
4.13796457998165 -0.08240535384517376
4.17934422578146 -0.08151418766677185
4.22113766803928 -0.0806338482408879
4.26334904471967 -0.07976416967125176
4.30598253516687 -0.07890498962485172
4.34904236051854 -0.07805614922414367
4.39253278412372 -0.07721749296542327
4.43645811196496 -0.07638886859765415
4.48082269308461 -0.0755701270290286
4.52563092001545 -0.07476112225543352
4.57088722921561 -0.07396171124596536
4.61659610150777 -0.07317175387965534
4.66276206252284 -0.07239111282796984
4.70938968314807 -0.07161965354080044
4.75648357997955 -0.07085724409083705
4.80404841577935 -0.07010375518106257
4.85208889993714 -0.06935905998915452
4.90060978893651 -0.06862303418094533
4.94961588682588 -0.06789555578711909
4.99911204569414 -0.06717650516378901
5.04910316615108 -0.06646576492309636
5.09959419781259 -0.06576321988053849
5.15059013979072 -0.06506875699383981
5.20209604118862 -0.06438226531017481
5.25411700160051 -0.06370363590621042
5.30665817161651 -0.06303276184645197
5.35972475333268 -0.06236953812110925
5.41332200086601 -0.061713861609504
5.46745522087467 -0.06106563102491346
5.52212977308341 -0.06042474687322094
5.57735107081425 -0.05979111141172846
5.63312458152239 -0.05916462859827119
5.68945582733762 -0.05854520405713703
5.74635038561099 -0.05793274503868704
5.8038138894671 -0.05732716037731029
5.86185202836177 -0.05672836046052869
5.92047054864539 -0.05613625718232045
5.97967525413184 -0.05555076391870342
6.03947200667316 -0.05497179549200974
6.0998667267399 -0.05439926812724655
6.16086539400729 -0.05383309943582198
6.22247404794737 -0.05327320837501343
6.28469878842684 -0.05271951521568293
6.34754577631111 -0.05217194152371333
6.41102123407422 -0.05163041012048802
6.47513144641496 -0.051094845062868
6.53988276087911 -0.05056517161077886
6.60528158848791 -0.05004131620649261
6.67133440437278 -0.04952320644440984
6.73804774841651 -0.04901077105358406
6.80542822590068 -0.04850393986384677
6.87348250815968 -0.04800264379184151
6.94221733324128 -0.04750681481440771
7.01163950657369 -0.04701638594409947
7.08175590163943 -0.04653129121668394
7.15257346065582 -0.0460514656577807
7.22409919526238 -0.04557684527537541
7.29634018721501 -0.04510736703114863
7.36930358908716 -0.04464296882533624
7.44299662497803 -0.04418358947590872
7.51742659122781 -0.04372916870479106
7.59260085714009 -0.0432796471162752
7.66852686571149 -0.04283496617813879
7.7452121343686 -0.04239506821155957
7.82266425571229 -0.04195989636876973
7.90089089826941 -0.04152939461979214
7.97989980725211 -0.04110350773662692
8.059698805324629 -0.04068218127702816
8.14029579337787 -0.04026536157193396
8.221698751311649 -0.03985299570895361
8.30391573882477 -0.03944503151988523
8.38695489621302 -0.03904141756560979
8.47082444517515 -0.03864210312157762
8.555532689626901 -0.03824703818005669
8.64108801652317 -0.03785617340232403
8.727498896688401 -0.03746946014284164
8.81477388565529 -0.03708685041952872
8.902921624511841 -0.03670829690414686
8.99195084075696 -0.03633375291143099
9.081870349164531 -0.0359631723896769
9.172689052656169 -0.03559650990435197
9.26441594318274 -0.03523372063566041
9.357060102614559 -0.03487476035737962
9.45063070364071 -0.03451958543934153
9.54513701067712 -0.03416815282422587
9.640588380783891 -0.0338204200301762
9.736994264591729 -0.033476345131015
9.834364207237639 -0.0331358867506185
9.93270784931002 -0.03279900405702631
10.0320349278031 -0.03246565674719972
10.1323552770812 -0.03213580504582406
10.233678829852 -0.03180940969051572
10.3360156181505 -0.03148643192457145
10.439375774332 -0.03116683348941337
10.5437695320753 -0.03085057661847862
10.6492072273961 -0.03053762402850694
10.75569929967 -0.03022793890744443
10.8632562926667 -0.02992148491214332
10.9718888555934 -0.0296182261615731
11.0816077441493 -0.02931812722282762
11.1924238215908 -0.02902115311243
11.3043480598067 -0.0287272692840827
11.4173915404048 -0.02843644162162318
11.5315654558088 -0.02814863643696398
11.6468811103669 -0.02786382045890102
11.7633499214706 -0.02758196082749484
11.8809834206853 -0.02730302509166426
11.9997932548922 -0.02702698119700482
12.1197911874411 -0.02675379748397454
12.2409890993155 -0.02648344268273873
12.3633989903086 -0.02621588590264821
12.4870329802117 -0.02595109663031139
12.6119033100138 -0.02568904472428333
12.738022343114 -0.02542970040778181
12.8654025665451 -0.02517303426419728
12.9940565922106 -0.02491901723065594
13.1239971581327 -0.02466762059490412
13.255237129714 -0.02441881598911943
13.3877895010112 -0.02417257538563541
13.5216673960213 -0.0239288710898624
13.6568840699815 -0.02368767573706672
13.7934529106813 -0.02344896229155058
13.9313874397881 -0.02321270403333429
14.070701314186 -0.02297887456053937
14.2114083273278 -0.02274744778445828
14.3535224106011 -0.02251839791927779
14.4970576347071 -0.02229169948778285
14.6420282110542 -0.02206732730811916
14.7884484931648 -0.02184524599892971
14.9363329780964 -0.02162539924292396
15.0856963078774 -0.02140776536418618
15.2365532709561 -0.02119232717053613
15.3889188036657 -0.0209790690891101
15.5428079917024 -0.02076857198558239
15.6982360716194 -0.02055980274059977
15.8552184323356 -0.02035316857217811
16.0137706166589 -0.0201486468111587
16.1739083228255 -0.01994621504741797
16.3356474060538 -0.01974585112841205
16.4990038801143 -0.01954753315591735
16.6639939189155 -0.01935123948166701
16.8306338581046 -0.01915694870394428
16.9989401966857 -0.01896463966423791
17.1689295986525 -0.01877429144241426
17.340618894639 -0.01858588336815833
17.5140250835854 -0.01839939498627968
17.6891653344213 -0.0182148060850443
17.8660569877655 -0.0180320966784124
18.0447175576431 -0.01785124700512029
18.2251647332196 -0.01767223752684543
18.4074163805518 -0.01749504892428243
18.5914905443573 -0.01731966209391348
18.7774054498009 -0.01714605814866809
18.9651795042989 -0.01697421841055063
19.1548312993419 -0.01680412441094226
19.3463796123353 -0.01663575788781197
19.5398434084586 -0.01646910077933017
19.7352418425432 -0.01630413522882968
19.9325942609687 -0.01614084357525239
20.1319202035783 -0.0159792083524485
20.3332394056141 -0.01581921229059927
20.5365717996703 -0.01566083830749728
20.741937517667 -0.01550406951338825
20.9493568928436 -0.015348889201222
21.1588504617721 -0.0151952808494895
21.3704389663898 -0.01504322811603066
21.5841433560537 -0.01489271484143994
21.7999847896142 -0.01474372504236524
22.0179846375104 -0.01459624290989327
22.2381644838855 -0.01445025280827255
22.4605461287243 -0.01430573927191989
22.6851515900116 -0.01416268700593412
22.9120031059117 -0.01402108088042189
23.1411231369708 -0.01388090593110512
23.3725343683405 -0.0137421473565162
23.6062597120239 -0.01360479051406623
23.8423223091442 -0.01346882092208463
24.0807455322356 -0.01333422425512309
24.321552987558 -0.01320098634329149
24.5647685174336 -0.01306909316906483
24.8104162026079 -0.01293853086674943
25.058520364634 -0.01280928572066721
25.3091055682803 -0.01268134416173819
25.5621966239631 -0.01255469276868035
25.8178185902027 -0.01242931826343509
26.0759967761048 -0.01230520751084215
26.3367567438658 -0.01218234751691981
26.6001243113045 -0.01206072542696814
26.8661255544175 -0.01194032852386263
27.1347868099617 -0.01182114422715643
27.4061346780613 -0.01170316008942233
27.6801960248419 -0.01158636379831323
27.9569979850903 -0.01147074317152329
28.2365679649412 -0.01135628615716929
28.5189336445907 -0.01124298083168471
28.8041229810366 -0.01113081539840235
29.0921642108469 -0.01101977818598586
29.3830858529554 -0.01090985764737979
29.676916711485 -0.01080104235796226
29.9736858785998 -0.0106933210143512
30.2734227373858 -0.01058668243319809
30.5761569647597 -0.01048111554936034
30.8819185344073 -0.01037660941490785
31.1907377197513 -0.01027315319764591
31.5026450969488 -0.01017073617979701
31.8176715479183 -0.01006934775682394
32.1358482633975 -0.009968977435783552
32.4572067460315 -0.009869614835380448
32.7817788134918 -0.009771249682046356
33.1095966016267 -0.009673871811771798
33.440692567643 -0.009577471166735435
33.7750994933194 -0.009482037795036331
34.1128504882526 -0.009387561849445813
34.4539789931351 -0.00929403358579239
34.7985187830665 -0.009201443362386038
35.1465039708972 -0.009109781638426392
35.4979690106061 -0.009019038973198747
35.8529487007122 -0.008929206024725061
36.2114781877193 -0.008840273547978301
36.5735929695965 -0.00875223239816857
36.9393288992925 -0.008665073520577314
37.3087221882854 -0.008578787958349534
37.6818094101683 -0.008493366847870169
38.0586275042699 -0.008408801417359408
38.4392137793127 -0.008325082986866955
38.8236059171058 -0.008242202966538449
39.2118419762768 -0.008160152856096448
39.6039603960396 -0.008078924243792645
40 -0.00799850880534343
