-40 1.97165499784257e-09
-39.6039603960396 2.0111146515494e-09
-39.2118419762768 2.05136048968842e-09
-38.8236059171058 2.09241017766048e-09
-38.4392137793127 2.13427966969053e-09
-38.0586275042699 2.17698527295088e-09
-37.6818094101683 2.22054362714445e-09
-37.3087221882854 2.26497170527984e-09
-36.9393288992925 2.3102868183789e-09
-36.5735929695965 2.35650662138673e-09
-36.2114781877193 2.4036491195988e-09
-35.8529487007122 2.45173267538501e-09
-35.4979690106061 2.50077601512748e-09
-35.1465039708972 2.5507982363376e-09
-34.7985187830665 2.6018188149377e-09
-34.4539789931351 2.65385761270088e-09
-34.1128504882526 2.70693488484741e-09
-33.7750994933194 2.76107128779777e-09
-33.440692567643 2.81628788708369e-09
-33.1095966016267 2.87260616541963e-09
-32.7817788134918 2.93004803093686e-09
-32.4572067460315 2.98863582558344e-09
-32.1358482633975 3.04839233369282e-09
-31.8176715479183 3.10934079072445e-09
-31.5026450969488 3.17150489217981e-09
-31.1907377197513 3.23490880269702e-09
-30.8819185344073 3.2995771653281e-09
-30.5761569647597 3.3655351110022e-09
-30.2734227373858 3.43280826817854e-09
-29.9736858785998 3.50142277269337e-09
-29.676916711485 3.57140527780467e-09
-29.3830858529554 3.64278296443889e-09
-29.0921642108469 3.71558355164395e-09
-28.8041229810366 3.78983530725314e-09
-28.5189336445907 3.86556705876381e-09
-28.2365679649412 3.94280820443999e-09
-27.9569979850903 4.02158872463271e-09
-27.6801960248419 4.10193919333862e-09
-27.4061346780613 4.18389078999052e-09
-27.1347868099617 4.26747531149026e-09
-26.8661255544175 4.35272518448903e-09
-26.6001243113045 4.43967347792085e-09
-26.3367567438658 4.52835391579618e-09
-26.0759967761048 4.61880089026109e-09
-25.8178185902027 4.71104947492981e-09
-25.5621966239631 4.8051354384964e-09
-25.3091055682803 4.90109525863373e-09
-25.058520364634 4.99896613618594e-09
-24.8104162026079 5.09878600966252e-09
-24.5647685174336 5.20059357004079e-09
-24.321552987558 5.30442827588507e-09
-24.0807455322356 5.41033036878931e-09
-23.8423223091442 5.51834088915141e-09
-23.6062597120239 5.62850169228654e-09
-23.3725343683405 5.74085546488663e-09
-23.1411231369708 5.85544574183423e-09
-22.9120031059117 5.97231692337698e-09
-22.6851515900116 6.09151429267017e-09
-22.4605461287243 6.21308403369463e-09
-22.2381644838855 6.3370732495552e-09
-22.0179846375104 6.46352998116758e-09
-21.7999847896142 6.59250322633792e-09
-21.5841433560537 6.7240429592418e-09
-21.3704389663898 6.85820015030761e-09
-21.1588504617721 6.99502678650894e-09
-20.9493568928436 7.13457589207069e-09
-20.741937517667 7.27690154959389e-09
-20.5365717996703 7.42205892160321e-09
-20.3332394056141 7.5701042725203e-09
-20.1319202035783 7.72109499107115e-09
-19.9325942609687 7.87508961312373e-09
-19.7352418425432 8.03214784497124e-09
-19.5398434084586 8.1923305870575e-09
-19.3463796123353 8.35569995815478e-09
-19.1548312993419 8.52231931999982e-09
-18.9651795042989 8.69225330239456e-09
-18.7774054498009 8.86556782878305e-09
-18.5914905443573 9.04233014231342e-09
-18.4074163805518 9.22260883239758e-09
-18.2251647332196 9.40647386178444e-09
-18.0447175576431 9.59399659416143e-09
-17.8660569877655 9.78524982230468e-09
-17.6891653344213 9.98030779680011e-09
-17.5140250835854 1.01792462553581e-08
-17.340618894639 1.0382142452751e-08
-17.1689295986525 1.05890751914032e-08
-16.9989401966857 1.08001248526667e-08
-16.8306338581046 1.10153734288198e-08
-16.6639939189155 1.12349045558242e-08
-16.4990038801143 1.14588035468892e-08
-16.3356474060538 1.16871574268785e-08
-16.1739083228255 1.19200549676132e-08
-16.0137706166589 1.21575867241122e-08
-15.8552184323356 1.23998450718267e-08
-15.6982360716194 1.26469242449072e-08
-15.5428079917024 1.28989203755645e-08
-15.3889188036657 1.31559315345652e-08
-15.2365532709561 1.3418057772911e-08
-15.0856963078774 1.36854011647479e-08
-14.9363329780964 1.39580658515478e-08
-14.7884484931648 1.42361580875973e-08
-14.6420282110542 1.45197862868307e-08
-14.4970576347071 1.4809061071033e-08
-14.3535224106011 1.51040953194359e-08
-14.2114083273278 1.54050042197195e-08
-14.070701314186 1.57119053204269e-08
-13.9313874397881 1.60249185847902e-08
-13.7934529106813 1.63441664459585e-08
-13.6568840699815 1.66697738635983e-08
-13.5216673960213 1.70018683818515e-08
-13.3877895010112 1.7340580188595e-08
-13.255237129714 1.76860421759592e-08
-13.1239971581327 1.80383900020397e-08
-12.9940565922106 1.83977621537341e-08
-12.8654025665451 1.87643000094813e-08
-12.738022343114 1.91381479085943e-08
-12.6119033100138 1.95194532102405e-08
-12.4870329802117 1.99083663642753e-08
-12.3633989903086 2.03050409771862e-08
-12.2409890993155 2.07096338796261e-08
-12.1197911874411 2.11223051943186e-08
-11.9997932548922 2.15432184041606e-08
-11.8809834206853 2.19725404205935e-08
-11.7633499214706 2.24104416515879e-08
-11.6468811103669 2.28570960697819e-08
-11.5315654558088 2.33126812801216e-08
-11.4173915404048 2.37773785870703e-08
-11.3043480598067 2.4251373061211e-08
-11.1924238215908 2.47348536051278e-08
-11.0816077441493 2.52280130183879e-08
-10.9718888555934 2.57310480616011e-08
-10.8632562926667 2.62441595193472e-08
-10.75569929967 2.67675522619331e-08
-10.6492072273961 2.73014353058702e-08
-10.5437695320753 2.78460218730164e-08
-10.439375774332 2.84015294481474e-08
-10.3360156181505 2.8968179835713e-08
-10.233678829852 2.95461992138676e-08
-10.1323552770812 3.01358181881973e-08
-10.0320349278031 3.07372718433102e-08
-9.93270784931002 3.13507997930676e-08
-9.834364207237639 3.19766462291928e-08
-9.736994264591729 3.26150599689997e-08
-9.640588380783891 3.32662945006321e-08
-9.54513701067712 3.39306080280595e-08
-9.45063070364071 3.46082635142619e-08
-9.357060102614559 3.52995287233691e-08
-9.26441594318274 3.60046762617174e-08
-9.172689052656169 3.67239836178855e-08
-9.081870349164531 3.74577332019031e-08
-8.99195084075696 3.8206212383641e-08
-8.902921624511841 3.89697135305416e-08
-8.81477388565529 3.97485340448218e-08
-8.727498896688401 4.05429764001848e-08
-8.64108801652317 4.13533481782497e-08
-8.555532689626901 4.2179962104778e-08
-8.47082444517515 4.30231360858018e-08
-8.38695489621302 4.38831932438611e-08
-8.30391573882477 4.476046195447e-08
-8.221698751311649 4.56552758830097e-08
-8.14029579337787 4.65679740224028e-08
-8.059698805324629 4.74989007310969e-08
-7.97989980725211 4.84484057735405e-08
-7.90089089826941 4.94168443611087e-08
-7.82266425571229 5.04045771958489e-08
-7.7452121343686 5.14119705169279e-08
-7.66852686571149 5.24393961507286e-08
-7.59260085714009 5.34872315655791e-08
-7.51742659122781 5.45558599323369e-08
-7.44299662497803 5.56456701923145e-08
-7.36930358908716 5.67570571344952e-08
-7.29634018721501 5.78904214840178e-08
-7.22409919526238 5.9046170004982e-08
-7.15257346065582 6.02247156205877e-08
-7.08175590163943 6.14264775546557e-08
-7.01163950657369 6.26518814991723e-08
-6.94221733324128 6.39013598137237e-08
-6.87348250815968 6.51753517629111e-08
-6.80542822590068 6.64743038003869e-08
-6.73804774841651 6.77986699084115e-08
-6.67133440437278 6.91489120040532e-08
-6.60528158848791 7.05255004250161e-08
-6.53988276087911 7.19289145102531e-08
-6.47513144641496 7.33596432931261e-08
-6.41102123407422 7.48181863276932e-08
-6.34754577631111 7.63050546723482e-08
-6.28469878842684 7.78207720585448e-08
-6.22247404794737 7.93658762769208e-08
-6.16086539400729 8.09409208179965e-08
-6.0998667267399 8.25464768088144e-08
-6.03947200667316 8.41831353041093e-08
-5.97967525413184 8.58515099648077e-08
-5.92047054864539 8.75522402192479e-08
-5.86185202836177 8.92859949575614e-08
-5.8038138894671 9.1053476859575e-08
-5.74635038561099 9.28554273995287e-08
-5.68945582733762 9.46926327589863e-08
-5.63312458152239 9.65659306019443e-08
-5.57735107081425 9.84762179711421e-08
-5.52212977308341 1.00424460416088e-07
-5.46745522087467 1.02411702508522e-07
-5.41332200086601 1.04439079967083e-07
-5.35972475333268 1.06507833577689e-07
-5.30665817161651 1.08619325156077e-07
-5.25411700160051 1.1077505581017e-07
-5.20209604118862 1.12976686797123e-07
-5.15059013979072 1.15226063267697e-07
-5.09959419781259 1.17525241309613e-07
-5.04910316615108 1.19876518593229e-07
-4.99911204569414 1.22282469130834e-07
-4.94961588682588 1.24745982515367e-07
-4.90060978893651 1.27270308250602e-07
-4.85208889993714 1.29859105648999e-07
-4.80404841577935 1.32516499942356e-07
-4.75648357997955 1.35247145230977e-07
-4.70938968314807 1.38056295014559e-07
-4.66276206252284 1.40949881057038e-07
-4.61659610150777 1.43934601406323e-07
-4.57088722921561 1.4701801856239e-07
-4.52563092001545 1.50208668600037e-07
-4.48082269308461 1.53516182483238e-07
-4.43645811196496 1.5695142058518e-07
-4.39253278412372 1.60526621703891e-07
-4.34904236051854 1.64255567804512e-07
-4.30598253516687 1.68153766003724e-07
-4.26334904471967 1.722386492345e-07
-4.22113766803928 1.76529797229863e-07
-4.17934422578146 1.81049179582498e-07
-4.13796457998165 1.85821422748077e-07
-4.09699463364519 1.90874102981584e-07
-4.05643033034178 1.96238067215156e-07
-4.01626765380374 2.01947784541424e-07
-3.97650262752845 2.08041730247464e-07
-3.93713131438461 2.1456280529846e-07
-3.89814981622238 2.21558794073092e-07
-3.85955427348751 2.29082863217704e-07
-3.82134086483912 2.37194104757842e-07
-3.7835058067714 2.45958127112256e-07
-3.74604535323901 2.55447697297915e-07
-3.70895579528615 2.65743437720073e-07
-3.67223346067936 2.76934583734394e-07
-3.63587471354392 2.89119803103673e-07
-3.59987595400388 3.02408084670562e-07
-3.56423361782562 3.16919699776592e-07
-3.52894417606497 3.32787242136626e-07
-3.4940041347178 3.50156751473753e-07
-3.45941003437406 3.69188926898001e-07
-3.4251584498753 3.90060435960203e-07
-3.39124598997555 4.12965325883026e-07
-3.35766929700549 4.38116547630914e-07
-3.32442504654009 4.65747584393876e-07
-3.2915099470694 4.96114225882127e-07
-3.25892073967267 5.29496450540883e-07
-3.22665419769571 5.66200465059063e-07
-3.1947071264314 6.06560887557339e-07
-3.16307636280337 6.50943081560554e-07
-3.13175877505284 6.99745680662944e-07
-3.10075126242855 7.53403260824403e-07
-3.07005075487975 8.12389222795996e-07
-3.03965421275223 8.77218866262417e-07
-3.00955862648736 9.48452675190812e-07
-2.97976101632412 1.02669981583803e-06
-2.95025843200408 1.11262188805251e-06
-2.92104795247928 1.20693690846412e-06
-2.89212668562305 1.31042355099241e-06
-2.86349176794362 1.42392566581002e-06
-2.83514036430061 1.54835708786084e-06
-2.80706966762437 1.68470673238931e-06
-2.77927689863799 1.83404402346906e-06
-2.75175930558217 1.99752463355303e-06
-2.72451416394274 2.17639659546861e-06
-2.69753877618093 2.37200675345875e-06
-2.67083047146627 2.58580760890068e-06
-2.64438660541214 2.81936457678807e-06
-2.618204559814 3.07436362997558e-06
-2.5922817423901 3.35261944575151e-06
-2.56661558652486 3.65608394558892e-06
-2.54120355101471 3.98685540582059e-06
-2.51604311981654 4.34718798844948e-06
-2.49113180179856 4.73950188342739e-06
-2.46646713049362 5.16639412227253e-06
-2.44204666385507 5.63064976515824e-06
-2.41786798401492 6.13525385596925e-06
-2.39392869704448 6.68340430638497e-06
-2.3702264327173 7.27852502883154e-06
-2.34675884427456 7.92428031927175e-06
-2.32352360819263 8.62458991708826e-06
-2.3005184239531 9.38364458025739e-06
-2.27774101381495 1.02059236991717e-05
-2.25518912258906 1.10962126104646e-05
-2.23286051741491 1.20596222889861e-05
-2.21075298753952 1.31016100651021e-05
-2.18886434409853 1.42558975668268e-05
-2.16719241989954 1.55050286873671e-05
-2.14573506920746 1.68592400874278e-05
-2.12449016753214 1.83414166221332e-05
-2.10345561141796 1.99429250727523e-05
-2.0826293182356 2.16725556750059e-05
-2.06200922597584 2.35397013061424e-05
-2.04159329304539 2.55543974894693e-05
-2.02137949806474 2.77273714740441e-05
-2.00136583966806 3.00700850045e-05
-1.98155033630501 3.25947901543882e-05
-1.96193102604457 3.53145843278727e-05
-1.94250596638076 3.82434706601348e-05
-1.92327323404036 4.13964235231896e-05
-1.90423092479243 4.478946106718e-05
-1.88537715325983 4.84397197696327e-05
-1.86671005273251 5.23655694022852e-05
-1.84822777498268 5.6586559912418e-05
-1.82992849008186 6.11238035780594e-05
-1.81181038621967 6.59997984204306e-05
-1.79387166952442 7.12386875961689e-05
-1.77611056388557 7.68663533884021e-05
-1.75852531077779 8.29105576082546e-05
-1.74111416908692 8.94010879062401e-05
-1.72387541493754 9.6369920627985e-05
-1.70680734152232 0.000103851391606726
-1.68990825893299 0.000111882406502245
-1.67317649399306 0.000120502599726103
-1.65661039009214 0.000129754629211113
-1.64020830702192 0.000139684361898919
-1.62396862081378 0.000150341165895759
-1.607889723578 0.000161778191232855
-1.59197002334456 0.000174052701756749
-1.5762079439055 0.000187226374519407
-1.56060192465891 0.000201365713934811
-1.54515042045437 0.000216542448253099
-1.52985190143997 0.000232833934105131
-1.51470485291086 0.000250323679265553
-1.49970777515927 0.000269101831840699
-1.48485918332601 0.000289265756616077
-1.47015760725347 0.00031092064975644
-1.45560159134007 0.000334180221218576
-1.44118969439611 0.000359167398972806
-1.4269204895011 0.00038601523463608
-1.41279256386247 0.000414867608208499
-1.39880451867572 0.000445880386288606
-1.38495496898586 0.000479222084427917
-1.37124254355036 0.000515076308436295
-1.36445421412684 0.000533958691161024
-1.35766588470332 0.000553640774451101
-1.35094476646222 0.000573954295110264
-1.34422364822111 0.00059513084637964
-1.33756907570517 0.000616989806769808
-1.33091450318922 0.000639780298759288
-1.32432581752987 0.000663308556846291
-1.31773713187051 0.000687842961463212
-1.31121368072264 0.000713175280958674
-1.30469022957477 0.000739594890726055
-1.29823136705212 0.000766877950134369
-1.29177250452947 0.000795336426067158
-1.28537759114071 0.000824730058821277
-1.28218013444633 0.000839899705786784
-1.27898267775195 0.000855395180989506
-1.27581687904464 0.000871066385954919
-1.27265108033733 0.000887073296315907
-1.26948528163003 0.000903424349151972
-1.26631948292272 0.000920127876339551
-1.26318502875707 0.000937025022171265
-1.26005057459142 0.000954280771210116
-1.25691612042577 0.000971906963560384
-1.25378166626012 0.000989924479973971
-1.24757482632814 0.0010267708980697
-1.24136798639616 0.00106521112871554
-1.23522260032489 0.00110495651014599
-1.22907721425363 0.00114645470480979
-1.22299267358901 0.00118937156829036
-1.21690813292438 0.00123416696193938
-1.20485953754889 0.00132891192267722
-1.19293023519692 0.00143130613471956
-1.18111904474943 0.00154203616777672
-1.16942479678161 0.00166185769415937
-1.15784633344714 0.00179161023458047
-1.14638250836351 0.00193222796627195
-1.13503218649852 0.00208475436590399
-1.12379424405794 0.00225035839832015
-1.1126675683742 0.0024303562936
-1.10165105779624 0.00262623573353448
-1.09074362158043 0.00283968691186684
-1.07994417978261 0.00307264096986951
-1.0692516631511 0.00332731736734126
-1.05866501302089 0.00360628475080352
-1.0481831812088 0.00391253698053205
-1.0378051299097 0.0042495934246186
-1.02752983159376 0.00462162919626188
-1.01735626890472 0.00503364847051597
-1.00728343455913 0.00549171831514046
-0.997310331246659 0.00600329050532717
-0.987435971531345 0.00657765506509529
-0.977659377753807 0.00722658885066628
-0.967979581934463 0.00796532097429302
-0.958395625677686 0.00881398501609345
-0.948906560076917 0.00979993191864209
-0.93951144562071 0.0109614800526904
-0.930209352099712 0.0123558413413363
-0.92560435530714 0.0131804360221065
-0.920999358514567 0.0140651973043524
-0.916439955749644 0.0151002800442716
-0.91188055298472 0.0162312836057437
-0.907366292821429 0.0175661881235483
-0.902852032658138 0.0190992899840486
-0.898382468140029 0.020945168115508
-0.893912903621919 0.0231363660563904
-0.88948759221785 0.0259092970835159
-0.887274936515815 0.0275695350497692
-0.885062280813781 0.0293331770673496
-0.882871532593945 0.0315506519213909
-0.880680784374109 0.0338808168575756
-0.878490036154273 0.0366569962331092
-0.876299287934437 0.0395976348757217
-0.874130230291035 0.0432226425538592
-0.871961172647633 0.0469908714911344
-0.867623057360828 0.0553323537911101
-0.863327893710527 0.0648322958189707
-0.859032730060226 0.0744029142165524
-0.8547800927827 0.0842274441515571
-0.8505274555051739 0.0938376045073055
-0.842106391589282 0.112003523203907
-0.833768704543843 0.129001831566142
-0.82551356885529 0.145317723905707
-0.817340167183456 0.16141308926694
-0.809247690280649 0.178074927998742
-0.801235336911534 0.197733804556175
-0.793302313773796 0.230550041537342
-0.7854478354195999 0.247680062857671
-0.777671124177822 0.262659827209549
-0.7699714100770511 0.276064885038528
-0.762347930769357 0.288333780769111
-0.7547999314548089 0.299696495479292
-0.747326664806742 0.310302192223479
-0.739927390897764 0.320257144219037
-0.732601377126499 0.329641679934865
-0.725347898145049 0.338519012732587
-0.718166235787177 0.346940337726476
-0.711055678997205 0.354948284832901
-0.704015523759609 0.362578563032419
-0.697045073029316 0.369862080666019
-0.690143636662689 0.37682560975633
-0.6833105313491969 0.38349250173179
-0.6765450805437589 0.389883353787204
-0.669846614399762 0.396016774142973
-0.663214469702734 0.401909148547992
-0.656647989804688 0.407575375080341
-0.650146524559097 0.413028890446307
-0.643709430256531 0.418281971327608
-0.637336069560922 0.4233458318995
-0.631025811446457 0.428230702726857
-0.624778031135106 0.432946115288832
-0.618592110034759 0.437500484691315
-0.612467435677979 0.441902052675174
-0.606403401661365 0.4461581844742
-0.60039940758551 0.450275768155974
-0.5944548589955549 0.454261264449858
-0.588569167322331 0.458120628155803
-0.582741749824091 0.461859448062771
-0.576972029528803 0.4654829850563
-0.571259435177032 0.468996089909554
-0.565603401165378 0.472403414893661
-0.560003367490474 0.475709228194171
-0.554458779693538 0.478917632482265
-0.548969088805484 0.482032428064619
-0.543533751292558 0.485057249765526
-0.538152229002533 0.48799548933907
-0.532823989111418 0.490850385353867
-0.527548504070711 0.493624991617667
-0.52232525155516 0.496322237198152
-0.517153714411049 0.498944840712424
-0.512033380604999 0.501495372328209
-0.506963743173267 0.50397638603164
-0.501944300171551 0.506390228457135
-0.496974554625298 0.50873914133051
-0.492054014480493 0.511025306771567
-0.487182192554944 0.513250670210126
-0.482358606490043 0.515417223312737
-0.477582778703013 0.517526841173842
-0.472854236339617 0.519581343587537
-0.468172511227344 0.521582407162091
-0.463537139829053 0.523531686285543
-0.458947663197082 0.525430712635831
-0.454403626927804 0.527280993717786
-0.449904581116638 0.529083944663877
-0.445450080313503 0.530840995779429
-0.441039683478716 0.532553414575567
-0.436672953939322 0.534222475873864
-0.432349459345864 0.535849429860029
-0.428068771629568 0.537435421052663
-0.423830466959968 0.538981574769521
-0.419634125702939 0.540488969967446
-0.415479332379147 0.541958640160522
-0.411365675622918 0.543391593601272
-0.407292748141503 0.544788801299417
-0.403260146674756 0.546151193778304
-0.399267471955204 0.547479603266917
-0.395314328668518 0.548774935448302
-0.391400325414375 0.550038037855845
-0.387525074667698 0.551269699799678
-0.383688192740295 0.552470678527717
-0.379889299742866 0.553641741401728
-0.376128019547392 0.554783593954704
-0.372403979749893 0.555896965410076
-0.368716811633558 0.556982494370243
-0.365066150132235 0.558040852240687
-0.361451633794292 0.559072690223125
-0.357872904746824 0.560078609329849
-0.354329608660222 0.561059232025731
-0.350821394713091 0.562015138897881
-0.347347915557516 0.562946886678488
-0.343908827284669 0.563855024059903
-0.340503789390762 0.564740125070512
-0.337132464743328 0.565602682021161
-0.33379451954785 0.566443232657839
-0.330489623314703 0.567262261714129
-0.327217448826438 0.56806027141627
-0.323977672105385 0.568837742500426
-0.320769972381569 0.569595149287239
-0.317594032060959 0.570332952373303
-0.314449536694019 0.571051572782674
-0.311336174944573 0.571751709610399
-0.308253638558984 0.57243270596386
-0.305201622335627 0.573096542089143
-0.30217982409468 0.573743141560653
-0.299187944648198 0.574372495846262
-0.296225687770494 0.574985197613946
-0.293292760168805 0.575581665226524
-0.290388871454263 0.576162278088957
-0.287513734113132 0.576727417124995
-0.284667063478348 0.577277451825112
-0.281848577701335 0.577812748032438
-0.279057997724094 0.578333657839541
-0.276295047251578 0.578840525672501
-0.273559452724335 0.579333687564143
-0.27085094329142 0.579813478733334
-0.268169250783585 0.580280218162004
-0.265514109686717 0.580734218895962
-0.262885257115562 0.581175788804973
-0.260282432787685 0.581605218244296
-0.257705378997708 0.582022798932371
-0.25515384059179 0.5824288108997
-0.252627564942366 0.582823521698173
-0.250126301923135 0.58320719458951
-0.247649803884292 0.583580083534277
-0.245197825628012 0.58394243022279
-0.24277012438417 0.584294473095423
-0.240366459786307 0.584636437960819
-0.237986593847829 0.584968543228211
-0.235630290938444 0.585290998683953
-0.233297317760836 0.585604008563421
-0.23098744332756 0.585907768027439
-0.228700438938179 0.586202460345983
-0.226436078156613 0.586488263072653
-0.224194136788725 0.586765354931203
-0.221974392860124 0.587033897295266
-0.219776626594182 0.587294048392569
-0.217600620390279 0.587545970106795
-0.215446158802257 0.587789803812518
-0.213313028517086 0.588025699315358
-0.211201018333748 0.588253799653509
-0.209109919142325 0.588474253257681
-0.207039523903292 0.588687216456858
-0.204989627627022 0.588892812483199
-0.202960027353487 0.589091295115132
-0.200950522132166 0.589284444171562
-0.198960913002144 0.589464974427881
-0.19699100297242 0.589638764102885
-0.195040597002396 0.589807522560925
-0.19310950198257 0.589969564184093
-0.191197526715416 0.59012506050106
-0.189304481896452 0.590274028474658
-0.187430180095497 0.59041654731797
-0.185574435738115 0.590552701985594
-0.183737065087243 0.59068258097068
-0.181917886224993 0.59080627510115
-0.180116719034647 0.590923881667325
-0.178333385182818 0.59103548592698
-0.1765677081018 0.591141188855359
-0.17481951297208 0.591241081547043
-0.173088626705029 0.591335253895755
-0.171374877925772 0.591423803005574
-0.169678096956209 0.591506819842687
-0.167998115798227 0.591584395564195
-0.166334768117057 0.591656619339629
-0.164687889224809 0.591723581581725
-0.163057316064167 0.591785368835614
-0.161442887192244 0.591842071070142
-0.159844442764598 0.591893768717287
-0.158261824519404 0.591940550987609
-0.156694875761787 0.591982493357734
-0.155143441348303 0.592019676644032
-0.153607367671588 0.592052178081266
-0.152086502645136 0.592080069518105
-0.150580695688254 0.592103423535161
-0.149089797711142 0.592122307968506
-0.147613661100141 0.592136786854282
-0.14615213970311 0.592146922871204
-0.14470508881496 0.592152772922443
-0.143272365163327 0.592154400020953
-0.141853826894383 0.592151828422527
-0.140449333558795 0.592145132614102
-0.139058746097817 0.59213434757686
-0.137681926829522 0.592119510556801
-0.13631873943517 0.592100655497075
-0.134969048945713 0.592077817059173
-0.133632721728429 0.592051018402786
-0.132309625473692 0.592020283319504
-0.130999629181873 0.59198563292449
-0.129702603150369 0.591947080008502
-0.128418418960762 0.591904638201366
-0.127146949466101 0.591858314567359
-0.125888068778317 0.59180810948714
-0.12464165225576 0.591754029203148
-0.123407576490851 0.591696067717371
-0.122185719297873 0.591634221640188
-0.120975959700864 0.591568478926824
-0.119778177921647 0.591498826495189
-0.118592255367968 0.591425255825373
-0.11741807462175 0.591347750520927
-0.116255519427476 0.591266285681548
-0.115104474680669 0.591180838620627
-0.113964826416504 0.591091397380572
-0.112836461798519 0.59099793387346
-0.111719269107444 0.590900419439278
-0.110613137730143 0.590798826092421
-0.109517958148656 0.590693128300674
-0.108433621929363 0.590583297755096
-0.10736002171224 0.590469299667475
-0.106297051200238 0.590351112632624
-0.10524460514875 0.590228694514497
-0.104202579355198 0.590102023747895
-0.103170870648711 0.589971057489236
-0.102149376879912 0.589835776606327
-0.101137996910804 0.589696133194066
-0.100136630604756 0.589552097651554
-0.0991451788165905 0.589403642767553
-0.0981635433827629 0.589250729085377
-0.0971916271116464 0.589093323371072
-0.0962293337739073 0.588931378945596
-0.0952765680929776 0.588764869775026
-0.0943332357356213 0.588593766928398
-0.0933992433025954 0.5884180001574
-0.0924744983194014 0.588237563348176
-0.0915589092271301 0.588052387492259
-0.09065238537339609 0.587862442169828
-0.08975483700336249 0.587667677909908
-0.0888661752508539 0.587468055226885
-0.0879863121295584 0.587263516001248
-0.0871151605243152 0.587054010374551
-0.0862526341824903 0.586839476430882
-0.085398647705436 0.586619870556626
-0.0845531165400356 0.586395109349753
-0.08371595697033229 0.586165147753433
-0.08288708610923989 0.585929909544078
-0.0820664218903365 0.585689320129488
-0.0812538830597391 0.585443311792129
-0.08044938916805849 0.585191799591223
-0.0796528605624342 0.584934701353415
-0.0788642183786477 0.584671923470453
-0.07808338453331461 0.584403375098083
-0.07731028171615301 0.584128970906385
-0.0765448333823297 0.583848596595503
-0.07578696374488091 0.58356214766896
-0.07503659776720881 0.583269522501415
-0.07429366115565229 0.582970603117301
-0.073558080352131 0.582665272022501
-0.0728297825268624 0.582353407276661
-0.0721086955711509 0.5820348817802
-0.0713947480902484 0.581709571324947
-0.0706878693962855 0.581377339941117
-0.0699879895012728 0.581038054666625
-0.0692950391101711 0.580691576033137
-0.0686089496140308 0.580337763247213
-0.0679296530831988 0.57997647212261
-0.06725708226059279 0.57960755758204
-0.06659117055504241 0.579230880636005
-0.0659318520346955 0.578846284960238
-0.0652790614204906 0.578453624439101
-0.0646327340796936 0.578052755211091
-0.0639928060194986 0.577643529671221
-0.0633592138806917 0.577225786531567
-0.0627318949313779 0.576799393660265
-0.0621107870607702 0.576364200668514
-0.0614958287730398 0.575920062303709
-0.0608869591812276 0.575466823825578
-0.0602841180012154 0.575004377677854
-0.0596872455457578 0.574532554527095
-0.0590962827185721 0.574051230052773
-0.0585111710084872 0.573560277910364
-0.0579318524836507 0.573059567088911
-0.0573582697857928 0.572548968796607
-0.0567903661245473 0.57202839084928
-0.056228085271829 0.571497671964435
-0.0556713715562664 0.570956732759782
-0.0551201698576895 0.570405467251422
-0.0545744256016727 0.569843751028148
-0.0540340847541314 0.569271507625405
-0.0534990938159717 0.568688618620001
-0.0529693998177938 0.568095008632211
-0.0524449503146473 0.567490585567987
-0.0519256933808389 0.566875281623832
-0.051411577604791 0.566249007486587
-0.0509025520839515 0.565611672817028
-0.0503985664197539 0.564963219299971
-0.0498995707126277 0.564303604313309
-0.0494055155570571 0.563632697027819
-0.0489163520366902 0.562950473050769
-0.0484320317194952 0.562256890834321
-0.0479525066529656 0.561551862778282
-0.0474777293593719 0.560835313661161
-0.0470076528310613 0.560107205276485
-0.0465422305258032 0.559367489209512
-0.0460814163621814 0.55861608913395
-0.0456251647150311 0.557852927007471
-0.0451734304109219 0.55707798920208
-0.044726168723685 0.556291173365922
-0.0442833353699852 0.555492473483771
-0.0438448865049358 0.554681780690243
-0.0434107787177582 0.553859032220884
-0.0429809690274834 0.553024182574365
-0.0425554148786964 0.552177208875402
-0.0421340741373232 0.551317974414417
-0.0417169050864586 0.550446431325788
-0.0413038664222363 0.54956254087824
-0.0408949172497389 0.548666189083155
-0.0404900170789494 0.547757334808512
-0.0400891258207419 0.546835945442922
-0.0396922037829128 0.54590183886174
-0.0392992116662503 0.54495506111378
-0.0389101105606439 0.543995471749462
-0.0385248619412316 0.543023043150562
-0.0381434276645857 0.542037673635107
-0.0377657699649363 0.541039338227527
-0.037391851450432 0.540027960821183
-0.0370216350994376 0.539003465147652
-0.036655084256869 0.537965787790437
-0.0362921626305633 0.536914903417755
-0.0359328342876865 0.535850794954925
-0.0355770636511747 0.534773357920394
-0.0352248154962126 0.533682544354331
-0.0348760549467451 0.532578386499552
-0.0345307474720249 0.531460853692996
-0.0341888588831929 0.530329892330849
-0.033850355329894 0.529185509344166
-0.0335152032969248 0.528027689616182
-0.0331833696009156 0.526856458801935
-0.0328548213870451 0.525671823211132
-0.0325295261257873 0.524473818362596
-0.0322074516096904 0.523262400612078
-0.0318885659501885 0.52203772318941
-0.031572837574444 0.520799733139993
-0.0312602352222218 0.519548505757824
-0.0309507279427939 0.518284159011565
-0.0306442850918751 0.517006658294783
-0.0303408763285892 0.515716161162505
-0.0300404716124646 0.514412726973566
-0.02974304120046 0.513096428314396
-0.0294485556440198 0.511767315690053
-0.0291569857861582 0.510425535723525
-0.0288683027585725 0.509071219808222
-0.0285824779787846 0.507704328357206
-0.0282994831473115 0.50632510435335
-0.0280192902448629 0.504933683947412
-0.0277418715295672 0.503530073050273
-0.027467199534225 0.50211440258778
-0.0271952470635891 0.500686791002151
-0.0269259871916724 0.499247369180651
-0.0266593932590815 0.497796295526689
-0.0263954388703778 0.496333391159854
-0.0261340978914631 0.494859225802015
-0.0258753444469932 0.493373670178904
-0.025619152917815 0.49187678578107
-0.0253654979384307 0.490368640630491
-0.0251143543944859 0.488849473415765
-0.024865697420283 0.487319276625689
-0.0246195023963198 0.48577824506702
-0.0243757449468513 0.484226257018263
-0.0241344009374766 0.482663583855332
-0.0238954464727491 0.481090268336472
-0.023658857893811 0.479506389573409
-0.0234246117760505 0.477911932247834
-0.0231926849267826 0.476307118008419
-0.0229630543829531 0.474691890306773
-0.0227356974088645 0.473066362564637
-0.0225105914939252 0.471430596098549
-0.022287714350421 0.469784666801104
-0.0220670439113079 0.468128617832958
-0.0218485583280276 0.466462539178676
-0.0216322359683442 0.464786457018285
-0.0214180554142022 0.463100499378171
-0.0212059954596061 0.461404677615427
-0.0209960351085209 0.459699097363717
-0.020788153572793 0.457983798534533
-0.0205823302700921 0.456258908224843
-0.0203785448218733 0.454524478212703
-0.0201767770513597 0.452780591904304
-0.0199770069815443 0.451027405175535
-0.0197792148332122 0.449264916632501
-0.0195833810229823 0.447493337434456
-0.0193894861613687 0.44571274609132
-0.0191975110508601 0.443923234616719
-0.0190074366840199 0.442124961551932
-0.0188192442416038 0.440318047442826
-0.0186329150906968 0.438502646023491
-0.0184484307828682 0.436678919029756
-0.0182657730523447 0.434847024259276
-0.0180849238142027 0.433007152039948
-0.0179058651625769 0.431159453430921
-0.017728579368888 0.429304119287808
-0.0175530488800872 0.427441363979669
-0.017379256316918 0.425571386800935
-0.017207184472196 0.423694407138653
-0.017036816309105 0.42181064280822
-0.0168681349595099 0.419920311663401
-0.016701123722287 0.418023658472843
-0.0165357660616703 0.416120927873438
-0.0163720456056142 0.414212371463134
-0.0162099461441724 0.412298225894974
-0.0160494516278935 0.410378774370753
-0.0158905461662312 0.408454275242102
-0.0157332140259715 0.406524995808632
-0.0155774396296747 0.404591232126857
-0.0154232075541334 0.402653239832585
-0.0152705025288449 0.400711305711062
-0.0151193094344999 0.398765747910433
-0.0149696133014851 0.396816836475616
-0.0148213993084011 0.394864886838864
-0.0146746527805951 0.392910162766594
-0.014529359188708 0.390952971711885
-0.0143855041472357 0.388993679552093
-0.0142430734131046 0.387032536168022
-0.014102052884262 0.385069863013332
-0.0139624285982792 0.383105983669461
-0.0138241867309695 0.38114120405145
-0.0136873135950193 0.37917580580006
-0.013551795638633 0.377210197192448
-0.0134176194441911 0.37524463099725
-0.0132847717269219 0.373279449194434
-0.013153239333586 0.371314945123273
-0.0130230092411743 0.369351519042748
-0.0128940685556181 0.367389410234215
-0.012766404510513 0.365428988629929
-0.0126400044658544 0.363470573777383
-0.0125148559067866 0.361514559512174
-0.0123909464423629 0.359561137054063
-0.0122682638043197 0.357610744949916
-0.0121467958458611 0.355663702110308
-0.0120265305404566 0.353720327672068
-0.0119074559806501 0.351780988780161
-0.0117895603768812 0.349845895924095
-0.0116728320563181 0.347915561255778
-0.0115572594617011 0.345990252400498
-0.0114428311501991 0.344070237552646
-0.0113295357922763 0.342155906398651
-0.0112173621705706 0.340247732765354
-0.0111062991787828 0.33834558996353
-0.010996335820577 0.336450246545792
-0.0108874612084921 0.334561875672872
-0.0107796645628634 0.332680835461252
-0.0106729352107559 0.330807408732361
-0.0105672625849068 0.32894189620124
-0.01046263622268 0.327084627227242
-0.0103590457650297 0.325235937343853
-0.010256480955475 0.323396105763503
-0.0101549316390841 0.321565361838799
-0.0100543877614694 0.319744121612626
-0.00995483936779152 0.317932525121337
-0.009856276601773781 0.316130979184813
-0.009758689704726511 0.314339710500752
-0.00966206901458071 0.312558950191932
-0.009566404964931391 0.310789000229551
-0.00947168808409049 0.309030070355944
-0.009377908994149 0.307282402677581
-0.00928505841004851 0.305546236630399
-0.00919312713866189 0.303821805796845
-0.00910210607788306 0.302109311002569
-0.0090119862157258 0.300408945458021
-0.008922758629431491 0.298720889110396
-0.008834414484585631 0.297045352688586
-0.008746945034243199 0.295382508978752
-0.008660341618062581 0.293732501446871
-0.0085745956614481 0.292095499774354
-0.00848969867470108 0.290471632276298
-0.008405642252179289 0.288861031365938
-0.00832241807146464 0.287263819094351
-0.00824001789253925 0.285680106802673
-0.00815843355696956 0.284110007298798
-0.00807765698709857 0.282553584496499
-0.00799768018524611 0.281010944311789
-0.00791849523291694 0.279482161944446
-0.00784009429001677 0.277967277292652
-0.00776246959407601 0.276466341196913
-0.0076856134594812 0.274979414631576
-0.00760951827671406 0.273506543149607
-0.00753417651159808 0.272047706077205
-0.00745958070455255 0.270602956445516
-0.00738572346985401 0.269172297697912
-0.00731259749490496 0.267755725284859
-0.00724019553950986 0.266353234665479
-0.00716851043515828 0.264964801322655
-0.00709753508431513 0.263590410111919
-0.00702726245971795 0.262230039257414
-0.00695768560368114 0.260883629753067
-0.00688879762740707 0.259551179637341
-0.00682059171030403 0.25823260358433
-0.00675306109931092 0.256927879074428
-0.00668619910822863 0.255636922343666
-0.00661999911705805 0.254359693451067
-0.0065544545713446 0.253096107821253
-0.00648955898152931 0.251846098148783
-0.00642530592230625 0.250609582388567
-0.00636168903198638 0.249386499536257
-0.00629870201186771 0.248176757628466
-0.00623633862561159 0.246980255825543
-0.00617459269862534 0.245796923756547
-0.00611345811745083 0.244626658718666
-0.00605292882915924 0.243469366785068
-0.00599299884075172 0.242324952375574
-0.00593366221856606 0.241193317393086
-0.00587491308768917 0.240074367460748
-0.00581674563137541 0.238967981290421
-0.0057591540904707 0.237874075309834
-0.00570213276284228 0.236792526521359
-0.00564567600281414 0.235723212839436
-0.00558977822060806 0.234666082864534
-0.00553443388179016 0.233620989997673
-0.00547963750672293 0.232587832999662
-0.0054253836700227 0.231566499583805
-0.00537166700002248 0.230556879618229
-0.00531848217824008 0.229558864812776
-0.00526582393885156 0.228572346430621
-0.00521368706816986 0.22759720993989
-0.00516206640412858 0.226633346259476
-0.00511095683577087 0.225680646050095
-0.00506035330274343 0.224738998340182
-0.00501025079479548 0.223808292838776
-0.00496064435128265 0.222888421242707
-0.00491152906067589 0.221979278873718
-0.00486290006007514 0.221080739883438
-0.00481475253472786 0.22019270902547
-0.00476708171755234 0.219315079040385
-0.00471988288866568 0.218447763990637
-0.00467315137491651 0.217590610528224
-0.00462688254942229 0.216743533744583
-0.00458107183111118 0.215906429634618
-0.00453571468426849 0.215079191493513
-0.00449080661808762 0.214261721381802
-0.00444634318622536 0.213453906390204
-0.00440231998636175 0.212655653536877
-0.00435873265976411 0.211866831293745
-0.00431557689085555 0.211087386644273
-0.00427284840678767 0.210317197039236
-0.0042305429770175 0.209556162553459
-0.00418865641288861 0.208804183425053
-0.00414718456721645 0.208061161700668
-0.00410612333387767 0.207327001275102
-0.00406546864740364 0.206601605151267
-0.00402521648257786 0.205884877690706
-0.00398536285403748 0.205176724410768
-0.0039459038158787 0.204477050877127
-0.00390683546126603 0.203785762035391
-0.00386815392204558 0.203102769375618
-0.00382985536836196 0.202427978430918
-0.00379193600827917 0.201761300136454
-0.00375439208740512 0.201102643533914
-0.00371721988851992 0.200451917438779
-0.00368041573120784 0.199809036168247
-0.00364397597149291 0.199173912086671
-0.00360789700147813 0.198546456019201
-0.00357217524898825 0.197926582999847
-0.00353680717721609 0.197314207397851
-0.00350178928437236 0.196709244617627
-0.00346711810333897 0.196111610789278
-0.00343279020132572 0.195521222055606
-0.00339880217953041 0.194937997165489
-0.00336515067280239 0.194361854447139
-0.00333183234930929 0.193792713000306
-0.00329884391020722 0.193230492466836
-0.00326618208931408 0.19267510923215
-0.00323384365278622 0.192126490102087
-0.00320182539879824 0.191584554633928
-0.00317012415722598 0.191049229127332
-0.00313873678933265 0.190520428140443
-0.00310766018745807 0.189998084259239
-0.00307689127471096 0.189482117269811
-0.00304642700466432 0.188972456286837
-0.00301626436105378 0.188469025410735
-0.00298640035747899 0.187971752697026
-0.00295683203710791 0.187480562981665
-0.00292755647238407 0.186995388188122
-0.0028985707647367 0.186516156100634
-0.00286987204429376 0.186042794365339
-0.00284145746959779 0.185575234818506
-0.00281332422732454 0.185113407276447
-0.0027854695320045 0.184657243780637
-0.00275789062574703 0.184206676945879
-0.00273058477796735 0.183761639420333
-0.00270354928511619 0.183322064901051
-0.00267678147041207 0.182887887552605
-0.00265027868357631 0.182459042239339
-0.0026240383005706 0.182035464479547
-0.00259805772333723 0.181617090423339
-0.00257233437954181 0.18120385690038
-0.00254686572231862 0.180795701337549
-0.00252164923001844 0.180392561280877
-0.00249668240595885 0.179994375711882
-0.00247196277817708 0.179601085984906
-0.00244748789918523 0.179212629267593
-0.00242325534572795 0.178828946862747
-0.00239926271854252 0.178449981685381
-0.00237550764212131 0.178075675348697
-0.00235198776447654 0.177705967077981
-0.00232870075690747 0.177340801815269
-0.00230564431376977 0.176980124315011
-0.0022828161522473 0.176623878107729
-0.00226021401212604 0.176272008254749
-0.00223783565557034 0.17592445994487
-0.00221567886690132 0.175581179489708
-0.00219374145237755 0.175242113577709
-0.00217202123997777 0.174907209338839
-0.00215051607918591 0.174576414828463
-0.00212922384077813 0.174249678202203
-0.00210814241661201 0.173926948670693
-0.00208726971941783 0.173608175337107
-0.00206660368259191 0.173293309177999
-0.00204614225999199 0.172982301538296
-0.00202588342573464 0.172675101621772
-0.0020058251739947 0.172371663392505
-0.00198596551880663 0.17207193806385
-0.00196630249386795 0.171775878871624
-0.00194683415234451 0.171483439708958
-0.00192755856667773 0.171194573550326
-0.00190847382839379 0.170909236308388
-0.00188957804791465 0.170627382780441
-0.00187086935437094 0.170348968363102
-0.00185234589541677 0.170073949471275
-0.0018340058370463 0.169802282813368
-0.00181584736341218 0.169533925652774
-0.00179786867664573 0.169268835770123
-0.00178006799667894 0.169006971456062
-0.00176244356106825 0.168748291705758
-0.00174499362482005 0.168492755463619
-0.00172771646021787 0.168240322374938
-0.00171061035665136 0.167990953416395
-0.00169367362044689 0.167744608548273
-0.00167690457469989 0.16750125005075
-0.00166030155910881 0.167260839181568
-0.0016438629298107 0.167023338069984
-0.00162758705921851 0.166788709513606
-0.00161147233585991 0.166556916694638
-0.00159551716421774 0.166327923237385
-0.00157971996457202 0.166101693142696
-0.00156407917284358 0.165878191205616
-0.00154859324043919 0.165657382284479
-0.00153326063409821 0.16543923260935
-0.0015180798357408 0.165223706435506
-0.00150304934231762 0.165010770202003
-0.00148816766566101 0.164800392830234
-0.00147343333233764 0.164592539736265
-0.00145884488350261 0.164387178712345
-0.00144440087475506 0.164184278179404
-0.00143009987599511 0.163983806364113
-0.00141594047128228 0.163785732182269
-0.00140192125869533 0.163590024817912
-0.0013880408501934 0.163396654037353
-0.00137429787147861 0.163205589842852
-0.00136069096186001 0.163016802688055
-0.00134721877411882 0.162830263411892
-0.00133387997437507 0.162645943236045
-0.00132067324195552 0.162463813759933
-0.00130759726926289 0.162283846958735
-0.00129465076164642 0.162106015178615
-0.00128183243727369 0.161930291140989
-0.00126914102700365 0.161756648023097
-0.00125657527426104 0.161585058955493
-0.00124413393491192 0.161415497528787
-0.00123181577714052 0.16124793909833
-0.00121961958132724 0.161082356265449
-0.00120754413992796 0.160918725315964
-0.00119558825735442 0.160757020910954
-0.00118375074985586 0.16059721852929
-0.00117203044540184 0.16043929434719
-0.00116042618356618 0.160283223812567
-0.00114893681541206 0.160128983622968
-0.00113756120337828 0.159976550599895
-0.00112629822116661 0.159825901816814
-0.00111514675363031 0.159677014654296
-0.00110410569666367 0.159529866798408
-0.00109317395709274 0.159384436227816
-0.00108235045256707 0.159240701223304
-0.00107163411145255 0.159098640414268
-0.00106102387272529 0.158958232225901
-0.00105051868586663 0.158819456202507
-0.00104011751075904 0.158682292006503
-0.00102981931758321 0.158546719046365
-0.00101962308671605 0.158412717221009
-0.00100952780862975 0.158280267151495
-0.00099953248379183 0.158149348937671
-0.0009896361225661681 0.158019943287145
-0.000979837745115018 0.15789203223151
-0.000970136381301998 0.157765595403951
-0.000960531070596037 0.157640616126604
-0.000951020861976275 0.157517074532777
-0.000941604813837896 0.157394953360772
-0.0009322819938989071 0.157274234681986
-0.000923051479107828 0.157154901414777
-0.000913912355552305 0.157036936098732
-0.000904863718368619 0.156920321674461
-0.000895904671652098 0.156805041379883
-0.000887034328368414 0.156691078783001
-0.000878251810265756 0.156578417328908
-0.000869556247787878 0.15646704097573
-0.000860946779987997 0.156356933815372
-0.0008524225544435619 0.156248080153337
-0.000843982727171843 0.156140464505784
-0.00083562646254638 0.15603407159659
-0.000827352933214237 0.155928886354517
-0.000819161320014096 0.155824894013588
-0.000811050811895145 0.155722079447885
-0.000803020605836777 0.155620428772024
-0.000795069906769086 0.155519927468704
-0.000787197927494145 0.155420561448627
-0.000779403888608064 0.155322316810755
-0.000771687018423826 0.155225179839673
-0.000764046552894877 0.155129137002986
-0.000756481735539482 0.155034174948745
-0.000748991817365824 0.154940280502922
-0.000741576056797845 0.154847440666886
-0.000734233719601827 0.154755642614947
-0.00072696407881369 0.154664873691771
-0.00071976641466702 0.154575121520619
-0.000712640014521802 0.15448637366208
-0.000705584172793863 0.154398617866568
-0.000698598190885013 0.154311842237941
-0.000691681377113875 0.154226034936134
-0.0006848330466474 0.154141183751325
-0.00067805252143307 0.154057278218346
-0.000671339130131752 0.153974306402777
-0.00066469220805124 0.153892258113735
-0.000658111097080435 0.153811119815789
-0.0006515951456241939 0.153730882049399
-0.000645143708538805 0.153651534429129
-0.000638756147068124 0.153573065723406
-0.000632431828780321 0.153495465613035
-0.000626170127505268 0.153418724362556
-0.000619970423272543 0.153342830555482
-0.000613832102250043 0.153267774649438
-0.00060775455668321 0.153193546656667
-0.000601737184834862 0.153120137081992
-0.000595779390925606 0.153047535525422
-0.000589880585074857 0.152975732745515
-0.000584040183242433 0.152904719286085
-0.000578257607170726 0.152834485812826
-0.000572532284327451 0.152765023112381
-0.000566863647848961 0.152696322090767
-0.00056125113648412 0.152628373771727
-0.000555694194538733 0.152561169295077
-0.000550192271820528 0.152494700040064
-0.000544744823584681 0.152428957123698
-0.000539351310479882 0.152363932150749
-0.000534011198494933 0.152299616625499
-0.000528723958905874 0.152236002404761
-0.0005234890682236369 0.152173081213139
-0.000518306008142215 0.152110844958405
-0.000513174265487342 0.152049285651956
-0.000508093332165685 0.15198839540735
-0.00050306270511454 0.15192816643891
-0.0004980818862520199 0.151868591060263
-0.000493150382427742 0.151809661682995
-0.000488267705374002 0.151751370815235
-0.000483433371657428 0.151693711060327
-0.000478646902631117 0.151636675115494
-0.000473907824387244 0.151580255770526
-0.000469215667710143 0.151524445906482
-0.000464569968029844 0.151469238494434
-0.000459970265376083 0.15141462659419
-0.000455416104332756 0.151360603353069
-0.000450907033992828 0.151307162004701
-0.000446442607913691 0.151254295867792
-0.000442022384072961 0.151201998344972
-0.000437645924824714 0.151150262925753
-0.000433312796856152 0.151099083169238
-0.000429022571144705 0.151048452726624
-0.00042477482291555 0.150998365324794
-0.000420569131599554 0.150948814768824
-0.000416405080791638 0.150899794941011
-0.000412282258209542 0.150851299799762
-0.000408200255653012 0.150803323378593
-0.000404158668963379 0.150755859784848
-0.000400157097983543 0.150708903199416
-0.00039619514651836 0.150662447874922
-0.000392272422295405 0.150616488134681
-0.000388388536926144 0.150571018372568
-0.000384543105867469 0.150526033051416
-0.000380735748383633 0.15048152670223
-0.000376966087508547 0.150437493923263
-0.000373233750008463 0.150393929379112
-0.000369538366345013 0.150350827799808
-0.000365879570638626 0.150308183979905
-0.000362257000632303 0.150265992777686
-0.000358670297655746 0.150224249114276
-0.000355119106589847 0.150182947972517
-0.000351603075831532 0.150142084397374
-0.000348121857258943 0.150101653493552
-0.000344675106196973 0.150061650426133
-0.000341262481383142 0.150022070341695
-0.000337883644933803 0.149982908655416
-0.000334538262310697 0.149944160641054
-0.000331226002287818 0.149905821423885
-0.000327946536918632 0.149867886938571
-0.000324699541503596 0.14983035252165
-0.000321484694558016 0.149793214168095
-0.000318301677780214 0.149756466401555
-0.000315150176020014 0.149720105166295
-0.000312029877247538 0.149684127514168
-0.000308940472522315 0.149648527638517
-0.000305881655962688 0.149613301885008
-0.000302853124715533 0.149578446192385
-0.00029985457892627 0.149543956452332
-0.000296885721709178 0.149509828615017
-0.000293946259117998 0.149476058702688
-0.00029103590011683 0.149442642776689
-0.000288154356551317 0.149409576945155
-0.000285301343120116 0.149376857362397
-0.000282476577346649 0.149344480227418
-0.000279679779551138 0.149312441787027
-0.000276910672822909 0.149280738329122
-0.000274168982992979 0.149249366186652
-0.00027145443860691 0.149218321735754
-0.00026876677089793 0.149187601523017
-0.000266105713760327 0.149157201753609
-0.000263471003723096 0.14912711905778
-0.000260862379923858 0.149097349978908
-0.000258279584083027 0.149067891100837
-0.000255722360478245 0.149038739363577
-0.000253190455919054 0.149009890481653
-0.000250683619721836 0.148981342105881
-0.000248201603684986 0.148953090666727
-0.000245744162064343 0.148925132924341
-0.000243311051548854 0.148897465712961
-0.000240902031236489 0.148870085879185
-0.000238516862610385 0.148842990312489
-0.000236155309515233 0.148816175938249
-0.000233817138133894 0.148789639717415
-0.000231502116964252 0.148763378646046
-0.000229210016796289 0.148737389754865
-0.000226940610689395 0.14871167010882
-0.000224693673949896 0.148686216806654
-0.000222468984108808 0.148661026980473
-0.00022026632089981 0.148636097795479
-0.000218085466237435 0.148611426448974
-0.000215926204195481 0.14858701017078
-0.000213788320985624 0.148562846222311
-0.000211671604936262 0.148538931896292
-0.000209575846471546 0.148515264516383
-0.00020750083809064 0.148491841436769
-0.000205446374347168 0.1484686600418
-0.000203412251828879 0.148445717745597
-0.000201398269137504 0.148423011991696
-0.000199404226868816 0.148400540252674
-0.000197429927592887 0.148378300029789
-0.000195475175834542 0.148356288852624
-0.000193539778054002 0.148334504278732
-0.000191623542627725 0.148312943893304
-0.00018972627982943 0.148291605308811
-0.000187847801811317 0.148270486164678
-0.000185987922585462 0.14824958412694
-0.000184146458005408 0.148228896887941
-0.000182323225747929 0.148208422165974
-0.000180518045294979 0.148188157704994
-0.000178730737915821 0.148168101274287
-0.000176961126649328 0.148148250668164
-0.000175209036286463 0.14812860370566
-0.000173474293352934 0.148109158230221
-0.000171756726092014 0.148089912109425
-0.000170056164447538 0.148070863234665
-0.000168372440047068 0.148052009520882
-0.000166705386185215 0.148033348906285
-0.000165054837807144 0.148014879351995
-0.000163420631492222 0.147996598841895
-0.000161802605437843 0.147978505382254
-0.000160200599443409 0.147960597001496
-0.000158614454894465 0.147942871749926
-0.000157044014746995 0.147925327699455
-0.000155489123511876 0.147907962943398
-0.000153949627239481 0.147890775596126
-0.000152425373504437 0.147873763792875
-0.000150916211390531 0.147856925685934
-0.000149421991475774 0.147840259462151
-0.000147942565817598 0.147823763307177
-0.000146477787938216 0.147807435440736
-0.000145027512810114 0.147791274098657
-0.000143591596841697 0.147775277532893
-0.000142169897863067 0.1477594440241
-0.000140762275111947 0.147743771862566
-0.00013936858921975 0.147728259360343
-0.000137988702197772 0.147712905154057
-0.000136622477423537 0.147697706980325
-0.000135269779627264 0.147682663512198
-0.000133930474878479 0.147667773134415
-0.000132604430572752 0.147653034249374
-0.000131291515418566 0.147638445276935
-0.000129991599424323 0.147624004654189
-0.000128704553885468 0.147609710835338
-0.000127430251371751 0.147595562291565
-0.000126168565714605 0.14758155751177
-0.000124919371994658 0.147567695018992
-0.000123682546529364 0.147553973279714
-0.000122457966860757 0.147540390851728
-0.000121245511743324 0.147526946318487
-0.000120045061132003 0.147513638228486
-0.0001188564961703 0.147500465164566
-0.000117679699178515 0.147487425725286
-0.000116514553642094 0.147474518524483
-0.000115360944200093 0.147461742190958
-0.000114218756633756 0.147449095368312
-0.000113087877855204 0.147436576714769
-0.000111968195896241 0.147424184903009
-0.000110859599897269 0.147411918620017
-0.000109761980096306 0.147399776566899
-0.000108675227818124 0.14738775745873
-0.00010759923546349 0.147375860024391
-0.000106533896498505 0.147364083006413
-0.000105479105444064 0.14735242516082
-0.00010443475786541 0.147340885256974
-0.000103400750361792 0.147329462077424
-0.00010237698055623 0.147318154417756
-0.000101363347085376 0.147306961086439
-0.000100359749589481 0.147295880904689
-9.93660887024564e-05 0.147284912706313
-9.838226604203611e-05 0.147274055337575
-9.74081842000357e-05 0.14726330765705
-9.64437467327086e-05 0.147252668535484
-9.548885815119661e-05 0.147242136855658
-9.45434239120759e-05 0.147231711512253
-9.36073504079959e-05 0.147221391411713
-9.26805449584118e-05 0.147211175472116
-9.17629158004077e-05 0.147201062623039
-9.08543720796116e-05 0.147191051805428
-8.995482384119961e-05 0.147181141971476
-8.90641820209897e-05 0.147171332084492
-8.81823584366235e-05 0.147161621118777
-8.730926577883521e-05 0.147152008059497
-8.64448176028071e-05 0.147142491902574
-8.5588928319611e-05 0.147133071654551
-8.474151318773359e-05 0.14712374633248
-8.39024883046868e-05 0.147114514963803
-8.307177059869981e-05 0.147105376586241
-8.22492778204948e-05 0.147096330247673
-8.143492853514339e-05 0.147087375006025
-8.062864211400339e-05 0.147078509929162
-7.9830338726736e-05 0.147069734094766
-7.9039939333402e-05 0.147061046591242
-7.82573656766356e-05 0.147052446512641
-7.74825402738966e-05 0.147043932968409
-7.671538640979859e-05 0.147035505073472
-7.59558281285135e-05 0.147027161953076
-7.5203790226251e-05 0.147018902741594
-7.44591982438129e-05 0.147010726582509
-7.37219784592207e-05 0.147002632628295
-7.299205788041651e-05 0.146994620040312
-7.22693642380361e-05 0.146986687988717
-7.155382597825361e-05 0.146978835652356
-7.084537225569659e-05 0.146971062218678
-7.01439329264323e-05 0.146963366883636
-6.944943854102211e-05 0.146955748851597
-6.876182033764561e-05 0.146948207335244
-6.80810102352927e-05 0.14694074155549
-6.74069408270225e-05 0.146933350741388
-6.673954537328961e-05 0.146926034130037
-6.607875779533621e-05 0.146918790966502
-6.54245126686497e-05 0.146911620503719
-6.477674521648491e-05 0.146904522002414
-6.41353913034504e-05 0.146897494731017
-6.350038742915879e-05 0.146890537965578
-6.28716707219394e-05 0.146883650989684
-6.22491789326132e-05 0.146876833094377
-6.16328504283299e-05 0.146870083578075
-6.10226241864653e-05 0.146863401746487
-6.04184397885795e-05 0.146856786912541
-5.98202374144351e-05 0.146850238396298
-5.92279578360744e-05 0.146843755524881
-5.86415424119548e-05 0.146837337632397
-5.80609330811434e-05 0.146830984060355
-5.74860723575677e-05 0.146824694155637
-5.69169033243245e-05 0.146818467273318
-5.6353369628044e-05 0.146812302774692
-5.57954154733109e-05 0.146806200027667
-5.52429856171395e-05 0.146800158406693
-5.46960253635045e-05 0.146794177292693
-5.41544805579252e-05 0.146788256072993
-5.36182975821042e-05 0.146782394141262
-5.3087423348618e-05 0.146776590897419
-5.25618052956614e-05 0.146770845747595
-5.2041391381843e-05 0.146765158104048
-5.15261300810327e-05 0.146759527385107
-5.10159703772601e-05 0.146753953015099
-5.05108617596634e-05 0.146748434424292
-5.00107542174885e-05 0.146742971048826
-4.95155982351372e-05 0.146737562330653
-4.90253447872645e-05 0.146732207717477
-4.85399453339253e-05 0.146726906662685
-4.80593518157676e-05 0.146721658625298
-4.75835166492748e-05 0.146716463069898
-4.71123927220543e-05 0.14671131946658
-4.66459333881726e-05 0.146706227290887
-4.61840924635372e-05 0.146701186023753
-4.5726824221324e-05 0.146696195151448
-4.52740833874495e-05 0.146691254163998
-4.48258251360886e-05 0.14668636256117
-4.43820050852362e-05 0.146681519843418
-4.39425792923131e-05 0.146676725517788
-4.35075042498149e-05 0.146671979096381
-4.30767368810049e-05 0.146667280096307
-4.26502345356484e-05 0.14666262803962
-4.22279549857905e-05 0.146658022453278
-4.18098564215747e-05 0.146653462869083
-4.13958974471037e-05 0.146648948823631
-4.09860370763403e-05 0.146644479858266
-4.05802347290498e-05 0.146640055519025
-4.0178450226782e-05 0.14663567535659
-3.97806437888931e-05 0.14663133892624
-3.9386776028607e-05 0.146627045787799
-3.89968079491158e-05 0.146622795505594
-3.86107009397186e-05 0.146618587648408
-3.82284167719987e-05 0.146614421789421
-3.78499175960383e-05 0.146610297506177
-3.74751659366716e-05 0.146606214380535
-3.71041246897738e-05 0.14660217199862
-3.67367571185879e-05 0.146598169950781
-3.63730268500871e-05 0.146594207831549
-3.60128978713733e-05 0.146590285239585
-3.56563345261122e-05 0.146586401777648
-3.53033015110022e-05 0.146582557052538
-3.49537638722794e-05 0.146578750675073
-3.46076870022568e-05 0.146574982260024
-3.42650366358979e-05 0.146571251426363
-3.39257788474236e-05 0.146567557796147
-3.35898800469541e-05 0.146563900996058
-3.32573069771823e-05 0.146560280656326
-3.29280267100814e-05 0.146556696410935
-3.2602006643645e-05 0.146553147897307
-3.22792144986584e-05 0.146549634757413
-3.19596183155034e-05 0.146546156636018
-3.16431864509934e-05 0.146542713181762
-3.1329887575241e-05 0.146539304046868
-3.10196906685555e-05 0.146535928887086
-3.07125650183718e-05 0.146532587361664
-3.04084802162097e-05 0.146529279133312
-3.0107406154663e-05 0.146526003868164
-2.98093130244188e-05 0.146522761235737
-2.95141713113058e-05 0.146519550908903
-2.92219517933721e-05 0.146516372563867
-2.89326255379921e-05 0.14651322588009
-2.86461638990021e-05 0.146510110540304
-2.83625385138635e-05 0.146507026230324
-2.80817213008549e-05 0.14650397263966
-2.7803684456292e-05 0.1465009494602
-2.75284004517743e-05 0.146497956387468
-2.72558420314597e-05 0.146494993120003
-2.6985982209366e-05 0.14649205935921
-2.6718794266699e-05 0.146489154809708
-2.64542517492069e-05 0.146486279179025
-2.61923284645613e-05 0.146483432177693
-2.59329984797637e-05 0.146480613519035
-2.56762361185779e-05 0.146477822919628
-2.5422015958988e-05 0.146475060098437
-2.51703128306812e-05 0.146472324777578
-2.49211018125557e-05 0.146469616681901
-2.46743582302531e-05 0.146466935539035
-2.4430057653716e-05 0.146464281079352
-2.41881758947683e-05 0.146461653035971
-2.39486890047211e-05 0.146459051144726
-2.37115732720011e-05 0.146456475143989
-2.3476805219803e-05 0.146453924774971
-2.32443616037654e-05 0.14645139978137
-2.30142194096687e-05 0.146448899909481
-2.27863558511571e-05 0.146446424908296
-2.25607483674823e-05 0.146443974529095
-2.23373746212696e-05 0.146441548525881
-2.21162124963065e-05 0.146439146655096
-2.1897240095353e-05 0.146436768675699
-2.16804357379733e-05 0.146434414349165
-2.14657779583894e-05 0.146432083439715
-2.12532455033558e-05 0.146429775715062
-2.10428173300553e-05 0.146427490953687
-2.08344726040151e-05 0.146425228872358
-2.06281906970447e-05 0.146422989282647
-2.04239511851927e-05 0.146420771997619
-2.02217338467255e-05 0.146418576754531
-2.00215186601242e-05 0.146416403337388
-1.98232858021032e-05 0.146414251528915
-1.96270156456467e-05 0.146412121113713
-1.94326887580661e-05 0.146410011878264
-1.92402858990753e-05 0.146407923611331
-1.90497880188865e-05 0.146405856103625
-1.88611762563232e-05 0.146403809147993
-1.86744319369537e-05 0.146401782539448
-1.84895365712413e-05 0.14639977607477
-1.83064718527141e-05 0.146397789553074
-1.81252196561526e-05 0.146395822775392
-1.79457620357947e-05 0.146393875544757
-1.77680812235591e-05 0.146391947666169
-1.75921596272862e-05 0.146390038946603
-1.74179798289962e-05 0.146388149194959
-1.72455245831646e-05 0.14638627822207
-1.70747768150145e-05 0.146384425840653
-1.69057196188262e-05 0.146382591865322
-1.67383362562636e-05 0.146380776112538
-1.65726101547164e-05 0.146378978400615
-1.64085249056598e-05 0.146377198549685
-1.62460642630295e-05 0.146375436381698
-1.60852121416134e-05 0.146373691720354
-1.59259526154588e-05 0.146371964391172
-1.57682699162958e-05 0.146370254221392
-1.56121484319761e-05 0.146368561039986
-1.54575727049268e-05 0.14636688467767
-1.53045274306206e-05 0.146365224966792
-1.515299745606e-05 0.146363581741466
-1.50029677782772e-05 0.146361954837417
-1.48544235428487e-05 0.146360344092025
-1.47073500424245e-05 0.146358749344308
-1.45617327152718e-05 0.14635717043493
-1.44175571438334e-05 0.146355607206002
-1.42748090533004e-05 0.146354059501444
-1.41334743101984e-05 0.14635252716659
-1.39935389209886e-05 0.146351010048356
-1.38549890306817e-05 0.146349507995198
-1.37178109214671e-05 0.146348020857089
-1.35819910113535e-05 0.146346548485501
-1.34475158528253e-05 0.146345090733597
-1.33143721315102e-05 0.146343647455405
-1.31825466648616e-05 0.14634221850702
-1.3052026400853e-05 0.14634080374578
-1.29227984166862e-05 0.146339403030437
-1.27948499175111e-05 0.146338016221177
-1.26681682351595e-05 0.146336643179571
-1.25427408268906e-05 0.146335283768578
-1.24185552741491e-05 0.14633393785253
-1.22955992813357e-05 0.146332605297115
-1.21738606745898e-05 0.146331285969364
-1.2053327400584e-05 0.146329979737641
-1.19339875253307e-05 0.146328686471474
-1.18158292330007e-05 0.146327406042146
-1.16988408247531e-05 0.146326138321776
-1.15830107175774e-05 0.146324883183915
-1.14683274431459e-05 0.146323640503375
-1.13547796466791e-05 0.14632241015622
-1.12423560858209e-05 0.146321192019755
-1.11310456295256e-05 0.146319985972509
-1.10208372569561e-05 0.146318791894226
-1.09117200563922e-05 0.14631760966585
-1.08036832241506e-05 0.146316439169507
-1.06967160635155e-05 0.146315280288532
-1.05908079836787e-05 0.146314132907391
-1.04859484986918e-05 0.146312996911716
-1.03821272264275e-05 0.146311872188283
-1.0279333887552e-05 0.146310758624999
-1.01775583045069e-05 0.146309656110884
-1.00767904005019e-05 0.146308564536077
-9.977020198516739e-06 0.146307483791805
-9.878237820313601e-06 0.146306413770386
-9.780433485459009e-06 0.146305354365214
-9.68359751035546e-06 0.146304305470734
-9.587720307282629e-06 0.146303266982466
-9.492792383448151e-06 0.146302238796958
-9.39880434004767e-06 0.146301220811796
-9.30574687133433e-06 0.146300212925585
-9.21361076369735e-06 0.146299215037944
-9.12238689474986e-06 0.146298227049493
-9.0320662324256e-06 0.146297248861843
-8.942639834084751e-06 0.146296280377587
-8.85409884562847e-06 0.146295321500291
-8.76643450062225e-06 0.146294372135687
-8.679638119427971e-06 0.146293432185632
-8.593701108344519e-06 0.146292501560173
-8.508614958756951e-06 0.146291580165455
-8.42437124629401e-06 0.146290667909757
-8.34096162999407e-06 0.146289764702273
-8.25837785147928e-06 0.146288870453102
-8.1766117341379e-06 0.146287985073239
-8.09565518231475e-06 0.146287108474572
-8.01550018050966e-06 0.146286240569849
-7.93613879258382e-06 0.146285381272717
-7.85756316097408e-06 0.146284530497648
-7.77976550591493e-06 0.146283688159995
-7.702738124668249e-06 0.146282854175946
-7.62647339076064e-06 0.146282028462522
-7.55096375322836e-06 0.146281210937574
-7.47620173586966e-06 0.146280401519769
-7.40217993650461e-06 0.146279600128586
-7.32889102624219e-06 0.146278806684304
-7.25632774875465e-06 0.146278021107999
-7.18448291955906e-06 0.146277243321532
-7.113349425306e-06 0.146276473247541
-7.04292022307524e-06 0.146275710809437
-6.97318833967846e-06 0.146274955931389
-6.90414687096877e-06 0.146274208538332
-6.8357889811572e-06 0.146273468555937
-6.76810790213584e-06 0.146272735910621
-6.70109693280776e-06 0.14627201052953
-6.63474943842353e-06 0.146271292340541
-6.56905884992428e-06 0.146270581272244
-6.50401866329137e-06 0.146269877253941
-6.43962243890235e-06 0.14626918021564
-6.37586380089341e-06 0.146268490088044
-6.31273643652813e-06 0.146267806802547
-6.25023409557241e-06 0.146267130291223
-6.18835058967565e-06 0.146266460486826
-6.12707979175807e-06 0.146265797322776
-6.06641563540403e-06 0.146265140733159
-6.00635211426141e-06 0.146264490652714
-5.94688328144694e-06 0.14626384701683
-5.88800324895737e-06 0.14626320976154
-5.82970618708651e-06 0.146262578823513
-5.77198632384803e-06 0.146261954140048
-5.71483794440399e-06 0.146261335649068
-5.658255390499e-06 0.146260723289112
-5.6022330599e-06 0.146260116999334
-5.54676540584158e-06 0.146259516719489
-5.49184693647681e-06 0.146258922389936
-5.43747221433348e-06 0.146258333951623
-5.38363585577572e-06 0.146257751346087
-5.33033253047101e-06 0.146257174515448
-5.27755696086239e-06 0.146256603402399
-5.22530392164593e-06 0.146256037950205
-5.17356823925339e-06 0.146255478102693
-5.12234479133999e-06 0.146254923804251
-5.07162850627722e-06 0.14625437499982
-5.02141436265071e-06 0.146253831634885
-4.97169738876308e-06 0.146253293655477
-4.92247266214166e-06 0.146252761008162
-4.87373530905115e-06 0.146252233640037
-4.82548050401104e-06 0.146251711498726
-4.77770346931786e-06 0.146251194532372
-4.73039947457214e-06 0.146250682689635
-4.68356383621004e-06 0.146250175919684
-4.63719191703965e-06 0.146249674172196
-4.59127912578183e-06 0.146249177397345
-4.54582091661567e-06 0.146248685545803
-4.50081278872839e-06 0.146248198568729
-4.45625028586969e-06 0.14624771641777
-4.41212899591058e-06 0.146247239045053
-4.36844455040652e-06 0.146246766403181
-4.32519262416487e-06 0.146246298445226
-4.2823689348167e-06 0.146245835124729
-4.23996924239277e-06 0.146245376395692
-4.19798934890374e-06 0.146244922212574
-4.15642509792449e-06 0.146244472530284
-4.11527237418267e-06 0.146244027304183
-4.07452710315115e-06 0.146243586490074
-4.03418525064471e-06 0.146243150044198
-3.9942428224205e-06 0.146242717923231
-3.95469586378268e-06 0.14624229008428
-3.91554045919077e-06 0.146241866484879
-3.87677273187205e-06 0.146241447082983
-3.83838884343767e-06 0.146241031836963
-3.80038499350264e-06 0.146240620705607
-3.76275741930955e-06 0.146240213648109
-3.72550239535599e-06 0.14623981062407
-3.68861623302573e-06 0.146239411593492
-3.6520952802235e-06 0.146239016516774
-3.61593592101336e-06 0.14623862535471
-3.58013457526076e-06 0.14623823806848
-3.54468769827798e-06 0.146237854619651
-3.50959178047324e-06 0.146237474970175
-3.47484334700321e-06 0.146237099082376
-3.44043895742892e-06 0.146236726918956
-3.40637520537517e-06 0.146236358442988
-3.37264871819324e-06 0.146235993617906
-3.33925615662697e-06 0.146235632407516
-3.30619421448215e-06 0.146235274775976
-3.27345961829915e-06 0.146234920687803
-3.24104912702887e-06 0.146234570107864
-3.20895953171175e-06 0.146234223001379
-3.17718765516015e-06 0.146233879333908
-3.14573035164371e-06 0.146233539071359
-3.11458450657793e-06 0.146233202179973
-3.08374703621577e-06 0.146232868626329
-3.05321488734235e-06 0.146232538377336
-3.02298503697262e-06 0.146232211400233
-2.9930544920521e-06 0.146231887662585
-2.9634202891605e-06 0.146231567132275
-2.93407949421831e-06 0.14623124977751
-2.90502920219635e-06 0.146230935566809
-2.87626653682807e-06 0.146230624469004
-2.84778865032482e-06 0.146230316453239
-2.81959272309388e-06 0.146230011488958
-2.79167596345929e-06 0.146229709545916
-2.76403560738544e-06 0.146229410594163
-2.7366689182034e-06 0.146229114604048
-2.70957318634e-06 0.146228821546214
-2.68274572904951e-06 0.146228531391595
-2.65618389014803e-06 0.146228244111413
-2.62988503975052e-06 0.146227959677178
-2.60384657401042e-06 0.14622767806068
-2.5780659148618e-06 0.14622739923399
-2.55254050976416e-06 0.146227123169456
-2.52726783144966e-06 0.146226849839701
-2.50224537767293e-06 0.146226579217619
-2.4774706709633e-06 0.146226311276372
-2.4529412583795e-06 0.146226045989391
-2.42865471126683e-06 0.146225783330367
-2.40460862501667e-06 0.146225523273256
-2.38080061882838e-06 0.146225265792269
-2.35722833547365e-06 0.146225010861874
-2.33388944106302e-06 0.146224758456794
-2.31078162481487e-06 0.146224508551999
-2.2879025988266e-06 0.14622426112271
-2.26525009784812e-06 0.146224016144396
-2.24282187905755e-06 0.146223773592763
-2.22061572183915e-06 0.146223533443765
-2.19862942756352e-06 0.146223295673589
-2.17686081936982e-06 0.14622306025866
-2.15530774195032e-06 0.14622282717564
-2.13396806133695e-06 0.146222596401418
-2.11283966469005e-06 0.146222367913113
-2.09192046008916e-06 0.146222141688075
-2.0712083763259e-06 0.146221917703872
-2.05070136269891e-06 0.146221695938301
-2.0303973888108e-06 0.146221476369374
-2.01029444436713e-06 0.146221258975325
-1.99039053897736e-06 0.146221043734602
-1.97068370195778e-06 0.146220830625868
-1.95117198213641e-06 0.146220619627994
-1.93185344765982e-06 0.146220410720065
-1.9127261858018e-06 0.146220203881372
-1.89378830277406e-06 0.14621999909141
-1.87503792353867e-06 0.146219796329879
-1.85647319162245e-06 0.146219595576678
-1.83809226893311e-06 0.146219396811908
-1.81989333557734e-06 0.146219200015867
-1.80187458968054e-06 0.146219005169048
-1.78403424720845e-06 0.146218812252135
-1.76637054179055e-06 0.146218621246007
-1.74888172454509e-06 0.14621843213173
-1.73156606390603e-06 0.146218244890562
-1.71442184545152e-06 0.14621805950394
-1.69744737173418e-06 0.146217875953492
-1.68064096211305e-06 0.146217694221022
-1.66400095258717e-06 0.14621751428852
-1.64752569563087e-06 0.146217336138151
-1.63121356003056e-06 0.146217159752259
-1.61506293072333e-06 0.146216985113359
-1.59907220863696e-06 0.146216812204146
-1.58323981053164e-06 0.146216641007479
-1.56756416884321e-06 0.146216471506393
-1.55204373152793e-06 0.146216303684089
-1.53667696190884e-06 0.146216137523934
-1.52146233852361e-06 0.146215973009461
-1.50639835497387e-06 0.146215810124365
-1.49148351977611e-06 0.146215648852503
-1.47671635621397e-06 0.146215489177893
-1.46209540219205e-06 0.14621533108471
-1.44761921009113e-06 0.146215174557287
-1.43328634662489e-06 0.146215019580113
-1.41909539269791e-06 0.146214866137828
-1.40504494326525e-06 0.146214714215227
-1.39113360719332e-06 0.146214563797255
-1.3773600071221e-06 0.146214414869005
-1.36372277932881e-06 0.146214267415719
-1.35022057359288e-06 0.146214121422785
-1.33685205306226e-06 0.146213976875737
-1.32361589412105e-06 0.146213833760248
-1.31051078625847e-06 0.14621369206214
-1.29753543193907e-06 0.146213551767369
-1.28468854647433e-06 0.146213412862035
-1.27196885789538e-06 0.146213275332373
-1.25937510682711e-06 0.146213139164754
-1.24690604636347e-06 0.146213004345686
-1.23456044194403e-06 0.146212870861811
-1.22233707123171e-06 0.146212738699901
-1.2102347239918e-06 0.146212607846861
-1.19825220197208e-06 0.146212478289725
-1.18638831878423e-06 0.146212350015657
-1.17464189978637e-06 0.146212223011946
-1.1630117819667e-06 0.146212097266007
-1.15149681382842e-06 0.146211972765382
-1.14009585527566e-06 0.146211849497736
-1.12880777750065e-06 0.146211727450853
-1.11763146287194e-06 0.146211606612642
-1.1065658048237e-06 0.14621148697113
-1.09560970774624e-06 0.146211368514463
-1.08476208687746e-06 0.146211251230904
-1.07402186819551e-06 0.146211135108834
-1.06338798831238e-06 0.146211020136747
-1.0528593943687e-06 0.146210906303252
-1.0424350439294e-06 0.146210793597071
-1.0321139048806e-06 0.146210682007037
-1.02189495532732e-06 0.146210571522094
-1.0117771834924e-06 0.146210462131297
-1.00175958761624e-06 0.146210353823807
1.00175958761624e-06 0.146188696933275
1.0117771834924e-06 0.146188588671869
1.02189495532732e-06 0.146188479328071
1.0321139048806e-06 0.146188368891073
1.0424350439294e-06 0.146188257349946
1.0528593943687e-06 0.146188144693655
1.06338798831238e-06 0.146188030911053
1.07402186819551e-06 0.146187915990881
1.08476208687746e-06 0.146187799921771
1.09560970774624e-06 0.146187682692237
1.1065658048237e-06 0.14618756429068
1.11763146287194e-06 0.146187444705387
1.12880777750065e-06 0.146187323924524
1.14009585527566e-06 0.146187201936142
1.15149681382842e-06 0.14618707872817
1.1630117819667e-06 0.146186954288422
1.17464189978637e-06 0.146186828604583
1.18638831878423e-06 0.146186701664219
1.19825220197208e-06 0.146186573454771
1.2102347239918e-06 0.146186443963556
1.22233707123171e-06 0.14618631317776
1.23456044194403e-06 0.146186181084447
1.24690604636347e-06 0.146186047670547
1.25937510682711e-06 0.146185912922861
1.27196885789538e-06 0.146185776828059
1.28468854647433e-06 0.146185639372677
1.29753543193907e-06 0.146185500543116
1.31051078625847e-06 0.146185360325641
1.32361589412105e-06 0.146185218706382
1.33685205306226e-06 0.146185075671329
1.35022057359288e-06 0.146184931206331
1.36372277932881e-06 0.146184785297099
1.3773600071221e-06 0.146184637929196
1.39113360719332e-06 0.146184489088045
1.40504494326525e-06 0.146184338758923
1.41909539269791e-06 0.146184186926958
1.43328634662489e-06 0.146184033577131
1.44761921009113e-06 0.146183878694272
1.46209540219205e-06 0.146183722263061
1.47671635621397e-06 0.146183564268025
1.49148351977611e-06 0.146183404693533
1.50639835497387e-06 0.146183243523802
1.52146233852361e-06 0.146183080742888
1.53667696190884e-06 0.146182916334693
1.55204373152793e-06 0.146182750282952
1.56756416884321e-06 0.146182582571241
1.58323981053164e-06 0.146182413182971
1.59907220863696e-06 0.146182242101388
1.61506293072333e-06 0.146182069309571
1.63121356003056e-06 0.146181894790428
1.64752569563087e-06 0.146181718526699
1.66400095258717e-06 0.146181540500948
1.68064096211305e-06 0.14618136069557
1.69744737173418e-06 0.14618117909278
1.71442184545152e-06 0.146180995674617
1.73156606390603e-06 0.146180810422939
1.74888172454509e-06 0.146180623319428
1.76637054179055e-06 0.146180434345575
1.78403424720845e-06 0.146180243482693
1.80187458968054e-06 0.146180050711906
1.81989333557734e-06 0.146179856014149
1.83809226893311e-06 0.146179659370167
1.85647319162245e-06 0.146179460760513
1.87503792353867e-06 0.146179260165545
1.89378830277406e-06 0.146179057565427
1.9127261858018e-06 0.146178852940123
1.93185344765982e-06 0.146178646269397
1.95117198213641e-06 0.146178437532811
1.97068370195778e-06 0.146178226709725
1.99039053897736e-06 0.146178013779292
2.01029444436713e-06 0.146177798720453
2.0303973888108e-06 0.146177581511946
2.05070136269891e-06 0.146177362132289
2.0712083763259e-06 0.146177140559792
2.09192046008916e-06 0.146176916772545
2.11283966469005e-06 0.14617669074842
2.13396806133695e-06 0.146176462465068
2.15530774195032e-06 0.146176231899913
2.17686081936982e-06 0.146175999030166
2.19862942756352e-06 0.146175763832799
2.22061572183915e-06 0.14617552628456
2.24282187905755e-06 0.146175286361956
2.26525009784812e-06 0.14617504404127
2.2879025988266e-06 0.146174799298538
2.31078162481487e-06 0.146174552109573
2.33388944106302e-06 0.146174302449931
2.35722833547365e-06 0.146174050294935
2.38080061882838e-06 0.146173795619646
2.40460862501667e-06 0.146173538398895
2.42865471126683e-06 0.146173278607249
2.4529412583795e-06 0.146173016219027
2.4774706709633e-06 0.14617275120829
2.50224537767293e-06 0.146172483548841
2.52726783144966e-06 0.14617221321422
2.55254050976416e-06 0.146171940177704
2.5780659148618e-06 0.146171664412304
2.60384657401042e-06 0.14617138589076
2.62988503975052e-06 0.146171104585541
2.65618389014803e-06 0.146170820468842
2.68274572904951e-06 0.146170533512579
2.70957318634e-06 0.14617024368839
2.7366689182034e-06 0.146169950967626
2.76403560738544e-06 0.146169655321357
2.79167596345929e-06 0.146169356720361
2.81959272309388e-06 0.146169055135126
2.84778865032482e-06 0.146168750535846
2.87626653682807e-06 0.146168442892415
2.90502920219635e-06 0.146168132174426
2.93407949421831e-06 0.146167818351179
2.9634202891605e-06 0.14616750139166
2.9930544920521e-06 0.146167181264537
3.02298503697262e-06 0.14616685793818
3.05321488734235e-06 0.14616653138063
3.08374703621577e-06 0.146166201559628
3.11458450657793e-06 0.146165868442582
3.14573035164371e-06 0.146165531996564
3.17718765516015e-06 0.146165192188335
3.20895953171175e-06 0.146164848984317
3.24104912702887e-06 0.1461645023506
3.27345961829915e-06 0.146164152252932
3.30619421448215e-06 0.146163798656722
3.33925615662697e-06 0.146163441527034
3.37264871819324e-06 0.146163080828584
3.40637520537517e-06 0.146162716525733
3.44043895742892e-06 0.146162348582491
3.47484334700321e-06 0.146161976962505
3.50959178047324e-06 0.14616160162906
3.54468769827798e-06 0.146161222545083
3.58013457526076e-06 0.146160839673121
3.61593592101336e-06 0.146160452975354
3.6520952802235e-06 0.146160062413578
3.68861623302573e-06 0.146159667949215
3.72550239535599e-06 0.146159269543301
3.76275741930955e-06 0.146158867156482
3.80038499350264e-06 0.146158460749016
3.83838884343767e-06 0.146158050280753
3.87677273187205e-06 0.146157635711149
3.91554045919077e-06 0.14615721699927
3.95469586378268e-06 0.14615679410376
3.9942428224205e-06 0.14615636698284
4.03418525064471e-06 0.14615593559434
4.07452710315115e-06 0.146155499895654
4.11527237418267e-06 0.146155059843759
4.15642509792449e-06 0.146154615395181
4.19798934890374e-06 0.146154166506049
4.23996924239277e-06 0.14615371313203
4.2823689348167e-06 0.146153255228356
4.32519262416487e-06 0.146152792749811
4.36844455040652e-06 0.146152325650731
4.41212899591058e-06 0.146151853884986
4.45625028586969e-06 0.146151377406018
4.50081278872839e-06 0.146150896166778
4.54582091661567e-06 0.146150410119737
4.59127912578183e-06 0.146149919216926
4.63719191703965e-06 0.146149423409891
4.68356383621004e-06 0.146148922649658
4.73039947457214e-06 0.146148416886806
4.77770346931786e-06 0.146147906071411
4.82548050401104e-06 0.146147390153025
4.87373530905115e-06 0.146146869080769
4.92247266214166e-06 0.146146342803188
4.97169738876308e-06 0.146145811268336
5.02141436265071e-06 0.146145274423752
5.07162850627722e-06 0.146144732216451
5.12234479133999e-06 0.146144184592921
5.17356823925339e-06 0.146143631499118
5.22530392164593e-06 0.146143072880457
5.27755696086239e-06 0.146142508681814
5.33033253047101e-06 0.146141938847509
5.38363585577572e-06 0.146141363321321
5.43747221433348e-06 0.146140782046454
5.49184693647681e-06 0.146140194965559
5.54676540584158e-06 0.14613960202071
5.6022330599e-06 0.146139003153398
5.658255390499e-06 0.146138398304544
5.71483794440399e-06 0.146137787414476
5.77198632384803e-06 0.146137170422927
5.82970618708651e-06 0.146136547269033
5.88800324895737e-06 0.14613591789132
5.94688328144694e-06 0.146135282227708
6.00635211426141e-06 0.146134640215494
6.06641563540403e-06 0.146133991791352
6.12707979175807e-06 0.146133336891332
6.18835058967565e-06 0.146132675450841
6.25023409557241e-06 0.146132007404648
6.31273643652813e-06 0.146131332686865
6.37586380089341e-06 0.14613065123096
6.43962243890235e-06 0.146129962969729
6.50401866329137e-06 0.146129267835309
6.56905884992428e-06 0.146128565759144
6.63474943842353e-06 0.146127856672031
6.70109693280776e-06 0.146127140504049
6.76810790213584e-06 0.146126417184599
6.8357889811572e-06 0.14612568664235
6.90414687096877e-06 0.146124948805296
6.97318833967846e-06 0.146124203600699
7.04292022307524e-06 0.146123450955103
7.113349425306e-06 0.14612269079432
7.18448291955906e-06 0.146121923043424
7.25632774875465e-06 0.146121147626746
7.32889102624219e-06 0.146120364467863
7.40217993650461e-06 0.146119573489593
7.47620173586966e-06 0.146118774613988
7.55096375322836e-06 0.146117967762325
7.62647339076064e-06 0.146117152855097
7.702738124668249e-06 0.14611632981201
7.77976550591493e-06 0.146115498551972
7.85756316097408e-06 0.146114658993082
7.93613879258382e-06 0.14611381105263
8.01550018050966e-06 0.146112954647078
8.09565518231475e-06 0.146112089692068
8.1766117341379e-06 0.146111216102395
8.25837785147928e-06 0.146110333792013
8.34096162999407e-06 0.14610944267402
8.42437124629401e-06 0.146108542660651
8.508614958756951e-06 0.14610763366327
8.593701108344519e-06 0.14610671559236
8.679638119427971e-06 0.146105788357517
8.76643450062225e-06 0.146104851867441
8.85409884562847e-06 0.146103906029918
8.942639834084751e-06 0.146102950751829
9.0320662324256e-06 0.146101985939124
9.12238689474986e-06 0.146101011496825
9.21361076369735e-06 0.146100027329003
9.30574687133433e-06 0.146099033338786
9.39880434004767e-06 0.146098029428336
9.492792383448151e-06 0.146097015498846
9.587720307282629e-06 0.146095991450531
9.68359751035546e-06 0.146094957182617
9.780433485459009e-06 0.146093912593321
9.878237820313601e-06 0.146092857579858
9.977020198516739e-06 0.146091792038425
1.00767904005019e-05 0.146090715864189
1.01775583045069e-05 0.146089628951272
1.0279333887552e-05 0.146088531192752
1.03821272264275e-05 0.146087422480649
1.04859484986918e-05 0.146086302705905
1.05908079836787e-05 0.146085171758389
1.06967160635155e-05 0.146084029526873
1.08036832241506e-05 0.14608287589903
1.09117200563922e-05 0.146081710761419
1.10208372569561e-05 0.146080533999461
1.11310456295256e-05 0.146079345497494
1.12423560858209e-05 0.146078145138635
1.13547796466791e-05 0.146076932804892
1.14683274431459e-05 0.146075708377095
1.15830107175774e-05 0.14607447173489
1.16988408247531e-05 0.146073222756734
1.18158292330007e-05 0.14607196131988
1.19339875253307e-05 0.146070687300365
1.2053327400584e-05 0.146069400572999
1.21738606745898e-05 0.146068101011353
1.22955992813357e-05 0.146066788487749
1.24185552741491e-05 0.146065462873241
1.25427408268906e-05 0.146064124037613
1.26681682351595e-05 0.146062771849355
1.27948499175111e-05 0.146061406175659
1.29227984166862e-05 0.146060026882398
1.3052026400853e-05 0.146058633834133
1.31825466648616e-05 0.146057226894078
1.33143721315102e-05 0.14605580592408
1.34475158528253e-05 0.146054370784638
1.35819910113535e-05 0.146052921334865
1.37178109214671e-05 0.146051457432484
1.38549890306817e-05 0.146049978933811
1.39935389209886e-05 0.14604848569374
1.41334743101984e-05 0.146046977565736
1.42748090533004e-05 0.14604545440181
1.44175571438334e-05 0.146043916052516
1.45617327152718e-05 0.146042362366926
1.47073500424245e-05 0.146040793192627
1.48544235428487e-05 0.146039208375701
1.50029677782772e-05 0.146037607760709
1.515299745606e-05 0.146035991190674
1.53045274306206e-05 0.146034358507072
1.54575727049268e-05 0.146032709549821
1.56121484319761e-05 0.146031044157243
1.57682699162958e-05 0.14602936216608
1.59259526154588e-05 0.146027663411388
1.60852121416134e-05 0.146025947726874
1.62460642630295e-05 0.146024214944187
1.64085249056598e-05 0.14602246489359
1.65726101547164e-05 0.146020697403626
1.67383362562636e-05 0.146018912301104
1.69057196188262e-05 0.146017109411165
1.70747768150145e-05 0.146015288557213
1.72455245831646e-05 0.14601344956086
1.74179798289962e-05 0.146011592242142
1.75921596272862e-05 0.146009716419067
1.77680812235591e-05 0.146007821908012
1.79457620357947e-05 0.146005908523507
1.81252196561526e-05 0.146003976078257
1.83064718527141e-05 0.146002024382788
1.84895365712413e-05 0.146000053247085
1.86744319369537e-05 0.145998062477281
1.88611762563232e-05 0.145996051878915
1.90497880188865e-05 0.145994021255271
1.92402858990753e-05 0.145991970407717
1.94326887580661e-05 0.145989899135645
1.96270156456467e-05 0.145987807236453
1.98232858021032e-05 0.145985694505523
2.00215186601242e-05 0.145983560736192
2.02217338467255e-05 0.145981405719529
2.04239511851927e-05 0.145979229244166
2.06281906970447e-05 0.145977031094112
2.08344726040151e-05 0.145974811097389
2.10428173300553e-05 0.145972568984565
2.12532455033558e-05 0.145970304518206
2.14657779583894e-05 0.145968017521852
2.16804357379733e-05 0.145965707762546
2.1897240095353e-05 0.145963375013304
2.21162124963065e-05 0.14596101904582
2.23373746212696e-05 0.145958639629937
2.25607483674823e-05 0.145956236533259
2.27863558511571e-05 0.145953809521246
2.30142194096687e-05 0.145951358357014
2.32443616037654e-05 0.145948882801395
2.3476805219803e-05 0.145946382612866
2.37115732720011e-05 0.145943857547553
2.39486890047211e-05 0.145941307359207
2.41881758947683e-05 0.145938731799145
2.4430057653716e-05 0.145936130616257
2.46743582302531e-05 0.145933503556981
2.49211018125557e-05 0.145930850365274
2.51703128306812e-05 0.145928170782582
2.5422015958988e-05 0.145925464547825
2.56762361185779e-05 0.145922731397372
2.59329984797637e-05 0.145919971065006
2.61923284645613e-05 0.14591718328191
2.64542517492069e-05 0.145914367776641
2.6718794266699e-05 0.145911524275102
2.6985982209366e-05 0.145908652500522
2.72558420314597e-05 0.14590575217342
2.75284004517743e-05 0.145902823011588
2.7803684456292e-05 0.145899864730064
2.80817213008549e-05 0.145896877041117
2.83625385138635e-05 0.145893859654164
2.86461638990021e-05 0.145890812275833
2.89326255379921e-05 0.145887734609876
2.92219517933721e-05 0.14588462635715
2.95141713113058e-05 0.145881487215605
2.98093130244188e-05 0.14587831688024
3.0107406154663e-05 0.145875115043084
3.04084802162097e-05 0.145871881393166
3.07125650183718e-05 0.145868615616485
3.10196906685555e-05 0.145865317396004
3.1329887575241e-05 0.145861986411532
3.16431864509934e-05 0.145858622339858
3.19596183155034e-05 0.145855224854562
3.22792144986584e-05 0.145851793626069
3.2602006643645e-05 0.145848328321598
3.29280267100814e-05 0.145844828605133
3.32573069771823e-05 0.145841294137393
3.35898800469541e-05 0.145837724575803
3.39257788474236e-05 0.145834119574459
3.42650366358979e-05 0.1458304787841
3.46076870022568e-05 0.145826801852077
3.49537638722794e-05 0.145823088422316
3.53033015110022e-05 0.145819338135293
3.56563345261122e-05 0.145815550627998
3.60128978713733e-05 0.145811725533896
3.63730268500871e-05 0.145807862482911
3.67367571185879e-05 0.145803961101376
3.71041246897738e-05 0.145800021012004
3.74751659366716e-05 0.145796041833862
3.78499175960383e-05 0.145792023182325
3.82284167719987e-05 0.145787964669046
3.86107009397186e-05 0.145783865901937
3.89968079491158e-05 0.145779726485104
3.9386776028607e-05 0.145775546018833
3.97806437888931e-05 0.145771324099547
4.0178450226782e-05 0.145767060319776
4.05802347290498e-05 0.145762754268114
4.09860370763403e-05 0.145758405529187
4.13958974471037e-05 0.145754013683612
4.18098564215747e-05 0.145749578307964
4.22279549857905e-05 0.145745098974738
4.26502345356484e-05 0.145740575252307
4.30767368810049e-05 0.145736006704892
4.35075042498149e-05 0.145731392892514
4.39425792923131e-05 0.145726733370962
4.43820050852362e-05 0.145722027691755
4.48258251360886e-05 0.145717275402094
4.52740833874495e-05 0.145712476044833
4.5726824221324e-05 0.145707629158431
4.61840924635372e-05 0.145702734276916
4.66459333881726e-05 0.145697790929844
4.71123927220543e-05 0.145692798642256
4.75835166492748e-05 0.145687756934637
4.80593518157676e-05 0.145682665322876
4.85399453339253e-05 0.145677523318224
4.90253447872645e-05 0.14567233042725
4.95155982351372e-05 0.145667086151799
5.00107542174885e-05 0.145661789988948
5.05108617596634e-05 0.145656441430966
5.10159703772601e-05 0.145651039965267
5.15261300810327e-05 0.145645585074366
5.2041391381843e-05 0.145640076235835
5.25618052956614e-05 0.145634512922262
5.3087423348618e-05 0.145628894601199
5.36182975821042e-05 0.145623220735122
5.41544805579252e-05 0.145617490781382
5.46960253635045e-05 0.145611704192162
5.52429856171395e-05 0.145605860414426
5.57954154733109e-05 0.145599958889867
5.6353369628044e-05 0.145593999054893
5.69169033243245e-05 0.145587980340527
5.74860723575677e-05 0.145581902172396
5.80609330811434e-05 0.145575763970671
5.86415424119548e-05 0.145569565150033
5.92279578360744e-05 0.145563305119543
5.98202374144351e-05 0.145556983282806
6.04184397885795e-05 0.145550599037601
6.10226241864653e-05 0.145544151776113
6.16328504283299e-05 0.145537640884746
6.22491789326132e-05 0.145531065744099
6.28716707219394e-05 0.145524425728917
6.350038742915879e-05 0.145517720208042
6.41353913034504e-05 0.145510948544341
6.477674521648491e-05 0.145504110094677
6.54245126686497e-05 0.145497204209864
6.607875779533621e-05 0.145490230234576
6.673954537328961e-05 0.145483187507324
6.74069408270225e-05 0.145476075360384
6.80810102352927e-05 0.145468893119768
6.876182033764561e-05 0.14546164010514
6.944943854102211e-05 0.145454315629775
7.01439329264323e-05 0.145446919000499
7.084537225569659e-05 0.14543944951764
7.155382597825361e-05 0.145431906474966
7.22693642380361e-05 0.145424289159627
7.299205788041651e-05 0.145416596852101
7.37219784592207e-05 0.145408828826131
7.44591982438129e-05 0.145400984348679
7.5203790226251e-05 0.145393062679854
7.59558281285135e-05 0.145385063072859
7.671538640979859e-05 0.145376984773932
7.74825402738966e-05 0.145368827022286
7.82573656766356e-05 0.14536058905005
7.9039939333402e-05 0.145352270082206
7.9830338726736e-05 0.145343869334805
8.062864211400339e-05 0.14533538602175
8.143492853514339e-05 0.145326819346368
8.22492778204948e-05 0.145318168500772
8.307177059869981e-05 0.145309432675233
8.39024883046868e-05 0.145300611050483
8.474151318773359e-05 0.145291702799759
8.5588928319611e-05 0.145282707088655
8.64448176028071e-05 0.145273623075059
8.730926577883521e-05 0.145264449909094
8.81823584366235e-05 0.145255186733017
8.90641820209897e-05 0.145245832681214
8.995482384119961e-05 0.145236386880083
9.08543720796116e-05 0.145226848448031
9.17629158004077e-05 0.145217216495301
9.26805449584118e-05 0.145207490124014
9.36073504079959e-05 0.145197668428043
9.45434239120759e-05 0.145187750492962
9.548885815119661e-05 0.145177735395977
9.64437467327086e-05 0.145167622205859
9.74081842000357e-05 0.145157409982867
9.838226604203611e-05 0.145147097778689
9.93660887024564e-05 0.145136684636366
0.000100359749589481 0.145126169590213
0.000101363347085376 0.145115551665824
0.00010237698055623 0.145104829879816
0.000103400750361792 0.145094003240009
0.00010443475786541 0.145083070745157
0.000105479105444064 0.145072031384953
0.000106533896498505 0.145060884139956
0.00010759923546349 0.145049627981516
0.000108675227818124 0.145038261871689
0.000109761980096306 0.145026784763174
0.000110859599897269 0.145015195599249
0.000111968195896241 0.14500349331367
0.000113087877855204 0.144991676830635
0.000114218756633756 0.144979745064665
0.000115360944200093 0.144967696920583
0.000116514553642094 0.144955531293372
0.000117679699178515 0.144943247068236
0.0001188564961703 0.144930843120235
0.000120045061132003 0.144918318314584
0.000121245511743324 0.144905671506505
0.000122457966860757 0.144892901541647
0.000123682546529364 0.144880007272824
0.000124919371994658 0.144866987480305
0.000126168565714605 0.144853840990736
0.000127430251371751 0.144840566633856
0.000128704553885468 0.144827163189028
0.000129991599424323 0.144813629437628
0.000131291515418566 0.144799964150825
0.000132604430572752 0.144786166089176
0.000133930474878479 0.144772234002409
0.000135269779627264 0.144758166629276
0.000136622477423537 0.144743962697485
0.000137988702197772 0.144729620923632
0.00013936858921975 0.144715140013117
0.000140762275111947 0.144700518660054
0.000142169897863067 0.144685755547202
0.000143591596841697 0.14467084934588
0.000145027512810114 0.144655798715888
0.000146477787938216 0.144640602305425
0.000147942565817598 0.144625258751011
0.000149421991475774 0.144609766677403
0.000150916211390531 0.144594124697516
0.000152425373504437 0.144578331412233
0.000153949627239481 0.144562385410767
0.000155489123511876 0.144546285269914
0.000157044014746995 0.14453002955441
0.000158614454894465 0.144513616816745
0.000160200599443409 0.144497045597084
0.000161802605437843 0.144480314423182
0.000163420631492222 0.144463421810305
0.000165054837807144 0.144446366261148
0.000166705386185215 0.144429146265754
0.000168372440047068 0.144411760301432
0.000170056164447538 0.144394206832678
0.000171756726092014 0.144376484311092
0.000173474293352934 0.1443585911753
0.000175209036286463 0.144340525850869
0.000176961126649328 0.144322286750233
0.000178730737915821 0.144303872272607
0.000180518045294979 0.144285280803908
0.000182323225747929 0.144266510716679
0.000184146458005408 0.144247560370001
0.000185987922585462 0.144228428109422
0.000187847801811317 0.144209112266876
0.00018972627982943 0.1441896111606
0.000191623542627725 0.144169923095056
0.000193539778054002 0.144150046360857
0.000195475175834542 0.144129979234686
0.000197429927592887 0.144109719979218
0.000199404226868816 0.144089266843043
0.000201398269137504 0.14406861806059
0.000203412251828879 0.144047771852051
0.000205446374347168 0.144026726423303
0.00020750083809064 0.144005479965834
0.000209575846471546 0.143984030656668
0.000211671604936262 0.143962376658295
0.000213788320985624 0.14394051611858
0.000215926204195481 0.143918447170715
0.000218085466237435 0.143896167933126
0.00022026632089981 0.143873676509421
0.000222468984108808 0.143850970988297
0.000224693673949896 0.14382804944348
0.000226940610689395 0.143804909933656
0.000229210016796289 0.143781550502406
0.000231502116964252 0.143757969178127
0.000233817138133894 0.143734163973973
0.000236155309515233 0.143710132887786
0.000238516862610385 0.143685873902036
0.000240902031236489 0.143661384983743
0.000243311051548854 0.143636664084111
0.000245744162064343 0.143611709139706
0.000248201603684986 0.14358651807059
0.000250683619721836 0.143561088781376
0.000253190455919054 0.143535419160964
0.000255722360478245 0.143509507082418
0.000258279584083027 0.143483350402984
0.000260862379923858 0.143456946963969
0.000263471003723096 0.143430294590715
0.000266105713760327 0.143403391092541
0.00026876677089793 0.143376234268951
0.00027145443860691 0.143348821884905
0.000274168982992979 0.143321151700282
0.000276910672822909 0.143293221473407
0.000279679779551138 0.143265028926104
0.000282476577346649 0.143236571770655
0.000285301343120116 0.143207847702756
0.000288154356551317 0.143178854401888
0.00029103590011683 0.143149589531048
0.000293946259117998 0.14312005073679
0.000296885721709178 0.143090235649157
0.00029985457892627 0.143060141881663
0.000302853124715533 0.14302976703126
0.000305881655962688 0.142999108678298
0.000308940472522315 0.142968164386479
0.000312029877247538 0.142936931702818
0.000315150176020014 0.142905408157668
0.000318301677780214 0.142873591263979
0.000321484694558016 0.14284147851726
0.000324699541503596 0.142809067390656
0.000327946536918632 0.142776355392496
0.000331226002287818 0.14274333986542
0.000334538262310697 0.142710018450525
0.000337883644933803 0.142676388329266
0.000341262481383142 0.142642446990252
0.000344675106196973 0.142608191814065
0.000348121857258943 0.142573620163572
0.000351603075831532 0.142538729385255
0.000355119106589847 0.14250351680891
0.000358670297655746 0.14246797974768
0.000362257000632303 0.14243211549806
0.000365879570638626 0.142395921339907
0.000369538366345013 0.14235939453636
0.000373233750008463 0.142322532334279
0.000376966087508547 0.142285331963562
0.000380735748383633 0.142247790637759
0.000384543105867469 0.142209905553917
0.000388388536926144 0.142171673893361
0.000392272422295405 0.142133092818552
0.00039619514651836 0.142094159479193
0.000400157097983543 0.142054871000703
0.000404158668963379 0.142015224507803
0.000408200255653012 0.141975217095024
0.000412282258209542 0.141934845845251
0.000416405080791638 0.141894107825338
0.000420569131599554 0.141853000086127
0.00042477482291555 0.141811519662552
0.000429022571144705 0.141769663573732
0.000433312796856152 0.141727428823044
0.000437645924824714 0.141684812398229
0.000442022384072961 0.141641811271468
0.000446442607913691 0.141598422399499
0.000450907033992828 0.141554642723722
0.000455416104332756 0.141510469169746
0.000459970265376083 0.141465898649529
0.000464569968029844 0.141420928060147
0.000469215667710143 0.141375554280345
0.000473907824387244 0.141329774165471
0.000478646902631117 0.141283584592261
0.000483433371657428 0.141236982385605
0.000488267705374002 0.141189964366472
0.000493150382427742 0.141142527350641
0.0004980818862520199 0.141094668126937
0.00050306270511454 0.141046383483903
0.000508093332165685 0.140997670157546
0.000513174265487342 0.140948524951064
0.000518306008142215 0.140898944577635
0.0005234890682236369 0.14084892576823
0.000528723958905874 0.140798465238017
0.000534011198494933 0.140747559689131
0.000539351310479882 0.140696205811135
0.000544744823584681 0.140644400281279
0.000550192271820528 0.140592139764726
0.000555694194538733 0.140539420914808
0.00056125113648412 0.140486240373217
0.000566863647848961 0.140432594770267
0.000572532284327451 0.140378480725235
0.000578257607170726 0.140323894846413
0.000584040183242433 0.140268833731511
0.000589880585074857 0.14021329396788
0.000595779390925606 0.140157272132779
0.000601737184834862 0.14010076479363
0.00060775455668321 0.14004376811319
0.000613832102250043 0.139986279430471
0.000619970423272543 0.139928294595705
0.000626170127505268 0.13986981152788
0.000632431828780321 0.139810824887971
0.000638756147068124 0.139751332209964
0.000645143708538805 0.139691328824234
0.0006515951456241939 0.139630813053028
0.000658111097080435 0.139569780920015
0.00066469220805124 0.139508227274716
0.000671339130131752 0.139446150331179
0.00067805252143307 0.139383546043837
0.0006848330466474 0.139320410879803
0.000691681377113875 0.139256741301534
0.000698598190885013 0.139192533767099
0.000705584172793863 0.139127784729941
0.000712640014521802 0.139062490639952
0.00071976641466702 0.138996647943292
0.00072696407881369 0.138930253082911
0.000734233719601827 0.138863302498933
0.000741576056797845 0.138795792629088
0.000748991817365824 0.138727719909139
0.000756481735539482 0.138659080773202
0.000764046552894877 0.138589871564953
0.000771687018423826 0.138520088893536
0.000779403888608064 0.138449729103337
0.000787197927494145 0.13837878862637
0.000795069906769086 0.138307263895349
0.000803020605836777 0.138235151344082
0.000811050811895145 0.138162447407881
0.000819161320014096 0.138089148524028
0.000827352933214237 0.138015251132244
0.00083562646254638 0.137940751675146
0.000843982727171843 0.137865646598725
0.0008524225544435619 0.137789932352798
0.000860946779987997 0.137713605391494
0.000869556247787878 0.13763666217373
0.000878251810265756 0.137559099163682
0.000887034328368414 0.137480912831268
0.000895904671652098 0.137402099652543
0.000904863718368619 0.137322656110393
0.000913912355552305 0.137242578694752
0.000923051479107828 0.137161863530207
0.0009322819938989071 0.137080507869331
0.000941604813837896 0.136998507838319
0.000951020861976275 0.13691585998283
0.000960531070596037 0.136832560815648
0.000970136381301998 0.13674860698944
0.000979837745115018 0.136663994832909
0.0009896361225661681 0.136578721072117
0.00099953248379183 0.136492782213462
0.00100952780862975 0.136406176041583
0.00101962308671605 0.136318895884583
0.00102981931758321 0.136230941342445
0.00104011751075904 0.136142308254238
0.00105051868586663 0.136052993160779
0.00106102387272529 0.135962992717551
0.00107163411145255 0.135872303586671
0.00108235045256707 0.135780922449093
0.00109317395709274 0.135688845999982
0.00110410569666367 0.135596070949671
0.00111514675363031 0.135502594383718
0.00112629822116661 0.135408412323512
0.00113756120337828 0.135313521887137
0.00114893681541206 0.135217919848526
0.00116042618356618 0.135121602998236
0.00117203044540184 0.135024568143519
0.00118375074985586 0.134926812108725
0.00119558825735442 0.134828331735617
0.00120754413992796 0.134729123888097
0.00121961958132724 0.134629185409838
0.00123181577714052 0.134528513228048
0.00124413393491192 0.134427104264359
0.00125657527426104 0.13432495541741
0.00126914102700365 0.134222063581389
0.00128183243727369 0.134118425922722
0.00129465076164642 0.134014039128034
0.00130759726926289 0.133908900431809
0.00132067324195552 0.13380300676696
0.00133387997437507 0.133696355165769
0.00134721877411882 0.133588942677104
0.00136069096186001 0.133480766366133
0.00137429787147861 0.133371823314426
0.0013880408501934 0.133262110617933
0.00140192125869533 0.133151625387161
0.00141594047128228 0.13304036474283
0.00143009987599511 0.132928325990462
0.00144440087475506 0.132815506098964
0.00145884488350261 0.132701902007987
0.00147343333233764 0.132587511896755
0.00148816766566101 0.132472331294143
0.00150304934231762 0.132356358728237
0.0015180798357408 0.132239591026288
0.00153326063409821 0.132122025415358
0.00154859324043919 0.132003659129256
0.00156407917284358 0.131884489409244
0.00157971996457202 0.131764513503082
0.00159551716421774 0.131643728663956
0.00161147233585991 0.131522132137009
0.00162758705921851 0.131399721206031
0.0016438629298107 0.131276493122173
0.00166030155910881 0.131152445147799
0.00167690457469989 0.13102757454418
0.00169367362044689 0.13090187856997
0.00171061035665136 0.130775354479744
0.00172771646021787 0.130647999522351
0.00174499362482005 0.130519810939256
0.00176244356106825 0.130390785962785
0.00178006799667894 0.130260921814578
0.00179786867664573 0.130130215702908
0.00181584736341218 0.129998664821861
0.0018340058370463 0.129866266332537
0.00185234589541677 0.12973301742146
0.00187086935437094 0.129598915208939
0.00188957804791465 0.129463956830363
0.00190847382839379 0.129328139469303
0.00192755856667773 0.129191459477457
0.00194683415234451 0.129053915401879
0.00196630249386795 0.128915503355834
0.00198596551880663 0.128776219987572
0.0020058251739947 0.128636062447858
0.00202588342573464 0.128495027602764
0.00204614225999199 0.128353112557166
0.00206660368259191 0.128210314050779
0.00208726971941783 0.128066628792661
0.00210814241661201 0.127922053525267
0.00212922384077813 0.12777658490757
0.00215051607918591 0.127630219580177
0.00217202123997777 0.127482954081182
0.00219374145237755 0.127334784974684
0.00221567886690132 0.127185708673483
0.00223783565557034 0.127035721622095
0.00226021401212604 0.126884820136059
0.0022828161522473 0.126733000492465
0.00230564431376977 0.126580258904478
0.00232870075690747 0.126426591612887
0.00235198776447654 0.126271994531684
0.00237550764212131 0.126116463733415
0.00239926271854252 0.125959995162575
0.00242325534572795 0.125802584594803
0.00244748789918523 0.125644227974046
0.00247196277817708 0.125484921350301
0.00249668240595885 0.125324659618702
0.00252164923001844 0.125163439404135
0.00254686572231862 0.125001255386472
0.00257233437954181 0.124838103424507
0.00259805772333723 0.124673978921926
0.0026240383005706 0.124508876939811
0.00265027868357631 0.12434279352966
0.00267678147041207 0.124175723057681
0.00270354928511619 0.124007661033126
0.00273058477796735 0.123838602591176
0.00275789062574703 0.12366854307989
0.0027854695320045 0.123497477052911
0.00281332422732454 0.12332539997064
0.00284145746959779 0.12315230671971
0.00286987204429376 0.122978192272669
0.0028985707647367 0.122803050376101
0.00292755647238407 0.122626879726231
0.00295683203710791 0.122449671566291
0.00298640035747899 0.122271422886971
0.00301626436105378 0.122092127355648
0.00304642700466432 0.121911781103314
0.00307689127471096 0.121730379048914
0.00310766018745807 0.121547916414276
0.00313873678933265 0.121364388886208
0.00317012415722598 0.121179791232816
0.00320182539879824 0.120994119368636
0.00323384365278622 0.120807369021771
0.00326618208931408 0.12061953608666
0.00329884391020722 0.120430616647643
0.00333183234930929 0.12024060700201
0.00336515067280239 0.120049503743231
0.00339880217953041 0.119857312469161
0.00343279020132572 0.119664012952177
0.00346711810333897 0.119469610582523
0.00350178928437236 0.119274103880857
0.00353680717721609 0.119077490570225
0.00357217524898825 0.11887976941485
0.00360789700147813 0.118680939427503
0.00364397597149291 0.118481000130969
0.00368041573120784 0.118279951564614
0.00371721988851992 0.118077794345205
0.00375439208740512 0.117874529670359
0.00379193600827917 0.117670159442071
0.00382985536836196 0.117464686131496
0.00386815392204558 0.117258113028709
0.00390683546126603 0.11705044358884
0.0039459038158787 0.116841684742002
0.00398536285403748 0.116631840489363
0.00402521648257786 0.116420918033667
0.00406546864740364 0.116208925144675
0.00410612333387767 0.115995870600417
0.00414718456721645 0.115781764278147
0.00418865641288861 0.115566617201501
0.0042305429770175 0.115350441635021
0.00427284840678767 0.115133251235415
0.00431557689085555 0.114915060372978
0.00435873265976411 0.114695885707057
0.00440231998636175 0.114475744839471
0.00444634318622536 0.114254656845569
0.00449080661808762 0.114032642546047
0.00453571468426849 0.113809723988943
0.00458107183111118 0.113585925629781
0.00462688254942229 0.113361273570392
0.00467315137491651 0.113135794841362
0.00471988288866568 0.112909518654892
0.00476708171755234 0.112682480077328
0.00481475253472786 0.11245470422841
0.00486290006007514 0.112226234725474
0.00491152906067589 0.111997103797777
0.00496064435128265 0.111767355734619
0.00501025079479548 0.111537028966743
0.00506035330274343 0.111306169764173
0.00511095683577087 0.111074822814603
0.00516206640412858 0.110843037700193
0.00521368706816986 0.110610865616577
0.00526582393885156 0.110378360601069
0.00531848217824008 0.110145577778194
0.00537166700002248 0.109912576066584
0.0054253836700227 0.109679416538896
0.00547963750672293 0.109446162755293
0.00553443388179016 0.109212881749968
0.00558977822060806 0.108979641310238
0.00564567600281414 0.108746512864936
0.00570213276284228 0.108513570613285
0.0057591540904707 0.10828089105766
0.00581674563137541 0.108048553627077
0.00587491308768917 0.107816632289619
0.00593366221856606 0.107585225818273
0.00599299884075172 0.107354421662472
0.00605292882915924 0.107124295460487
0.00611345811745083 0.106894945649885
0.00617459269862534 0.106666466145069
0.00623633862561159 0.1064389548388
0.00629870201186771 0.106212510321564
0.00636168903198638 0.105987235012008
0.00642530592230625 0.105763232256757
0.00648955898152931 0.105540608278308
0.0065544545713446 0.105319471495466
0.00661999911705805 0.105099932503739
0.00668619910822863 0.104882103504341
0.00675306109931092 0.104666098859504
0.00682059171030403 0.104452028384957
0.00688879762740707 0.104240026132075
0.00695768560368114 0.104030200046027
0.00702726245971795 0.103822674067892
0.00709753508431513 0.103617571098193
0.00716851043515828 0.103415015496505
0.00724019553950986 0.103215132597069
0.00731259749490496 0.103018049378861
0.00738572346985401 0.102823894116024
0.00745958070455255 0.102632795288024
0.00753417651159808 0.102444883079846
0.00760951827671406 0.102260288145779
0.0076856134594812 0.102079142208512
0.00776246959407601 0.101901576935349
0.00784009429001677 0.101727726534237
0.00791849523291694 0.101557722229891
0.00799768018524611 0.101391698495735
0.00807765698709857 0.101229789381118
0.00815843355696956 0.101072129082978
0.00824001789253925 0.100918851935939
0.00832241807146464 0.100770092753461
0.008405642252179289 0.100625986350787
0.00848969867470108 0.100486666571674
0.0085745956614481 0.100352268921918
0.008660341618062581 0.100222928512031
0.008746945034243199 0.100098779101511
0.008834414484585631 0.0999799570302996
0.008922758629431491 0.099866595941795
0.0090119862157258 0.0997588312449064
0.00910210607788306 0.099656797198695
0.00919312713866189 0.0995606300865145
0.00928505841004851 0.0994704634979466
0.009377908994149 0.0993864345203039
0.00947168808409049 0.0993086781100625
0.009566404964931391 0.099237328751871
0.00966206901458071 0.0991725259630846
0.009758689704726511 0.0991144047250362
0.009856276601773781 0.0990631040022634
0.00995483936779152 0.0990187617304426
0.0100543877614694 0.0989815191363933
0.0101549316390841 0.0989515150260908
0.010256480955475 0.0989288928567725
0.0103590457650297 0.0989137947847617
0.01046263622268 0.0989063672767501
0.0105672625849068 0.0989067566198225
0.0106729352107559 0.0989151142756597
0.0107796645628634 0.0989315881724738
0.0108874612084921 0.0989563317429578
0.010996335820577 0.0989895019824836
0.0111062991787828 0.0990312589558241
0.0112173621705706 0.0990817629077319
0.0113295357922763 0.0991411776628486
0.0114428311501991 0.0992096764695312
0.0115572594617011 0.0992874285923638
0.0116728320563181 0.0993746121096526
0.0117895603768812 0.0994714016535776
0.0119074559806501 0.0995779897403678
0.0120265305404566 0.0996945576580179
0.0121467958458611 0.0998213027680322
0.0122682638043197 0.0999584241090123
0.0123909464423629 0.100106122200082
0.0125148559067866 0.100264607411429
0.0126400044658544 0.100434091084285
0.012766404510513 0.100614796217953
0.0128940685556181 0.100806946220953
0.0130230092411743 0.101010772825124
0.013153239333586 0.101226512040337
0.0132847717269219 0.101454407215924
0.0134176194441911 0.101694705080217
0.013551795638633 0.101947667293667
0.0136873135950193 0.102213553659894
0.0138241867309695 0.102492629949685
0.0139624285982792 0.102785173057784
0.014102052884262 0.103091465249353
0.0142430734131046 0.103411794941314
0.0143855041472357 0.103746457944555
0.014529359188708 0.104095756894582
0.0146746527805951 0.104460001340759
0.0148213993084011 0.104839507162784
0.0149696133014851 0.105234598916155
0.0151193094344999 0.105645606776243
0.0152705025288449 0.106072867695436
0.0154232075541334 0.106516727417848
0.0155774396296747 0.106977537621875
0.0157332140259715 0.107455654274023
0.0158905461662312 0.107951449286811
0.0160494516278935 0.108465290170046
0.0162099461441724 0.108997560160265
0.0163720456056142 0.109548646254558
0.0165357660616703 0.110118940813092
0.016701123722287 0.11070884533072
0.0168681349595099 0.111318767220776
0.017036816309105 0.111949121982494
0.017207184472196 0.112600330030182
0.017379256316918 0.113272818722945
0.0175530488800872 0.113967021668001
0.017728579368888 0.114683379377219
0.0179058651625769 0.115422337061836
0.0180849238142027 0.116184346489234
0.0182657730523447 0.116969862757118
0.0184484307828682 0.117779353707701
0.0186329150906968 0.118613280354529
0.0188192442416038 0.119472116752272
0.0190074366840199 0.120356339482012
0.0191975110508601 0.12126642250157
0.0193894861613687 0.122202851218995
0.0195833810229823 0.123166109552543
0.0197792148332122 0.124156684634107
0.0199770069815443 0.125175057643095
0.0201767770513597 0.126221718639178
0.0203785448218733 0.127297161999881
0.0205823302700921 0.128401853587273
0.020788153572793 0.12953628566164
0.0209960351085209 0.130700945634597
0.0212059954596061 0.13189629177568
0.0214180554142022 0.133122786163478
0.0216322359683442 0.134380896214649
0.0218485583280276 0.135671074616864
0.0220670439113079 0.136993752791803
0.022287714350421 0.138349370424375
0.0225105914939252 0.139738310271745
0.0227356974088645 0.141161006880235
0.0229630543829531 0.142617807621398
0.0231926849267826 0.144109082008334
0.0234246117760505 0.145635173459719
0.023658857893811 0.147196385172662
0.0238954464727491 0.148793006173676
0.0241344009374766 0.150425303612258
0.0243757449468513 0.152093491217227
0.0246195023963198 0.153797773278461
0.024865697420283 0.155538329249532
0.0251143543944859 0.157315276126095
0.0253654979384307 0.159128700422734
0.025619152917815 0.160978647136871
0.0258753444469932 0.16286514643085
0.0261340978914631 0.164788130770816
0.0263954388703778 0.166747540132014
0.0266593932590815 0.168743233522272
0.0269259871916724 0.170775073567214
0.0271952470635891 0.17284280198612
0.027467199534225 0.174946142105848
0.0277418715295672 0.177084808824554
0.0280192902448629 0.179258444361088
0.0282994831473115 0.181466570641709
0.0285824779787846 0.18370878867824
0.0288683027585725 0.18598451244255
0.0291569857861582 0.188293251114025
0.0294485556440198 0.190634360171836
0.02974304120046 0.193007207787539
0.0300404716124646 0.195411063585421
0.0303408763285892 0.197845204225993
0.0306442850918751 0.200308869824571
0.0309507279427939 0.20280121845443
0.0312602352222218 0.205321431283632
0.031572837574444 0.207868608224133
0.0318885659501885 0.210441803800707
0.0322074516096904 0.213040190876949
0.0325295261257873 0.215662680748671
0.0328548213870451 0.21830835647315
0.0331833696009156 0.220976195805277
0.0335152032969248 0.223665197814185
0.033850355329894 0.22637431847181
0.0341888588831929 0.229102504150121
0.0345307474720249 0.231848719364837
0.0348760549467451 0.234611911299255
0.0352248154962126 0.23739103252167
0.0355770636511747 0.240184997504359
0.0359328342876865 0.242992791904117
0.0362921626305633 0.245813358198195
0.036655084256869 0.248645634721538
0.0370216350994376 0.251488600588468
0.037391851450432 0.254341211087276
0.0377657699649363 0.257202488867851
0.0381434276645857 0.260071413780648
0.0385248619412316 0.262947002572211
0.0389101105606439 0.265828294674576
0.0392992116662503 0.268714351520571
0.0396922037829128 0.271604216795568
0.0400891258207419 0.274497011014197
0.0404900170789494 0.277391811273422
0.0408949172497389 0.280287754176758
0.0413038664222363 0.283183985130333
0.0417169050864586 0.286079685027087
0.0421340741373232 0.288974049039652
0.0425554148786964 0.291866270041499
0.0429809690274834 0.294755604000997
0.0434107787177582 0.297641282000041
0.0438448865049358 0.300522599693057
0.0442833353699852 0.303398865789787
0.044726168723685 0.306269405754317
0.0451734304109219 0.309133477735458
0.0456251647150311 0.311990639710312
0.0460814163621814 0.314840108986218
0.0465422305258032 0.317681312233234
0.0470076528310613 0.320513652859925
0.0474777293593719 0.32333664833126
0.0479525066529656 0.326149692600979
0.0484320317194952 0.328952315010367
0.0489163520366902 0.33174397719834
0.0494055155570571 0.334524176829744
0.0498995707126277 0.33729247241958
0.0503985664197539 0.340048377888708
0.0509025520839515 0.342791507675421
0.051411577604791 0.345521381255253
0.0519256933808389 0.348237546022557
0.0524449503146473 0.350939692991094
0.0529693998177938 0.353627376491211
0.0534990938159717 0.356300239181159
0.0540340847541314 0.358957935787945
0.0545744256016727 0.36160009816036
0.0551201698576895 0.364226387657448
0.0556713715562664 0.366836527980211
0.056228085271829 0.369430187920841
0.0567903661245473 0.372006932953222
0.0573582697857928 0.374566696503383
0.0579318524836507 0.377109094994276
0.0585111710084872 0.379633872338917
0.0590962827185721 0.38214078044436
0.0596872455457578 0.384629621037342
0.0602841180012154 0.387100139890282
0.0608869591812276 0.389552128245409
0.0614958287730398 0.391985351435978
0.0621107870607702 0.394399644465578
0.0627318949313779 0.396794872988723
0.0633592138806917 0.399170857705397
0.0639928060194986 0.401527472072581
0.0646327340796936 0.403864514141743
0.0652790614204906 0.406181951771886
0.0659318520346955 0.408479640984673
0.06659117055504241 0.410757495476271
0.06725708226059279 0.413015446939089
0.0679296530831988 0.415253418729576
0.0686089496140308 0.417471367178386
0.0692950391101711 0.41966925323316
0.0699879895012728 0.421847072775666
0.0706878693962855 0.424004802962195
0.0713947480902484 0.426142400063493
0.0721086955711509 0.428259964726615
0.0728297825268624 0.430357483825249
0.073558080352131 0.432434990463823
0.07429366115565229 0.434492540766049
0.07503659776720881 0.436530141606818
0.07578696374488091 0.438618243027124
0.0765448333823297 0.440545970094729
0.07731028171615301 0.442524327285317
0.07808338453331461 0.444483125116532
0.0788642183786477 0.446422418289506
0.0796528605624342 0.44834234856959
0.08044938916805849 0.450243012375329
0.0812538830597391 0.45212454350907
0.0820664218903365 0.453987069156199
0.08288708610923989 0.45583070044691
0.08371595697033229 0.457655570340944
0.0845531165400356 0.459461833998354
0.085398647705436 0.461249571289274
0.0862526341824903 0.463018958992363
0.0871151605243152 0.464770104749853
0.0879863121295584 0.466503197240248
0.0888661752508539 0.468218330440486
0.08975483700336249 0.469915624520011
0.09065238537339609 0.471595252901194
0.0915589092271301 0.473257429654742
0.0924744983194014 0.474902105425658
0.0933992433025954 0.476529531270783
0.0943332357356213 0.478139810034851
0.0952765680929776 0.479733076931162
0.0962293337739073 0.481309473720312
0.0971916271116464 0.482869102619618
0.0981635433827629 0.484412100627578
0.0991451788165905 0.485938553964408
0.100136630604756 0.487448635310317
0.101137996910804 0.48894245959313
0.102149376879912 0.490420108577699
0.103170870648711 0.491881754309188
0.104202579355198 0.493327460293412
0.10524460514875 0.494757392643032
0.106297051200238 0.496171658088621
0.10736002171224 0.497570374981226
0.108433621929363 0.498953653629058
0.109517958148656 0.500321610532518
0.110613137730143 0.501674413272332
0.111719269107444 0.503012135613299
0.112836461798519 0.504334928341418
0.113964826416504 0.505642947445287
0.115104474680669 0.506936284297192
0.116255519427476 0.508215095463156
0.11741807462175 0.509479514231656
0.118592255367968 0.510729679758823
0.119778177921647 0.511965740424363
0.120975959700864 0.513187865397486
0.122185719297873 0.51439617587635
0.123407576490851 0.515590840702742
0.12464165225576 0.516772011619565
0.125888068778317 0.517939856360013
0.127146949466101 0.519094535922191
0.128418418960762 0.520236213666064
0.129702603150369 0.521365072139975
0.130999629181873 0.522481288688021
0.132309625473692 0.523585007229315
0.133632721728429 0.524676432361464
0.134969048945713 0.525755747101327
0.13631873943517 0.526823110721571
0.137681926829522 0.527878701354063
0.139058746097817 0.528922717840516
0.140449333558795 0.529955332652033
0.141853826894383 0.53097672275902
0.143272365163327 0.531987073919234
0.14470508881496 0.532986547606371
0.14615213970311 0.533975362974408
0.147613661100141 0.534953657108819
0.149089797711142 0.535921600468031
0.150580695688254 0.536879375424117
0.152086502645136 0.537827154685832
0.153607367671588 0.538765074980279
0.155143441348303 0.539693324291383
0.156694875761787 0.540612027071704
0.158261824519404 0.541521354283753
0.159844442764598 0.542421440070977
0.161442887192244 0.543312414395572
0.163057316064167 0.544194417565409
0.164687889224809 0.545067574683604
0.166334768117057 0.545932010326945
0.167998115798227 0.546787823889087
0.169678096956209 0.547635131347443
0.171374877925772 0.548474032389582
0.173088626705029 0.549304618780564
0.17481951297208 0.550126965553858
0.1765677081018 0.550941175840076
0.178333385182818 0.55174730072262
0.180116719034647 0.552545410790484
0.181917886224993 0.553335568462243
0.183737065087243 0.55411783285808
0.185574435738115 0.554892239238137
0.187430180095497 0.555658852622087
0.189304481896452 0.556417686039044
0.191197526715416 0.557168792009461
0.19310950198257 0.557912211268895
0.195040597002396 0.558647988626481
0.19699100297242 0.559376056910536
0.198960913002144 0.560097782557404
0.200950522132166 0.560818205378767
0.202960027353487 0.561520356538278
0.204989627627022 0.562216790776691
0.207039523903292 0.562905444879839
0.209109919142325 0.563586516989111
0.211201018333748 0.564259928808893
0.213313028517086 0.56492565273875
0.215446158802257 0.565583667050847
0.217600620390279 0.566233948291562
0.219776626594182 0.566876478851991
0.221974392860124 0.567511241215169
0.224194136788725 0.568138219812978
0.226436078156613 0.568757398356873
0.228700438938179 0.569368761390143
0.23098744332756 0.56997229534804
0.233297317760836 0.570567984020153
0.235630290938444 0.571155816491459
0.237986593847829 0.571735780766863
0.240366459786307 0.572307859084613
0.24277012438417 0.572872039503481
0.245197825628012 0.573428316681167
0.247649803884292 0.573976667434116
0.250126301923135 0.574517084863022
0.252627564942366 0.57504954832878
0.25515384059179 0.575574046672198
0.257705378997708 0.576090558061858
0.260282432787685 0.576599063250408
0.262885257115562 0.57709953314433
0.265514109686717 0.577591944491973
0.268169250783585 0.578076265063758
0.27085094329142 0.578552458234931
0.273559452724335 0.579020484227233
0.276295047251578 0.579480292211455
0.279057997724094 0.57993182988024
0.281848577701335 0.580375039493947
0.284667063478348 0.580809856679562
0.287513734113132 0.581236202784402
0.290388871454263 0.58165399444396
0.293292760168805 0.582063143483537
0.296225687770494 0.582463555127137
0.299187944648198 0.582855116081391
0.30217982409468 0.583237704056558
0.305201622335627 0.583611202007607
0.308253638558984 0.583975462806183
0.311336174944573 0.584330347489882
0.314449536694019 0.584675698122722
0.317594032060959 0.585011340796573
0.320769972381569 0.585337116448427
0.323977672105385 0.585652821908797
0.327217448826438 0.585958274219225
0.330489623314703 0.586253262593442
0.33379451954785 0.586537575240424
0.337132464743328 0.586810989526591
0.340503789390762 0.58707327867887
0.343908827284669 0.587324196884474
0.347347915557516 0.587563499434613
0.350821394713091 0.587790929240204
0.354329608660222 0.588006228046079
0.357872904746824 0.588209130153843
0.361451633794292 0.588399351895618
0.365066150132235 0.588576616902431
0.368716811633558 0.588740629578303
0.372403979749893 0.588891109393487
0.376128019547392 0.589027740090246
0.379889299742866 0.58915023076699
0.383688192740295 0.589258267062322
0.387525074667698 0.589351534493207
0.391400325414375 0.58942971042489
0.395314328668518 0.589492475762789
0.399267471955204 0.589539497112433
0.403260146674756 0.589570436635041
0.407292748141503 0.589584952360163
0.411365675622918 0.58958270971298
0.415479332379147 0.589563345418768
0.419634125702939 0.589526504600285
0.423830466959968 0.589471822140756
0.428068771629568 0.589398923412082
0.432349459345864 0.589307429236048
0.436672953939322 0.589196950172877
0.441039683478716 0.589067086653009
0.445450080313503 0.588917431179043
0.449904581116638 0.588747564745164
0.454403626927804 0.588557059922444
0.458947663197082 0.588345466221186
0.463537139829053 0.588112335264971
0.468172511227344 0.587857194871555
0.472854236339617 0.587579559402517
0.477582778703013 0.58727893142735
0.482358606490043 0.586954787041663
0.487182192554944 0.586606598945835
0.492054014480493 0.58623380307957
0.496974554625298 0.585835830266986
0.501944300171551 0.585412087808418
0.506963743173267 0.584961959877849
0.512033380604999 0.584484806995275
0.517153714411049 0.583979968401245
0.52232525155516 0.583446755496312
0.527548504070711 0.58288445982381
0.532823989111418 0.582292346324359
0.538152229002533 0.581669645813929
0.543533751292558 0.581015569689094
0.548969088805484 0.580329299300151
0.554458779693538 0.579609982588006
0.560003367490474 0.578856742728451
0.565603401165378 0.578068660690866
0.571259435177032 0.577244799746656
0.576972029528803 0.576384175833004
0.582741749824091 0.575485786658288
0.588569167322331 0.574548579330449
0.5944548589955549 0.573571472389775
0.60039940758551 0.572553342019705
0.606403401661365 0.571493021970267
0.612467435677979 0.570389314813999
0.618592110034759 0.569240975095507
0.624778031135106 0.56804671637747
0.631025811446457 0.566805183020932
0.637336069560922 0.565515014066131
0.643709430256531 0.564174760186874
0.650146524559097 0.562782932290074
0.656647989804688 0.561337981341397
0.663214469702734 0.55983829982069
0.669846614399762 0.55828221163641
0.6765450805437589 0.556667978989393
0.6833105313491969 0.554993805099495
0.690143636662689 0.553257767591178
0.697045073029316 0.551457929682664
0.704015523759609 0.549592225611193
0.711055678997205 0.547658514656231
0.718166235787177 0.545654547062542
0.725347898145049 0.543577975591402
0.732601377126499 0.541426384453028
0.739927390897764 0.539197128594166
0.747326664806742 0.536887525584986
0.7547999314548089 0.534494752362068
0.762347930769357 0.532015827174529
0.7699714100770511 0.529447599576643
0.777671124177822 0.526786763263751
0.7854478354195999 0.524029849551718
0.793302313773796 0.52117315825433
0.801235336911534 0.518212820889867
0.809247690280649 0.51514472236891
0.817340167183456 0.51196452842964
0.82551356885529 0.508667625391834
0.833768704543843 0.505249008212148
0.842106391589282 0.501705212734073
0.8505274555051739 0.498026379901673
0.8547800927827 0.496132180093
0.859032730060226 0.494211019818233
0.863327893710527 0.49224461460711
0.867623057360828 0.490251595772804
0.871961172647633 0.48820992520996
0.874130230291035 0.487178887702759
0.876299287934437 0.486140376764582
0.878490036154273 0.485084314398107
0.880680784374109 0.484020827018467
0.882871532593945 0.48294989407715
0.885062280813781 0.481871480887265
0.887274936515815 0.480774396041625
0.88948759221785 0.47966988067046
0.893912903621919 0.477436349586583
0.898382468140029 0.475149101676483
0.902852032658138 0.472828306969862
0.907366292821429 0.470450102957093
0.91188055298472 0.468037750390867
0.916439955749644 0.465564020013631
0.920999358514567 0.463052596300207
0.92560435530714 0.46047976524811
0.930209352099712 0.457869685263017
0.93951144562071 0.452467057094117
0.948906560076917 0.446846157314513
0.958395625677686 0.440984034010342
0.967979581934463 0.434869987994827
0.977659377753807 0.428488303609141
0.987435971531345 0.421821995519842
0.997310331246659 0.414852297331872
1.00728343455913 0.407558446131251
1.01735626890472 0.399917284595304
1.02752983159376 0.39190285289333
1.0378051299097 0.38348576335121
1.0481831812088 0.374632837375811
1.05866501302089 0.365305932272106
1.0692516631511 0.355460633894021
1.07994417978261 0.345045300325511
1.09074362158043 0.333998563410083
1.10165105779624 0.322246362318879
1.1126675683742 0.309698064242497
1.12379424405794 0.296239842486204
1.13503218649852 0.281724492963211
1.14638250836351 0.265954200070019
1.15784633344714 0.248647157843279
1.16942479678161 0.229353075168871
1.18111904474943 0.207325576806552
1.19293023519692 0.180191686295865
1.20485953754889 0.139856026351853
1.21690813292438 0.113237252942473
1.22299267358901 0.100166589032656
1.22907721425363 0.0874158919615333
1.23522260032489 0.0738913146025788
1.24136798639616 0.0608119474025063
1.24757482632814 0.0495306089136822
1.25378166626012 0.0394375306722991
1.25691612042577 0.0360097573623328
1.26005057459142 0.0327760581684898
1.26318502875707 0.0299984723578914
1.26631948292272 0.0274697297166454
1.26948528163003 0.0255906255249762
1.27265108033733 0.0239013862261448
1.27581687904464 0.0223778486267364
1.27898267775195 0.0209686280338296
1.28218013444633 0.0198359198128122
1.28537759114071 0.01879447155611
1.29177250452947 0.0169379864374697
1.29823136705212 0.01545364897316
1.30469022957477 0.0141529866238819
1.31121368072264 0.0130616877927175
1.31773713187051 0.0120873070137913
1.32432581752987 0.0112436923812939
1.33091450318922 0.0104803114207413
1.33756907570517 0.00980485578870513
1.34422364822111 0.0091875126712467
1.35094476646222 0.0086326028469672
1.35766588470332 0.00812153803398471
1.36445421412684 0.00765669002293036
1.37124254355036 0.00722603273873308
1.38495496898586 0.00646247511996275
1.39880451867572 0.00580399297740559
1.41279256386247 0.00523067073060253
1.4269204895011 0.00472758980454592
1.44118969439611 0.00428327400799683
1.45560159134007 0.00388871268398967
1.47015760725347 0.00353671054358073
1.48485918332601 0.00322143475943774
1.49970777515927 0.0029380880884202
1.51470485291086 0.0026826897864108
1.52985190143997 0.0024518956637707
1.54515042045437 0.00224287190475378
1.56060192465891 0.00205319732127702
1.5762079439055 0.00188078754473355
1.59197002334456 0.00172383732919712
1.607889723578 0.00158077189380982
1.62396862081378 0.00145021173587491
1.64020830702192 0.00133094163207805
1.65661039009214 0.00122188644155529
1.67317649399306 0.00112209129705819
1.68990825893299 0.00103070471851
1.70680734152232 0.000946965512205755
1.72387541493754 0.000870190559121482
1.74111416908692 0.000799765555505511
1.75852531077779 0.000735136566256064
1.77611056388557 0.000675803102602515
1.79387166952442 0.000621312023167038
1.81181038621967 0.000571252123099021
1.82992849008186 0.000525250745098553
1.84822777498268 0.000482967637659442
1.86671005273251 0.000444093715271682
1.88537715325983 0.000408346939869765
1.90423092479243 0.000375469854429248
1.92327323404036 0.00034522727447959
1.94250596638076 0.000317404165153629
1.96193102604457 0.000291803754117729
1.98155033630501 0.000268245947553847
2.00136583966806 0.00024656569820459
2.02137949806474 0.000226611769737516
2.04159329304539 0.00020824549790109
2.06200922597584 0.000191339674770159
2.0826293182356 0.000175777548654089
2.10345561141796 0.00016145204338386
2.12449016753214 0.000148264697648772
2.14573506920746 0.000136125172016903
2.16719241989954 0.000124950440579072
2.18886434409853 0.000114664205834981
2.21075298753952 0.000105196333620421
2.23286051741491 9.64823366794312e-05
2.25518912258906 8.8462907822528e-05
2.27774101381495 8.10834903361273e-05
2.3005184239531 7.42938803908337e-05
2.32352360819263 6.80478707706385e-05
2.34675884427456 6.23029215779977e-05
2.3702264327173 5.7019856721155e-05
2.39392869704448 5.21625874088842e-05
2.41786798401492 4.76978625342249e-05
2.44204666385507 4.35950310629308e-05
2.46646713049362 3.98258454140707e-05
2.49113180179856 3.63642411497521e-05
2.51604311981654 3.31861851427885e-05
2.54120355101471 3.0269499373058e-05
2.56661558652486 2.75937127028623e-05
2.5922817423901 2.51399352907875e-05
2.618204559814 2.28907182286864e-05
2.64438660541214 2.08299507645187e-05
2.67083047146627 1.89427514802956e-05
2.69753877618093 1.72153739022123e-05
2.72451416394274 1.56351168061982e-05
2.75175930558217 1.41963036900508e-05
2.77927689863799 1.28945440280384e-05
2.80706966762437 1.17212353100896e-05
2.83514036430061 1.06564825969918e-05
2.86349176794362 9.68375009952588e-06
2.89212668562305 8.79564498562664e-06
2.92104795247928 7.98532723940225e-06
2.95025843200408 7.24646973163696e-06
2.97976101632412 6.57322146752002e-06
3.00955862648736 5.96017368799503e-06
3.03965421275223 5.402328779739e-06
3.07005075487975 4.89507024623741e-06
3.10075126242855 4.43413633532425e-06
3.13175877505284 4.01559454870845e-06
3.16307636280337 3.63581817535439e-06
3.1947071264314 3.29146448892003e-06
3.22665419769571 2.97945464105375e-06
3.25892073967267 2.69695422113336e-06
3.2915099470694 2.44135601372914e-06
3.32442504654009 2.21026334479842e-06
3.35766929700549 2.00147475432019e-06
3.39124598997555 1.81296961024416e-06
3.4251584498753 1.64289473618301e-06
3.45941003437406 1.4895518857873e-06
3.4940041347178 1.35138614763151e-06
3.52894417606497 1.22697500223223e-06
3.56423361782562 1.11501821518211e-06
3.59987595400388 1.01432836921829e-06
3.63587471354392 9.23822066725951e-07
3.67223346067936 8.4251172194731e-07
3.70895579528615 7.69497933650341e-07
3.74604535323901 7.03962373758653e-07
3.7835058067714 6.45161220509986e-07
3.82134086483912 5.92419006397654e-07
3.85955427348751 5.4512295673777e-07
3.89814981622238 5.02717718652529e-07
3.93713131438461 4.64700486188642e-07
3.97650262752845 4.30616495164256e-07
4.01626765380374 4.00054851062846e-07
4.05643033034178 3.72644686523484e-07
4.09699463364519 3.48051611189633e-07
4.13796457998165 3.25974444336809e-07
4.17934422578146 3.06142206567134e-07
4.22113766803928 2.88311356166719e-07
4.26334904471967 2.72263249679091e-07
4.30598253516687 2.57801814019114e-07
4.34904236051854 2.44751412952223e-07
4.39253278412372 2.32954895539411e-07
4.43645811196496 2.2227181134229e-07
4.48082269308461 2.12576780791295e-07
4.52563092001545 2.03758010479922e-07
4.57088722921561 1.95715938334553e-07
4.61659610150777 1.88362002479142e-07
4.66276206252284 1.81617521661826e-07
4.70938968314807 1.75412679559932e-07
4.75648357997955 1.69685602515808e-07
4.80404841577935 1.64381525561692e-07
4.85208889993714 1.59452037376375e-07
4.90060978893651 1.54854398072495e-07
4.94961588682588 1.50550923795925e-07
4.99911204569414 1.46508431680418e-07
5.04910316615108 1.4269774071784e-07
5.09959419781259 1.39093222433972e-07
5.15059013979072 1.35672397685822e-07
5.20209604118862 1.32415575118751e-07
5.25411700160051 1.29305527240454e-07
5.30665817161651 1.2632720081026e-07
5.35972475333268 1.23467458016063e-07
5.41332200086601 1.20714845897017e-07
5.46745522087467 1.18059390648823e-07
5.52212977308341 1.15492414970145e-07
5.57735107081425 1.130063757817e-07
5.63312458152239 1.10594720352254e-07
5.68945582733762 1.08251758986922e-07
5.74635038561099 1.05972552528647e-07
5.8038138894671 1.03752813133362e-07
5.86185202836177 1.01588816910311e-07
5.92047054864539 9.94773271579238e-08
5.97967525413184 9.74155270359258e-08
6.03947200667316 9.54009606446257e-08
6.0998667267399 9.34314815778215e-08
6.16086539400729 9.15052080157813e-08
6.22247404794737 8.96204838855723e-08
6.28469878842684 8.77758449243285e-08
6.34754577631111 8.59699895267573e-08
6.41102123407422 8.42017535167012e-08
6.47513144641496 8.24700884809952e-08
6.53988276087911 8.07740431954051e-08
6.60528158848791 7.91127477599367e-08
6.67133440437278 7.74854000993747e-08
6.73804774841651 7.58912545211972e-08
6.80542822590068 7.43296120602232e-08
6.87348250815968 7.27998123698531e-08
6.94221733324128 7.13012269477268e-08
7.01163950657369 6.98332535100385e-08
7.08175590163943 6.83953113565878e-08
7.15257346065582 6.6986837552546e-08
7.22409919526238 6.56072838578595e-08
7.29634018721501 6.42561142602659e-08
7.36930358908716 6.29328029917994e-08
7.44299662497803 6.163683299761e-08
7.51742659122781 6.03676947565057e-08
7.59260085714009 5.9124885397706e-08
7.66852686571149 5.79079080610717e-08
7.7452121343686 5.67162714559157e-08
7.82266425571229 5.55494895794117e-08
7.90089089826941 5.44070815626144e-08
7.97989980725211 5.32885716160788e-08
8.059698805324629 5.21934890520078e-08
8.14029579337787 5.11213683637923e-08
8.221698751311649 5.00717493466821e-08
8.30391573882477 4.90441772464663e-08
8.38695489621302 4.80382029253544e-08
8.47082444517515 4.70533830363472e-08
8.555532689626901 4.60892801991052e-08
8.64108801652317 4.51454631719213e-08
8.727498896688401 4.42215070154709e-08
8.81477388565529 4.33169932452636e-08
8.902921624511841 4.24315099704603e-08
8.99195084075696 4.15646520174996e-08
9.081870349164531 4.07160210375431e-08
9.172689052656169 3.98852255972776e-08
9.26441594318274 3.90718812529185e-08
9.357060102614559 3.82756106076548e-08
9.45063070364071 3.74960433529562e-08
9.54513701067712 3.67328162943511e-08
9.640588380783891 3.59855733624545e-08
9.736994264591729 3.52539656100671e-08
9.834364207237639 3.45376511962507e-08
9.93270784931002 3.38362953583446e-08
10.0320349278031 3.31495703728318e-08
10.1323552770812 3.24771555060299e-08
10.233678829852 3.18187369554882e-08
10.3360156181505 3.11740077830234e-08
10.439375774332 3.05426678401606e-08
10.5437695320753 2.99244236868683e-08
10.6492072273961 2.93189885042379e-08
10.75569929967 2.87260820018444e-08
10.8632562926667 2.81454303204072e-08
10.9718888555934 2.7576765930324e-08
11.0816077441493 2.70198275265921e-08
11.1924238215908 2.64743599205966e-08
11.3043480598067 2.5940113929188e-08
11.4173915404048 2.5416846261415e-08
11.5315654558088 2.49043194032751e-08
11.6468811103669 2.44023015007463e-08
11.7633499214706 2.39105662414229e-08
11.8809834206853 2.34288927349667e-08
11.9997932548922 2.2957065392618e-08
12.1197911874411 2.24948738059784e-08
12.2409890993155 2.20421126252689e-08
12.3633989903086 2.15985814372505e-08
12.4870329802117 2.11640846430155e-08
12.6119033100138 2.07384313358305e-08
12.738022343114 2.03214351792275e-08
12.8654025665451 1.99129142855465e-08
12.9940565922106 1.95126910951409e-08
13.1239971581327 1.91205922564258e-08
13.255237129714 1.87364485070312e-08
13.3877895010112 1.83600945562456e-08
13.5216673960213 1.79913689689915e-08
13.6568840699815 1.76301140515534e-08
13.7934529106813 1.72761757392884e-08
13.9313874397881 1.69294034865421e-08
14.070701314186 1.65896501589884e-08
14.2114083273278 1.62567719285963e-08
14.3535224106011 1.59306281714347e-08
14.4970576347071 1.5611081368483e-08
14.6420282110542 1.5297997009621e-08
14.7884484931648 1.49912435009422e-08
14.9363329780964 1.46906920755123e-08
15.0856963078774 1.43962167076711e-08
15.2365532709561 1.41076940309445e-08
15.3889188036657 1.38250032596293e-08
15.5428079917024 1.35480261140463e-08
15.6982360716194 1.32766467494667e-08
15.8552184323356 1.301075168867e-08
16.0137706166589 1.27502297580721e-08
16.1739083228255 1.24949720273322e-08
16.3356474060538 1.22448717523694e-08
16.4990038801143 1.19998243214298e-08
16.6639939189155 1.17597272046174e-08
16.8306338581046 1.15244799059641e-08
16.9989401966857 1.12939839184393e-08
17.1689295986525 1.106814268146e-08
17.340618894639 1.08468615407799e-08
17.5140250835854 1.06300477105107e-08
17.6891653344213 1.04176102371098e-08
17.8660569877655 1.02094599651197e-08
18.0447175576431 1.00055095044661e-08
18.2251647332196 9.80567319912523e-09
18.4074163805518 9.60986709698194e-09
18.5914905443573 9.41800892070492e-09
18.7774054498009 9.23001803948471e-09
18.9651795042989 9.04581544148801e-09
19.1548312993419 8.86532370689663e-09
19.3463796123353 8.68846698141649e-09
19.5398434084586 8.51517095015374e-09
19.7352418425432 8.34536281177072e-09
19.9325942609687 8.17897125285184e-09
20.1319202035783 8.01592642241757e-09
20.3332394056141 7.85615990654384e-09
20.5365717996703 7.69960470305364e-09
20.741937517667 7.54619519625954e-09
20.9493568928436 7.39586713174463e-09
21.1588504617721 7.24855759118331e-09
21.3704389663898 7.10420496720578e-09
21.5841433560537 6.96274893831948e-09
21.7999847896142 6.82413044390709e-09
22.0179846375104 6.68829165932324e-09
22.2381644838855 6.55517597111715e-09
22.4605461287243 6.42472795240886e-09
22.6851515900116 6.29689333844973e-09
22.9120031059117 6.17161900239868e-09
23.1411231369708 6.04885293134217e-09
23.3725343683405 5.92854420258989e-09
23.6062597120239 5.81064296027271e-09
23.8423223091442 5.69510039226957e-09
24.0807455322356 5.58186870748724e-09
24.321552987558 5.47090111351426e-09
24.5647685174336 5.36215179466776e-09
24.8104162026079 5.25557589045008e-09
25.058520364634 5.15112947442694e-09
25.3091055682803 5.04876953353917e-09
25.5621966239631 4.9484539478547e-09
25.8178185902027 4.8501414707669e-09
26.0759967761048 4.75379170964147e-09
26.3367567438658 4.65936510691313e-09
26.6001243113045 4.56682292162992e-09
26.8661255544175 4.47612721144296e-09
27.1347868099617 4.38724081503561e-09
27.4061346780613 4.30012733498714e-09
27.6801960248419 4.21475112106113e-09
27.9569979850903 4.13107725391456e-09
28.2365679649412 4.04907152921294e-09
28.5189336445907 3.96870044214539e-09
28.8041229810366 3.8899311723284e-09
29.0921642108469 3.81273156908692e-09
29.3830858529554 3.73707013710289e-09
29.676916711485 3.66291602241979e-09
29.9736858785998 3.59023899879245e-09
30.2734227373858 3.51900945437136e-09
30.5761569647597 3.44919837871093e-09
30.8819185344073 3.38077735009147e-09
31.1907377197513 3.31371852314449e-09
31.5026450969488 3.24799461677198e-09
31.8176715479183 3.18357890235008e-09
32.1358482633975 3.12044519220817e-09
32.4572067460315 3.05856782837462e-09
32.7817788134918 2.99792167158115e-09
33.1095966016267 2.93848209051765e-09
33.440692567643 2.88022495133026e-09
33.7750994933194 2.82312660735532e-09
34.1128504882526 2.76716388908265e-09
34.4539789931351 2.71231409434181e-09
34.7985187830665 2.65855497870549e-09
35.1465039708972 2.60586474610481e-09
35.4979690106061 2.55422203965168e-09
35.8529487007122 2.50360593266463e-09
36.2114781877193 2.45399591989588e-09
36.5735929695965 2.40537190895949e-09
36.9393288992925 2.35771421196533e-09
37.3087221882854 2.31100353737257e-09
37.6818094101683 2.26522098209648e-09
38.0586275042699 2.22034802395277e-09
38.4392137793127 2.17636651466471e-09
38.8236059171058 2.13325867413651e-09
39.2118419762768 2.09100708879928e-09
39.6039603960396 2.04959473177799e-09
40 2.00900283899133e-09
