-40 -1e-06
-39.6039603960396 -1e-06
-39.2118419762768 -1e-06
-38.8236059171058 -1e-06
-38.4392137793127 -1e-06
-38.0586275042699 -1e-06
-37.6818094101683 -1e-06
-37.3087221882854 -1e-06
-36.9393288992925 -1e-06
-36.5735929695965 -1e-06
-36.2114781877193 -1e-06
-35.8529487007122 -1e-06
-35.4979690106061 -1e-06
-35.1465039708972 -1e-06
-34.7985187830665 -1e-06
-34.4539789931351 -1e-06
-34.1128504882526 -1e-06
-33.7750994933194 -1e-06
-33.440692567643 -1e-06
-33.1095966016267 -1e-06
-32.7817788134918 -1e-06
-32.4572067460315 -1e-06
-32.1358482633975 -1e-06
-31.8176715479183 -1e-06
-31.5026450969488 -1e-06
-31.1907377197513 -1e-06
-30.8819185344073 -1e-06
-30.5761569647597 -1e-06
-30.2734227373858 -1e-06
-29.9736858785998 -1e-06
-29.676916711485 -1e-06
-29.3830858529554 -1e-06
-29.0921642108469 -1e-06
-28.8041229810366 -1e-06
-28.5189336445907 -1e-06
-28.2365679649412 -1e-06
-27.9569979850903 -1e-06
-27.6801960248419 -1e-06
-27.4061346780613 -1e-06
-27.1347868099617 -1e-06
-26.8661255544175 -1e-06
-26.6001243113045 -1e-06
-26.3367567438658 -1e-06
-26.0759967761048 -1e-06
-25.8178185902027 -1e-06
-25.5621966239631 -1e-06
-25.3091055682803 -1e-06
-25.058520364634 -1e-06
-24.8104162026079 -1e-06
-24.5647685174336 -1e-06
-24.321552987558 -1e-06
-24.0807455322356 -1e-06
-23.8423223091442 -1e-06
-23.6062597120239 -1e-06
-23.3725343683405 -1e-06
-23.1411231369708 -1e-06
-22.9120031059117 -1e-06
-22.6851515900116 -1e-06
-22.4605461287243 -1e-06
-22.2381644838855 -1e-06
-22.0179846375104 -1e-06
-21.7999847896142 -1e-06
-21.5841433560537 -1e-06
-21.3704389663898 -1e-06
-21.1588504617721 -1e-06
-20.9493568928436 -1e-06
-20.741937517667 -1e-06
-20.5365717996703 -1e-06
-20.3332394056141 -1e-06
-20.1319202035783 -1e-06
-19.9325942609687 -1e-06
-19.7352418425432 -1e-06
-19.5398434084586 -1e-06
-19.3463796123353 -1e-06
-19.1548312993419 -1e-06
-18.9651795042989 -1e-06
-18.7774054498009 -1e-06
-18.5914905443573 -1e-06
-18.4074163805518 -1e-06
-18.2251647332196 -1e-06
-18.0447175576431 -1e-06
-17.8660569877655 -1e-06
-17.6891653344213 -1e-06
-17.5140250835854 -1e-06
-17.340618894639 -1e-06
-17.1689295986525 -1e-06
-16.9989401966857 -1e-06
-16.8306338581046 -1e-06
-16.6639939189155 -1e-06
-16.4990038801143 -1e-06
-16.3356474060538 -1e-06
-16.1739083228255 -1e-06
-16.0137706166589 -1e-06
-15.8552184323356 -1e-06
-15.6982360716194 -1e-06
-15.5428079917024 -1e-06
-15.3889188036657 -1e-06
-15.2365532709561 -1e-06
-15.0856963078774 -1e-06
-14.9363329780964 -1e-06
-14.7884484931648 -1e-06
-14.6420282110542 -1e-06
-14.4970576347071 -1e-06
-14.3535224106011 -1e-06
-14.2114083273278 -1e-06
-14.070701314186 -1e-06
-13.9313874397881 -1e-06
-13.7934529106813 -1e-06
-13.6568840699815 -1e-06
-13.5216673960213 -1e-06
-13.3877895010112 -1e-06
-13.255237129714 -1e-06
-13.1239971581327 -1e-06
-12.9940565922106 -1e-06
-12.8654025665451 -1e-06
-12.738022343114 -1e-06
-12.6119033100138 -1e-06
-12.4870329802117 -1e-06
-12.3633989903086 -1e-06
-12.2409890993155 -1e-06
-12.1197911874411 -1e-06
-11.9997932548922 -1e-06
-11.8809834206853 -1e-06
-11.7633499214706 -1e-06
-11.6468811103669 -1e-06
-11.5315654558088 -1e-06
-11.4173915404048 -1e-06
-11.3043480598067 -1e-06
-11.1924238215908 -1e-06
-11.0816077441493 -1e-06
-10.9718888555934 -1e-06
-10.8632562926667 -1e-06
-10.75569929967 -1e-06
-10.6492072273961 -1e-06
-10.5437695320753 -1e-06
-10.439375774332 -1e-06
-10.3360156181505 -1e-06
-10.233678829852 -1e-06
-10.1323552770812 -1e-06
-10.0320349278031 -1e-06
-9.93270784931002 -1e-06
-9.834364207237639 -1e-06
-9.736994264591729 -1e-06
-9.640588380783891 -1e-06
-9.54513701067712 -1e-06
-9.45063070364071 -1e-06
-9.357060102614559 -1e-06
-9.26441594318274 -1e-06
-9.172689052656169 -1e-06
-9.081870349164531 -1e-06
-8.99195084075696 -1e-06
-8.902921624511841 -1e-06
-8.81477388565529 -1e-06
-8.727498896688401 -1e-06
-8.64108801652317 -1e-06
-8.555532689626901 -1e-06
-8.47082444517515 -1e-06
-8.38695489621302 -1e-06
-8.30391573882477 -1e-06
-8.221698751311649 -1e-06
-8.14029579337787 -1e-06
-8.059698805324629 -1e-06
-7.97989980725211 -1e-06
-7.90089089826941 -1e-06
-7.82266425571229 -1e-06
-7.7452121343686 -1e-06
-7.66852686571149 -1e-06
-7.59260085714009 -1e-06
-7.51742659122781 -1e-06
-7.44299662497803 -1e-06
-7.36930358908716 -1e-06
-7.29634018721501 -1e-06
-7.22409919526238 -1e-06
-7.15257346065582 -1e-06
-7.08175590163943 -1e-06
-7.01163950657369 -1e-06
-6.94221733324128 -1e-06
-6.87348250815968 -1e-06
-6.80542822590068 -1e-06
-6.73804774841651 -1e-06
-6.67133440437278 -1e-06
-6.60528158848791 -1e-06
-6.53988276087911 -1e-06
-6.47513144641496 -1e-06
-6.41102123407422 -1e-06
-6.34754577631111 -1e-06
-6.28469878842684 -1e-06
-6.22247404794737 -1e-06
-6.16086539400729 -1e-06
-6.0998667267399 -1e-06
-6.03947200667316 -1e-06
-5.97967525413184 -1e-06
-5.92047054864539 -1e-06
-5.86185202836177 -1e-06
-5.8038138894671 -1e-06
-5.74635038561099 -1e-06
-5.68945582733762 -1e-06
-5.63312458152239 -1e-06
-5.57735107081425 -1e-06
-5.52212977308341 -1e-06
-5.46745522087467 -1e-06
-5.41332200086601 -1e-06
-5.35972475333268 -1e-06
-5.30665817161651 -1e-06
-5.25411700160051 -1e-06
-5.20209604118862 -1e-06
-5.15059013979072 -1e-06
-5.09959419781259 -1e-06
-5.04910316615108 -1e-06
-4.99911204569414 -1e-06
-4.94961588682588 -1e-06
-4.90060978893651 -1e-06
-4.85208889993714 -1e-06
-4.80404841577935 -1e-06
-4.75648357997955 -1e-06
-4.70938968314807 -1e-06
-4.66276206252284 -1e-06
-4.61659610150777 -1e-06
-4.57088722921561 -1e-06
-4.52563092001545 -1e-06
-4.48082269308461 -1e-06
-4.43645811196496 -1e-06
-4.39253278412372 -1e-06
-4.34904236051854 -1e-06
-4.30598253516687 -1e-06
-4.26334904471967 -1e-06
-4.22113766803928 -1e-06
-4.17934422578146 -1e-06
-4.13796457998165 -1e-06
-4.09699463364519 -1e-06
-4.05643033034178 -1e-06
-4.01626765380374 -1e-06
-3.97650262752845 -1e-06
-3.93713131438461 -1.05332985441232e-06
-3.89814981622238 -1.19088256437151e-06
-3.85955427348751 -1.34493764689236e-06
-3.82134086483912 -1.51714898536889e-06
-3.7835058067714 -1.70930659138097e-06
-3.74604535323901 -1.92334535313225e-06
-3.70895579528615 -2.16135413769686e-06
-3.67223346067936 -2.42558535220793e-06
-3.63587471354392 -2.71846484410663e-06
-3.59987595400388 -3.04260223995393e-06
-3.56423361782562 -3.4008016945891e-06
-3.52894417606497 -3.79607306098028e-06
-3.4940041347178 -4.23164348876141e-06
-3.45941003437406 -4.7109694493381e-06
-3.4251584498753 -5.23774920083955e-06
-3.39124598997555 -5.81593565774248e-06
-3.35766929700549 -6.44974986313923e-06
-3.32442504654009 -7.14369444522897e-06
-3.2915099470694 -7.9025682339811e-06
-3.25892073967267 -8.73148053339431e-06
-3.22665419769571 -9.63586635439326e-06
-3.1947071264314 -1.06215018473737e-05
-3.16307636280337 -1.16945198628914e-05
-3.13175877505284 -1.28614267260946e-05
-3.10075126242855 -1.41291182473169e-05
-3.07005075487975 -1.55048968602318e-05
-3.03965421275223 -1.69964887584433e-05
-3.00955862648736 -1.86120614056778e-05
-2.97976101632412 -2.03602408761259e-05
-2.95025843200408 -2.22501302112421e-05
-2.92104795247928 -2.4291327070605e-05
-2.89212668562305 -2.64939419218172e-05
-2.86349176794362 -2.88686161253198e-05
-2.83514036430061 -3.1426540203244e-05
-2.80706966762437 -3.41794717108342e-05
-2.77927689863799 -3.71397533799782e-05
-2.75175930558217 -4.03203306949173e-05
-2.72451416394274 -4.37347697932404e-05
-2.69753877618093 -4.73972744860101e-05
-2.67083047146627 -5.13227032678645e-05
-2.64438660541214 -5.5526586189698e-05
-2.618204559814 -6.00251408074061e-05
-2.5922817423901 -6.48352882959934e-05
-2.56661558652486 -6.99746684223313e-05
-2.54120355101471 -7.54616556759008e-05
-2.51604311981654 -8.13153716280599e-05
-2.49113180179856 -8.75557007894964e-05
-2.46646713049362 -9.42033049788625e-05
-2.44204666385507 -0.000101279634643466
-2.41786798401492 -0.000108806942307907
-2.39392869704448 -0.000116808298019246
-2.3702264327173 -0.000125307599468061
-2.34675884427456 -0.000134329586371684
-2.32352360819263 -0.000143899854672481
-2.3005184239531 -0.000154044866423766
-2.27774101381495 -0.000164791970141632
-2.25518912258906 -0.000176169409600141
-2.23286051741491 -0.000188206345311288
-2.21075298753952 -0.000200932868561239
-2.18886434409853 -0.000214380022717972
-2.16719241989954 -0.000228579822888472
-2.14573506920746 -0.000243565280808777
-2.12449016753214 -0.000259370429573687
-2.10345561141796 -0.000276030353691228
-2.0826293182356 -0.000293581215900823
-2.06200922597584 -0.000312060315865251
-2.04159329304539 -0.000331506080651854
-2.02137949806474 -0.000351958180525055
-2.00136583966806 -0.000373457502965737
-1.98155033630501 -0.000396046258782597
-1.96193102604457 -0.000419768026091493
-1.94250596638076 -0.000444667815130858
-1.92327323404036 -0.00047079213381429
-1.90423092479243 -0.000498189084136519
-1.88537715325983 -0.000526908419741439
-1.86671005273251 -0.000557001663355245
-1.84822777498268 -0.000588522187092216
-1.82992849008186 -0.00062152532423144
-1.81181038621967 -0.000656068478707614
-1.79387166952442 -0.00069221124902095
-1.77611056388557 -0.00073001553047117
-1.75852531077779 -0.000769545680260035
-1.74111416908692 -0.000810868619411195
-1.72387541493754 -0.000854053993689094
-1.70680734152232 -0.000899174275239979
-1.68990825893299 -0.000946305093368961
-1.67317649399306 -0.000995524912993546
-1.65661039009214 -0.00104691588671952
-1.64020830702192 -0.00110056338490101
-1.62396862081378 -0.00115655644540107
-1.607889723578 -0.00121498783891121
-1.59197002334456 -0.0012759542844178
-1.5762079439055 -0.0013395563352364
-1.56060192465891 -0.00140589884610378
-1.54515042045437 -0.00147509087021117
-1.52985190143997 -0.00154724567553683
-1.51470485291086 -0.00162248109690196
-1.49970777515927 -0.00170091928916236
-1.48485918332601 -0.00178268694377284
-1.47015760725347 -0.00186791520275489
-1.45560159134007 -0.00195673968392049
-1.44118969439611 -0.00204930031219671
-1.4269204895011 -0.00214574165105015
-1.41279256386247 -0.00224621193488683
-1.39880451867572 -0.00235086393269561
-1.38495496898586 -0.00245985180912357
-1.37124254355036 -0.00257334070205812
-1.36445421412684 -0.00263167410271837
-1.35766588470332 -0.0026914886382207
-1.35094476646222 -0.0027522085628732
-1.34422364822111 -0.00281446304810556
-1.33756907570517 -0.00287765382421718
-1.33091450318922 -0.00294243300907052
-1.32432581752987 -0.00300817887482692
-1.31773713187051 -0.0030755687938069
-1.31121368072264 -0.00314395533229434
-1.30469022957477 -0.00321404249515368
-1.29823136705212 -0.00328515611689579
-1.29177250452947 -0.00335802646483396
-1.28537759114071 -0.00343195440497429
-1.28218013444633 -0.00346959528846098
-1.27898267775195 -0.00350769637084095
-1.27581687904464 -0.00354587889360781
-1.27265108033733 -0.00358452352034126
-1.26948528163003 -0.00362363683916036
-1.26631948292272 -0.00366322367039935
-1.26318502875707 -0.00370289198711346
-1.26005057459142 -0.00374303708522015
-1.25691612042577 -0.00378366529266634
-1.25378166626012 -0.00382478130053277
-1.24757482632814 -0.00390766784532821
-1.24136798639616 -0.00399254031727201
-1.23522260032489 -0.00407858144144247
-1.22907721425363 -0.00416666872289559
-1.22299267358901 -0.00425595021612916
-1.21690813292438 -0.00434733118150858
-1.20485953754889 -0.00453469666941627
-1.19293023519692 -0.00472890122024457
-1.18111904474943 -0.00493011359911486
-1.16942479678161 -0.00513846988456511
-1.15784633344714 -0.00535410590869739
-1.14638250836351 -0.00557714770115135
-1.13503218649852 -0.00580771266266817
-1.12379424405794 -0.00604590521433698
-1.1126675683742 -0.00629182027608473
-1.10165105779624 -0.00654553872110072
-1.09074362158043 -0.00680712782318754
-1.07994417978261 -0.00707664056125807
-1.0692516631511 -0.00735411458805936
-1.05866501302089 -0.00763957120531359
-1.0481831812088 -0.0079330148109003
-1.0378051299097 -0.00823443238833106
-1.02752983159376 -0.00854379278842499
-1.01735626890472 -0.0088610464586207
-1.00728343455913 -0.00918612476427058
-0.997310331246659 -0.00951894031533196
-0.987435971531345 -0.00985938542427485
-0.977659377753807 -0.0102073323942198
-0.967979581934463 -0.0105626420584424
-0.958395625677686 -0.010925143420501
-0.948906560076917 -0.0112946568969077
-0.93951144562071 -0.0116709622670435
-0.930209352099712 -0.0120538927450142
-0.92560435530714 -0.0122472568673002
-0.920999358514567 -0.0124431593002099
-0.916439955749644 -0.0126396066084944
-0.91188055298472 -0.0128385306950266
-0.907366292821429 -0.0130379238467361
-0.902852032658138 -0.0132397403613133
-0.898382468140029 -0.0134419414806869
-0.893912903621919 -0.0136464987317898
-0.88948759221785 -0.0138513713879473
-0.887274936515815 -0.0139546655943179
-0.885062280813781 -0.0140585376962615
-0.882871532593945 -0.014161944783088
-0.880680784374109 -0.0142659131895211
-0.878490036154273 -0.0143704416948732
-0.876299287934437 -0.0144755275540726
-0.874130230291035 -0.0145801219878694
-0.871961172647633 -0.0146852586605237
-0.867623057360828 -0.0148971641777326
-0.863327893710527 -0.0151090875620656
-0.859032730060226 -0.0153231136502316
-0.8547800927827 -0.0155370776491826
-0.8505274555051739 -0.015753055021047
-0.842106391589282 -0.0161866615588054
-0.833768704543843 -0.0166235530387494
-0.82551356885529 -0.0170634239759158
-0.817340167183456 -0.0175059128372308
-0.809247690280649 -0.0179506744887255
-0.801235336911534 -0.0183973649904405
-0.793302313773796 -0.0188456418475576
-0.7854478354195999 -0.0192951676843741
-0.777671124177822 -0.0197456123927785
-0.7699714100770511 -0.020196649948031
-0.762347930769357 -0.0206479630640467
-0.7547999314548089 -0.0210992460807545
-0.747326664806742 -0.0215502006742548
-0.739927390897764 -0.0220005414796314
-0.732601377126499 -0.022449992657623
-0.725347898145049 -0.0228982937218954
-0.718166235787177 -0.0233451926462856
-0.711055678997205 -0.0237904772221186
-0.704015523759609 -0.0242338688120359
-0.697045073029316 -0.0246752160673522
-0.690143636662689 -0.0251143208536994
-0.6833105313491969 -0.0255509900725172
-0.6765450805437589 -0.0259850589977843
-0.669846614399762 -0.02641638782665
-0.663214469702734 -0.0268448445822474
-0.656647989804688 -0.0272703031152463
-0.650146524559097 -0.027692664893048
-0.643709430256531 -0.0281118334339036
-0.637336069560922 -0.0285277332891084
-0.631025811446457 -0.0289402983249456
-0.624778031135106 -0.0293494752469439
-0.618592110034759 -0.0297552226192416
-0.612467435677979 -0.0301575119871348
-0.606403401661365 -0.030556321849069
-0.60039940758551 -0.0309516436307278
-0.5944548589955549 -0.0313434876181662
-0.588569167322331 -0.0317318503513859
-0.582741749824091 -0.0321167590482783
-0.576972029528803 -0.032498239340584
-0.571259435177032 -0.0328763281738614
-0.565603401165378 -0.0332510662232385
-0.560003367490474 -0.033622503074607
-0.554458779693538 -0.0339906902433595
-0.548969088805484 -0.0343556899922466
-0.543533751292558 -0.0347175649126041
-0.538152229002533 -0.0350763838946513
-0.532823989111418 -0.0354322233935575
-0.527548504070711 -0.0357851550969675
-0.52232525155516 -0.0361352608048134
-0.517153714411049 -0.0364826214884949
-0.512033380604999 -0.0368273208643664
-0.506963743173267 -0.0371694439309214
-0.501944300171551 -0.0375090771472897
-0.496974554625298 -0.0378463085513191
-0.492054014480493 -0.0381812267838698
-0.487182192554944 -0.0385139106793131
-0.482358606490043 -0.0388444613301921
-0.477582778703013 -0.0391729650276342
-0.472854236339617 -0.0394994975479895
-0.468172511227344 -0.0398241492704931
-0.463537139829053 -0.0401469997662857
-0.458947663197082 -0.0404681350589799
-0.454403626927804 -0.0407876317126048
-0.449904581116638 -0.0411055660489102
-0.445450080313503 -0.041422011551514
-0.441039683478716 -0.0417370421348966
-0.436672953939322 -0.0420507186849011
-0.432349459345864 -0.0423631220223208
-0.428068771629568 -0.0426743020750198
-0.423830466959968 -0.0429843221465131
-0.419634125702939 -0.0432932346893071
-0.415479332379147 -0.043601094809998
-0.411365675622918 -0.0439079460074979
-0.407292748141503 -0.0442138386729403
-0.403260146674756 -0.0445188145941552
-0.399267471955204 -0.044822900523698
-0.395314328668518 -0.0451261422548318
-0.391400325414375 -0.0454285706670161
-0.387525074667698 -0.045730209722741
-0.383688192740295 -0.0460310822443024
-0.379889299742866 -0.046331212101337
-0.376128019547392 -0.0466306136466723
-0.372403979749893 -0.0469293044592491
-0.368716811633558 -0.0472272970807674
-0.365066150132235 -0.0475246013132827
-0.361451633794292 -0.0478212234796735
-0.357872904746824 -0.0481171685986783
-0.354329608660222 -0.0484124397529665
-0.350821394713091 -0.0487070388354295
-0.347347915557516 -0.049000963684439
-0.343908827284669 -0.0492942127762654
-0.340503789390762 -0.0495867819911762
-0.337132464743328 -0.0498786668763479
-0.33379451954785 -0.0501698603548216
-0.330489623314703 -0.0504603588659306
-0.327217448826438 -0.050750152455168
-0.323977672105385 -0.0510392364809663
-0.320769972381569 -0.051327598959344
-0.317594032060959 -0.0516152348665162
-0.314449536694019 -0.0519021344286517
-0.311336174944573 -0.052188294694489
-0.308253638558984 -0.0524737047286136
-0.305201622335627 -0.0527583545939627
-0.30217982409468 -0.0530422497831936
-0.299187944648198 -0.053325373030067
-0.296225687770494 -0.0536077236155571
-0.293292760168805 -0.0538892989761621
-0.290388871454263 -0.0541700992936993
-0.287513734113132 -0.0544501178811478
-0.284667063478348 -0.0547293588632458
-0.281848577701335 -0.0550078163839433
-0.279057997724094 -0.0552855030580945
-0.276295047251578 -0.0555624128657149
-0.273559452724335 -0.0558385539191331
-0.27085094329142 -0.0561139317238357
-0.268169250783585 -0.0563885530264458
-0.265514109686717 -0.0566624228933925
-0.262885257115562 -0.0569355556350007
-0.260282432787685 -0.0572079523961763
-0.257705378997708 -0.0574796276148526
-0.25515384059179 -0.0577505992413067
-0.252627564942366 -0.058020866146632
-0.250126301923135 -0.0582904456336163
-0.247649803884292 -0.0585593530727681
-0.245197825628012 -0.058827599829885
-0.24277012438417 -0.0590951973593676
-0.240366459786307 -0.0593621592925268
-0.237986593847829 -0.0596284981911114
-0.235630290938444 -0.0598942259607565
-0.233297317760836 -0.0601593555513423
-0.23098744332756 -0.0604238947604155
-0.228700438938179 -0.0606878568098382
-0.226436078156613 -0.0609512534256783
-0.224194136788725 -0.0612140870673724
-0.221974392860124 -0.0614763678376293
-0.219776626594182 -0.061738101935089
-0.217600620390279 -0.0619992875665545
-0.215446158802257 -0.0622599312290389
-0.213313028517086 -0.0625200294216188
-0.211201018333748 -0.0627795740406956
-0.209109919142325 -0.0630385456935954
-0.207039523903292 -0.0632969219681918
-0.204989627627022 -0.0635546289560209
-0.202960027353487 -0.063811800900352
-0.200950522132166 -0.0640660618378789
-0.198960913002144 -0.0643290707700108
-0.19699100297242 -0.0645878286333794
-0.195040597002396 -0.0648443243881746
-0.19310950198257 -0.0651001228618891
-0.191197526715416 -0.0653552496335695
-0.189304481896452 -0.0656097519980381
-0.187430180095497 -0.0658636436219291
-0.185574435738115 -0.0661169303211563
-0.183737065087243 -0.0663696093395759
-0.181917886224993 -0.0666216772272206
-0.180116719034647 -0.0668731172717757
-0.178333385182818 -0.0671239344571228
-0.1765677081018 -0.067374107722469
-0.17481951297208 -0.0676236315660821
-0.173088626705029 -0.0678724971986367
-0.171374877925772 -0.0681206910165352
-0.169678096956209 -0.0683682053535653
-0.167998115798227 -0.0686150278988572
-0.166334768117057 -0.0688611540893752
-0.164687889224809 -0.0691065726969243
-0.163057316064167 -0.0693512790417353
-0.161442887192244 -0.06959526375663
-0.159844442764598 -0.0698385210661622
-0.158261824519404 -0.0700810528894723
-0.156694875761787 -0.0703228508573706
-0.155143441348303 -0.0705639132112261
-0.153607367671588 -0.0708042412522752
-0.152086502645136 -0.0710438352141737
-0.150580695688254 -0.0712826976124254
-0.149089797711142 -0.071520830404988
-0.147613661100141 -0.0717582379784412
-0.14615213970311 -0.0719949265052598
-0.14470508881496 -0.0722309023593681
-0.143272365163327 -0.0724661661814411
-0.141853826894383 -0.0727007505395764
-0.140449333558795 -0.0729346401412738
-0.139058746097817 -0.0731678538087258
-0.137681926829522 -0.0734004014780617
-0.13631873943517 -0.0736323001130225
-0.134969048945713 -0.0738635553280425
-0.133632721728429 -0.0740941854387807
-0.132309625473692 -0.0743242040311553
-0.130999629181873 -0.0745536199121201
-0.129702603150369 -0.074782449016212
-0.128418418960762 -0.0750107047532862
-0.127146949466101 -0.0752384004368055
-0.125888068778317 -0.0754655488737611
-0.12464165225576 -0.0756921632610435
-0.123407576490851 -0.0759182544781138
-0.122185719297873 -0.0761438338906818
-0.120975959700864 -0.0763689124538067
-0.119778177921647 -0.0765935045318756
-0.118592255367968 -0.0768176121339823
-0.11741807462175 -0.0770412439008594
-0.116255519427476 -0.0772644133374264
-0.115104474680669 -0.0774871286655959
-0.113964826416504 -0.0777093847508917
-0.112836461798519 -0.0779311902058226
-0.111719269107444 -0.0781525515774661
-0.110613137730143 -0.0783734701020821
-0.109517958148656 -0.0785939489208063
-0.108433621929363 -0.0788139846160163
-0.10736002171224 -0.0790335867039762
-0.106297051200238 -0.0792527419897759
-0.10524460514875 -0.0794714622869528
-0.104202579355198 -0.0796897345879679
-0.103170870648711 -0.0799075696387544
-0.102149376879912 -0.0801249530096404
-0.101137996910804 -0.0803418926043883
-0.100136630604756 -0.0805583892963765
-0.0991451788165905 -0.0807744314170627
-0.0981635433827629 -0.0809900224865963
-0.0971916271116464 -0.0812051652509483
-0.0962293337739073 -0.0814198663847339
-0.0952765680929776 -0.0816341187502384
-0.0943332357356213 -0.0818479153924513
-0.0933992433025954 -0.0820612954838447
-0.0924744983194014 -0.0822742293235688
-0.0915589092271301 -0.082486750455853
-0.09065238537339609 -0.0826988594153017
-0.08975483700336249 -0.0829105718788256
-0.0888661752508539 -0.0831218935706516
-0.0879863121295584 -0.0833328496208282
-0.0871151605243152 -0.0835434586421743
-0.0862526341824903 -0.0837537480434782
-0.085398647705436 -0.0839637309128754
-0.0845531165400356 -0.0841734569634607
-0.08371595697033229 -0.0843829382471267
-0.08288708610923989 -0.0845922169498232
-0.0820664218903365 -0.0848013336873007
-0.0812538830597391 -0.085010322876444
-0.08044938916805849 -0.0852192305205761
-0.0796528605624342 -0.085428106000718
-0.0788642183786477 -0.0856370025486201
-0.07808338453331461 -0.0858459728580278
-0.07731028171615301 -0.0860550680026206
-0.0765448333823297 -0.0862643550999311
-0.07578696374488091 -0.0864738962260948
-0.07503659776720881 -0.0866837543100753
-0.07429366115565229 -0.0868939971242296
-0.073558080352131 -0.0871046987997662
-0.0728297825268624 -0.0873159298183549
-0.0721086955711509 -0.0875277693111144
-0.0713947480902484 -0.087740291984802
-0.0706878693962855 -0.0879535781458863
-0.0699879895012728 -0.0881677084435555
-0.0692950391101711 -0.0883827651490767
-0.0686089496140308 -0.0885988331839018
-0.0679296530831988 -0.088815996567026
-0.06725708226059279 -0.0890343424670265
-0.06659117055504241 -0.089253951574177
-0.0659318520346955 -0.089474915236741
-0.0652790614204906 -0.0896973191961096
-0.0646327340796936 -0.0899212438633509
-0.0639928060194986 -0.0901467798484022
-0.0633592138806917 -0.0903740122596097
-0.0627318949313779 -0.0906030208452427
-0.0621107870607702 -0.0908338894632931
-0.0614958287730398 -0.0910667027936864
-0.0608869591812276 -0.0913015381539094
-0.0602841180012154 -0.0915384752662466
-0.0596872455457578 -0.0917775918798473
-0.0590962827185721 -0.0920189555840538
-0.0585111710084872 -0.0922626457398493
-0.0579318524836507 -0.0925087315267609
-0.0573582697857928 -0.0927572843090276
-0.0567903661245473 -0.0930083534659181
-0.056228085271829 -0.093262026922543
-0.0556713715562664 -0.0935183527029748
-0.0551201698576895 -0.0937773966443058
-0.0545744256016727 -0.0940392108277571
-0.0540340847541314 -0.0943038515310889
-0.0534990938159717 -0.0945713814977553
-0.0529693998177938 -0.0948418488437966
-0.0524449503146473 -0.0951153037283172
-0.0519256933808389 -0.0953917885871987
-0.051411577604791 -0.0956713615723405
-0.0509025520839515 -0.0959540730170294
-0.0503985664197539 -0.0962399613571553
-0.0498995707126277 -0.0965290773049818
-0.0494055155570571 -0.0968214845061349
-0.0489163520366902 -0.0971172011075473
-0.0484320317194952 -0.0974162921066706
-0.0479525066529656 -0.0977188015741376
-0.0474777293593719 -0.098024784222858
-0.0470076528310613 -0.0983342885584479
-0.0465422305258032 -0.0986473630821781
-0.0460814163621814 -0.0989640648915068
-0.0456251647150311 -0.0992844764131508
-0.0451734304109219 -0.0996086209947645
-0.044726168723685 -0.0999365813074519
-0.0442833353699852 -0.100268412209969
-0.0438448865049358 -0.100604190498114
-0.0434107787177582 -0.100943993760611
-0.0429809690274834 -0.101287890456768
-0.0425554148786964 -0.101635926796035
-0.0421340741373232 -0.1019882356257
-0.0417169050864586 -0.102344881489965
-0.0413038664222363 -0.102705946492726
-0.0408949172497389 -0.103071535411576
-0.0404900170789494 -0.103441730263206
-0.0400891258207419 -0.103816625470885
-0.0396922037829128 -0.104196347145444
-0.0392992116662503 -0.104580964015809
-0.0389101105606439 -0.104970605229878
-0.0385248619412316 -0.105365361067526
-0.0381434276645857 -0.105765350053016
-0.0377657699649363 -0.106170673536791
-0.037391851450432 -0.106581432806301
-0.0370216350994376 -0.106997753932736
-0.036655084256869 -0.107419747274755
-0.0362921626305633 -0.107847504677046
-0.0359328342876865 -0.108281134276806
-0.0355770636511747 -0.108720749953808
-0.0352248154962126 -0.109166467056018
-0.0348760549467451 -0.109618354965368
-0.0345307474720249 -0.110076527047588
-0.0341888588831929 -0.11054108220296
-0.033850355329894 -0.111012101894992
-0.0335152032969248 -0.111489682303114
-0.0331833696009156 -0.111973893440027
-0.0328548213870451 -0.112464812914812
-0.0325295261257873 -0.112962505071126
-0.0322074516096904 -0.113467064673952
-0.0318885659501885 -0.113978499085584
-0.031572837574444 -0.114496906621338
-0.0312602352222218 -0.115022327218413
-0.0309507279427939 -0.115554773543327
-0.0306442850918751 -0.116094319509976
-0.0303408763285892 -0.116640958667938
-0.0300404716124646 -0.11719474538921
-0.02974304120046 -0.117755682165995
-0.0294485556440198 -0.11832379137782
-0.0291569857861582 -0.118899081782192
-0.0288683027585725 -0.119481526957115
-0.0285824779787846 -0.120071199919094
-0.0282994831473115 -0.120668035337938
-0.0280192902448629 -0.121271993954651
-0.0277418715295672 -0.121883131055423
-0.027467199534225 -0.122501413267273
-0.0271952470635891 -0.123126831228078
-0.0269259871916724 -0.123759348515433
-0.0266593932590815 -0.124398930925108
-0.0263954388703778 -0.12504570395333
-0.0261340978914631 -0.125699379534436
-0.0258753444469932 -0.126360133389244
-0.025619152917815 -0.127027906752714
-0.0253654979384307 -0.127702729191394
-0.0251143543944859 -0.128384505693207
-0.024865697420283 -0.129073271396711
-0.0246195023963198 -0.129769026505255
-0.0243757449468513 -0.130471735780772
-0.0241344009374766 -0.1311814204312
-0.0238954464727491 -0.13189807064141
-0.023658857893811 -0.13262168960365
-0.0234246117760505 -0.133352328894185
-0.0231926849267826 -0.134089932887162
-0.0229630543829531 -0.134834578327662
-0.0227356974088645 -0.135586268723429
-0.0225105914939252 -0.136345028482048
-0.022287714350421 -0.137110893280265
-0.0220670439113079 -0.137883894553697
-0.0218485583280276 -0.13866407247138
-0.0216322359683442 -0.139451470693194
-0.0214180554142022 -0.140246132794033
-0.0212059954596061 -0.141048109656314
-0.0209960351085209 -0.141857443905315
-0.020788153572793 -0.142674193618446
-0.0205823302700921 -0.143498413809415
-0.0203785448218733 -0.144330172083355
-0.0201767770513597 -0.145169497813044
-0.0199770069815443 -0.146016454363765
-0.0197792148332122 -0.146871108912186
-0.0195833810229823 -0.147733512338942
-0.0193894861613687 -0.148603701029814
-0.0191975110508601 -0.149481765400755
-0.0190074366840199 -0.150367741005012
-0.0188192442416038 -0.151261677114243
-0.0186329150906968 -0.152163623927802
-0.0184484307828682 -0.15307362640385
-0.0182657730523447 -0.153991727965319
-0.0180849238142027 -0.154917968792218
-0.0179058651625769 -0.155852385555005
-0.017728579368888 -0.156795012344163
-0.0175530488800872 -0.15774588125868
-0.017379256316918 -0.158705014826944
-0.017207184472196 -0.159672441968951
-0.017036816309105 -0.160648181133632
-0.0168681349595099 -0.161632247944635
-0.016701123722287 -0.162624656838284
-0.0165357660616703 -0.16362541917002
-0.0163720456056142 -0.164634540591664
-0.0162099461441724 -0.165652027105161
-0.0160494516278935 -0.166677877451398
-0.0158905461662312 -0.167712093904246
-0.0157332140259715 -0.168754670604025
-0.0155774396296747 -0.169805600863579
-0.0154232075541334 -0.170864879499515
-0.0152705025288449 -0.171932495528131
-0.0151193094344999 -0.173008437994805
-0.0149696133014851 -0.174092692148733
-0.0148213993084011 -0.175185243572798
-0.0146746527805951 -0.176286081001067
-0.014529359188708 -0.177395203899556
-0.0143855041472357 -0.178512536899751
-0.0142430734131046 -0.179638111680042
-0.014102052884262 -0.180771897533522
-0.0139624285982792 -0.181913871129453
-0.0138241867309695 -0.18306400889446
-0.0136873135950193 -0.18422231161254
-0.013551795638633 -0.185388704923846
-0.0134176194441911 -0.186563193949522
-0.0132847717269219 -0.187745753229626
-0.013153239333586 -0.188936351618459
-0.0130230092411743 -0.190134942136909
-0.0128940685556181 -0.191341527742673
-0.012766404510513 -0.192556051852217
-0.0126400044658544 -0.193778490244961
-0.0125148559067866 -0.195008749146503
-0.0123909464423629 -0.196246900086398
-0.0122682638043197 -0.197492806543051
-0.0121467958458611 -0.19874644188019
-0.0120265305404566 -0.200007758530156
-0.0119074559806501 -0.20127669443925
-0.0117895603768812 -0.20255324384394
-0.0116728320563181 -0.203837211457778
-0.0115572594617011 -0.205128636065439
-0.0114428311501991 -0.206427430485425
-0.0113295357922763 -0.207733496496618
-0.0112173621705706 -0.209046609372675
-0.0111062991787828 -0.210367102683813
-0.010996335820577 -0.211694465440366
-0.0108874612084921 -0.213028734512481
-0.0107796645628634 -0.214369783775896
-0.0106729352107559 -0.215717518081199
-0.0105672625849068 -0.21707183991035
-0.01046263622268 -0.218432588545175
-0.0103590457650297 -0.219799629384271
-0.010256480955475 -0.221172840558759
-0.0101549316390841 -0.22255213936585
-0.0100543877614694 -0.223937249672863
-0.00995483936779152 -0.225328156460366
-0.009856276601773781 -0.226724590791367
-0.009758689704726511 -0.228126429709232
-0.00966206901458071 -0.229533519229072
-0.009566404964931391 -0.230945654859712
-0.00947168808409049 -0.232362704217515
-0.009377908994149 -0.233784454454286
-0.00928505841004851 -0.235210736529824
-0.00919312713866189 -0.236641357247426
-0.00910210607788306 -0.238076117825137
-0.0090119862157258 -0.23951485384775
-0.008922758629431491 -0.240957361875089
-0.008834414484585631 -0.242403435640662
-0.008746945034243199 -0.243852880188032
-0.008660341618062581 -0.245305512427303
-0.0085745956614481 -0.246761115251807
-0.00848969867470108 -0.248219512394275
-0.008405642252179289 -0.249680498872845
-0.00832241807146464 -0.251143880621139
-0.00824001789253925 -0.252609463505616
-0.00815843355696956 -0.254077050988173
-0.00807765698709857 -0.255546458959756
-0.00799768018524611 -0.257017483591652
-0.00791849523291694 -0.258489948323146
-0.00784009429001677 -0.259963668490463
-0.00776246959407601 -0.261438483398528
-0.0076856134594812 -0.262914176049557
-0.00760951827671406 -0.264390585043093
-0.00753417651159808 -0.265867565975867
-0.00745958070455255 -0.267344924486835
-0.00738572346985401 -0.268822506812052
-0.00731259749490496 -0.270300157213757
-0.00724019553950986 -0.271777719194967
-0.00716851043515828 -0.273255045670414
-0.00709753508431513 -0.274731990717896
-0.00702726245971795 -0.276208414056947
-0.00695768560368114 -0.277684181483726
-0.00688879762740707 -0.279159159894458
-0.00682059171030403 -0.280633236707443
-0.00675306109931092 -0.282106258794854
-0.00668619910822863 -0.283578134984989
-0.00661999911705805 -0.2850487441915
-0.0065544545713446 -0.286517981712755
-0.00648955898152931 -0.287985743492841
-0.00642530592230625 -0.289451935657582
-0.00636168903198638 -0.290916444928039
-0.00629870201186771 -0.29237919593934
-0.00623633862561159 -0.293840109417051
-0.00617459269862534 -0.295299088774825
-0.00611345811745083 -0.296756059948297
-0.00605292882915924 -0.298210950180668
-0.00599299884075172 -0.299663686385137
-0.00593366221856606 -0.301114202691959
-0.00587491308768917 -0.302562418952624
-0.00581674563137541 -0.304008305880968
-0.0057591540904707 -0.305451775043919
-0.00570213276284228 -0.306892793861475
-0.00564567600281414 -0.308331350804031
-0.00558977822060806 -0.309767286401057
-0.00553443388179016 -0.311200616839429
-0.00547963750672293 -0.312631288460305
-0.0054253836700227 -0.31405926190808
-0.00537166700002248 -0.315484496148306
-0.00531848217824008 -0.316906949772711
-0.00526582393885156 -0.318326587131771
-0.00521368706816986 -0.31974336926757
-0.00516206640412858 -0.321157268503948
-0.00511095683577087 -0.322568247477073
-0.00506035330274343 -0.323976275385122
-0.00501025079479548 -0.325381318817505
-0.00496064435128265 -0.326783354737458
-0.00491152906067589 -0.32818234379159
-0.00486290006007514 -0.329578268207721
-0.00481475253472786 -0.330971103248943
-0.00476708171755234 -0.332360813394192
-0.00471988288866568 -0.333747315509395
-0.00467315137491651 -0.335130701664448
-0.00462688254942229 -0.3365108935447
-0.00458107183111118 -0.337887865003187
-0.00453571468426849 -0.339261588744618
-0.00449080661808762 -0.340632037760612
-0.00444634318622536 -0.341999194729702
-0.00440231998636175 -0.343363029648774
-0.00435873265976411 -0.34472358634086
-0.00431557689085555 -0.346080711458729
-0.00427284840678767 -0.347434444710319
-0.0042305429770175 -0.348784761311952
-0.00418865641288861 -0.350131637638824
-0.00414718456721645 -0.351475048606364
-0.00410612333387767 -0.352814969486286
-0.00406546864740364 -0.35415137526915
-0.00402521648257786 -0.355484240696143
-0.00398536285403748 -0.35681354023541
-0.0039459038158787 -0.358139249563923
-0.00390683546126603 -0.359461341283541
-0.00386815392204558 -0.360779786956126
-0.00382985536836196 -0.362094563387543
-0.00379193600827917 -0.363405640343741
-0.00375439208740512 -0.364712993819692
-0.00371721988851992 -0.366016596520575
-0.00368041573120784 -0.367316417713093
-0.00364397597149291 -0.368612429547461
-0.00360789700147813 -0.369904606115896
-0.00357217524898825 -0.371192917547525
-0.00353680717721609 -0.372477334950317
-0.00350178928437236 -0.373757829198252
-0.00346711810333897 -0.37503437100238
-0.00343279020132572 -0.37630693033634
-0.00339880217953041 -0.377575478517105
-0.00336515067280239 -0.378839984273779
-0.00333183234930929 -0.380100416529999
-0.00329884391020722 -0.381356747615932
-0.00326618208931408 -0.382608945840287
-0.00323384365278622 -0.383856980656807
-0.00320182539879824 -0.385100821423878
-0.00317012415722598 -0.38634043742797
-0.00313873678933265 -0.387575797906444
-0.00310766018745807 -0.388806872071121
-0.00307689127471096 -0.390033630440805
-0.00304642700466432 -0.391256039652187
-0.00301626436105378 -0.392474070205016
-0.00298640035747899 -0.393687689871334
-0.00295683203710791 -0.394896872688272
-0.00292755647238407 -0.396101583086311
-0.0028985707647367 -0.397301790292089
-0.00286987204429376 -0.398497465362277
-0.00284145746959779 -0.399688582683764
-0.00281332422732454 -0.400875109350137
-0.0027854695320045 -0.402057015023456
-0.00275789062574703 -0.40323427042481
-0.00273058477796735 -0.404406846434754
-0.00270354928511619 -0.405574714179859
-0.00267678147041207 -0.406737845070672
-0.00265027868357631 -0.40789621082772
-0.0026240383005706 -0.409049783503548
-0.00259805772333723 -0.41019853550315
-0.00257233437954181 -0.411342439603861
-0.00254686572231862 -0.412481468975761
-0.00252164923001844 -0.413615597205661
-0.00249668240595885 -0.414744799725088
-0.00247196277817708 -0.415869046089329
-0.00244748789918523 -0.416988318162185
-0.00242325534572795 -0.418102585780183
-0.00239926271854252 -0.419211826546415
-0.00237550764212131 -0.420316015199417
-0.00235198776447654 -0.421415132577504
-0.00232870075690747 -0.42250915377084
-0.00230564431376977 -0.423598056720846
-0.0022828161522473 -0.424681819898605
-0.00226021401212604 -0.425760422327742
-0.00223783565557034 -0.426833843598462
-0.00221567886690132 -0.427902063878722
-0.00219374145237755 -0.42896506392396
-0.00217202123997777 -0.43002282508591
-0.00215051607918591 -0.431075329320643
-0.00212922384077813 -0.432122559195907
-0.00210814241661201 -0.433164497897719
-0.00208726971941783 -0.434201129235944
-0.00206660368259191 -0.435232437647684
-0.00204614225999199 -0.436258408189712
-0.00202588342573464 -0.437279026217145
-0.0020058251739947 -0.438294279627805
-0.00198596551880663 -0.43930415346303
-0.00196630249386795 -0.440308636228126
-0.00194683415234451 -0.441307715933594
-0.00192755856667773 -0.442301383150106
-0.00190847382839379 -0.443289625358651
-0.00188957804791465 -0.444272433451223
-0.00187086935437094 -0.445249798668429
-0.00185234589541677 -0.446221712549001
-0.0018340058370463 -0.447188167331953
-0.00181584736341218 -0.448149155921674
-0.00179786867664573 -0.449104671880375
-0.00178006799667894 -0.450054709424622
-0.00176244356106825 -0.450999263422579
-0.00174499362482005 -0.451938329391258
-0.00172771646021787 -0.452871903493514
-0.00171061035665136 -0.453799982534776
-0.00169367362044689 -0.454722563959438
-0.00167690457469989 -0.455639645846915
-0.00166030155910881 -0.456551226907445
-0.0016438629298107 -0.457457306477538
-0.00162758705921851 -0.458357884515157
-0.00161147233585991 -0.45925296159461
-0.00159551716421774 -0.460142538901161
-0.00157971996457202 -0.46102661822545
-0.00156407917284358 -0.461905201957569
-0.00154859324043919 -0.462778293081009
-0.00153326063409821 -0.463645895166321
-0.0015180798357408 -0.464508012364664
-0.00150304934231762 -0.465364649401207
-0.00148816766566101 -0.466215811568735
-0.00147343333233764 -0.467061504723132
-0.00145884488350261 -0.467901735305676
-0.00144440087475506 -0.468736509950952
-0.00143009987599511 -0.469565836710271
-0.00141594047128228 -0.470389723233632
-0.00140192125869533 -0.471208178119582
-0.0013880408501934 -0.47202121042555
-0.00137429787147861 -0.472828829710332
-0.00136069096186001 -0.473631046029323
-0.00134721877411882 -0.474427869926649
-0.00133387997437507 -0.475219312426594
-0.00132067324195552 -0.476005385024283
-0.00130759726926289 -0.476786099674421
-0.00129465076164642 -0.477561468773418
-0.00128183243727369 -0.478331505105335
-0.00126914102700365 -0.479096221302717
-0.00125657527426104 -0.479855636588005
-0.00124413393491192 -0.480609755336777
-0.00123181577714052 -0.481358598391586
-0.00121961958132724 -0.482102179700533
-0.00120754413992796 -0.482840514532893
-0.00119558825735442 -0.483573618619222
-0.00118375074985586 -0.484301508085001
-0.00117203044540184 -0.485024199430733
-0.00116042618356618 -0.485741709520096
-0.00114893681541206 -0.486454055570191
-0.00113756120337828 -0.487161255142444
-0.00112629822116661 -0.487863326133827
-0.00111514675363031 -0.488560286768262
-0.00110410569666367 -0.489252155588053
-0.00109317395709274 -0.48993895144551
-0.00108235045256707 -0.490620693494577
-0.00107163411145255 -0.491297401182619
-0.00106102387272529 -0.49196909424242
-0.00105051868586663 -0.492635792684595
-0.00104011751075904 -0.493297516791418
-0.00102981931758321 -0.49395428711689
-0.00101962308671605 -0.494606124541151
-0.00100952780862975 -0.495253049519382
-0.00099953248379183 -0.495895083780825
-0.0009896361225661681 -0.49653224925165
-0.000979837745115018 -0.497164567149974
-0.000970136381301998 -0.497792059470349
-0.000960531070596037 -0.49841474836681
-0.000951020861976275 -0.499032656183642
-0.000941604813837896 -0.499645805453978
-0.0009322819938989071 -0.500254219629519
-0.000923051479107828 -0.500857920116981
-0.000913912355552305 -0.501456930732896
-0.000904863718368619 -0.502051274701329
-0.000895904671652098 -0.502640975402528
-0.000887034328368414 -0.503226056366028
-0.000878251810265756 -0.503806541263898
-0.000869556247787878 -0.504382453904095
-0.000860946779987997 -0.504953818223945
-0.0008524225544435619 -0.505520658283699
-0.000843982727171843 -0.506082998260237
-0.00083562646254638 -0.506640862440825
-0.000827352933214237 -0.507194275217006
-0.000819161320014096 -0.507743261078572
-0.000811050811895145 -0.508287844607655
-0.000803020605836777 -0.508828050472896
-0.000795069906769086 -0.509363903423734
-0.000787197927494145 -0.509895428284769
-0.000779403888608064 -0.510422649950268
-0.000771687018423826 -0.510945593378712
-0.000764046552894877 -0.511464283587492
-0.000756481735539482 -0.511978745647672
-0.000748991817365824 -0.512489004678877
-0.000741576056797845 -0.512995085844243
-0.000734233719601827 -0.513497014345509
-0.00072696407881369 -0.51399481541816
-0.00071976641466702 -0.514488514326716
-0.000712640014521802 -0.514978136360075
-0.000705584172793863 -0.515463706826993
-0.000698598190885013 -0.515945251051645
-0.000691681377113875 -0.516422794369301
-0.0006848330466474 -0.516896362122142
-0.00067805252143307 -0.517365979655219
-0.000671339130131752 -0.517831672312643
-0.00066469220805124 -0.518293462149106
-0.000658111097080435 -0.518751384352925
-0.0006515951456241939 -0.519205454395563
-0.000645143708538805 -0.519655700894539
-0.000638756147068124 -0.520102149277369
-0.000632431828780321 -0.520544829260907
-0.000626170127505268 -0.520983749385722
-0.000619970423272543 -0.521418954512752
-0.000613832102250043 -0.521850461651609
-0.00060775455668321 -0.522278296310369
-0.000601737184834862 -0.522702483632043
-0.000595779390925606 -0.523123048672158
-0.000589880585074857 -0.523540016427921
-0.000584040183242433 -0.523953411842547
-0.000578257607170726 -0.524363259804881
-0.000572532284327451 -0.524769585147402
-0.000566863647848961 -0.525172412644007
-0.00056125113648412 -0.525571767007552
-0.000555694194538733 -0.525967672887411
-0.000550192271820528 -0.526360154867088
-0.000544744823584681 -0.526749237461781
-0.000539351310479882 -0.52713494511613
-0.000534011198494933 -0.527517302201922
-0.000528723958905874 -0.527896333015919
-0.0005234890682236369 -0.528272061777719
-0.000518306008142215 -0.528644512627657
-0.000513174265487342 -0.529013709624853
-0.000508093332165685 -0.529379676745244
-0.00050306270511454 -0.529742437879664
-0.0004980818862520199 -0.530102016832085
-0.000493150382427742 -0.530458437317798
-0.000488267705374002 -0.530811722961748
-0.000483433371657428 -0.53116189729684
-0.000478646902631117 -0.53150898376239
-0.000473907824387244 -0.531853005702561
-0.000469215667710143 -0.532193986364881
-0.000464569968029844 -0.532531948898826
-0.000459970265376083 -0.532866916354433
-0.000455416104332756 -0.533198911680966
-0.000450907033992828 -0.533527957725659
-0.000446442607913691 -0.533854077232468
-0.000442022384072961 -0.53417729284091
-0.000437645924824714 -0.534497627084928
-0.000433312796856152 -0.534815102391802
-0.000429022571144705 -0.535129741081109
-0.00042477482291555 -0.535441565363743
-0.000420569131599554 -0.535750597340953
-0.000416405080791638 -0.53605685900344
-0.000412282258209542 -0.536360372230503
-0.000408200255653012 -0.536661158789193
-0.000404158668963379 -0.536959240333555
-0.000400157097983543 -0.537254638403873
-0.00039619514651836 -0.537547374425969
-0.000392272422295405 -0.537837469710535
-0.000388388536926144 -0.538124945452512
-0.000384543105867469 -0.538409822730484
-0.000380735748383633 -0.538692122506141
-0.000376966087508547 -0.53897186562374
-0.000373233750008463 -0.539249072809628
-0.000369538366345013 -0.539523764671799
-0.000365879570638626 -0.539795961699455
-0.000362257000632303 -0.540065684262639
-0.000358670297655746 -0.5403329526119
-0.000355119106589847 -0.540597786877968
-0.000351603075831532 -0.540860207071538
-0.000348121857258943 -0.541120233083101
-0.000344675106196973 -0.541377884682985
-0.000341262481383142 -0.541633181521956
-0.000337883644933803 -0.54188614313374
-0.000334538262310697 -0.542136788949644
-0.000331226002287818 -0.542385138534113
-0.000327946536918632 -0.542631209473195
-0.000324699541503596 -0.542875023166152
-0.000321484694558016 -0.54311659726758
-0.000318301677780214 -0.543355950715029
-0.000315150176020014 -0.543593102202996
-0.000312029877247538 -0.54382807029143
-0.000308940472522315 -0.544060873415343
-0.000305881655962688 -0.544291529887083
-0.000302853124715533 -0.544520057896904
-0.00029985457892627 -0.544746475513396
-0.000296885721709178 -0.544970800683635
-0.000293946259117998 -0.545193051233367
-0.00029103590011683 -0.545413244867201
-0.000288154356551317 -0.545631399168751
-0.000285301343120116 -0.545847531600824
-0.000282476577346649 -0.546061659505658
-0.000279679779551138 -0.546273800105078
-0.000276910672822909 -0.546483970500765
-0.000274168982992979 -0.546692187674501
-0.00027145443860691 -0.546898468488376
-0.00026876677089793 -0.54710282968513
-0.000266105713760327 -0.547305287888381
-0.000263471003723096 -0.547505859602964
-0.000260862379923858 -0.547704561215194
-0.000258279584083027 -0.547901408993259
-0.000255722360478245 -0.548096419087472
-0.000253190455919054 -0.548289607530714
-0.000250683619721836 -0.548480990238698
-0.000248201603684986 -0.548670583010414
-0.000245744162064343 -0.548858401528471
-0.000243311051548854 -0.549044461359509
-0.000240902031236489 -0.549228777954591
-0.000238516862610385 -0.549411366649625
-0.000236155309515233 -0.549592242665759
-0.000233817138133894 -0.549771421109855
-0.000231502116964252 -0.549948916974888
-0.000229210016796289 -0.550124745140427
-0.000226940610689395 -0.550298920373055
-0.000224693673949896 -0.550471457326881
-0.000222468984108808 -0.550642370543962
-0.00022026632089981 -0.550811674454813
-0.000218085466237435 -0.550979383378881
-0.000215926204195481 -0.551145511525046
-0.000213788320985624 -0.551310072992109
-0.000211671604936262 -0.551473081769308
-0.000209575846471546 -0.55163455173683
-0.00020750083809064 -0.551794496666303
-0.000205446374347168 -0.551952930221358
-0.000203412251828879 -0.552109865958126
-0.000201398269137504 -0.552265317325784
-0.000199404226868816 -0.552419297667083
-0.000197429927592887 -0.552571820218896
-0.000195475175834542 -0.552722898112774
-0.000193539778054002 -0.55287254437547
-0.000191623542627725 -0.553020771929515
-0.00018972627982943 -0.553167593593764
-0.000187847801811317 -0.553313022083964
-0.000185987922585462 -0.553457070013307
-0.000184146458005408 -0.553599749893011
-0.000182323225747929 -0.553741074132887
-0.000180518045294979 -0.553881055041893
-0.000178730737915821 -0.554019704828738
-0.000176961126649328 -0.554157035602432
-0.000175209036286463 -0.554293059372886
-0.000173474293352934 -0.554427788051486
-0.000171756726092014 -0.55456123345167
-0.000170056164447538 -0.554693407289522
-0.000168372440047068 -0.554824321184354
-0.000166705386185215 -0.554953986659294
-0.000165054837807144 -0.555082415141877
-0.000163420631492222 -0.555209617964631
-0.000161802605437843 -0.555335606365672
-0.000160200599443409 -0.555460391489291
-0.000158614454894465 -0.555583984386556
-0.000157044014746995 -0.555706396015891
-0.000155489123511876 -0.555827637243679
-0.000153949627239481 -0.555947718844855
-0.000152425373504437 -0.556066651503497
-0.000150916211390531 -0.556184445813422
-0.000149421991475774 -0.55630111227877
-0.000147942565817598 -0.55641666131462
-0.000146477787938216 -0.556531103247563
-0.000145027512810114 -0.556644448316296
-0.000143591596841697 -0.556756706672231
-0.000142169897863067 -0.556867888380064
-0.000140762275111947 -0.556978003418388
-0.00013936858921975 -0.557087061680271
-0.000137988702197772 -0.557195072973834
-0.000136622477423537 -0.557302047022868
-0.000135269779627264 -0.557407993467418
-0.000133930474878479 -0.557512921864316
-0.000132604430572752 -0.557616841687826
-0.000131291515418566 -0.557719762330199
-0.000129991599424323 -0.557821693102179
-0.000128704553885468 -0.557922643233655
-0.000127430251371751 -0.558022621873852
-0.000126168565714605 -0.558121638091074
-0.000124919371994658 -0.558219700860552
-0.000123682546529364 -0.558316819215603
-0.000122457966860757 -0.558413001780607
-0.000121245511743324 -0.558508257444277
-0.000120045061132003 -0.558602594866541
-0.0001188564961703 -0.558696022649316
-0.000117679699178515 -0.558788549320478
-0.000116514553642094 -0.558880183333184
-0.000115360944200093 -0.558970933066099
-0.000114218756633756 -0.55906080682398
-0.000113087877855204 -0.559149812838217
-0.000111968195896241 -0.559237959267259
-0.000110859599897269 -0.5593252541973
-0.000109761980096306 -0.559411705642777
-0.000108675227818124 -0.559497321546883
-0.00010759923546349 -0.559582109782153
-0.000106533896498505 -0.559666078151021
-0.000105479105444064 -0.559749234386302
-0.00010443475786541 -0.559831586151795
-0.000103400750361792 -0.559913141042771
-0.00010237698055623 -0.559993906586559
-0.000101363347085376 -0.560073890243026
-0.000100359749589481 -0.560153099405141
-9.93660887024564e-05 -0.560231541399506
-9.838226604203611e-05 -0.560309223486818
-9.74081842000357e-05 -0.560386152862486
-9.64437467327086e-05 -0.560462336657078
-9.548885815119661e-05 -0.560537781936875
-9.45434239120759e-05 -0.560612495704375
-9.36073504079959e-05 -0.560686484898785
-9.26805449584118e-05 -0.560759756396544
-9.17629158004077e-05 -0.560832317011855
-9.08543720796116e-05 -0.560904173497141
-8.995482384119961e-05 -0.560975332543577
-8.90641820209897e-05 -0.561045800781577
-8.81823584366235e-05 -0.561115584781287
-8.730926577883521e-05 -0.561184691053082
-8.64448176028071e-05 -0.561253126048051
-8.5588928319611e-05 -0.561320896158474
-8.474151318773359e-05 -0.561388007718334
-8.39024883046868e-05 -0.561454467003762
-8.307177059869981e-05 -0.561520280233544
-8.22492778204948e-05 -0.56158545356957
-8.143492853514339e-05 -0.561649993117324
-8.062864211400339e-05 -0.561713904926354
-7.9830338726736e-05 -0.56177719499072
-7.9039939333402e-05 -0.561839869249467
-7.82573656766356e-05 -0.561901933587097
-7.74825402738966e-05 -0.561963393834007
-7.671538640979859e-05 -0.562024255766952
-7.59558281285135e-05 -0.562084525109495
-7.5203790226251e-05 -0.562144207532463
-7.44591982438129e-05 -0.562203308654372
-7.37219784592207e-05 -0.562261834041895
-7.299205788041651e-05 -0.562319789210288
-7.22693642380361e-05 -0.562377179623828
-7.155382597825361e-05 -0.562434010696243
-7.084537225569659e-05 -0.562490287791148
-7.01439329264323e-05 -0.562546016222474
-6.944943854102211e-05 -0.5626012012549
-6.876182033764561e-05 -0.562655848104254
-6.80810102352927e-05 -0.562709961937945
-6.74069408270225e-05 -0.562763547875389
-6.673954537328961e-05 -0.562816610988403
-6.607875779533621e-05 -0.562869156301635
-6.54245126686497e-05 -0.562921188792949
-6.477674521648491e-05 -0.562972713393856
-6.41353913034504e-05 -0.563023734989893
-6.350038742915879e-05 -0.563074258421037
-6.28716707219394e-05 -0.563124288482093
-6.22491789326132e-05 -0.563173829923097
-6.16328504283299e-05 -0.563222887449689
-6.10226241864653e-05 -0.563271465723522
-6.04184397885795e-05 -0.563319569362628
-5.98202374144351e-05 -0.563367202941815
-5.92279578360744e-05 -0.56341437099304
-5.86415424119548e-05 -0.563461078005778
-5.80609330811434e-05 -0.563507328427408
-5.74860723575677e-05 -0.563553126663576
-5.69169033243245e-05 -0.563598477078576
-5.6353369628044e-05 -0.56364338399569
-5.57954154733109e-05 -0.563687851697574
-5.52429856171395e-05 -0.563731884426607
-5.46960253635045e-05 -0.563775486385251
-5.41544805579252e-05 -0.563818661736405
-5.36182975821042e-05 -0.563861414603758
-5.3087423348618e-05 -0.563903749072137
-5.25618052956614e-05 -0.563945669187844
-5.2041391381843e-05 -0.563987178959022
-5.15261300810327e-05 -0.564028282355972
-5.10159703772601e-05 -0.564068983311501
-5.05108617596634e-05 -0.564109285721267
-5.00107542174885e-05 -0.564149193444096
-4.95155982351372e-05 -0.564188710302323
-4.90253447872645e-05 -0.564227840082114
-4.85399453339253e-05 -0.564266586533791
-4.80593518157676e-05 -0.564304953372164
-4.75835166492748e-05 -0.564342944276835
-4.71123927220543e-05 -0.564380562892535
-4.66459333881726e-05 -0.564417812829419
-4.61840924635372e-05 -0.564454697663396
-4.5726824221324e-05 -0.564491220936429
-4.52740833874495e-05 -0.564527386156837
-4.48258251360886e-05 -0.564563196799616
-4.43820050852362e-05 -0.56459865630673
-4.39425792923131e-05 -0.564633768087413
-4.35075042498149e-05 -0.564668535518467
-4.30767368810049e-05 -0.564702961944563
-4.26502345356484e-05 -0.564737050678519
-4.22279549857905e-05 -0.564770805001608
-4.18098564215747e-05 -0.564804228163833
-4.13958974471037e-05 -0.564837323384215
-4.09860370763403e-05 -0.564870093851089
-4.05802347290498e-05 -0.564902542722362
-4.0178450226782e-05 -0.564934673125808
-3.97806437888931e-05 -0.564966488159343
-3.9386776028607e-05 -0.564997990891295
-3.89968079491158e-05 -0.565029184360672
-3.86107009397186e-05 -0.565060071577442
-3.82284167719987e-05 -0.565090655522788
-3.78499175960383e-05 -0.56512093914939
-3.74751659366716e-05 -0.565150925381659
-3.71041246897738e-05 -0.565180617116034
-3.67367571185879e-05 -0.565210017221207
-3.63730268500871e-05 -0.5652391285384
-3.60128978713733e-05 -0.565267953881607
-3.56563345261122e-05 -0.565296496037862
-3.53033015110022e-05 -0.565324757767466
-3.49537638722794e-05 -0.565352741804248
-3.46076870022568e-05 -0.565380450855814
-3.42650366358979e-05 -0.565407887603778
-3.39257788474236e-05 -0.56543505470401
-3.35898800469541e-05 -0.56546195478688
-3.32573069771823e-05 -0.565488590457485
-3.29280267100814e-05 -0.565514964295889
-3.2602006643645e-05 -0.56554107885736
-3.22792144986584e-05 -0.565566936672584
-3.19596183155034e-05 -0.565592540247924
-3.16431864509934e-05 -0.565617892065618
-3.1329887575241e-05 -0.565642994584014
-3.10196906685555e-05 -0.565667850237801
-3.07125650183718e-05 -0.56569246143822
-3.04084802162097e-05 -0.565716830573287
-3.0107406154663e-05 -0.565740960008007
-2.98093130244188e-05 -0.565764852084596
-2.95141713113058e-05 -0.565788509122691
-2.92219517933721e-05 -0.565811933419555
-2.89326255379921e-05 -0.565835127250302
-2.86461638990021e-05 -0.565858092868083
-2.83625385138635e-05 -0.565880832504319
-2.80817213008549e-05 -0.565903348368884
-2.7803684456292e-05 -0.565925642650303
-2.75284004517743e-05 -0.565947717515986
-2.72558420314597e-05 -0.565969575112394
-2.6985982209366e-05 -0.565991217565239
-2.6718794266699e-05 -0.566012646979693
-2.64542517492069e-05 -0.566033865440595
-2.61923284645613e-05 -0.566054875012581
-2.59329984797637e-05 -0.566075677740355
-2.56762361185779e-05 -0.566096275648821
-2.5422015958988e-05 -0.5661166707433
-2.51703128306812e-05 -0.566136865009682
-2.49211018125557e-05 -0.566156860414642
-2.46743582302531e-05 -0.566176658905827
-2.4430057653716e-05 -0.566196262412005
-2.41881758947683e-05 -0.566215672843243
-2.39486890047211e-05 -0.566234892091108
-2.37115732720011e-05 -0.566253922028854
-2.3476805219803e-05 -0.56627276451156
-2.32443616037654e-05 -0.5662914213763
-2.30142194096687e-05 -0.566309894442348
-2.27863558511571e-05 -0.566328185511345
-2.25607483674823e-05 -0.566346296367391
-2.23373746212696e-05 -0.56636422877735
-2.21162124963065e-05 -0.566381984490878
-2.1897240095353e-05 -0.566399565240655
-2.16804357379733e-05 -0.566416972742536
-2.14657779583894e-05 -0.566434208695558
-2.12532455033558e-05 -0.56645127478222
-2.10428173300553e-05 -0.566468172667042
-2.08344726040151e-05 -0.56648490405004
-2.06281906970447e-05 -0.566501470438817
-2.04239511851927e-05 -0.566517873562871
-2.02217338467255e-05 -0.566534114993587
-2.00215186601242e-05 -0.566550196316979
-1.98232858021032e-05 -0.566566119104252
-1.96270156456467e-05 -0.566581884911618
-1.94326887580661e-05 -0.566597495280023
-1.92402858990753e-05 -0.566612951735489
-1.90497880188865e-05 -0.566628255789237
-1.88611762563232e-05 -0.566643408937684
-1.86744319369537e-05 -0.566658412662771
-1.84895365712413e-05 -0.56667326843195
-1.83064718527141e-05 -0.566687977698403
-1.81252196561526e-05 -0.566702541901147
-1.79457620357947e-05 -0.566716962465182
-1.77680812235591e-05 -0.566731240801638
-1.75921596272862e-05 -0.566745378307857
-1.74179798289962e-05 -0.566759376367584
-1.72455245831646e-05 -0.566773236351055
-1.70747768150145e-05 -0.566786959615168
-1.69057196188262e-05 -0.566800547503562
-1.67383362562636e-05 -0.566814001346805
-1.65726101547164e-05 -0.566827322462433
-1.64085249056598e-05 -0.56684051215516
-1.62460642630295e-05 -0.566853571716966
-1.60852121416134e-05 -0.56686650242723
-1.59259526154588e-05 -0.566879305552775
-1.57682699162958e-05 -0.566891982348186
-1.56121484319761e-05 -0.566904534055672
-1.54575727049268e-05 -0.566916961905368
-1.53045274306206e-05 -0.566929267115407
-1.515299745606e-05 -0.566941450891979
-1.50029677782772e-05 -0.566953514429521
-1.48544235428487e-05 -0.566965458910789
-1.47073500424245e-05 -0.566977285506993
-1.45617327152718e-05 -0.56698899537787
-1.44175571438334e-05 -0.567000589671845
-1.42748090533004e-05 -0.56701206952611
-1.41334743101984e-05 -0.56702343606673
-1.39935389209886e-05 -0.567034690408766
-1.38549890306817e-05 -0.56704583365636
-1.37178109214671e-05 -0.567056866902903
-1.35819910113535e-05 -0.567067791231014
-1.34475158528253e-05 -0.567078607712767
-1.33143721315102e-05 -0.567089317409753
-1.31825466648616e-05 -0.567099921373146
-1.3052026400853e-05 -0.567110420643855
-1.29227984166862e-05 -0.567120816252585
-1.27948499175111e-05 -0.567131109219964
-1.26681682351595e-05 -0.567141300556614
-1.25427408268906e-05 -0.567151391263276
-1.24185552741491e-05 -0.567161382330877
-1.22955992813357e-05 -0.567171274740649
-1.21738606745898e-05 -0.567181069464216
-1.2053327400584e-05 -0.567190767463663
-1.19339875253307e-05 -0.567200369691693
-1.18158292330007e-05 -0.567209877091615
-1.16988408247531e-05 -0.567219290597547
-1.15830107175774e-05 -0.56722861113442
-1.14683274431459e-05 -0.56723783961812
-1.13547796466791e-05 -0.567246976955544
-1.12423560858209e-05 -0.567256024044706
-1.11310456295256e-05 -0.567264981774805
-1.10208372569561e-05 -0.567273851026331
-1.09117200563922e-05 -0.567282632671149
-1.08036832241506e-05 -0.567291327572542
-1.06967160635155e-05 -0.567299936585357
-1.05908079836787e-05 -0.567308460556053
-1.04859484986918e-05 -0.56731690032276
-1.03821272264275e-05 -0.567325256715429
-1.0279333887552e-05 -0.567333530555816
-1.01775583045069e-05 -0.567341722657659
-1.00767904005019e-05 -0.567349833826687
-9.977020198516739e-06 -0.567357864860724
-9.878237820313601e-06 -0.567365816549774
-9.780433485459009e-06 -0.567373689676072
-9.68359751035546e-06 -0.567381485014181
-9.587720307282629e-06 -0.567389203331061
-9.492792383448151e-06 -0.567396845386144
-9.39880434004767e-06 -0.567404411931401
-9.30574687133433e-06 -0.567411903711409
-9.21361076369735e-06 -0.567419321463453
-9.12238689474986e-06 -0.567426665917565
-9.0320662324256e-06 -0.567433937796608
-8.942639834084751e-06 -0.56744113781634
-8.85409884562847e-06 -0.567448266685494
-8.76643450062225e-06 -0.567455325105845
-8.679638119427971e-06 -0.567462313772258
-8.593701108344519e-06 -0.567469233372779
-8.508614958756951e-06 -0.567476084588688
-8.42437124629401e-06 -0.567482868094584
-8.34096162999407e-06 -0.56748958455841
-8.25837785147928e-06 -0.567496234641562
-8.1766117341379e-06 -0.567502818998944
-8.09565518231475e-06 -0.567509338278994
-8.01550018050966e-06 -0.567515793123795
-7.93613879258382e-06 -0.567522184169117
-7.85756316097408e-06 -0.567528512044466
-7.77976550591493e-06 -0.56753477737317
-7.702738124668249e-06 -0.567540980772424
-7.62647339076064e-06 -0.567547122853345
-7.55096375322836e-06 -0.567553204221055
-7.47620173586966e-06 -0.567559225474714
-7.40217993650461e-06 -0.567565187207585
-7.32889102624219e-06 -0.567571090007103
-7.25632774875465e-06 -0.567576934454926
-7.18448291955906e-06 -0.567582721126975
-7.113349425306e-06 -0.567588450593519
-7.04292022307524e-06 -0.567594123419207
-6.97318833967846e-06 -0.567599740163137
-6.90414687096877e-06 -0.567605301378905
-6.8357889811572e-06 -0.56761080761465
-6.76810790213584e-06 -0.567616259413131
-6.70109693280776e-06 -0.567621657311749
-6.63474943842353e-06 -0.567627001842632
-6.56905884992428e-06 -0.56763229353265
-6.50401866329137e-06 -0.567637532903507
-6.43962243890235e-06 -0.567642720471749
-6.37586380089341e-06 -0.567647856748859
-6.31273643652813e-06 -0.567652942241265
-6.25023409557241e-06 -0.567657977450425
-6.18835058967565e-06 -0.567662962872841
-6.12707979175807e-06 -0.567667899000138
-6.06641563540403e-06 -0.567672786319102
-6.00635211426141e-06 -0.567677625311711
-5.94688328144694e-06 -0.567682416455205
-5.88800324895737e-06 -0.567687160222126
-5.82970618708651e-06 -0.567691857080356
-5.77198632384803e-06 -0.567696507493164
-5.71483794440399e-06 -0.567701111919268
-5.658255390499e-06 -0.567705670812858
-5.6022330599e-06 -0.567710184623647
-5.54676540584158e-06 -0.567714653796922
-5.49184693647681e-06 -0.567719078773584
-5.43747221433348e-06 -0.567723459990184
-5.38363585577572e-06 -0.567727797878975
-5.33033253047101e-06 -0.567732092867944
-5.27755696086239e-06 -0.567736345380877
-5.22530392164593e-06 -0.567740555837352
-5.17356823925339e-06 -0.567744724652853
-5.12234479133999e-06 -0.567748852238732
-5.07162850627722e-06 -0.567752939002305
-5.02141436265071e-06 -0.567756985346874
-4.97169738876308e-06 -0.567760991671752
-4.92247266214166e-06 -0.567764958372329
-4.87373530905115e-06 -0.567768885840089
-4.82548050401104e-06 -0.567772774462662
-4.77770346931786e-06 -0.567776624623855
-4.73039947457214e-06 -0.567780436703685
-4.68356383621004e-06 -0.56778421107842
-4.63719191703965e-06 -0.56778794812064
-4.59127912578183e-06 -0.567791648199222
-4.54582091661567e-06 -0.567795311679429
-4.50081278872839e-06 -0.567798938922899
-4.45625028586969e-06 -0.567802530287718
-4.41212899591058e-06 -0.567806086128442
-4.36844455040652e-06 -0.567809606796121
-4.32519262416487e-06 -0.567813092638347
-4.2823689348167e-06 -0.567816543999285
-4.23996924239277e-06 -0.567819961219707
-4.19798934890374e-06 -0.567823344637016
-4.15642509792449e-06 -0.567826694585291
-4.11527237418267e-06 -0.567830011395311
-4.07452710315115e-06 -0.567833295394602
-4.03418525064471e-06 -0.567836546907449
-3.9942428224205e-06 -0.567839766254941
-3.95469586378268e-06 -0.567842953754994
-3.91554045919077e-06 -0.567846109722398
-3.87677273187205e-06 -0.567849234468826
-3.83838884343767e-06 -0.567852328302883
-3.80038499350264e-06 -0.567855391530122
-3.76275741930955e-06 -0.567858424453087
-3.72550239535599e-06 -0.567861427371335
-3.68861623302573e-06 -0.567864400581457
-3.6520952802235e-06 -0.567867344377138
-3.61593592101336e-06 -0.567870259049144
-3.58013457526076e-06 -0.567873144885376
-3.54468769827798e-06 -0.567876002170896
-3.50959178047324e-06 -0.567878831187965
-3.47484334700321e-06 -0.567881632216031
-3.44043895742892e-06 -0.567884405531799
-3.40637520537517e-06 -0.567887151409251
-3.37264871819324e-06 -0.567889870119644
-3.33925615662697e-06 -0.567892561931572
-3.30619421448215e-06 -0.567895227110975
-3.27345961829915e-06 -0.567897865921166
-3.24104912702887e-06 -0.567900478622853
-3.20895953171175e-06 -0.567903065474175
-3.17718765516015e-06 -0.567905626730727
-3.14573035164371e-06 -0.567908162645574
-3.11458450657793e-06 -0.567910673469279
-3.08374703621577e-06 -0.567913159449944
-3.05321488734235e-06 -0.567915620833206
-3.02298503697262e-06 -0.567918057862286
-2.9930544920521e-06 -0.567920470777999
-2.9634202891605e-06 -0.567922859818784
-2.93407949421831e-06 -0.567925225220722
-2.90502920219635e-06 -0.56792756721757
-2.87626653682807e-06 -0.567929886040765
-2.84778865032482e-06 -0.567932181919471
-2.81959272309388e-06 -0.567934455080581
-2.79167596345929e-06 -0.567936705748745
-2.76403560738544e-06 -0.567938934146399
-2.7366689182034e-06 -0.567941140493781
-2.70957318634e-06 -0.567943325008954
-2.68274572904951e-06 -0.567945487907825
-2.65618389014803e-06 -0.567947629404167
-2.62988503975052e-06 -0.567949749709648
-2.60384657401042e-06 -0.567951849033835
-2.5780659148618e-06 -0.567953927584238
-2.55254050976416e-06 -0.567955985566302
-2.52726783144966e-06 -0.567958023183452
-2.50224537767293e-06 -0.567960040637106
-2.4774706709633e-06 -0.567962038126682
-2.4529412583795e-06 -0.567964015849635
-2.42865471126683e-06 -0.567965974001468
-2.40460862501667e-06 -0.567967912775752
-2.38080061882838e-06 -0.567969832364143
-2.35722833547365e-06 -0.567971732956406
-2.33388944106302e-06 -0.56797361474043
-2.31078162481487e-06 -0.567975477902247
-2.2879025988266e-06 -0.567977322626053
-2.26525009784812e-06 -0.567979149094224
-2.24282187905755e-06 -0.567980957487332
-2.22061572183915e-06 -0.567982747984168
-2.19862942756352e-06 -0.567984520761745
-2.17686081936982e-06 -0.567986275995337
-2.15530774195032e-06 -0.567988013858491
-2.13396806133695e-06 -0.567989734523024
-2.11283966469005e-06 -0.567991438159066
-2.09192046008916e-06 -0.567993124935067
-2.0712083763259e-06 -0.567994795017797
-2.05070136269891e-06 -0.567996448572398
-2.0303973888108e-06 -0.567998085762366
-2.01029444436713e-06 -0.567999706749583
-1.99039053897736e-06 -0.568001311694338
-1.97068370195778e-06 -0.568002900755329
-1.95117198213641e-06 -0.568004474089692
-1.93185344765982e-06 -0.568006031852994
-1.9127261858018e-06 -0.568007574199285
-1.89378830277406e-06 -0.568009101281082
-1.87503792353867e-06 -0.568010613249392
-1.85647319162245e-06 -0.568012110253733
-1.83809226893311e-06 -0.568013592442148
-1.81989333557734e-06 -0.568015059961211
-1.80187458968054e-06 -0.56801651295605
-1.78403424720845e-06 -0.568017951570354
-1.76637054179055e-06 -0.568019375946397
-1.74888172454509e-06 -0.568020786225047
-1.73156606390603e-06 -0.568022182545778
-1.71442184545152e-06 -0.568023565046681
-1.69744737173418e-06 -0.568024933864483
-1.68064096211305e-06 -0.568026289134564
-1.66400095258717e-06 -0.568027630990962
-1.64752569563087e-06 -0.568028959566392
-1.63121356003056e-06 -0.568030274992252
-1.61506293072333e-06 -0.568031577398649
-1.59907220863696e-06 -0.568032866914397
-1.58323981053164e-06 -0.568034143667031
-1.56756416884321e-06 -0.568035407782843
-1.55204373152793e-06 -0.568036659386863
-1.53667696190884e-06 -0.568037898602886
-1.52146233852361e-06 -0.568039125553481
-1.50639835497387e-06 -0.568040340360012
-1.49148351977611e-06 -0.568041543142637
-1.47671635621397e-06 -0.568042734020333
-1.46209540219205e-06 -0.568043913110887
-1.44761921009113e-06 -0.568045080530939
-1.43328634662489e-06 -0.568046236395961
-1.41909539269791e-06 -0.568047380820291
-1.40504494326525e-06 -0.56804851391713
-1.39113360719332e-06 -0.568049635798571
-1.3773600071221e-06 -0.568050746575585
-1.36372277932881e-06 -0.568051846358051
-1.35022057359288e-06 -0.56805293525476
-1.33685205306226e-06 -0.568054013373441
-1.32361589412105e-06 -0.568055080820732
-1.31051078625847e-06 -0.568056137702236
-1.29753543193907e-06 -0.568057184122508
-1.28468854647433e-06 -0.568058220185064
-1.27196885789538e-06 -0.568059245992397
-1.25937510682711e-06 -0.568060261645989
-1.24690604636347e-06 -0.568061267246323
-1.23456044194403e-06 -0.568062262892875
-1.22233707123171e-06 -0.568063248684149
-1.2102347239918e-06 -0.568064224717668
-1.19825220197208e-06 -0.568065191089999
-1.18638831878423e-06 -0.568066147896744
-1.17464189978637e-06 -0.56806709523256
-1.1630117819667e-06 -0.568068033191174
-1.15149681382842e-06 -0.568068961865386
-1.14009585527566e-06 -0.568069881347076
-1.12880777750065e-06 -0.568070791727205
-1.11763146287194e-06 -0.568071693095852
-1.1065658048237e-06 -0.568072585542194
-1.09560970774624e-06 -0.568073469154528
-1.08476208687746e-06 -0.568074344020276
-1.07402186819551e-06 -0.568075210226009
-1.06338798831238e-06 -0.568076067857414
-1.0528593943687e-06 -0.568076916999357
-1.0424350439294e-06 -0.568077757735852
-1.0321139048806e-06 -0.56807859015008
-1.02189495532732e-06 -0.568079414324404
-1.0117771834924e-06 -0.568080230340377
-1.00175958761624e-06 -0.568081038278734
1.00175958761624e-06 -0.568242660985514
1.0117771834924e-06 -0.568243469274237
1.02189495532732e-06 -0.568244285647613
1.0321139048806e-06 -0.568245110186531
1.0424350439294e-06 -0.568245942972676
1.0528593943687e-06 -0.568246784088564
1.06338798831238e-06 -0.568247633617524
1.07402186819551e-06 -0.568248491643727
1.08476208687746e-06 -0.56824935825219
1.09560970774624e-06 -0.56825023352877
1.1065658048237e-06 -0.56825111756019
1.11763146287194e-06 -0.568252010434044
1.12880777750065e-06 -0.568252912238794
1.14009585527566e-06 -0.568253823063795
1.15149681382842e-06 -0.568254742999288
1.1630117819667e-06 -0.568255672136431
1.17464189978637e-06 -0.568256610567281
1.18638831878423e-06 -0.568257558384828
1.19825220197208e-06 -0.568258515682985
1.2102347239918e-06 -0.568259482556602
1.22233707123171e-06 -0.568260459101488
1.23456044194403e-06 -0.568261445414406
1.24690604636347e-06 -0.568262441593089
1.25937510682711e-06 -0.568263447736243
1.27196885789538e-06 -0.568264463943571
1.28468854647433e-06 -0.568265490315768
1.29753543193907e-06 -0.568266526954543
1.31051078625847e-06 -0.568267573962613
1.32361589412105e-06 -0.568268631443736
1.33685205306226e-06 -0.568269699502693
1.35022057359288e-06 -0.568270778245331
1.36372277932881e-06 -0.568271867778553
1.3773600071221e-06 -0.568272968210315
1.39113360719332e-06 -0.568274079649676
1.40504494326525e-06 -0.568275202206777
1.41909539269791e-06 -0.56827633599286
1.43328634662489e-06 -0.568277481120283
1.44761921009113e-06 -0.568278637702532
1.46209540219205e-06 -0.568279805854229
1.47671635621397e-06 -0.568280985691139
1.49148351977611e-06 -0.568282177330184
1.50639835497387e-06 -0.568283380889466
1.52146233852361e-06 -0.568284596488261
1.53667696190884e-06 -0.568285824247051
1.55204373152793e-06 -0.568287064287507
1.56756416884321e-06 -0.568288316732532
1.58323981053164e-06 -0.568289581706255
1.59907220863696e-06 -0.568290859334048
1.61506293072333e-06 -0.56829214974254
1.63121356003056e-06 -0.568293453059627
1.64752569563087e-06 -0.568294769414482
1.66400095258717e-06 -0.568296098937577
1.68064096211305e-06 -0.568297441760691
1.69744737173418e-06 -0.568298798016918
1.71442184545152e-06 -0.568300167840689
1.73156606390603e-06 -0.568301551367778
1.74888172454509e-06 -0.568302948735321
1.76637054179055e-06 -0.568304360081827
1.78403424720845e-06 -0.568305785547191
1.80187458968054e-06 -0.568307225272712
1.81989333557734e-06 -0.568308679401098
1.83809226893311e-06 -0.568310148076498
1.85647319162245e-06 -0.568311631444487
1.87503792353867e-06 -0.568313129652115
1.89378830277406e-06 -0.568314642847898
1.9127261858018e-06 -0.568316171181839
1.93185344765982e-06 -0.568317714805439
1.95117198213641e-06 -0.568319273871732
1.97068370195778e-06 -0.568320848535269
1.99039053897736e-06 -0.568322438952155
2.01029444436713e-06 -0.568324045280054
2.0303973888108e-06 -0.568325667678222
2.05070136269891e-06 -0.568327306307496
2.0712083763259e-06 -0.568328961330334
2.09192046008916e-06 -0.568330632910816
2.11283966469005e-06 -0.568332321214666
2.13396806133695e-06 -0.568334026409274
2.15530774195032e-06 -0.568335748663698
2.17686081936982e-06 -0.568337488148698
2.19862942756352e-06 -0.568339245036743
2.22061572183915e-06 -0.568341019502018
2.24282187905755e-06 -0.568342811720475
2.26525009784812e-06 -0.568344621869812
2.2879025988266e-06 -0.56834645012951
2.31078162481487e-06 -0.568348296680857
2.33388944106302e-06 -0.568350161706947
2.35722833547365e-06 -0.568352045392714
2.38080061882838e-06 -0.568353947924947
2.40460862501667e-06 -0.568355869492299
2.42865471126683e-06 -0.568357810285323
2.4529412583795e-06 -0.568359770496472
2.4774706709633e-06 -0.568361750320133
2.50224537767293e-06 -0.568363749952643
2.52726783144966e-06 -0.568365769592301
2.55254050976416e-06 -0.568367809439398
2.5780659148618e-06 -0.568369869696229
2.60384657401042e-06 -0.568371950567119
2.62988503975052e-06 -0.568374052258441
2.65618389014803e-06 -0.56837617497863
2.68274572904951e-06 -0.568378318938217
2.70957318634e-06 -0.568380484349846
2.7366689182034e-06 -0.56838267142828
2.76403560738544e-06 -0.568384880390447
2.79167596345929e-06 -0.568387111455443
2.81959272309388e-06 -0.568389364844566
2.84778865032482e-06 -0.568391640781321
2.87626653682807e-06 -0.568393939491463
2.90502920219635e-06 -0.568396261203012
2.93407949421831e-06 -0.568398606146263
2.9634202891605e-06 -0.568400974553829
2.9930544920521e-06 -0.568403366660656
3.02298503697262e-06 -0.568405782704039
3.05321488734235e-06 -0.56840822292365
3.08374703621577e-06 -0.568410687561579
3.11458450657793e-06 -0.568413176862324
3.14573035164371e-06 -0.568415691072847
3.17718765516015e-06 -0.568418230442585
3.20895953171175e-06 -0.568420795223473
3.24104912702887e-06 -0.568423385669971
3.27345961829915e-06 -0.568426002039094
3.30619421448215e-06 -0.568428644590433
3.33925615662697e-06 -0.568431313586188
3.37264871819324e-06 -0.568434009291176
3.40637520537517e-06 -0.568436731972881
3.44043895742892e-06 -0.568439481901461
3.47484334700321e-06 -0.568442259349793
3.50959178047324e-06 -0.568445064593483
3.54468769827798e-06 -0.568447897910907
3.58013457526076e-06 -0.568450759583226
3.61593592101336e-06 -0.568453649894431
3.6520952802235e-06 -0.568456569131351
3.68861623302573e-06 -0.568459517583699
3.72550239535599e-06 -0.568462495544098
3.76275741930955e-06 -0.568465503308095
3.80038499350264e-06 -0.568468541174211
3.83838884343767e-06 -0.568471609443961
3.87677273187205e-06 -0.56847470842188
3.91554045919077e-06 -0.568477838415562
3.95469586378268e-06 -0.568480999735689
3.9942428224205e-06 -0.568484192696058
4.03418525064471e-06 -0.568487417613614
4.07452710315115e-06 -0.568490674808486
4.11527237418267e-06 -0.568493964604012
4.15642509792449e-06 -0.56849728732677
4.19798934890374e-06 -0.568500643306626
4.23996924239277e-06 -0.568504032876754
4.2823689348167e-06 -0.568507456373665
4.32519262416487e-06 -0.568510914137249
4.36844455040652e-06 -0.568514406510818
4.41212899591058e-06 -0.568517933841119
4.45625028586969e-06 -0.56852149647838
4.50081278872839e-06 -0.56852509477635
4.54582091661567e-06 -0.568528729092325
4.59127912578183e-06 -0.568532399787189
4.63719191703965e-06 -0.568536107225452
4.68356383621004e-06 -0.568539851775277
4.73039947457214e-06 -0.568543633808527
4.77770346931786e-06 -0.568547453700803
4.82548050401104e-06 -0.56855131183147
4.87373530905115e-06 -0.568555208583706
4.92247266214166e-06 -0.568559144344537
4.97169738876308e-06 -0.56856311950487
5.02141436265071e-06 -0.568567134459551
5.07162850627722e-06 -0.568571189607375
5.12234479133999e-06 -0.568575285351152
5.17356823925339e-06 -0.568579422097739
5.22530392164593e-06 -0.568583600258072
5.27755696086239e-06 -0.568587820247223
5.33033253047101e-06 -0.568592082484426
5.38363585577572e-06 -0.568596387393131
5.43747221433348e-06 -0.568600735401036
5.49184693647681e-06 -0.568605126940152
5.54676540584158e-06 -0.568609562446809
5.6022330599e-06 -0.568614042361735
5.658255390499e-06 -0.568618567130076
5.71483794440399e-06 -0.568623137201469
5.77198632384803e-06 -0.56862775303005
5.82970618708651e-06 -0.568632415074526
5.88800324895737e-06 -0.568637123798216
5.94688328144694e-06 -0.568641879669093
6.00635211426141e-06 -0.568646683159836
6.06641563540403e-06 -0.568651534747871
6.12707979175807e-06 -0.568656434915425
6.18835058967565e-06 -0.568661384149575
6.25023409557241e-06 -0.568666382942292
6.31273643652813e-06 -0.568671431790489
6.37586380089341e-06 -0.568676531196084
6.43962243890235e-06 -0.568681681666033
6.50401866329137e-06 -0.568686883712395
6.56905884992428e-06 -0.568692137852376
6.63474943842353e-06 -0.568697444608382
6.70109693280776e-06 -0.568702804508074
6.76810790213584e-06 -0.568708218084418
6.8357889811572e-06 -0.568713685875746
6.90414687096877e-06 -0.568719208425797
6.97318833967846e-06 -0.568724786283783
7.04292022307524e-06 -0.568730420004443
7.113349425306e-06 -0.568736110148092
7.18448291955906e-06 -0.568741857280685
7.25632774875465e-06 -0.568747661973874
7.32889102624219e-06 -0.568753524805058
7.40217993650461e-06 -0.568759446357444
7.47620173586966e-06 -0.56876542722012
7.55096375322836e-06 -0.568771467988085
7.62647339076064e-06 -0.568777569262342
7.702738124668249e-06 -0.568783731649933
7.77976550591493e-06 -0.568789955764018
7.85756316097408e-06 -0.568796242223922
7.93613879258382e-06 -0.568802591655208
8.01550018050966e-06 -0.568809004689737
8.09565518231475e-06 -0.568815481965732
8.1766117341379e-06 -0.568822024127843
8.25837785147928e-06 -0.568828631827208
8.34096162999407e-06 -0.568835305721529
8.42437124629401e-06 -0.568842046475122
8.508614958756951e-06 -0.568848854759003
8.593701108344519e-06 -0.568855731250941
8.679638119427971e-06 -0.568862676635535
8.76643450062225e-06 -0.56886969160428
8.85409884562847e-06 -0.568876776855638
8.942639834084751e-06 -0.568883933095108
9.0320662324256e-06 -0.568891161035297
9.12238689474986e-06 -0.568898461395995
9.21361076369735e-06 -0.568905834904244
9.30574687133433e-06 -0.568913282294411
9.39880434004767e-06 -0.568920804308272
9.492792383448151e-06 -0.568928401695071
9.587720307282629e-06 -0.568936075211616
9.68359751035546e-06 -0.568943825622334
9.780433485459009e-06 -0.568951653699368
9.878237820313601e-06 -0.568959560222639
9.977020198516739e-06 -0.568967545979938
1.00767904005019e-05 -0.568975611767002
1.01775583045069e-05 -0.568983758387587
1.0279333887552e-05 -0.568991986653561
1.03821272264275e-05 -0.569000297384985
1.04859484986918e-05 -0.569008691410185
1.05908079836787e-05 -0.569017169565851
1.06967160635155e-05 -0.569025732697112
1.08036832241506e-05 -0.569034381657623
1.09117200563922e-05 -0.569043117309663
1.10208372569561e-05 -0.5690519405242
1.11310456295256e-05 -0.569060852181007
1.12423560858209e-05 -0.569069853168731
1.13547796466791e-05 -0.56907894438499
1.14683274431459e-05 -0.569088126736468
1.15830107175774e-05 -0.569097401139001
1.16988408247531e-05 -0.569106768517679
1.18158292330007e-05 -0.569116229806925
1.19339875253307e-05 -0.569125785950612
1.2053327400584e-05 -0.569135437902142
1.21738606745898e-05 -0.569145186624545
1.22955992813357e-05 -0.569155033090587
1.24185552741491e-05 -0.569164978282861
1.25427408268906e-05 -0.569175023193888
1.26681682351595e-05 -0.569185168826222
1.27948499175111e-05 -0.569195416192554
1.29227984166862e-05 -0.569205766315802
1.3052026400853e-05 -0.569216220229238
1.31825466648616e-05 -0.569226778976569
1.33143721315102e-05 -0.569237443612064
1.34475158528253e-05 -0.569248215200654
1.35819910113535e-05 -0.569259094818037
1.37178109214671e-05 -0.569270083550799
1.38549890306817e-05 -0.569281182496503
1.39935389209886e-05 -0.569292392763837
1.41334743101984e-05 -0.569303715472695
1.42748090533004e-05 -0.569315151754301
1.44175571438334e-05 -0.569326702751345
1.45617327152718e-05 -0.569338369618063
1.47073500424245e-05 -0.569350153520395
1.48544235428487e-05 -0.569362055636075
1.50029677782772e-05 -0.569374077154756
1.515299745606e-05 -0.569386219278157
1.53045274306206e-05 -0.569398483220167
1.54575727049268e-05 -0.569410870206942
1.56121484319761e-05 -0.569423381477109
1.57682699162958e-05 -0.569436018281798
1.59259526154588e-05 -0.569448781884852
1.60852121416134e-05 -0.5694616735629
1.62460642630295e-05 -0.569474694605526
1.64085249056598e-05 -0.569487846315379
1.65726101547164e-05 -0.569501130008323
1.67383362562636e-05 -0.569514547013566
1.69057196188262e-05 -0.569528098673788
1.70747768150145e-05 -0.569541786345287
1.72455245831646e-05 -0.56955561139814
1.74179798289962e-05 -0.569569575216289
1.75921596272862e-05 -0.569583679197757
1.77680812235591e-05 -0.569597924754734
1.79457620357947e-05 -0.569612313313762
1.81252196561526e-05 -0.569626846315835
1.83064718527141e-05 -0.569641525216623
1.84895365712413e-05 -0.569656351486518
1.86744319369537e-05 -0.569671326610885
1.88611762563232e-05 -0.56968645209019
1.90497880188865e-05 -0.569701729440137
1.92402858990753e-05 -0.56971716019178
1.94326887580661e-05 -0.56973274589178
1.96270156456467e-05 -0.569748488102519
1.98232858021032e-05 -0.56976438840221
2.00215186601242e-05 -0.569780448385135
2.02217338467255e-05 -0.569796669661787
2.04239511851927e-05 -0.569813053858851
2.06281906970447e-05 -0.569829602618679
2.08344726040151e-05 -0.569846317570776
2.10428173300553e-05 -0.569863200502896
2.12532455033558e-05 -0.569880252983006
2.14657779583894e-05 -0.569897476772318
2.16804357379733e-05 -0.569914873597878
2.1897240095353e-05 -0.569932445205796
2.21162124963065e-05 -0.569950193360041
2.23373746212696e-05 -0.569968119842888
2.25607483674823e-05 -0.569986226454609
2.27863558511571e-05 -0.570004515013876
2.30142194096687e-05 -0.570022987357846
2.32443616037654e-05 -0.570041645342475
2.3476805219803e-05 -0.570060490842668
2.37115732720011e-05 -0.570079525752334
2.39486890047211e-05 -0.57009875198478
2.41881758947683e-05 -0.570118171472869
2.4430057653716e-05 -0.570137786169102
2.46743582302531e-05 -0.570157598045975
2.49211018125557e-05 -0.57017760909606
2.51703128306812e-05 -0.570197821332321
2.5422015958988e-05 -0.570218236788277
2.56762361185779e-05 -0.570238857518177
2.59329984797637e-05 -0.570259685597298
2.61923284645613e-05 -0.570280723122116
2.64542517492069e-05 -0.570301972210526
2.6718794266699e-05 -0.570323435002066
2.6985982209366e-05 -0.570345113658165
2.72558420314597e-05 -0.57036701036235
2.75284004517743e-05 -0.570389127320484
2.7803684456292e-05 -0.570411466761017
2.80817213008549e-05 -0.570434030935175
2.83625385138635e-05 -0.570456822117258
2.86461638990021e-05 -0.570479842604833
2.89326255379921e-05 -0.570503094718993
2.92219517933721e-05 -0.570526580804623
2.95141713113058e-05 -0.570550303230606
2.98093130244188e-05 -0.570574264390157
3.0107406154663e-05 -0.570598466700948
3.04084802162097e-05 -0.570622912605507
3.07125650183718e-05 -0.57064760457136
3.10196906685555e-05 -0.570672545091364
3.1329887575241e-05 -0.570697736683978
3.16431864509934e-05 -0.570723181893466
3.19596183155034e-05 -0.57074888329024
3.22792144986584e-05 -0.570774843471088
3.2602006643645e-05 -0.570801065059491
3.29280267100814e-05 -0.570827550705853
3.32573069771823e-05 -0.570854303087835
3.35898800469541e-05 -0.57088132491062
3.39257788474236e-05 -0.5709086189072
3.42650366358979e-05 -0.570936187838669
3.46076870022568e-05 -0.570964034494535
3.49537638722794e-05 -0.570992161693001
3.53033015110022e-05 -0.571020572281285
3.56563345261122e-05 -0.571049269135916
3.60128978713733e-05 -0.571078255163039
3.63730268500871e-05 -0.571107533298756
3.67367571185879e-05 -0.571137106509402
3.71041246897738e-05 -0.571166977791896
3.74751659366716e-05 -0.571197150174063
3.78499175960383e-05 -0.571227626714942
3.82284167719987e-05 -0.571258410505145
3.86107009397186e-05 -0.571289504667161
3.89968079491158e-05 -0.571320912355727
3.9386776028607e-05 -0.571352636758143
3.97806437888931e-05 -0.571384681094645
4.0178450226782e-05 -0.571417048618712
4.05802347290498e-05 -0.571449742617491
4.09860370763403e-05 -0.571482766412078
4.13958974471037e-05 -0.571516123357936
4.18098564215747e-05 -0.571549816845234
4.22279549857905e-05 -0.571583850299213
4.26502345356484e-05 -0.571618227180595
4.30767368810049e-05 -0.571652950985934
4.35075042498149e-05 -0.571688025247981
4.39425792923131e-05 -0.571723453536124
4.43820050852362e-05 -0.571759239456741
4.48258251360886e-05 -0.571795386653599
4.52740833874495e-05 -0.571831898808273
4.5726824221324e-05 -0.571868779640529
4.61840924635372e-05 -0.57190603290875
4.66459333881726e-05 -0.571943662410364
4.71123927220543e-05 -0.571981671982208
4.75835166492748e-05 -0.572020065501027
4.80593518157676e-05 -0.572058846883838
4.85399453339253e-05 -0.572098020088413
4.90253447872645e-05 -0.572137589113676
4.95155982351372e-05 -0.57217755800019
5.00107542174885e-05 -0.572217930830562
5.05108617596634e-05 -0.572258711729941
5.10159703772601e-05 -0.572299904866428
5.15261300810327e-05 -0.572341514451594
5.2041391381843e-05 -0.572383544740897
5.25618052956614e-05 -0.572426000034213
5.3087423348618e-05 -0.572468884676267
5.36182975821042e-05 -0.572512203057155
5.41544805579252e-05 -0.572555959612803
5.46960253635045e-05 -0.572600158825509
5.52429856171395e-05 -0.57264480522439
5.57954154733109e-05 -0.572689903385954
5.6353369628044e-05 -0.572735457934562
5.69169033243245e-05 -0.572781473542977
5.74860723575677e-05 -0.572827954932897
5.80609330811434e-05 -0.572874906875453
5.86415424119548e-05 -0.572922334191802
5.92279578360744e-05 -0.572970241753619
5.98202374144351e-05 -0.573018634483691
6.04184397885795e-05 -0.573067517356449
6.10226241864653e-05 -0.573116895398561
6.16328504283299e-05 -0.573166773689464
6.22491789326132e-05 -0.573217157361987
6.28716707219394e-05 -0.5732680516029
6.350038742915879e-05 -0.573319461653541
6.41353913034504e-05 -0.573371392810381
6.477674521648491e-05 -0.573423850425657
6.54245126686497e-05 -0.573476839907976
6.607875779533621e-05 -0.573530366722928
6.673954537328961e-05 -0.573584436393738
6.74069408270225e-05 -0.57363905450188
6.80810102352927e-05 -0.57369422668772
6.876182033764561e-05 -0.573749958651187
6.944943854102211e-05 -0.573806256152425
7.01439329264323e-05 -0.573863125012435
7.084537225569659e-05 -0.57392057111379
7.155382597825361e-05 -0.573978600401297
7.22693642380361e-05 -0.574037218882678
7.299205788041651e-05 -0.574096432629296
7.37219784592207e-05 -0.574156247776837
7.44591982438129e-05 -0.574216670526049
7.5203790226251e-05 -0.57427770714345
7.59558281285135e-05 -0.574339363962068
7.671538640979859e-05 -0.57440164738219
7.74825402738966e-05 -0.574464563872102
7.82573656766356e-05 -0.574528119968861
7.9039939333402e-05 -0.574592322279058
7.9830338726736e-05 -0.574657177479604
8.062864211400339e-05 -0.574722692318511
8.143492853514339e-05 -0.574788873615696
8.22492778204948e-05 -0.574855728263793
8.307177059869981e-05 -0.574923263228961
8.39024883046868e-05 -0.574991485551722
8.474151318773359e-05 -0.5750604023478
8.5588928319611e-05 -0.575130020808956
8.64448176028071e-05 -0.575200348203871
8.730926577883521e-05 -0.57527139187899
8.81823584366235e-05 -0.575343159259425
8.90641820209897e-05 -0.575415657849832
8.995482384119961e-05 -0.575488895235324
9.08543720796116e-05 -0.575562879082371
9.17629158004077e-05 -0.575637617139745
9.26805449584118e-05 -0.57571311723944
9.36073504079959e-05 -0.575789387297625
9.45434239120759e-05 -0.575866435315609
9.548885815119661e-05 -0.575944269380816
9.64437467327086e-05 -0.576022897667748
9.74081842000357e-05 -0.576102328439012
9.838226604203611e-05 -0.57618257004631
9.93660887024564e-05 -0.576263630931465
0.000100359749589481 -0.576345519627459
0.000101363347085376 -0.576428244759479
0.00010237698055623 -0.576511815045977
0.000103400750361792 -0.576596239299749
0.00010443475786541 -0.576681526429017
0.000105479105444064 -0.576767685438538
0.000106533896498505 -0.576854725430714
0.00010759923546349 -0.576942655606727
0.000108675227818124 -0.577031485267687
0.000109761980096306 -0.577121223815776
0.000110859599897269 -0.577211880755444
0.000111968195896241 -0.577303465694583
0.000113087877855204 -0.577395988345712
0.000114218756633756 -0.577489458527263
0.000115360944200093 -0.577583886164733
0.000116514553642094 -0.577679281291989
0.000117679699178515 -0.57777565405249
0.0001188564961703 -0.577873014700573
0.000120045061132003 -0.57797137360266
0.000121245511743324 -0.578070741238353
0.000122457966860757 -0.578171128200697
0.000123682546529364 -0.578272545180569
0.000124919371994658 -0.57837500313648
0.000126168565714605 -0.578478512809514
0.000127430251371751 -0.578583085386594
0.000128704553885468 -0.578688732042329
0.000129991599424323 -0.578795464088207
0.000131291515418566 -0.578903292961712
0.000132604430572752 -0.579012230226928
0.000133930474878479 -0.579122287575586
0.000135269779627264 -0.579233476828801
0.000136622477423537 -0.579345809938466
0.000137988702197772 -0.579459298988792
0.00013936858921975 -0.579573956197883
0.000140762275111947 -0.57968979391943
0.000142169897863067 -0.579806824644211
0.000143591596841697 -0.579925061001823
0.000145027512810114 -0.580044515762306
0.000146477787938216 -0.580165201837875
0.000147942565817598 -0.580287132284587
0.000149421991475774 -0.580410320304124
0.000150916211390531 -0.580534779245529
0.000152425373504437 -0.580660522606997
0.000153949627239481 -0.580787564037685
0.000155489123511876 -0.580915917339537
0.000157044014746995 -0.581045596469167
0.000158614454894465 -0.58117661553971
0.000160200599443409 -0.581308988822765
0.000161802605437843 -0.581442730750323
0.000163420631492222 -0.581577855916698
0.000165054837807144 -0.581714379080562
0.000166705386185215 -0.581852315166944
0.000168372440047068 -0.581991679269264
0.000170056164447538 -0.582132486651421
0.000171756726092014 -0.582274752749891
0.000173474293352934 -0.582418493175855
0.000175209036286463 -0.582563723717345
0.000176961126649328 -0.582710460341487
0.000178730737915821 -0.582858719196659
0.000180518045294979 -0.583008516614776
0.000182323225747929 -0.583159869113569
0.000184146458005408 -0.583312793398896
0.000185987922585462 -0.583467306367094
0.000187847801811317 -0.583623425107371
0.00018972627982943 -0.583781166904201
0.000191623542627725 -0.583940549239765
0.000193539778054002 -0.584101589796482
0.000195475175834542 -0.58426430645947
0.000197429927592887 -0.584428717319134
0.000199404226868816 -0.584594840673753
0.000201398269137504 -0.584762695032092
0.000203412251828879 -0.584932299116091
0.000205446374347168 -0.585103671863541
0.00020750083809064 -0.58527683243084
0.000209575846471546 -0.585451800195788
0.000211671604936262 -0.585628594760381
0.000213788320985624 -0.58580723595367
0.000215926204195481 -0.585987743834713
0.000218085466237435 -0.586170138695452
0.00022026632089981 -0.586354441063747
0.000222468984108808 -0.586540671706393
0.000224693673949896 -0.586728851632191
0.000226940610689395 -0.586919002095067
0.000229210016796289 -0.587111144597251
0.000231502116964252 -0.587305300892465
0.000233817138133894 -0.5875014929892
0.000236155309515233 -0.587699743154014
0.000238516862610385 -0.587900073914891
0.000240902031236489 -0.588102508064631
0.000243311051548854 -0.588307068664324
0.000245744162064343 -0.588513779046845
0.000248201603684986 -0.588722662820406
0.000250683619721836 -0.58893374387217
0.000253190455919054 -0.589147046371918
0.000255722360478245 -0.589362594775761
0.000258279584083027 -0.589580413829915
0.000260862379923858 -0.589800528574527
0.000263471003723096 -0.590022964347573
0.000266105713760327 -0.590247746788786
0.00026876677089793 -0.590474901843671
0.00027145443860691 -0.590704455767568
0.000274168982992979 -0.590936435129774
0.000276910672822909 -0.591170866817738
0.000279679779551138 -0.591407778041299
0.000282476577346649 -0.59164719633702
0.000285301343120116 -0.591889149572558
0.000288154356551317 -0.592133665951105
0.00029103590011683 -0.592380774015923
0.000293946259117998 -0.59263050265493
0.000296885721709178 -0.592882881105332
0.00029985457892627 -0.593137938958394
0.000302853124715533 -0.593395706164223
0.000305881655962688 -0.59365621303667
0.000308940472522315 -0.593919490258331
0.000312029877247538 -0.594185568885666
0.000315150176020014 -0.5944544803543
0.000318301677780214 -0.594726256484813
0.000321484694558016 -0.595000929489909
0.000324699541503596 -0.59527853198909
0.000327946536918632 -0.595559097114939
0.000331226002287818 -0.595842657091718
0.000334538262310697 -0.596129247944298
0.000337883644933803 -0.596418902432507
0.000341262481383142 -0.596711655476587
0.000344675106196973 -0.597007542186655
0.000348121857258943 -0.597306598089607
0.000351603075831532 -0.597608859148936
0.000355119106589847 -0.597914361773329
0.000358670297655746 -0.598223142823804
0.000362257000632303 -0.598535239620168
0.000365879570638626 -0.598850689947686
0.000369538366345013 -0.599169532063573
0.000373233750008463 -0.59949180470374
0.000376966087508547 -0.599817547089531
0.000380735748383633 -0.60014679893459
0.000384543105867469 -0.60047960045183
0.000388388536926144 -0.600815992360535
0.000392272422295405 -0.601156015893516
0.00039619514651836 -0.601499712804459
0.000400157097983543 -0.601847125375323
0.000404158668963379 -0.602198296423917
0.000408200255653012 -0.602553269311536
0.000412282258209542 -0.602912087950754
0.000416405080791638 -0.603274796813366
0.000420569131599554 -0.603641440938412
0.00042477482291555 -0.60401206594035
0.000429022571144705 -0.604386718017378
0.000433312796856152 -0.604765443959873
0.000437645924824714 -0.605148291158969
0.000442022384072961 -0.605535307615286
0.000446442607913691 -0.605926541947785
0.000450907033992828 -0.60632204340278
0.000455416104332756 -0.606721861863123
0.000459970265376083 -0.607126047857458
0.000464569968029844 -0.607534652569739
0.000469215667710143 -0.607947727848819
0.000473907824387244 -0.608365326218228
0.000478646902631117 -0.608787500886128
0.000483433371657428 -0.609214305755399
0.000488267705374002 -0.609645795433933
0.000493150382427742 -0.610082025245053
0.0004980818862520199 -0.610523051238153
0.00050306270511454 -0.610968930199482
0.000508093332165685 -0.611419719663115
0.000513174265487342 -0.611875477922129
0.000518306008142215 -0.612336264039935
0.0005234890682236369 -0.612802137861822
0.000528723958905874 -0.613273160026692
0.000534011198494933 -0.61374939197899
0.000539351310479882 -0.614230895980839
0.000544744823584681 -0.614717735124371
0.000550192271820528 -0.615209973344291
0.000555694194538733 -0.615707675430631
0.00056125113648412 -0.616210907041751
0.000566863647848961 -0.616719734717538
0.000572532284327451 -0.617234225892872
0.000578257607170726 -0.617754448911308
0.000584040183242433 -0.618280473039072
0.000589880585074857 -0.618812368479339
0.000595779390925606 -0.619350206386923
0.000601737184834862 -0.619894058883696
0.00060775455668321 -0.620443999075371
0.000613832102250043 -0.621000101072926
0.000619970423272543 -0.621562440035381
0.000626170127505268 -0.622131092424246
0.000632431828780321 -0.622706127674851
0.000638756147068124 -0.623287643168356
0.000645143708538805 -0.623875701605894
0.0006515951456241939 -0.624470387989833
0.000658111097080435 -0.62507177664792
0.00066469220805124 -0.625679972176577
0.000671339130131752 -0.626295036435524
0.00067805252143307 -0.626917061681437
0.0006848330466474 -0.627546134038703
0.000691681377113875 -0.628182340829628
0.000698598190885013 -0.628825770593804
0.000705584172793863 -0.62947651310771
0.000712640014521802 -0.630134659404453
0.00071976641466702 -0.630800301793806
0.00072696407881369 -0.631473533882604
0.000734233719601827 -0.632154450595463
0.000741576056797845 -0.632843148195864
0.000748991817365824 -0.633539724307644
0.000756481735539482 -0.634244277936827
0.000764046552894877 -0.63495690949387
0.000771687018423826 -0.63567772081632
0.000779403888608064 -0.636406815191873
0.000787197927494145 -0.637144297381848
0.000795069906769086 -0.637890273645085
0.000803020605836777 -0.63864485176232
0.000811050811895145 -0.639408141060956
0.000819161320014096 -0.640180252440331
0.000827352933214237 -0.640961298397432
0.00083562646254638 -0.641751393053094
0.000843982727171843 -0.642550652178696
0.0008524225544435619 -0.643359193223337
0.000860946779987997 -0.644177135341542
0.000869556247787878 -0.645004599421468
0.000878251810265756 -0.645841708113663
0.000887034328368414 -0.646688585860359
0.000895904671652098 -0.647545358925312
0.000904863718368619 -0.648412155424233
0.000913912355552305 -0.649289105355761
0.000923051479107828 -0.650176340633049
0.0009322819938989071 -0.65107399511593
0.000941604813837896 -0.651982204643636
0.000951020861976275 -0.652901107068078
0.000960531070596037 -0.653830842287503
0.000970136381301998 -0.654771552280111
0.000979837745115018 -0.655723381136057
0.0009896361225661681 -0.656686475080061
0.00099953248379183 -0.657660982420896
0.00100952780862975 -0.658647041778911
0.00101962308671605 -0.659644844734124
0.00102981931758321 -0.660654505870088
0.00104011751075904 -0.661676197310161
0.00105051868586663 -0.662710078827469
0.00106102387272529 -0.663756312792369
0.00107163411145255 -0.6648150640722
0.00108235045256707 -0.665886500056019
0.00109317395709274 -0.666970790694567
0.00110410569666367 -0.668068108544025
0.00111514675363031 -0.669178628811735
0.00112629822116661 -0.670302529403173
0.00113756120337828 -0.671439990970083
0.00114893681541206 -0.67259119695974
0.00116042618356618 -0.67375633366528
0.00117203044540184 -0.674935590277194
0.00118375074985586 -0.676129158935967
0.00119558825735442 -0.677337234785858
0.00120754413992796 -0.678560016029965
0.00121961958132724 -0.679797703986464
0.00123181577714052 -0.681050503146219
0.00124413393491192 -0.682318621231614
0.00125657527426104 -0.683602269256887
0.00126914102700365 -0.684901662598549
0.00128183243727369 -0.686217016014472
0.00129465076164642 -0.687548553796689
0.00130759726926289 -0.688896499749385
0.00132067324195552 -0.690261082300787
0.00133387997437507 -0.691642533563779
0.00134721877411882 -0.693041089407055
0.00136069096186001 -0.694456989528026
0.00137429787147861 -0.695890477527543
0.0013880408501934 -0.697341800986453
0.00140192125869533 -0.698811211543978
0.00141594047128228 -0.700298964977495
0.00143009987599511 -0.701805321280956
0.00144440087475506 -0.703330543843187
0.00145884488350261 -0.704874905193256
0.00147343333233764 -0.706438672771267
0.00148816766566101 -0.708022127316156
0.00150304934231762 -0.709625551960965
0.0015180798357408 -0.711249233056297
0.00153326063409821 -0.712893462680152
0.00154859324043919 -0.714558537872514
0.00156407917284358 -0.716244760745633
0.00157971996457202 -0.717952438593874
0.00159551716421774 -0.719681884005844
0.00161147233585991 -0.721433414979431
0.00162758705921851 -0.723207355040142
0.0016438629298107 -0.725004033362831
0.00166030155910881 -0.726823784897101
0.00167690457469989 -0.728666950496468
0.00169367362044689 -0.730533877051473
0.00171061035665136 -0.732424917626851
0.00172771646021787 -0.734340431603015
0.00174499362482005 -0.736280784821934
0.00176244356106825 -0.738246349737679
0.00178006799667894 -0.740237505571768
0.00179786867664573 -0.742254638473565
0.00181584736341218 -0.744298141686064
0.0018340058370463 -0.746368415717361
0.00185234589541677 -0.748465868518701
0.00187086935437094 -0.750590915671241
0.00188957804791465 -0.752743980590422
0.00190847382839379 -0.754925494108581
0.00192755856667773 -0.757135896586773
0.00194683415234451 -0.759375635831098
0.00196630249386795 -0.761645167466367
0.00198596551880663 -0.763944958897187
0.0020058251739947 -0.766275482968231
0.00202588342573464 -0.768637227146665
0.00204614225999199 -0.771030680473324
0.00206660368259191 -0.773456347031859
0.00208726971941783 -0.775914741289558
0.00210814241661201 -0.778406386823365
0.00212922384077813 -0.780931817996072
0.00215051607918591 -0.783491580141785
0.00217202123997777 -0.786086229852771
0.00219374145237755 -0.788716335290945
0.00221567886690132 -0.791382476514233
0.00223783565557034 -0.794085245815977
0.00226021401212604 -0.796825248077123
0.0022828161522473 -0.79960310113157
0.00230564431376977 -0.80241943614481
0.00232870075690747 -0.805274898006006
0.00235198776447654 -0.808170145732646
0.00237550764212131 -0.811105852883057
0.00239926271854252 -0.814082708805574
0.00242325534572795 -0.817101416557132
0.00244748789918523 -0.82016269617008
0.00247196277817708 -0.823267283726153
0.00249668240595885 -0.826415933801043
0.00252164923001844 -0.829609415759587
0.00254686572231862 -0.832848519037182
0.00257233437954181 -0.836134050903773
0.00259805772333723 -0.83946683781759
0.0026240383005706 -0.842847726015228
0.00265027868357631 -0.846277582140164
0.00267678147041207 -0.849757293898845
0.00270354928511619 -0.853287770742527
0.00273058477796735 -0.856869944575285
0.00275789062574703 -0.860504770489198
0.0027854695320045 -0.864193227529032
0.00281332422732454 -0.867936319492816
0.00284145746959779 -0.871735075796241
0.00286987204429376 -0.875590552630564
0.0028985707647367 -0.879503855369928
0.00292755647238407 -0.8834760193494
0.00295683203710791 -0.88750826842676
0.00298640035747899 -0.89160174105112
0.00301626436105378 -0.895757639285713
0.00304642700466432 -0.89997719754315
0.00307689127471096 -0.904261682693858
0.00310766018745807 -0.908612396010283
0.00313873678933265 -0.913030674283811
0.00317012415722598 -0.917517891015594
0.00320182539879824 -0.922075457651183
0.00323384365278622 -0.926704824856505
0.00326618208931408 -0.931407483835436
0.00329884391020722 -0.936184967689774
0.00333183234930929 -0.941038852822367
0.00336515067280239 -0.945970760384693
0.00339880217953041 -0.950982099415076
0.00343279020132572 -0.956075083649284
0.00346711810333897 -0.961251269456702
0.00350178928437236 -0.96651242461504
0.00353680717721609 -0.971860432793453
0.00357217524898825 -0.977297216592837
0.00360789700147813 -0.982824754696634
0.00364397597149291 -0.98844508372907
0.00368041573120784 -0.994160300116474
0.00371721988851992 -0.999972561982899
0.00375439208740512 -1.0058840910694
0.00379193600827917 -1.01189717460919
0.00382985536836196 -1.0180141666
0.00386815392204558 -1.02423749678439
0.00390683546126603 -1.03056966968014
0.0039459038158787 -1.03701322540645
0.00398536285403748 -1.04357083950371
0.00402521648257786 -1.05024522940051
0.00406546864740364 -1.05703920145001
0.00410612333387767 -1.06395564508415
0.00414718456721645 -1.07099753509763
0.00418865641288861 -1.07816793397703
0.0042305429770175 -1.08546999428631
0.00427284840678767 -1.0929069605871
0.00431557689085555 -1.10048217311235
0.00435873265976411 -1.10819906827978
0.00440231998636175 -1.11606118235468
0.00444634318622536 -1.12407215332594
0.00449080661808762 -1.13223572319713
0.00453571468426849 -1.14055574027612
0.00458107183111118 -1.14903616398457
0.00462688254942229 -1.15768105717272
0.00467315137491651 -1.16649460310689
0.00471988288866568 -1.17548112134003
0.00476708171755234 -1.18464485445945
0.00481475253472786 -1.19399070115962
0.00486290006007514 -1.20352295412455
0.00491152906067589 -1.21324662520581
0.00496064435128265 -1.22316639364813
0.00501025079479548 -1.23328740577928
0.00506035330274343 -1.24361478475324
0.00511095683577087 -1.25415379421894
0.00516206640412858 -1.264909823962
0.00521368706816986 -1.27588838916629
0.00526582393885156 -1.28709512843696
0.00531848217824008 -1.29853580483495
0.00537166700002248 -1.31021630119285
0.0054253836700227 -1.32214262004908
0.00547963750672293 -1.33432088044464
0.00553443388179016 -1.34675731285423
0.00558977822060806 -1.35945826067641
0.00564567600281414 -1.37243016658635
0.00570213276284228 -1.38567957318359
0.0057591540904707 -1.39921311284294
0.00581674563137541 -1.4130374955178
0.00587491308768917 -1.42715997825934
0.00593366221856606 -1.44158657686425
0.00599299884075172 -1.45632412600205
0.00605292882915924 -1.47138044718125
0.00611345811745083 -1.48676210735619
0.00617459269862534 -1.50247609732987
0.00623633862561159 -1.51852936277896
0.00629870201186771 -1.53492885681152
0.00636168903198638 -1.55168146892022
0.00642530592230625 -1.56879400142766
0.00648955898152931 -1.58627315902997
0.0065544545713446 -1.60412550539339
0.00661999911705805 -1.62235743423513
0.00668619910822863 -1.6409751327116
0.00675306109931092 -1.65998454414043
0.00682059171030403 -1.67939185651888
0.00688879762740707 -1.69920110598455
0.00695768560368114 -1.71941809363418
0.00702726245971795 -1.74004710575563
0.00709753508431513 -1.76109212248694
0.00716851043515828 -1.78255651154877
0.00724019553950986 -1.80444301188531
0.00731259749490496 -1.82675363653236
0.00738572346985401 -1.84948959299852
0.00745958070455255 -1.87265120616141
0.00753417651159808 -1.89623780199103
0.00760951827671406 -1.92024762916807
0.0076856134594812 -1.9446777143812
0.00776246959407601 -1.96952384216588
0.00784009429001677 -1.99478020079097
0.00791849523291694 -2.02043979724956
0.00799768018524611 -2.0464935895919
0.00807765698709857 -2.07293086379418
0.00815843355696956 -2.09973893850999
0.00824001789253925 -2.12690302416697
0.00832241807146464 -2.15440607151772
0.008405642252179289 -2.18222860034626
0.00848969867470108 -2.21034862253512
0.0085745956614481 -2.23874134522172
0.008660341618062581 -2.26737906643445
0.008746945034243199 -2.29623113930756
0.008834414484585631 -2.32526361397899
0.008922758629431491 -2.35443925714995
0.0090119862157258 -2.38371730604654
0.00910210607788306 -2.41305345033272
0.00919312713866189 -2.44239941606098
0.00928505841004851 -2.47170345077736
0.009377908994149 -2.50090961711493
0.00947168808409049 -2.52995812740036
0.009566404964931391 -2.55878523739483
0.00966206901458071 -2.58732310251084
0.009758689704726511 -2.61550011035718
0.009856276601773781 -2.64324068082709
0.00995483936779152 -2.67046562592388
0.0100543877614694 -2.69709219492414
0.0101549316390841 -2.72303437358064
0.010256480955475 -2.74820317369838
0.0103590457650297 -2.77250701646672
0.01046263622268 -2.79585212696381
0.0105672625849068 -2.81814286135729
0.0106729352107559 -2.83928221011562
0.0107796645628634 -2.85917367956402
0.0108874612084921 -2.87771976926232
0.010996335820577 -2.89482408978786
0.0111062991787828 -2.91039187878223
0.0112173621705706 -2.92433089048117
0.0113295357922763 -2.9365520345544
0.0114428311501991 -2.94697019879677
0.0115572594617011 -2.9555054894886
0.0116728320563181 -2.9620837129803
0.0117895603768812 -2.96663762441502
0.0119074559806501 -2.96910708157549
0.0120265305404566 -2.96944071032632
0.0121467958458611 -2.96759579134064
0.0122682638043197 -2.96353931503622
0.0123909464423629 -2.95724853229516
0.0125148559067866 -2.94871110930319
0.0126400044658544 -2.93792572508257
0.012766404510513 -2.92490179281933
0.0128940685556181 -2.90966028958733
0.0130230092411743 -2.89223284704555
0.013153239333586 -2.87266200491424
0.0132847717269219 -2.8510006933128
0.0134176194441911 -2.82731186979742
0.013551795638633 -2.80166758111184
0.0136873135950193 -2.77414875241012
0.0138241867309695 -2.74484425390696
0.0139624285982792 -2.71384968530628
0.014102052884262 -2.68126684181968
0.0142430734131046 -2.64720258872385
0.0143855041472357 -2.61176787963873
0.014529359188708 -2.57507674030864
0.0146746527805951 -2.53724529829274
0.0148213993084011 -2.49839084708633
0.0149696133014851 -2.45863079668121
0.0151193094344999 -2.41808192163464
0.0152705025288449 -2.37685947768235
0.0154232075541334 -2.33507641874839
0.0155774396296747 -2.29284278367431
0.0157332140259715 -2.25026508970959
0.0158905461662312 -2.20744567416873
0.0160494516278935 -2.1644825242081
0.0162099461441724 -2.12146862300522
0.0163720456056142 -2.07849187022267
0.0165357660616703 -2.03563485875225
0.016701123722287 -1.992974582539
0.0168681349595099 -1.95058262632395
0.017036816309105 -1.90852484786437
0.017207184472196 -1.86686166568492
0.017379256316918 -1.82564802893605
0.0175530488800872 -1.78493350206558
0.017728579368888 -1.74476262600739
0.0179058651625769 -1.70517488236091
0.0180849238142027 -1.66620496629064
0.0182657730523447 -1.62788343564407
0.0184484307828682 -1.59023510422354
0.0186329150906968 -1.55328288583681
0.0188192442416038 -1.51704450295592
0.0190074366840199 -1.48153445945576
0.0191975110508601 -1.44676397402653
0.0193894861613687 -1.41274130053967
0.0195833810229823 -1.37947189404985
0.0197792148332122 -1.34695848716487
0.0199770069815443 -1.3152018219891
0.0201767770513597 -1.28420027796343
0.0203785448218733 -1.25395036085592
0.0205823302700921 -1.22444706420469
0.020788153572793 -1.19568391648273
0.0209960351085209 -1.16765221673788
0.0212059954596061 -1.14034345063099
0.0214180554142022 -1.1137473836735
0.0216322359683442 -1.08785282194697
0.0218485583280276 -1.06264805912681
0.0220670439113079 -1.03812042686229
0.022287714350421 -1.01425666442892
0.0225105914939252 -0.991044019294877
0.0227356974088645 -0.968468302916919
0.0229630543829531 -0.946515560979446
0.0231926849267826 -0.925171518503937
0.0234246117760505 -0.904421682345855
0.023658857893811 -0.884251819452134
0.0238954464727491 -0.864647356282043
0.0241344009374766 -0.845593942756283
0.0243757449468513 -0.827077289543004
0.0246195023963198 -0.809083253795866
0.024865697420283 -0.79159722474301
0.0251143543944859 -0.774605666645267
0.0253654979384307 -0.758094793811819
0.025619152917815 -0.742051079794639
0.0258753444469932 -0.726460985956137
0.0261340978914631 -0.711311899508304
0.0263954388703778 -0.696590788743031
0.0266593932590815 -0.682285326636969
0.0269259871916724 -0.668382563404498
0.0271952470635891 -0.654871221920348
0.027467199534225 -0.641739355304963
0.0277418715295672 -0.628975705958056
0.0280192902448629 -0.616568603354797
0.0282994831473115 -0.604507952799679
0.0285824779787846 -0.592782377298118
0.0288683027585725 -0.581382505346352
0.0291569857861582 -0.570297460567102
0.0294485556440198 -0.559517965166722
0.02974304120046 -0.549034425719561
0.0300404716124646 -0.538837906996122
0.0303408763285892 -0.528919326272158
0.0306442850918751 -0.519270030004823
0.0309507279427939 -0.509881712934368
0.0312602352222218 -0.500746106823416
0.031572837574444 -0.491855429855834
0.0318885659501885 -0.483202302891778
0.0322074516096904 -0.474778476445214
0.0325295261257873 -0.466577732002848
0.0328548213870451 -0.458592650223627
0.0331833696009156 -0.450816570700281
0.0335152032969248 -0.443242927243502
0.033850355329894 -0.435865519581337
0.0341888588831929 -0.428678204780576
0.0345307474720249 -0.421675117406668
0.0348760549467451 -0.414850478467194
0.0352248154962126 -0.40819871069417
0.0355770636511747 -0.401714625098262
0.0359328342876865 -0.39539288566149
0.0362921626305633 -0.389228506498494
0.036655084256869 -0.383216728823194
0.0370216350994376 -0.377352945989374
0.037391851450432 -0.371632497091157
0.0377657699649363 -0.36605106201623
0.0381434276645857 -0.360604409417269
0.0385248619412316 -0.355288506670836
0.0389101105606439 -0.35009937056728
0.0392992116662503 -0.345033159203161
0.0396922037829128 -0.340086271304034
0.0400891258207419 -0.335255045891562
0.0404900170789494 -0.330536097072973
0.0408949172497389 -0.325926144086088
0.0413038664222363 -0.321421940798498
0.0417169050864586 -0.317020386337487
0.0421340741373232 -0.312718456806572
0.0425554148786964 -0.308513324608272
0.0429809690274834 -0.304402160393608
0.0434107787177582 -0.300382271628908
0.0438448865049358 -0.296451067814795
0.0442833353699852 -0.292606004383434
0.044726168723685 -0.288844624743745
0.0451734304109219 -0.285164743841934
0.0456251647150311 -0.281563806157115
0.0460814163621814 -0.278039874532297
0.0465422305258032 -0.274590750574458
0.0470076528310613 -0.271214416577111
0.0474777293593719 -0.267908861506138
0.0479525066529656 -0.264672218944779
0.0484320317194952 -0.261502614213064
0.0489163520366902 -0.25839828930109
0.0494055155570571 -0.255357548025722
0.0498995707126277 -0.252378699678669
0.0503985664197539 -0.24946021365818
0.0509025520839515 -0.24660037300922
0.051411577604791 -0.243797840466176
0.0519256933808389 -0.241051126083579
0.0524449503146473 -0.238358807786078
0.0529693998177938 -0.235719544787479
0.0534990938159717 -0.233132024477397
0.0540340847541314 -0.230594965052138
0.0545744256016727 -0.228107150528666
0.0551201698576895 -0.225667377721781
0.0556713715562664 -0.223274480239114
0.056228085271829 -0.22092735421905
0.0567903661245473 -0.218624890816431
0.0573582697857928 -0.216366026192204
0.0579318524836507 -0.214149744725669
0.0585111710084872 -0.211975042949239
0.0590962827185721 -0.209840947757613
0.0596872455457578 -0.20774647946906
0.0602841180012154 -0.205690758822108
0.0608869591812276 -0.203672867154788
0.0614958287730398 -0.201691922896107
0.0621107870607702 -0.199747074356165
0.0627318949313779 -0.197837486645473
0.0633592138806917 -0.195962325272201
0.0639928060194986 -0.194120793628921
0.0646327340796936 -0.192312142760637
0.0652790614204906 -0.190535565909857
0.0659318520346955 -0.18879034092724
0.06659117055504241 -0.187075727194655
0.06725708226059279 -0.185391000277013
0.0679296530831988 -0.183735490926964
0.0686089496140308 -0.182108485242453
0.0692950391101711 -0.180509327350286
0.0699879895012728 -0.178937348484022
0.0706878693962855 -0.177391915753602
0.0713947480902484 -0.175872419705256
0.0721086955711509 -0.174378191671233
0.0728297825268624 -0.172908667784151
0.073558080352131 -0.171463264490688
0.07429366115565229 -0.170041375151526
0.07503659776720881 -0.168642496311135
0.07578696374488091 -0.167266040992543
0.0765448333823297 -0.165911459639326
0.07731028171615301 -0.164578272433356
0.07808338453331461 -0.16326593870656
0.0788642183786477 -0.161973986580055
0.0796528605624342 -0.160701920153983
0.08044938916805849 -0.159449304729502
0.0812538830597391 -0.158215638691708
0.0820664218903365 -0.157000486331695
0.08288708610923989 -0.155803439402644
0.08371595697033229 -0.154624072485683
0.0845531165400356 -0.153461978637657
0.085398647705436 -0.152316765709224
0.0862526341824903 -0.151188078882544
0.0871151605243152 -0.150075536766659
0.0879863121295584 -0.148978760658194
0.0888661752508539 -0.147897431897557
0.08975483700336249 -0.146831231315534
0.09065238537339609 -0.145779807279137
0.0915589092271301 -0.144742812580758
0.0924744983194014 -0.143720051472658
0.0933992433025954 -0.142711167768378
0.0943332357356213 -0.141715872672041
0.0952765680929776 -0.140733931700457
0.0962293337739073 -0.13976503332013
0.0971916271116464 -0.138808966978321
0.0981635433827629 -0.137865461359538
0.0991451788165905 -0.136934293557811
0.100136630604756 -0.136015216535482
0.101137996910804 -0.135107992360947
0.102149376879912 -0.134212432581705
0.103170870648711 -0.133328281431451
0.104202579355198 -0.132455374211142
0.10524460514875 -0.131593466671311
0.106297051200238 -0.130742364976662
0.10736002171224 -0.129901882778619
0.108433621929363 -0.129071835412922
0.109517958148656 -0.12825201851929
0.110613137730143 -0.127442231728576
0.111719269107444 -0.126642313686359
0.112836461798519 -0.125852075490293
0.113964826416504 -0.125071311246987
0.115104474680669 -0.124299880104035
0.116255519427476 -0.123537583215913
0.11741807462175 -0.122784248723535
0.118592255367968 -0.122039706751541
0.119778177921647 -0.121303767963246
0.120975959700864 -0.1205762754041
0.122185719297873 -0.119857052037893
0.123407576490851 -0.119145925049525
0.12464165225576 -0.118442729022119
0.125888068778317 -0.11774728947341
0.127146949466101 -0.117059440252098
0.128418418960762 -0.116379010505184
0.129702603150369 -0.115705835529733
0.130999629181873 -0.115039747971981
0.132309625473692 -0.114380591892899
0.133632721728429 -0.113728189598915
0.134969048945713 -0.113082367525699
0.13631873943517 -0.112442989361736
0.137681926829522 -0.11180989358146
0.139058746097817 -0.111182902638876
0.140449333558795 -0.110561870168232
0.141853826894383 -0.109946639785637
0.143272365163327 -0.109337049333307
0.14470508881496 -0.108732992384706
0.14615213970311 -0.108134247225767
0.147613661100141 -0.10754071189463
0.149089797711142 -0.106952250925266
0.150580695688254 -0.106368707549882
0.152086502645136 -0.105789942373945
0.153607367671588 -0.105215838075941
0.155143441348303 -0.104646247312168
0.156694875761787 -0.104081057608192
0.158261824519404 -0.103520135890245
0.159844442764598 -0.102963369161115
0.161442887192244 -0.102410646539326
0.163057316064167 -0.101861854953068
0.164687889224809 -0.101316887153601
0.166334768117057 -0.100775639586398
0.167998115798227 -0.100238026183949
0.169678096956209 -0.0997039457684717
0.171374877925772 -0.0991733141356251
0.173088626705029 -0.0986460472814186
0.17481951297208 -0.0981220765471787
0.1765677081018 -0.0976013130589462
0.178333385182818 -0.0970837012102567
0.180116719034647 -0.0965691750927279
0.181917886224993 -0.0960576672086897
0.183737065087243 -0.0955491234153641
0.185574435738115 -0.0950434926581326
0.187430180095497 -0.0945407121362715
0.189304481896452 -0.0940407444190211
0.191197526715416 -0.0935435233354305
0.19310950198257 -0.0930489821653865
0.195040597002396 -0.0925570149776922
0.19699100297242 -0.0920676743247026
0.198960913002144 -0.0915786042323549
0.200950522132166 -0.0910855091734195
0.202960027353487 -0.0906091871586114
0.204989627627022 -0.090132227880144
0.207039523903292 -0.0896578324458064
0.209109919142325 -0.0891858147801274
0.211201018333748 -0.0887162519041569
0.213313028517086 -0.08824916919693
0.215446158802257 -0.087784574534703
0.217600620390279 -0.0873224684884867
0.219776626594182 -0.0868628457194857
0.221974392860124 -0.086405696602897
0.224194136788725 -0.0859510093715404
0.226436078156613 -0.0854987695221161
0.228700438938179 -0.0850489600394998
0.23098744332756 -0.0846015607281394
0.233297317760836 -0.0841565518292606
0.235630290938444 -0.0837139085231805
0.237986593847829 -0.0832735977355108
0.240366459786307 -0.0828356004334251
0.24277012438417 -0.0823998811342656
0.245197825628012 -0.0819663995731677
0.247649803884292 -0.0815351281214194
0.250126301923135 -0.0811060188288518
0.252627564942366 -0.0806790380243687
0.25515384059179 -0.0802541335482643
0.257705378997708 -0.0798312662162338
0.260282432787685 -0.0794103813971008
0.262885257115562 -0.078991440460154
0.265514109686717 -0.0785743825422264
0.268169250783585 -0.0781591575928165
0.27085094329142 -0.0777457125112418
0.273559452724335 -0.0773339910979562
0.276295047251578 -0.0769239423416319
0.279057997724094 -0.0765155109076538
0.281848577701335 -0.0761086380603331
0.284667063478348 -0.0757032684878885
0.287513734113132 -0.075299350880265
0.290388871454263 -0.0748968323366938
0.293292760168805 -0.074495657023355
0.296225687770494 -0.074095770891752
0.299187944648198 -0.0736971275860575
0.30217982409468 -0.0732996831322966
0.305201622335627 -0.0729033814377433
0.308253638558984 -0.0725081895889343
0.311336174944573 -0.0721140564932903
0.314449536694019 -0.0717209458290708
0.317594032060959 -0.07132882666098
0.320769972381569 -0.0709376469558454
0.323977672105385 -0.0705473957641384
0.327217448826438 -0.070158030135962
0.330489623314703 -0.06976953116351
0.33379451954785 -0.069381872402997
0.337132464743328 -0.0689950352578984
0.340503789390762 -0.0686089968146554
0.343908827284669 -0.0682237478486381
0.347347915557516 -0.0678392730640803
0.350821394713091 -0.0674555656981186
0.354329608660222 -0.0670726136185152
0.357872904746824 -0.0666904069497173
0.361451633794292 -0.0663089517052742
0.365066150132235 -0.06592823987816
0.368716811633558 -0.0655482789793522
0.372403979749893 -0.0651690598315177
0.376128019547392 -0.0647905985365176
0.379889299742866 -0.0644128891572175
0.383688192740295 -0.0640359418027968
0.387525074667698 -0.063659760333964
0.391400325414375 -0.0632843540056438
0.395314328668518 -0.0629097278562946
0.399267471955204 -0.0625358860849114
0.403260146674756 -0.062162842286386
0.407292748141503 -0.0617905980035104
0.411365675622918 -0.0614191630699297
0.415479332379147 -0.0610485370194204
0.419634125702939 -0.0606787260464656
0.423830466959968 -0.0603097318048319
0.428068771629568 -0.0599415572662348
0.432349459345864 -0.0595741970880188
0.436672953939322 -0.0592076534031141
0.441039683478716 -0.0588419176955611
0.445450080313503 -0.0584769822627834
0.449904581116638 -0.0581128380139337
0.454403626927804 -0.0577494688796726
0.458947663197082 -0.0573868597399049
0.463537139829053 -0.0570249914548116
0.468172511227344 -0.0566638390075444
0.472854236339617 -0.0563033809215398
0.477582778703013 -0.055943585422148
0.482358606490043 -0.0555844194991524
0.487182192554944 -0.0552258453890864
0.492054014480493 -0.0548678268039917
0.496974554625298 -0.0545103182129412
0.501944300171551 -0.0541532756899526
0.506963743173267 -0.0537966492814592
0.512033380604999 -0.0534403882258294
0.517153714411049 -0.0530844343824668
0.52232525155516 -0.0527287320632405
0.527548504070711 -0.0523732186587203
0.532823989111418 -0.0520178355208935
0.538152229002533 -0.0516625146589443
0.543533751292558 -0.0513071913706069
0.548969088805484 -0.0509517965077161
0.554458779693538 -0.0505962606947413
0.560003367490474 -0.0502405125100132
0.565603401165378 -0.0498844802671033
0.571259435177032 -0.0495280913909631
0.576972029528803 -0.0491712724889954
0.582741749824091 -0.0488139492575843
0.588569167322331 -0.0484560451960227
0.5944548589955549 -0.0480974877731068
0.60039940758551 -0.0477382050904693
0.606403401661365 -0.0473781101941878
0.612467435677979 -0.0470171352249468
0.618592110034759 -0.0466552058014638
0.624778031135106 -0.0462922439048029
0.631025811446457 -0.0459281724473366
0.637336069560922 -0.0455629120772285
0.643709430256531 -0.0451963786911042
0.650146524559097 -0.0448285100221283
0.656647989804688 -0.0444592189634353
0.663214469702734 -0.0440884323393815
0.669846614399762 -0.0437160577186667
0.6765450805437589 -0.0433420158433784
0.6833105313491969 -0.0429662249324814
0.690143636662689 -0.0425885964156295
0.697045073029316 -0.0422090556681894
0.704015523759609 -0.041827502199604
0.711055678997205 -0.0414438567691758
0.718166235787177 -0.0410580210467406
0.725347898145049 -0.0406699084163099
0.732601377126499 -0.0402794268751402
0.739927390897764 -0.0398864759890105
0.747326664806742 -0.0394909654919242
0.7547999314548089 -0.0390928053447439
0.762347930769357 -0.038691880657147
0.7699714100770511 -0.0382881135849728
0.777671124177822 -0.0378813962770548
0.7854478354195999 -0.0374716549323322
0.793302313773796 -0.0370587757531968
0.801235336911534 -0.036642675322996
0.809247690280649 -0.0362232662912081
0.817340167183456 -0.0358004651821132
0.82551356885529 -0.0353741915138037
0.833768704543843 -0.0349443746944873
0.842106391589282 -0.0345109201160965
0.8505274555051739 -0.0340738350911947
0.8547800927827 -0.033853329028866
0.859032730060226 -0.0336329989048105
0.863327893710527 -0.0334106195675287
0.867623057360828 -0.0331883910998821
0.871961172647633 -0.032964115178544
0.874130230291035 -0.0328520331555471
0.876299287934437 -0.0327399937998437
0.878490036154273 -0.0326268759638519
0.880680784374109 -0.0325137978815737
0.882871532593945 -0.0324007608483236
0.885062280813781 -0.0322877680927118
0.887274936515815 -0.032173687986321
0.88948759221785 -0.0320596487575826
0.893912903621919 -0.0318317059203726
0.898382468140029 -0.0316016699387385
0.902852032658138 -0.0313718228468924
0.907366292821429 -0.0311398740720089
0.91188055298472 -0.0309081241185007
0.916439955749644 -0.0306742758371452
0.920999358514567 -0.0304406493239951
0.92560435530714 -0.030204933182955
0.930209352099712 -0.0299694449195558
0.93951144562071 -0.0294946075886268
0.948906560076917 -0.0290161386405376
0.958395625677686 -0.0285342226364508
0.967979581934463 -0.0280489477692524
0.977659377753807 -0.0275604529078965
0.987435971531345 -0.0270689051155358
0.997310331246659 -0.0265744715184466
1.00728343455913 -0.0260773579696296
1.01735626890472 -0.025577778943014
1.02752983159376 -0.0250759730492853
1.0378051299097 -0.0245721969560424
1.0481831812088 -0.0240667056030902
1.05866501302089 -0.0235598430819703
1.0692516631511 -0.0230518656308842
1.07994417978261 -0.0225431392791524
1.09074362158043 -0.0220339744041913
1.10165105779624 -0.0215247136478949
1.1126675683742 -0.021015777888373
1.12379424405794 -0.0205075149835211
1.13503218649852 -0.0200003201504502
1.14638250836351 -0.0194945910112336
1.15784633344714 -0.0189907351660057
1.16942479678161 -0.0184891622174773
1.18111904474943 -0.0179902881744619
1.19293023519692 -0.017494525750547
1.20485953754889 -0.0170022893494988
1.21690813292438 -0.0165139864699095
1.22299267358901 -0.016270845357268
1.22907721425363 -0.0160300395328911
1.23522260032489 -0.0157892296503194
1.24136798639616 -0.0155508432327443
1.24757482632814 -0.015312563685072
1.25378166626012 -0.0150767940540446
1.25691612042577 -0.0149586933130291
1.26005057459142 -0.014841238725634
1.26318502875707 -0.0147244341236591
1.26631948292272 -0.014608279151437
1.26948528163003 -0.0144916244756435
1.27265108033733 -0.0143756387542682
1.27581687904464 -0.0142603188963489
1.27898267775195 -0.01414567207708
1.28218013444633 -0.0140305571428293
1.28537759114071 -0.0139161302714058
1.29177250452947 -0.0136893315864596
1.29823136705212 -0.0134630676085678
1.30469022957477 -0.0132396154624944
1.31121368072264 -0.0130167912844766
1.31773713187051 -0.0127968462173134
1.32432581752987 -0.0125776258776467
1.33091450318922 -0.0123613425384411
1.33756907570517 -0.0121458781892097
1.34422364822111 -0.0119334007572558
1.35094476646222 -0.0117218305060458
1.35766588470332 -0.0115132991106663
1.36445421412684 -0.0113057503679003
1.37124254355036 -0.0111012937647561
1.38495496898586 -0.0106976016624539
1.39880451867572 -0.0103024886894736
1.41279256386247 -0.00991609523459459
1.4269204895011 -0.00953860975881993
1.44118969439611 -0.00917017487330903
1.45560159134007 -0.00881091268404038
1.47015760725347 -0.00846092866140978
1.48485918332601 -0.0081203009456133
1.49970777515927 -0.00778907323697731
1.51470485291086 -0.00746728278710754
1.52985190143997 -0.00715493998508789
1.54515042045437 -0.00685203445692276
1.56060192465891 -0.00655853530007065
1.5762079439055 -0.00627439175992937
1.59197002334456 -0.00599953775679674
1.607889723578 -0.00573388482472457
1.62396862081378 -0.00547733175869137
1.64020830702192 -0.00522976088326182
1.65661039009214 -0.00499104040371589
1.67317649399306 -0.0047610255183689
1.68990825893299 -0.00453955986607918
1.70680734152232 -0.00432647616872145
1.72387541493754 -0.00412159750371081
1.74111416908692 -0.00392473898615896
1.75852531077779 -0.0037357082388997
1.77611056388557 -0.00355430690044449
1.79387166952442 -0.00338033151738719
1.81181038621967 -0.00321357339138327
1.82992849008186 -0.00305382632669469
1.84822777498268 -0.00290087364476284
1.86671005273251 -0.00275450327672868
1.88537715325983 -0.00261450146907714
1.90423092479243 -0.00248065473702229
1.92327323404036 -0.00235275105223641
1.94250596638076 -0.00223058017534189
1.96193102604457 -0.0021139342666568
1.98155033630501 -0.00200260896501345
2.00136583966806 -0.0018964028561537
2.02137949806474 -0.00179511881104355
2.04159329304539 -0.00169856407303596
2.06200922597584 -0.00160655048220631
2.0826293182356 -0.00151889455561522
2.10345561141796 -0.00143541897587787
2.12449016753214 -0.00135595020931772
2.14573506920746 -0.00128032120277559
2.16719241989954 -0.00120837011284698
2.18886434409853 -0.00113994065741677
2.21075298753952 -0.00107488209475336
2.23286051741491 -0.00101304917867509
2.25518912258906 -0.000954302119307317
2.27774101381495 -0.00089850650746046
2.3005184239531 -0.000845533151064153
2.32352360819263 -0.000795257999031748
2.34675884427456 -0.000747561989048949
2.3702264327173 -0.00070233087419451
2.39392869704448 -0.000659455053553389
2.41786798401492 -0.000618829437819573
2.44204666385507 -0.000580353197829345
2.46646713049362 -0.000543929787558971
2.49113180179856 -0.000509466416607379
2.51604311981654 -0.000476874218950466
2.54120355101471 -0.000446067888834199
2.56661558652486 -0.000416965570367943
2.5922817423901 -0.000389488757841251
2.618204559814 -0.000363561997068734
2.64438660541214 -0.000339112876592024
2.67083047146627 -0.000316071830954639
2.69753877618093 -0.000294372031566869
2.72451416394274 -0.000273949245816803
2.75175930558217 -0.000254741745800037
2.77927689863799 -0.00023669019322297
2.80706966762437 -0.000219737545230093
2.83514036430061 -0.000203828967447142
2.86349176794362 -0.000188911753764503
2.89212668562305 -0.000174935245755492
2.92104795247928 -0.000161850766419347
2.95025843200408 -0.000149611554670323
2.97976101632412 -0.000138172704759645
3.00955862648736 -0.000127491109998134
3.03965421275223 -0.000117525420502983
3.07005075487975 -0.000108235974434824
3.10075126242855 -9.95847695647523e-05
3.13175877505284 -9.15354117314201e-05
3.16307636280337 -8.40530720146924e-05
3.1947071264314 -7.7104446004613e-05
3.22665419769571 -7.06577202935207e-05
3.25892073967267 -6.46825191503845e-05
3.2915099470694 -5.91498781811159e-05
3.32442504654009 -5.40322000530473e-05
3.35766929700549 -4.9303218541091e-05
3.39124598997555 -4.49379585791461e-05
3.4251584498753 -4.09126986246413e-05
3.45941003437406 -3.72049313674987e-05
3.4940041347178 -3.37933269477931e-05
3.52894417606497 -3.06576922181508e-05
3.56423361782562 -2.77789330580936e-05
3.59987595400388 -2.51390150589858e-05
3.63587471354392 -2.27209248538748e-05
3.67223346067936 -2.05086311080635e-05
3.70895579528615 -1.84870459111793e-05
3.74604535323901 -1.66419859091092e-05
3.7835058067714 -1.49601348492977e-05
3.82134086483912 -1.34290049176383e-05
3.85955427348751 -1.20368999374701e-05
3.89814981622238 -1.07728782874131e-05
3.93713131438461 -9.62671690096366e-06
3.97650262752845 -8.58887574220338e-06
4.01626765380374 -7.65046312842007e-06
4.05643033034178 -6.8032020186288e-06
4.09699463364519 -6.03939700807242e-06
4.13796457998165 -5.35190244956793e-06
4.17934422578146 -4.73409148182769e-06
4.22113766803928 -4.17982614385287e-06
4.26334904471967 -3.68342853004448e-06
4.30598253516687 -3.23965304843233e-06
4.34904236051854 -2.84365977541367e-06
4.39253278412372 -2.49098892072694e-06
4.43645811196496 -2.17753640796919e-06
4.48082269308461 -1.89953056344622e-06
4.52563092001545 -1.65350990335085e-06
4.57088722921561 -1.43630201341185e-06
4.61659610150777 -1.24500349327329e-06
4.66276206252284 -1.0769609523614e-06
4.70938968314807 -1e-06
4.75648357997955 -1e-06
4.80404841577935 -1e-06
4.85208889993714 -1e-06
4.90060978893651 -1e-06
4.94961588682588 -1e-06
4.99911204569414 -1e-06
5.04910316615108 -1e-06
5.09959419781259 -1e-06
5.15059013979072 -1e-06
5.20209604118862 -1e-06
5.25411700160051 -1e-06
5.30665817161651 -1e-06
5.35972475333268 -1e-06
5.41332200086601 -1e-06
5.46745522087467 -1e-06
5.52212977308341 -1e-06
5.57735107081425 -1e-06
5.63312458152239 -1e-06
5.68945582733762 -1e-06
5.74635038561099 -1e-06
5.8038138894671 -1e-06
5.86185202836177 -1e-06
5.92047054864539 -1e-06
5.97967525413184 -1e-06
6.03947200667316 -1e-06
6.0998667267399 -1e-06
6.16086539400729 -1e-06
6.22247404794737 -1e-06
6.28469878842684 -1e-06
6.34754577631111 -1e-06
6.41102123407422 -1e-06
6.47513144641496 -1e-06
6.53988276087911 -1e-06
6.60528158848791 -1e-06
6.67133440437278 -1e-06
6.73804774841651 -1e-06
6.80542822590068 -1e-06
6.87348250815968 -1e-06
6.94221733324128 -1e-06
7.01163950657369 -1e-06
7.08175590163943 -1e-06
7.15257346065582 -1e-06
7.22409919526238 -1e-06
7.29634018721501 -1e-06
7.36930358908716 -1e-06
7.44299662497803 -1e-06
7.51742659122781 -1e-06
7.59260085714009 -1e-06
7.66852686571149 -1e-06
7.7452121343686 -1e-06
7.82266425571229 -1e-06
7.90089089826941 -1e-06
7.97989980725211 -1e-06
8.059698805324629 -1e-06
8.14029579337787 -1e-06
8.221698751311649 -1e-06
8.30391573882477 -1e-06
8.38695489621302 -1e-06
8.47082444517515 -1e-06
8.555532689626901 -1e-06
8.64108801652317 -1e-06
8.727498896688401 -1e-06
8.81477388565529 -1e-06
8.902921624511841 -1e-06
8.99195084075696 -1e-06
9.081870349164531 -1e-06
9.172689052656169 -1e-06
9.26441594318274 -1e-06
9.357060102614559 -1e-06
9.45063070364071 -1e-06
9.54513701067712 -1e-06
9.640588380783891 -1e-06
9.736994264591729 -1e-06
9.834364207237639 -1e-06
9.93270784931002 -1e-06
10.0320349278031 -1e-06
10.1323552770812 -1e-06
10.233678829852 -1e-06
10.3360156181505 -1e-06
10.439375774332 -1e-06
10.5437695320753 -1e-06
10.6492072273961 -1e-06
10.75569929967 -1e-06
10.8632562926667 -1e-06
10.9718888555934 -1e-06
11.0816077441493 -1e-06
11.1924238215908 -1e-06
11.3043480598067 -1e-06
11.4173915404048 -1e-06
11.5315654558088 -1e-06
11.6468811103669 -1e-06
11.7633499214706 -1e-06
11.8809834206853 -1e-06
11.9997932548922 -1e-06
12.1197911874411 -1e-06
12.2409890993155 -1e-06
12.3633989903086 -1e-06
12.4870329802117 -1e-06
12.6119033100138 -1e-06
12.738022343114 -1e-06
12.8654025665451 -1e-06
12.9940565922106 -1e-06
13.1239971581327 -1e-06
13.255237129714 -1e-06
13.3877895010112 -1e-06
13.5216673960213 -1e-06
13.6568840699815 -1e-06
13.7934529106813 -1e-06
13.9313874397881 -1e-06
14.070701314186 -1e-06
14.2114083273278 -1e-06
14.3535224106011 -1e-06
14.4970576347071 -1e-06
14.6420282110542 -1e-06
14.7884484931648 -1e-06
14.9363329780964 -1e-06
15.0856963078774 -1e-06
15.2365532709561 -1e-06
15.3889188036657 -1e-06
15.5428079917024 -1e-06
15.6982360716194 -1e-06
15.8552184323356 -1e-06
16.0137706166589 -1e-06
16.1739083228255 -1e-06
16.3356474060538 -1e-06
16.4990038801143 -1e-06
16.6639939189155 -1e-06
16.8306338581046 -1e-06
16.9989401966857 -1e-06
17.1689295986525 -1e-06
17.340618894639 -1e-06
17.5140250835854 -1e-06
17.6891653344213 -1e-06
17.8660569877655 -1e-06
18.0447175576431 -1e-06
18.2251647332196 -1e-06
18.4074163805518 -1e-06
18.5914905443573 -1e-06
18.7774054498009 -1e-06
18.9651795042989 -1e-06
19.1548312993419 -1e-06
19.3463796123353 -1e-06
19.5398434084586 -1e-06
19.7352418425432 -1e-06
19.9325942609687 -1e-06
20.1319202035783 -1e-06
20.3332394056141 -1e-06
20.5365717996703 -1e-06
20.741937517667 -1e-06
20.9493568928436 -1e-06
21.1588504617721 -1e-06
21.3704389663898 -1e-06
21.5841433560537 -1e-06
21.7999847896142 -1e-06
22.0179846375104 -1e-06
22.2381644838855 -1e-06
22.4605461287243 -1e-06
22.6851515900116 -1e-06
22.9120031059117 -1e-06
23.1411231369708 -1e-06
23.3725343683405 -1e-06
23.6062597120239 -1e-06
23.8423223091442 -1e-06
24.0807455322356 -1e-06
24.321552987558 -1e-06
24.5647685174336 -1e-06
24.8104162026079 -1e-06
25.058520364634 -1e-06
25.3091055682803 -1e-06
25.5621966239631 -1e-06
25.8178185902027 -1e-06
26.0759967761048 -1e-06
26.3367567438658 -1e-06
26.6001243113045 -1e-06
26.8661255544175 -1e-06
27.1347868099617 -1e-06
27.4061346780613 -1e-06
27.6801960248419 -1e-06
27.9569979850903 -1e-06
28.2365679649412 -1e-06
28.5189336445907 -1e-06
28.8041229810366 -1e-06
29.0921642108469 -1e-06
29.3830858529554 -1e-06
29.676916711485 -1e-06
29.9736858785998 -1e-06
30.2734227373858 -1e-06
30.5761569647597 -1e-06
30.8819185344073 -1e-06
31.1907377197513 -1e-06
31.5026450969488 -1e-06
31.8176715479183 -1e-06
32.1358482633975 -1e-06
32.4572067460315 -1e-06
32.7817788134918 -1e-06
33.1095966016267 -1e-06
33.440692567643 -1e-06
33.7750994933194 -1e-06
34.1128504882526 -1e-06
34.4539789931351 -1e-06
34.7985187830665 -1e-06
35.1465039708972 -1e-06
35.4979690106061 -1e-06
35.8529487007122 -1e-06
36.2114781877193 -1e-06
36.5735929695965 -1e-06
36.9393288992925 -1e-06
37.3087221882854 -1e-06
37.6818094101683 -1e-06
38.0586275042699 -1e-06
38.4392137793127 -1e-06
38.8236059171058 -1e-06
39.2118419762768 -1e-06
39.6039603960396 -1e-06
40 -1e-06
