-40 1.971939126318935e-10
-39.6039603960396 2.011408449406829e-10
-39.2118419762768 2.051666967378619e-10
-38.8236059171058 2.092729309500303e-10
-38.4392137793127 2.13461194839785e-10
-38.0586275042699 2.17733146305962e-10
-37.6818094101683 2.22090396635103e-10
-37.3087221882854 2.265346855244998e-10
-36.9393288992925 2.310677598718032e-10
-36.5735929695965 2.356913238965645e-10
-36.2114781877193 2.404072434034063e-10
-35.8529487007122 2.452173640293871e-10
-35.4979690106061 2.50123487022368e-10
-35.1465039708972 2.55127592322189e-10
-34.7985187830665 2.602316293767444e-10
-34.4539789931351 2.654375204950746e-10
-34.1128504882526 2.707473869266812e-10
-33.7750994933194 2.761632388124222e-10
-33.440692567643 2.816871977680933e-10
-33.1095966016267 2.873214245030735e-10
-32.7817788134918 2.930681158880955e-10
-32.4572067460315 2.989295061447721e-10
-32.1358482633975 3.049078548455501e-10
-31.8176715479183 3.110055215984171e-10
-31.5026450969488 3.172248593702397e-10
-31.1907377197513 3.235683472585793e-10
-30.8819185344073 3.300383095531124e-10
-30.5761569647597 3.36637486587815e-10
-30.2734227373858 3.43368246840521e-10
-29.9736858785998 3.502332989509216e-10
-29.676916711485 3.572353069947507e-10
-29.3830858529554 3.643770177224287e-10
-29.0921642108469 3.716611164216075e-10
-28.8041229810366 3.790905283909484e-10
-28.5189336445907 3.86668121523922e-10
-28.2365679649412 3.943968324977853e-10
-27.9569979850903 4.022796612128865e-10
-27.6801960248419 4.103202618363602e-10
-27.4061346780613 4.185200771543877e-10
-27.1347868099617 4.268838816571154e-10
-26.8661255544175 4.354145237805631e-10
-26.6001243113045 4.441151661347951e-10
-26.3367567438658 4.529892784891946e-10
-26.0759967761048 4.620404786799324e-10
-25.8178185902027 4.712717327206262e-10
-25.5621966239631 4.806871571656281e-10
-25.3091055682803 4.902902522479683e-10
-25.058520364634 5.000847262994811e-10
-24.8104162026079 5.100743519845637e-10
-24.5647685174336 5.202630770328624e-10
-24.321552987558 5.306548556870623e-10
-24.0807455322356 5.412536020155454e-10
-23.8423223091442 5.520635568589934e-10
-23.6062597120239 5.630888792003971e-10
-23.3725343683405 5.743338300127951e-10
-23.1411231369708 5.858027935684106e-10
-22.9120031059117 5.975001853943005e-10
-22.6851515900116 6.094305859881734e-10
-22.4605461287243 6.215987081493094e-10
-22.2381644838855 6.340089215369984e-10
-22.0179846375104 6.466664022043095e-10
-21.7999847896142 6.595758982147485e-10
-21.5841433560537 6.727425317840262e-10
-21.3704389663898 6.861712626680875e-10
-21.1588504617721 6.998673194236096e-10
-20.9493568928436 7.138360286736717e-10
-20.741937517667 7.280830018662988e-10
-20.5365717996703 7.426134528320538e-10
-20.3332394056141 7.57433146167323e-10
-20.1319202035783 7.725478235994925e-10
-19.9325942609687 7.879633094847664e-10
-19.7352418425432 8.036855921359959e-10
-19.5398434084586 8.197207416394272e-10
-19.3463796123353 8.360750340129776e-10
-19.1548312993419 8.527547117942205e-10
-18.9651795042989 8.697662936073826e-10
-18.7774054498009 8.871163517604698e-10
-18.5914905443573 9.04811609767347e-10
-18.4074163805518 9.228588542748112e-10
-18.2251647332196 9.412651031313198e-10
-18.0447175576431 9.60037526230324e-10
-17.8660569877655 9.791833205693317e-10
-17.6891653344213 9.987099377664499e-10
-17.5140250835854 1.018624931135585e-09
-17.340618894639 1.038935989676135e-09
-17.1689295986525 1.059651024942478e-09
-16.9989401966857 1.080777954746553e-09
-16.8306338581046 1.102324990555483e-09
-16.6639939189155 1.124300500521689e-09
-16.4990038801143 1.146713012014903e-09
-16.3356474060538 1.169571022223721e-09
-16.1739083228255 1.192883465113443e-09
-16.0137706166589 1.21665941502545e-09
-15.8552184323356 1.240908012718896e-09
-15.6982360716194 1.265638696101637e-09
-15.5428079917024 1.290860894203831e-09
-15.3889188036657 1.316584506003334e-09
-15.2365532709561 1.342829542055352e-09
-15.0856963078774 1.36957563910092e-09
-14.9363329780964 1.396863704706862e-09
-14.7884484931648 1.424694112555173e-09
-14.6420282110542 1.453077560578706e-09
-14.4970576347071 1.482024940884187e-09
-14.3535224106011 1.51154785179397e-09
-14.2114083273278 1.541657261149285e-09
-14.070701314186 1.572366552767902e-09
-13.9313874397881 1.603683233993363e-09
-13.7934529106813 1.635623164563957e-09
-13.6568840699815 1.668197584876288e-09
-13.5216673960213 1.701419233547867e-09
-13.3877895010112 1.735301598002372e-09
-13.255237129714 1.769857350032889e-09
-13.1239971581327 1.805099062787626e-09
-12.9940565922106 1.841040587882385e-09
-12.8654025665451 1.87769612069028e-09
-12.738022343114 1.915079983922314e-09
-12.6119033100138 1.953206684525397e-09
-12.4870329802117 1.992090965122846e-09
-12.3633989903086 2.031747464348045e-09
-12.2409890993155 2.072191796702148e-09
-12.1197911874411 2.113439507444837e-09
-11.9997932548922 2.155506587864e-09
-11.8809834206853 2.198409341831289e-09
-11.7633499214706 2.242164347129632e-09
-11.6468811103669 2.286788567073456e-09
-11.5315654558088 2.332299243644899e-09
-11.4173915404048 2.378713970903891e-09
-11.3043480598067 2.426050781369113e-09
-11.1924238215908 2.474327931431615e-09
-11.0816077441493 2.523564157547903e-09
-10.9718888555934 2.573778531346527e-09
-10.8632562926667 2.624990514800369e-09
-10.75569929967 2.677219911858609e-09
-10.6492072273961 2.730486983445318e-09
-10.5437695320753 2.784812389295178e-09
-10.439375774332 2.840217188920817e-09
-10.3360156181505 2.896722889930158e-09
-10.233678829852 2.954351335026035e-09
-10.1323552770812 3.013124968078572e-09
-10.0320349278031 3.073066569133337e-09
-9.93270784931002 3.134199410526492e-09
-9.834364207237639 3.196547230575148e-09
-9.736994264591729 3.260134314335107e-09
-9.640588380783891 3.324985175727825e-09
-9.54513701067712 3.391125246282699e-09
-9.45063070364071 3.458580113478483e-09
-9.357060102614559 3.527376046241177e-09
-9.26441594318274 3.59753984796042e-09
-9.172689052656169 3.6690988263381e-09
-9.081870349164531 3.742080825809545e-09
-8.99195084075696 3.816514220130539e-09
-8.902921624511841 3.892428155425459e-09
-8.81477388565529 3.969852156059855e-09
-8.727498896688401 4.048816392007324e-09
-8.64108801652317 4.129351774957797e-09
-8.555532689626901 4.211489679457256e-09
-8.47082444517515 4.295262261886831e-09
-8.38695489621302 4.380702206302993e-09
-8.30391573882477 4.467842971604824e-09
-8.221698751311649 4.556720416998956e-09
-8.14029579337787 4.64736407410348e-09
-8.059698805324629 4.739814680928369e-09
-7.97989980725211 4.834106819666857e-09
-7.90089089826941 4.930277461125985e-09
-7.82266425571229 5.028364272519671e-09
-7.7452121343686 5.128405876367914e-09
-7.66852686571149 5.230441615003096e-09
-7.59260085714009 5.334511597317573e-09
-7.51742659122781 5.440656810378428e-09
-7.44299662497803 5.54891907090026e-09
-7.36930358908716 5.659341122068585e-09
-7.29634018721501 5.771966483439465e-09
-7.22409919526238 5.886839679070005e-09
-7.15257346065582 6.004006153372179e-09
-7.08175590163943 6.123512303584653e-09
-7.01163950657369 6.245405304875689e-09
-6.94221733324128 6.369733665291029e-09
-6.87348250815968 6.496546702937856e-09
-6.80542822590068 6.625894754836842e-09
-6.73804774841651 6.757829243161986e-09
-6.67133440437278 6.892402861664879e-09
-6.60528158848791 7.029669096878549e-09
-6.53988276087911 7.169682759096136e-09
-6.47513144641496 7.312499834274139e-09
-6.41102123407422 7.458177417660653e-09
-6.34754577631111 7.606774019018575e-09
-6.28469878842684 7.758348843437106e-09
-6.22247404794737 7.912963092856772e-09
-6.16086539400729 8.070678859720798e-09
-6.0998667267399 8.231559682905973e-09
-6.03947200667316 8.395670382375043e-09
-5.97967525413184 8.563077322827075e-09
-5.92047054864539 8.733848051413727e-09
-5.86185202836177 8.908051860696284e-09
-5.8038138894671 9.085759487486584e-09
-5.74635038561099 9.267043052496114e-09
-5.68945582733762 9.451976392615271e-09
-5.63312458152239 9.640634863131938e-09
-5.57735107081425 9.833095616252015e-09
-5.52212977308341 1.002943748286087e-08
-5.46745522087467 1.022974047297602e-08
-5.41332200086601 1.043408756505003e-08
-5.35972475333268 1.064256243583807e-08
-5.30665817161651 1.085525114573283e-08
-5.25411700160051 1.107224162469273e-08
-5.20209604118862 1.129362368588472e-08
-5.15059013979072 1.151948918501648e-08
-5.09959419781259 1.174993202285222e-08
-5.04910316615108 1.198504857913658e-08
-4.99911204569414 1.222493662928423e-08
-4.94961588682588 1.246969687580914e-08
-4.90060978893651 1.271943209279025e-08
-4.85208889993714 1.297424731981109e-08
-4.80404841577935 1.323425009341749e-08
-4.75648357997955 1.349955041444708e-08
-4.70938968314807 1.37702607853599e-08
-4.66276206252284 1.404649644187818e-08
-4.61659610150777 1.432837512967361e-08
-4.57088722921561 1.461601743920194e-08
-4.52563092001545 1.490954679775862e-08
-4.48082269308461 1.520908950554619e-08
-4.43645811196496 1.551477486472703e-08
-4.39253278412372 1.582673526007052e-08
-4.34904236051854 1.614510616849818e-08
-4.30598253516687 1.647002640217383e-08
-4.26334904471967 1.680163805326885e-08
-4.22113766803928 1.714008664625475e-08
-4.17934422578146 1.748552116472504e-08
-4.13796457998165 1.783809439551234e-08
-4.09699463364519 1.819796269792013e-08
-4.05643033034178 1.856528636724582e-08
-4.01626765380374 1.894022960894398e-08
-3.97650262752845 1.932296071471672e-08
-3.93713131438461 2.076497836529479e-08
-3.89814981622238 2.395160262951779e-08
-3.85955427348751 2.759761984208602e-08
-3.82134086483912 3.176193722415485e-08
-3.7835058067714 3.651014779986374e-08
-3.74604535323901 4.191519844696655e-08
-3.70895579528615 4.805811610662311e-08
-3.67223346067936 5.502879776065889e-08
-3.63587471354392 6.292686698079869e-08
-3.59987595400388 7.186260334819382e-08
-3.56423361782562 8.195795023977184e-08
-3.52894417606497 9.33476056464312e-08
-3.4940041347178 1.061802035499347e-07
-3.45941003437406 1.206195911175874e-07
-3.4251584498753 1.36846209140764e-07
-3.39124598997555 1.550585824873454e-07
-3.35766929700549 1.754749328104159e-07
-3.32442504654009 1.983349053995722e-07
-3.2915099470694 2.239014518932765e-07
-3.25892073967267 2.524628343181324e-07
-3.22665419769571 2.843347991529533e-07
-3.1947071264314 3.198629091347832e-07
-3.16307636280337 3.594250420294816e-07
-3.13175877505284 4.034340990160321e-07
-3.10075126242855 4.523408785573828e-07
-3.07005075487975 5.066371822108838e-07
-3.03965421275223 5.668591361066985e-07
-3.00955862648736 6.335907492060976e-07
-2.97976101632412 7.074677112873092e-07
-2.95025843200408 7.891814778842404e-07
-2.92104795247928 8.794836176981142e-07
-2.89212668562305 9.791904562086276e-07
-2.86349176794362 1.089188039230027e-06
-2.83514036430061 1.21043742895193e-06
-2.80706966762437 1.343980336012287e-06
-2.77927689863799 1.49094513821309e-06
-2.75175930558217 1.652553268240222e-06
-2.72451416394274 1.830126037533429e-06
-2.69753877618093 2.025091867971323e-06
-2.67083047146627 2.238993995041587e-06
-2.64438660541214 2.473498663968378e-06
-2.618204559814 2.730403804743187e-06
-2.5922817423901 3.011648306729465e-06
-2.56661558652486 3.319321796338369e-06
-2.54120355101471 3.655675104044649e-06
-2.51604311981654 4.023131275756117e-06
-2.49113180179856 4.424297341223e-06
-2.46646713049362 4.861976908447819e-06
-2.44204666385507 5.339183293134918e-06
-2.41786798401492 5.859153602253279e-06
-2.39392869704448 6.425363957841642e-06
-2.3702264327173 7.041545169966052e-06
-2.34675884427456 7.711699917354542e-06
-2.32352360819263 8.440120864228819e-06
-2.3005184239531 9.231409550287249e-06
-2.27774101381495 1.009049769509071e-05
-2.25518912258906 1.102266844225683e-05
-2.23286051741491 1.203358035953632e-05
-2.21075298753952 1.312929225491175e-05
-2.18886434409853 1.431629032875219e-05
-2.16719241989954 1.560151686231545e-05
-2.14573506920746 1.699240134644908e-05
-2.12449016753214 1.849689364205918e-05
-2.10345561141796 2.012349995590831e-05
-2.0826293182356 2.188132096805165e-05
-2.06200922597584 2.378009487998261e-05
-2.04159329304539 2.583023920454501e-05
-2.02137949806474 2.804290403090463e-05
-2.00136583966806 3.043001893170315e-05
-1.98155033630501 3.300435373980262e-05
-1.96193102604457 3.57795788979436e-05
-1.94250596638076 3.877033169494232e-05
-1.92327323404036 4.199228855979395e-05
-1.90423092479243 4.546224487125176e-05
-1.88537715325983 4.919819774459881e-05
-1.86671005273251 5.321944209008608e-05
-1.84822777498268 5.754666866461392e-05
-1.82992849008186 6.220207529972845e-05
-1.81181038621967 6.720948553186952e-05
-1.79387166952442 7.259448104343365e-05
-1.77611056388557 7.838453959031442e-05
-1.75852531077779 8.460919313496161e-05
-1.74111416908692 9.130019410106511e-05
-1.72387541493754 9.849170016662301e-05
-1.70680734152232 0.0001062204696423519
-1.68990825893299 0.000114526100705786
-1.67317649399306 0.000123451219014479
-1.65661039009214 0.0001330418087134951
-1.64020830702192 0.0001433474368493564
-1.62396862081378 0.0001544215866997789
-1.607889723578 0.0001663219928898772
-1.59197002334456 0.0001791110178733544
-1.5762079439055 0.0001928560219962029
-1.56060192465891 0.0002076298414072355
-1.54515042045437 0.0002235112620782635
-1.52985190143997 0.0002405855098584531
-1.51470485291086 0.0002589448737058609
-1.49970777515927 0.0002786892996919141
-1.48485918332601 0.0002999270952391164
-1.47015760725347 0.0003227756757219994
-1.45560159134007 0.0003473624137566791
-1.44118969439611 0.0003738254995277392
-1.4269204895011 0.0004023150827909132
-1.41279256386247 0.0004329941640878598
-1.39880451867572 0.0004660400404965303
-1.38495496898586 0.000501645211881907
-1.37124254355036 0.000540020300248146
-1.36445421412684 0.0005602653824104681
-1.35766588470332 0.000581393204539468
-1.35094476646222 0.0006032253005041059
-1.34422364822111 0.0006260132796251742
-1.33756907570517 0.0006495652229344055
-1.33091450318922 0.0006741525507305637
-1.32432581752987 0.0006995690114097263
-1.31773713187051 0.0007261078913210185
-1.31121368072264 0.0007535470895228397
-1.30469022957477 0.0007822038677111185
-1.29823136705212 0.0008118389833816755
-1.29177250452947 0.000842795568826871
-1.28537759114071 0.00087481636303694
-1.28218013444633 0.000891360291464975
-1.27898267775195 0.0009082725807369545
-1.27581687904464 0.0009253896246940639
-1.27265108033733 0.0009428867608935016
-1.26948528163003 0.0009607741078257659
-1.26631948292272 0.0009790616084348854
-1.26318502875707 0.0009975730100577538
-1.26005057459142 0.001016497881678449
-1.25691612042577 0.001035847233502742
-1.25378166626012 0.001055632092901872
-1.24757482632814 0.001096141999809321
-1.24136798639616 0.001138500464549763
-1.23522260032489 0.001182360495147049
-1.22907721425363 0.001228236166935835
-1.22299267358901 0.001275752764584713
-1.21690813292438 0.001325468214826445
-1.20485953754889 0.001430894844643265
-1.19293023519692 0.001545284980675059
-1.18111904474943 0.001669502619749277
-1.16942479678161 0.001804506227286048
-1.15784633344714 0.001951370522650283
-1.14638250836351 0.002111302499929575
-1.13503218649852 0.002285663763414455
-1.12379424405794 0.0024759951769664
-1.1126675683742 0.002684050712023398
-1.10165105779624 0.002911835142650224
-1.09074362158043 0.00316165332988663
-1.07994417978261 0.003436171558620717
-1.0692516631511 0.003738494797704047
-1.05866501302089 0.004072265596889198
-1.0481831812088 0.004441792461494592
-1.0378051299097 0.004852218104245759
-1.02752983159376 0.005309743299315539
-1.01735626890472 0.005821929539538735
-1.00728343455913 0.006398115019872626
-0.997310331246659 0.007049999006483347
-0.987435971531345 0.007792478330129588
-0.977659377753807 0.008644878331419144
-0.967979581934463 0.009632827662411674
-0.958395625677686 0.0107911538125248
-0.948906560076917 0.01216865341923604
-0.93951144562071 0.01383617618031655
-0.930209352099712 0.01590111822755387
-0.92560435530714 0.01712932111251821
-0.920999358514567 0.01853536487992242
-0.916439955749644 0.02014601871363404
-0.91188055298472 0.02203282943628208
-0.907366292821429 0.02425345136906946
-0.902852032658138 0.02693906007806208
-0.898382468140029 0.03022007938007784
-0.893912903621919 0.03436182568458808
-0.88948759221785 0.03966040821215749
-0.887274936515815 0.04290217580760182
-0.885062280813781 0.04662959166910632
-0.882871532593945 0.05086331008617471
-0.880680784374109 0.05568391057211718
-0.878490036154273 0.06110044759587881
-0.876299287934437 0.06706764524290165
-0.874130230291035 0.0734177576272932
-0.871961172647633 0.08007019262629535
-0.867623057360828 0.09371977348505221
-0.863327893710527 0.1070124747638815
-0.859032730060226 0.1196758588429792
-0.8547800927827 0.1314832724118086
-0.8505274555051739 0.1425810150412469
-0.842106391589282 0.1627042132125732
-0.833768704543843 0.1806192476964299
-0.82551356885529 0.196785443983143
-0.817340167183456 0.2115391948089945
-0.809247690280649 0.2251262751997719
-0.801235336911534 0.2377303769259611
-0.793302313773796 0.2494921383178562
-0.7854478354195999 0.2605217362287103
-0.777671124177822 0.2709072769062267
-0.7699714100770511 0.2807204562755866
-0.762347930769357 0.2900205495252914
-0.7547999314548089 0.2988572439813726
-0.747326664806742 0.3072727047644488
-0.739927390897764 0.3153030559345009
-0.732601377126499 0.3229795816644953
-0.725347898145049 0.3303295831936727
-0.718166235787177 0.3373770553123049
-0.711055678997205 0.3441432947516662
-0.704015523759609 0.350647140452129
-0.697045073029316 0.3569056154068159
-0.690143636662689 0.36293399145264
-0.6833105313491969 0.368746041230234
-0.6765450805437589 0.3743542689680222
-0.669846614399762 0.3797701938329825
-0.663214469702734 0.3850041635605599
-0.656647989804688 0.3900658222483
-0.650146524559097 0.3949639441598751
-0.643709430256531 0.3997067083036056
-0.637336069560922 0.404301644075981
-0.631025811446457 0.4087557356152012
-0.624778031135106 0.4130754677630624
-0.618592110034759 0.4172668954148361
-0.612467435677979 0.4213356533842421
-0.606403401661365 0.4252870163515842
-0.60039940758551 0.4291259212266305
-0.5944548589955549 0.4328570048161106
-0.588569167322331 0.4364846042256202
-0.582741749824091 0.4400128115107811
-0.576972029528803 0.4434454777742431
-0.571259435177032 0.446786233534419
-0.565603401165378 0.4500385043614647
-0.560003367490474 0.4532055309074918
-0.554458779693538 0.4562903724345887
-0.548969088805484 0.4592959309823664
-0.543533751292558 0.4622249599275035
-0.538152229002533 0.4650800684087794
-0.532823989111418 0.4678637327936718
-0.527548504070711 0.4705783106196551
-0.52232525155516 0.4732260507427407
-0.517153714411049 0.4758090785265543
-0.512033380604999 0.4783294192254828
-0.506963743173267 0.4807890296380209
-0.501944300171551 0.4831897708415007
-0.496974554625298 0.4855333904200581
-0.492054014480493 0.4878215905328149
-0.487182192554944 0.4900559948145194
-0.482358606490043 0.4922381339342576
-0.477582778703013 0.4943695153016982
-0.472854236339617 0.4964515498714279
-0.468172511227344 0.4984856088007847
-0.463537139829053 0.5004730022264975
-0.458947663197082 0.5024149923520473
-0.454403626927804 0.5043127907605988
-0.449904581116638 0.5061675617510611
-0.445450080313503 0.5079804440245107
-0.441039683478716 0.5097524967691959
-0.436672953939322 0.5114847796386359
-0.432349459345864 0.5131783017394613
-0.428068771629568 0.5148340323745011
-0.423830466959968 0.5164529142710876
-0.419634125702939 0.5180358569760388
-0.415479332379147 0.5195837415069371
-0.411365675622918 0.5210974220408424
-0.407292748141503 0.5225777241189167
-0.403260146674756 0.5240254506360243
-0.399267471955204 0.5254413740095123
-0.395314328668518 0.5268262551466083
-0.391400325414375 0.5281808235753951
-0.387525074667698 0.5295057942525014
-0.383688192740295 0.5308018572432961
-0.379889299742866 0.5320696869377433
-0.376128019547392 0.5333099379357803
-0.372403979749893 0.534523249974972
-0.368716811633558 0.5357102414772615
-0.365066150132235 0.5368715209541423
-0.361451633794292 0.5380076756390895
-0.357872904746824 0.5391192812405118
-0.354329608660222 0.5402068966562931
-0.350821394713091 0.5412710697954498
-0.347347915557516 0.5423123336112758
-0.343908827284669 0.5433312054083805
-0.340503789390762 0.5443281934223558
-0.337132464743328 0.5453037909761462
-0.33379451954785 0.5462584829803118
-0.330489623314703 0.5471927375176456
-0.327217448826438 0.5481070147699254
-0.323977672105385 0.5490017616107419
-0.320769972381569 0.5498774176126716
-0.317594032060959 0.5507344033861057
-0.314449536694019 0.5515731400553751
-0.311336174944573 0.5523940299834379
-0.308253638558984 0.5531974686475098
-0.305201622335627 0.5539838434994701
-0.30217982409468 0.5547535215632859
-0.299187944648198 0.55550687790537
-0.296225687770494 0.5562442663101713
-0.293292760168805 0.5569660329423359
-0.290388871454263 0.5576725158979831
-0.287513734113132 0.5583640454565706
-0.284667063478348 0.5590409406506638
-0.281848577701335 0.5597035163225631
-0.279057997724094 0.5603520730269965
-0.276295047251578 0.5609869086978848
-0.273559452724335 0.5616083098587094
-0.27085094329142 0.5622165563991063
-0.268169250783585 0.5628119202511219
-0.265514109686717 0.5633946676851845
-0.262885257115562 0.563965054388007
-0.260282432787685 0.5645233321229255
-0.257705378997708 0.5650697455501265
-0.25515384059179 0.5656045283055374
-0.252627564942366 0.5661279153955818
-0.250126301923135 0.5666401302785878
-0.247649803884292 0.56714139085597
-0.245197825628012 0.5676319103459755
-0.24277012438417 0.5681118969770688
-0.240366459786307 0.5685815527617268
-0.237986593847829 0.5690410750463639
-0.235630290938444 0.5694906564450739
-0.233297317760836 0.5699304843626344
-0.23098744332756 0.5703607445129664
-0.228700438938179 0.5707816146238351
-0.226436078156613 0.5711932686336132
-0.224194136788725 0.5715958825268851
-0.221974392860124 0.5719896227937742
-0.219776626594182 0.5723746545443441
-0.217600620390279 0.572751144193539
-0.215446158802257 0.5731192494959847
-0.213313028517086 0.5734791308938905
-0.211201018333748 0.5738309478244882
-0.209109919142325 0.5741748642149601
-0.207039523903292 0.5745110458053861
-0.204989627627022 0.5748396924494669
-0.202960027353487 0.5751608420489068
-0.200950522132166 0.5754764744302493
-0.198960913002144 0.5757796413905608
-0.19699100297242 0.5760766093077682
-0.195040597002396 0.576367954540168
-0.19310950198257 0.5766525829845893
-0.191197526715416 0.5769305900491463
-0.189304481896452 0.5772020560744483
-0.187430180095497 0.577467084889124
-0.185574435738115 0.5777257846861288
-0.183737065087243 0.5779782670228739
-0.181917886224993 0.5782246428359061
-0.180116719034647 0.5784650264867
-0.178333385182818 0.5786995215687999
-0.1765677081018 0.5789282410767348
-0.17481951297208 0.5791512892366301
-0.173088626705029 0.5793687687471014
-0.171374877925772 0.5795807831716373
-0.169678096956209 0.5797874312688939
-0.167998115798227 0.5799888108503901
-0.166334768117057 0.580185015216736
-0.164687889224809 0.5803761375453755
-0.163057316064167 0.5805622667254852
-0.161442887192244 0.5807434908316099
-0.159844442764598 0.58091989389358
-0.158261824519404 0.5810915576613711
-0.156694875761787 0.5812585610906069
-0.155143441348303 0.5814209812731451
-0.153607367671588 0.5815788920649122
-0.152086502645136 0.5817323639093324
-0.150580695688254 0.5818814656731902
-0.149089797711142 0.5820262641975886
-0.147613661100141 0.5821668220737191
-0.14615213970311 0.5823032006644903
-0.14470508881496 0.5824354580713693
-0.143272365163327 0.5825636557406656
-0.141853826894383 0.5826878299113456
-0.140449333558795 0.5828080500315614
-0.139058746097817 0.5829243589709167
-0.137681926829522 0.5830368042646761
-0.13631873943517 0.5831454285061886
-0.134969048945713 0.5832502779473622
-0.133632721728429 0.5833513907480556
-0.132309625473692 0.5834488064135529
-0.130999629181873 0.5835425645961159
-0.129702603150369 0.583632699579917
-0.128418418960762 0.5837192465987165
-0.127146949466101 0.5838022383425113
-0.125888068778317 0.583881706772999
-0.12464165225576 0.5839576824504144
-0.123407576490851 0.5840301954593498
-0.122185719297873 0.5840992745228238
-0.120975959700864 0.5841649471623521
-0.119778177921647 0.58422723801565
-0.118592255367968 0.5842861767274015
-0.11741807462175 0.5843417887547071
-0.116255519427476 0.5843940954824294
-0.115104474680669 0.5844431196324397
-0.113964826416504 0.5844888905678591
-0.112836461798519 0.584531428901918
-0.111719269107444 0.5845707556192671
-0.110613137730143 0.5846068930877424
-0.109517958148656 0.5846398617765383
-0.108433621929363 0.5846696845760951
-0.10736002171224 0.5846963766724098
-0.106297051200238 0.5847199639688289
-0.10524460514875 0.5847404586724818
-0.104202579355198 0.5847578845179351
-0.103170870648711 0.5847722521096616
-0.102149376879912 0.5847835840779733
-0.101137996910804 0.5847918906540682
-0.100136630604756 0.5847971843187579
-0.0991451788165905 0.58479948338515
-0.0981635433827629 0.5847987970995457
-0.0971916271116464 0.5847951347606533
-0.0962293337739073 0.5847884999059498
-0.0952765680929776 0.5847789062679641
-0.0943332357356213 0.5847663642940033
-0.0933992433025954 0.584750856530819
-0.0924744983194014 0.5847324057908034
-0.0915589092271301 0.5847109972866649
-0.09065238537339609 0.5846866326515255
-0.08975483700336249 0.5846593048315007
-0.0888661752508539 0.5846290106835087
-0.0879863121295584 0.5845957359388732
-0.0871151605243152 0.5845594677218972
-0.0862526341824903 0.5845201880909048
-0.085398647705436 0.584477885197403
-0.0845531165400356 0.5844325264766187
-0.08371595697033229 0.5843840975773396
-0.08288708610923989 0.5843325679151863
-0.0820664218903365 0.5842779056850036
-0.0812538830597391 0.5842200815973794
-0.08044938916805849 0.584159058392602
-0.0796528605624342 0.5840947961282049
-0.0788642183786477 0.5840272514693804
-0.07808338453331461 0.5839563805656069
-0.07731028171615301 0.5838821376784613
-0.0765448333823297 0.58380446921301
-0.07578696374488091 0.5837233220016061
-0.07503659776720881 0.5836386415379268
-0.07429366115565229 0.5835503694084232
-0.073558080352131 0.5834584427135089
-0.0728297825268624 0.583362799667653
-0.0721086955711509 0.5832633722867957
-0.0713947480902484 0.5831600943865273
-0.0706878693962855 0.5830528955486665
-0.0699879895012728 0.5829417042708464
-0.0692950391101711 0.5828264472220187
-0.0686089496140308 0.5827070487334726
-0.0679296530831988 0.5825834328108265
-0.06725708226059279 0.5824555208389809
-0.06659117055504241 0.5823232372623348
-0.0659318520346955 0.5821864995297503
-0.0652790614204906 0.5820452276921225
-0.0646327340796936 0.581899344262872
-0.0639928060194986 0.5817487651586576
-0.0633592138806917 0.5815934087635105
-0.0627318949313779 0.5814331961856423
-0.0621107870607702 0.5812680454321878
-0.0614958287730398 0.5810978735592237
-0.0608869591812276 0.5809226004654662
-0.0602841180012154 0.5807421476854163
-0.0596872455457578 0.580556432059013
-0.0590962827185721 0.5803653796520135
-0.0585111710084872 0.5801689079563496
-0.0579318524836507 0.5799669399918933
-0.0573582697857928 0.5797593975940124
-0.0567903661245473 0.5795462146656014
-0.056228085271829 0.5793273013270984
-0.0556713715562664 0.5791025921885381
-0.0551201698576895 0.5788720097742707
-0.0545744256016727 0.5786354847883418
-0.0540340847541314 0.5783929449615433
-0.0534990938159717 0.5781443131220825
-0.0529693998177938 0.5778895213719402
-0.0524449503146473 0.5776284991266214
-0.0519256933808389 0.577361181088486
-0.051411577604791 0.5770874907759366
-0.0509025520839515 0.576807356662338
-0.0503985664197539 0.5765207115180612
-0.0498995707126277 0.5762274886186428
-0.0494055155570571 0.5759276000200638
-0.0489163520366902 0.5756209941863301
-0.0484320317194952 0.5753075878344965
-0.0479525066529656 0.5749873097488865
-0.0474777293593719 0.5746600818138906
-0.0470076528310613 0.5743258295292647
-0.0465422305258032 0.5739844781318801
-0.0460814163621814 0.5736359461834116
-0.0456251647150311 0.5732801352840894
-0.0451734304109219 0.5729169882141441
-0.044726168723685 0.5725464037392766
-0.0442833353699852 0.5721683031422217
-0.0438448865049358 0.5717825901989408
-0.0434107787177582 0.5713891686637986
-0.0429809690274834 0.5709879496782004
-0.0425554148786964 0.5705788591025481
-0.0421340741373232 0.5701617619999036
-0.0417169050864586 0.5697365703456964
-0.0413038664222363 0.5693031919798505
-0.0408949172497389 0.5688615062857482
-0.0404900170789494 0.5684114192418874
-0.0400891258207419 0.567952824473643
-0.0396922037829128 0.5674855914350365
-0.0392992116662503 0.5670096383008837
-0.0389101105606439 0.5665248317721818
-0.0385248619412316 0.5660310753744624
-0.0381434276645857 0.5655282442433873
-0.0377657699649363 0.5650162395100085
-0.037391851450432 0.5644949474447242
-0.0370216350994376 0.563964247150863
-0.036655084256869 0.5634240256451981
-0.0362921626305633 0.5628741883521137
-0.0359328342876865 0.562314628488656
-0.0355770636511747 0.5617452317955669
-0.0352248154962126 0.5611658855146169
-0.0348760549467451 0.5605765122519183
-0.0345307474720249 0.5599770065742291
-0.0341888588831929 0.5593672657549053
-0.033850355329894 0.5587472077261587
-0.0335152032969248 0.5581167358047538
-0.0331833696009156 0.5574757749841386
-0.0328548213870451 0.5568242461145212
-0.0325295261257873 0.5561620777922962
-0.0322074516096904 0.555489176175921
-0.0318885659501885 0.5548055168588556
-0.031572837574444 0.5541110018559435
-0.0312602352222218 0.5534055795625072
-0.0309507279427939 0.5526892214722354
-0.0306442850918751 0.5519618473933925
-0.0303408763285892 0.5512234426904142
-0.0300404716124646 0.5504739449885157
-0.02974304120046 0.5497133283897574
-0.0294485556440198 0.5489415477667777
-0.0291569857861582 0.5481585844517813
-0.0288683027585725 0.5473644311229598
-0.0285824779787846 0.5465590058542131
-0.0282994831473115 0.5457423401184176
-0.0280192902448629 0.5449144375375224
-0.0277418715295672 0.5440752316712295
-0.027467199534225 0.5432247208953384
-0.0271952470635891 0.542362889840992
-0.0269259871916724 0.5414897419545756
-0.0266593932590815 0.5406052799886948
-0.0263954388703778 0.5397093687917179
-0.0261340978914631 0.5388022221235951
-0.0258753444469932 0.5378836856878695
-0.025619152917815 0.5369537603534561
-0.0253654979384307 0.5360124027131831
-0.0251143543944859 0.5350596703467131
-0.024865697420283 0.5340955071810606
-0.0246195023963198 0.5331199181576737
-0.0243757449468513 0.5321328425081604
-0.0241344009374766 0.5311343054030885
-0.0238954464727491 0.530124279759796
-0.023658857893811 0.5291027440361353
-0.0234246117760505 0.5280696366215386
-0.0231926849267826 0.5270249983609926
-0.0229630543829531 0.5259687499416782
-0.0227356974088645 0.5249008821925503
-0.0225105914939252 0.5238213667435405
-0.022287714350421 0.522730172822692
-0.0220670439113079 0.521627272290487
-0.0218485583280276 0.5205126345633347
-0.0216322359683442 0.5193862286794478
-0.0214180554142022 0.5182480246252096
-0.0212059954596061 0.5170979929759367
-0.0209960351085209 0.5159361109307231
-0.020788153572793 0.5147623484610249
-0.0205823302700921 0.5135766783961242
-0.0203785448218733 0.5123790668404197
-0.0201767770513597 0.5111695183533306
-0.0199770069815443 0.5099480109395097
-0.0197792148332122 0.5087145182166193
-0.0195833810229823 0.5074690339188567
-0.0193894861613687 0.5062115707693283
-0.0191975110508601 0.5049420890804546
-0.0190074366840199 0.5036606069765107
-0.0188192442416038 0.5023671295405838
-0.0186329150906968 0.501061664043708
-0.0184484307828682 0.4997442300965521
-0.0182657730523447 0.4984148452508072
-0.0180849238142027 0.4970735340726851
-0.0179058651625769 0.4957203278777815
-0.017728579368888 0.4943552608061079
-0.0175530488800872 0.4929783713578815
-0.017379256316918 0.4915897107758028
-0.017207184472196 0.4901893238510607
-0.017036816309105 0.4887772693002569
-0.0168681349595099 0.4873536090650227
-0.016701123722287 0.4859184082043777
-0.0165357660616703 0.4844717382746005
-0.0163720456056142 0.4830136784511253
-0.0162099461441724 0.4815443049788325
-0.0160494516278935 0.4800637079799432
-0.0158905461662312 0.4785719744224881
-0.0157332140259715 0.4770692021807426
-0.0155774396296747 0.4755554924154076
-0.0154232075541334 0.4740309460697719
-0.0152705025288449 0.4724956716557268
-0.0151193094344999 0.4709497827860189
-0.0149696133014851 0.4693933975178153
-0.0148213993084011 0.4678266376560281
-0.0146746527805951 0.4662496231517445
-0.014529359188708 0.4646624680965397
-0.0143855041472357 0.4630653642449975
-0.0142430734131046 0.4614583973596256
-0.014102052884262 0.4598417241080139
-0.0139624285982792 0.4582154913087302
-0.0138241867309695 0.4565798542009804
-0.0136873135950193 0.4549349448637887
-0.013551795638633 0.4532809758614522
-0.0134176194441911 0.4516180815266045
-0.0132847717269219 0.4499464396467862
-0.013153239333586 0.4482662075613466
-0.0130230092411743 0.4465776140020358
-0.0128940685556181 0.4448807946492776
-0.012766404510513 0.4431759669765495
-0.0126400044658544 0.44146332157051
-0.0125148559067866 0.439743119227513
-0.0123909464423629 0.4380154555568363
-0.0122682638043197 0.4362806393031916
-0.0121467958458611 0.4345388762863157
-0.0120265305404566 0.4327903885084209
-0.0119074559806501 0.4310354238723314
-0.0117895603768812 0.4292741649154339
-0.0116728320563181 0.4275069986883823
-0.0115572594617011 0.4257340727733085
-0.0114428311501991 0.4239556535528562
-0.0113295357922763 0.4221720368586279
-0.0112173621705706 0.4203836416623691
-0.0111062991787828 0.4185903093934442
-0.010996335820577 0.4167927563189165
-0.0108874612084921 0.414991129153449
-0.0107796645628634 0.4131857537244011
-0.0106729352107559 0.4113769109406396
-0.0105672625849068 0.409564861108144
-0.01046263622268 0.4077499849060498
-0.0103590457650297 0.4059325905373093
-0.010256480955475 0.4041129800248779
-0.0101549316390841 0.4022914173755061
-0.0100543877614694 0.4004683571820563
-0.00995483936779152 0.3986439854806071
-0.009856276601773781 0.3968187406578091
-0.009758689704726511 0.3949929265010047
-0.00966206901458071 0.3931668504780439
-0.009566404964931391 0.3913408794434359
-0.00947168808409049 0.3895152935523263
-0.009377908994149 0.3876904681533755
-0.00928505841004851 0.385866710681493
-0.00919312713866189 0.3840443639019782
-0.00910210607788306 0.3822237595448416
-0.0090119862157258 0.3804051983068991
-0.008922758629431491 0.3785890055003272
-0.008834414484585631 0.3767755182548942
-0.008746945034243199 0.3749650522957636
-0.008660341618062581 0.373157893926981
-0.0085745956614481 0.3713543741273418
-0.00848969867470108 0.3695547731786358
-0.008405642252179289 0.3677593958642308
-0.00832241807146464 0.3659685292316062
-0.00824001789253925 0.3641824578487823
-0.00815843355696956 0.3624014644197756
-0.00807765698709857 0.3606258090757663
-0.00799768018524611 0.358855783089127
-0.00791849523291694 0.3570916297418502
-0.00784009429001677 0.3553335998449926
-0.00776246959407601 0.3535819240953753
-0.0076856134594812 0.3518368761437828
-0.00760951827671406 0.3500986815654221
-0.00753417651159808 0.3483675276545252
-0.00745958070455255 0.3466436707082999
-0.00738572346985401 0.3449273103138202
-0.00731259749490496 0.3432186469292076
-0.00724019553950986 0.3415178791428019
-0.00716851043515828 0.3398251955719084
-0.00709753508431513 0.3381407778355761
-0.00702726245971795 0.3364648034958201
-0.00695768560368114 0.3347974319419366
-0.00688879762740707 0.3331388510384596
-0.00682059171030403 0.3314891783911873
-0.00675306109931092 0.3298486055236027
-0.00668619910822863 0.328217240786247
-0.00661999911705805 0.3265952481698701
-0.0065544545713446 0.324982738242955
-0.00648955898152931 0.3233798418270561
-0.00642530592230625 0.3217866702290166
-0.00636168903198638 0.3202033673983983
-0.00629870201186771 0.3186300122676301
-0.00623633862561159 0.317066706407508
-0.00617459269862534 0.3155135669818389
-0.00611345811745083 0.3139706737924721
-0.00605292882915924 0.3124381160059497
-0.00599299884075172 0.3109159783615086
-0.00593366221856606 0.3094043384683969
-0.00587491308768917 0.3079032840215606
-0.00581674563137541 0.3064128558134736
-0.0057591540904707 0.3049331511531926
-0.00570213276284228 0.3034642003254525
-0.00564567600281414 0.3020060364325707
-0.00558977822060806 0.3005588039424377
-0.00553443388179016 0.2991224943784341
-0.00547963750672293 0.2976971642470983
-0.0054253836700227 0.2962828514334704
-0.00537166700002248 0.2948795946331269
-0.00531848217824008 0.2934874320900641
-0.00526582393885156 0.2921063970343102
-0.00521368706816986 0.2907365176840585
-0.00516206640412858 0.2893778147552122
-0.00511095683577087 0.2880303156017444
-0.00506035330274343 0.2866940385279513
-0.00501025079479548 0.2853690030028782
-0.00496064435128265 0.2840552169653515
-0.00491152906067589 0.2827527053989294
-0.00486290006007514 0.2814614505419694
-0.00481475253472786 0.2801814744415148
-0.00476708171755234 0.2789127802071633
-0.00471988288866568 0.277655409512918
-0.00467315137491651 0.2764092730087495
-0.00462688254942229 0.2751744046542801
-0.00458107183111118 0.2739507983065854
-0.00453571468426849 0.2727384424535252
-0.00449080661808762 0.2715373321969087
-0.00444634318622536 0.2703474382089808
-0.00440231998636175 0.2691687568851417
-0.00435873265976411 0.2680012145550317
-0.00431557689085555 0.266844880221223
-0.00427284840678767 0.2656996851653062
-0.0042305429770175 0.2645656024616116
-0.00418865641288861 0.2634426026044398
-0.00414718456721645 0.2623306538686566
-0.00410612333387767 0.2612297244170093
-0.00406546864740364 0.2601397780693253
-0.00402521648257786 0.2590607774059675
-0.00398536285403748 0.2579926834391311
-0.0039459038158787 0.2569354538732657
-0.00390683546126603 0.2558890434352926
-0.00386815392204558 0.2548534129947839
-0.00382985536836196 0.2538285104573898
-0.00379193600827917 0.2528142908617312
-0.00375439208740512 0.2518107016142302
-0.00371721988851992 0.2508176880899003
-0.00368041573120784 0.2498352010014447
-0.00364397597149291 0.2488631851594639
-0.00360789700147813 0.2479015804989702
-0.00357217524898825 0.2469503302132493
-0.00353680717721609 0.2460093744922368
-0.00350178928437236 0.2450786526631935
-0.00346711810333897 0.2441581016278992
-0.00343279020132572 0.2432476584286487
-0.00339880217953041 0.242347256415224
-0.00336515067280239 0.2414568314183863
-0.00333183234930929 0.2405763166936604
-0.00329884391020722 0.2397056432661366
-0.00326618208931408 0.2388447357686674
-0.00323384365278622 0.2379935315971692
-0.00320182539879824 0.2371519560469954
-0.00317012415722598 0.2363199422573254
-0.00313873678933265 0.235497403945271
-0.00310766018745807 0.2346842798515025
-0.00307689127471096 0.2338804878943327
-0.00304642700466432 0.2330859582278001
-0.00301626436105378 0.2323006117558336
-0.00298640035747899 0.2315243741321389
-0.00295683203710791 0.2307571629832988
-0.00292755647238407 0.2299989067434778
-0.0028985707647367 0.2292495256005461
-0.00286987204429376 0.2285089388547979
-0.00284145746959779 0.2277770675254648
-0.00281332422732454 0.2270538324860733
-0.0027854695320045 0.2263391546746506
-0.00275789062574703 0.2256329543913288
-0.00273058477796735 0.2249351512953834
-0.00270354928511619 0.224245665044003
-0.00267678147041207 0.2235644151554056
-0.00265027868357631 0.222891321042812
-0.0026240383005706 0.2222263020491742
-0.00259805772333723 0.2215692774816113
-0.00257233437954181 0.2209201666447852
-0.00254686572231862 0.2202788888726161
-0.00252164923001844 0.2196453636852915
-0.00249668240595885 0.2190195090198172
-0.00247196277817708 0.2184012488017064
-0.00244748789918523 0.2177904970281284
-0.00242325534572795 0.2171871779567411
-0.00239926271854252 0.2165912108949316
-0.00237550764212131 0.2160025181899448
-0.00235198776447654 0.2154210143371238
-0.00232870075690747 0.2148466250446665
-0.00230564431376977 0.2142792706331958
-0.0022828161522473 0.2137188727053162
-0.00226021401212604 0.2131653532237725
-0.00223783565557034 0.2126186345298058
-0.00221567886690132 0.2120786393620903
-0.00219374145237755 0.2115452908753099
-0.00217202123997777 0.2110185126580355
-0.00215051607918591 0.2104982287498733
-0.00212922384077813 0.2099843636578038
-0.00210814241661201 0.2094768423717479
-0.00208726971941783 0.2089755903795414
-0.00206660368259191 0.2084805336817092
-0.00204614225999199 0.2079915988096919
-0.00202588342573464 0.207508712969936
-0.0020058251739947 0.2070318031504311
-0.00198596551880663 0.2065607983150131
-0.00196630249386795 0.2060956268639123
-0.00194683415234451 0.2056362185193097
-0.00192755856667773 0.2051825015568999
-0.00190847382839379 0.2047344085332946
-0.00188957804791465 0.2042918696869718
-0.00187086935437094 0.2038548167026009
-0.00185234589541677 0.2034231819393291
-0.0018340058370463 0.2029968983539177
-0.00181584736341218 0.20257589952484
-0.00179786867664573 0.2021601196603432
-0.00178006799667894 0.2017494936034148
-0.00176244356106825 0.2013439568356779
-0.00174499362482005 0.2009434454805497
-0.00172771646021787 0.2005478963058507
-0.00171061035665136 0.2001572467259483
-0.00169367362044689 0.1997714348034155
-0.00167690457469989 0.1993903992502995
-0.00166030155910881 0.1990140794289256
-0.0016438629298107 0.1986424153523755
-0.00162758705921851 0.1982753476845239
-0.00161147233585991 0.1979128177397893
-0.00159551716421774 0.1975547674824545
-0.00157971996457202 0.1972011395257614
-0.00156407917284358 0.1968518771305962
-0.00154859324043919 0.196506924203936
-0.00153326063409821 0.1961662251496884
-0.0015180798357408 0.1958297254558955
-0.00150304934231762 0.195497370807764
-0.00148816766566101 0.1951691076744642
-0.00147343333233764 0.1948448831564016
-0.00145884488350261 0.1945246449556158
-0.00144440087475506 0.1942083417181182
-0.00143009987599511 0.1938959219242735
-0.00141594047128228 0.1935873355118809
-0.00140192125869533 0.193282532652296
-0.0013880408501934 0.1929814641793432
-0.00137429787147861 0.1926840815396386
-0.00136069096186001 0.1923903367852636
-0.00134721877411882 0.1921001825688363
-0.00133387997437507 0.1918135721389356
-0.00132067324195552 0.1915304593356614
-0.00130759726926289 0.1912507985867408
-0.00129465076164642 0.1909745449055865
-0.00128183243727369 0.1907016539006757
-0.00126914102700365 0.1904320819378781
-0.00125657527426104 0.1901657840056264
-0.00124413393491192 0.1899027204704881
-0.00123181577714052 0.1896428471893168
-0.00121961958132724 0.1893861228719474
-0.00120754413992796 0.1891325064809801
-0.00119558825735442 0.18888195749487
-0.00118375074985586 0.1886344359207107
-0.00117203044540184 0.1883899022922339
-0.00116042618356618 0.1881483176652944
-0.00114893681541206 0.1879096436126758
-0.00113756120337828 0.1876738422186479
-0.00112629822116661 0.1874408760734607
-0.00111514675363031 0.1872107082677362
-0.00110410569666367 0.1869833023868825
-0.00109317395709274 0.1867586225054558
-0.00108235045256707 0.1865366331815063
-0.00107163411145255 0.1863172994509053
-0.00106102387272529 0.1861005868215733
-0.00105051868586663 0.1858864612675011
-0.00104011751075904 0.185674889221967
-0.00102981931758321 0.1854658375670282
-0.00101962308671605 0.1852592735900976
-0.00100952780862975 0.1850551654508363
-0.00099953248379183 0.1848534810328308
-0.0009896361225661681 0.1846541888007794
-0.000979837745115018 0.1844572581260961
-0.000970136381301998 0.184262658482582
-0.000960531070596037 0.1840703597895998
-0.000951020861976275 0.1838803323835283
-0.000941604813837896 0.1836925470088229
-0.0009322819938989071 0.183506974605266
-0.000923051479107828 0.1833235871334535
-0.000913912355552305 0.1831423563144596
-0.000904863718368619 0.1829632544678714
-0.000895904671652098 0.1827862542937781
-0.000887034328368414 0.1826113288676889
-0.000878251810265756 0.1824384516355205
-0.000869556247787878 0.1822675964086037
-0.000860946779987997 0.1820987373587607
-0.0008524225544435619 0.1819318490133751
-0.000843982727171843 0.1817669062506738
-0.00083562646254638 0.1816038842945314
-0.000827352933214237 0.1814427587102803
-0.000819161320014096 0.1812835053996284
-0.000811050811895145 0.1811261005961022
-0.000803020605836777 0.1809705208604412
-0.000795069906769086 0.180816743076039
-0.000787197927494145 0.180664744444443
-0.000779403888608064 0.1805145024808946
-0.000771687018423826 0.1803659950099255
-0.000764046552894877 0.1802192001610045
-0.000756481735539482 0.1800740963642404
-0.000748991817365824 0.1799306623461262
-0.000741576056797845 0.1797888771253306
-0.000734233719601827 0.1796487200085662
-0.00072696407881369 0.1795101705864708
-0.00071976641466702 0.1793732087295768
-0.000712640014521802 0.1792378145843001
-0.000705584172793863 0.1791039685689972
-0.000698598190885013 0.1789716513700551
-0.000691681377113875 0.17884084393806
-0.0006848330466474 0.1787115274839686
-0.00067805252143307 0.178583683475337
-0.000671339130131752 0.1784572936326084
-0.00066469220805124 0.1783323407619987
-0.000658111097080435 0.1782088045683829
-0.0006515951456241939 0.1780866700176927
-0.000645143708538805 0.1779659189643764
-0.000638756147068124 0.1778465343169537
-0.000632431828780321 0.1777284979744948
-0.000626170127505268 0.1776117976287551
-0.000619970423272543 0.1774964121379146
-0.000613832102250043 0.1773823271725258
-0.00060775455668321 0.1772695267306672
-0.000601737184834862 0.177157995075803
-0.000595779390925606 0.1770477166904313
-0.000589880585074857 0.1769386762680508
-0.000584040183242433 0.1768308587090106
-0.000578257607170726 0.1767242491171206
-0.000572532284327451 0.1766188327965851
-0.000566863647848961 0.1765145952490215
-0.00056125113648412 0.1764115221705506
-0.000555694194538733 0.1763095994489565
-0.000550192271820528 0.1762088131608915
-0.000544744823584681 0.1761091495691245
-0.000539351310479882 0.1760105951198272
-0.000534011198494933 0.1759131364399035
-0.000528723958905874 0.1758167603343656
-0.0005234890682236369 0.1757214537837448
-0.000518306008142215 0.1756272039415347
-0.000513174265487342 0.1755339981316781
-0.000508093332165685 0.1754418238461045
-0.00050306270511454 0.1753506687422702
-0.0004980818862520199 0.1752605206407783
-0.000493150382427742 0.1751713675229998
-0.000488267705374002 0.1750831975287459
-0.000483433371657428 0.1749959989539775
-0.000478646902631117 0.174909760248534
-0.000473907824387244 0.174824470013926
-0.000469215667710143 0.1747401170011168
-0.000464569968029844 0.1746566901083951
-0.000459970265376083 0.1745741783792128
-0.000455416104332756 0.1744925710001193
-0.000450907033992828 0.1744118572986833
-0.000446442607913691 0.1743320267414727
-0.000442022384072961 0.1742530689320357
-0.000437645924824714 0.1741749736089596
-0.000433312796856152 0.1740977306439028
-0.000429022571144705 0.1740213300396979
-0.00042477482291555 0.1739457619284766
-0.000420569131599554 0.1738710165698004
-0.000416405080791638 0.1737970843488575
-0.000412282258209542 0.1737239557746459
-0.000408200255653012 0.1736516214782263
-0.000404158668963379 0.1735800722109602
-0.000400157097983543 0.1735092988428064
-0.00039619514651836 0.1734392923606357
-0.000392272422295405 0.1733700438665593
-0.000388388536926144 0.1733015445762993
-0.000384543105867469 0.1732337858175654
-0.000380735748383633 0.1731667590284869
-0.000376966087508547 0.1731004557560287
-0.000373233750008463 0.1730348676544672
-0.000369538366345013 0.1729699864838596
-0.000365879570638626 0.1729058041085777
-0.000362257000632303 0.1728423124958073
-0.000358670297655746 0.1727795037141137
-0.000355119106589847 0.1727173699320157
-0.000351603075831532 0.1726559034165656
-0.000348121857258943 0.1725950965319684
-0.000344675106196973 0.1725349417381737
-0.000341262481383142 0.1724754315894287
-0.000337883644933803 0.1724165587326401
-0.000334538262310697 0.172358315904138
-0.000331226002287818 0.1723006958984665
-0.000327946536918632 0.1722436918360077
-0.000324699541503596 0.1721872964239179
-0.000321484694558016 0.1721315029178379
-0.000318301677780214 0.1720763044800791
-0.000315150176020014 0.1720216943728922
-0.000312029877247538 0.1719676659434741
-0.000308940472522315 0.1719142126215937
-0.000305881655962688 0.1718613279181825
-0.000302853124715533 0.1718090054241422
-0.00029985457892627 0.1717572388092334
-0.000296885721709178 0.1717060218209514
-0.000293946259117998 0.1716553482834932
-0.00029103590011683 0.1716052120966772
-0.000288154356551317 0.1715556072349226
-0.000285301343120116 0.1715065277462323
-0.000282476577346649 0.171457967751184
-0.000279679779551138 0.1714099214419608
-0.000276910672822909 0.17136238308136
-0.000274168982992979 0.1713153470018411
-0.00027145443860691 0.1712688076046042
-0.00026876677089793 0.171222759358632
-0.000266105713760327 0.1711771967997962
-0.000263471003723096 0.171132114529954
-0.000260862379923858 0.1710875072160554
-0.000258279584083027 0.1710433695892721
-0.000255722360478245 0.1709996964441472
-0.000253190455919054 0.1709564826377333
-0.000250683619721836 0.1709137230887654
-0.000248201603684986 0.1708714127768395
-0.000245744162064343 0.1708295467415934
-0.000243311051548854 0.1707881200819267
-0.000240902031236489 0.1707471279551978
-0.000238516862610385 0.1707065655764525
-0.000236155309515233 0.1706664282176688
-0.000233817138133894 0.1706267112069957
-0.000231502116964252 0.1705874099280225
-0.000229210016796289 0.1705485198190383
-0.000226940610689395 0.1705100363723187
-0.000224693673949896 0.1704719551334186
-0.000222468984108808 0.1704342717004719
-0.00022026632089981 0.1703969817235054
-0.000218085466237435 0.1703600809037553
-0.000215926204195481 0.1703235649930041
-0.000213788320985624 0.1702874297929289
-0.000211671604936262 0.1702516711544411
-0.000209575846471546 0.1702162849770558
-0.00020750083809064 0.1701812672082508
-0.000205446374347168 0.1701466138428651
-0.000203412251828879 0.1701123209224679
-0.000201398269137504 0.170078384534767
-0.000199404226868816 0.170044800813014
-0.000197429927592887 0.1700115659354108
-0.000195475175834542 0.1699786761245464
-0.000193539778054002 0.1699461276468141
-0.000191623542627725 0.1699139168118621
-0.00018972627982943 0.1698820399720296
-0.000187847801811317 0.1698504935218138
-0.000185987922585462 0.1698192738973249
-0.000184146458005408 0.1697883775757595
-0.000182323225747929 0.1697578010748851
-0.000180518045294979 0.1697275409525159
-0.000178730737915821 0.1696975938060082
-0.000176961126649328 0.1696679562717646
-0.000175209036286463 0.1696386250247405
-0.000173474293352934 0.1696095967779594
-0.000171756726092014 0.1695808682820248
-0.000170056164447538 0.1695524363246617
-0.000168372440047068 0.1695242977302431
-0.000166705386185215 0.169496449359338
-0.000165054837807144 0.1694688881082434
-0.000163420631492222 0.1694416109085566
-0.000161802605437843 0.1694146147267289
-0.000160200599443409 0.1693878965636254
-0.000158614454894465 0.1693614534541018
-0.000157044014746995 0.1693352824665934
-0.000155489123511876 0.169309380702677
-0.000153949627239481 0.16928374529668
-0.000152425373504437 0.1692583734152636
-0.000150916211390531 0.1692332622570371
-0.000149421991475774 0.1692084090521528
-0.000147942565817598 0.169183811061923
-0.000146477787938216 0.1691594655784357
-0.000145027512810114 0.1691353699241764
-0.000143591596841697 0.1691115214516589
-0.000142169897863067 0.169087917543067
-0.000140762275111947 0.1690645556098667
-0.00013936858921975 0.1690414330924735
-0.000137988702197772 0.1690185478908792
-0.000136622477423537 0.1689958966402442
-0.000135269779627264 0.168973477296807
-0.000133930474878479 0.1689512874132787
-0.000132604430572752 0.1689293245695925
-0.000131291515418566 0.1689075863725828
-0.000129991599424323 0.1688860704556714
-0.000128704553885468 0.1688647744785202
-0.000127430251371751 0.1688436961267838
-0.000126168565714605 0.1688228331118981
-0.000124919371994658 0.1688021831721681
-0.000123682546529364 0.16878174405558
-0.000122457966860757 0.1687615135719578
-0.000121245511743324 0.168741489517281
-0.000120045061132003 0.1687216697286179
-0.0001188564961703 0.1687020520648925
-0.000117679699178515 0.1686826344083777
-0.000116514553642094 0.1686634146645885
-0.000115360944200093 0.1686443907620247
-0.000114218756633756 0.1686255606519259
-0.000113087877855204 0.1686069223079623
-0.000111968195896241 0.1685884737260228
-0.000110859599897269 0.1685702129239129
-0.000109761980096306 0.1685521379411146
-0.000108675227818124 0.1685342468385271
-0.00010759923546349 0.1685165376982145
-0.000106533896498505 0.1684990086231656
-0.000105479105444064 0.1684816577370293
-0.00010443475786541 0.168464483183898
-0.000103400750361792 0.1684474831280468
-0.00010237698055623 0.1684306557537098
-0.000101363347085376 0.1684139992648372
-0.000100359749589481 0.1683975118848799
-9.93660887024564e-05 0.1683811918565505
-9.838226604203611e-05 0.1683650374415994
-9.74081842000357e-05 0.1683490469206106
-9.64437467327086e-05 0.1683332185927514
-9.548885815119661e-05 0.1683175507755919
-9.45434239120759e-05 0.1683020418048686
-9.36073504079959e-05 0.1682866900342819
-9.26805449584118e-05 0.168271493835291
-9.17629158004077e-05 0.1682564515969099
-9.08543720796116e-05 0.1682415617254964
-8.995482384119961e-05 0.1682268226445594
-8.90641820209897e-05 0.1682122327945665
-8.81823584366235e-05 0.1681977906327406
-8.730926577883521e-05 0.1681834946328669
-8.64448176028071e-05 0.1681693432851179
-8.5588928319611e-05 0.1681553350958497
-8.474151318773359e-05 0.1681414685874199
-8.39024883046868e-05 0.1681277422980175
-8.307177059869981e-05 0.1681141547814657
-8.22492778204948e-05 0.1681007046070575
-8.143492853514339e-05 0.1680873903593713
-8.062864211400339e-05 0.1680742106380962
-7.9830338726736e-05 0.1680611640578731
-7.9039939333402e-05 0.1680482492481088
-7.82573656766356e-05 0.1680354648528232
-7.74825402738966e-05 0.1680228095304739
-7.671538640979859e-05 0.1680102819537936
-7.59558281285135e-05 0.1679978808096409
-7.5203790226251e-05 0.1679856047988238
-7.44591982438129e-05 0.1679734526359573
-7.37219784592207e-05 0.1679614230492987
-7.299205788041651e-05 0.1679495147805981
-7.22693642380361e-05 0.1679377265849507
-7.155382597825361e-05 0.1679260572306338
-7.084537225569659e-05 0.1679145054989768
-7.01439329264323e-05 0.1679030701842038
-6.944943854102211e-05 0.1678917500932934
-6.876182033764561e-05 0.1678805440458301
-6.80810102352927e-05 0.1678694508738786
-6.74069408270225e-05 0.1678584694218258
-6.673954537328961e-05 0.1678475985462552
-6.607875779533621e-05 0.1678368371158128
-6.54245126686497e-05 0.1678261840110605
-6.477674521648491e-05 0.1678156381243636
-6.41353913034504e-05 0.1678051983597382
-6.350038742915879e-05 0.1677948636327408
-6.28716707219394e-05 0.1677846328703255
-6.22491789326132e-05 0.1677745050107237
-6.16328504283299e-05 0.1677644790033319
-6.10226241864653e-05 0.1677545538085619
-6.04184397885795e-05 0.1677447283977474
-5.98202374144351e-05 0.1677350017530021
-5.92279578360744e-05 0.1677253728671131
-5.86415424119548e-05 0.1677158407434187
-5.80609330811434e-05 0.1677064043956929
-5.74860723575677e-05 0.1676970628480347
-5.69169033243245e-05 0.1676878151347531
-5.6353369628044e-05 0.1676786603002439
-5.57954154733109e-05 0.1676695973989042
-5.52429856171395e-05 0.1676606254949936
-5.46960253635045e-05 0.1676517436625473
-5.41544805579252e-05 0.1676429509852675
-5.36182975821042e-05 0.1676342465564011
-5.3087423348618e-05 0.1676256294786621
-5.25618052956614e-05 0.1676170988641035
-5.2041391381843e-05 0.1676086538340287
-5.15261300810327e-05 0.1676002935188889
-5.10159703772601e-05 0.1675920170581834
-5.05108617596634e-05 0.167583823600361
-5.00107542174885e-05 0.1675757123027231
-4.95155982351372e-05 0.1675676823313282
-4.90253447872645e-05 0.1675597328608948
-4.85399453339253e-05 0.1675518630747102
-4.80593518157676e-05 0.1675440721645343
-4.75835166492748e-05 0.1675363593305115
-4.71123927220543e-05 0.167528723781087
-4.66459333881726e-05 0.1675211647328967
-4.61840924635372e-05 0.1675136814106998
-4.5726824221324e-05 0.1675062730472817
-4.52740833874495e-05 0.1674989388833676
-4.48258251360886e-05 0.1674916781675385
-4.43820050852362e-05 0.1674844901561462
-4.39425792923131e-05 0.167477374113232
-4.35075042498149e-05 0.1674703293104409
-4.30767368810049e-05 0.1674633550269422
-4.26502345356484e-05 0.1674564505493443
-4.22279549857905e-05 0.1674496151716305
-4.18098564215747e-05 0.1674428481950545
-4.13958974471037e-05 0.1674361489280795
-4.09860370763403e-05 0.1674295166863036
-4.05802347290498e-05 0.1674229507923757
-4.0178450226782e-05 0.1674164505759206
-3.97806437888931e-05 0.1674100153734663
-3.9386776028607e-05 0.1674036445283756
-3.89968079491158e-05 0.1673973373907608
-3.86107009397186e-05 0.1673910933174266
-3.82284167719987e-05 0.1673849116717851
-3.78499175960383e-05 0.1673787918237957
-3.74751659366716e-05 0.1673727331498889
-3.71041246897738e-05 0.1673667350329056
-3.67367571185879e-05 0.167360796862021
-3.63730268500871e-05 0.1673549180326804
-3.60128978713733e-05 0.16734909794653
-3.56563345261122e-05 0.1673433360113582
-3.53033015110022e-05 0.1673376316410187
-3.49537638722794e-05 0.1673319842553874
-3.46076870022568e-05 0.1673263932802734
-3.42650366358979e-05 0.1673208581473715
-3.39257788474236e-05 0.1673153782941968
-3.35898800469541e-05 0.1673099531640236
-3.32573069771823e-05 0.1673045822058236
-3.29280267100814e-05 0.167299264874206
-3.2602006643645e-05 0.1672940006293562
-3.22792144986584e-05 0.1672887889369839
-3.19596183155034e-05 0.167283629268257
-3.16431864509934e-05 0.1672785210997468
-3.1329887575241e-05 0.1672734639133737
-3.10196906685555e-05 0.1672684571963484
-3.07125650183718e-05 0.1672635004411172
-3.04084802162097e-05 0.1672585931453067
-3.0107406154663e-05 0.1672537348116683
-2.98093130244188e-05 0.1672489249480281
-2.95141713113058e-05 0.1672441630672329
-2.92219517933721e-05 0.1672394486870887
-2.89326255379921e-05 0.1672347813303202
-2.86461638990021e-05 0.167230160524521
-2.83625385138635e-05 0.1672255858020872
-2.80817213008549e-05 0.1672210567001825
-2.7803684456292e-05 0.1672165727606795
-2.75284004517743e-05 0.1672121335301257
-2.72558420314597e-05 0.1672077385596566
-2.6985982209366e-05 0.1672033874050043
-2.6718794266699e-05 0.1671990796264015
-2.64542517492069e-05 0.1671948147885551
-2.61923284645613e-05 0.1671905924605964
-2.59329984797637e-05 0.1671864122160387
-2.56762361185779e-05 0.1671822736327253
-2.5422015958988e-05 0.1671781762927914
-2.51703128306812e-05 0.1671741197826195
-2.49211018125557e-05 0.1671701036927745
-2.46743582302531e-05 0.1671661276179925
-2.4430057653716e-05 0.1671621911571147
-2.41881758947683e-05 0.1671582939130574
-2.39486890047211e-05 0.1671544354927694
-2.37115732720011e-05 0.1671506155071635
-2.3476805219803e-05 0.1671468335711191
-2.32443616037654e-05 0.167143089303417
-2.30142194096687e-05 0.1671393823266898
-2.27863558511571e-05 0.1671357122674001
-2.25607483674823e-05 0.167132078755801
-2.23373746212696e-05 0.1671284814258804
-2.21162124963065e-05 0.1671249199153296
-2.1897240095353e-05 0.167121393865513
-2.16804357379733e-05 0.1671179029214309
-2.14657779583894e-05 0.1671144467316794
-2.12532455033558e-05 0.1671110249484341
-2.10428173300553e-05 0.1671076372275428
-2.08344726040151e-05 0.1671042832229031
-2.06281906970447e-05 0.1671009626103863
-2.04239511851927e-05 0.1670976750442886
-2.02217338467255e-05 0.1670944201972783
-2.00215186601242e-05 0.1670911977421501
-1.98232858021032e-05 0.1670880073549549
-1.96270156456467e-05 0.1670848487149708
-1.94326887580661e-05 0.1670817215047536
-1.92402858990753e-05 0.1670786254100287
-1.90497880188865e-05 0.167075560119711
-1.88611762563232e-05 0.1670725253258426
-1.86744319369537e-05 0.1670695207235838
-1.84895365712413e-05 0.1670665460111624
-1.83064718527141e-05 0.1670636008898579
-1.81252196561526e-05 0.1670606850639523
-1.79457620357947e-05 0.1670577982407173
-1.77680812235591e-05 0.1670549401303695
-1.75921596272862e-05 0.1670521104460531
-1.74179798289962e-05 0.1670493089037969
-1.72455245831646e-05 0.1670465352224969
-1.70747768150145e-05 0.1670437891238748
-1.69057196188262e-05 0.1670410703324635
-1.67383362562636e-05 0.1670383785755591
-1.65726101547164e-05 0.1670357135832168
-1.64085249056598e-05 0.1670330750881968
-1.62460642630295e-05 0.1670304628259598
-1.60852121416134e-05 0.1670278765346217
-1.59259526154588e-05 0.1670253159549411
-1.57682699162958e-05 0.1670227808302704
-1.56121484319761e-05 0.1670202709065649
-1.54575727049268e-05 0.1670177859323201
-1.53045274306206e-05 0.1670153256585605
-1.515299745606e-05 0.1670128898388229
-1.50029677782772e-05 0.16701047822912
-1.48544235428487e-05 0.1670080905879071
-1.47073500424245e-05 0.1670057266760793
-1.45617327152718e-05 0.1670033862569311
-1.44175571438334e-05 0.1670010690961339
-1.42748090533004e-05 0.1669987749617106
-1.41334743101984e-05 0.1669965036240201
-1.39935389209886e-05 0.1669942548557229
-1.38549890306817e-05 0.1669920284317641
-1.37178109214671e-05 0.1669898241293507
-1.35819910113535e-05 0.1669876417279256
-1.34475158528253e-05 0.166985481009143
-1.33143721315102e-05 0.1669833417568489
-1.31825466648616e-05 0.1669812237570634
-1.3052026400853e-05 0.1669791267979463
-1.29227984166862e-05 0.1669770506697884
-1.27948499175111e-05 0.1669749951649818
-1.26681682351595e-05 0.1669729600780051
-1.25427408268906e-05 0.1669709452053892
-1.24185552741491e-05 0.1669689503457136
-1.22955992813357e-05 0.1669669752995753
-1.21738606745898e-05 0.166965019869567
-1.2053327400584e-05 0.1669630838602623
-1.19339875253307e-05 0.166961167078196
-1.18158292330007e-05 0.1669592693318377
-1.16988408247531e-05 0.1669573904315811
-1.15830107175774e-05 0.1669555301897115
-1.14683274431459e-05 0.1669536884204065
-1.13547796466791e-05 0.1669518649396917
-1.12423560858209e-05 0.1669500595654458
-1.11310456295256e-05 0.1669482721173682
-1.10208372569561e-05 0.1669465024169607
-1.09117200563922e-05 0.1669447502875149
-1.08036832241506e-05 0.1669430155540946
-1.06967160635155e-05 0.1669412980435082
-1.05908079836787e-05 0.1669395975843034
-1.04859484986918e-05 0.1669379140067389
-1.03821272264275e-05 0.1669362471427775
-1.0279333887552e-05 0.1669345968260571
-1.01775583045069e-05 0.1669329628918851
-1.00767904005019e-05 0.1669313451772155
-9.977020198516739e-06 0.1669297435206307
-9.878237820313601e-06 0.1669281577623326
-9.780433485459009e-06 0.166926587744113
-9.68359751035546e-06 0.1669250333093527
-9.587720307282629e-06 0.1669234943029995
-9.492792383448151e-06 0.1669219705715442
-9.39880434004767e-06 0.1669204619630197
-9.30574687133433e-06 0.1669189683269736
-9.21361076369735e-06 0.1669174895144595
-9.12238689474986e-06 0.1669160253780184
-9.0320662324256e-06 0.1669145757716639
-8.942639834084751e-06 0.1669131405508711
-8.85409884562847e-06 0.1669117195725576
-8.76643450062225e-06 0.1669103126950693
-8.679638119427971e-06 0.1669089197781713
-8.593701108344519e-06 0.1669075406830236
-8.508614958756951e-06 0.1669061752721775
-8.42437124629401e-06 0.1669048234095542
-8.34096162999407e-06 0.1669034849604401
-8.25837785147928e-06 0.1669021597914552
-8.1766117341379e-06 0.166900847770562
-8.09565518231475e-06 0.1668995487670367
-8.01550018050966e-06 0.1668982626514609
-7.93613879258382e-06 0.1668969892957077
-7.85756316097408e-06 0.16689572857293
-7.77976550591493e-06 0.1668944803575456
-7.702738124668249e-06 0.1668932445252273
-7.62647339076064e-06 0.166892020952886
-7.55096375322836e-06 0.1668908095186655
-7.47620173586966e-06 0.1668896101019191
-7.40217993650461e-06 0.1668884225832091
-7.32889102624219e-06 0.1668872468442878
-7.25632774875465e-06 0.1668860827680845
-7.18448291955906e-06 0.1668849302386979
-7.113349425306e-06 0.1668837891413861
-7.04292022307524e-06 0.1668826593625452
-6.97318833967846e-06 0.166881540789708
-6.90414687096877e-06 0.1668804333115309
-6.8357889811572e-06 0.1668793368177744
-6.76810790213584e-06 0.1668782511993046
-6.70109693280776e-06 0.1668771763480699
-6.63474943842353e-06 0.1668761121571018
-6.56905884992428e-06 0.1668750585204925
-6.50401866329137e-06 0.166874015333392
-6.43962243890235e-06 0.1668729824919974
-6.37586380089341e-06 0.1668719598935373
-6.31273643652813e-06 0.166870947436265
-6.25023409557241e-06 0.166869945019451
-6.18835058967565e-06 0.1668689525433644
-6.12707979175807e-06 0.1668679699092709
-6.06641563540403e-06 0.1668669970194218
-6.00635211426141e-06 0.1668660337770388
-5.94688328144694e-06 0.1668650800863075
-5.88800324895737e-06 0.1668641358523687
-5.82970618708651e-06 0.1668632009813133
-5.77198632384803e-06 0.1668622753801587
-5.71483794440399e-06 0.1668613589568548
-5.658255390499e-06 0.1668604516202633
-5.6022330599e-06 0.1668595532801578
-5.54676540584158e-06 0.1668586638472106
-5.49184693647681e-06 0.1668577832329816
-5.43747221433348e-06 0.1668569113499087
-5.38363585577572e-06 0.1668560481113042
-5.33033253047101e-06 0.1668551934313465
-5.27755696086239e-06 0.1668543472250655
-5.22530392164593e-06 0.1668535094083332
-5.17356823925339e-06 0.1668526798978645
-5.12234479133999e-06 0.1668518586112008
-5.07162850627722e-06 0.1668510454667067
-5.02141436265071e-06 0.1668502403835558
-4.97169738876308e-06 0.1668494432817304
-4.92247266214166e-06 0.1668486540820012
-4.87373530905115e-06 0.1668478727059362
-4.82548050401104e-06 0.1668470990758777
-4.77770346931786e-06 0.1668463331149476
-4.73039947457214e-06 0.1668455747470252
-4.68356383621004e-06 0.1668448238967474
-4.63719191703965e-06 0.1668440804895094
-4.59127912578183e-06 0.1668433444514363
-4.54582091661567e-06 0.1668426157094019
-4.50081278872839e-06 0.1668418941909959
-4.45625028586969e-06 0.1668411798245335
-4.41212899591058e-06 0.1668404725390408
-4.36844455040652e-06 0.1668397722642503
-4.32519262416487e-06 0.1668390789305955
-4.2823689348167e-06 0.1668383924691991
-4.23996924239277e-06 0.1668377128118726
-4.19798934890374e-06 0.1668370398910985
-4.15642509792449e-06 0.1668363736400357
-4.11527237418267e-06 0.1668357139925108
-4.07452710315115e-06 0.1668350608829989
-4.03418525064471e-06 0.1668344142466378
-3.9942428224205e-06 0.1668337740191999
-3.95469586378268e-06 0.1668331401371019
-3.91554045919077e-06 0.1668325125373939
-3.87677273187205e-06 0.1668318911577453
-3.83838884343767e-06 0.1668312759364516
-3.80038499350264e-06 0.1668306668124205
-3.76275741930955e-06 0.1668300637251635
-3.72550239535599e-06 0.1668294666147942
-3.68861623302573e-06 0.1668288754220252
-3.6520952802235e-06 0.1668282900881552
-3.61593592101336e-06 0.1668277105550653
-3.58013457526076e-06 0.1668271367652186
-3.54468769827798e-06 0.1668265686616444
-3.50959178047324e-06 0.1668260061879401
-3.47484334700321e-06 0.1668254492882671
-3.44043895742892e-06 0.1668248979073364
-3.40637520537517e-06 0.1668243519904123
-3.37264871819324e-06 0.1668238114833007
-3.33925615662697e-06 0.1668232763323475
-3.30619421448215e-06 0.1668227464844287
-3.27345961829915e-06 0.1668222218869516
-3.24104912702887e-06 0.1668217024878435
-3.20895953171175e-06 0.1668211882355498
-3.17718765516015e-06 0.1668206790790298
-3.14573035164371e-06 0.1668201749677503
-3.11458450657793e-06 0.1668196758516713
-3.08374703621577e-06 0.1668191816812622
-3.05321488734235e-06 0.166818692407475
-3.02298503697262e-06 0.1668182079817546
-2.9930544920521e-06 0.1668177283560274
-2.9634202891605e-06 0.1668172534826912
-2.93407949421831e-06 0.166816783314624
-2.90502920219635e-06 0.1668163178051722
-2.87626653682807e-06 0.1668158569081346
-2.84778865032482e-06 0.1668154005777838
-2.81959272309388e-06 0.1668149487688353
-2.79167596345929e-06 0.1668145014364596
-2.76403560738544e-06 0.166814058536271
-2.7366689182034e-06 0.1668136200243222
-2.70957318634e-06 0.1668131858571053
-2.68274572904951e-06 0.1668127559915438
-2.65618389014803e-06 0.1668123303849894
-2.62988503975052e-06 0.1668119089952137
-2.60384657401042e-06 0.1668114917804139
-2.5780659148618e-06 0.1668110786991964
-2.55254050976416e-06 0.1668106697105807
-2.52726783144966e-06 0.1668102647739913
-2.50224537767293e-06 0.1668098638492602
-2.4774706709633e-06 0.1668094668966137
-2.4529412583795e-06 0.1668090738766742
-2.42865471126683e-06 0.1668086847504553
-2.40460862501667e-06 0.1668082994793584
-2.38080061882838e-06 0.1668079180251647
-2.35722833547365e-06 0.1668075403500396
-2.33388944106302e-06 0.1668071664165184
-2.31078162481487e-06 0.1668067961875117
-2.2879025988266e-06 0.1668064296263007
-2.26525009784812e-06 0.166806066696527
-2.24282187905755e-06 0.1668057073621911
-2.22061572183915e-06 0.1668053515876584
-2.19862942756352e-06 0.1668049993376375
-2.17686081936982e-06 0.1668046505771976
-2.15530774195032e-06 0.1668043052717496
-2.13396806133695e-06 0.1668039633870434
-2.11283966469005e-06 0.1668036248891787
-2.09192046008916e-06 0.1668032897445847
-2.0712083763259e-06 0.1668029579200208
-2.05070136269891e-06 0.1668026293825864
-2.0303973888108e-06 0.1668023040997007
-2.01029444436713e-06 0.1668019820391015
-1.99039053897736e-06 0.166801663168858
-1.97068370195778e-06 0.1668013474573491
-1.95117198213641e-06 0.1668010348732652
-1.93185344765982e-06 0.1668007253856137
-1.9127261858018e-06 0.1668004189637079
-1.89378830277406e-06 0.1668001155771611
-1.87503792353867e-06 0.1667998151958918
-1.85647319162245e-06 0.1667995177901181
-1.83809226893311e-06 0.1667992233303483
-1.81989333557734e-06 0.1667989317873906
-1.80187458968054e-06 0.1667986431323339
-1.78403424720845e-06 0.1667983573365654
-1.76637054179055e-06 0.1667980743717414
-1.74888172454509e-06 0.166797794209814
-1.73156606390603e-06 0.1667975168230025
-1.71442184545152e-06 0.1667972421838077
-1.69744737173418e-06 0.1667969702650055
-1.68064096211305e-06 0.166796701039629
-1.66400095258717e-06 0.1667964344809967
-1.64752569563087e-06 0.1667961705626777
-1.63121356003056e-06 0.1667959092585093
-1.61506293072333e-06 0.1667956505425872
-1.59907220863696e-06 0.1667953943892635
-1.58323981053164e-06 0.1667951407731442
-1.56756416884321e-06 0.1667948896690923
-1.55204373152793e-06 0.1667946410522126
-1.53667696190884e-06 0.16679439489786
-1.52146233852361e-06 0.1667941511816338
-1.50639835497387e-06 0.1667939098793768
-1.49148351977611e-06 0.1667936709671691
-1.47671635621397e-06 0.1667934344213272
-1.46209540219205e-06 0.1667932002184052
-1.44761921009113e-06 0.1667929683351919
-1.43328634662489e-06 0.1667927387486967
-1.41909539269791e-06 0.166792511436166
-1.40504494326525e-06 0.1667922863750705
-1.39113360719332e-06 0.1667920635431005
-1.3773600071221e-06 0.1667918429181711
-1.36372277932881e-06 0.1667916244784148
-1.35022057359288e-06 0.1667914082021795
-1.33685205306226e-06 0.1667911940680312
-1.32361589412105e-06 0.1667909820547434
-1.31051078625847e-06 0.1667907721413092
-1.29753543193907e-06 0.1667905643069191
-1.28468854647433e-06 0.1667903585309753
-1.27196885789538e-06 0.1667901547930865
-1.25937510682711e-06 0.1667899530730585
-1.24690604636347e-06 0.1667897533508983
-1.23456044194403e-06 0.1667895556068155
-1.22233707123171e-06 0.1667893598212118
-1.2102347239918e-06 0.1667891659746812
-1.19825220197208e-06 0.1667889740480183
-1.18638831878423e-06 0.1667887840222005
-1.17464189978637e-06 0.1667885958783955
-1.1630117819667e-06 0.1667884095979568
-1.15149681382842e-06 0.1667882251624265
-1.14009585527566e-06 0.1667880425535281
-1.12880777750065e-06 0.1667878617531628
-1.11763146287194e-06 0.1667876827434172
-1.1065658048237e-06 0.1667875055065487
-1.09560970774624e-06 0.1667873300249966
-1.08476208687746e-06 0.1667871562813726
-1.07402186819551e-06 0.1667869842584578
-1.06338798831238e-06 0.1667868139392056
-1.0528593943687e-06 0.1667866453067396
-1.0424350439294e-06 0.1667864783443512
-1.0321139048806e-06 0.1667863130354967
-1.02189495532732e-06 0.1667861493637936
-1.0117771834924e-06 0.1667859873130247
-1.00175958761624e-06 0.1667858268671313
1.00175958761624e-06 0.1667537459693949
1.0117771834924e-06 0.1667535856063064
1.02189495532732e-06 0.1667534236400056
1.0321139048806e-06 0.1667532600544684
1.0424350439294e-06 0.1667530948335106
1.0528593943687e-06 0.166752927960786
1.06338798831238e-06 0.1667527594197904
1.07402186819551e-06 0.1667525891938434
1.08476208687746e-06 0.1667524172661088
1.09560970774624e-06 0.1667522436195776
1.1065658048237e-06 0.1667520682370707
1.11763146287194e-06 0.1667518911012405
1.12880777750065e-06 0.1667517121945609
1.14009585527566e-06 0.1667515314993366
1.15149681382842e-06 0.1667513489976873
1.1630117819667e-06 0.1667511646715668
1.17464189978637e-06 0.1667509785027357
1.18638831878423e-06 0.1667507904727799
1.19825220197208e-06 0.1667506005630998
1.2102347239918e-06 0.1667504087549112
1.22233707123171e-06 0.1667502150292354
1.23456044194403e-06 0.1667500193669165
1.24690604636347e-06 0.166749821748595
1.25937510682711e-06 0.1667496221547242
1.27196885789538e-06 0.1667494205655643
1.28468854647433e-06 0.1667492169611739
1.29753543193907e-06 0.1667490113214139
1.31051078625847e-06 0.1667488036259413
1.32361589412105e-06 0.1667485938542163
1.33685205306226e-06 0.1667483819854905
1.35022057359288e-06 0.1667481679988058
1.36372277932881e-06 0.1667479518730025
1.3773600071221e-06 0.1667477335866981
1.39113360719332e-06 0.1667475131183067
1.40504494326525e-06 0.1667472904460206
1.41909539269791e-06 0.1667470655478179
1.43328634662489e-06 0.1667468384014564
1.44761921009113e-06 0.1667466089844681
1.46209540219205e-06 0.1667463772741689
1.47671635621397e-06 0.1667461432476379
1.49148351977611e-06 0.1667459068817333
1.50639835497387e-06 0.1667456681530792
1.52146233852361e-06 0.1667454270380626
1.53667696190884e-06 0.1667451835128436
1.55204373152793e-06 0.1667449375533358
1.56756416884321e-06 0.1667446891352149
1.58323981053164e-06 0.1667444382339197
1.59907220863696e-06 0.166744184824634
1.61506293072333e-06 0.1667439288822986
1.63121356003056e-06 0.1667436703816066
1.64752569563087e-06 0.1667434092969941
1.66400095258717e-06 0.1667431456026447
1.68064096211305e-06 0.1667428792724814
1.69744737173418e-06 0.1667426102801694
1.71442184545152e-06 0.1667423385991136
1.73156606390603e-06 0.1667420642024454
1.74888172454509e-06 0.1667417870630356
1.76637054179055e-06 0.1667415071534828
1.78403424720845e-06 0.166741224446105
1.80187458968054e-06 0.1667409389129556
1.81989333557734e-06 0.166740650525802
1.83809226893311e-06 0.1667403592561293
1.85647319162245e-06 0.166740065075137
1.87503792353867e-06 0.1667397679537437
1.89378830277406e-06 0.1667394678625722
1.9127261858018e-06 0.166739164771953
1.93185344765982e-06 0.1667388586519241
1.95117198213641e-06 0.1667385494722166
1.97068370195778e-06 0.1667382372022674
1.99039053897736e-06 0.1667379218112072
2.01029444436713e-06 0.1667376032678506
2.0303973888108e-06 0.1667372815407143
2.05070136269891e-06 0.1667369565979873
2.0712083763259e-06 0.1667366284075509
2.09192046008916e-06 0.166736296936965
2.11283966469005e-06 0.166735962153457
2.13396806133695e-06 0.1667356240239389
2.15530774195032e-06 0.1667352825149838
2.17686081936982e-06 0.1667349375928395
2.19862942756352e-06 0.1667345892234063
2.22061572183915e-06 0.1667342373722518
2.24282187905755e-06 0.1667338820046023
2.26525009784812e-06 0.1667335230853298
2.2879025988266e-06 0.1667331605789604
2.31078162481487e-06 0.166732794449665
2.33388944106302e-06 0.166732424661256
2.35722833547365e-06 0.1667320511771888
2.38080061882838e-06 0.1667316739605497
2.40460862501667e-06 0.1667312929740584
2.42865471126683e-06 0.1667309081800635
2.4529412583795e-06 0.1667305195405404
2.4774706709633e-06 0.1667301270170745
2.50224537767293e-06 0.1667297305708841
2.52726783144966e-06 0.1667293301627856
2.55254050976416e-06 0.1667289257532165
2.5780659148618e-06 0.1667285173022137
2.60384657401042e-06 0.1667281047694136
2.62988503975052e-06 0.1667276881140551
2.65618389014803e-06 0.1667272672949652
2.68274572904951e-06 0.1667268422705669
2.70957318634e-06 0.1667264129988648
2.7366689182034e-06 0.1667259794374431
2.76403560738544e-06 0.1667255415434657
2.79167596345929e-06 0.1667250992736674
2.81959272309388e-06 0.1667246525843539
2.84778865032482e-06 0.1667242014313942
2.87626653682807e-06 0.1667237457702181
2.90502920219635e-06 0.166723285555807
2.93407949421831e-06 0.1667228207426981
2.9634202891605e-06 0.1667223512849727
2.9930544920521e-06 0.1667218771362577
3.02298503697262e-06 0.1667213982497135
3.05321488734235e-06 0.1667209145780349
3.08374703621577e-06 0.1667204260734479
3.11458450657793e-06 0.1667199326876967
3.14573035164371e-06 0.1667194343720509
3.17718765516015e-06 0.1667189310772873
3.20895953171175e-06 0.1667184227537004
3.24104912702887e-06 0.1667179093510814
3.27345961829915e-06 0.1667173908187252
3.30619421448215e-06 0.1667168671054201
3.33925615662697e-06 0.1667163381594486
3.37264871819324e-06 0.1667158039285682
3.40637520537517e-06 0.1667152643600245
3.44043895742892e-06 0.1667147194005337
3.47484334700321e-06 0.1667141689962819
3.50959178047324e-06 0.166713613092917
3.54468769827798e-06 0.1667130516355484
3.58013457526076e-06 0.1667124845687353
3.61593592101336e-06 0.1667119118364928
3.6520952802235e-06 0.1667113333822621
3.68861623302573e-06 0.1667107491489367
3.72550239535599e-06 0.1667101590788327
3.76275741930955e-06 0.1667095631136968
3.80038499350264e-06 0.1667089611946896
3.83838884343767e-06 0.1667083532623899
3.87677273187205e-06 0.1667077392567835
3.91554045919077e-06 0.1667071191172557
3.95469586378268e-06 0.1667064927825958
3.9942428224205e-06 0.1667058601909735
4.03418525064471e-06 0.1667052212799494
4.07452710315115e-06 0.1667045759864587
4.11527237418267e-06 0.1667039242468157
4.15642509792449e-06 0.1667032659966894
4.19798934890374e-06 0.1667026011711141
4.23996924239277e-06 0.1667019297044819
4.2823689348167e-06 0.1667012515305211
4.32519262416487e-06 0.1667005665823083
4.36844455040652e-06 0.1666998747922525
4.41212899591058e-06 0.1666991760920864
4.45625028586969e-06 0.1666984704128687
4.50081278872839e-06 0.1666977576849657
4.54582091661567e-06 0.1666970378380567
4.59127912578183e-06 0.1666963108011129
4.63719191703965e-06 0.1666955765024102
4.68356383621004e-06 0.1666948348694982
4.73039947457214e-06 0.1666940858292103
4.77770346931786e-06 0.1666933293076585
4.82548050401104e-06 0.1666925652302099
4.87373530905115e-06 0.1666917935214941
4.92247266214166e-06 0.1666910141053886
4.97169738876308e-06 0.1666902269050153
5.02141436265071e-06 0.1666894318427307
5.07162850627722e-06 0.1666886288401171
5.12234479133999e-06 0.1666878178179787
5.17356823925339e-06 0.1666869986963308
5.22530392164593e-06 0.1666861713943941
5.27755696086239e-06 0.1666853358305851
5.33033253047101e-06 0.1666844919225107
5.38363585577572e-06 0.1666836395869553
5.43747221433348e-06 0.1666827787398737
5.49184693647681e-06 0.1666819092963951
5.54676540584158e-06 0.1666810311707936
5.6022330599e-06 0.1666801442764951
5.658255390499e-06 0.1666792485260676
5.71483794440399e-06 0.1666783438312059
5.77198632384803e-06 0.1666774301027286
5.82970618708651e-06 0.1666765072505686
5.88800324895737e-06 0.1666755751837607
5.94688328144694e-06 0.1666746338104398
6.00635211426141e-06 0.1666736830378186
6.06641563540403e-06 0.1666727227722029
6.12707979175807e-06 0.1666717529189526
6.18835058967565e-06 0.1666707733824932
6.25023409557241e-06 0.1666697840663052
6.31273643652813e-06 0.1666687848728991
6.37586380089341e-06 0.1666677757038303
6.43962243890235e-06 0.1666667564596648
6.50401866329137e-06 0.1666657270399858
6.56905884992428e-06 0.1666646873433773
6.63474943842353e-06 0.166663637267418
6.70109693280776e-06 0.1666625767086681
6.76810790213584e-06 0.16666150556266
6.8357889811572e-06 0.1666604237238924
6.90414687096877e-06 0.1666593310858124
6.97318833967846e-06 0.1666582275408056
7.04292022307524e-06 0.166657112980199
7.113349425306e-06 0.1666559872942338
7.18448291955906e-06 0.1666548503720603
7.25632774875465e-06 0.1666537021017385
7.32889102624219e-06 0.1666525423702031
7.40217993650461e-06 0.1666513710632763
7.47620173586966e-06 0.166650188065646
7.55096375322836e-06 0.1666489932608537
7.62647339076064e-06 0.1666477865312854
7.702738124668249e-06 0.166646567758161
7.77976550591493e-06 0.1666453368215224
7.85756316097408e-06 0.1666440936002228
7.93613879258382e-06 0.16664283797191
8.01550018050966e-06 0.1666415698130174
8.09565518231475e-06 0.1666402889987623
8.1766117341379e-06 0.1666389954031109
8.25837785147928e-06 0.1666376888987915
8.34096162999407e-06 0.1666363693572651
8.42437124629401e-06 0.166635036648716
8.508614958756951e-06 0.1666336906420471
8.593701108344519e-06 0.1666323312048583
8.679638119427971e-06 0.1666309582034396
8.76643450062225e-06 0.1666295715027514
8.85409884562847e-06 0.1666281709664206
8.942639834084751e-06 0.1666267564567189
9.0320662324256e-06 0.1666253278345579
9.12238689474986e-06 0.1666238849594701
9.21361076369735e-06 0.1666224276895904
9.30574687133433e-06 0.1666209558816556
9.39880434004767e-06 0.1666194693909787
9.492792383448151e-06 0.1666179680714495
9.587720307282629e-06 0.1666164517754954
9.68359751035546e-06 0.1666149203540946
9.780433485459009e-06 0.1666133736567476
9.878237820313601e-06 0.1666118115314603
9.977020198516739e-06 0.1666102338247399
1.00767904005019e-05 0.1666086403815708
1.01775583045069e-05 0.1666070310454065
1.0279333887552e-05 0.1666054056581468
1.03821272264275e-05 0.1666037640601328
1.04859484986918e-05 0.1666021060901195
1.05908079836787e-05 0.1666004315852726
1.06967160635155e-05 0.1665987403811466
1.08036832241506e-05 0.1665970323116646
1.09117200563922e-05 0.1665953072091129
1.10208372569561e-05 0.1665935649041167
1.11310456295256e-05 0.1665918052256319
1.12423560858209e-05 0.1665900280009137
1.13547796466791e-05 0.166588233055516
1.14683274431459e-05 0.1665864202132689
1.15830107175774e-05 0.1665845892962597
1.16988408247531e-05 0.1665827401248205
1.18158292330007e-05 0.1665808725175076
1.19339875253307e-05 0.1665789862910827
1.2053327400584e-05 0.1665770812604959
1.21738606745898e-05 0.1665751572388727
1.22955992813357e-05 0.1665732140375001
1.24185552741491e-05 0.1665712514657895
1.25427408268906e-05 0.1665692693312771
1.26681682351595e-05 0.166567267439602
1.27948499175111e-05 0.1665652455944744
1.29227984166862e-05 0.166563203597681
1.3052026400853e-05 0.1665611412490455
1.31825466648616e-05 0.1665590583464204
1.33143721315102e-05 0.1665569546856562
1.34475158528253e-05 0.1665548300605962
1.35819910113535e-05 0.1665526842630534
1.37178109214671e-05 0.1665505170827807
1.38549890306817e-05 0.1665483283074645
1.39935389209886e-05 0.1665461177226979
1.41334743101984e-05 0.1665438851119534
1.42748090533004e-05 0.1665416302565826
1.44175571438334e-05 0.166539352935773
1.45617327152718e-05 0.1665370529265364
1.47073500424245e-05 0.1665347300036934
1.48544235428487e-05 0.1665323839398475
1.50029677782772e-05 0.1665300145053587
1.515299745606e-05 0.1665276214683252
1.53045274306206e-05 0.166525204594565
1.54575727049268e-05 0.1665227636476031
1.56121484319761e-05 0.166520298388609
1.57682699162958e-05 0.166517808576432
1.59259526154588e-05 0.1665152939675302
1.60852121416134e-05 0.1665127543159767
1.62460642630295e-05 0.1665101893734192
1.64085249056598e-05 0.1665075988890709
1.65726101547164e-05 0.1665049826096729
1.67383362562636e-05 0.1665023402794749
1.69057196188262e-05 0.1664996716402246
1.70747768150145e-05 0.1664969764311218
1.72455245831646e-05 0.1664942543888104
1.74179798289962e-05 0.1664915052473467
1.75921596272862e-05 0.1664887287381736
1.77680812235591e-05 0.1664859245900992
1.79457620357947e-05 0.1664830925292652
1.81252196561526e-05 0.1664802322791321
1.83064718527141e-05 0.1664773435604355
1.84895365712413e-05 0.1664744260911966
1.86744319369537e-05 0.166471479586642
1.88611762563232e-05 0.1664685037592215
1.90497880188865e-05 0.1664654983185494
1.92402858990753e-05 0.166462462971419
1.94326887580661e-05 0.1664593974217367
1.96270156456467e-05 0.1664563013705004
1.98232858021032e-05 0.166453174515796
2.00215186601242e-05 0.1664500165527489
2.02217338467255e-05 0.1664468271734754
2.04239511851927e-05 0.1664436060671323
2.06281906970447e-05 0.1664403529199117
2.08344726040151e-05 0.1664370674179642
2.10428173300553e-05 0.1664337492298199
2.12532455033558e-05 0.1664303980451566
2.14657779583894e-05 0.1664270135325669
2.16804357379733e-05 0.1664235953625699
2.1897240095353e-05 0.1664201432024333
2.21162124963065e-05 0.1664166567161237
2.23373746212696e-05 0.1664131355642763
2.25607483674823e-05 0.1664095794042482
2.27863558511571e-05 0.1664059878900413
2.30142194096687e-05 0.1664023606722808
2.32443616037654e-05 0.1663986973981873
2.3476805219803e-05 0.1663949977115051
2.37115732720011e-05 0.1663912612525567
2.39486890047211e-05 0.1663874876581172
2.41881758947683e-05 0.1663836765614284
2.4430057653716e-05 0.1663798275921556
2.46743582302531e-05 0.1663759403763651
2.49211018125557e-05 0.1663720145364748
2.51703128306812e-05 0.1663680496912197
2.5422015958988e-05 0.1663640454556213
2.56762361185779e-05 0.1663600014409621
2.59329984797637e-05 0.1663559172547368
2.61923284645613e-05 0.1663517925006157
2.64542517492069e-05 0.166347626778423
2.6718794266699e-05 0.1663434196840899
2.6985982209366e-05 0.1663391708096078
2.72558420314597e-05 0.1663348797430208
2.75284004517743e-05 0.1663305460683579
2.7803684456292e-05 0.1663261693656107
2.80817213008549e-05 0.1663217492106954
2.83625385138635e-05 0.1663172851754074
2.86461638990021e-05 0.1663127768273877
2.89326255379921e-05 0.1663082237300867
2.92219517933721e-05 0.1663036254427165
2.95141713113058e-05 0.1662989815202178
2.98093130244188e-05 0.1662942915132174
3.0107406154663e-05 0.1662895549679932
3.04084802162097e-05 0.166284771426417
3.07125650183718e-05 0.1662799404259353
3.10196906685555e-05 0.166275061499518
3.1329887575241e-05 0.1662701341756065
3.16431864509934e-05 0.1662651579780892
3.19596183155034e-05 0.1662601324262485
3.22792144986584e-05 0.1662550570347208
3.2602006643645e-05 0.1662499313134546
3.29280267100814e-05 0.1662447547676603
3.32573069771823e-05 0.1662395268977759
3.35898800469541e-05 0.1662342471994134
3.39257788474236e-05 0.1662289151633239
3.42650366358979e-05 0.166223530275344
3.46076870022568e-05 0.1662180920163495
3.49537638722794e-05 0.1662125998622208
3.53033015110022e-05 0.1662070532837841
3.56563345261122e-05 0.1662014517467701
3.60128978713733e-05 0.1661957947117717
3.63730268500871e-05 0.1661900816341827
3.67367571185879e-05 0.1661843119641698
3.71041246897738e-05 0.1661784851466011
3.74751659366716e-05 0.166172600621023
3.78499175960383e-05 0.1661666578215848
3.82284167719987e-05 0.1661606561770146
3.86107009397186e-05 0.1661545951105488
3.89968079491158e-05 0.1661484740398936
3.9386776028607e-05 0.1661422923771703
3.97806437888931e-05 0.1661360495288677
4.0178450226782e-05 0.1661297448957813
4.05802347290498e-05 0.1661233778729803
4.09860370763403e-05 0.1661169478497301
4.13958974471037e-05 0.1661104542094599
4.18098564215747e-05 0.1661038963297005
4.22279549857905e-05 0.1660972735820322
4.26502345356484e-05 0.1660905853320283
4.30767368810049e-05 0.1660838309392121
4.35075042498149e-05 0.1660770097569817
4.39425792923131e-05 0.1660701211325714
4.43820050852362e-05 0.1660631644069977
4.48258251360886e-05 0.1660561389149829
4.52740833874495e-05 0.1660490439849208
4.5726824221324e-05 0.1660418789388108
4.61840924635372e-05 0.1660346430921944
4.66459333881726e-05 0.1660273357541065
4.71123927220543e-05 0.1660199562270146
4.75835166492748e-05 0.1660125038067556
4.80593518157676e-05 0.1660049777824832
4.85399453339253e-05 0.1659973774366032
4.90253447872645e-05 0.1659897020447119
4.95155982351372e-05 0.1659819508755431
5.00107542174885e-05 0.1659741231908973
5.05108617596634e-05 0.165966218245587
5.10159703772601e-05 0.1659582352873726
5.15261300810327e-05 0.1659501735568993
5.2041391381843e-05 0.1659420322876352
5.25618052956614e-05 0.1659338107058066
5.3087423348618e-05 0.1659255080303299
5.36182975821042e-05 0.1659171234727608
5.41544805579252e-05 0.1659086562372124
5.46960253635045e-05 0.1659001055203027
5.52429856171395e-05 0.1658914705110803
5.57954154733109e-05 0.1658827503909661
5.6353369628044e-05 0.1658739443336755
5.69169033243245e-05 0.1658650515051638
5.74860723575677e-05 0.1658560710635521
5.80609330811434e-05 0.1658470021590524
5.86415424119548e-05 0.1658378439339105
5.92279578360744e-05 0.1658285955223347
5.98202374144351e-05 0.1658192560504194
6.04184397885795e-05 0.1658098246360795
6.10226241864653e-05 0.1658003003889786
6.16328504283299e-05 0.165790682410463
6.22491789326132e-05 0.165780969793477
6.28716707219394e-05 0.1657711616225079
6.350038742915879e-05 0.1657612569734976
6.41353913034504e-05 0.1657512549137834
6.477674521648491e-05 0.165741154502013
6.54245126686497e-05 0.1657309547880773
6.607875779533621e-05 0.1657206548130302
6.673954537328961e-05 0.1657102536090224
6.74069408270225e-05 0.1656997501992182
6.80810102352927e-05 0.1656891435977183
6.876182033764561e-05 0.1656784328094907
6.944943854102211e-05 0.1656676168302924
7.01439329264323e-05 0.1656566946465768
7.084537225569659e-05 0.1656456652354456
7.155382597825361e-05 0.1656345275645395
7.22693642380361e-05 0.1656232805919799
7.299205788041651e-05 0.1656119232662773
7.37219784592207e-05 0.1656004545262608
7.44591982438129e-05 0.1655888733009929
7.5203790226251e-05 0.1655771785096851
7.59558281285135e-05 0.1655653690616247
7.671538640979859e-05 0.1655534438560876
7.74825402738966e-05 0.1655414017822564
7.82573656766356e-05 0.1655292417191379
7.9039939333402e-05 0.1655169625354825
7.9830338726736e-05 0.165504563089699
8.062864211400339e-05 0.1654920422297677
8.143492853514339e-05 0.1654793987931582
8.22492778204948e-05 0.165466631606747
8.307177059869981e-05 0.1654537394867231
8.39024883046868e-05 0.1654407212385193
8.474151318773359e-05 0.1654275756567009
8.5588928319611e-05 0.1654143015248985
8.64448176028071e-05 0.1654008976157211
8.730926577883521e-05 0.1653873626906527
8.81823584366235e-05 0.1653736954999741
8.90641820209897e-05 0.165359894782678
8.995482384119961e-05 0.1653459592663724
9.08543720796116e-05 0.1653318876671981
9.17629158004077e-05 0.1653176786897256
9.26805449584118e-05 0.1653033310268885
9.36073504079959e-05 0.1652888433598641
9.45434239120759e-05 0.1652742143580025
9.548885815119661e-05 0.1652594426787289
9.64437467327086e-05 0.1652445269674576
9.74081842000357e-05 0.1652294658574846
9.838226604203611e-05 0.1652142579699082
9.93660887024564e-05 0.1651989019135335
0.000100359749589481 0.1651833962847779
0.000101363347085376 0.1651677396675748
0.00010237698055623 0.1651519306332808
0.000103400750361792 0.1651359677405894
0.00010443475786541 0.1651198495354211
0.000105479105444064 0.1651035745508443
0.000106533896498505 0.1650871413069642
0.00010759923546349 0.1650705483108386
0.000108675227818124 0.1650537940563834
0.000109761980096306 0.1650368770242587
0.000110859599897269 0.1650197956817958
0.000111968195896241 0.1650025484828838
0.000113087877855204 0.1649851338678857
0.000114218756633756 0.1649675502635249
0.000115360944200093 0.1649497960828004
0.000116514553642094 0.1649318697248847
0.000117679699178515 0.1649137695750284
0.0001188564961703 0.1648954940044666
0.000120045061132003 0.1648770413703192
0.000121245511743324 0.1648584100155279
0.000122457966860757 0.164839598268847
0.000123682546529364 0.1648206044463701
0.000124919371994658 0.1648014268353347
0.000126168565714605 0.1647820637405454
0.000127430251371751 0.1647625134209123
0.000128704553885468 0.1647427741334263
0.000129991599424323 0.1647228441188339
0.000131291515418566 0.1647027216027415
0.000132604430572752 0.1646824047956086
0.000133930474878479 0.1646618918927012
0.000135269779627264 0.1646411810739448
0.000136622477423537 0.1646202705038618
0.000137988702197772 0.164599158331463
0.00013936858921975 0.1645778426901519
0.000140762275111947 0.1645563216976181
0.000142169897863067 0.1645345934557504
0.000143591596841697 0.1645126560505289
0.000145027512810114 0.1644905075519261
0.000146477787938216 0.164468146013815
0.000147942565817598 0.164445569473861
0.000149421991475774 0.1644227759534374
0.000150916211390531 0.16439976345751
0.000152425373504437 0.164376529974553
0.000153949627239481 0.1643530734764459
0.000155489123511876 0.1643293919183753
0.000157044014746995 0.1643054832387446
0.000158614454894465 0.1642813453590711
0.000160200599443409 0.1642569761838899
0.000161802605437843 0.1642323736006564
0.000163420631492222 0.1642075354796671
0.000165054837807144 0.164182459673942
0.000166705386185215 0.1641571440191405
0.000168372440047068 0.1641315863334787
0.000170056164447538 0.164105784417612
0.000171756726092014 0.1640797360545707
0.000173474293352934 0.1640534390096412
0.000175209036286463 0.1640268910302957
0.000176961126649328 0.1640000898460952
0.000178730737915821 0.1639730331685895
0.000180518045294979 0.1639457186912481
0.000182323225747929 0.1639181440893553
0.000184146458005408 0.1638903070199285
0.000185987922585462 0.1638622051216361
0.000187847801811317 0.1638338360147099
0.00018972627982943 0.1638051973008557
0.000191623542627725 0.1637762865631754
0.000193539778054002 0.1637471013660868
0.000195475175834542 0.163717639255235
0.000197429927592887 0.1636878977574156
0.000199404226868816 0.1636578743805059
0.000201398269137504 0.1636275666133675
0.000203412251828879 0.1635969719257918
0.000205446374347168 0.1635660877684059
0.00020750083809064 0.163534911572616
0.000209575846471546 0.163503440750523
0.000211671604936262 0.1634716726948562
0.000213788320985624 0.163439604778912
0.000215926204195481 0.1634072343564718
0.000218085466237435 0.1633745587617512
0.00022026632089981 0.1633415753093251
0.000222468984108808 0.1633082812940741
0.000224693673949896 0.1632746739911172
0.000226940610689395 0.1632407506557558
0.000229210016796289 0.1632065085234255
0.000231502116964252 0.163171944809632
0.000233817138133894 0.1631370567098956
0.000236155309515233 0.1631018413997146
0.000238516862610385 0.1630662960345121
0.000240902031236489 0.1630304177495828
0.000243311051548854 0.1629942036600578
0.000245744162064343 0.1629576508608682
0.000248201603684986 0.1629207564266916
0.000250683619721836 0.1628835174119333
0.000253190455919054 0.1628459308506817
0.000255722360478245 0.1628079937566878
0.000258279584083027 0.1627697031233251
0.000260862379923858 0.1627310559235759
0.000263471003723096 0.1626920491100105
0.000266105713760327 0.162652679614758
0.00026876677089793 0.1626129443494997
0.00027145443860691 0.1625728402054534
0.000274168982992979 0.1625323640533676
0.000276910672822909 0.1624915127435111
0.000279679779551138 0.1624502831056764
0.000282476577346649 0.1624086719491763
0.000285301343120116 0.1623666760628478
0.000288154356551317 0.162324292215072
0.00029103590011683 0.1622815171537683
0.000293946259117998 0.1622383476064262
0.000296885721709178 0.1621947802801209
0.00029985457892627 0.1621508118615294
0.000302853124715533 0.1621064390169727
0.000305881655962688 0.1620616583924357
0.000308940472522315 0.1620164666135995
0.000312029877247538 0.1619708602858876
0.000315150176020014 0.1619248359944787
0.000318301677780214 0.1618783903043291
0.000321484694558016 0.1618315197600531
0.000324699541503596 0.1617842208852156
0.000327946536918632 0.1617364901741509
0.000331226002287818 0.1616883242090826
0.000334538262310697 0.1616397192742906
0.000337883644933803 0.1615906719364348
0.000341262481383142 0.1615411785999065
0.000344675106196973 0.1614912356691139
0.000348121857258943 0.1614408395304417
0.000351603075831532 0.1613899865512324
0.000355119106589847 0.1613386730796938
0.000358670297655746 0.16128689544493
0.000362257000632303 0.1612346499570689
0.000365879570638626 0.1611819329073658
0.000369538366345013 0.1611287405683395
0.000373233750008463 0.1610750691939131
0.000376966087508547 0.1610209150195527
0.000380735748383633 0.1609662742624358
0.000384543105867469 0.1609111431215943
0.000388388536926144 0.160855517778104
0.000392272422295405 0.1607993943952424
0.00039619514651836 0.1607427691186832
0.000400157097983543 0.1606856380766816
0.000404158668963379 0.160627997380279
0.000408200255653012 0.160569843123496
0.000412282258209542 0.1605111713835594
0.000416405080791638 0.1604519782211245
0.000420569131599554 0.1603922596804861
0.00042477482291555 0.1603320117898439
0.000429022571144705 0.1602712305615232
0.000433312796856152 0.1602099119922457
0.000437645924824714 0.1601480520633913
0.000442022384072961 0.1600856467412041
0.000446442607913691 0.1600226919773039
0.000450907033992828 0.1599591837086407
0.000455416104332756 0.1598951178580216
0.000459970265376083 0.1598304903343497
0.000464569968029844 0.15976529703442
0.000469215667710143 0.1596995338373707
0.000473907824387244 0.1596331966138307
0.000478646902631117 0.1595662812203837
0.000483433371657428 0.1594987835014051
0.000488267705374002 0.1594306992894188
0.000493150382427742 0.1593620244054726
0.0004980818862520199 0.1592927546595319
0.00050306270511454 0.1592228858508688
0.000508093332165685 0.1591524137684641
0.000513174265487342 0.1590813341914382
0.000518306008142215 0.1590096428894675
0.0005234890682236369 0.1589373356231539
0.000528723958905874 0.1588644081447527
0.000534011198494933 0.1587908561982204
0.000539351310479882 0.1587166755199572
0.000544744823584681 0.158641861839213
0.000550192271820528 0.1585664108785985
0.000555694194538733 0.1584903183545672
0.00056125113648412 0.1584135799779459
0.000566863647848961 0.1583361914544499
0.000572532284327451 0.1582581484852249
0.000578257607170726 0.1581794467673882
0.000584040183242433 0.1581000819945903
0.000589880585074857 0.1580200498575687
0.000595779390925606 0.1579393460447222
0.000601737184834862 0.1578579662426403
0.00060775455668321 0.1577759061366226
0.000613832102250043 0.1576931614108887
0.000619970423272543 0.157609727747636
0.000626170127505268 0.1575256009007413
0.000632431828780321 0.157440777308572
0.000638756147068124 0.1573552501273836
0.000645143708538805 0.1572690176056404
0.0006515951456241939 0.1571820746142109
0.000658111097080435 0.1570944179661703
0.00066469220805124 0.1570060400025768
0.000671339130131752 0.1569169397954867
0.00067805252143307 0.1568271119408131
0.0006848330466474 0.1567365521623936
0.000691681377113875 0.1566452561919461
0.000698598190885013 0.1565532197698154
0.000705584172793863 0.1564604386457194
0.000712640014521802 0.1563669085795389
0.00071976641466702 0.1562726253420982
0.00072696407881369 0.1561775847159693
0.000734233719601827 0.1560817824962911
0.000741576056797845 0.1559852144915858
0.000748991817365824 0.155887876524592
0.000756481735539482 0.1557897644331027
0.000764046552894877 0.1556908740708214
0.000771687018423826 0.155591201308218
0.000779403888608064 0.1554907420333936
0.000787197927494145 0.155389492152951
0.000795069906769086 0.1552874475928795
0.000803020605836777 0.1551846042994377
0.000811050811895145 0.1550809582400513
0.000819161320014096 0.1549765054042112
0.000827352933214237 0.15487124180437
0.00083562646254638 0.1547651634768633
0.000843982727171843 0.1546582664828132
0.0008524225544435619 0.1545505469090438
0.000860946779987997 0.1544420008690094
0.000869556247787878 0.1543326245037077
0.000878251810265756 0.1542224139826033
0.000887034328368414 0.154111365504558
0.000895904671652098 0.1539994752987463
0.000904863718368619 0.1538867396255856
0.000913912355552305 0.1537731547776562
0.000923051479107828 0.1536587170806224
0.0009322819938989071 0.1535434228941392
0.000941604813837896 0.1534272686127876
0.000951020861976275 0.1533102506669651
0.000960531070596037 0.1531923655237983
0.000970136381301998 0.1530736096880597
0.000979837745115018 0.1529539797030901
0.0009896361225661681 0.1528334721518841
0.00099953248379183 0.1527120836138919
0.00100952780862975 0.1525898122720059
0.00101962308671605 0.1524666506373209
0.00102981931758321 0.1523425993409799
0.00104011751075904 0.1522176541321633
0.00105051868586663 0.1520918117255492
0.00106102387272529 0.1519650690033662
0.00107163411145255 0.151837422893403
0.00108235045256707 0.151708870369995
0.00109317395709274 0.1515794084548012
0.00110410569666367 0.1514490342175173
0.00111514675363031 0.1513177447765361
0.00112629822116661 0.151185537299606
0.00113756120337828 0.1510524090044313
0.00114893681541206 0.1509183571592451
0.00116042618356618 0.1507833790833725
0.00117203044540184 0.1506474721477228
0.00118375074985586 0.150510633775284
0.00119558825735442 0.1503728614415414
0.00120754413992796 0.1502341526748904
0.00121961958132724 0.1500945050569871
0.00123181577714052 0.1499539162230593
0.00124413393491192 0.1498123838621782
0.00125657527426104 0.1496699057174745
0.00126914102700365 0.1495264794643759
0.00128183243727369 0.1493821033203908
0.00129465076164642 0.1492367748258502
0.00130759726926289 0.1490904920632385
0.00132067324195552 0.1489432530474741
0.00133387997437507 0.1487950558477522
0.00134721877411882 0.1486458985873493
0.00136069096186001 0.1484957794434007
0.00137429787147861 0.1483446966465664
0.0013880408501934 0.1481926484806286
0.00140192125869533 0.1480396332819367
0.00141594047128228 0.1478856494384592
0.00143009987599511 0.1477306953869514
0.00144440087475506 0.1475747697552635
0.00145884488350261 0.1474178706353462
0.00147343333233764 0.1472599981385989
0.00148816766566101 0.1471011479041345
0.00150304934231762 0.1469413212100238
0.0015180798357408 0.1467805160053331
0.00153326063409821 0.1466187310672843
0.00154859324043919 0.1464559652187498
0.00156407917284358 0.1462922173259709
0.00157971996457202 0.1461274862968388
0.00159551716421774 0.145961771079307
0.00161147233585991 0.1457950706597438
0.00162758705921851 0.1456273840612359
0.0016438629298107 0.1454587103418127
0.00166030155910881 0.1452890485925647
0.00167690457469989 0.1451183979356989
0.00169367362044689 0.1449467575224847
0.00171061035665136 0.1447741265311232
0.00172771646021787 0.144600504164517
0.00174499362482005 0.1444258896479481
0.00176244356106825 0.1442502822266799
0.00178006799667894 0.1440736811634569
0.00179786867664573 0.1438960857359091
0.00181584736341218 0.1437174952338643
0.0018340058370463 0.1435379089356813
0.00185234589541677 0.1433573261840581
0.00187086935437094 0.1431757462669981
0.00188957804791465 0.1429931684857145
0.00190847382839379 0.1428095923152835
0.00192755856667773 0.1426250165267501
0.00194683415234451 0.1424394410773392
0.00196630249386795 0.1422528654788236
0.00198596551880663 0.1420652879456871
0.0020058251739947 0.1418767083315165
0.00202588342573464 0.1416871256264552
0.00204614225999199 0.141496539379948
0.00206660368259191 0.141304948697567
0.00208726971941783 0.1411123526308035
0.00210814241661201 0.1409187503104574
0.00212922384077813 0.140724140817957
0.00215051607918591 0.1405285231920726
0.00217202123997777 0.1403318963976591
0.00219374145237755 0.1401342594425567
0.00221567886690132 0.1399356111954258
0.00223783565557034 0.1397359505027121
0.00226021401212604 0.1395352761560338
0.0022828161522473 0.139333586889662
0.00230564431376977 0.1391308813781847
0.00232870075690747 0.1389271583520283
0.00235198776447654 0.1387224161438207
0.00237550764212131 0.1385166533093446
0.00239926271854252 0.1383098682638332
0.00242325534572795 0.1381020592006694
0.00244748789918523 0.1378932245950163
0.00247196277817708 0.1376833630432158
0.00249668240595885 0.1374724716749113
0.00252164923001844 0.1372605498701852
0.00254686572231862 0.1370475944937535
0.00257233437954181 0.1368336039740455
0.00259805772333723 0.1366185761581372
0.0026240383005706 0.1364025084709506
0.00265027868357631 0.1361853995993826
0.00267678147041207 0.1359672461104295
0.00270354928511619 0.1357480460231079
0.00273058477796735 0.135527796891819
0.00275789062574703 0.1353064965444462
0.0027854695320045 0.1350841418142207
0.00281332422732454 0.1348607306782839
0.00284145746959779 0.1346362603945266
0.00286987204429376 0.134410728324849
0.0028985707647367 0.1341841300225831
0.00292755647238407 0.1339564684778854
0.00295683203710791 0.1337277352717744
0.00298640035747899 0.1334979307446927
0.00301626436105378 0.1332670506441652
0.00304642700466432 0.1330350937029487
0.00307689127471096 0.1328020571920824
0.00310766018745807 0.1325679387466205
0.00313873678933265 0.1323327365629868
0.00317012415722598 0.1320964476810796
0.00320182539879824 0.1318590705503316
0.00323384365278622 0.1316206033614477
0.00326618208931408 0.1313810444916313
0.00329884391020722 0.1311403925292053
0.00333183234930929 0.1308986462995694
0.00336515067280239 0.1306558048921886
0.00339880217953041 0.1304118815838324
0.00343279020132572 0.130166848715462
0.00346711810333897 0.1299207190741827
0.00350178928437236 0.1296734941281157
0.00353680717721609 0.1294251745205295
0.00357217524898825 0.1291757615882472
0.00360789700147813 0.1289252571773624
0.00364397597149291 0.128673663677136
0.00368041573120784 0.1284209840610561
0.00371721988851992 0.1281672219305973
0.00375439208740512 0.1279123815491409
0.00379193600827917 0.1276564679442941
0.00382985536836196 0.1273994869321571
0.00386815392204558 0.1271414447331571
0.00390683546126603 0.1268823480162256
0.0039459038158787 0.1266222080330691
0.00398536285403748 0.1263610314505
0.00402521648257786 0.126098829334812
0.00406546864740364 0.1258356131347798
0.00410612333387767 0.1255713954130874
0.00414718456721645 0.1253061899234301
0.00418865641288861 0.125040011669505
0.0042305429770175 0.1247728769602934
0.00427284840678767 0.1245048035216212
0.00431557689085555 0.1242358103919307
0.00435873265976411 0.1239659182191265
0.00440231998636175 0.1236951491463238
0.00444634318622536 0.1234235269336478
0.00449080661808762 0.1231510770194578
0.00453571468426849 0.1228778262984805
0.00458107183111118 0.1226038039134723
0.00462688254942229 0.1223290412107759
0.00467315137491651 0.122053570057563
0.00471988288866568 0.1217774246768974
0.00476708171755234 0.1215006465869593
0.00481475253472786 0.1212232635127161
0.00486290006007514 0.1209453271830104
0.00491152906067589 0.1206668731370303
0.00496064435128265 0.1203879530675887
0.00501025079479548 0.1201086099247681
0.00506035330274343 0.1198288953122108
0.00511095683577087 0.119548859907557
0.00516206640412858 0.1192685585824112
0.00521368706816986 0.1189880476320321
0.00526582393885156 0.1187073874853107
0.00531848217824008 0.1184266382768195
0.00537166700002248 0.1181458644529671
0.0054253836700227 0.117865132401113
0.00547963750672293 0.1175845106904937
0.00553443388179016 0.1173040714217173
0.00558977822060806 0.1170238877033443
0.00564567600281414 0.116744035656323
0.00570213276284228 0.1164645940306499
0.0057591540904707 0.1161856438506545
0.00581674563137541 0.115907268624989
0.00587491308768917 0.1156295432296025
0.00593366221856606 0.1153525754805299
0.00599299884075172 0.115076456058553
0.00605292882915924 0.1148012587876733
0.00611345811745083 0.1145270869067635
0.00617459269862534 0.1142540363496479
0.00623633862561159 0.1139822068925849
0.00629870201186771 0.1137116986186151
0.00636168903198638 0.1134426137603029
0.00642530592230625 0.1131750567434493
0.00648955898152931 0.1129091331810392
0.0065544545713446 0.1126449505607331
0.00661999911705805 0.1123826177218929
0.00668619910822863 0.1121222448957162
0.00675306109931092 0.1118639435273954
0.00682059171030403 0.1116078172090752
0.00688879762740707 0.1113540011890206
0.00695768560368114 0.1111025949175752
0.00702726245971795 0.1108537169723009
0.00709753508431513 0.1106074831737281
0.00716851043515828 0.1103640104322943
0.00724019553950986 0.1101234160002174
0.00731259749490496 0.1098858174254491
0.00738572346985401 0.1096513328132395
0.00745958070455255 0.1094200794081303
0.00753417651159808 0.1091921756798021
0.00760951827671406 0.1089677388588442
0.0076856134594812 0.1087468870430356
0.00776246959407601 0.1085297370181183
0.00784009429001677 0.1083164070504285
0.00791849523291694 0.1081070111997278
0.00799768018524611 0.1079016662651326
0.00807765698709857 0.1077004874307367
0.00815843355696956 0.1075035890256748
0.00824001789253925 0.1073110845764721
0.00832241807146464 0.1071230867725784
0.008405642252179289 0.1069397081769239
0.00848969867470108 0.1067610583418993
0.0085745956614481 0.1065872479840573
0.008660341618062581 0.1064183865830063
0.008746945034243199 0.1062545810098115
0.008834414484585631 0.106095940159366
0.008922758629431491 0.1059425689455503
0.0090119862157258 0.1057945733355249
0.00910210607788306 0.1056520570115011
0.00919312713866189 0.1055151255465624
0.00928505841004851 0.1053838798161264
0.009377908994149 0.1052584242545726
0.00947168808409049 0.1051388600133928
0.009566404964931391 0.1050252868579354
0.00966206901458071 0.1049178092973851
0.009758689704726511 0.1048165260469061
0.009856276601773781 0.1047215394150223
0.00995483936779152 0.1046329498031603
0.0100543877614694 0.1045508604079033
0.0101549316390841 0.1044753712585144
0.010256480955475 0.104406586437042
0.0103590457650297 0.1043446081213075
0.01046263622268 0.104289542183678
0.0105672625849068 0.104241494262041
0.0106729352107559 0.1042005753274823
0.0107796645628634 0.1041668889261283
0.0108874612084921 0.104140547223082
0.010996335820577 0.1041216645881112
0.0111062991787828 0.1041103580009965
0.0112173621705706 0.1041067439165408
0.0113295357922763 0.1041109425264939
0.0114428311501991 0.1041230833620311
0.0115572594617011 0.1041432912621119
0.0116728320563181 0.1041717000801572
0.0117895603768812 0.1042084395794939
0.0119074559806501 0.1042536581191924
0.0120265305404566 0.1043074920694045
0.0121467958458611 0.10437009436855
0.0122682638043197 0.1044416196357105
0.0123909464423629 0.1045222238132755
0.0125148559067866 0.1046120732221518
0.0126400044658544 0.1047113353260476
0.012766404510513 0.1048201884880159
0.0128940685556181 0.1049388152546781
0.0130230092411743 0.1050674037796862
0.013153239333586 0.1052061479893688
0.0132847717269219 0.1053552500407138
0.0134176194441911 0.1055149161282781
0.013551795638633 0.1056853686804293
0.0136873135950193 0.1058668289565115
0.0138241867309695 0.106059525547025
0.0139624285982792 0.1062636992960176
0.014102052884262 0.106479598254908
0.0142430734131046 0.1067074781381304
0.0143855041472357 0.1069476039139264
0.014529359188708 0.1072002494956123
0.0146746527805951 0.1074656978963808
0.0148213993084011 0.1077442409662375
0.0149696133014851 0.1080361821240607
0.0151193094344999 0.1083418331593423
0.0152705025288449 0.1086615161864928
0.0154232075541334 0.1089955656152996
0.0155774396296747 0.1093443256034208
0.0157332140259715 0.1097081489846682
0.0158905461662312 0.1100874093960959
0.0160494516278935 0.1104824806828535
0.0162099461441724 0.1108937582761786
0.0163720456056142 0.1113216471707073
0.0165357660616703 0.1117665641550079
0.016701123722287 0.1122289421133321
0.0168681349595099 0.1127092276613239
0.017036816309105 0.1132078831847355
0.017207184472196 0.1137253852756611
0.017379256316918 0.1142622265189082
0.0175530488800872 0.114818915928983
0.017728579368888 0.1153959802788739
0.0179058651625769 0.1159939641169107
0.0180849238142027 0.1166134294868919
0.0182657730523447 0.1172549575543684
0.0184484307828682 0.1179191511288395
0.0186329150906968 0.1186066299340212
0.0188192442416038 0.1193180380668622
0.0190074366840199 0.1200540407740046
0.0191975110508601 0.120815321300155
0.0193894861613687 0.1216025928046069
0.0195833810229823 0.1224165884029866
0.0197792148332122 0.1232580667741225
0.0199770069815443 0.1241278105309177
0.0201767770513597 0.125026628201347
0.0203785448218733 0.1259553665526134
0.0205823302700921 0.126914868255578
0.020788153572793 0.1279060376556673
0.0209960351085209 0.1289297987362329
0.0212059954596061 0.1299870862632471
0.0214180554142022 0.1310788739593458
0.0216322359683442 0.1322061752458377
0.0218485583280276 0.1333700264603548
0.0220670439113079 0.1345714814553652
0.022287714350421 0.1358116483590796
0.0225105914939252 0.1370916156504405
0.0227356974088645 0.1384125731132109
0.0229630543829531 0.1397756641232698
0.0231926849267826 0.141182098796682
0.0234246117760505 0.1426331066087311
0.023658857893811 0.1441299349360047
0.0238954464727491 0.1456738514449066
0.0241344009374766 0.147266146137022
0.0243757449468513 0.1489081178841195
0.0246195023963198 0.1506010839837511
0.024865697420283 0.1523463886708354
0.0251143543944859 0.1541453495732375
0.0253654979384307 0.1559992932502652
0.025619152917815 0.1579095382446897
0.0258753444469932 0.1598774222111474
0.0261340978914631 0.1619042001917899
0.0263954388703778 0.1639911553960882
0.0266593932590815 0.1661395008504993
0.0269259871916724 0.1683504647306443
0.0271952470635891 0.170625130472224
0.027467199534225 0.172964577730847
0.0277418715295672 0.1753697753840745
0.0280192902448629 0.1778416768979075
0.0282994831473115 0.180381001846635
0.0285824779787846 0.1829885073883328
0.0288683027585725 0.1856646569376247
0.0291569857861582 0.1884099477182957
0.0294485556440198 0.1912245923012042
0.02974304120046 0.1941086865209024
0.0300404716124646 0.1970620920115864
0.0303408763285892 0.2000845355053835
0.0306442850918751 0.2031755243176169
0.0309507279427939 0.2063343014497152
0.0312602352222218 0.2095599521500423
0.031572837574444 0.212851260470778
0.0318885659501885 0.2162067486947338
0.0322074516096904 0.2196249065371352
0.0325295261257873 0.2231036300549608
0.0328548213870451 0.2266408561690693
0.0331833696009156 0.2302341746632562
0.0335152032969248 0.2338809785534935
0.033850355329894 0.2375784028901488
0.0341888588831929 0.2413234174753455
0.0345307474720249 0.2451127811818283
0.0348760549467451 0.2489431164894245
0.0352248154962126 0.2528108906116929
0.0355770636511747 0.256712402366079
0.0359328342876865 0.2606439368919897
0.0362921626305633 0.2646016464097927
0.036655084256869 0.2685816232763381
0.0370216350994376 0.2725799268260442
0.037391851450432 0.276592696101311
0.0377657699649363 0.280616038895817
0.0381434276645857 0.2846461086802953
0.0385248619412316 0.2886791345694025
0.0389101105606439 0.2927114427395722
0.0392992116662503 0.2967394926981731
0.0396922037829128 0.3007597876754441
0.0400891258207419 0.3047690714682736
0.0404900170789494 0.3087641591799885
0.0408949172497389 0.3127420287336466
0.0413038664222363 0.3166998537835826
0.0417169050864586 0.3206349659028789
0.0421340741373232 0.3245448762878462
0.0425554148786964 0.3284272253154156
0.0429809690274834 0.3322798771644225
0.0434107787177582 0.3361008413690423
0.0438448865049358 0.3398882916788761
0.0442833353699852 0.3436405930889325
0.044726168723685 0.3473562602212113
0.0451734304109219 0.351033826615526
0.0456251647150311 0.3546723617328298
0.0460814163621814 0.3582705656914035
0.0465422305258032 0.3618275943197269
0.0470076528310613 0.3653426333336934
0.0474777293593719 0.3688150343866076
0.0479525066529656 0.3722441924457636
0.0484320317194952 0.3756296839843731
0.0489163520366902 0.3789711207149269
0.0494055155570571 0.3822682036326803
0.0498995707126277 0.3855207746536116
0.0503985664197539 0.3887286689860666
0.0509025520839515 0.3918919330079551
0.051411577604791 0.395010496931717
0.0519256933808389 0.3980844578208445
0.0524449503146473 0.4011139733170087
0.0529693998177938 0.4040992099300947
0.0534990938159717 0.4070403895694634
0.0540340847541314 0.409937799618423
0.0545744256016727 0.4127917262083903
0.0551201698576895 0.4156025124681658
0.0556713715562664 0.4183705542860398
0.056228085271829 0.4210962242545591
0.0567903661245473 0.4237798941305584
0.0573582697857928 0.4264220993915863
0.0579318524836507 0.4290232475617287
0.0585111710084872 0.4315838166061077
0.0590962827185721 0.4341043008492068
0.0596872455457578 0.4365852250815519
0.0602841180012154 0.439027087593885
0.0608869591812276 0.4414303921452706
0.0614958287730398 0.4437956887313648
0.0621107870607702 0.4461235285940838
0.0627318949313779 0.4484144429512353
0.0633592138806917 0.4506689959522471
0.0639928060194986 0.4528877485293997
0.0646327340796936 0.4550712119251719
0.0652790614204906 0.4572200030216678
0.0659318520346955 0.4593346526633535
0.06659117055504241 0.4614157320648508
0.06725708226059279 0.4634638081582842
0.0679296530831988 0.4654794220571492
0.0686089496140308 0.4674631504460071
0.0692950391101711 0.4694155401832683
0.0699879895012728 0.4713371606886303
0.0706878693962855 0.4732285492859206
0.0713947480902484 0.4750902480505297
0.0721086955711509 0.4769228373325826
0.0728297825268624 0.4787268334287174
0.073558080352131 0.4805027655100214
0.07429366115565229 0.4822511875980465
0.07503659776720881 0.4839725865117129
0.07578696374488091 0.4856675047333098
0.0765448333823297 0.4873364693428732
0.07731028171615301 0.488979955338235
0.07808338453331461 0.4905984835102063
0.0788642183786477 0.4921925260494473
0.0796528605624342 0.4937625797362215
0.08044938916805849 0.4953090945125967
0.0812538830597391 0.4968325729428602
0.0820664218903365 0.4983334621381779
0.08288708610923989 0.4998122003457564
0.08371595697033229 0.5012692337789338
0.0845531165400356 0.5027049960708371
0.085398647705436 0.504119906824461
0.0862526341824903 0.5055143654992131
0.0871151605243152 0.5068887826333125
0.0879863121295584 0.508243570046259
0.0888661752508539 0.5095790944139594
0.08975483700336249 0.5108957147186176
0.09065238537339609 0.5121938283406681
0.0915589092271301 0.5134738207103816
0.0924744983194014 0.5147359478159284
0.0933992433025954 0.5159806083290955
0.0943332357356213 0.5172081253465133
0.0952765680929776 0.5184188083627576
0.0962293337739073 0.519612990038026
0.0971916271116464 0.5207909494977343
0.0981635433827629 0.521952995665647
0.0991451788165905 0.5230994044438222
0.100136630604756 0.5242304691434078
0.101137996910804 0.5253464665360894
0.102149376879912 0.5264476433170697
0.103170870648711 0.5275342860153933
0.104202579355198 0.5286066149696551
0.10524460514875 0.5296649053358885
0.106297051200238 0.5307093920183956
0.10736002171224 0.5317403004849671
0.108433621929363 0.5327578655931154
0.109517958148656 0.5337623103366852
0.110613137730143 0.5347538668724678
0.111719269107444 0.5357327370555887
0.112836461798519 0.5366991331322691
0.113964826416504 0.5376532833328554
0.115104474680669 0.5385953637447436
0.116255519427476 0.5395255889650366
0.11741807462175 0.5404441536756034
0.118592255367968 0.5413512481366821
0.119778177921647 0.5422470724111278
0.120975959700864 0.543131803415509
0.122185719297873 0.5440056301151744
0.123407576490851 0.5448687348083678
0.12464165225576 0.5457212933157292
0.125888068778317 0.5465634858495715
0.127146949466101 0.5473954842789053
0.128418418960762 0.5482174597881165
0.129702603150369 0.5490295847463993
0.130999629181873 0.5498320271741501
0.132309625473692 0.5506249390752519
0.133632721728429 0.5514084935534888
0.134969048945713 0.5521828567629852
0.13631873943517 0.5529481682091435
0.137681926829522 0.5537045830834773
0.139058746097817 0.5544522641971602
0.140449333558795 0.5551913526463925
0.141853826894383 0.5559219941773818
0.143272365163327 0.5566443346080664
0.14470508881496 0.557358494953157
0.14615213970311 0.5580646465355259
0.147613661100141 0.5587628978958039
0.149089797711142 0.5594533742686031
0.150580695688254 0.5601362101078934
0.152086502645136 0.5608115302026431
0.153607367671588 0.5614794417580571
0.155143441348303 0.5621400694992787
0.156694875761787 0.5627935141277471
0.158261824519404 0.5634398883311134
0.159844442764598 0.5640792891584033
0.161442887192244 0.5647118115279531
0.163057316064167 0.5653375488432161
0.164687889224809 0.5659565891532041
0.166334768117057 0.5665690164511497
0.167998115798227 0.5671749016108025
0.169678096956209 0.5677743220598626
0.171374877925772 0.5683673438109068
0.173088626705029 0.5689540291609632
0.17481951297208 0.5695344292314148
0.1765677081018 0.570108605819393
0.178333385182818 0.5706765965974511
0.180116719034647 0.5712384437334436
0.181917886224993 0.571794187409444
0.183737065087243 0.5723438584155977
0.185574435738115 0.5728874806921656
0.187430180095497 0.573425083945359
0.189304481896452 0.5739566785744639
0.191197526715416 0.5744822893582406
0.19310950198257 0.5750019363971159
0.195040597002396 0.5755156559364036
0.19699100297242 0.5760233883928253
0.198960913002144 0.5765262658362815
0.200950522132166 0.5770277841523042
0.202960027353487 0.5775149927588276
0.204989627627022 0.5779976958887463
0.207039523903292 0.5784743182448974
0.209109919142325 0.5789449164550494
0.211201018333748 0.5794094156989472
0.213313028517086 0.5798677621439396
0.215446158802257 0.580319908269732
0.217600620390279 0.5807658062322226
0.219776626594182 0.5812054087163494
0.221974392860124 0.5816386672859415
0.224194136788725 0.5820655324682743
0.226436078156613 0.5824859529532351
0.228700438938179 0.5828998761482826
0.23098744332756 0.5833072484862032
0.233297317760836 0.5837080133009541
0.235630290938444 0.5841021138542948
0.237986593847829 0.5844894959223726
0.240366459786307 0.5848700934085953
0.24277012438417 0.5852438477148504
0.245197825628012 0.5856106998715743
0.247649803884292 0.5859705804948989
0.250126301923135 0.586323429348802
0.252627564942366 0.5866691745759204
0.25515384059179 0.5870077525174263
0.257705378997708 0.5873390883789976
0.260282432787685 0.5876631133215208
0.262885257115562 0.5879797465800122
0.265514109686717 0.5882889160462164
0.268169250783585 0.5885905405539515
0.27085094329142 0.5888845371962173
0.273559452724335 0.5891708212811012
0.276295047251578 0.589449301404634
0.279057997724094 0.589719884997884
0.281848577701335 0.5899824776576673
0.284667063478348 0.5902369789499197
0.287513734113132 0.5904832821107693
0.290388871454263 0.5907212770727736
0.293292760168805 0.5909508512236886
0.296225687770494 0.5911718864688181
0.299187944648198 0.5913842556812731
0.30217982409468 0.5915878256388981
0.305201622335627 0.5917824656111721
0.308253638558984 0.5919680258703302
0.311336174944573 0.5921443629106897
0.314449536694019 0.5923113189985476
0.317594032060959 0.5924687282600344
0.320769972381569 0.5926164311970895
0.323977672105385 0.5927542390115703
0.327217448826438 0.5928819760964273
0.330489623314703 0.5929994468118159
0.33379451954785 0.5931064536364613
0.337132464743328 0.5932027886868922
0.340503789390762 0.5932882402113462
0.343908827284669 0.5933625821320023
0.347347915557516 0.593425585263065
0.350821394713091 0.5934770089562678
0.354329608660222 0.5935166087178868
0.357872904746824 0.5935441314969382
0.361451633794292 0.5935593084728474
0.365066150132235 0.5935618714060263
0.368716811633558 0.5935515351947375
0.372403979749893 0.5935280181705644
0.376128019547392 0.5934910138659835
0.379889299742866 0.5934402234288325
0.383688192740295 0.5933753292517526
0.387525074667698 0.5932960083073914
0.391400325414375 0.5932019273110316
0.395314328668518 0.593092747043434
0.399267471955204 0.5929681176546162
0.403260146674756 0.5928276774890908
0.407292748141503 0.5926710607858011
0.411365675622918 0.5924978889270882
0.415479332379147 0.5923077779447543
0.419634125702939 0.5921003311266007
0.423830466959968 0.5918751440059459
0.428068771629568 0.5916318008686324
0.432349459345864 0.5913698791990315
0.436672953939322 0.5910889424199997
0.441039683478716 0.5907885474950614
0.445450080313503 0.5904682399062253
0.449904581116638 0.5901275532603489
0.454403626927804 0.5897660131764093
0.458947663197082 0.5893831309144693
0.463537139829053 0.5889784082793383
0.468172511227344 0.5885513350778531
0.472854236339617 0.5881013865568226
0.477582778703013 0.5876280278145349
0.482358606490043 0.587130709353563
0.487182192554944 0.5866088698414915
0.492054014480493 0.5860619287677126
0.496974554625298 0.5854892945813197
0.501944300171551 0.5848903593517459
0.506963743173267 0.5842644981679902
0.512033380604999 0.5836110679433874
0.517153714411049 0.5829294100586957
0.52232525155516 0.5822188435236118
0.527548504070711 0.5814786709106241
0.532823989111418 0.5807081702521235
0.538152229002533 0.5799066005150921
0.543533751292558 0.5790731965847619
0.548969088805484 0.5782071697067058
0.554458779693538 0.5773077057154722
0.560003367490474 0.5763739646153279
0.565603401165378 0.5754050770113844
0.571259435177032 0.5744001475342276
0.576972029528803 0.5733582477648705
0.582741749824091 0.5722784213622355
0.588569167322331 0.5711596757115043
0.5944548589955549 0.5700009850476907
0.60039940758551 0.5688012861790941
0.606403401661365 0.5675594813762878
0.612467435677979 0.5662744336360425
0.618592110034759 0.5649449603976591
0.624778031135106 0.5635698415188525
0.631025811446457 0.5621478085757502
0.637336069560922 0.5606775502289628
0.643709430256531 0.559157704035635
0.650146524559097 0.5575868523847907
0.656647989804688 0.5559635292834811
0.663214469702734 0.5542862091264026
0.669846614399762 0.5525533097321215
0.6765450805437589 0.5507631847488859
0.6833105313491969 0.5489141267095623
0.690143636662689 0.5470043404529615
0.697045073029316 0.5450319831728681
0.704015523759609 0.5429951184947379
0.711055678997205 0.5408917322005554
0.718166235787177 0.5387197250874164
0.725347898145049 0.5364769014891033
0.732601377126499 0.534160981050264
0.739927390897764 0.5317695478347709
0.747326664806742 0.5293001017664519
0.7547999314548089 0.5267500196545759
0.762347930769357 0.5241165572345172
0.7699714100770511 0.521396815708679
0.777671124177822 0.5185877644455761
0.7854478354195999 0.5156862150822814
0.793302313773796 0.5126888085101389
0.801235336911534 0.5095920093940827
0.809247690280649 0.5063920876363339
0.817340167183456 0.5030851014270902
0.82551356885529 0.4996668857489844
0.833768704543843 0.4961330290591967
0.842106391589282 0.492478864934752
0.8505274555051739 0.4886994074827384
0.8547800927827 0.4867562110988023
0.859032730060226 0.4847894072755276
0.863327893710527 0.4827786739380433
0.867623057360828 0.4807432353310103
0.871961172647633 0.4786620138052656
0.874130230291035 0.4776117186507854
0.876299287934437 0.4765548996026225
0.878490036154273 0.4754808467583724
0.880680784374109 0.4744000476356801
0.882871532593945 0.4733124529837742
0.885062280813781 0.4722180122354489
0.887274936515815 0.4711056259492362
0.88948759221785 0.4699861548809576
0.893912903621919 0.4677257279137655
0.898382468140029 0.4654132534252715
0.902852032658138 0.4630707204709517
0.907366292821429 0.4606737547641853
0.91188055298472 0.4582451123007421
0.916439955749644 0.4557594860504937
0.920999358514567 0.4532404334099281
0.92560435530714 0.4506616521960092
0.930209352099712 0.4480475475794617
0.93951144562071 0.442656573629441
0.948906560076917 0.4370568497040166
0.958395625677686 0.4312367050107516
0.967979581934463 0.4251834910822721
0.977659377753807 0.4188833516462419
0.987435971531345 0.4123210959448101
0.997310331246659 0.4054799832355108
1.00728343455913 0.3983415086942768
1.01735626890472 0.3908851035337388
1.02752983159376 0.383087816295644
1.0378051299097 0.3749238000885423
1.0481831812088 0.36636402035799
1.05866501302089 0.3573753099226056
1.0692516631511 0.3479196005338169
1.07994417978261 0.3379529814714901
1.09074362158043 0.3274240631220754
1.10165105779624 0.3162721991807273
1.1126675683742 0.3044248988375395
1.12379424405794 0.2917940435048476
1.13503218649852 0.2782708722602291
1.14638250836351 0.2637183517692526
1.15784633344714 0.2479596996938027
1.16942479678161 0.2307603804035082
1.18111904474943 0.2117987083708959
1.19293023519692 0.1906163566036284
1.20485953754889 0.1665348679544102
1.21690813292438 0.1385470885295718
1.22299267358901 0.1226570293704226
1.22907721425363 0.1055139270398966
1.23522260032489 0.08734704015159243
1.24136798639616 0.06979505377660958
1.24757482632814 0.05499872983957299
1.25378166626012 0.04417440016604639
1.25691612042577 0.04000723585406334
1.26005057459142 0.03651333521696326
1.26318502875707 0.03355893205171868
1.26631948292272 0.03103539587548561
1.26948528163003 0.02883734115274946
1.27265108033733 0.02692410963708792
1.27581687904464 0.02524327463919841
1.27898267775195 0.02375414659174849
1.28218013444633 0.02241222237564369
1.28537759114071 0.0212073065507404
1.29177250452947 0.0191295823953819
1.29823136705212 0.01738202563572
1.30469022957477 0.01590219064871961
1.31121368072264 0.01461882492222914
1.31773713187051 0.01350405912851806
1.32432581752987 0.01251641720792038
1.33091450318922 0.0116428096355835
1.33756907570517 0.01085669054801143
1.34422364822111 0.01015191248922569
1.35094476646222 0.009510230181521273
1.35766588470332 0.008928987689052457
1.36445421412684 0.008394941731705061
1.37124254355036 0.007907268855086308
1.38495496898586 0.007041130074572649
1.39880451867572 0.006298203260716546
1.41279256386247 0.005654778432496441
1.4269204895011 0.005093047571627564
1.44118969439611 0.004599324844049686
1.45560159134007 0.004162893207582752
1.47015760725347 0.003775221959272232
1.48485918332601 0.003429418566203557
1.49970777515927 0.003119836850167612
1.51470485291086 0.002841810877951264
1.52985190143997 0.00259143725720853
1.54515042045437 0.002365422674466401
1.56060192465891 0.002160965482865492
1.5762079439055 0.001975664789402887
1.59197002334456 0.001807449949186309
1.607889723578 0.001654522716673043
1.62396862081378 0.001515314536012741
1.64020830702192 0.001388449435548838
1.65661039009214 0.001272715127614848
1.67317649399306 0.001167039274268231
1.68990825893299 0.001070469277132292
1.70680734152232 0.0009821569951173721
1.72387541493754 0.0009013439311649463
1.74111416908692 0.0008273505017851584
1.75852531077779 0.0007595660190513051
1.77611056388557 0.0006974405491524209
1.79387166952442 0.0006404777904112754
1.81181038621967 0.0005882288116125543
1.82992849008186 0.0005402879341226723
1.84822777498268 0.000496285823164507
1.86671005273251 0.0004558879316506889
1.88537715325983 0.0004187898000660095
1.90423092479243 0.0003847142060866289
1.92327323404036 0.0003534085450217491
1.94250596638076 0.0003246423963039646
1.96193102604457 0.0002982054001589334
1.98155033630501 0.0002739054442957741
2.00136583966806 0.0002515668433607094
2.02137949806474 0.0002310289449253513
2.04159329304539 0.0002121447377608496
2.06200922597584 0.0001947796164700352
2.0826293182356 0.0001788102652627587
2.10345561141796 0.0001641237869054321
2.12449016753214 0.00015061654868988
2.14573506920746 0.0001381936213318656
2.16719241989954 0.0001267679012024147
2.18886434409853 0.0001162594682255472
2.21075298753952 0.0001065949684219611
2.23286051741491 9.770705309689144e-05
2.25518912258906 8.953387082405932e-05
2.27774101381495 8.201860299623038e-05
2.3005184239531 7.51090343127448e-05
2.32352360819263 6.875716914737066e-05
2.34675884427456 6.291887719073693e-05
2.3702264327173 5.755356776359137e-05
2.39392869704448 5.262389428041923e-05
2.41786798401492 4.809548701985975e-05
2.44204666385507 4.393670040258786e-05
2.46646713049362 4.011840278858966e-05
2.49113180179856 3.661374338204338e-05
2.51604311981654 3.339799051608933e-05
2.54120355101471 3.044834439615825e-05
2.56661558652486 2.774378461784723e-05
2.5922817423901 2.526492907123241e-05
2.618204559814 2.299389452267744e-05
2.64438660541214 2.09141840720695e-05
2.67083047146627 1.901057371103314e-05
2.69753877618093 1.726901306487421e-05
2.72451416394274 1.567653206887566e-05
2.75175930558217 1.422115786548544e-05
2.77927689863799 1.289183696698672e-05
2.80706966762437 1.167836453908043e-05
2.83514036430061 1.057131965493789e-05
2.86349176794362 9.562005603934438e-06
2.89212668562305 8.64239492867306e-06
2.92104795247928 7.805079206344685e-06
2.95025843200408 7.043222579906603e-06
2.97976101632412 6.350518949945904e-06
3.00955862648736 5.721152601654678e-06
3.03965421275223 5.149762204511621e-06
3.07005075487975 4.631406326987308e-06
3.10075126242855 4.1615331070494e-06
3.13175877505284 3.735951175329115e-06
3.16307636280337 3.350802970108312e-06
3.1947071264314 3.002540043276166e-06
3.22665419769571 2.687900361500432e-06
3.25892073967267 2.403886509165488e-06
3.2915099470694 2.147746360678792e-06
3.32442504654009 1.91695452583069e-06
3.35766929700549 1.709195328168621e-06
3.39124598997555 1.522346884800965e-06
3.4251584498753 1.354466366250878e-06
3.45941003437406 1.203776231240555e-06
3.4940041347178 1.068651525668027e-06
3.52894417606497 9.476079412989153e-07
3.56423361782562 8.392908165251244e-07
3.59987595400388 7.424648649985025e-07
3.63587471354392 6.560046592071284e-07
3.67223346067936 5.788857763300607e-07
3.70895579528615 5.101765934797409e-07
3.74604535323901 4.490306594523603e-07
3.7835058067714 3.946796640272478e-07
3.82134086483912 3.464268713493431e-07
3.85955427348751 3.036410896048544e-07
3.89814981622238 2.657510681984517e-07
3.93713131438461 2.322403301642275e-07
3.97650262752845 2.026424122072005e-07
4.01626765380374 1.765364080416334e-07
4.05643033034178 1.535430220410948e-07
4.09699463364519 1.333207284578996e-07
4.13796457998165 1.155623927179544e-07
4.17934422578146 9.999210667523501e-08
4.22113766803928 8.636229513756593e-08
4.26334904471967 7.445106237297707e-08
4.30598253516687 6.405976284776685e-08
4.34904236051854 5.501077800223045e-08
4.39253278412372 4.714548612331e-08
4.43645811196496 4.032240736815079e-08
4.48082269308461 3.441551357250472e-08
4.52563092001545 2.931268876690331e-08
4.57088722921561 2.491432787364419e-08
4.61659610150777 2.113206368956448e-08
4.66276206252284 1.78876112807778e-08
4.70938968314807 1.625347747051204e-08
4.75648357997955 1.590570017896685e-08
4.80404841577935 1.556580678678462e-08
4.85208889993714 1.523360104106532e-08
4.90060978893651 1.490889250609743e-08
4.94961588682588 1.459149591977785e-08
4.99911204569414 1.428123132292682e-08
5.04910316615108 1.39779238201756e-08
5.09959419781259 1.36814033767559e-08
5.15059013979072 1.339150467721425e-08
5.20209604118862 1.310806694672771e-08
5.25411700160051 1.283093390542765e-08
5.30665817161651 1.25599531847794e-08
5.35972475333268 1.229497762606969e-08
5.41332200086601 1.203586269956501e-08
5.46745522087467 1.178246830742076e-08
5.52212977308341 1.153465839058645e-08
5.57735107081425 1.129230175609279e-08
5.63312458152239 1.105526486736511e-08
5.68945582733762 1.082342640582616e-08
5.74635038561099 1.059666257137986e-08
5.8038138894671 1.037485416843164e-08
5.86185202836177 1.01578852376213e-08
5.92047054864539 9.94564252264094e-09
5.97967525413184 9.738016311181533e-09
6.03947200667316 9.53489881707465e-09
6.0998667267399 9.336185604048974e-09
6.16086539400729 9.141775351919508e-09
6.22247404794737 8.951568503987999e-09
6.28469878842684 8.765468276630278e-09
6.34754577631111 8.583380551411734e-09
6.41102123407422 8.405213396152186e-09
6.47513144641496 8.230877265720648e-09
6.53988276087911 8.060284846607083e-09
6.60528158848791 7.893350900306857e-09
6.67133440437278 7.72999250517998e-09
6.73804774841651 7.570128636707839e-09
6.80542822590068 7.41368033191882e-09
6.87348250815968 7.260570602554658e-09
6.94221733324128 7.110724265701844e-09
7.01163950657369 6.96406806191925e-09
7.08175590163943 6.820530616207376e-09
7.15257346065582 6.680041797456648e-09
7.22409919526238 6.54253387386102e-09
7.29634018721501 6.407940107449911e-09
7.36930358908716 6.276195942232873e-09
7.44299662497803 6.147237988502028e-09
7.51742659122781 6.021004537021059e-09
7.59260085714009 5.897435255633446e-09
7.66852686571149 5.776471699193475e-09
7.7452121343686 5.658055231905666e-09
7.82266425571229 5.542130916473994e-09
7.90089089826941 5.428643653392273e-09
7.97989980725211 5.317539935906584e-09
8.059698805324629 5.208767554231923e-09
8.14029579337787 5.102275505913663e-09
8.221698751311649 4.998013971704238e-09
8.30391573882477 4.895934375099313e-09
8.38695489621302 4.795989141173909e-09
8.47082444517515 4.698131867797199e-09
8.555532689626901 4.602317259229084e-09
8.64108801652317 4.508501014836135e-09
8.727498896688401 4.416639843111601e-09
8.81477388565529 4.326691516614442e-09
8.902921624511841 4.238614692083359e-09
8.99195084075696 4.152369075594215e-09
9.081870349164531 4.067915165178213e-09
9.172689052656169 3.985214479078004e-09
9.26441594318274 3.90422932456118e-09
9.357060102614559 3.824922911683689e-09
9.45063070364071 3.747259366273515e-09
9.54513701067712 3.671203334740901e-09
9.640588380783891 3.596720612170679e-09
9.736994264591729 3.523777530077314e-09
9.834364207237639 3.452341265525016e-09
9.93270784931002 3.382379783221456e-09
10.0320349278031 3.31386163901573e-09
10.1323552770812 3.246756201793216e-09
10.233678829852 3.181033406805316e-09
10.3360156181505 3.116664014502681e-09
10.439375774332 3.053619296324925e-09
10.5437695320753 2.991871242592857e-09
10.6492072273961 2.931392472900061e-09
10.75569929967 2.872156039076898e-09
10.8632562926667 2.814135877677891e-09
10.9718888555934 2.757306281006617e-09
11.0816077441493 2.701642174275241e-09
11.1924238215908 2.647119056512972e-09
11.3043480598067 2.593712904652321e-09
11.4173915404048 2.541400314365731e-09
11.5315654558088 2.490158291512122e-09
11.6468811103669 2.439964404469708e-09
11.7633499214706 2.390796700909722e-09
11.8809834206853 2.342633689526025e-09
11.9997932548922 2.295454392134827e-09
12.1197911874411 2.249238214685444e-09
12.2409890993155 2.20396507647241e-09
12.3633989903086 2.159615276434785e-09
12.4870329802117 2.116169603638703e-09
12.6119033100138 2.073609201117261e-09
12.738022343114 2.031915644442744e-09
12.8654025665451 1.99107093361349e-09
12.9940565922106 1.951057384973628e-09
13.1239971581327 1.911857759424646e-09
13.255237129714 1.873455172308227e-09
13.3877895010112 1.83583310852867e-09
13.5216673960213 1.798975330842018e-09
13.6568840699815 1.762866083351768e-09
13.7934529106813 1.727489827291888e-09
13.9313874397881 1.692831437691036e-09
14.070701314186 1.658876069531013e-09
14.2114083273278 1.625609175516432e-09
14.3535224106011 1.593016576766886e-09
14.4970576347071 1.561083286483453e-09
14.6420282110542 1.529798891339804e-09
14.7884484931648 1.499145939860653e-09
14.9363329780964 1.46911038264895e-09
15.0856963078774 1.439679547637979e-09
15.2365532709561 1.410841775759394e-09
15.3889188036657 1.382585406144099e-09
15.5428079917024 1.354941307113096e-09
15.6982360716194 1.327825428832479e-09
15.8552184323356 1.301257220897931e-09
16.0137706166589 1.275225650559822e-09
16.1739083228255 1.249719503923985e-09
16.3356474060538 1.224728064381284e-09
16.4990038801143 1.200240822774564e-09
16.6639939189155 1.176247456756595e-09
16.8306338581046 1.152737858578233e-09
16.9989401966857 1.129702117832457e-09
17.1689295986525 1.107130877091725e-09
17.340618894639 1.085013727508e-09
17.5140250835854 1.063342307253454e-09
17.6891653344213 1.042107198268341e-09
17.8660569877655 1.021299541184562e-09
18.0447175576431 1.000910618337897e-09
18.2251647332196 9.809318435216749e-10
18.4074163805518 9.613549286817645e-10
18.5914905443573 9.421716520955003e-10
18.7774054498009 9.233740020182288e-10
18.9651795042989 9.04954130023744e-10
19.1548312993419 8.869043555387916e-10
19.3463796123353 8.692171594645146e-10
19.5398434084586 8.518851659776244e-10
19.7352418425432 8.34901200150797e-10
19.9325942609687 8.182581114042899e-10
20.1319202035783 8.019490944080746e-10
20.3332394056141 7.859672805303765e-10
20.5365717996703 7.703060546104529e-10
20.741937517667 7.549589266591067e-10
20.9493568928436 7.399195274508918e-10
21.1588504617721 7.251816451488398e-10
21.3704389663898 7.107391772015266e-10
21.5841433560537 6.965863965838278e-10
21.7999847896142 6.827164478842879e-10
22.0179846375104 6.691251263354766e-10
22.2381644838855 6.558054358820016e-10
22.4605461287243 6.427524977557963e-10
22.6851515900116 6.299607795908683e-10
22.9120031059117 6.17425150851423e-10
23.1411231369708 6.051404200324931e-10
23.3725343683405 5.931015199146111e-10
23.6062597120239 5.81303461001152e-10
23.8423223091442 5.697413716589846e-10
24.0807455322356 5.584104859987771e-10
24.321552987558 5.473061654742458e-10
24.5647685174336 5.364237540176285e-10
24.8104162026079 5.257588634164446e-10
25.058520364634 5.153070610980226e-10
25.3091055682803 5.050640774573447e-10
25.5621966239631 4.950257521091089e-10
25.8178185902027 4.851878349224725e-10
26.0759967761048 4.755464249025777e-10
26.3367567438658 4.660975149987571e-10
26.6001243113045 4.568372294823901e-10
26.8661255544175 4.477618063428433e-10
27.1347868099617 4.388674968653825e-10
27.4061346780613 4.3015066081087e-10
27.6801960248419 4.216077368647365e-10
27.9569979850903 4.132352323237973e-10
28.2365679649412 4.050297129029863e-10
28.5189336445907 3.969878343034931e-10
28.8041229810366 3.891063116487715e-10
29.0921642108469 3.813819263598093e-10
29.3830858529554 3.738115225533775e-10
29.676916711485 3.663919700417733e-10
29.9736858785998 3.591203429994223e-10
30.2734227373858 3.519935952213543e-10
30.5761569647597 3.450088242541053e-10
30.8819185344073 3.381632014766564e-10
31.1907377197513 3.314539370774554e-10
31.5026450969488 3.248782943997441e-10
31.8176715479183 3.184335966965523e-10
32.1358482633975 3.121172183163288e-10
32.4572067460315 3.059265965828914e-10
32.7817788134918 2.998592061292413e-10
33.1095966016267 2.939125823497668e-10
33.440692567643 2.880843639862493e-10
33.7750994933194 2.82372011514121e-10
34.1128504882526 2.76773387898625e-10
34.4539789931351 2.712861146047429e-10
34.7985187830665 2.659080352973135e-10
35.1465039708972 2.60636907963002e-10
35.4979690106061 2.554706348032073e-10
35.8529487007122 2.504070770091189e-10
36.2114781877193 2.454442116529035e-10
36.5735929695965 2.405800182772094e-10
36.9393288992925 2.3581255111647e-10
37.3087221882854 2.311398112505418e-10
37.6818094101683 2.265599832147744e-10
38.0586275042699 2.220711594552446e-10
38.4392137793127 2.176715413898894e-10
38.8236059171058 2.133593640264016e-10
39.2118419762768 2.091328305470564e-10
39.6039603960396 2.049903050080176e-10
40 2.009300359102063e-10
