-40 1.97097278977962e-09
-39.6039603960396 2.01041185959217e-09
-39.2118419762768 2.05063649367861e-09
-38.8236059171058 2.09166433767838e-09
-38.4392137793127 2.13351132655036e-09
-38.0586275042699 2.17619374761227e-09
-37.6818094101683 2.21972822012223e-09
-37.3087221882854 2.26413169604106e-09
-36.9393288992925 2.30942146472465e-09
-36.5735929695965 2.35561515881778e-09
-36.2114781877193 2.40273076066447e-09
-35.8529487007122 2.45078660901473e-09
-35.4979690106061 2.49980140594444e-09
-35.1465039708972 2.54979422395398e-09
-34.7985187830665 2.600784513231e-09
-34.4539789931351 2.65279210907065e-09
-34.1128504882526 2.7058372394519e-09
-33.7750994933194 2.7599405327698e-09
-33.440692567643 2.81512302572522e-09
-33.1095966016267 2.87140617137429e-09
-32.7817788134918 2.92881184733987e-09
-32.4572067460315 2.98736236418827e-09
-32.1358482633975 3.04708047397395e-09
-31.8176715479183 3.10798937895565e-09
-31.5026450969488 3.17011274048723e-09
-31.1907377197513 3.23347468808681e-09
-30.8819185344073 3.29809982868774e-09
-30.5761569647597 3.3640132560752e-09
-30.2734227373858 3.43124056051227e-09
-29.9736858785998 3.49980783855938e-09
-29.676916711485 3.56974170309158e-09
-29.3830858529554 3.64106929351749e-09
-29.0921642108469 3.71381828620449e-09
-28.8041229810366 3.788016905115e-09
-28.5189336445907 3.86369393265831e-09
-28.2365679649412 3.94087872076288e-09
-27.9569979850903 4.01960120217438e-09
-27.6801960248419 4.09989190198501e-09
-27.4061346780613 4.18178194939903e-09
-27.1347868099617 4.26530308974079e-09
-26.8661255544175 4.35048769671097e-09
-26.6001243113045 4.4373687848971e-09
-26.3367567438658 4.52598002254503e-09
-26.0759967761048 4.61635574459735e-09
-25.8178185902027 4.70853096600621e-09
-25.5621966239631 4.80254139532653e-09
-25.3091055682803 4.89842344859773e-09
-25.058520364634 4.99621426352005e-09
-24.8104162026079 5.09595171393362e-09
-24.5647685174336 5.19767442460691e-09
-24.321552987558 5.30142178634275e-09
-24.0807455322356 5.40723397140825e-09
-23.8423223091442 5.51515194929701e-09
-23.6062597120239 5.62521750283019e-09
-23.3725343683405 5.73747324460354e-09
-23.1411231369708 5.85196263378773e-09
-22.9120031059117 5.96872999328914e-09
-22.6851515900116 6.08782052727513e-09
-22.4605461287243 6.20928033907361e-09
-22.2381644838855 6.33315644944977e-09
-22.0179846375104 6.45949681526714e-09
-21.7999847896142 6.5883503485369e-09
-21.5841433560537 6.71976693586098e-09
-21.3704389663898 6.85379745827322e-09
-21.1588504617721 6.9904938114822e-09
-20.9493568928436 7.12990892651938e-09
-20.741937517667 7.2720967907967e-09
-20.5365717996703 7.41711246957656e-09
-20.3332394056141 7.56501212785686e-09
-20.1319202035783 7.71585305267473e-09
-19.9325942609687 7.86969367583338e-09
-19.7352418425432 8.02659359705438e-09
-19.5398434084586 8.18661360756024e-09
-19.3463796123353 8.34981571409302e-09
-19.1548312993419 8.51626316337518e-09
-18.9651795042989 8.68602046701817e-09
-18.7774054498009 8.85915342689048e-09
-18.5914905443573 9.03572916095357e-09
-18.4074163805518 9.21581612957853e-09
-18.2251647332196 9.39948416235951e-09
-18.0447175576431 9.58680448543931e-09
-17.8660569877655 9.77784974936773e-09
-17.6891653344213 9.97269405751691e-09
-17.5140250835854 1.01714129950755e-08
-17.340618894639 1.03740836586545e-08
-17.1689295986525 1.05807846865334e-08
-16.9989401966857 1.07915962895831e-08
-16.8306338581046 1.10066002829036e-08
-16.6639939189155 1.12258801182123e-08
-16.4990038801143 1.14495209170347e-08
-16.3356474060538 1.16776095047321e-08
-16.1739083228255 1.19102344454213e-08
-16.0137706166589 1.21474860778275e-08
-15.8552184323356 1.23894565521246e-08
-15.6982360716194 1.26362398678031e-08
-15.5428079917024 1.28879319126212e-08
-15.3889188036657 1.31446305026765e-08
-15.2365532709561 1.3406435423644e-08
-15.0856963078774 1.36734484732182e-08
-14.9363329780964 1.39457735047938e-08
-14.7884484931648 1.42235164724095e-08
-14.6420282110542 1.45067854769807e-08
-14.4970576347071 1.47956908138322e-08
-14.3535224106011 1.50903450215373e-08
-14.2114083273278 1.53908629320603e-08
-14.070701314186 1.56973617221877e-08
-13.9313874397881 1.60099609662269e-08
-13.7934529106813 1.632878268994e-08
-13.6568840699815 1.66539514256591e-08
-13.5216673960213 1.69855942685454e-08
-13.3877895010112 1.73238409339134e-08
-13.255237129714 1.76688238155402e-08
-13.1239971581327 1.8020678044908e-08
-12.9940565922106 1.83795415512438e-08
-12.8654025665451 1.87455551222948e-08
-12.738022343114 1.91188624657016e-08
-12.6119033100138 1.94996102709048e-08
-12.4870329802117 1.98879482714252e-08
-12.3633989903086 2.02840293074412e-08
-12.2409890993155 2.06880093885334e-08
-12.1197911874411 2.11000477565038e-08
-11.9997932548922 2.15203069481521e-08
-11.8809834206853 2.1948952857922e-08
-11.7633499214706 2.23861548003329e-08
-11.6468811103669 2.28320855721135e-08
-11.5315654558088 2.32869215139746e-08
-11.4173915404048 2.3750842571973e-08
-11.3043480598067 2.42240323584227e-08
-11.1924238215908 2.4706678212343e-08
-11.0816077441493 2.51989712593983e-08
-10.9718888555934 2.57011064713987e-08
-10.8632562926667 2.62132827253181e-08
-10.75569929967 2.67357028618992e-08
-10.6492072273961 2.72685737438801e-08
-10.5437695320753 2.7812106313907e-08
-10.439375774332 2.83665156521646e-08
-10.3360156181505 2.89320210338425e-08
-10.233678829852 2.95088459864398e-08
-10.1323552770812 3.00972183471782e-08
-10.0320349278031 3.06973703199684e-08
-9.93270784931002 3.13095385330114e-08
-9.834364207237639 3.19339640965861e-08
-9.736994264591729 3.25708926599243e-08
-9.640588380783891 3.32205744694975e-08
-9.54513701067712 3.38832644268063e-08
-9.45063070364071 3.45592221464062e-08
-9.357060102614559 3.52487120139861e-08
-9.26441594318274 3.59520032444223e-08
-9.172689052656169 3.66693699396149e-08
-9.081870349164531 3.74010911461848e-08
-8.99195084075696 3.81474510294695e-08
-8.902921624511841 3.89087384666112e-08
-8.81477388565529 3.96852477906275e-08
-8.727498896688401 4.04772783901612e-08
-8.64108801652317 4.12851348751839e-08
-8.555532689626901 4.21091271284586e-08
-8.47082444517515 4.2949570355148e-08
-8.38695489621302 4.38067851303428e-08
-8.30391573882477 4.46810974443224e-08
-8.221698751311649 4.55728387453994e-08
-8.14029579337787 4.6482345980273e-08
-8.059698805324629 4.74099616318947e-08
-7.97989980725211 4.83560337549609e-08
-7.90089089826941 4.93209160092674e-08
-7.82266425571229 5.03049676913529e-08
-7.7452121343686 5.13085537650029e-08
-7.66852686571149 5.23320448914627e-08
-7.59260085714009 5.33758174604507e-08
-7.51742659122781 5.44402536233863e-08
-7.44299662497803 5.55257413306035e-08
-7.36930358908716 5.66326743760984e-08
-7.29634018721501 5.77614524449286e-08
-7.22409919526238 5.89124811851236e-08
-7.15257346065582 6.00861722836708e-08
-7.08175590163943 6.12829435693804e-08
-7.01163950657369 6.25032191410862e-08
-6.94221733324128 6.37474295289795e-08
-6.87348250815968 6.50160118969548e-08
-6.80542822590068 6.63094102949746e-08
-6.73804774841651 6.76280759723491e-08
-6.67133440437278 6.89724677642739e-08
-6.60528158848791 7.03430525662141e-08
-6.53988276087911 7.17403059129681e-08
-6.47513144641496 7.31647126819408e-08
-6.41102123407422 7.46167679428401e-08
-6.34754577631111 7.60969779812635e-08
-6.28469878842684 7.76058615226691e-08
-6.22247404794737 7.91439511952811e-08
-6.16086539400729 8.07117952554361e-08
-6.0998667267399 8.2309959699054e-08
-6.03947200667316 8.39390306103795e-08
-5.97967525413184 8.55996170851585e-08
-5.92047054864539 8.72923545686172e-08
-5.86185202836177 8.90179087873042e-08
-5.8038138894671 9.0776980334714e-08
-5.74635038561099 9.25703100084687e-08
-5.68945582733762 9.43986850062834e-08
-5.63312458152239 9.62629461012088e-08
-5.57735107081425 9.81639959315458e-08
-5.52212977308341 1.00102808555224e-07
-5.46745522087467 1.02080440438965e-07
-5.41332200086601 1.0409804306676e-07
-5.35972475333268 1.06156877379244e-07
-5.30665817161651 1.08258330266624e-07
-5.25411700160051 1.10403933385431e-07
-5.20209604118862 1.12595384561759e-07
-5.15059013979072 1.14834572103327e-07
-5.09959419781259 1.17123602357571e-07
-5.04910316615108 1.19464830889536e-07
-4.99911204569414 1.21860897690012e-07
-4.94961588682588 1.24314766863892e-07
-4.90060978893651 1.26829771285119e-07
-4.85208889993714 1.29409662753407e-07
-4.80404841577935 1.32058668244844e-07
-4.75648357997955 1.34781552869661e-07
-4.70938968314807 1.37583690245254e-07
-4.66276206252284 1.40471141012283e-07
-4.61659610150777 1.43450740336612e-07
-4.57088722921561 1.465301952026e-07
-4.52563092001545 1.49718192541043e-07
-4.48082269308461 1.53024519134539e-07
-4.43645811196496 1.56460194441792e-07
-4.39253278412372 1.60037617535572e-07
-4.34904236051854 1.63770729412766e-07
-4.30598253516687 1.67675192085841e-07
-4.26334904471967 1.71768585979294e-07
-4.22113766803928 1.76070627070705e-07
-4.17934422578146 1.80603405787523e-07
-4.13796457998165 1.85391649160894e-07
-4.09699463364519 1.9046300865918e-07
-4.05643033034178 1.95848375220757e-07
-4.01626765380374 2.01582224480448e-07
-3.97650262752845 2.07702994145603e-07
-3.93713131438461 2.14253496253981e-07
-3.89814981622238 2.21281367308438e-07
-3.85955427348751 2.28839558918779e-07
-3.82134086483912 2.36986872752287e-07
-3.7835058067714 2.45788542651083e-07
-3.74604535323901 2.55316867763015e-07
-3.70895579528615 2.6565190084314e-07
-3.67223346067936 2.76882195439922e-07
-3.63587471354392 2.89105617238377e-07
-3.59987595400388 3.02430222001424e-07
-3.56423361782562 3.16975209449414e-07
-3.52894417606497 3.32871953159176e-07
-3.4940041347178 3.50265115976243e-07
-3.45941003437406 3.69313854889176e-07
-3.4251584498753 3.90193122356373e-07
-3.39124598997555 4.13095070588529e-07
-3.35766929700549 4.38230565025381e-07
-3.32442504654009 4.65830816778846e-07
-3.2915099470694 4.96149134804325e-07
-3.25892073967267 5.29462817585251e-07
-3.22665419769571 5.66075180063278e-07
-3.1947071264314 6.06317731706505e-07
-3.16307636280337 6.50552514413306e-07
-3.13175877505284 6.99174605815865e-07
-3.10075126242855 7.52614801682658e-07
-3.07005075487975 8.11342487608471e-07
-3.03965421275223 8.75868704318885e-07
-3.00955862648736 9.46749425677346e-07
-2.97976101632412 1.02458905438465e-06
-2.95025843200408 1.11004412667752e-06
-2.92104795247928 1.20382737842521e-06
-2.89212668562305 1.30671183368593e-06
-2.86349176794362 1.41953538977989e-06
-2.83514036430061 1.54320557569181e-06
-2.80706966762437 1.6787046220968e-06
-2.77927689863799 1.82709484663251e-06
-2.75175930558217 1.98952436298127e-06
-2.72451416394274 2.16723313203638e-06
-2.69753877618093 2.36155936503115e-06
-2.67083047146627 2.57394630991584e-06
-2.64438660541214 2.8059494292317e-06
-2.618204559814 3.05924398847565e-06
-2.5922817423901 3.33563308333152e-06
-2.56661558652486 3.63705615203757e-06
-2.54120355101471 3.96559792762954e-06
-2.51604311981654 4.32349789265235e-06
-2.49113180179856 4.71316040383265e-06
-2.46646713049362 5.13716521585774e-06
-2.44204666385507 5.59827877102749e-06
-2.41786798401492 6.09946599611256e-06
-2.39392869704448 6.64390284798697e-06
-2.3702264327173 7.23499001378182e-06
-2.34675884427456 7.87636652497799e-06
-2.32352360819263 8.57192516741926e-06
-2.3005184239531 9.32582801459368e-06
-2.27774101381495 1.01425240657155e-05
-2.25518912258906 1.10267666747161e-05
-2.23286051741491 1.19836336989326e-05
-2.21075298753952 1.30330939016433e-05
-2.18886434409853 1.42031874908914e-05
-2.16719241989954 1.54699145268943e-05
-2.14573506920746 1.68413483592978e-05
-2.12449016753214 1.83290942229446e-05
-2.10345561141796 1.99373397121729e-05
-2.0826293182356 2.16750497437773e-05
-2.06200922597584 2.35518160073488e-05
-2.04159329304539 2.55779041477851e-05
-2.02137949806474 2.77643027164455e-05
-2.00136583966806 3.01227674181965e-05
-1.98155033630501 3.26658907369818e-05
-1.96193102604457 3.5407154638731e-05
-1.94250596638076 3.83609999905526e-05
-1.92327323404036 4.15428996004035e-05
-1.90423092479243 4.49694364304682e-05
-1.88537715325983 4.86583868846702e-05
-1.86671005273251 5.26288259312975e-05
-1.84822777498268 5.69011833445669e-05
-1.82992849008186 6.14974412294059e-05
-1.81181038621967 6.64411644614173e-05
-1.79387166952442 7.1757667117963e-05
-1.77611056388557 7.74741657453514e-05
-1.75852531077779 8.36199079552825e-05
-1.74111416908692 9.02263550317745e-05
-1.72387541493754 9.73273568182009e-05
-1.70680734152232 0.000104959348320532
-1.68990825893299 0.000113161587877759
-1.67317649399306 0.000121976307632461
-1.65661039009214 0.00013144909642865
-1.64020830702192 0.000141629073106151
-1.62396862081378 0.000152569231721685
-1.607889723578 0.000164326706850526
-1.59197002334456 0.000176963243041483
-1.5762079439055 0.000190545468144856
-1.56060192465891 0.000205145366879375
-1.54515042045437 0.000220840689560218
-1.52985190143997 0.00023771553670786
-1.51470485291086 0.000255860815168163
-1.49970777515927 0.000275374858391314
-1.48485918332601 0.000296364064043634
-1.47015760725347 0.000318943596765864
-1.45560159134007 0.000343238206005172
-1.44118969439611 0.000369382879330996
-1.4269204895011 0.000397524129566793
-1.41279256386247 0.000427820603836694
-1.39880451867572 0.000460444499790578
-1.38495496898586 0.000495582353293911
-1.37124254355036 0.00053343769932151
-1.36445421412684 0.000553401463174879
-1.35766588470332 0.000574230247843143
-1.35094476646222 0.000595747533708162
-1.34422364822111 0.000618199877672784
-1.33756907570517 0.000641397756640246
-1.33091450318922 0.000665607360362273
-1.32432581752987 0.000690624427209898
-1.31773713187051 0.000716736400584069
-1.31121368072264 0.00074372370592156
-1.30469022957477 0.000771896632797191
-1.29823136705212 0.000801018737078103
-1.29177250452947 0.00083142548101995
-1.28537759114071 0.000862862423490984
-1.28218013444633 0.000879098723354988
-1.27898267775195 0.000895692115287615
-1.27581687904464 0.000912482085197272
-1.27265108033733 0.000929640242653298
-1.26948528163003 0.000947176177888391
-1.26631948292272 0.000965099548376465
-1.26318502875707 0.000983237691307699
-1.26005057459142 0.00100177430369937
-1.25691612042577 0.00102072053856765
-1.25534889334295 0.00103035111459857
-1.25378166626012 0.00104008975739875
-1.25067824629413 0.00105969452742952
-1.24757482632814 0.00107972998794788
-1.24447140636215 0.00110020936446159
-1.24136798639616 0.0011211472620988
-1.23522260032489 0.00116400694098111
-1.22907721425363 0.00120880476629051
-1.22299267358901 0.00125517479130146
-1.21690813292438 0.00130364848504492
-1.20485953754889 0.00140632661525211
-1.19293023519692 0.0015175513262128
-1.18111904474943 0.00163811891997978
-1.16942479678161 0.00176891013910966
-1.15784633344714 0.00191090881895781
-1.14638250836351 0.00206521505128146
-1.13503218649852 0.00223306571963952
-1.12379424405794 0.00241585516066484
-1.1126675683742 0.00261516315780489
-1.10165105779624 0.00283278867925528
-1.09074362158043 0.00307079016519631
-1.07994417978261 0.00333153880866775
-1.0692516631511 0.00361778198439905
-1.05866501302089 0.00393272935718146
-1.0481831812088 0.00428015387759976
-1.0378051299097 0.00466453820115679
-1.02752983159376 0.00509125315883099
-1.01735626890472 0.00556680744212969
-1.00728343455913 0.00609918501458221
-0.997310331246659 0.00669831320938857
-0.987435971531345 0.00737673004844262
-0.977659377753807 0.00815055291835345
-0.967979581934463 0.00904093333157897
-0.958395625677686 0.0100762838748838
-0.948906560076917 0.0112958693627369
-0.93951144562071 0.0127559837617769
-0.930209352099712 0.0145401353146019
-0.92560435530714 0.0155937777524871
-0.920999358514567 0.0167786844573068
-0.916439955749644 0.0181336832754636
-0.91188055298472 0.0196896207576189
-0.907366292821429 0.0215073986307362
-0.902852032658138 0.0236647208337869
-0.898382468140029 0.0262655513232013
-0.893912903621919 0.0294748676585033
-0.891700247919885 0.0313919537170108
-0.88948759221785 0.0335137427120603
-0.887274936515815 0.0359588294865518
-0.885062280813781 0.0387202332470622
-0.882871532593945 0.0419087914159435
-0.880680784374109 0.0454989035109039
-0.878490036154273 0.0496079349461406
-0.876299287934437 0.0541748048339852
-0.874130230291035 0.059261159106368
-0.871961172647633 0.0647074925528796
-0.867623057360828 0.0764162288843861
-0.863327893710527 0.0885680715949521
-0.859032730060226 0.100491428914483
-0.8547800927827 0.111926790167881
-0.8505274555051739 0.122788096204127
-0.842106391589282 0.142714607737903
-0.833768704543843 0.160643745504509
-0.82551356885529 0.177081586873092
-0.817340167183456 0.192382527758466
-0.809247690280649 0.20696039436271
-0.801235336911534 0.221612614856805
-0.793302313773796 0.23791302880833
-0.7854478354195999 0.250194819097123
-0.777671124177822 0.26155738746778
-0.7699714100770511 0.27212571673233
-0.762347930769357 0.282049611828365
-0.7547999314548089 0.291417678757849
-0.747326664806742 0.300295016794587
-0.739927390897764 0.308732926695881
-0.732601377126499 0.316773410396363
-0.725347898145049 0.324451561315917
-0.718166235787177 0.331797244941412
-0.711055678997205 0.338836455119652
-0.704015523759609 0.34559154498053
-0.697045073029316 0.352082482829553
-0.690143636662689 0.358327032883279
-0.6833105313491969 0.3643409800262
-0.6765450805437589 0.370138415509898
-0.669846614399762 0.375732308102266
-0.663214469702734 0.381134252410774
-0.656647989804688 0.386354859483662
-0.650146524559097 0.39140388824757
-0.643709430256531 0.396290291544931
-0.637336069560922 0.401022249647305
-0.631025811446457 0.405607368427757
-0.624778031135106 0.410052747716366
-0.618592110034759 0.414364772484156
-0.612467435677979 0.418549634819646
-0.606403401661365 0.42261273268507
-0.60039940758551 0.42655975251817
-0.5944548589955549 0.430395120911621
-0.588569167322331 0.434123991755362
-0.582741749824091 0.437750283607205
-0.576972029528803 0.441278207892972
-0.571259435177032 0.444711706780047
-0.565603401165378 0.448054468227875
-0.560003367490474 0.451309545753896
-0.554458779693538 0.454480450974141
-0.548969088805484 0.457570073705719
-0.543533751292558 0.460581480305136
-0.538152229002533 0.463517137546885
-0.532823989111418 0.466379901531827
-0.527548504070711 0.469172163087714
-0.52232525155516 0.471896083452473
-0.517153714411049 0.47455413424356
-0.512033380604999 0.477148392820035
-0.506963743173267 0.479680678050701
-0.501944300171551 0.482153200858922
-0.496974554625298 0.484567649868934
-0.492054014480493 0.486925787632774
-0.487182192554944 0.489229270849106
-0.482358606490043 0.491479728591107
-0.477582778703013 0.493678660865034
-0.472854236339617 0.495827556627785
-0.468172511227344 0.497927879907929
-0.463537139829053 0.499980910285349
-0.458947663197082 0.501987927393738
-0.454403626927804 0.503950242119748
-0.449904581116638 0.505868957229119
-0.445450080313503 0.507745179026292
-0.441039683478716 0.509580196900166
-0.436672953939322 0.511374853871466
-0.432349459345864 0.513130266699087
-0.428068771629568 0.514847363581625
-0.423830466959968 0.516527113496521
-0.419634125702939 0.518170455044391
-0.415479332379147 0.519778190247703
-0.411365675622918 0.521351212184873
-0.407292748141503 0.522890274306538
-0.403260146674756 0.524396294543271
-0.399267471955204 0.525869950902661
-0.395314328668518 0.527312065257866
-0.391400325414375 0.528723215960591
-0.387525074667698 0.530104273341656
-0.383688192740295 0.531455769472087
-0.379889299742866 0.532778436719896
-0.376128019547392 0.534072887126806
-0.372403979749893 0.535339827280475
-0.368716811633558 0.536579842394511
-0.365066150132235 0.537793516556791
-0.361451633794292 0.538981434354717
-0.357872904746824 0.540144177082076
-0.354329608660222 0.54128237168642
-0.350821394713091 0.542396382726551
-0.347347915557516 0.543486920328819
-0.343908827284669 0.544554457078829
-0.340503789390762 0.545599508001333
-0.337132464743328 0.546622578535588
-0.33379451954785 0.547624170749224
-0.330489623314703 0.548604757515188
-0.327217448826438 0.549564817806856
-0.323977672105385 0.550504816195055
-0.320769972381569 0.551425219099713
-0.317594032060959 0.552326449825153
-0.314449536694019 0.55320900204397
-0.311336174944573 0.554073218886941
-0.308253638558984 0.554919387747153
-0.305201622335627 0.555748234318879
-0.30217982409468 0.556560109384556
-0.299187944648198 0.557355135714506
-0.296225687770494 0.558133887895331
-0.293292760168805 0.558896739972202
-0.290388871454263 0.559643910290937
-0.287513734113132 0.560375876841516
-0.284667063478348 0.561092986717134
-0.281848577701335 0.561795423984869
-0.279057997724094 0.562483710603778
-0.276295047251578 0.563157951609619
-0.273559452724335 0.56381860626852
-0.27085094329142 0.564465957824942
-0.268169250783585 0.565100201003693
-0.265514109686717 0.565721659900255
-0.262885257115562 0.566330558428338
-0.260282432787685 0.566927244097936
-0.257705378997708 0.56751197522298
-0.25515384059179 0.568084861009092
-0.252627564942366 0.568646272892759
-0.250126301923135 0.56919639775155
-0.247649803884292 0.569735465461242
-0.245197825628012 0.570263693759474
-0.24277012438417 0.570781296234203
-0.240366459786307 0.571288480544541
-0.237986593847829 0.571785453670482
-0.235630290938444 0.572272409946836
-0.233297317760836 0.572749545846319
-0.23098744332756 0.57321705255532
-0.228700438938179 0.57367511513864
-0.226436078156613 0.574123917385626
-0.224194136788725 0.574563637150227
-0.221974392860124 0.5749944546751
-0.219776626594182 0.57541654400314
-0.217600620390279 0.575830072717724
-0.215446158802257 0.576235221194037
-0.213313028517086 0.576632152048926
-0.211201018333748 0.577021039253433
-0.209109919142325 0.577402053501942
-0.207039523903292 0.577775388584537
-0.204989627627022 0.578141144317986
-0.202960027353487 0.578499817280949
-0.200950522132166 0.578852255334118
-0.198960913002144 0.579193846910355
-0.19699100297242 0.579528393721026
-0.195040597002396 0.57985774596663
-0.19310950198257 0.580180320727492
-0.191197526715416 0.58049650631253
-0.189304481896452 0.580806374421566
-0.187430180095497 0.5811100274652
-0.185574435738115 0.581407593853735
-0.183737065087243 0.581699206667065
-0.181917886224993 0.581985000820878
-0.180116719034647 0.582265105734337
-0.178333385182818 0.582539655975362
-0.1765677081018 0.582808777998838
-0.17481951297208 0.583072600506048
-0.173088626705029 0.583331258680681
-0.171374877925772 0.583584851995921
-0.169678096956209 0.583833517167798
-0.167998115798227 0.584077366563591
-0.166334768117057 0.584316518715161
-0.164687889224809 0.584551083242575
-0.163057316064167 0.58478116943358
-0.161442887192244 0.585006882403567
-0.159844442764598 0.585228325105485
-0.158261824519404 0.585445595771185
-0.156694875761787 0.585658790990696
-0.155143441348303 0.585867999545997
-0.153607367671588 0.58607331327203
-0.152086502645136 0.586274813792358
-0.150580695688254 0.586472584125553
-0.149089797711142 0.586666700846195
-0.147613661100141 0.586857236048603
-0.14615213970311 0.587044260832022
-0.14470508881496 0.587227841820692
-0.143272365163327 0.587408046362823
-0.141853826894383 0.587584913393307
-0.140449333558795 0.587758520968018
-0.139058746097817 0.587928908190484
-0.137681926829522 0.588096127437657
-0.13631873943517 0.588260223415405
-0.134969048945713 0.58842123348111
-0.133632721728429 0.588579203078067
-0.132309625473692 0.588734159720217
-0.130999629181873 0.588886143321995
-0.129702603150369 0.589035179936665
-0.128418418960762 0.589181298250545
-0.127146949466101 0.58932452303681
-0.125888068778317 0.58946487474802
-0.12464165225576 0.589602375952318
-0.123407576490851 0.589737046421959
-0.122185719297873 0.589868903033611
-0.120975959700864 0.589997960469458
-0.119778177921647 0.590124231791432
-0.118592255367968 0.590247726590388
-0.11741807462175 0.590368463182789
-0.116255519427476 0.59048645086232
-0.115104474680669 0.5906016937223
-0.113964826416504 0.590714208975952
-0.112836461798519 0.590824002444012
-0.111719269107444 0.59093108258559
-0.110613137730143 0.591035455468416
-0.109517958148656 0.591137130935221
-0.108433621929363 0.591236113207077
-0.10736002171224 0.591332416780967
-0.106297051200238 0.591426036860994
-0.10524460514875 0.591516989261431
-0.104202579355198 0.591605278262124
-0.103170870648711 0.591690912489493
-0.102149376879912 0.591773895767219
-0.101137996910804 0.591854236425973
-0.100136630604756 0.591931938794383
-0.0991451788165905 0.592007007914833
-0.0981635433827629 0.592079449133784
-0.0971916271116464 0.592149270501589
-0.0962293337739073 0.592216466672357
-0.0952765680929776 0.592281049927221
-0.0943332357356213 0.592343023317907
-0.0933992433025954 0.592402374236102
-0.0924744983194014 0.592459114551323
-0.0915589092271301 0.592513237705083
-0.09065238537339609 0.592564743752355
-0.08975483700336249 0.59261362700382
-0.0888661752508539 0.592659875995957
-0.0879863121295584 0.592703487180242
-0.0871151605243152 0.592744449798636
-0.0862526341824903 0.592782744492098
-0.085398647705436 0.592818356622701
-0.0845531165400356 0.592851278091951
-0.08371595697033229 0.592881478314433
-0.08288708610923989 0.592908938794593
-0.0820664218903365 0.59293362439209
-0.0812538830597391 0.592955520342653
-0.08044938916805849 0.592974583899901
-0.0796528605624342 0.592990779856238
-0.0788642183786477 0.593004075913664
-0.07808338453331461 0.593014430817567
-0.07731028171615301 0.593021794901061
-0.0765448333823297 0.59302612367475
-0.07578696374488091 0.593027369542862
-0.07503659776720881 0.593025474889844
-0.07429366115565229 0.59302038511774
-0.073558080352131 0.593012043215912
-0.0728297825268624 0.593000391062185
-0.0721086955711509 0.592985360439274
-0.0713947480902484 0.592966876485977
-0.0706878693962855 0.592944883859369
-0.0699879895012728 0.592919311071855
-0.0692950391101711 0.592890076347409
-0.0686089496140308 0.592857113668186
-0.0679296530831988 0.592820345427475
-0.06725708226059279 0.592779697149896
-0.06659117055504241 0.592735090783378
-0.0659318520346955 0.592686439273585
-0.0652790614204906 0.59263367503803
-0.0646327340796936 0.592576717223371
-0.0639928060194986 0.59251548767003
-0.0633592138806917 0.592449907495019
-0.0627318949313779 0.592379897045657
-0.0621107870607702 0.592305384136752
-0.0614958287730398 0.592226293153097
-0.0608869591812276 0.59214254873592
-0.0602841180012154 0.592054086919689
-0.0596872455457578 0.591960837387307
-0.0590962827185721 0.591862722991422
-0.0585111710084872 0.591759679808538
-0.0579318524836507 0.59165165666649
-0.0573582697857928 0.591538592238603
-0.0567903661245473 0.591420432379882
-0.056228085271829 0.591297125509287
-0.0556713715562664 0.591168621078137
-0.0551201698576895 0.591034877627498
-0.0545744256016727 0.590895855490135
-0.0540340847541314 0.590751514418025
-0.0534990938159717 0.590601816895136
-0.0529693998177938 0.59044673371168
-0.0524449503146473 0.59028626381177
-0.0519256933808389 0.590120346612636
-0.051411577604791 0.589948981533155
-0.0509025520839515 0.589772155859047
-0.0503985664197539 0.589589848700985
-0.0498995707126277 0.589402069699638
-0.0494055155570571 0.58920879417271
-0.0489163520366902 0.589009995882477
-0.0484320317194952 0.588805750849323
-0.0479525066529656 0.588595993348988
-0.0474777293593719 0.588380740415601
-0.0470076528310613 0.588159988148328
-0.0465422305258032 0.587933775633786
-0.0460814163621814 0.587702074178336
-0.0456251647150311 0.587464904445265
-0.0451734304109219 0.58722227391745
-0.044726168723685 0.586974193174326
-0.0442833353699852 0.586720685916572
-0.0438448865049358 0.586461713311547
-0.0434107787177582 0.586197344080518
-0.0429809690274834 0.585927514956375
-0.0425554148786964 0.585652287180123
-0.0421340741373232 0.585371634554862
-0.0417169050864586 0.585085574660382
-0.0413038664222363 0.58479409109502
-0.0408949172497389 0.584497187715085
-0.0404900170789494 0.584194874351069
-0.0400891258207419 0.583887127883482
-0.0396922037829128 0.583573938186612
-0.0392992116662503 0.583255333502738
-0.0389101105606439 0.582931270250657
-0.0385248619412316 0.582601717617079
-0.0381434276645857 0.582266737623592
-0.0377657699649363 0.581926210984175
-0.037391851450432 0.581580234811858
-0.0370216350994376 0.581228693506574
-0.036655084256869 0.58087164453449
-0.0362921626305633 0.580509006818577
-0.0359328342876865 0.580140817816582
-0.0355770636511747 0.57976702524129
-0.0352248154962126 0.579387616539813
-0.0348760549467451 0.579002597667685
-0.0345307474720249 0.578611937761324
-0.0341888588831929 0.57821562525544
-0.033850355329894 0.577813649371923
-0.0335152032969248 0.577405992329456
-0.0331833696009156 0.576992632536466
-0.0328548213870451 0.576573686012742
-0.0325295261257873 0.57614899337689
-0.0322074516096904 0.575718620142236
-0.0318885659501885 0.575282563099835
-0.031572837574444 0.574840817961784
-0.0312602352222218 0.574393446851146
-0.0309507279427939 0.573940411645961
-0.0306442850918751 0.573481751605676
-0.0303408763285892 0.573017491250368
-0.0300404716124646 0.572547640437927
-0.02974304120046 0.572072222327613
-0.0294485556440198 0.571591305117698
-0.0291569857861582 0.571104877453028
-0.0288683027585725 0.570612993995996
-0.0285824779787846 0.570115662813883
-0.0282994831473115 0.569612971944191
-0.0280192902448629 0.569104895254943
-0.0277418715295672 0.568591542868188
-0.027467199534225 0.568072886732102
-0.0271952470635891 0.567549025009934
-0.0269259871916724 0.567019961148162
-0.0266593932590815 0.56648575244431
-0.0263954388703778 0.565946440920656
-0.0261340978914631 0.565402024895566
-0.0258753444469932 0.564852594982089
-0.025619152917815 0.564298185447737
-0.0253654979384307 0.563738705149251
-0.0251143543944859 0.563174315868142
-0.024865697420283 0.562605093629703
-0.0246195023963198 0.562030869243614
-0.0243757449468513 0.561451752512594
-0.0241344009374766 0.560867737621231
-0.0238954464727491 0.560278837884702
-0.023658857893811 0.559685085251221
-0.0234246117760505 0.55908643429423
-0.0231926849267826 0.558482886822294
-0.0229630543829531 0.557874412928236
-0.0227356974088645 0.557260994693236
-0.0225105914939252 0.556642620420121
-0.022287714350421 0.556019286943547
-0.0220670439113079 0.555390921380192
-0.0218485583280276 0.554757489761275
-0.0216322359683442 0.55411895248959
-0.0214180554142022 0.553475226752736
-0.0212059954596061 0.552826318003401
-0.0209960351085209 0.552172151598001
-0.020788153572793 0.551512607950755
-0.0205823302700921 0.550847696818979
-0.0203785448218733 0.550177322237408
-0.0201767770513597 0.549501410029721
-0.0199770069815443 0.548819887555855
-0.0197792148332122 0.548132682411576
-0.0195833810229823 0.547439707373729
-0.0193894861613687 0.546740929618964
-0.0191975110508601 0.546036240077449
-0.0190074366840199 0.545325601731286
-0.0188192442416038 0.544608845676679
-0.0186329150906968 0.543885970278911
-0.0184484307828682 0.543156869315764
-0.0182657730523447 0.542421486167526
-0.0180849238142027 0.541679683974728
-0.0179058651625769 0.540931470364681
-0.017728579368888 0.540176855814786
-0.0175530488800872 0.539415352184605
-0.017379256316918 0.538647386428773
-0.017207184472196 0.537872777916611
-0.017036816309105 0.537091206917306
-0.0168681349595099 0.536302911704564
-0.016701123722287 0.535507677765983
-0.0165357660616703 0.53470539504836
-0.0163720456056142 0.53389615719124
-0.0162099461441724 0.53307979777887
-0.0160494516278935 0.532256306793203
-0.0158905461662312 0.531425601185509
-0.0157332140259715 0.530587655969451
-0.0155774396296747 0.529742450354121
-0.0154232075541334 0.528889880837219
-0.0152705025288449 0.528029914134113
-0.0151193094344999 0.527162527753689
-0.0149696133014851 0.52628762445975
-0.0148213993084011 0.525405290815941
-0.0146746527805951 0.524515341330139
-0.014529359188708 0.523617851932506
-0.0143855041472357 0.522712694197602
-0.0142430734131046 0.521799829500592
-0.014102052884262 0.520879290478636
-0.0139624285982792 0.519950928716299
-0.0138241867309695 0.519014795048377
-0.0136873135950193 0.518070830429636
-0.013551795638633 0.517119026880301
-0.0134176194441911 0.516159365681443
-0.0132847717269219 0.51519164279197
-0.013153239333586 0.514215993015435
-0.0130230092411743 0.51323233389469
-0.0128940685556181 0.512240636981833
-0.012766404510513 0.511240802386534
-0.0126400044658544 0.510232935216534
-0.0125148559067866 0.509216937378203
-0.0123909464423629 0.508192746866467
-0.0122682638043197 0.507160435262784
-0.0121467958458611 0.506119902384591
-0.0120265305404566 0.505071061617013
-0.0119074559806501 0.504014062736786
-0.0117895603768812 0.502948705021031
-0.0116728320563181 0.501875158264145
-0.0115572594617011 0.500793496144044
-0.0114428311501991 0.499703465831897
-0.0113295357922763 0.498605138910615
-0.0112173621705706 0.497498639206509
-0.0111062991787828 0.496383827213229
-0.010996335820577 0.495260925672437
-0.0108874612084921 0.494129797285267
-0.0107796645628634 0.492990512048836
-0.0106729352107559 0.491843121515897
-0.0105672625849068 0.490687699447672
-0.01046263622268 0.48952422488445
-0.0103590457650297 0.488352816938897
-0.010256480955475 0.487173548908819
-0.0101549316390841 0.485986477459373
-0.0100543877614694 0.484791689703437
-0.00995483936779152 0.48358926035461
-0.009856276601773781 0.482379261456433
-0.009758689704726511 0.48116187144563
-0.00966206901458071 0.479937143955982
-0.009566404964931391 0.478705203880211
-0.00947168808409049 0.477466206646342
-0.009377908994149 0.476220243581443
-0.00928505841004851 0.474967481588965
-0.00919312713866189 0.473708012921895
-0.00910210607788306 0.472442083066557
-0.0090119862157258 0.471169765137009
-0.008922758629431491 0.469891295213551
-0.008834414484585631 0.468606762807972
-0.008746945034243199 0.467316447001808
-0.008660341618062581 0.466020428598858
-0.0085745956614481 0.464718956694617
-0.00848969867470108 0.463412200573186
-0.008405642252179289 0.4621003513417
-0.00832241807146464 0.460783598255507
-0.00824001789253925 0.459462178703561
-0.00815843355696956 0.458136270741085
-0.00807765698709857 0.456806086735162
-0.00799768018524611 0.455471842346617
-0.00791849523291694 0.4541337787802
-0.00784009429001677 0.45279205754
-0.00776246959407601 0.451446919229257
-0.0076856134594812 0.450098617571974
-0.00760951827671406 0.44874734493812
-0.00753417651159808 0.44739329470438
-0.00745958070455255 0.446036723179676
-0.00738572346985401 0.444677825276088
-0.00731259749490496 0.44331690921585
-0.00724019553950986 0.441954081422026
-0.00716851043515828 0.440589625859167
-0.00709753508431513 0.439223734845988
-0.00702726245971795 0.437856535408568
-0.00695768560368114 0.436488453589746
-0.00688879762740707 0.435119596451781
-0.00682059171030403 0.433750297428057
-0.00675306109931092 0.432380604318491
-0.00668619910822863 0.431010601616775
-0.00661999911705805 0.429640769059505
-0.0065544545713446 0.428271224730375
-0.00648955898152931 0.426902157024026
-0.00642530592230625 0.425533756714399
-0.00636168903198638 0.424166387832838
-0.00629870201186771 0.422799978685443
-0.00623633862561159 0.421434786757437
-0.00617459269862534 0.420071081304644
-0.00611345811745083 0.418709035910758
-0.00605292882915924 0.417348813450603
-0.00599299884075172 0.41599057124529
-0.00593366221856606 0.414634545808214
-0.00587491308768917 0.413280876541912
-0.00581674563137541 0.411929710013489
-0.0057591540904707 0.410581361278088
-0.00570213276284228 0.4092357410284
-0.00564567600281414 0.407893193271263
-0.00558977822060806 0.406553782088376
-0.00553443388179016 0.405217662961362
-0.00547963750672293 0.403885172505386
-0.0054253836700227 0.402556227551547
-0.00537166700002248 0.401230986416744
-0.00531848217824008 0.3999098437287
-0.00526582393885156 0.398592689580681
-0.00521368706816986 0.397279743247886
-0.00516206640412858 0.395971065484653
-0.00511095683577087 0.394666892316892
-0.00506035330274343 0.393367295458298
-0.00501025079479548 0.392072466136183
-0.00496064435128265 0.390782417295415
-0.00491152906067589 0.389497271185609
-0.00486290006007514 0.388217292560462
-0.00481475253472786 0.386942417866273
-0.00476708171755234 0.385672868091995
-0.00471988288866568 0.384408662791665
-0.00467315137491651 0.383149967211045
-0.00462688254942229 0.381896837384534
-0.00458107183111118 0.380649423061479
-0.00453571468426849 0.379407764881961
-0.00449080661808762 0.378172003508938
-0.00444634318622536 0.376942159645815
-0.00440231998636175 0.375718366948674
-0.00435873265976411 0.374500725048849
-0.00431557689085555 0.373289232985346
-0.00427284840678767 0.372084051071061
-0.0042305429770175 0.370885215095101
-0.00418865641288861 0.369692807647343
-0.00414718456721645 0.368506889577196
-0.00410612333387767 0.36732753264463
-0.00406546864740364 0.366154824393401
-0.00402521648257786 0.364988744301023
-0.00398536285403748 0.363829435391453
-0.0039459038158787 0.362676925108443
-0.00390683546126603 0.36153126672529
-0.00386815392204558 0.360392512558594
-0.00382985536836196 0.359260695594961
-0.00379193600827917 0.358135888073971
-0.00375439208740512 0.357018116975731
-0.00371721988851992 0.355907429921297
-0.00368041573120784 0.354803863578577
-0.00364397597149291 0.353707455524955
-0.00360789700147813 0.352618240261783
-0.00357217524898825 0.351536254131208
-0.00353680717721609 0.350461513972646
-0.00350178928437236 0.349394055650713
-0.00346711810333897 0.348333921355341
-0.00343279020132572 0.347281157489134
-0.00339880217953041 0.346235681019061
-0.00336515067280239 0.345197602686288
-0.00333183234930929 0.344166894582562
-0.00329884391020722 0.343143616183572
-0.00326618208931408 0.342127760888576
-0.00323384365278622 0.341119341717171
-0.00320182539879824 0.340118358865021
-0.00317012415722598 0.33912486471519
-0.00313873678933265 0.338138780050814
-0.00310766018745807 0.337160175490004
-0.00307689127471096 0.33618904716899
-0.00304642700466432 0.335225382223979
-0.00301626436105378 0.334269197654063
-0.00298640035747899 0.333320439904363
-0.00295683203710791 0.332379179329999
-0.00292755647238407 0.331445357574025
-0.0028985707647367 0.330518993176268
-0.00286987204429376 0.329600064250831
-0.00284145746959779 0.328688568496725
-0.00281332422732454 0.327784489875376
-0.0027854695320045 0.326887819403005
-0.00275789062574703 0.325998545977854
-0.00273058477796735 0.325116653710479
-0.00270354928511619 0.324242121014817
-0.00267678147041207 0.323374931345053
-0.00265027868357631 0.322515068275262
-0.0026240383005706 0.321662507139969
-0.00259805772333723 0.320817233301433
-0.00257233437954181 0.31997921081873
-0.00254686572231862 0.319148429043383
-0.00252164923001844 0.318324856268639
-0.00249668240595885 0.31750847390591
-0.00247196277817708 0.316699238249632
-0.00244748789918523 0.315897150522627
-0.00242325534572795 0.315102154012565
-0.00239926271854252 0.314314251239536
-0.00237550764212131 0.313533360780896
-0.00235198776447654 0.312759500183035
-0.00232870075690747 0.311992601145061
-0.00230564431376977 0.311232656863898
-0.0022828161522473 0.310479621097382
-0.00226021401212604 0.30973346410729
-0.00223783565557034 0.308994150492385
-0.00221567886690132 0.308261640415327
-0.00219374145237755 0.307535899205298
-0.00217202123997777 0.306816889579868
-0.00215051607918591 0.306104573796827
-0.00212922384077813 0.305398913454472
-0.00210814241661201 0.304699869648745
-0.00208726971941783 0.304007402999002
-0.00206660368259191 0.303321473791875
-0.00204614225999199 0.302642048729153
-0.00202588342573464 0.30196907894175
-0.0020058251739947 0.301302489544489
-0.00198596551880663 0.300642304163525
-0.00196630249386795 0.299988444363534
-0.00194683415234451 0.299340859190447
-0.00192755856667773 0.298699535560997
-0.00190847382839379 0.298064414110175
-0.00188957804791465 0.297435451310659
-0.00187086935437094 0.296812606661356
-0.00185234589541677 0.296195830242392
-0.0018340058370463 0.295585080023499
-0.00181584736341218 0.294980315582406
-0.00179786867664573 0.29438149024836
-0.00178006799667894 0.293788559455789
-0.00176244356106825 0.293201478485947
-0.00174499362482005 0.292620204320224
-0.00172771646021787 0.292044688324246
-0.00171061035665136 0.29147488727241
-0.00169367362044689 0.290910756079341
-0.00167690457469989 0.290352249389524
-0.00166030155910881 0.289799322049232
-0.0016438629298107 0.289251928774946
-0.00162758705921851 0.288710024266053
-0.00161147233585991 0.28817356321918
-0.00159551716421774 0.287642500342068
-0.00157971996457202 0.287116790367037
-0.00156407917284358 0.286596388064065
-0.00154859324043919 0.286081248253475
-0.00153326063409821 0.285571325807333
-0.0015180798357408 0.285066575704305
-0.00150304934231762 0.284566952980486
-0.00148816766566101 0.284072412960318
-0.00147343333233764 0.28358290881956
-0.00145884488350261 0.283098399567811
-0.00144440087475506 0.282618840634005
-0.00143009987599511 0.282144183417186
-0.00141594047128228 0.281674391268435
-0.00140192125869533 0.281209410757674
-0.0013880408501934 0.280749202232573
-0.00137429787147861 0.280293721985714
-0.00136069096186001 0.279842926464566
-0.00134721877411882 0.279396772301883
-0.00133387997437507 0.27895521632605
-0.00132067324195552 0.278518215573819
-0.00130759726926289 0.27808572730247
-0.00129465076164642 0.277657709047303
-0.00128183243727369 0.277234118887635
-0.00126914102700365 0.276814912352352
-0.00125657527426104 0.276400051050593
-0.00124413393491192 0.275989489655724
-0.00123181577714052 0.275583189838924
-0.00121961958132724 0.27518110932097
-0.00120754413992796 0.274783207291323
-0.00119558825735442 0.274389443035302
-0.00118375074985586 0.273999776135373
-0.00117203044540184 0.273614166446467
-0.00116042618356618 0.273232574049134
-0.00114893681541206 0.272854959425738
-0.00113756120337828 0.272481283190188
-0.00112629822116661 0.272111506279937
-0.00111514675363031 0.271745589908522
-0.00110410569666367 0.271383495568378
-0.00109317395709274 0.27102518449921
-0.00108235045256707 0.270670619825234
-0.00107163411145255 0.270319763354712
-0.00106102387272529 0.269972577712237
-0.00105051868586663 0.269629025816264
-0.00104011751075904 0.269289070874945
-0.00102981931758321 0.268952676397551
-0.00101962308671605 0.268619806228274
-0.00100952780862975 0.268290422778832
-0.00099953248379183 0.267964492857537
-0.0009896361225661681 0.267641982657885
-0.000979837745115018 0.267322853041737
-0.000970136381301998 0.267007070971219
-0.000960531070596037 0.26669460200452
-0.000951020861976275 0.266385411989766
-0.000941604813837896 0.266079467068412
-0.0009322819938989071 0.265776733669278
-0.000923051479107828 0.265477178535635
-0.000913912355552305 0.265180768686123
-0.000904863718368619 0.264887471397807
-0.000895904671652098 0.264597254384955
-0.000887034328368414 0.264310085496388
-0.000878251810265756 0.264025932902989
-0.000869556247787878 0.263744765116814
-0.000860946779987997 0.263466550917944
-0.0008524225544435619 0.263191259376381
-0.000843982727171843 0.262918859851086
-0.00083562646254638 0.262649321988875
-0.000827352933214237 0.262382615723447
-0.000819161320014096 0.262118711274123
-0.000811050811895145 0.261857579054234
-0.000803020605836777 0.261599190025167
-0.000795069906769086 0.261343515171012
-0.000787197927494145 0.261090525840802
-0.000779403888608064 0.260840193662528
-0.000771687018423826 0.260592490541694
-0.000764046552894877 0.26034738865977
-0.000756481735539482 0.260104860472658
-0.000748991817365824 0.259864878709103
-0.000741576056797845 0.259627416369072
-0.000734233719601827 0.259392446722135
-0.00072696407881369 0.259159943305661
-0.00071976641466702 0.258929879923991
-0.000712640014521802 0.258702230645967
-0.000705584172793863 0.258476969804508
-0.000698598190885013 0.258254071996386
-0.000691681377113875 0.2580335120848
-0.0006848330466474 0.25781526521122
-0.00067805252143307 0.257599306847576
-0.000671339130131752 0.25738561311669
-0.00066469220805124 0.257174159412915
-0.000658111097080435 0.256964917323557
-0.0006515951456241939 0.256757871464146
-0.000645143708538805 0.256552993821848
-0.000638756147068124 0.256350261189478
-0.000632431828780321 0.256149653271079
-0.000626170127505268 0.255951143195073
-0.000619970423272543 0.255754711611023
-0.000613832102250043 0.255560335772213
-0.00060775455668321 0.255367993531315
-0.000601737184834862 0.255177663154721
-0.000595779390925606 0.254989323132859
-0.000589880585074857 0.25480295218781
-0.000584040183242433 0.254618529268588
-0.000578257607170726 0.254436033548287
-0.000572532284327451 0.254255444421703
-0.000566863647848961 0.254076741503148
-0.00056125113648412 0.253899904624331
-0.000555694194538733 0.253724913832303
-0.000550192271820528 0.253551749387471
-0.000544744823584681 0.253380391761448
-0.000539351310479882 0.253210821641363
-0.000534011198494933 0.253043019902411
-0.000528723958905874 0.25287696764494
-0.0005234890682236369 0.252712646165707
-0.000518306008142215 0.25255003696282
-0.000513174265487342 0.252389121733735
-0.000508093332165685 0.252229882373284
-0.00050306270511454 0.252072300971788
-0.0004980818862520199 0.251916359813021
-0.000493150382427742 0.251762041372405
-0.000488267705374002 0.251609328293107
-0.000483433371657428 0.251458203477198
-0.000478646902631117 0.251308649935724
-0.000473907824387244 0.25116065089132
-0.000469215667710143 0.251014189748705
-0.000464569968029844 0.25086925009282
-0.000459970265376083 0.250725815686979
-0.000455416104332756 0.250583870471014
-0.000450907033992828 0.250443398559466
-0.000446442607913691 0.250304419065877
-0.000442022384072961 0.250166846772205
-0.000437645924824714 0.25003070115802
-0.000433312796856152 0.249895967016559
-0.000429022571144705 0.249762629309816
-0.00042477482291555 0.249630673160051
-0.000420569131599554 0.249500083859914
-0.000416405080791638 0.249370846854723
-0.000412282258209542 0.249242947751158
-0.000408200255653012 0.249116372313048
-0.000404158668963379 0.248991106459599
-0.000400157097983543 0.248867136263964
-0.00039619514651836 0.248744447951348
-0.000392272422295405 0.248623027897314
-0.000388388536926144 0.248502862626474
-0.000384543105867469 0.248383938810627
-0.000380735748383633 0.248266243267248
-0.000376966087508547 0.248149762957873
-0.000373233750008463 0.248034484986557
-0.000369538366345013 0.247920396598331
-0.000365879570638626 0.247807485177615
-0.000362257000632303 0.247695738246738
-0.000358670297655746 0.247585143464435
-0.000355119106589847 0.247475688624212
-0.000351603075831532 0.247367361653223
-0.000348121857258943 0.247260150610329
-0.000344675106196973 0.247154043675562
-0.000341262481383142 0.24704902918616
-0.000337883644933803 0.246945095578724
-0.000334538262310697 0.246842231424999
-0.000331226002287818 0.246740425415911
-0.000327946536918632 0.24663966638075
-0.000324699541503596 0.246539943261458
-0.000321484694558016 0.246441245124262
-0.000318301677780214 0.246343561148787
-0.000315150176020014 0.246246880635559
-0.000312029877247538 0.246151193002065
-0.000308940472522315 0.246056487781338
-0.000305881655962688 0.245962754620622
-0.000302853124715533 0.245869983280137
-0.00029985457892627 0.245778163626732
-0.000296885721709178 0.245687285652517
-0.000293946259117998 0.245597339444399
-0.00029103590011683 0.245508315202113
-0.000288154356551317 0.245420203232348
-0.000285301343120116 0.245332993947633
-0.000282476577346649 0.245246677866945
-0.000279679779551138 0.245161245607806
-0.000276910672822909 0.245076687896471
-0.000274168982992979 0.244992995559501
-0.00027145443860691 0.244910159525589
-0.00026876677089793 0.244828170825922
-0.000266105713760327 0.244747020596
-0.000263471003723096 0.244666700080484
-0.000260862379923858 0.244587200645317
-0.000258279584083027 0.244508513811204
-0.000255722360478245 0.244430631361406
-0.000253190455919054 0.244353538609316
-0.000250683619721836 0.244277237357246
-0.000248201603684986 0.244201719053815
-0.000245744162064343 0.244126963352607
-0.000243311051548854 0.244052974377555
-0.000240902031236489 0.243979740114946
-0.000238516862610385 0.243907252683168
-0.000236155309515233 0.243835504287123
-0.000233817138133894 0.243764487216171
-0.000231502116964252 0.243694193843001
-0.000229210016796289 0.243624616622656
-0.000226940610689395 0.24355574809158
-0.000224693673949896 0.243487580866706
-0.000222468984108808 0.243420107644557
-0.00022026632089981 0.24335331952717
-0.000218085466237435 0.243287212799209
-0.000215926204195481 0.243221778620223
-0.000213788320985624 0.243157009998567
-0.000211671604936262 0.243092900017244
-0.000209575846471546 0.243029441833205
-0.00020750083809064 0.24296662867668
-0.000205446374347168 0.242904453850362
-0.000203412251828879 0.242842910728698
-0.000201398269137504 0.242781992757107
-0.000199404226868816 0.242721693451196
-0.000197429927592887 0.242662006396027
-0.000195475175834542 0.242602925245343
-0.000193539778054002 0.242544443720806
-0.000191623542627725 0.242486555611236
-0.00018972627982943 0.242429254771908
-0.000187847801811317 0.242372535123772
-0.000185987922585462 0.242316390652746
-0.000184146458005408 0.242260815408985
-0.000182323225747929 0.242205803506189
-0.000180518045294979 0.242151349120865
-0.000178730737915821 0.242097446491648
-0.000176961126649328 0.242044089918616
-0.000175209036286463 0.241991273762591
-0.000173474293352934 0.241938992444471
-0.000171756726092014 0.241887240444573
-0.000170056164447538 0.241836012301949
-0.000168372440047068 0.241785302613767
-0.000166705386185215 0.241735106034629
-0.000165054837807144 0.241685417275976
-0.000163420631492222 0.241636231105417
-0.000161802605437843 0.241587542346124
-0.000160200599443409 0.241539345876224
-0.000158614454894465 0.241491636628169
-0.000157044014746995 0.241444409588179
-0.000155489123511876 0.241397659795583
-0.000153949627239481 0.241351382342279
-0.000152425373504437 0.241305572372149
-0.000150916211390531 0.24126022508062
-0.000149421991475774 0.241215335713308
-0.000147942565817598 0.241170899567076
-0.000146477787938216 0.241126911987862
-0.000145027512810114 0.241083368370929
-0.000143591596841697 0.241040264160168
-0.000142169897863067 0.240997594847525
-0.000140762275111947 0.240955355972578
-0.00013936858921975 0.240913543121881
-0.000137988702197772 0.240872151931527
-0.000136622477423537 0.240831178075607
-0.000135269779627264 0.240790617280783
-0.000133930474878479 0.240750465316672
-0.000132604430572752 0.240710717997438
-0.000131291515418566 0.240671371181243
-0.000129991599424323 0.240632420769776
-0.000128704553885468 0.240593862707842
-0.000127430251371751 0.240555692982856
-0.000126168565714605 0.240517907624439
-0.000124919371994658 0.240480502705239
-0.000123682546529364 0.240443474326613
-0.000122457966860757 0.240406818660779
-0.000121245511743324 0.240370531889214
-0.000120045061132003 0.240334610247147
-0.0001188564961703 0.240299050007494
-0.000117679699178515 0.240263847482099
-0.000116514553642094 0.240228999021362
-0.000115360944200093 0.240194501013813
-0.000114218756633756 0.240160349885735
-0.000113087877855204 0.240126542100765
-0.000111968195896241 0.240093074159478
-0.000110859599897269 0.240059942598964
-0.000109761980096306 0.240027143992471
-0.000108675227818124 0.239994674948985
-0.00010759923546349 0.239962532112855
-0.000106533896498505 0.2399307121634
-0.000105479105444064 0.239899211814548
-0.00010443475786541 0.239868027814448
-0.000103400750361792 0.239837156945098
-0.00010237698055623 0.23980659602199
-0.000101363347085376 0.239776341893736
-0.000100359749589481 0.239746391441726
-9.93660887024564e-05 0.23971674157976
-9.838226604203611e-05 0.239687389253703
-9.74081842000357e-05 0.239658331441145
-9.64437467327086e-05 0.239629565151049
-9.548885815119661e-05 0.239601087423425
-9.45434239120759e-05 0.239572895328989
-9.36073504079959e-05 0.239544985968832
-9.26805449584118e-05 0.239517356474098
-9.17629158004077e-05 0.23949000400566
-9.08543720796116e-05 0.239462925753798
-8.995482384119961e-05 0.239436118937887
-8.90641820209897e-05 0.239409580806085
-8.81823584366235e-05 0.239383308635019
-8.730926577883521e-05 0.239357299729494
-8.64448176028071e-05 0.239331551422171
-8.5588928319611e-05 0.23930606107329
-8.474151318773359e-05 0.239280826070357
-8.39024883046868e-05 0.239255843827872
-8.307177059869981e-05 0.239231111787016
-8.22492778204948e-05 0.239206627415392
-8.143492853514339e-05 0.239182388206726
-8.062864211400339e-05 0.239158391680592
-7.9830338726736e-05 0.239134635382152
-7.9039939333402e-05 0.239111116879206
-7.82573656766356e-05 0.239087833775099
-7.74825402738966e-05 0.239064783682304
-7.671538640979859e-05 0.23904196424822
-7.59558281285135e-05 0.2390193731417
-7.5203790226251e-05 0.238997008055805
-7.44591982438129e-05 0.238974866707248
-7.37219784592207e-05 0.238952946836225
-7.299205788041651e-05 0.23893124620616
-7.22693642380361e-05 0.238909762603471
-7.155382597825361e-05 0.238888493837298
-7.084537225569659e-05 0.238867437739297
-7.01439329264323e-05 0.23884659216338
-6.944943854102211e-05 0.238825954985483
-6.876182033764561e-05 0.238805524103339
-6.80810102352927e-05 0.238785297436247
-6.74069408270225e-05 0.23876527292483
-6.673954537328961e-05 0.238745448530838
-6.607875779533621e-05 0.238725822236895
-6.54245126686497e-05 0.238706392046298
-6.477674521648491e-05 0.238687155982797
-6.41353913034504e-05 0.23866811209037
-6.350038742915879e-05 0.238649258433018
-6.28716707219394e-05 0.238630593094556
-6.22491789326132e-05 0.238612114178399
-6.16328504283299e-05 0.238593819807357
-6.10226241864653e-05 0.238575708123437
-6.04184397885795e-05 0.238557777287633
-5.98202374144351e-05 0.238540025479728
-5.92279578360744e-05 0.238522450898104
-5.86415424119548e-05 0.238505051759547
-5.80609330811434e-05 0.238487826301725
-5.74860723575677e-05 0.238470772772353
-5.69169033243245e-05 0.23845388944487
-5.6353369628044e-05 0.238437174607747
-5.57954154733109e-05 0.238420626566914
-5.52429856171395e-05 0.238404243645573
-5.46960253635045e-05 0.238388024184011
-5.41544805579252e-05 0.238371966539434
-5.36182975821042e-05 0.238356069085839
-5.3087423348618e-05 0.238340330213687
-5.25618052956614e-05 0.238324748329903
-5.2041391381843e-05 0.238309321857618
-5.15261300810327e-05 0.238294049236006
-5.10159703772601e-05 0.238278928920146
-5.05108617596634e-05 0.238263959380828
-5.00107542174885e-05 0.238249139104385
-4.95155982351372e-05 0.238234466592594
-4.90253447872645e-05 0.238219940362427
-4.85399453339253e-05 0.238205558945992
-4.80593518157676e-05 0.238191320890301
-4.75835166492748e-05 0.238177224757166
-4.71123927220543e-05 0.238163269123069
-4.66459333881726e-05 0.238149452578974
-4.61840924635372e-05 0.238135773730308
-4.5726824221324e-05 0.23812223119668
-4.52740833874495e-05 0.238108823598126
-4.48258251360886e-05 0.238095549608737
-4.43820050852362e-05 0.238082407878425
-4.39425792923131e-05 0.238069397084228
-4.35075042498149e-05 0.238056515918922
-4.30767368810049e-05 0.238043763094223
-4.26502345356484e-05 0.238031137351023
-4.22279549857905e-05 0.238018637504444
-4.18098564215747e-05 0.238006260240485
-4.13958974471037e-05 0.237994007221979
-4.09860370763403e-05 0.237981877939972
-4.05802347290498e-05 0.237969868656634
-4.0178450226782e-05 0.237957978821123
-3.97806437888931e-05 0.237946207326759
-3.9386776028607e-05 0.237934553014007
-3.89968079491158e-05 0.237923014719853
-3.86107009397186e-05 0.237911591287716
-3.82284167719987e-05 0.237900281570603
-3.78499175960383e-05 0.237889084431993
-3.74751659366716e-05 0.237877998746341
-3.71041246897738e-05 0.237867023399151
-3.67367571185879e-05 0.237856157286992
-3.63730268500871e-05 0.237845399317503
-3.60128978713733e-05 0.237834748409221
-3.56563345261122e-05 0.237824203491587
-3.53033015110022e-05 0.23781376350481
-3.49537638722794e-05 0.237803427399766
-3.46076870022568e-05 0.237793194137897
-3.42650366358979e-05 0.237783062690631
-3.39257788474236e-05 0.237773032041223
-3.35898800469541e-05 0.237763101181707
-3.32573069771823e-05 0.23775326911475
-3.29280267100814e-05 0.237743534853085
-3.2602006643645e-05 0.237733897419789
-3.22792144986584e-05 0.237724355846618
-3.19596183155034e-05 0.237714909176234
-3.16431864509934e-05 0.237705556460582
-3.1329887575241e-05 0.237696296761132
-3.10196906685555e-05 0.237687129148809
-3.07125650183718e-05 0.237678052703912
-3.04084802162097e-05 0.237669066515977
-3.0107406154663e-05 0.237660169683717
-2.98093130244188e-05 0.237651361314921
-2.95141713113058e-05 0.237642640526356
-2.92219517933721e-05 0.237634006443668
-2.89326255379921e-05 0.237625458201312
-2.86461638990021e-05 0.237616994942452
-2.83625385138635e-05 0.237608615818922
-2.80817213008549e-05 0.237600319990835
-2.7803684456292e-05 0.237592106627139
-2.75284004517743e-05 0.237583974904874
-2.72558420314597e-05 0.237575924009402
-2.6985982209366e-05 0.237567953134342
-2.6718794266699e-05 0.237560061481348
-2.64542517492069e-05 0.237552248260119
-2.61923284645613e-05 0.23754451268827
-2.59329984797637e-05 0.237536853991339
-2.56762361185779e-05 0.23752927140254
-2.5422015958988e-05 0.237521764162906
-2.51703128306812e-05 0.237514331521006
-2.49211018125557e-05 0.237506972733001
-2.46743582302531e-05 0.237499687062502
-2.4430057653716e-05 0.237492473780508
-2.41881758947683e-05 0.237485332165328
-2.39486890047211e-05 0.237478261502527
-2.37115732720011e-05 0.237471261084859
-2.3476805219803e-05 0.23746433021212
-2.32443616037654e-05 0.23745746819119
-2.30142194096687e-05 0.23745067433585
-2.27863558511571e-05 0.237443947966786
-2.25607483674823e-05 0.237437288411496
-2.23373746212696e-05 0.237430695004238
-2.21162124963065e-05 0.237424167085916
-2.1897240095353e-05 0.23741770400409
-2.16804357379733e-05 0.237411305112736
-2.14657779583894e-05 0.237404969772517
-2.12532455033558e-05 0.237398697350327
-2.10428173300553e-05 0.237392487219725
-2.08344726040151e-05 0.237386338752082
-2.06281906970447e-05 0.237380251354496
-2.04239511851927e-05 0.237374224399793
-2.02217338467255e-05 0.237368257291542
-2.00215186601242e-05 0.23736234943378
-1.98232858021032e-05 0.237356500236656
-1.96270156456467e-05 0.237350709116132
-1.94326887580661e-05 0.237344975493917
-1.92402858990753e-05 0.23733929879761
-1.90497880188865e-05 0.237333678460465
-1.88611762563232e-05 0.237328113921508
-1.86744319369537e-05 0.237322604625275
-1.84895365712413e-05 0.237317150021894
-1.83064718527141e-05 0.237311749566991
-1.81252196561526e-05 0.237306402721672
-1.79457620357947e-05 0.237301108952379
-1.77680812235591e-05 0.237295867730951
-1.75921596272862e-05 0.237290678534446
-1.74179798289962e-05 0.237285540845195
-1.72455245831646e-05 0.237280454150684
-1.70747768150145e-05 0.237275417943539
-1.69057196188262e-05 0.23727043172144
-1.67383362562636e-05 0.2372654949871
-1.65726101547164e-05 0.237260607248209
-1.64085249056598e-05 0.237255768017358
-1.62460642630295e-05 0.237250976812026
-1.60852121416134e-05 0.237246233154504
-1.59259526154588e-05 0.237241536571862
-1.57682699162958e-05 0.237236886595881
-1.56121484319761e-05 0.237232282763039
-1.54575727049268e-05 0.237227724614443
-1.53045274306206e-05 0.237223211695752
-1.515299745606e-05 0.237218743557209
-1.50029677782772e-05 0.237214319753515
-1.48544235428487e-05 0.237209939843829
-1.47073500424245e-05 0.237205603391714
-1.45617327152718e-05 0.237201309965088
-1.44175571438334e-05 0.23719705913617
-1.42748090533004e-05 0.237192850481476
-1.41334743101984e-05 0.237188683581727
-1.39935389209886e-05 0.237184558021837
-1.38549890306817e-05 0.237180473390863
-1.37178109214671e-05 0.237176429281956
-1.35819910113535e-05 0.237172425292339
-1.34475158528253e-05 0.237168461023271
-1.33143721315102e-05 0.237164536079907
-1.31825466648616e-05 0.237160650071431
-1.3052026400853e-05 0.237156802610892
-1.29227984166862e-05 0.237152993315205
-1.27948499175111e-05 0.237149221805093
-1.26681682351595e-05 0.237145487705075
-1.25427408268906e-05 0.237141790643409
-1.24185552741491e-05 0.237138130252061
-1.22955992813357e-05 0.237134506166665
-1.21738606745898e-05 0.23713091802649
-1.2053327400584e-05 0.237127365474403
-1.19339875253307e-05 0.237123848156805
-1.18158292330007e-05 0.23712036572369
-1.16988408247531e-05 0.237116917828473
-1.15830107175774e-05 0.237113504128036
-1.14683274431459e-05 0.237110124282721
-1.13547796466791e-05 0.23710677795621
-1.12423560858209e-05 0.237103464815553
-1.11310456295256e-05 0.237100184531118
-1.10208372569561e-05 0.237096936776556
-1.09117200563922e-05 0.237093721228772
-1.08036832241506e-05 0.237090537567886
-1.06967160635155e-05 0.237087385477209
-1.05908079836787e-05 0.237084264643206
-1.04859484986918e-05 0.237081174755462
-1.03821272264275e-05 0.237078115506657
-1.0279333887552e-05 0.237075086592531
-1.01775583045069e-05 0.237072087711854
-1.00767904005019e-05 0.237069118566395
-9.977020198516739e-06 0.237066178860896
-9.878237820313601e-06 0.237063268303034
-9.780433485459009e-06 0.237060386603403
-9.68359751035546e-06 0.23705753347547
-9.587720307282629e-06 0.237054708635568
-9.492792383448151e-06 0.237051911802839
-9.39880434004767e-06 0.237049142699229
-9.30574687133433e-06 0.237046401049453
-9.21361076369735e-06 0.237043686580962
-9.12238689474986e-06 0.237040999023923
-9.0320662324256e-06 0.237038338111186
-8.942639834084751e-06 0.237035703578262
-8.85409884562847e-06 0.237033095163293
-8.76643450062225e-06 0.237030512607116
-8.679638119427971e-06 0.237027955652791
-8.593701108344519e-06 0.237025424046468
-8.508614958756951e-06 0.23702291753647
-8.42437124629401e-06 0.237020435873707
-8.34096162999407e-06 0.237017978811572
-8.25837785147928e-06 0.237015546105909
-8.1766117341379e-06 0.237013137514996
-8.09565518231475e-06 0.237010752799507
-8.01550018050966e-06 0.237008391722502
-7.93613879258382e-06 0.237006054049398
-7.85756316097408e-06 0.237003739547942
-7.77976550591493e-06 0.237001447988195
-7.702738124668249e-06 0.236999179142503
-7.62647339076064e-06 0.236996932785475
-7.55096375322836e-06 0.236994708693961
-7.47620173586966e-06 0.236992506647033
-7.40217993650461e-06 0.236990326425956
-7.32889102624219e-06 0.236988167814175
-7.25632774875465e-06 0.236986030597281
-7.18448291955906e-06 0.236983914563005
-7.113349425306e-06 0.236981819501182
-7.04292022307524e-06 0.236979745203738
-6.97318833967846e-06 0.23697769146467
-6.90414687096877e-06 0.23697565808002
-6.8357889811572e-06 0.236973644847859
-6.76810790213584e-06 0.236971651568263
-6.70109693280776e-06 0.236969678043297
-6.63474943842353e-06 0.236967724076994
-6.56905884992428e-06 0.236965789475333
-6.50401866329137e-06 0.236963874046223
-6.43962243890235e-06 0.23696197759948
-6.37586380089341e-06 0.23696009994681
-6.31273643652813e-06 0.236958240901793
-6.25023409557241e-06 0.236956400279861
-6.18835058967565e-06 0.236954577898275
-6.12707979175807e-06 0.236952773576117
-6.06641563540403e-06 0.236950987134265
-6.00635211426141e-06 0.236949218395379
-5.94688328144694e-06 0.236947467183874
-5.88800324895737e-06 0.236945733325918
-5.82970618708651e-06 0.236944016649401
-5.77198632384803e-06 0.236942316983922
-5.71483794440399e-06 0.236940634160776
-5.658255390499e-06 0.236938968012934
-5.6022330599e-06 0.236937318375022
-5.54676540584158e-06 0.236935685083312
-5.49184693647681e-06 0.236934067975702
-5.43747221433348e-06 0.2369324668917
-5.38363585577572e-06 0.236930881672405
-5.33033253047101e-06 0.236929312160501
-5.27755696086239e-06 0.236927758200228
-5.22530392164593e-06 0.236926219637373
-5.17356823925339e-06 0.236924696319261
-5.12234479133999e-06 0.236923188094724
-5.07162850627722e-06 0.236921694814103
-5.02141436265071e-06 0.236920216329222
-4.97169738876308e-06 0.236918752493373
-4.92247266214166e-06 0.236917303161313
-4.87373530905115e-06 0.236915868189231
-4.82548050401104e-06 0.236914447434754
-4.77770346931786e-06 0.236913040756914
-4.73039947457214e-06 0.236911648016146
-4.68356383621004e-06 0.236910269074273
-4.63719191703965e-06 0.236908903794486
-4.59127912578183e-06 0.236907552041337
-4.54582091661567e-06 0.236906213680722
-4.50081278872839e-06 0.236904888579866
-4.45625028586969e-06 0.236903576607313
-4.41212899591058e-06 0.236902277632915
-4.36844455040652e-06 0.236900991527813
-4.32519262416487e-06 0.236899718164425
-4.2823689348167e-06 0.236898457416441
-4.23996924239277e-06 0.236897209158799
-4.19798934890374e-06 0.236895973267684
-4.15642509792449e-06 0.236894749620504
-4.11527237418267e-06 0.236893538095886
-4.07452710315115e-06 0.236892338573665
-4.03418525064471e-06 0.236891150934863
-3.9942428224205e-06 0.236889975061687
-3.95469586378268e-06 0.236888810837509
-3.91554045919077e-06 0.236887658146864
-3.87677273187205e-06 0.236886516875426
-3.83838884343767e-06 0.236885386910009
-3.80038499350264e-06 0.236884268138548
-3.76275741930955e-06 0.23688316045009
-3.72550239535599e-06 0.236882063734782
-3.68861623302573e-06 0.236880977883863
-3.6520952802235e-06 0.23687990278965
-3.61593592101336e-06 0.236878838345529
-3.58013457526076e-06 0.236877784445942
-3.54468769827798e-06 0.236876740986381
-3.50959178047324e-06 0.236875707863374
-3.47484334700321e-06 0.236874684974473
-3.44043895742892e-06 0.236873672218251
-3.40637520537517e-06 0.236872669494283
-3.37264871819324e-06 0.236871676703141
-3.33925615662697e-06 0.236870693746388
-3.30619421448215e-06 0.236869720526558
-3.27345961829915e-06 0.236868756947151
-3.24104912702887e-06 0.236867802912631
-3.20895953171175e-06 0.236866858328403
-3.17718765516015e-06 0.236865923100815
-3.14573035164371e-06 0.236864997137141
-3.11458450657793e-06 0.236864080345576
-3.08374703621577e-06 0.236863172635224
-3.05321488734235e-06 0.236862273916093
-3.02298503697262e-06 0.236861384099083
-2.9930544920521e-06 0.236860503095975
-2.9634202891605e-06 0.236859630819429
-2.93407949421831e-06 0.236858767182969
-2.90502920219635e-06 0.236857912100977
-2.87626653682807e-06 0.236857065488685
-2.84778865032482e-06 0.236856227262163
-2.81959272309388e-06 0.236855397338315
-2.79167596345929e-06 0.236854575634874
-2.76403560738544e-06 0.236853762070377
-2.7366689182034e-06 0.236852956564181
-2.70957318634e-06 0.236852159036437
-2.68274572904951e-06 0.236851369408087
-2.65618389014803e-06 0.23685058760086
-2.62988503975052e-06 0.236849813537259
-2.60384657401042e-06 0.236849047140558
-2.5780659148618e-06 0.236848288334785
-2.55254050976416e-06 0.23684753704473
-2.52726783144966e-06 0.236846793195927
-2.50224537767293e-06 0.236846056714642
-2.4774706709633e-06 0.236845327527879
-2.4529412583795e-06 0.236844605563361
-2.42865471126683e-06 0.236843890749533
-2.40460862501667e-06 0.236843183015544
-2.38080061882838e-06 0.23684248229125
-2.35722833547365e-06 0.236841788507198
-2.33388944106302e-06 0.236841101594627
-2.31078162481487e-06 0.236840421485458
-2.2879025988266e-06 0.236839748112282
-2.26525009784812e-06 0.236839081408364
-2.24282187905755e-06 0.23683842130763
-2.22061572183915e-06 0.236837767744656
-2.19862942756352e-06 0.236837120654673
-2.17686081936982e-06 0.23683647997355
-2.15530774195032e-06 0.236835845637794
-2.13396806133695e-06 0.236835217584538
-2.11283966469005e-06 0.236834595751544
-2.09192046008916e-06 0.236833980077184
-2.0712083763259e-06 0.236833370500449
-2.05070136269891e-06 0.236832766960926
-2.0303973888108e-06 0.236832169398808
-2.01029444436713e-06 0.236831577754876
-1.99039053897736e-06 0.236830991970501
-1.97068370195778e-06 0.236830411987634
-1.95117198213641e-06 0.236829837748802
-1.93185344765982e-06 0.236829269197101
-1.9127261858018e-06 0.23682870627619
-1.89378830277406e-06 0.236828148930291
-1.87503792353867e-06 0.236827597104173
-1.85647319162245e-06 0.236827050743154
-1.83809226893311e-06 0.236826509793099
-1.81989333557734e-06 0.236825974200402
-1.80187458968054e-06 0.236825443911993
-1.78403424720845e-06 0.236824918875329
-1.76637054179055e-06 0.236824399038382
-1.74888172454509e-06 0.236823884349646
-1.73156606390603e-06 0.23682337475812
-1.71442184545152e-06 0.236822870213317
-1.69744737173418e-06 0.236822370665236
-1.68064096211305e-06 0.236821876064389
-1.66400095258717e-06 0.236821386361765
-1.64752569563087e-06 0.236820901508842
-1.63121356003056e-06 0.236820421457585
-1.61506293072333e-06 0.236819946160428
-1.59907220863696e-06 0.236819475570277
-1.58323981053164e-06 0.236819009640508
-1.56756416884321e-06 0.236818548324957
-1.55204373152793e-06 0.236818091577918
-1.53667696190884e-06 0.23681763935414
-1.52146233852361e-06 0.236817191608814
-1.50639835497387e-06 0.236816748297585
-1.49148351977611e-06 0.236816309376526
-1.47671635621397e-06 0.236815874802154
-1.46209540219205e-06 0.236815444531415
-1.44761921009113e-06 0.236815018521678
-1.43328634662489e-06 0.236814596730741
-1.41909539269791e-06 0.236814179116816
-1.40504494326525e-06 0.236813765638524
-1.39113360719332e-06 0.236813356254907
-1.3773600071221e-06 0.236812950925407
-1.36372277932881e-06 0.236812549609863
-1.35022057359288e-06 0.236812152268523
-1.33685205306226e-06 0.236811758862023
-1.32361589412105e-06 0.236811369351384
-1.31051078625847e-06 0.236810983698024
-1.29753543193907e-06 0.236810601863735
-1.28468854647433e-06 0.236810223810689
-1.27196885789538e-06 0.236809849501436
-1.25937510682711e-06 0.236809478898894
-1.24690604636347e-06 0.23680911196635
-1.23456044194403e-06 0.236808748667454
-1.22233707123171e-06 0.23680838896622
-1.2102347239918e-06 0.236808032827007
-1.19825220197208e-06 0.236807680214542
-1.18638831878423e-06 0.236807331093892
-1.17464189978637e-06 0.236806985430472
-1.1630117819667e-06 0.236806643190044
-1.15149681382842e-06 0.236806304338701
-1.14009585527566e-06 0.23680596884288
-1.12880777750065e-06 0.236805636669344
-1.11763146287194e-06 0.236805307785191
-1.1065658048237e-06 0.23680498215784
-1.09560970774624e-06 0.236804659755038
-1.08476208687746e-06 0.236804340544845
-1.07402186819551e-06 0.236804024495644
-1.06338798831238e-06 0.236803711576128
-1.0528593943687e-06 0.236803401755299
-1.0424350439294e-06 0.236803095002469
-1.0321139048806e-06 0.236802791287251
-1.02189495532732e-06 0.236802490579563
-1.0117771834924e-06 0.236802192849616
-1.00175958761624e-06 0.236801898067922
1.00175958761624e-06 0.236742950327946
1.0117771834924e-06 0.236742655632261
1.02189495532732e-06 0.236742357990045
1.0321139048806e-06 0.236742057371852
1.0424350439294e-06 0.236741753747929
1.0528593943687e-06 0.236741447088226
1.06338798831238e-06 0.236741137362399
1.07402186819551e-06 0.236740824539791
1.08476208687746e-06 0.236740508589448
1.09560970774624e-06 0.236740189480101
1.1065658048237e-06 0.236739867180169
1.11763146287194e-06 0.236739541657759
1.12880777750065e-06 0.236739212880654
1.14009585527566e-06 0.236738880816319
1.15149681382842e-06 0.236738545431892
1.1630117819667e-06 0.236738206694184
1.17464189978637e-06 0.236737864569675
1.18638831878423e-06 0.236737519024504
1.19825220197208e-06 0.23673717002448
1.2102347239918e-06 0.236736817535065
1.22233707123171e-06 0.236736461521376
1.23456044194403e-06 0.236736101948186
1.24690604636347e-06 0.23673573877991
1.25937510682711e-06 0.236735371980613
1.27196885789538e-06 0.236735001513995
1.28468854647433e-06 0.236734627343397
1.29753543193907e-06 0.236734249431795
1.31051078625847e-06 0.236733867741789
1.32361589412105e-06 0.236733482235614
1.33685205306226e-06 0.236733092875123
1.35022057359288e-06 0.23673269962178
1.36372277932881e-06 0.236732302436683
1.3773600071221e-06 0.236731901280522
1.39113360719332e-06 0.236731496113604
1.40504494326525e-06 0.236731086895841
1.41909539269791e-06 0.236730673586737
1.43328634662489e-06 0.236730256145397
1.44761921009113e-06 0.236729834530515
1.46209540219205e-06 0.236729408700375
1.47671635621397e-06 0.236728978612839
1.49148351977611e-06 0.236728544225356
1.50639835497387e-06 0.236728105494941
1.52146233852361e-06 0.236727662378186
1.53667696190884e-06 0.236727214831246
1.55204373152793e-06 0.236726762809837
1.56756416884321e-06 0.236726306269237
1.58323981053164e-06 0.236725845164276
1.59907220863696e-06 0.23672537944933
1.61506293072333e-06 0.236724909078318
1.63121356003056e-06 0.236724434004705
1.64752569563087e-06 0.236723954181483
1.66400095258717e-06 0.236723469561184
1.68064096211305e-06 0.236722980095858
1.69744737173418e-06 0.236722485737073
1.71442184545152e-06 0.236721986435928
1.73156606390603e-06 0.236721482143019
1.74888172454509e-06 0.236720972808451
1.76637054179055e-06 0.236720458381839
1.78403424720845e-06 0.236719938812284
1.80187458968054e-06 0.236719414048385
1.81989333557734e-06 0.236718884038227
1.83809226893311e-06 0.236718348729372
1.85647319162245e-06 0.236717808068863
1.87503792353867e-06 0.236717262003212
1.89378830277406e-06 0.236716710478397
1.9127261858018e-06 0.236716153439858
1.93185344765982e-06 0.236715590832487
1.95117198213641e-06 0.236715022600626
1.97068370195778e-06 0.236714448688062
1.99039053897736e-06 0.236713869038023
2.01029444436713e-06 0.236713283593165
2.0303973888108e-06 0.236712692295575
2.05070136269891e-06 0.236712095086759
2.0712083763259e-06 0.236711491907639
2.09192046008916e-06 0.236710882698553
2.11283966469005e-06 0.236710267399231
2.13396806133695e-06 0.236709645948813
2.15530774195032e-06 0.236709018285821
2.17686081936982e-06 0.236708384348175
2.19862942756352e-06 0.236707744073164
2.22061572183915e-06 0.236707097397458
2.24282187905755e-06 0.236706444257089
2.26525009784812e-06 0.236705784587447
2.2879025988266e-06 0.236705118323291
2.31078162481487e-06 0.236704445398716
2.33388944106302e-06 0.236703765747163
2.35722833547365e-06 0.236703079301408
2.38080061882838e-06 0.236702385993556
2.40460862501667e-06 0.236701685755033
2.42865471126683e-06 0.236700978516576
2.4529412583795e-06 0.236700264208242
2.4774706709633e-06 0.236699542759381
2.50224537767293e-06 0.236698814098636
2.52726783144966e-06 0.236698078153945
2.55254050976416e-06 0.236697334852517
2.5780659148618e-06 0.236696584120842
2.60384657401042e-06 0.236695825884676
2.62988503975052e-06 0.236695060069026
2.65618389014803e-06 0.236694286598156
2.68274572904951e-06 0.236693505395576
2.70957318634e-06 0.236692716384025
2.7366689182034e-06 0.236691919485477
2.76403560738544e-06 0.236691114621125
2.79167596345929e-06 0.236690301711371
2.81959272309388e-06 0.236689480675834
2.84778865032482e-06 0.236688651433317
2.87626653682807e-06 0.236687813901821
2.90502920219635e-06 0.236686967998521
2.93407949421831e-06 0.236686113639772
2.9634202891605e-06 0.236685250741101
2.9930544920521e-06 0.236684379217166
3.02298503697262e-06 0.236683498981797
3.05321488734235e-06 0.236682609947953
3.08374703621577e-06 0.236681712027735
3.11458450657793e-06 0.236680805132357
3.14573035164371e-06 0.236679889172145
3.17718765516015e-06 0.236678964056532
3.20895953171175e-06 0.236678029694052
3.24104912702887e-06 0.236677085992323
3.27345961829915e-06 0.236676132858035
3.30619421448215e-06 0.236675170196958
3.33925615662697e-06 0.236674197913915
3.37264871819324e-06 0.236673215912779
3.40637520537517e-06 0.236672224096462
3.44043895742892e-06 0.236671222366915
3.47484334700321e-06 0.236670210625099
3.50959178047324e-06 0.236669188770992
3.54468769827798e-06 0.236668156703581
3.58013457526076e-06 0.236667114320834
3.61593592101336e-06 0.236666061519704
3.6520952802235e-06 0.236664998196121
3.68861623302573e-06 0.236663924244965
3.72550239535599e-06 0.236662839560082
3.76275741930955e-06 0.236661744034247
3.80038499350264e-06 0.236660637559169
3.83838884343767e-06 0.236659520025478
3.87677273187205e-06 0.236658391322705
3.91554045919077e-06 0.236657251339297
3.95469586378268e-06 0.236656099962569
3.9942428224205e-06 0.236654937078714
4.03418525064471e-06 0.236653762572807
4.07452710315115e-06 0.236652576328754
4.11527237418267e-06 0.236651378229321
4.15642509792449e-06 0.236650168156081
4.19798934890374e-06 0.236648945989456
4.23996924239277e-06 0.23664771160865
4.2823689348167e-06 0.236646464891678
4.32519262416487e-06 0.236645205715335
4.36844455040652e-06 0.236643933955174
4.41212899591058e-06 0.236642649485518
4.45625028586969e-06 0.236641352179443
4.50081278872839e-06 0.236640041908751
4.54582091661567e-06 0.236638718543959
4.59127912578183e-06 0.236637381954303
4.63719191703965e-06 0.236636032007718
4.68356383621004e-06 0.2366346685708
4.73039947457214e-06 0.236633291508837
4.77770346931786e-06 0.236631900685766
4.82548050401104e-06 0.236630495964156
4.87373530905115e-06 0.236629077205238
4.92247266214166e-06 0.236627644268831
4.97169738876308e-06 0.236626197013359
5.02141436265071e-06 0.236624735295839
5.07162850627722e-06 0.236623258971869
5.12234479133999e-06 0.236621767895589
5.17356823925339e-06 0.236620261919703
5.22530392164593e-06 0.236618740895434
5.27755696086239e-06 0.236617204672534
5.33033253047101e-06 0.236615653099245
5.38363585577572e-06 0.236614086022305
5.43747221433348e-06 0.236612503286917
5.49184693647681e-06 0.236610904736747
5.54676540584158e-06 0.236609290213902
5.6022330599e-06 0.236607659558909
5.658255390499e-06 0.236606012610715
5.71483794440399e-06 0.236604349206647
5.77198632384803e-06 0.236602669182428
5.82970618708651e-06 0.236600972372136
5.88800324895737e-06 0.236599258608194
5.94688328144694e-06 0.236597527721355
6.00635211426141e-06 0.236595779540688
6.06641563540403e-06 0.236594013893554
6.12707979175807e-06 0.236592230605604
6.18835058967565e-06 0.236590429500742
6.25023409557241e-06 0.236588610401119
6.31273643652813e-06 0.236586773127115
6.37586380089341e-06 0.236584917497318
6.43962243890235e-06 0.236583043328518
6.50401866329137e-06 0.236581150435666
6.56905884992428e-06 0.236579238631878
6.63474943842353e-06 0.236577307728414
6.70109693280776e-06 0.236575357534638
6.76810790213584e-06 0.236573387858034
6.8357889811572e-06 0.236571398504143
6.90414687096877e-06 0.236569389276596
6.97318833967846e-06 0.236567359977056
7.04292022307524e-06 0.236565310405202
7.113349425306e-06 0.236563240358736
7.18448291955906e-06 0.236561149633335
7.25632774875465e-06 0.236559038022643
7.32889102624219e-06 0.236556905318248
7.40217993650461e-06 0.236554751309665
7.47620173586966e-06 0.236552575784309
7.55096375322836e-06 0.23655037852749
7.62647339076064e-06 0.236548159322361
7.702738124668249e-06 0.236545917949937
7.77976550591493e-06 0.236543654189036
7.85756316097408e-06 0.236541367816287
7.93613879258382e-06 0.236539058606088
8.01550018050966e-06 0.236536726330588
8.09565518231475e-06 0.236534370759686
8.1766117341379e-06 0.236531991660968
8.25837785147928e-06 0.23652958879972
8.34096162999407e-06 0.236527161938893
8.42437124629401e-06 0.236524710839071
8.508614958756951e-06 0.236522235258466
8.593701108344519e-06 0.236519734952876
8.679638119427971e-06 0.236517209675667
8.76643450062225e-06 0.236514659177759
8.85409884562847e-06 0.236512083207598
8.942639834084751e-06 0.236509481511111
9.0320662324256e-06 0.236506853831704
9.12238689474986e-06 0.236504199910245
9.21361076369735e-06 0.236501519485009
9.30574687133433e-06 0.236498812291667
9.39880434004767e-06 0.236496078063271
9.492792383448151e-06 0.236493316530206
9.587720307282629e-06 0.236490527420189
9.68359751035546e-06 0.236487710458228
9.780433485459009e-06 0.23648486536658
9.878237820313601e-06 0.236481991864761
9.977020198516739e-06 0.23647908966949
1.00767904005019e-05 0.236476158494664
1.01775583045069e-05 0.236473198051346
1.0279333887552e-05 0.236470208047721
1.03821272264275e-05 0.236467188189074
1.04859484986918e-05 0.236464138177759
1.05908079836787e-05 0.236461057713181
1.06967160635155e-05 0.236457946491746
1.08036832241506e-05 0.236454804206851
1.09117200563922e-05 0.23645163054884
1.10208372569561e-05 0.236448425204982
1.11310456295256e-05 0.236445187859451
1.12423560858209e-05 0.236441918193264
1.13547796466791e-05 0.236438615884282
1.14683274431459e-05 0.236435280607156
1.15830107175774e-05 0.236431912033316
1.16988408247531e-05 0.236428509830928
1.18158292330007e-05 0.23642507366485
1.19339875253307e-05 0.236421603196627
1.2053327400584e-05 0.236418098084432
1.21738606745898e-05 0.236414557983058
1.22955992813357e-05 0.236410982543849
1.24185552741491e-05 0.236407371414707
1.25427408268906e-05 0.236403724240031
1.26681682351595e-05 0.23640004066069
1.27948499175111e-05 0.236396320313983
1.29227984166862e-05 0.236392562833628
1.3052026400853e-05 0.236388767849684
1.31825466648616e-05 0.236384934988559
1.33143721315102e-05 0.236381063872937
1.34475158528253e-05 0.236377154121773
1.35819910113535e-05 0.236373205350228
1.37178109214671e-05 0.236369217169662
1.38549890306817e-05 0.236365189187567
1.39935389209886e-05 0.236361121007546
1.41334743101984e-05 0.236357012229271
1.42748090533004e-05 0.23635286244844
1.44175571438334e-05 0.236348671256749
1.45617327152718e-05 0.236344438241834
1.47073500424245e-05 0.236340162987261
1.48544235428487e-05 0.23633584507246
1.50029677782772e-05 0.236331484072675
1.515299745606e-05 0.236327079558966
1.53045274306206e-05 0.236322631098133
1.54575727049268e-05 0.236318138252676
1.56121484319761e-05 0.236313600580762
1.57682699162958e-05 0.236309017636179
1.59259526154588e-05 0.236304388968294
1.60852121416134e-05 0.236299714122055
1.62460642630295e-05 0.236294992637825
1.64085249056598e-05 0.236290224051448
1.65726101547164e-05 0.236285407894196
1.67383362562636e-05 0.236280543692654
1.69057196188262e-05 0.236275630968773
1.70747768150145e-05 0.236270669239726
1.72455245831646e-05 0.236265658017923
1.74179798289962e-05 0.236260596810957
1.75921596272862e-05 0.236255485121541
1.77680812235591e-05 0.236250322447436
1.79457620357947e-05 0.236245108281508
1.81252196561526e-05 0.236239842111527
1.83064718527141e-05 0.236234523420182
1.84895365712413e-05 0.236229151685247
1.86744319369537e-05 0.236223726379036
1.88611762563232e-05 0.236218246968808
1.90497880188865e-05 0.236212712916541
1.92402858990753e-05 0.23620712367891
1.94326887580661e-05 0.236201478707145
1.96270156456467e-05 0.236195777447134
1.98232858021032e-05 0.236190019339243
2.00215186601242e-05 0.236184203818317
2.02217338467255e-05 0.236178330313557
2.04239511851927e-05 0.236172398248702
2.06281906970447e-05 0.236166407041535
2.08344726040151e-05 0.236160356103918
2.10428173300553e-05 0.23615424484369
2.12532455033558e-05 0.236148072659717
2.14657779583894e-05 0.23614183894718
2.16804357379733e-05 0.236135543094656
2.1897240095353e-05 0.23612918448472
2.21162124963065e-05 0.236122762493905
2.23373746212696e-05 0.236116276492552
2.25607483674823e-05 0.236109725844747
2.27863558511571e-05 0.236103109908372
2.30142194096687e-05 0.236096428034908
2.32443616037654e-05 0.23608967956948
2.3476805219803e-05 0.236082863850759
2.37115732720011e-05 0.23607598021087
2.39486890047211e-05 0.236069027975383
2.41881758947683e-05 0.236062006463177
2.4430057653716e-05 0.236054914986463
2.46743582302531e-05 0.236047752850669
2.49211018125557e-05 0.236040519354348
2.51703128306812e-05 0.236033213789167
2.5422015958988e-05 0.236025835439824
2.56762361185779e-05 0.236018383583945
2.59329984797637e-05 0.236010857492057
2.61923284645613e-05 0.236003256427528
2.64542517492069e-05 0.235995579646434
2.6718794266699e-05 0.235987826397561
2.6985982209366e-05 0.235979995922297
2.72558420314597e-05 0.235972087454555
2.75284004517743e-05 0.235964100220717
2.7803684456292e-05 0.235956033439558
2.80817213008549e-05 0.235947886322164
2.83625385138635e-05 0.235939658071898
2.86461638990021e-05 0.235931347884255
2.89326255379921e-05 0.235922954946828
2.92219517933721e-05 0.235914478439238
2.95141713113058e-05 0.235905917533046
2.98093130244188e-05 0.235897271391668
3.0107406154663e-05 0.235888539170311
3.04084802162097e-05 0.235879720015876
3.07125650183718e-05 0.235870813066906
3.10196906685555e-05 0.235861817453444
3.1329887575241e-05 0.235852732297104
3.16431864509934e-05 0.235843556710746
3.19596183155034e-05 0.235834289798594
3.22792144986584e-05 0.235824930656096
3.2602006643645e-05 0.235815478369801
3.29280267100814e-05 0.235805932017322
3.32573069771823e-05 0.235796290667216
3.35898800469541e-05 0.235786553378918
3.39257788474236e-05 0.23577671920263
3.42650366358979e-05 0.235766787179268
3.46076870022568e-05 0.235756756340341
3.49537638722794e-05 0.235746625707855
3.53033015110022e-05 0.235736394294254
3.56563345261122e-05 0.235726061102281
3.60128978713733e-05 0.235715625124948
3.63730268500871e-05 0.235705085345318
3.67367571185879e-05 0.235694440736531
3.71041246897738e-05 0.235683690261614
3.74751659366716e-05 0.235672832873401
3.78499175960383e-05 0.235661867514326
3.82284167719987e-05 0.235650793116389
3.86107009397186e-05 0.235639608600688
3.89968079491158e-05 0.235628312877394
3.9386776028607e-05 0.235616904844839
3.97806437888931e-05 0.23560538338852
4.0178450226782e-05 0.235593747377582
4.05802347290498e-05 0.235581995654421
4.09860370763403e-05 0.235570126985618
4.13958974471037e-05 0.235558139559525
4.18098564215747e-05 0.235546034888983
4.22279549857905e-05 0.235533810611616
4.26502345356484e-05 0.235521463060968
4.30767368810049e-05 0.235508992964244
4.35075042498149e-05 0.235496399019308
4.39425792923131e-05 0.235483679975884
4.43820050852362e-05 0.235470834588608
4.48258251360886e-05 0.235457861605696
4.52740833874495e-05 0.235444759765768
4.5726824221324e-05 0.23543152779615
4.61840924635372e-05 0.235418164412526
4.66459333881726e-05 0.235404668318402
4.71123927220543e-05 0.235391038204918
4.75835166492748e-05 0.235377272750642
4.80593518157676e-05 0.235363370621379
4.85399453339253e-05 0.235349330470066
4.90253447872645e-05 0.235335150943928
4.95155982351372e-05 0.235320830655077
5.00107542174885e-05 0.235306368224276
5.05108617596634e-05 0.235291762251571
5.10159703772601e-05 0.235277011323448
5.15261300810327e-05 0.235262114012718
5.2041391381843e-05 0.235247068878381
5.25618052956614e-05 0.235231874465493
5.3087423348618e-05 0.235216529305058
5.36182975821042e-05 0.235201031913863
5.41544805579252e-05 0.235185380794372
5.46960253635045e-05 0.235169574434573
5.52429856171395e-05 0.235153611307857
5.57954154733109e-05 0.235137489872975
5.6353369628044e-05 0.2351212085735
5.69169033243245e-05 0.235104765838301
5.74860723575677e-05 0.23508816008099
5.80609330811434e-05 0.235071389699885
5.86415424119548e-05 0.235054453077794
5.92279578360744e-05 0.235037348582335
5.98202374144351e-05 0.235020074564602
6.04184397885795e-05 0.235002629360735
6.10226241864653e-05 0.234985011290311
6.16328504283299e-05 0.234967218656893
6.22491789326132e-05 0.234949249747744
6.28716707219394e-05 0.234931102833657
6.350038742915879e-05 0.234912776168816
6.41353913034504e-05 0.234894267990683
6.477674521648491e-05 0.234875576519787
6.54245126686497e-05 0.234856699959559
6.607875779533621e-05 0.234837636496251
6.673954537328961e-05 0.234818384298726
6.74069408270225e-05 0.234798941518325
6.80810102352927e-05 0.234779306288652
6.876182033764561e-05 0.234759476725494
6.944943854102211e-05 0.234739450926607
7.01439329264323e-05 0.234719226971565
7.084537225569659e-05 0.234698802921602
7.155382597825361e-05 0.234678176819428
7.22693642380361e-05 0.234657346689089
7.299205788041651e-05 0.234636310535777
7.37219784592207e-05 0.234615066345667
7.44591982438129e-05 0.234593612085747
7.5203790226251e-05 0.234571945703646
7.59558281285135e-05 0.234550065127466
7.671538640979859e-05 0.234527968265587
7.74825402738966e-05 0.234505653006523
7.82573656766356e-05 0.234483117218705
7.9039939333402e-05 0.23446035875034
7.9830338726736e-05 0.234437375429869
8.062864211400339e-05 0.234414165072094
8.143492853514339e-05 0.234390725445564
8.22492778204948e-05 0.23436705432591
8.307177059869981e-05 0.23434314945673
8.39024883046868e-05 0.234319008560976
8.474151318773359e-05 0.234294629340053
8.5588928319611e-05 0.234270009473634
8.64448176028071e-05 0.234245146619481
8.730926577883521e-05 0.23422003841328
8.81823584366235e-05 0.234194682468374
8.90641820209897e-05 0.234169076375644
8.995482384119961e-05 0.234143217703293
9.08543720796116e-05 0.234117103996607
9.17629158004077e-05 0.234090732777818
9.26805449584118e-05 0.234064101545856
9.36073504079959e-05 0.234037207776156
9.45434239120759e-05 0.23401004892048
9.548885815119661e-05 0.233982622406688
9.64437467327086e-05 0.23395492563854
9.74081842000357e-05 0.233926955995479
9.838226604203611e-05 0.23389871083244
9.93660887024564e-05 0.233870187479633
0.000100359749589481 0.233841383242319
0.000101363347085376 0.233812295400613
0.00010237698055623 0.233782921209263
0.000103400750361792 0.233753257897438
0.00010443475786541 0.233723302668505
0.000105479105444064 0.233693052699823
0.000106533896498505 0.233662505142503
0.00010759923546349 0.233631657121199
0.000108675227818124 0.233600505733917
0.000109761980096306 0.233569048051699
0.000110859599897269 0.233537281118529
0.000111968195896241 0.233505201950984
0.000113087877855204 0.233472807538089
0.000114218756633756 0.233440094841047
0.000115360944200093 0.233407060793005
0.000116514553642094 0.233373702298887
0.000117679699178515 0.23334001623507
0.0001188564961703 0.233305999449226
0.000120045061132003 0.233271648759999
0.000121245511743324 0.233236960956954
0.000122457966860757 0.233201932800193
0.000123682546529364 0.233166561021323
0.000124919371994658 0.233130842312406
0.000126168565714605 0.233094773357182
0.000127430251371751 0.233058350787593
0.000128704553885468 0.233021571213913
0.000129991599424323 0.23298443121451
0.000131291515418566 0.232946927336531
0.000132604430572752 0.232909056095718
0.000133930474878479 0.232870813976175
0.000135269779627264 0.232832197430101
0.000136622477423537 0.232793202877541
0.000137988702197772 0.232753826706172
0.00013936858921975 0.232714065271015
0.000140762275111947 0.232673914894186
0.000142169897863067 0.232633371864654
0.000143591596841697 0.23259243243798
0.000145027512810114 0.232551092836052
0.000146477787938216 0.23250934924684
0.000147942565817598 0.232467197824136
0.000149421991475774 0.232424634687286
0.000150916211390531 0.232381655920938
0.000152425373504437 0.232338257574829
0.000153949627239481 0.232294435663329
0.000155489123511876 0.232250186165463
0.000157044014746995 0.232205505024462
0.000158614454894465 0.232160388147545
0.000160200599443409 0.232114831405662
0.000161802605437843 0.232068830633207
0.000163420631492222 0.232022381627784
0.000165054837807144 0.231975480149913
0.000166705386185215 0.23192812192278
0.000168372440047068 0.231880302631962
0.000170056164447538 0.231832017925164
0.000171756726092014 0.231783263411951
0.000173474293352934 0.231734034663474
0.000175209036286463 0.231684327212208
0.000176961126649328 0.231634136551686
0.000178730737915821 0.231583458136219
0.000180518045294979 0.23153228738064
0.000182323225747929 0.23148061966002
0.000184146458005408 0.231428450309419
0.000185987922585462 0.2313757746236
0.000187847801811317 0.231322587856763
0.00018972627982943 0.231268885222295
0.000191623542627725 0.231214661904588
0.000193539778054002 0.231159913010788
0.000195475175834542 0.231104633641865
0.000197429927592887 0.231048818845204
0.000199404226868816 0.230992463626056
0.000201398269137504 0.230935562947206
0.000203412251828879 0.230878111728765
0.000205446374347168 0.230820104847899
0.00020750083809064 0.230761537138518
0.000209575846471546 0.230702403391101
0.000211671604936262 0.230642698352402
0.000213788320985624 0.230582416725114
0.000215926204195481 0.230521553167782
0.000218085466237435 0.230460102294417
0.00022026632089981 0.23039805867442
0.000222468984108808 0.230335416832198
0.000224693673949896 0.230272171247084
0.000226940610689395 0.230208316353203
0.000229210016796289 0.230143846539432
0.000231502116964252 0.230078756149569
0.000233817138133894 0.230013039483018
0.000236155309515233 0.229946690796587
0.000238516862610385 0.229879704309652
0.000240902031236489 0.229812074221417
0.000243311051548854 0.229743794788156
0.000245744162064343 0.229674860953149
0.000248201603684986 0.22960526430456
0.000250683619721836 0.229534997051405
0.000253190455919054 0.229464058495288
0.000255722360478245 0.229392440745039
0.000258279584083027 0.229320137058405
0.000260862379923858 0.229247141184703
0.000263471003723096 0.229173446848055
0.000266105713760327 0.22909904772359
0.00026876677089793 0.229023937420062
0.00027145443860691 0.228948109544829
0.000274168982992979 0.228871557615136
0.000276910672822909 0.228794275078536
0.000279679779551138 0.2287162553711
0.000282476577346649 0.228637491864406
0.000285301343120116 0.228557977879519
0.000288154356551317 0.228477706686395
0.00029103590011683 0.228396671503949
0.000293946259117998 0.228314865499875
0.000296885721709178 0.228232281790488
0.00029985457892627 0.228148913440565
0.000302853124715533 0.228064753463197
0.000305881655962688 0.227979794819677
0.000308940472522315 0.227894030419307
0.000312029877247538 0.227807453119312
0.000315150176020014 0.227720055724629
0.000318301677780214 0.227631830987789
0.000321484694558016 0.227542771608488
0.000324699541503596 0.227452870232184
0.000327946536918632 0.227362119436593
0.000331226002287818 0.227270511923601
0.000334538262310697 0.227178039885736
0.000337883644933803 0.227084695958701
0.000341262481383142 0.226990472491093
0.000344675106196973 0.226895361810734
0.000348121857258943 0.22679935619473
0.000351603075831532 0.226702447867745
0.000355119106589847 0.226604629001466
0.000358670297655746 0.226505891714637
0.000362257000632303 0.226406228072895
0.000365879570638626 0.226305630088857
0.000369538366345013 0.226204089722072
0.000373233750008463 0.226101598879093
0.000376966087508547 0.225998149413467
0.000380735748383633 0.225893733125829
0.000384543105867469 0.225788341763948
0.000388388536926144 0.225681967022775
0.000392272422295405 0.225574600544643
0.00039619514651836 0.225466233919135
0.000400157097983543 0.225356858684294
0.000404158668963379 0.225246466323816
0.000408200255653012 0.225135048270892
0.000412282258209542 0.225022595906198
0.000416405080791638 0.224909100558545
0.000420569131599554 0.224794553505092
0.00042477482291555 0.22467894597155
0.000429022571144705 0.22456226913239
0.000433312796856152 0.224444514111107
0.000437645924824714 0.224325671980453
0.000442022384072961 0.224205733762732
0.000446442607913691 0.224084690430103
0.000450907033992828 0.223962532904867
0.000455416104332756 0.223839252057761
0.000459970265376083 0.223714838716409
0.000464569968029844 0.223589283654339
0.000469215667710143 0.223462577596939
0.000473907824387244 0.223334711222705
0.000478646902631117 0.223205675162758
0.000483433371657428 0.223075460000827
0.000488267705374002 0.222944056273674
0.000493150382427742 0.22281145447324
0.0004980818862520199 0.222677645043854
0.00050306270511454 0.222542618386089
0.000508093332165685 0.222406364855659
0.000513174265487342 0.222268874764309
0.000518306008142215 0.222130138380618
0.0005234890682236369 0.221990145930323
0.000528723958905874 0.221848887597219
0.000534011198494933 0.221706353523754
0.000539351310479882 0.221562533811754
0.000544744823584681 0.221417418523165
0.000550192271820528 0.221270997680822
0.000555694194538733 0.221123261269192
0.00056125113648412 0.220974199235237
0.000566863647848961 0.220823801489266
0.000572532284327451 0.22067205790547
0.000578257607170726 0.220518958323238
0.000584040183242433 0.220364492547687
0.000589880585074857 0.220208650350594
0.000595779390925606 0.220051421471183
0.000601737184834862 0.219892795617036
0.00060775455668321 0.219732762465065
0.000613832102250043 0.219571311663935
0.000619970423272543 0.219408432846217
0.000626170127505268 0.21924411433787
0.000632431828780321 0.219078351618545
0.000638756147068124 0.218911122575851
0.000645143708538805 0.218742426357959
0.0006515951456241939 0.218572258701881
0.000658111097080435 0.218400590738655
0.00066469220805124 0.218227425596413
0.000671339130131752 0.218052746644961
0.00067805252143307 0.217876545334709
0.0006848330466474 0.217698811130833
0.000691681377113875 0.217519533322423
0.000698598190885013 0.217338701385131
0.000705584172793863 0.21715630470439
0.000712640014521802 0.216972332661224
0.00071976641466702 0.216786774632119
0.00072696407881369 0.216599619990253
0.000734233719601827 0.216410858107002
0.000741576056797845 0.216220478353629
0.000748991817365824 0.216028470103083
0.000756481735539482 0.215834822731813
0.000764046552894877 0.21563952562175
0.000771687018423826 0.215442568162256
0.000779403888608064 0.215243939752154
0.000787197927494145 0.215043629801805
0.000795069906769086 0.21484162773522
0.000803020605836777 0.214637922983961
0.000811050811895145 0.214432505022369
0.000819161320014096 0.214225363320252
0.000827352933214237 0.214016487378234
0.00083562646254638 0.213805866721785
0.000843982727171843 0.213593492606174
0.0008524225544435619 0.21337935170208
0.000860946779987997 0.213163434840003
0.000869556247787878 0.21294572740041
0.000878251810265756 0.212726227386428
0.000887034328368414 0.212504920455007
0.000895904671652098 0.212281796375642
0.000904863718368619 0.21205684496258
0.000913912355552305 0.211830056077507
0.000923051479107828 0.211601419632082
0.0009322819938989071 0.211370925591699
0.000941604813837896 0.211138563974981
0.000951020861976275 0.210904324863631
0.000960531070596037 0.210668198397101
0.000970136381301998 0.210430174780039
0.000979837745115018 0.210190244284327
0.0009896361225661681 0.209948397251559
0.00099953248379183 0.209704624664649
0.00100952780862975 0.209458932092596
0.00101962308671605 0.209211260117978
0.00102981931758321 0.208961653246636
0.00104011751075904 0.208710081329776
0.00105051868586663 0.208456536574837
0.00106102387272529 0.208201009892219
0.00107163411145255 0.20794349229639
0.00108235045256707 0.207683974896386
0.00109317395709274 0.207422448901911
0.00110410569666367 0.20715890562634
0.00111514675363031 0.206893336490043
0.00112629822116661 0.20662573302276
0.00113756120337828 0.206356086867794
0.00114893681541206 0.206084389784103
0.00116042618356618 0.205810633650163
0.00117203044540184 0.20553481046649
0.00118375074985586 0.205256912358671
0.00119558825735442 0.204976931581789
0.00120754413992796 0.204694860523166
0.00121961958132724 0.204410691701965
0.00123181577714052 0.204124417782642
0.00124413393491192 0.203836031587082
0.00125657527426104 0.203545526399588
0.00126914102700365 0.203252892889841
0.00128183243727369 0.202958128731531
0.00129465076164642 0.202661224131237
0.00130759726926289 0.202362173362943
0.00132067324195552 0.20206096871879
0.00133387997437507 0.201757606904171
0.00134721877411882 0.201452080509279
0.00136069096186001 0.201144385123199
0.00137429787147861 0.200834512260682
0.0013880408501934 0.200522457846288
0.00140192125869533 0.200208215156411
0.00141594047128228 0.199891781845083
0.00143009987599511 0.199573151521857
0.00144440087475506 0.199252320041771
0.00145884488350261 0.198929280253324
0.00147343333233764 0.198604030077005
0.00148816766566101 0.198276566660712
0.00150304934231762 0.197946879461747
0.0015180798357408 0.197614975916083
0.00153326063409821 0.197280842096453
0.00154859324043919 0.196944477853916
0.00156407917284358 0.196605879823136
0.00157971996457202 0.196265044821198
0.00159551716421774 0.195921969847416
0.00161147233585991 0.195576653767896
0.00162758705921851 0.19522909057087
0.0016438629298107 0.194879279489478
0.00166030155910881 0.1945272182473
0.00167690457469989 0.194172904745831
0.00169367362044689 0.193816337064647
0.00171061035665136 0.193457513458666
0.00172771646021787 0.193096432356614
0.00174499362482005 0.192733092358875
0.00176244356106825 0.192367492235105
0.00178006799667894 0.191999630921856
0.00179786867664573 0.191629507529932
0.00181584736341218 0.191257121299534
0.0018340058370463 0.190882471656848
0.00185234589541677 0.190505557104314
0.00187086935437094 0.190126381084617
0.00188957804791465 0.189744939444204
0.00190847382839379 0.189361228369803
0.00192755856667773 0.188975258343352
0.00194683415234451 0.188587020833272
0.00196630249386795 0.18819652449515
0.00198596551880663 0.187803764534203
0.0020058251739947 0.187408741135576
0.00202588342573464 0.187011460992611
0.00204614225999199 0.186611913432151
0.00206660368259191 0.186210106117658
0.00208726971941783 0.185806040593542
0.00210814241661201 0.185399716501732
0.00212922384077813 0.184991136649986
0.00215051607918591 0.184580301181825
0.00217202123997777 0.184167211321987
0.00219374145237755 0.183751868009708
0.00221567886690132 0.183334273232633
0.00223783565557034 0.182914427964971
0.00226021401212604 0.182492333551461
0.0022828161522473 0.182067991342262
0.00230564431376977 0.181641402683047
0.00232870075690747 0.181212568920309
0.00235198776447654 0.18078149035616
0.00237550764212131 0.180348169841925
0.00239926271854252 0.179912607971406
0.00242325534572795 0.179474806802579
0.00244748789918523 0.179034765770586
0.00247196277817708 0.178592488335495
0.00249668240595885 0.17814797097103
0.00252164923001844 0.177701219958589
0.00254686572231862 0.177252230859906
0.00257233437954181 0.176801008218722
0.00259805772333723 0.176347552152047
0.0026240383005706 0.175891861355865
0.00265027868357631 0.175433936522003
0.00267678147041207 0.17497377808627
0.00270354928511619 0.174511385938967
0.00273058477796735 0.174046739363354
0.00275789062574703 0.173579844037513
0.0027854695320045 0.17311078482174
0.00281332422732454 0.17263944872481
0.00284145746959779 0.172165880995159
0.00286987204429376 0.171690076265906
0.0028985707647367 0.171211999092194
0.00292755647238407 0.170731748491615
0.00295683203710791 0.170249220307264
0.00298640035747899 0.169764448141419
0.00301626436105378 0.169277430865271
0.00304642700466432 0.168788165082299
0.00307689127471096 0.168296650991259
0.00310766018745807 0.167802884811316
0.00313873678933265 0.167306862171456
0.00317012415722598 0.166808581256514
0.00320182539879824 0.166308039174969
0.00323384365278622 0.16580523294841
0.00326618208931408 0.165300159495976
0.00329884391020722 0.164792815673136
0.00333183234930929 0.164283198291136
0.00336515067280239 0.163771304147248
0.00339880217953041 0.163257129657702
0.00343279020132572 0.162740671289014
0.00346711810333897 0.162221929820886
0.00350178928437236 0.161700899302297
0.00353680717721609 0.161177574862122
0.00357217524898825 0.160651955659121
0.00360789700147813 0.160124039299641
0.00364397597149291 0.159593823049854
0.00368041573120784 0.159061306290514
0.00371721988851992 0.158526487006383
0.00375439208740512 0.15798936415804
0.00379193600827917 0.157449936463867
0.00382985536836196 0.156908207368732
0.00386815392204558 0.156364175932501
0.00390683546126603 0.155817845793478
0.0039459038158787 0.155269202102994
0.00398536285403748 0.154718269616366
0.00402521648257786 0.154165044445114
0.00406546864740364 0.153609531490486
0.00410612333387767 0.153051736765168
0.00414718456721645 0.152491667640899
0.00418865641288861 0.151929331987404
0.0042305429770175 0.15136474010172
0.00427284840678767 0.150797903442475
0.00431557689085555 0.150228834561516
0.00435873265976411 0.149657548082685
0.00440231998636175 0.149084060308046
0.00444634318622536 0.148508389336101
0.00449080661808762 0.14793055680414
0.00453571468426849 0.147350582394009
0.00458107183111118 0.146768490612769
0.00462688254942229 0.146184307120924
0.00467315137491651 0.145598081100974
0.00471988288866568 0.145009810154152
0.00476708171755234 0.144419540754497
0.00481475253472786 0.143827316103135
0.00486290006007514 0.143233172009361
0.00491152906067589 0.142637145130936
0.00496064435128265 0.142039292214167
0.00501025079479548 0.141439655488847
0.00506035330274343 0.140838286592881
0.00511095683577087 0.140235245606535
0.00516206640412858 0.139630584952988
0.00521368706816986 0.139024368585845
0.00526582393885156 0.138416645721573
0.00531848217824008 0.137807517820944
0.00537166700002248 0.13719704105902
0.0054253836700227 0.13658529667886
0.00547963750672293 0.13597235453366
0.00553443388179016 0.135358304318727
0.00558977822060806 0.134743226088863
0.00564567600281414 0.134127224092414
0.00570213276284228 0.133510387364705
0.0057591540904707 0.132892815067308
0.00581674563137541 0.132274615029391
0.00587491308768917 0.131655892382697
0.00593366221856606 0.131036731442416
0.00599299884075172 0.13041728351695
0.00605292882915924 0.129797658907455
0.00611345811745083 0.129177964151947
0.00617459269862534 0.128558336349801
0.00623633862561159 0.127938901106803
0.00629870201186771 0.127319795428055
0.00636168903198638 0.126701144188101
0.00642530592230625 0.126083092739436
0.00648955898152931 0.125465780887388
0.0065544545713446 0.124849353787302
0.00661999911705805 0.124233958794689
0.00668619910822863 0.123619745061198
0.00675306109931092 0.123006865897089
0.00682059171030403 0.122395473173799
0.00688879762740707 0.121785733315093
0.00695768560368114 0.121177788264738
0.00702726245971795 0.12057181468186
0.00709753508431513 0.119967962442298
0.00716851043515828 0.119366398491499
0.00724019553950986 0.118767286424471
0.00731259749490496 0.118170790365615
0.00738572346985401 0.117577076404114
0.00745958070455255 0.116986309022571
0.00753417651159808 0.11639865442446
0.00760951827671406 0.115814277280871
0.0076856134594812 0.115233341665276
0.00776246959407601 0.114656011271811
0.00784009429001677 0.114082458571467
0.00791849523291694 0.113512833592283
0.00799768018524611 0.112947299481673
0.00807765698709857 0.112386021336251
0.00815843355696956 0.111829154166924
0.00824001789253925 0.111276853506807
0.00832241807146464 0.110729273184441
0.008405642252179289 0.1101865713783
0.00848969867470108 0.109648882926079
0.0085745956614481 0.109116364742992
0.008660341618062581 0.108589153682822
0.008746945034243199 0.108067395846675
0.008834414484585631 0.107551230984448
0.008922758629431491 0.107040788441102
0.0090119862157258 0.10653620236267
0.00910210607788306 0.106037589796117
0.00919312713866189 0.105545111661018
0.00928505841004851 0.105058850929707
0.009377908994149 0.104578941364526
0.00947168808409049 0.104105496964826
0.009566404964931391 0.103638631628584
0.00966206901458071 0.103178451815899
0.009758689704726511 0.102725070209827
0.009856276601773781 0.102278578769554
0.00995483936779152 0.101839081537983
0.0100543877614694 0.101406693794585
0.0101549316390841 0.10098148942424
0.010256480955475 0.100563565517922
0.0103590457650297 0.100153011875096
0.01046263622268 0.0997499273227006
0.0105672625849068 0.0993543820940856
0.0106729352107559 0.0989664867760438
0.0107796645628634 0.0985863067798103
0.0108874612084921 0.0982139317382349
0.010996335820577 0.0978494503007562
0.0111062991787828 0.0974929429486729
0.0112173621705706 0.0971444917787939
0.0113295357922763 0.0968041811641396
0.0114428311501991 0.0964720913939998
0.0115572594617011 0.0961483287076388
0.0116728320563181 0.095832961847185
0.0117895603768812 0.0955260821978794
0.0119074559806501 0.0952277981310017
0.0120265305404566 0.0949381905452469
0.0121467958458611 0.0946573558562273
0.0122682638043197 0.0943854084154853
0.0123909464423629 0.0941224501258267
0.0125148559067866 0.093868590260983
0.0126400044658544 0.0936239479629755
0.012766404510513 0.0933886359195249
0.0128940685556181 0.0931627885095024
0.0130230092411743 0.0929465308823005
0.013153239333586 0.092740002991448
0.0132847717269219 0.0925433501106242
0.0134176194441911 0.0923567182506501
0.013551795638633 0.0921802772034152
0.0136873135950193 0.0920141804714003
0.0138241867309695 0.0918586085855962
0.0139624285982792 0.0917137403167743
0.014102052884262 0.0915797658500491
0.0142430734131046 0.091456882787142
0.0143855041472357 0.0913452970712887
0.014529359188708 0.0912452263303217
0.0146746527805951 0.0911568905292213
0.0148213993084011 0.0910805329354009
0.0149696133014851 0.0910163916251528
0.0151193094344999 0.0909647164613939
0.0152705025288449 0.090925775131805
0.0154232075541334 0.0908998379398522
0.0155774396296747 0.0908871890978348
0.0157332140259715 0.0908881193325531
0.0158905461662312 0.090902933759025
0.0160494516278935 0.0909319481849135
0.0162099461441724 0.0909754826975337
0.0163720456056142 0.0910338731648752
0.0165357660616703 0.0911074641811352
0.016701123722287 0.0911966168181173
0.0168681349595099 0.0913016924586437
0.017036816309105 0.0914230696760566
0.017207184472196 0.0915611407587861
0.017379256316918 0.0917163042900307
0.0175530488800872 0.0918889731216693
0.017728579368888 0.0920795682502532
0.0179058651625769 0.0922885263905421
0.0180849238142027 0.092516296502376
0.0182657730523447 0.0927633332539486
0.0184484307828682 0.0930301098944643
0.0186329150906968 0.0933170991040913
0.0188192442416038 0.0936248200336628
0.0190074366840199 0.0939537722462683
0.0191975110508601 0.0943044687069179
0.0193894861613687 0.0946774533149032
0.0195833810229823 0.0950732711609758
0.0197792148332122 0.0954924923764413
0.0199770069815443 0.0959356926193879
0.0201767770513597 0.0964034644041651
0.0203785448218733 0.0968964171805538
0.0205823302700921 0.09741517435481
0.020788153572793 0.0979603741659984
0.0209960351085209 0.0985326718065134
0.0212059954596061 0.099132740149507
0.0214180554142022 0.0997612714051457
0.0216322359683442 0.100418967995936
0.0218485583280276 0.101106552029241
0.0220670439113079 0.101824766992778
0.022287714350421 0.102574376601025
0.0225105914939252 0.1033561493713
0.0227356974088645 0.104170890716023
0.0229630543829531 0.105019408947128
0.0231926849267826 0.105902535577185
0.0234246117760505 0.106821126456659
0.023658857893811 0.107776046180269
0.0238954464727491 0.108768185604452
0.0241344009374766 0.109798448234022
0.0243757449468513 0.110867756073241
0.0246195023963198 0.111977046558935
0.024865697420283 0.113127273380819
0.0251143543944859 0.114319405464911
0.0253654979384307 0.115554424329925
0.025619152917815 0.116833323588521
0.0258753444469932 0.118157114404462
0.0261340978914631 0.119526787832827
0.0263954388703778 0.120943382738403
0.0266593932590815 0.122407910597114
0.0269259871916724 0.123921396370622
0.0271952470635891 0.125484858079839
0.027467199534225 0.127099314437441
0.0277418715295672 0.128765755604165
0.0280192902448629 0.130485179536076
0.0282994831473115 0.132258553599334
0.0285824779787846 0.134086823763485
0.0288683027585725 0.135970917770976
0.0291569857861582 0.137911658867971
0.0294485556440198 0.139909925444843
0.02974304120046 0.141966496262531
0.0300404716124646 0.144082086949994
0.0303408763285892 0.146257362163459
0.0306442850918751 0.148492933803254
0.0309507279427939 0.150789209985804
0.0312602352222218 0.15314670530401
0.031572837574444 0.155565710499171
0.0318885659501885 0.158046407142909
0.0322074516096904 0.160588812482811
0.0325295261257873 0.163192974621257
0.0328548213870451 0.165858718357711
0.0331833696009156 0.168585705348401
0.0335152032969248 0.171373412147977
0.033850355329894 0.17422126430461
0.0341888588831929 0.177128442516971
0.0345307474720249 0.180094028712214
0.0348760549467451 0.183116838192091
0.0352248154962126 0.186195620062471
0.0355770636511747 0.189328848688725
0.0359328342876865 0.192514998176591
0.0362921626305633 0.195752094924061
0.036655084256869 0.199038246049998
0.0370216350994376 0.202371450900421
0.037391851450432 0.205749200633037
0.0377657699649363 0.209169322190778
0.0381434276645857 0.212629155016635
0.0385248619412316 0.21612616658925
0.0389101105606439 0.219657522031327
0.0392992116662503 0.223220517588825
0.0396922037829128 0.226812221361235
0.0400891258207419 0.230429713492032
0.0404900170789494 0.234070163102282
0.0408949172497389 0.237730515618306
0.0413038664222363 0.241407932177806
0.0417169050864586 0.245099429263944
0.0421340741373232 0.248802215155927
0.0425554148786964 0.252513381077732
0.0429809690274834 0.256230244342337
0.0434107787177582 0.259950072471273
0.0438448865049358 0.26367031334073
0.0442833353699852 0.267388463933096
0.044726168723685 0.271102135440323
0.0451734304109219 0.27480907197988
0.0456251647150311 0.278507117170587
0.0460814163621814 0.282194201403219
0.0465422305258032 0.28586837375229
0.0470076528310613 0.289527932390099
0.0474777293593719 0.29317108281637
0.0479525066529656 0.296796323367333
0.0484320317194952 0.30040222052497
0.0489163520366902 0.30398737270221
0.0494055155570571 0.307550615300535
0.0498995707126277 0.311090814145953
0.0503985664197539 0.314606987872819
0.0509025520839515 0.318098223047154
0.051411577604791 0.321563681027547
0.0519256933808389 0.325002654072508
0.0524449503146473 0.328414541542285
0.0529693998177938 0.331798673687595
0.0534990938159717 0.335154730386986
0.0540340847541314 0.33848224092554
0.0545744256016727 0.34178081372533
0.0551201698576895 0.345050281290325
0.0556713715562664 0.34829026003394
0.056228085271829 0.351500702311612
0.0567903661245473 0.354681474484126
0.0573582697857928 0.357832479177271
0.0579318524836507 0.360953721807313
0.0585111710084872 0.36404503573721
0.0590962827185721 0.367106658556926
0.0596872455457578 0.370138626808756
0.0602841180012154 0.373140975056712
0.0608869591812276 0.376113815091196
0.0614958287730398 0.379057262029022
0.0621107870607702 0.38197147617014
0.0627318949313779 0.38485670202432
0.0633592138806917 0.387713047414259
0.0639928060194986 0.390540783727327
0.0646327340796936 0.393339919571637
0.0652790614204906 0.396110895879792
0.0659318520346955 0.398853863136199
0.06659117055504241 0.401568998491992
0.06725708226059279 0.404256569426993
0.0679296530831988 0.406916730848693
0.0686089496140308 0.409549923404696
0.0692950391101711 0.412156155005219
0.0699879895012728 0.414735746694174
0.0706878693962855 0.417288890976699
0.0713947480902484 0.419815893617246
0.0721086955711509 0.422316883164605
0.0728297825268624 0.424792123742991
0.073558080352131 0.427241909422239
0.07429366115565229 0.429666317276089
0.07503659776720881 0.432065618092016
0.07578696374488091 0.434439936243873
0.0765448333823297 0.436789676894829
0.07731028171615301 0.439114800638251
0.07808338453331461 0.441415667799047
0.0788642183786477 0.443692428206769
0.0796528605624342 0.445945069052696
0.08044938916805849 0.448173914278156
0.0812538830597391 0.450379192342574
0.0820664218903365 0.452560947434182
0.08288708610923989 0.454719321877992
0.08371595697033229 0.45685442119999
0.0845531165400356 0.45896658236507
0.085398647705436 0.461055744252858
0.0862526341824903 0.46312207376612
0.0871151605243152 0.465165772784494
0.0879863121295584 0.467186740880876
0.0888661752508539 0.469185316405292
0.08975483700336249 0.471161495557104
0.09065238537339609 0.473115457015797
0.0915589092271301 0.475047164556206
0.0924744983194014 0.476956788011944
0.0933992433025954 0.478844368177824
0.0943332357356213 0.480710131435495
0.0952765680929776 0.482553908760203
0.0962293337739073 0.484376080683455
0.0971916271116464 0.48617649727803
0.0981635433827629 0.487955385234903
0.0991451788165905 0.489712745996337
0.100136630604756 0.491448665458152
0.101137996910804 0.493163275954166
0.102149376879912 0.494856690137279
0.103170870648711 0.496528812557176
0.104202579355198 0.498179928291156
0.10524460514875 0.499810044623657
0.106297051200238 0.501419366852686
0.10736002171224 0.503007764351862
0.108433621929363 0.504575632086877
0.109517958148656 0.506122929072278
0.110613137730143 0.507649713916698
0.111719269107444 0.509156236216308
0.112836461798519 0.510642585898144
0.113964826416504 0.512108874253813
0.115104474680669 0.513555262091134
0.116255519427476 0.51498198188328
0.11741807462175 0.51638896381124
0.118592255367968 0.517776603433897
0.119778177921647 0.519144966190086
0.120975959700864 0.520494308234647
0.122185719297873 0.521824741760418
0.123407576490851 0.523136474056304
0.12464165225576 0.52442972474967
0.125888068778317 0.525704689267773
0.127146949466101 0.526961586375398
0.128418418960762 0.5282006478674
0.129702603150369 0.529422073397892
0.130999629181873 0.530626100835011
0.132309625473692 0.531813000767244
0.133632721728429 0.532982957841168
0.134969048945713 0.53413626232232
0.13631873943517 0.535273142532559
0.137681926829522 0.536393853561766
0.139058746097817 0.537498651353814
0.140449333558795 0.538587829370769
0.141853826894383 0.539661505032998
0.143272365163327 0.540720059860768
0.14470508881496 0.541763717620976
0.14615213970311 0.542792779863307
0.147613661100141 0.543807413666494
0.149089797711142 0.544807926355924
0.150580695688254 0.545794551271467
0.152086502645136 0.546767556493725
0.153607367671588 0.547727133810896
0.155143441348303 0.548673567264273
0.156694875761787 0.54960707260973
0.158261824519404 0.550527871734682
0.159844442764598 0.551436219965164
0.161442887192244 0.552332337121952
0.163057316064167 0.553216313808929
0.164687889224809 0.554088552281159
0.166334768117057 0.554949086882845
0.167998115798227 0.555798127990185
0.169678096956209 0.556635952129662
0.171374877925772 0.557462689430062
0.173088626705029 0.558278556509229
0.17481951297208 0.559083575266379
0.1765677081018 0.559878043717057
0.178333385182818 0.560662074634409
0.180116719034647 0.561435813347439
0.181917886224993 0.562199390876053
0.183737065087243 0.562952944534521
0.185574435738115 0.563696617109956
0.187430180095497 0.564430557060279
0.189304481896452 0.565154766919869
0.191197526715416 0.565869501983753
0.19310950198257 0.566574845541233
0.195040597002396 0.567270926376072
0.19699100297242 0.567957824379608
0.198960913002144 0.56863724036596
0.200950522132166 0.569314774130316
0.202960027353487 0.56997046722949
0.204989627627022 0.570619978980735
0.207039523903292 0.571260519711437
0.209109919142325 0.571892483742327
0.211201018333748 0.572515849932614
0.213313028517086 0.573130631107284
0.215446158802257 0.573736892050834
0.217600620390279 0.574334679895559
0.219776626594182 0.574924069053062
0.221974392860124 0.575505031416498
0.224194136788725 0.576077693959867
0.226436078156613 0.576642087152777
0.228700438938179 0.577198209966309
0.23098744332756 0.577746120299047
0.233297317760836 0.578285827957948
0.235630290938444 0.578817402036997
0.237986593847829 0.579340851122927
0.240366459786307 0.579856179134885
0.24277012438417 0.580363416963556
0.245197825628012 0.580862555688267
0.247649803884292 0.581353619446822
0.250126301923135 0.581836596575967
0.252627564942366 0.582311452893363
0.25515384059179 0.582778216469439
0.257705378997708 0.583236840298831
0.260282432787685 0.583687305119822
0.262885257115562 0.584129580612954
0.265514109686717 0.584563632443686
0.268169250783585 0.584989407794853
0.27085094329142 0.585406854319661
0.273559452724335 0.585815917920287
0.276295047251578 0.586216531057049
0.279057997724094 0.586608620939504
0.281848577701335 0.586992111726997
0.284667063478348 0.587366910370805
0.287513734113132 0.587732933207853
0.290388871454263 0.588090077220772
0.293292760168805 0.588438241163224
0.296225687770494 0.588777303070103
0.299187944648198 0.589107153448563
0.30217982409468 0.589427666678644
0.305201622335627 0.589738707206791
0.308253638558984 0.590040131720199
0.311336174944573 0.590331805962706
0.314449536694019 0.590613566797331
0.317594032060959 0.590885264187825
0.320769972381569 0.591146732330579
0.323977672105385 0.591397799716355
0.327217448826438 0.591638286267378
0.330489623314703 0.591868007589381
0.33379451954785 0.592086774961943
0.337132464743328 0.592294381512437
0.340503789390762 0.592490630456017
0.343908827284669 0.592675310442966
0.347347915557516 0.592848201266547
0.350821394713091 0.593009079497671
0.354329608660222 0.593157709015006
0.357872904746824 0.593293860515254
0.361451633794292 0.59341728889233
0.365066150132235 0.593527723944728
0.368716811633558 0.593624922073216
0.372403979749893 0.593708620457754
0.376128019547392 0.593778535256762
0.379889299742866 0.59383439635815
0.383688192740295 0.593875911801275
0.387525074667698 0.593902792223752
0.391400325414375 0.593914736340796
0.395314328668518 0.593911434934944
0.399267471955204 0.593892574524796
0.403260146674756 0.593857830514971
0.407292748141503 0.593806865009012
0.411365675622918 0.593739360029664
0.415479332379147 0.59365495095072
0.419634125702939 0.593553288814886
0.423830466959968 0.593434008320122
0.428068771629568 0.593296736951467
0.432349459345864 0.593141089916799
0.436672953939322 0.592966676086013
0.441039683478716 0.592773087266138
0.445450080313503 0.592559910572499
0.449904581116638 0.592326717323559
0.454403626927804 0.592073062231779
0.458947663197082 0.591798493137805
0.463537139829053 0.591502538913777
0.468172511227344 0.591184716120438
0.472854236339617 0.590844528155932
0.477582778703013 0.590481448559349
0.482358606490043 0.590094949296462
0.487182192554944 0.58968447536995
0.492054014480493 0.589249455182505
0.496974554625298 0.588789298824662
0.501944300171551 0.588303391140052
0.506963743173267 0.58779110442955
0.512033380604999 0.587251778780838
0.517153714411049 0.586684728957714
0.52232525155516 0.586089266030642
0.527548504070711 0.585464659349107
0.532823989111418 0.584810164049403
0.538152229002533 0.584124991060788
0.543533751292558 0.583408344319424
0.548969088805484 0.582659400358172
0.554458779693538 0.581877297560547
0.560003367490474 0.581061158914963
0.565603401165378 0.580210060019113
0.571259435177032 0.57932305805889
0.576972029528803 0.578399183970491
0.582741749824091 0.577437420546052
0.588569167322331 0.576436747424608
0.5944548589955549 0.575396061740634
0.60039940758551 0.574314278392631
0.606403401661365 0.573190231971758
0.612467435677979 0.57202274694673
0.618592110034759 0.57081061920538
0.624778031135106 0.569552551863714
0.631025811446457 0.568247261940993
0.637336069560922 0.566893328393395
0.643709430256531 0.565489434639883
0.650146524559097 0.564034100884213
0.656647989804688 0.562525797412525
0.663214469702734 0.560962981291134
0.669846614399762 0.559344031740919
0.6765450805437589 0.55766728299619
0.6833105313491969 0.555930979504072
0.690143636662689 0.554133228593969
0.697045073029316 0.552272234646056
0.704015523759609 0.550346001660316
0.711055678997205 0.548352495977349
0.718166235787177 0.546289553015365
0.725347898145049 0.544154980445498
0.732601377126499 0.5419462627448
0.739927390897764 0.539661232433093
0.747326664806742 0.537297302759352
0.7547999314548089 0.534851692787844
0.762347930769357 0.53232143310528
0.7699714100770511 0.529703728050615
0.777671124177822 0.526995735014305
0.7854478354195999 0.524193649962932
0.793302313773796 0.521294620095648
0.801235336911534 0.518294565638165
0.809247690280649 0.515189793811172
0.817340167183456 0.511976263957339
0.82551356885529 0.508649623058974
0.833768704543843 0.505205266863147
0.842106391589282 0.501640021096601
0.8505274555051739 0.497944461771794
0.8547800927827 0.496043736890297
0.859032730060226 0.494117412657861
0.863327893710527 0.492147224104922
0.867623057360828 0.490151777225434
0.871961172647633 0.488109231744674
0.874130230291035 0.487078298370232
0.876299287934437 0.486040298977006
0.878490036154273 0.484985166121411
0.880680784374109 0.483923002311917
0.882871532593945 0.482853804379627
0.885062280813781 0.481777506063339
0.887274936515815 0.480683214389328
0.88948759221785 0.479581593447048
0.891700247919885 0.478472414948296
0.893912903621919 0.477355835802472
0.898382468140029 0.475076991914376
0.902852032658138 0.472767857198834
0.907366292821429 0.470402850715872
0.91188055298472 0.468005205514206
0.916439955749644 0.465549357726828
0.920999358514567 0.463058470426994
0.92560435530714 0.460506996761973
0.930209352099712 0.457920443453767
0.93951144562071 0.452575091599383
0.948906560076917 0.447020836026145
0.958395625677686 0.441237245867527
0.967979581934463 0.435214265293437
0.977659377753807 0.428937172457916
0.987435971531345 0.422390179071686
0.997310331246659 0.415555619997153
1.00728343455913 0.408414436604557
1.01735626890472 0.400945111055154
1.02752983159376 0.393123764411263
1.0378051299097 0.384923293964165
1.0481831812088 0.376313642373666
1.05866501302089 0.367260082807745
1.0692516631511 0.357722826204362
1.07994417978261 0.347656011352045
1.09074362158043 0.337005632968459
1.10165105779624 0.325708110831612
1.1126675683742 0.313686698601451
1.12379424405794 0.300847753431648
1.13503218649852 0.28707442001961
1.14638250836351 0.272216837074191
1.15784633344714 0.256076384665986
1.16942479678161 0.238369462672327
1.18111904474943 0.218668642105992
1.19293023519692 0.196294201922541
1.20485953754889 0.168193679305224
1.21690813292438 0.140210846838704
1.22299267358901 0.125147598701363
1.22907721425363 0.10919145712727
1.23522260032489 0.0920536652788473
1.24136798639616 0.0749897337038642
1.24447140636215 0.0670543437739834
1.24757482632814 0.0596829398944278
1.25067824629413 0.0531628441353561
1.25378166626012 0.0474495328008889
1.25534889334295 0.0450469699527294
1.25691612042577 0.0428040021016233
1.26005057459142 0.038820463155861
1.26318502875707 0.0354640742546529
1.26631948292272 0.0325752822796988
1.26948528163003 0.0301629893085262
1.27265108033733 0.0280661684890914
1.27581687904464 0.0262263684975785
1.27898267775195 0.0245904547610583
1.28218013444633 0.0231604827074899
1.28537759114071 0.0218768190131527
1.29177250452947 0.019662007974659
1.29823136705212 0.0178325907521763
1.30469022957477 0.0162816906318373
1.31121368072264 0.0149528087449502
1.31773713187051 0.0137964550589271
1.32432581752987 0.0127806130464517
1.33091450318922 0.0118803161023475
1.33756907570517 0.0110752145531504
1.34422364822111 0.0103519988208756
1.35094476646222 0.00969665647655089
1.35766588470332 0.00910189681142356
1.36445421412684 0.00855749057448752
1.37124254355036 0.008059417108509
1.38495496898586 0.00717674071388855
1.39880451867572 0.00642019590845591
1.41279256386247 0.00576530185990817
1.4269204895011 0.00519368938535584
1.44118969439611 0.00469131778702114
1.45560159134007 0.00424722232436405
1.47015760725347 0.00385269010209821
1.48485918332601 0.00350069706977949
1.49970777515927 0.0031854995953421
1.51470485291086 0.00290235308940089
1.52985190143997 0.00264729291796539
1.54515042045437 0.00241697615069352
1.56060192465891 0.00220856048818629
1.5762079439055 0.00201961096101905
1.59197002334456 0.00184802791369064
1.607889723578 0.00169198821443816
1.62396862081378 0.00154990147873351
1.64020830702192 0.00142037259158809
1.65661039009214 0.0013021722289635
1.67317649399306 0.00119421199273123
1.68990825893299 0.0010955277876802
1.70680734152232 0.00100525656588016
1.72387541493754 0.000922629264519519
1.74111416908692 0.000846955767544755
1.75852531077779 0.000777615767853003
1.77611056388557 0.000714050449793482
1.79387166952442 0.00065575533200667
1.81181038621967 0.000602273882866156
1.82992849008186 0.000553193177313754
1.84822777498268 0.000508137572116365
1.86671005273251 0.000466766311381627
1.88537715325983 0.000428769253390986
1.90423092479243 0.000393863900362043
1.92327323404036 0.000361792704950664
1.94250596638076 0.000332320650369904
1.96193102604457 0.000305233081178857
1.98155033630501 0.000280333882121817
2.00136583966806 0.000257443626910515
2.02137949806474 0.000236398195642755
2.04159329304539 0.000217047316494447
2.06200922597584 0.000199253357366447
2.0826293182356 0.000182890174706021
2.10345561141796 0.000167842245010952
2.12449016753214 0.000154003481216486
2.14573506920746 0.000141276667859064
2.16719241989954 0.000129572583408928
2.18886434409853 0.000118809325529909
2.21075298753952 0.0001089117042421
2.23286051741491 9.98106643649263e-05
2.25518912258906 9.14427707481867e-05
2.27774101381495 8.37497312568138e-05
2.3005184239531 7.66779674268419e-05
2.32352360819263 7.01782220096342e-05
2.34675884427456 6.42051909432509e-05
2.3702264327173 5.87172007794656e-05
2.39392869704448 5.3675904285495e-05
2.41786798401492 4.90460046950055e-05
2.44204666385507 4.47950042271447e-05
2.46646713049362 4.08929744081204e-05
2.49113180179856 3.73123443228826e-05
2.51604311981654 3.4027707112505e-05
2.54120355101471 3.10156470991209e-05
2.56661558652486 2.82545744961911e-05
2.5922817423901 2.57245850232374e-05
2.618204559814 2.3407314509332e-05
2.64438660541214 2.12858249453418e-05
2.67083047146627 1.93444874492156e-05
2.69753877618093 1.75688809251665e-05
2.72451416394274 1.59456950404082e-05
2.75175930558217 1.44641694862061e-05
2.77927689863799 1.31145863008393e-05
2.80706966762437 1.191604105894e-05
2.83514036430061 1.08301037286348e-05
2.86349176794362 9.83838701331608e-06
2.89212668562305 8.93327904783047e-06
2.92104795247928 8.10774123252226e-06
2.95025843200408 7.35526659448698e-06
2.97976101632412 6.66984140860551e-06
3.00955862648736 6.04590983619787e-06
3.03965421275223 5.47834103562685e-06
3.07005075487975 4.96239885238298e-06
3.10075126242855 4.49371335509285e-06
3.13175877505284 4.06825467914352e-06
3.16307636280337 3.68230856012595e-06
3.1947071264314 3.33245365152499e-06
3.22665419769571 3.01554029866062e-06
3.25892073967267 2.72867084220832e-06
3.2915099470694 2.46918134681377e-06
3.32442504654009 2.23462427742779e-06
3.35766929700549 2.02275272239549e-06
3.39124598997555 1.83150540944232e-06
3.4251584498753 1.65899285749321e-06
3.45941003437406 1.50348442152872e-06
3.4940041347178 1.36339623730372e-06
3.52894417606497 1.23727997687368e-06
3.56423361782562 1.1238123642765e-06
3.59987595400388 1.02178543019778e-06
3.63587471354392 9.30097429827356e-07
3.67223346067936 8.47744403447074e-07
3.70895579528615 7.73812320340337e-07
3.74604535323901 7.07469785254797e-07
3.7835058067714 6.47961280814701e-07
3.82134086483912 5.9460087576479e-07
3.85955427348751 5.46766415328512e-07
3.89814981622238 5.03894135485378e-07
3.93713131438461 4.65473674432682e-07
3.97650262752845 4.31043475560022e-07
4.01626765380374 4.00186540943412e-07
4.05643033034178 3.72526470420623e-07
4.09699463364519 3.47723915208822e-07
4.13796457998165 3.25473206315727e-07
4.17934422578146 3.05499308855394e-07
4.22113766803928 2.87555013418133e-07
4.26334904471967 2.71418359028081e-07
4.30598253516687 2.56890270632551e-07
4.34904236051854 2.437923961936e-07
4.39253278412372 2.31965127931688e-07
4.43645811196496 2.21265794738632e-07
4.48082269308461 2.11567011958241e-07
4.52563092001545 2.02755176896826e-07
4.57088722921561 1.94729098549868e-07
4.61659610150777 1.87398750853236e-07
4.66276206252284 1.80684139787511e-07
4.70938968314807 1.74514274513015e-07
4.75648357997955 1.68826234673328e-07
4.80404841577935 1.6356432558178e-07
4.85208889993714 1.58679313304197e-07
4.90060978893651 1.54127733940484e-07
4.94961588682588 1.49871269529327e-07
4.99911204569414 1.45876185634996e-07
5.04910316615108 1.42112824589149e-07
5.09959419781259 1.38555149676871e-07
5.15059013979072 1.35180335606997e-07
5.20209604118862 1.3196840100168e-07
5.25411700160051 1.28901879017157e-07
5.30665817161651 1.25965522539715e-07
5.35972475333268 1.23146040667083e-07
5.41332200086601 1.2043186355412e-07
5.46745522087467 1.17812932757914e-07
5.52212977308341 1.15280514669041e-07
5.57735107081425 1.12827034725704e-07
5.63312458152239 1.10445930327855e-07
5.68945582733762 1.08131520549817e-07
5.74635038561099 1.05878890940209e-07
5.8038138894671 1.03683791834675e-07
5.86185202836177 1.01542548765271e-07
5.92047054864539 9.94519836812977e-08
5.97967525413184 9.74093458145341e-08
6.03947200667316 9.54122511350031e-08
6.0998667267399 9.34586294524423e-08
6.16086539400729 9.1546677414854e-08
6.22247404794737 8.96748219902639e-08
6.28469878842684 8.78416802547133e-08
6.34754577631111 8.6046032973854e-08
6.41102123407422 8.42867977353917e-08
6.47513144641496 8.25630066516496e-08
6.53988276087911 8.08737872573995e-08
6.60528158848791 7.92183462026386e-08
6.67133440437278 7.75959553980043e-08
6.73804774841651 7.60059402794458e-08
6.80542822590068 7.44476699310108e-08
6.87348250815968 7.29205488088992e-08
6.94221733324128 7.1424009851617e-08
7.01163950657369 6.99575087836401e-08
7.08175590163943 6.85205194432262e-08
7.15257346065582 6.71125299864294e-08
7.22409919526238 6.57330398367166e-08
7.29634018721501 6.43815572678893e-08
7.36930358908716 6.305759751702e-08
7.44299662497803 6.17606813520275e-08
7.51742659122781 6.04903340054948e-08
7.59260085714009 5.92460844209508e-08
7.66852686571149 5.80274647519629e-08
7.7452121343686 5.683401006768e-08
7.82266425571229 5.56652582251786e-08
7.90089089826941 5.4520749864665e-08
7.97989980725211 5.34000285234315e-08
8.059698805324629 5.23026408093713e-08
8.14029579337787 5.1228136639596e-08
8.221698751311649 5.01760695161674e-08
8.30391573882477 4.91459968264858e-08
8.38695489621302 4.81374801565062e-08
8.47082444517515 4.71500856072606e-08
8.555532689626901 4.61833841068437e-08
8.64108801652317 4.5236951712122e-08
8.727498896688401 4.43103698944437e-08
8.81477388565529 4.34032258091684e-08
8.902921624511841 4.25151125385997e-08
8.99195084075696 4.16456293167937e-08
9.081870349164531 4.07943817273464e-08
9.172689052656169 3.99609818767572e-08
9.26441594318274 3.91450485426431e-08
9.357060102614559 3.83462072971386e-08
9.45063070364071 3.75640906059936e-08
9.54513701067712 3.67983379042029e-08
9.640588380783891 3.60485956491213e-08
9.736994264591729 3.53145173522309e-08
9.834364207237639 3.45957635907727e-08
9.93270784931002 3.38920020005785e-08
10.0320349278031 3.32029072514438e-08
10.1323552770812 3.25281610064486e-08
10.233678829852 3.18674518665975e-08
10.3360156181505 3.1220475302199e-08
10.439375774332 3.05869335722919e-08
10.5437695320753 2.99665356335245e-08
10.6492072273961 2.93589970397144e-08
10.75569929967 2.87640398332985e-08
10.8632562926667 2.81813924300246e-08
10.9718888555934 2.7610789497787e-08
11.0816077441493 2.70519718308065e-08
11.1924238215908 2.65046862201171e-08
11.3043480598067 2.59686853212773e-08
11.4173915404048 2.54437275201954e-08
11.5315654558088 2.49295767977621e-08
11.6468811103669 2.44260025941612e-08
11.7633499214706 2.39327796733624e-08
11.8809834206853 2.34496879884579e-08
11.9997932548922 2.29765125483328e-08
12.1197911874411 2.25130432861259e-08
12.2409890993155 2.20590749298717e-08
12.3633989903086 2.16144068756474e-08
12.4870329802117 2.11788430635154e-08
12.6119033100138 2.0752191856482e-08
12.738022343114 2.03342659226064e-08
12.8654025665451 1.9924882120512e-08
12.9940565922106 1.95238613882234e-08
13.1239971581327 1.9131028635523e-08
13.255237129714 1.87462126397632e-08
13.3877895010112 1.8369245945181e-08
13.5216673960213 1.79999647656407e-08
13.6568840699815 1.76382088907667e-08
13.7934529106813 1.72838215953892e-08
13.9313874397881 1.69366495522086e-08
14.070701314186 1.65965427475803e-08
14.2114083273278 1.62633544002974e-08
14.3535224106011 1.59369408832653e-08
14.4970576347071 1.56171616479307e-08
14.6420282110542 1.53038791513433e-08
14.7884484931648 1.4996958785722e-08
14.9363329780964 1.46962688103968e-08
15.0856963078774 1.44016802859991e-08
15.2365532709561 1.41130670107829e-08
15.3889188036657 1.38303054589536e-08
15.5428079917024 1.35532747208945e-08
15.6982360716194 1.32818564451813e-08
15.8552184323356 1.30159347822828e-08
16.0137706166589 1.2755396329853e-08
16.1739083228255 1.25001300795238e-08
16.3356474060538 1.22500273651118e-08
16.4990038801143 1.20049818121699e-08
16.6639939189155 1.17648892888008e-08
16.8306338581046 1.15296478576769e-08
16.9989401966857 1.1299157729198e-08
17.1689295986525 1.10733212157403e-08
17.340618894639 1.08520426869348e-08
17.5140250835854 1.06352285259446e-08
17.6891653344213 1.04227870866856e-08
17.8660569877655 1.02146286520111e-08
18.0447175576431 1.00106653925307e-08
18.2251647332196 9.81081132676724e-09
18.4074163805518 9.61498228164383e-09
18.5914905443573 9.4230958540132e-09
18.7774054498009 9.23507137291384e-09
18.9651795042989 9.05082986258118e-09
19.1548312993419 8.87029400619509e-09
19.3463796123353 8.69338811034994e-09
19.5398434084586 8.52003807023144e-09
19.7352418425432 8.35017133548628e-09
19.9325942609687 8.18371687677584e-09
20.1319202035783 8.02060515299913e-09
20.3332394056141 7.86076807917743e-09
20.5365717996703 7.70413899499088e-09
20.741937517667 7.55065263395775e-09
20.9493568928436 7.40024509324716e-09
21.1588504617721 7.25285380411929e-09
21.3704389663898 7.10841750298355e-09
21.5841433560537 6.96687620306732e-09
21.7999847896142 6.82817116668714e-09
22.0179846375104 6.69224487811608e-09
22.2381644838855 6.55904101703792e-09
22.4605461287243 6.42850443258054e-09
22.6851515900116 6.30058111792083e-09
22.9120031059117 6.17521818545283e-09
23.1411231369708 6.05236384250964e-09
23.3725343683405 5.93196736763145e-09
23.6062597120239 5.81397908736994e-09
23.8423223091442 5.69835035362008e-09
24.0807455322356 5.58503352146985e-09
24.321552987558 5.47398192755784e-09
24.5647685174336 5.36514986892945e-09
24.8104162026079 5.25849258238118e-09
25.058520364634 5.15396622428276e-09
25.3091055682803 5.05152785086738e-09
25.5621966239631 4.9511353989788e-09
25.8178185902027 4.85274766726572e-09
26.0759967761048 4.75632429781228e-09
26.3367567438658 4.66182575819488e-09
26.6001243113045 4.5692133239542e-09
26.8661255544175 4.47844906147293e-09
27.1347868099617 4.38949581124816e-09
27.4061346780613 4.30231717154913e-09
27.6801960248419 4.21687748244973e-09
27.9569979850903 4.13314181022649e-09
28.2365679649412 4.05107593211213e-09
28.5189336445907 3.97064632139585e-09
28.8041229810366 3.89182013285951e-09
29.0921642108469 3.8145651885446e-09
29.3830858529554 3.73884996383629e-09
29.676916711485 3.66464357386006e-09
29.9736858785998 3.5919157601809e-09
30.2734227373858 3.52063687779763e-09
30.5761569647597 3.45077788242458e-09
30.8819185344073 3.38231031805329e-09
31.1907377197513 3.31520630478673e-09
31.5026450969488 3.24943852693928e-09
31.8176715479183 3.18498022139608e-09
32.1358482633975 3.12180516622449e-09
32.4572067460315 3.05988766953204e-09
32.7817788134918 2.99920255856455e-09
33.1095966016267 2.93972516903869e-09
33.440692567643 2.88143133470326e-09
33.7750994933194 2.82429737712405e-09
34.1128504882526 2.76830009568681e-09
34.4539789931351 2.71341675781387e-09
34.7985187830665 2.6596250893894e-09
35.1465039708972 2.60690326538964e-09
35.4979690106061 2.55522990071402e-09
35.8529487007122 2.50458404121455e-09
36.2114781877193 2.45494515492218e-09
36.5735929695965 2.40629312347041e-09
36.9393288992925 2.35860823372191e-09
37.3087221882854 2.31187116961197e-09
37.6818094101683 2.2660630042434e-09
38.0586275042699 2.22116519231735e-09
38.4392137793127 2.17715956312597e-09
38.8236059171058 2.1340283148108e-09
39.2118419762768 2.09175401269521e-09
39.6039603960396 2.05031960944855e-09
40 2.00970632005619e-09
