-40 1.971256662365499e-10
-39.6039603960396 2.010705410472908e-10
-39.2118419762768 2.050942712843296e-10
-38.8236059171058 2.091983215036686e-10
-38.4392137793127 2.13384335388785e-10
-38.0586275042699 2.176539691202046e-10
-37.6818094101683 2.220088320802084e-10
-37.3087221882854 2.264506614976376e-10
-36.9393288992925 2.30981181676459e-10
-36.5735929695965 2.356021568634046e-10
-36.2114781877193 2.403153880444034e-10
-35.8529487007122 2.451227393280924e-10
-35.4979690106061 2.500260100078425e-10
-35.1465039708972 2.550271765896824e-10
-34.7985187830665 2.601281869692693e-10
-34.4539789931351 2.653309609174104e-10
-34.1128504882526 2.706376149460325e-10
-33.7750994933194 2.760501576455174e-10
-33.440692567643 2.815707084569776e-10
-33.1095966016267 2.872014252172309e-10
-32.7817788134918 2.929444997156128e-10
-32.4572067460315 2.988021656119254e-10
-32.1358482633975 3.047766767977842e-10
-31.8176715479183 3.108703907099146e-10
-31.5026450969488 3.170856579859774e-10
-31.1907377197513 3.234249504175603e-10
-30.8819185344073 3.29890595125295e-10
-30.5761569647597 3.364853194800876e-10
-30.2734227373858 3.432114955079474e-10
-29.9736858785998 3.500718255338545e-10
-29.676916711485 3.570689698151697e-10
-29.3830858529554 3.642056665555371e-10
-29.0921642108469 3.714846072988637e-10
-28.8041229810366 3.789087025923889e-10
-28.5189336445907 3.864808200133528e-10
-28.2365679649412 3.942038904551928e-10
-27.9569979850903 4.020809106372268e-10
-27.6801960248419 4.101149599024397e-10
-27.4061346780613 4.183091754869041e-10
-27.1347868099617 4.266666271022051e-10
-26.8661255544175 4.351907303552133e-10
-26.6001243113045 4.43884635902943e-10
-26.3367567438658 4.527518082061958e-10
-26.0759967761048 4.617958579755432e-10
-25.8178185902027 4.710197493668228e-10
-25.5621966239631 4.804275885232972e-10
-25.3091055682803 4.9002286971566e-10
-25.058520364634 4.998092958645178e-10
-24.8104162026079 5.097906352103025e-10
-24.5647685174336 5.199708197349153e-10
-24.321552987558 5.303538015873341e-10
-24.0807455322356 5.409434904185763e-10
-23.8423223091442 5.517441101462265e-10
-23.6062597120239 5.627598224984547e-10
-23.3725343683405 5.739948738846302e-10
-23.1411231369708 5.854536395631943e-10
-22.9120031059117 5.971405231969523e-10
-22.6851515900116 6.090601060084162e-10
-22.4605461287243 6.212170859327985e-10
-22.2381644838855 6.336158172679584e-10
-22.0179846375104 6.462614741117897e-10
-21.7999847896142 6.591587851951941e-10
-21.5841433560537 6.72312880015563e-10
-21.3704389663898 6.857286940445646e-10
-21.1588504617721 6.994114429642709e-10
-20.9493568928436 7.133664056017326e-10
-20.741937517667 7.275992801128407e-10
-20.5365717996703 7.421151940223036e-10
-20.3332394056141 7.569199088255859e-10
-20.1319202035783 7.720191303274316e-10
-19.9325942609687 7.87418745911806e-10
-19.7352418425432 8.031247281783247e-10
-19.5398434084586 8.191429422666238e-10
-19.3463796123353 8.354798679313209e-10
-19.1548312993419 8.521423626634036e-10
-18.9651795042989 8.691348128494929e-10
-18.7774054498009 8.864658705087695e-10
-18.5914905443573 9.041416037755632e-10
-18.4074163805518 9.221686818632598e-10
-18.2251647332196 9.405542160891633e-10
-18.0447175576431 9.593052822021812e-10
-17.8660569877655 9.784290739507071e-10
-17.6891653344213 9.979330292873011e-10
-17.5140250835854 1.017824679569858e-09
-17.340618894639 1.038111702927979e-09
-17.1689295986525 1.058801966243091e-09
-16.9989401966857 1.079903390867209e-09
-16.8306338581046 1.101424150392408e-09
-16.6639939189155 1.123372607087976e-09
-16.4990038801143 1.145757243656459e-09
-16.3356474060538 1.168586553627409e-09
-16.1739083228255 1.191869421588175e-09
-16.0137706166589 1.215614954106899e-09
-15.8552184323356 1.23983216434124e-09
-15.6982360716194 1.264530511003884e-09
-15.5428079917024 1.289719452178109e-09
-15.3889188036657 1.315408760248958e-09
-15.2365532709561 1.341608312386633e-09
-15.0856963078774 1.368328261359669e-09
-14.9363329780964 1.395578880024133e-09
-14.7884484931648 1.423370708456214e-09
-14.6420282110542 1.451714429394077e-09
-14.4970576347071 1.480620418679644e-09
-14.3535224106011 1.510101657676826e-09
-14.2114083273278 1.540167679507726e-09
-14.070701314186 1.570832169853637e-09
-13.9313874397881 1.602103027225761e-09
-13.7934529106813 1.633995382662631e-09
-13.6568840699815 1.666521104991024e-09
-13.5216673960213 1.699691514067115e-09
-13.3877895010112 1.733522737824175e-09
-13.255237129714 1.768025143029744e-09
-13.1239971581327 1.803211897338359e-09
-12.9940565922106 1.839096792156047e-09
-12.8654025665451 1.875693998514774e-09
-12.738022343114 1.913017795019335e-09
-12.6119033100138 1.951082612489591e-09
-12.4870329802117 1.989903156252437e-09
-12.3633989903086 2.02949435963359e-09
-12.2409890993155 2.069870735248469e-09
-12.1197911874411 2.111048809823851e-09
-11.9997932548922 2.153044174963332e-09
-11.8809834206853 2.195873026542461e-09
-11.7633499214706 2.239551974609994e-09
-11.6468811103669 2.284097814852566e-09
-11.5315654558088 2.329527884459993e-09
-11.4173915404048 2.375859365022551e-09
-11.3043480598067 2.423110557852766e-09
-11.1924238215908 2.471299479289808e-09
-11.0816077441493 2.520444850590066e-09
-10.9718888555934 2.570565669141124e-09
-10.8632562926667 2.621681271423976e-09
-10.75569929967 2.673811393493727e-09
-10.6492072273961 2.726976245921505e-09
-10.5437695320753 2.781196322973854e-09
-10.439375774332 2.836492746556597e-09
-10.3360156181505 2.892886658250032e-09
-10.233678829852 2.950400013048571e-09
-10.1323552770812 3.009055123947867e-09
-10.0320349278031 3.0688746378378e-09
-9.93270784931002 3.129881750858868e-09
-9.834364207237639 3.192100030632051e-09
-9.736994264591729 3.255553635092494e-09
-9.640588380783891 3.32026717367588e-09
-9.54513701067712 3.386265683461425e-09
-9.45063070364071 3.453574759335228e-09
-9.357060102614559 3.52222054163318e-09
-9.26441594318274 3.592229669776068e-09
-9.172689052656169 3.663629306466104e-09
-9.081870349164531 3.736447182848833e-09
-8.99195084075696 3.810711593746296e-09
-8.902921624511841 3.886451391989923e-09
-8.81477388565529 3.963696072828639e-09
-8.727498896688401 4.042475652760501e-09
-8.64108801652317 4.122820658934796e-09
-8.555532689626901 4.204762576100757e-09
-8.47082444517515 4.288333260623278e-09
-8.38695489621302 4.373565225980287e-09
-8.30391573882477 4.46049177430796e-09
-8.221698751311649 4.549146769155944e-09
-8.14029579337787 4.639564818179506e-09
-8.059698805324629 4.731781586615034e-09
-7.97989980725211 4.825832269760748e-09
-7.90089089826941 4.921754450645411e-09
-7.82266425571229 5.019585309305602e-09
-7.7452121343686 5.119363262735548e-09
-7.66852686571149 5.221127401536491e-09
-7.59260085714009 5.324917645219937e-09
-7.51742659122781 5.43077460164891e-09
-7.44299662497803 5.538739924820152e-09
-7.36930358908716 5.648856079509827e-09
-7.29634018721501 5.761166361996932e-09
-7.22409919526238 5.87571494595446e-09
-7.15257346065582 5.99254698222094e-09
-7.08175590163943 6.111708635070545e-09
-7.01163950657369 6.233246744419651e-09
-6.94221733324128 6.357209469798607e-09
-6.87348250815968 6.483645780422696e-09
-6.80542822590068 6.612605749480414e-09
-6.73804774841651 6.744140469487757e-09
-6.67133440437278 6.878302222391841e-09
-6.60528158848791 7.015143932780539e-09
-6.53988276087911 7.154720358170275e-09
-6.47513144641496 7.297086945084915e-09
-6.41102123407422 7.442300378628254e-09
-6.34754577631111 7.59041856581576e-09
-6.28469878842684 7.741500782348846e-09
-6.22247404794737 7.895607311896555e-09
-6.16086539400729 8.052799972692445e-09
-6.0998667267399 8.213141790360892e-09
-6.03947200667316 8.376697270387236e-09
-5.97967525413184 8.54353162940167e-09
-5.92047054864539 8.713712715374436e-09
-5.86185202836177 8.887308893571173e-09
-5.8038138894671 9.064390289096527e-09
-5.74635038561099 9.24502857108551e-09
-5.68945582733762 9.429296926843561e-09
-5.63312458152239 9.617270149477917e-09
-5.57735107081425 9.809024815830214e-09
-5.52212977308341 1.000463876844484e-08
-5.46745522087467 1.020419180377652e-08
-5.41332200086601 1.040776580465981e-08
-5.35972475333268 1.061544413416284e-08
-5.30665817161651 1.082731178125609e-08
-5.25411700160051 1.104345600211193e-08
-5.20209604118862 1.1263965835545e-08
-5.15059013979072 1.148893235855785e-08
-5.09959419781259 1.171844834980775e-08
-5.04910316615108 1.195260987729028e-08
-4.99911204569414 1.219151338782908e-08
-4.94961588682588 1.243525871121131e-08
-4.90060978893651 1.26839477267661e-08
-4.85208889993714 1.293768438719353e-08
-4.80404841577935 1.319657529611514e-08
-4.75648357997955 1.346072937370311e-08
-4.70938968314807 1.373025798915302e-08
-4.66276206252284 1.400527503382649e-08
-4.61659610150777 1.428589770579748e-08
-4.57088722921561 1.457224472763896e-08
-4.52563092001545 1.486443866679839e-08
-4.48082269308461 1.516260431264691e-08
-4.43645811196496 1.54668696605903e-08
-4.39253278412372 1.577736575021972e-08
-4.34904236051854 1.609422661086607e-08
-4.30598253516687 1.641758954121468e-08
-4.26334904471967 1.674759508705937e-08
-4.22113766803928 1.708438723875044e-08
-4.17934422578146 1.742811333442527e-08
-4.13796457998165 1.777892439600025e-08
-4.09699463364519 1.813697500961765e-08
-4.05643033034178 1.850242365031477e-08
-4.01626765380374 1.887543277169106e-08
-3.97650262752845 1.925616812792726e-08
-3.93713131438461 2.110573291827328e-08
-3.89814981622238 2.434366762800766e-08
-3.85955427348751 2.804376832373462e-08
-3.82134086483912 3.226464791398114e-08
-3.7835058067714 3.707151784972201e-08
-3.74604535323901 4.253684029961934e-08
-3.70895579528615 4.874106916613218e-08
-3.67223346067936 5.577338119129813e-08
-3.63587471354392 6.373257028983324e-08
-3.59987595400388 7.272794286547982e-08
-3.56423361782562 8.288031906973879e-08
-3.52894417606497 9.432311470959566e-08
-3.4940041347178 1.072035110659629e-07
-3.45941003437406 1.216837226873164e-07
-3.4251584498753 1.379423676631786e-07
-3.39124598997555 1.561759492669439e-07
-3.35766929700549 1.766004553359351e-07
-3.32442504654009 1.994530862920673e-07
-3.2915099470694 2.249941136998165e-07
-3.25892073967267 2.535088883740634e-07
-3.22665419769571 2.853100006746715e-07
-3.1947071264314 3.207396015096508e-07
-3.16307636280337 3.601719005326164e-07
-3.13175877505284 4.040158482482802e-07
-3.10075126242855 4.52718014824856e-07
-3.07005075487975 5.067656778575319e-07
-3.03965421275223 5.666901287559665e-07
-3.00955862648736 6.330702149358953e-07
-2.97976101632412 7.065361279096264e-07
-2.95025843200408 7.877734543030744e-07
-2.92104795247928 8.775275009324285e-07
-2.89212668562305 9.766079136135927e-07
-2.86349176794362 1.085893602087224e-06
-2.83514036430061 1.206337989679871e-06
-2.80706966762437 1.338974607703695e-06
-2.77927689863799 1.484923045608425e-06
-2.75175930558217 1.645395290233659e-06
-2.72451416394274 1.821702460614188e-06
-2.69753877618093 2.015261966558233e-06
-2.67083047146627 2.227605119909187e-06
-2.64438660541214 2.460385217726377e-06
-2.618204559814 2.715386121760845e-06
-2.5922817423901 2.994531371117521e-06
-2.56661558652486 3.299893883653341e-06
-2.54120355101471 3.633706210176641e-06
-2.51604311981654 3.99837140694097e-06
-2.49113180179856 4.396474725435468e-06
-2.46646713049362 4.830795834307499e-06
-2.44204666385507 5.304321974678848e-06
-2.41786798401492 5.820261743512757e-06
-2.39392869704448 6.382060110479323e-06
-2.3702264327173 6.993414080558357e-06
-2.34675884427456 7.658289441831695e-06
-2.32352360819263 8.380938860087663e-06
-2.3005184239531 9.165920619412644e-06
-2.27774101381495 1.001811975627569e-05
-2.25518912258906 1.094276918908216e-05
-2.23286051741491 1.194547370833022e-05
-2.21075298753952 1.303223443911825e-05
-2.18886434409853 1.420947658088389e-05
-2.16719241989954 1.548407787840664e-05
-2.14573506920746 1.686339971502057e-05
-2.12449016753214 1.835532078727317e-05
-2.10345561141796 1.996827322883488e-05
-2.0826293182356 2.171128159024661e-05
-2.06200922597584 2.359400428732442e-05
-2.04159329304539 2.562678112822151e-05
-2.02137949806474 2.782068183325733e-05
-2.00136583966806 3.018755563117901e-05
-1.98155033630501 3.274009572969087e-05
-1.96193102604457 3.549189711851824e-05
-1.94250596638076 3.84575263074231e-05
-1.92327323404036 4.165259618342814e-05
-1.90423092479243 4.509384553528975e-05
-1.88537715325983 4.879922421288854e-05
-1.86671005273251 5.27875846138427e-05
-1.84822777498268 5.708082284283321e-05
-1.82992849008186 6.169990800752122e-05
-1.81181038621967 6.666909161904421e-05
-1.79387166952442 7.201398631325031e-05
-1.77611056388557 7.776214313502687e-05
-1.75852531077779 8.394318138157676e-05
-1.74111416908692 9.058897787058073e-05
-1.72387541493754 9.7733846524553e-05
-1.70680734152232 0.0001054147395626248
-1.68990825893299 0.0001136714876077498
-1.67317649399306 0.0001225469855103903
-1.65661039009214 0.0001320875223052321
-1.64020830702192 0.0001423430261620437
-1.62396862081378 0.0001533673773239113
-1.607889723578 0.0001652187344217267
-1.59197002334456 0.0001779599276826636
-1.5762079439055 0.0001916588333504092
-1.56060192465891 0.0002063888046986444
-1.54515042045437 0.0002222291666544984
-1.52985190143997 0.0002392656926183176
-1.51470485291086 0.0002575912057175232
-1.49970777515927 0.0002773061573855044
-1.48485918332601 0.0002985192981914215
-1.47015760725347 0.0003213484065059343
-1.45560159134007 0.0003459211093110419
-1.44118969439611 0.0003723757030872268
-1.4269204895011 0.000400862199370334
-1.41279256386247 0.0004315432401221674
-1.39880451867572 0.0004645954344614792
-1.38495496898586 0.0005002101782259044
-1.37124254355036 0.000538596482977813
-1.36445421412684 0.0005588470735090486
-1.35766588470332 0.0005799800018155603
-1.35094476646222 0.0006018164702540854
-1.34422364822111 0.0006246072965663666
-1.33756907570517 0.0006481603701273006
-1.33091450318922 0.000672746447247215
-1.32432581752987 0.0006981586471420721
-1.31773713187051 0.0007246895134150641
-1.31121368072264 0.0007521162240351195
-1.30469022957477 0.000780755008904262
-1.29823136705212 0.0008103658111950478
-1.29177250452947 0.0008412904366941545
-1.28537759114071 0.000873270722086937
-1.28218013444633 0.0008897906324175932
-1.27898267775195 0.0009066761544200789
-1.27581687904464 0.000923763755541757
-1.27265108033733 0.0009412282282328909
-1.26948528163003 0.0009590794757116946
-1.26631948292272 0.0009773274620348191
-1.26318502875707 0.0009957957784184396
-1.26005057459142 0.001014673418526161
-1.25691612042577 0.001033971273010114
-1.25534889334295 0.001043781040723824
-1.25378166626012 0.001053700044480725
-1.25067824629413 0.001073669176308667
-1.24757482632814 0.00109408336650525
-1.24447140636215 0.001114954235673829
-1.24136798639616 0.001136293633394475
-1.23522260032489 0.001179982121457465
-1.22907721425363 0.001225657809739562
-1.22299267358901 0.001272945650240136
-1.21690813292438 0.001322397535897848
-1.20485953754889 0.001427182159397695
-1.19293023519692 0.001540746188530042
-1.18111904474943 0.001663912600956895
-1.16942479678161 0.001797590581061868
-1.15784633344714 0.001942795905425417
-1.14638250836351 0.002100665117502326
-1.13503218649852 0.00227247453725078
-1.12379424405794 0.002459663501494559
-1.1126675683742 0.002663861859245677
-1.10165105779624 0.00288692438615661
-1.09074362158043 0.0031309727622308
-1.07994417978261 0.003398448174843002
-1.0692516631511 0.003692176919813858
-1.05866501302089 0.004015454264967623
-1.0481831812088 0.004372151565377503
-1.0378051299097 0.004766855999726186
-1.02752983159376 0.005205052840867126
-1.01735626890472 0.005693370944099363
-1.00728343455913 0.00623991467554124
-0.997310331246659 0.006854720930565573
-0.987435971531345 0.007550405403495131
-0.977659377753807 0.008343090936737501
-0.967979581934463 0.009253783212005538
-0.958395625677686 0.01031046183823499
-0.948906560076917 0.01155137496871286
-0.93951144562071 0.01303045217050009
-0.930209352099712 0.01482653847289307
-0.92560435530714 0.01587604797329977
-0.920999358514567 0.01706028508525568
-0.916439955749644 0.01839428867460446
-0.91188055298472 0.01992665071833906
-0.907366292821429 0.02168893799803618
-0.902852032658138 0.02376286092052095
-0.898382468140029 0.02621654586519775
-0.893912903621919 0.02920139281426548
-0.891700247919885 0.03093216377097551
-0.88948759221785 0.03287024833623162
-0.887274936515815 0.03505319543868361
-0.885062280813781 0.03752605704409369
-0.882871532593945 0.04031217717712331
-0.880680784374109 0.04349318380829855
-0.878490036154273 0.04713168992395909
-0.876299287934437 0.05128711485809462
-0.874130230291035 0.05595346587085891
-0.871961172647633 0.06117991862117397
-0.867623057360828 0.07311850460792331
-0.863327893710527 0.08616773279347216
-0.859032730060226 0.09946687464065579
-0.8547800927827 0.1122506140228946
-0.8505274555051739 0.1243906984252441
-0.842106391589282 0.1463963585509382
-0.833768704543843 0.1658305984768123
-0.82551356885529 0.1832116749165713
-0.817340167183456 0.1989529515187439
-0.809247690280649 0.2133590625157936
-0.801235336911534 0.2266553539238144
-0.793302313773796 0.2390118515676387
-0.7854478354195999 0.2505597995320002
-0.777671124177822 0.2614026793566932
-0.7699714100770511 0.2716236807940519
-0.762347930769357 0.2812907916841167
-0.7547999314548089 0.2904605965682344
-0.747326664806742 0.2991804356710038
-0.739927390897764 0.3074907227563994
-0.732601377126499 0.3154261723310576
-0.725347898145049 0.323016874627957
-0.718166235787177 0.3302891429826388
-0.711055678997205 0.3372661655079229
-0.704015523759609 0.3439684467163498
-0.697045073029316 0.3504143235167433
-0.690143636662689 0.3566202399168212
-0.6833105313491969 0.3626009704062466
-0.6765450805437589 0.368369890095583
-0.669846614399762 0.3739392224419156
-0.663214469702734 0.3793200241292342
-0.656647989804688 0.3845224399016834
-0.650146524559097 0.3895558084904337
-0.643709430256531 0.3944287196636631
-0.637336069560922 0.3991490913512811
-0.631025811446457 0.4037242619002784
-0.624778031135106 0.408161040527897
-0.618592110034759 0.4124657530839503
-0.612467435677979 0.4166442980161114
-0.606403401661365 0.4207021760250763
-0.60039940758551 0.4246445361809558
-0.5944548589955549 0.4284761970575951
-0.588569167322331 0.4322016818763718
-0.582741749824091 0.4358252372707839
-0.576972029528803 0.4393508608440409
-0.571259435177032 0.4427823167322345
-0.565603401165378 0.4461231600636936
-0.560003367490474 0.4493767430393814
-0.554458779693538 0.4525462309277548
-0.548969088805484 0.4556346273921003
-0.543533751292558 0.4586447734384183
-0.538152229002533 0.4615793645426883
-0.532823989111418 0.4644409557860414
-0.527548504070711 0.4672319896610816
-0.52232525155516 0.4699547477295827
-0.517153714411049 0.4726114442185371
-0.512033380604999 0.4752041746844631
-0.506963743173267 0.4777349272743851
-0.501944300171551 0.4802056039384038
-0.496974554625298 0.4826180189990581
-0.492054014480493 0.4849739041857032
-0.487182192554944 0.4872749221043148
-0.482358606490043 0.4895226495256559
-0.477582778703013 0.4917185975989496
-0.472854236339617 0.4938642294224153
-0.468172511227344 0.4959609340108285
-0.463537139829053 0.4980100480277534
-0.458947663197082 0.5000128497275784
-0.454403626927804 0.5019705714985587
-0.449904581116638 0.5038844033770162
-0.445450080313503 0.5057554790110282
-0.441039683478716 0.5075848976094354
-0.436672953939322 0.5093737178319871
-0.432349459345864 0.5111229608312616
-0.428068771629568 0.5128336112411438
-0.423830466959968 0.5145066223466144
-0.419634125702939 0.5161429149121404
-0.415479332379147 0.5177433789462901
-0.411365675622918 0.5193088817208713
-0.407292748141503 0.5208402573052998
-0.403260146674756 0.5223383221986221
-0.399267471955204 0.5238038587124016
-0.395314328668518 0.5252376397869811
-0.391400325414375 0.5266404090553261
-0.387525074667698 0.5280128938008914
-0.383688192740295 0.5293557975319575
-0.379889299742866 0.5306698116293773
-0.376128019547392 0.5319556049713778
-0.372403979749893 0.5332138343069892
-0.368716811633558 0.5344451372828176
-0.365066150132235 0.5356501376095453
-0.361451633794292 0.5368294401017351
-0.357872904746824 0.5379836433312366
-0.354329608660222 0.5391133260732814
-0.350821394713091 0.5402190544420556
-0.347347915557516 0.5413013843599095
-0.343908827284669 0.5423608535391513
-0.340503789390762 0.5433979917827328
-0.337132464743328 0.5444133140485435
-0.33379451954785 0.5454073252961362
-0.330489623314703 0.5463805158352321
-0.327217448826438 0.5473333663362957
-0.323977672105385 0.5482663449684386
-0.320769972381569 0.5491799093665152
-0.317594032060959 0.5500745012119849
-0.314449536694019 0.5509505610441188
-0.311336174944573 0.5518085075058751
-0.308253638558984 0.5526487526575798
-0.305201622335627 0.553471699086198
-0.30217982409468 0.5542777322950689
-0.299187944648198 0.555067237623359
-0.296225687770494 0.5558405823436114
-0.293292760168805 0.5565981253843006
-0.290388871454263 0.5573402147221113
-0.287513734113132 0.5580671898075357
-0.284667063478348 0.5587793788587729
-0.281848577701335 0.5594771029938828
-0.279057997724094 0.5601606694685952
-0.276295047251578 0.560830381525004
-0.273559452724335 0.5614865315740454
-0.27085094329142 0.5621293999960041
-0.268169250783585 0.5627592667466229
-0.265514109686717 0.5633763962024567
-0.262885257115562 0.5639810487895824
-0.260282432787685 0.5645734764221805
-0.257705378997708 0.5651539260121605
-0.25515384059179 0.5657226334393683
-0.252627564942366 0.566279833572491
-0.250126301923135 0.566825749610943
-0.247649803884292 0.5673606034915216
-0.245197825628012 0.5678846091855535
-0.24277012438417 0.5683979756583484
-0.240366459786307 0.5689009092553129
-0.237986593847829 0.5693936098248108
-0.235630290938444 0.5698762728411331
-0.233297317760836 0.5703490893012058
-0.23098744332756 0.5708122495011207
-0.228700438938179 0.5712659372731665
-0.226436078156613 0.5717103352192923
-0.224194136788725 0.5721456211703492
-0.221974392860124 0.5725719726385798
-0.219776626594182 0.5729895639658665
-0.217600620390279 0.5733985642875286
-0.215446158802257 0.5737991517418073
-0.213313028517086 0.5741914899711014
-0.211201018333748 0.574575751641306
-0.209109919142325 0.5749521094306541
-0.207039523903292 0.5753207435775318
-0.204989627627022 0.5756818612774515
-0.202960027353487 0.5760355236971152
-0.200950522132166 0.5763835753037349
-0.198960913002144 0.5767197962703757
-0.19699100297242 0.5770497137027457
-0.195040597002396 0.5773740038241831
-0.19310950198257 0.5776916845840872
-0.191197526715416 0.5780028723827332
-0.189304481896452 0.5783076665953435
-0.187430180095497 0.5786061879992156
-0.185574435738115 0.5788985600406543
-0.183737065087243 0.5791849121782414
-0.181917886224993 0.579465371437079
-0.180116719034647 0.579740062952644
-0.178333385182818 0.580009112071508
-0.1765677081018 0.5802726413237129
-0.17481951297208 0.5805307697904368
-0.173088626705029 0.5807836165626746
-0.171374877925772 0.5810312912699196
-0.169678096956209 0.5812739125676218
-0.167998115798227 0.581511584861956
-0.166334768117057 0.5817444163413961
-0.164687889224809 0.5819725089191073
-0.163057316064167 0.5821959622548696
-0.161442887192244 0.5824148728656013
-0.159844442764598 0.5826293353655497
-0.158261824519404 0.5828394354168523
-0.156694875761787 0.5830452638114054
-0.155143441348303 0.5832469014550122
-0.153607367671588 0.5834444295752172
-0.152086502645136 0.5836379241285018
-0.150580695688254 0.5838274582918805
-0.149089797711142 0.5840131032980632
-0.147613661100141 0.5841949248526865
-0.14615213970311 0.58437298730785
-0.14470508881496 0.5845473518128945
-0.143272365163327 0.5847180814224544
-0.141853826894383 0.5848852129713554
-0.140449333558795 0.5850488195329131
-0.139058746097817 0.5852089393604917
-0.137681926829522 0.5853656221860255
-0.13631873943517 0.5855189124132432
-0.134969048945713 0.5856688493481188
-0.133632721728429 0.5858154778879413
-0.132309625473692 0.5859588293956026
-0.130999629181873 0.5860989453254601
-0.129702603150369 0.5862358567210481
-0.128418418960762 0.5863695963359742
-0.127146949466101 0.5865001945550472
-0.125888068778317 0.5866276806862057
-0.12464165225576 0.5867520819458452
-0.123407576490851 0.5868734258482738
-0.122185719297873 0.586991738606927
-0.120975959700864 0.5871070446097589
-0.119778177921647 0.5872193658295197
-0.118592255367968 0.5873287262826603
-0.11741807462175 0.5874351501138874
-0.116255519427476 0.5875386578952442
-0.115104474680669 0.5876392680107843
-0.113964826416504 0.5877370063425762
-0.112836461798519 0.5878318925754542
-0.111719269107444 0.5879239454391949
-0.110613137730143 0.588013184738937
-0.109517958148656 0.5880996305412537
-0.108433621929363 0.5881833002010117
-0.10736002171224 0.5882642185902738
-0.106297051200238 0.5883423917378771
-0.10524460514875 0.5884178479816361
-0.104202579355198 0.5884906014416893
-0.103170870648711 0.5885606710411461
-0.102149376879912 0.5886280698010374
-0.101137996910804 0.5886928165285163
-0.100136630604756 0.5887549227533088
-0.0991451788165905 0.5888144037343492
-0.0981635433827629 0.588871271998758
-0.0971916271116464 0.5889255415429696
-0.0962293337739073 0.5889772170034815
-0.0952765680929776 0.5890263139413405
-0.0943332357356213 0.5890728399198593
-0.0933992433025954 0.5891167924845776
-0.0924744983194014 0.5891581867777755
-0.0915589092271301 0.5891970174056652
-0.09065238537339609 0.5892332902553149
-0.08975483700336249 0.5892670017870726
-0.0888661752508539 0.5892981464235014
-0.0879863121295584 0.5893267224620454
-0.0871151605243152 0.5893527204178652
-0.0862526341824903 0.5893761265639698
-0.085398647705436 0.5893969286990405
-0.0845531165400356 0.5894151137730891
-0.08371595697033229 0.589430661096531
-0.08288708610923989 0.5894435500160102
-0.0820664218903365 0.5894537524393175
-0.0812538830597391 0.5894612482819039
-0.08044938916805849 0.5894660022322881
-0.0796528605624342 0.5894679832835261
-0.0788642183786477 0.5894671561911037
-0.07808338453331461 0.5894634830891711
-0.07731028171615301 0.5894569216017217
-0.0765448333823297 0.5894474280888398
-0.07578696374488091 0.5894349557988319
-0.07503659776720881 0.5894194560191834
-0.07429366115565229 0.5894008763344594
-0.073558080352131 0.5893791625379393
-0.0728297825268624 0.5893542609155911
-0.0721086955711509 0.5893261095480236
-0.0713947480902484 0.5892946438655537
-0.0706878693962855 0.5892598080335176
-0.0699879895012728 0.5892215361239175
-0.0692950391101711 0.5891797576140739
-0.0686089496140308 0.5891344087064803
-0.0679296530831988 0.5890854195104571
-0.06725708226059279 0.5890327209259588
-0.06659117055504241 0.588976242482333
-0.0659318520346955 0.5889159062965115
-0.0652790614204906 0.5888516465532027
-0.0646327340796936 0.5887833913047266
-0.0639928060194986 0.588711066604286
-0.0633592138806917 0.588634600171739
-0.0627318949313779 0.5885539190453809
-0.0621107870607702 0.588468952756222
-0.0614958287730398 0.5883796313661084
-0.0608869591812276 0.5882858836498368
-0.0602841180012154 0.5881876425203023
-0.0596872455457578 0.588084841880404
-0.0590962827185721 0.5879774109844027
-0.0585111710084872 0.5878652840346716
-0.0579318524836507 0.5877484018983118
-0.0573582697857928 0.5876267035227816
-0.0567903661245473 0.5875001296913095
-0.056228085271829 0.5873686217722088
-0.0556713715562664 0.5872321238377658
-0.0551201698576895 0.5870905839681877
-0.0545744256016727 0.5869439492294507
-0.0540340847541314 0.586792171271651
-0.0534990938159717 0.5866351984401245
-0.0529693998177938 0.5864729857999332
-0.0524449503146473 0.5863055027601921
-0.0519256933808389 0.586132688368101
-0.051411577604791 0.5859545106997425
-0.0509025520839515 0.5857709334325598
-0.0503985664197539 0.5855819147596304
-0.0498995707126277 0.5853874255402365
-0.0494055155570571 0.5851874236574387
-0.0489163520366902 0.584981863697128
-0.0484320317194952 0.5847707585403681
-0.0479525066529656 0.5845540349018932
-0.0474777293593719 0.5843316693528106
-0.0470076528310613 0.5841036280212872
-0.0465422305258032 0.583869895963824
-0.0460814163621814 0.5836304267723447
-0.0456251647150311 0.5833851874438645
-0.0451734304109219 0.5831341557701603
-0.044726168723685 0.5828772966960766
-0.0442833353699852 0.5826145853640834
-0.0438448865049358 0.5823459662328911
-0.0434107787177582 0.5820714294425265
-0.0429809690274834 0.5817909146539008
-0.0425554148786964 0.5815044033926362
-0.0421340741373232 0.5812118509857988
-0.0417169050864586 0.5809132201160587
-0.0413038664222363 0.5806084681689243
-0.0408949172497389 0.5802975531803093
-0.0404900170789494 0.5799804374893187
-0.0400891258207419 0.5796570706035556
-0.0396922037829128 0.5793274105866932
-0.0392992116662503 0.5789914177402452
-0.0389101105606439 0.5786490376409671
-0.0385248619412316 0.5783002340192872
-0.0381434276645857 0.5779449424109833
-0.0377657699649363 0.577583134724897
-0.037391851450432 0.5772147468923983
-0.0370216350994376 0.5768397471830187
-0.036655084256869 0.5764580846713102
-0.0362921626305633 0.576069708343849
-0.0359328342876865 0.5756745878144242
-0.0355770636511747 0.5752726721686767
-0.0352248154962126 0.5748639221528236
-0.0348760549467451 0.574448302826905
-0.0345307474720249 0.5740257756233675
-0.0341888588831929 0.5735963066808842
-0.033850355329894 0.573159866678296
-0.0335152032969248 0.5727164281891761
-0.0331833696009156 0.5722659725893396
-0.0328548213870451 0.571808469545746
-0.0325295261257873 0.5713439074767539
-0.0322074516096904 0.5708722716586218
-0.0318885659501885 0.570393553516829
-0.031572837574444 0.5699077437510405
-0.0312602352222218 0.5694148555186387
-0.0309507279427939 0.5689148724425425
-0.0306442850918751 0.5684078177943642
-0.0303408763285892 0.5678936980152102
-0.0300404716124646 0.5673725238528181
-0.02974304120046 0.5668443116818179
-0.0294485556440198 0.5663091002472651
-0.0291569857861582 0.5657668961173212
-0.0288683027585725 0.5652177400530477
-0.0285824779787846 0.5646616487441793
-0.0282994831473115 0.5640986882940651
-0.0280192902448629 0.563528865628295
-0.0277418715295672 0.5629522261052957
-0.027467199534225 0.5623688094222348
-0.0271952470635891 0.5617786836161001
-0.0269259871916724 0.5611818677083058
-0.0266593932590815 0.560578412727872
-0.0263954388703778 0.5599683625066523
-0.0261340978914631 0.5593517727263705
-0.0258753444469932 0.558728687626982
-0.025619152917815 0.558099165287549
-0.0253654979384307 0.5574631976805324
-0.0251143543944859 0.5568208893302212
-0.024865697420283 0.556172295424231
-0.0246195023963198 0.5555173979412524
-0.0243757449468513 0.5548562661435432
-0.0241344009374766 0.5541889382332299
-0.0238954464727491 0.5535154526981132
-0.023658857893811 0.5528358663115038
-0.0234246117760505 0.5521501851958273
-0.0231926849267826 0.5514584507822492
-0.0229630543829531 0.5507606913871318
-0.0227356974088645 0.5500569391284718
-0.0225105914939252 0.5493472247235869
-0.022287714350421 0.5486315651616644
-0.0220670439113079 0.5479099972111338
-0.0218485583280276 0.5471825299414935
-0.0216322359683442 0.5464491933188795
-0.0214180554142022 0.5457099919315999
-0.0212059954596061 0.5449649652302608
-0.0209960351085209 0.5442141254747509
-0.020788153572793 0.5434574823466399
-0.0205823302700921 0.5426950477424386
-0.0203785448218733 0.5419268601222041
-0.0201767770513597 0.5411529241334992
-0.0199770069815443 0.5403732633594041
-0.0197792148332122 0.5395878980312394
-0.0195833810229823 0.5387968351545998
-0.0193894861613687 0.5380001212551391
-0.0191975110508601 0.5371977640902103
-0.0190074366840199 0.5363898013578013
-0.0188192442416038 0.5355762422735022
-0.0186329150906968 0.5347571200554645
-0.0184484307828682 0.5339324742405397
-0.0182657730523447 0.5331023409735886
-0.0180849238142027 0.5322667279428067
-0.0179058651625769 0.5314257110306677
-0.017728579368888 0.5305793649993301
-0.0175530488800872 0.529727621057587
-0.017379256316918 0.5288706158176265
-0.017207184472196 0.5280083828035309
-0.017036816309105 0.527140950570028
-0.0168681349595099 0.5262684080822626
-0.016701123722287 0.5253908179322703
-0.0165357660616703 0.5245081780603413
-0.0163720456056142 0.5236206302052289
-0.0162099461441724 0.5227281926789861
-0.0160494516278935 0.5218309543660441
-0.0158905461662312 0.5209289685562754
-0.0157332140259715 0.5200223214146752
-0.0155774396296747 0.5191110910040793
-0.0154232075541334 0.5181953361302124
-0.0152705025288449 0.5172751371963761
-0.0151193094344999 0.5163505830887122
-0.0149696133014851 0.5154217301924228
-0.0148213993084011 0.5144887240837338
-0.0146746527805951 0.5135515733602717
-0.014529359188708 0.5126104183644172
-0.0143855041472357 0.5116652978548412
-0.0142430734131046 0.5107163084482751
-0.014102052884262 0.5097635665167712
-0.0139624285982792 0.5088071043132645
-0.0138241867309695 0.5078470514720764
-0.0136873135950193 0.5068835028757063
-0.013551795638633 0.505916510261881
-0.0134176194441911 0.5049462081710163
-0.0132847717269219 0.5039726173619414
-0.013153239333586 0.5029958828090731
-0.0130230092411743 0.50201607712883
-0.0128940685556181 0.5010332908423568
-0.012766404510513 0.5000475939544839
-0.0126400044658544 0.4990591192665957
-0.0125148559067866 0.4980679223574744
-0.0123909464423629 0.4970741082740805
-0.0122682638043197 0.4960777658466799
-0.0121467958458611 0.4950789854869557
-0.0120265305404566 0.4940778451377927
-0.0119074559806501 0.4930744565048026
-0.0117895603768812 0.4920688967988811
-0.0116728320563181 0.491061280199857
-0.0115572594617011 0.4900516780491359
-0.0114428311501991 0.4890401887362242
-0.0113295357922763 0.4880268973880524
-0.0112173621705706 0.4870119363782495
-0.0111062991787828 0.4859953587839682
-0.010996335820577 0.4849772753979492
-0.0108874612084921 0.4839577829752607
-0.0107796645628634 0.4829369740631895
-0.0106729352107559 0.4819149468938274
-0.0105672625849068 0.4808918021516781
-0.01046263622268 0.4798676233742534
-0.0103590457650297 0.4788425178707616
-0.010256480955475 0.4778165831773096
-0.0101549316390841 0.4767899158361334
-0.0100543877614694 0.4757626152983001
-0.00995483936779152 0.4747347827888815
-0.009856276601773781 0.4737064841112245
-0.009758689704726511 0.4726778504974053
-0.00966206901458071 0.4716489694589363
-0.009566404964931391 0.4706199397172561
-0.00947168808409049 0.4695908498294791
-0.009377908994149 0.4685617955192113
-0.00928505841004851 0.4675328756090805
-0.00919312713866189 0.4665041678238654
-0.00910210607788306 0.4654757969415106
-0.0090119862157258 0.4644478176019373
-0.008922758629431491 0.4634203563163719
-0.008834414484585631 0.462393467528281
-0.008746945034243199 0.4613672714049092
-0.008660341618062581 0.4603418397845342
-0.0085745956614481 0.4593172564777936
-0.00848969867470108 0.4582936150390753
-0.008405642252179289 0.4572709910425394
-0.00832241807146464 0.4562494620416863
-0.00824001789253925 0.4552291243608607
-0.00815843355696956 0.4542100439381238
-0.00807765698709857 0.4531922999761487
-0.00799768018524611 0.4521759652236664
-0.00791849523291694 0.4511611352765185
-0.00784009429001677 0.4501478601944813
-0.00776246959407601 0.449136204259133
-0.0076856134594812 0.4481262662354935
-0.00760951827671406 0.447118092837468
-0.00753417651159808 0.4461117516850016
-0.00745958070455255 0.4451073036376854
-0.00738572346985401 0.4441048071023961
-0.00731259749490496 0.4431043536335307
-0.00724019553950986 0.4421059859592439
-0.00716851043515828 0.4411097419138699
-0.00709753508431513 0.4401157047580246
-0.00702726245971795 0.4391239256230367
-0.00695768560368114 0.4381344514944021
-0.00688879762740707 0.4371473164017767
-0.00682059171030403 0.4361625858756407
-0.00675306109931092 0.4351803587886989
-0.00668619910822863 0.4342005882368812
-0.00661999911705805 0.4332233902301544
-0.0065544545713446 0.4322487981198754
-0.00648955898152931 0.4312768462385435
-0.00642530592230625 0.4303075808751955
-0.00636168903198638 0.4293410600746499
-0.00629870201186771 0.428377304313763
-0.00623633862561159 0.4274163323469676
-0.00617459269862534 0.4264582279521393
-0.00611345811745083 0.4255030200647454
-0.00605292882915924 0.4245507420982623
-0.00599299884075172 0.4236014070797402
-0.00593366221856606 0.4226551045201709
-0.00587491308768917 0.4217118905984431
-0.00581674563137541 0.4207716553809556
-0.0057591540904707 0.4198345417169818
-0.00570213276284228 0.4189005518410888
-0.00564567600281414 0.417969752771628
-0.00558977822060806 0.4170421194771792
-0.00553443388179016 0.4161176997442645
-0.00547963750672293 0.4151966293882824
-0.0054253836700227 0.4142787851928385
-0.00537166700002248 0.4133642711363609
-0.00531848217824008 0.4124531031784119
-0.00526582393885156 0.4115453164477869
-0.00521368706816986 0.4106409325296544
-0.00516206640412858 0.4097399403852133
-0.00511095683577087 0.4088424355767319
-0.00506035330274343 0.4079483990044609
-0.00501025079479548 0.4070579175347412
-0.00496064435128265 0.4061709180192121
-0.00491152906067589 0.4052874666192622
-0.00486290006007514 0.4044076590272598
-0.00481475253472786 0.40353140329614
-0.00476708171755234 0.4026588095239139
-0.00471988288866568 0.4017898338841793
-0.00467315137491651 0.4009245449916293
-0.00462688254942229 0.4000629345544493
-0.00458107183111118 0.3992050577420632
-0.00453571468426849 0.3983509075680062
-0.00449080661808762 0.3975005250936306
-0.00444634318622536 0.3966538979309307
-0.00440231998636175 0.3958110734658755
-0.00435873265976411 0.3949720827804947
-0.00431557689085555 0.3941368890781282
-0.00427284840678767 0.3933055658265383
-0.0042305429770175 0.3924781089774341
-0.00418865641288861 0.3916545401231067
-0.00414718456721645 0.3908348711283615
-0.00410612333387767 0.3900191226488153
-0.00406546864740364 0.3892073271656287
-0.00402521648257786 0.3883994458364843
-0.00398536285403748 0.3875955496258627
-0.0039459038158787 0.386795631802778
-0.00390683546126603 0.3859997095533587
-0.00386815392204558 0.3852077974713518
-0.00382985536836196 0.384419898730086
-0.00379193600827917 0.3836360378611678
-0.00375439208740512 0.3828562195133823
-0.00371721988851992 0.3820804643451936
-0.00368041573120784 0.381308777984423
-0.00364397597149291 0.3805411722992887
-0.00360789700147813 0.3797776574693447
-0.00357217524898825 0.3790182471514678
-0.00353680717721609 0.3782629393503709
-0.00350178928437236 0.3775117578167834
-0.00346711810333897 0.3767647055209267
-0.00343279020132572 0.3760218035327787
-0.00339880217953041 0.3752830341821271
-0.00336515067280239 0.3745484156095401
-0.00333183234930929 0.3738179405225515
-0.00329884391020722 0.373091646474971
-0.00326618208931408 0.3723695245353149
-0.00323384365278622 0.3716515821163333
-0.00320182539879824 0.3709378173565185
-0.00317012415722598 0.3702282636391431
-0.00313873678933265 0.3695228679821345
-0.00310766018745807 0.3688216812454354
-0.00307689127471096 0.3681246959246606
-0.00304642700466432 0.3674319100594599
-0.00301626436105378 0.366743339207954
-0.00298640035747899 0.3660589468926898
-0.00295683203710791 0.3653787753872288
-0.00292755647238407 0.3647028298836358
-0.0028985707647367 0.3640310851027709
-0.00286987204429376 0.3633635435326795
-0.00284145746959779 0.3627002122313435
-0.00281332422732454 0.3620410906715859
-0.0027854695320045 0.3613861763996989
-0.00275789062574703 0.3607354708766519
-0.00273058477796735 0.3600889724973332
-0.00270354928511619 0.3594466752433688
-0.00267678147041207 0.3588085773229429
-0.00265027868357631 0.3581746765269162
-0.0026240383005706 0.3575449683995677
-0.00259805772333723 0.3569194506172546
-0.00257233437954181 0.3562981167578895
-0.00254686572231862 0.355680961379759
-0.00252164923001844 0.3550679815695413
-0.00249668240595885 0.3544591735093934
-0.00247196277817708 0.3538545231343325
-0.00244748789918523 0.3532540344046162
-0.00242325534572795 0.3526576946422376
-0.00239926271854252 0.3520655141861141
-0.00237550764212131 0.3514774383899287
-0.00235198776447654 0.3508935103825879
-0.00232870075690747 0.3503136908194604
-0.00230564431376977 0.3497379926489281
-0.0022828161522473 0.3491663902472893
-0.00226021401212604 0.3485988817712599
-0.00223783565557034 0.3480354577160493
-0.00221567886690132 0.3474761046614029
-0.00219374145237755 0.3469208138795895
-0.00217202123997777 0.3463695746302911
-0.00215051607918591 0.3458223758437065
-0.00212922384077813 0.3452792061291007
-0.00210814241661201 0.3447400537888684
-0.00208726971941783 0.3442049068492444
-0.00206660368259191 0.3436737531590418
-0.00204614225999199 0.3431465854828219
-0.00202588342573464 0.3426233929101961
-0.0020058251739947 0.3421041089941315
-0.00198596551880663 0.3415888007134517
-0.00196630249386795 0.3410774135069471
-0.00194683415234451 0.3405699384531545
-0.00192755856667773 0.3400663628032706
-0.00190847382839379 0.3395666715735646
-0.00188957804791465 0.3390708478278393
-0.00187086935437094 0.3385788792061052
-0.00185234589541677 0.3380907462606155
-0.0018340058370463 0.337606433461683
-0.00181584736341218 0.3371259289237927
-0.00179786867664573 0.3366492144034522
-0.00178006799667894 0.3361762735342705
-0.00176244356106825 0.335707089726576
-0.00174499362482005 0.3352416479029276
-0.00172771646021787 0.3347799275957777
-0.00171061035665136 0.3343219133155155
-0.00169367362044689 0.3338675876508045
-0.00167690457469989 0.3334169330009298
-0.00166030155910881 0.3329699315819892
-0.0016438629298107 0.3325265654330234
-0.00162758705921851 0.3320868164221324
-0.00161147233585991 0.3316506662525308
-0.00159551716421774 0.3312180964686043
-0.00157971996457202 0.3307890884619182
-0.00156407917284358 0.3303636234772437
-0.00154859324043919 0.3299416826185821
-0.00153326063409821 0.3295232468552921
-0.0015180798357408 0.3291082970285228
-0.00150304934231762 0.3286968138585918
-0.00148816766566101 0.3282887779561127
-0.00147343333233764 0.3278841681018176
-0.00145884488350261 0.3274829679096454
-0.00144440087475506 0.3270851578088058
-0.00143009987599511 0.3266907141079443
-0.00141594047128228 0.3262996197380015
-0.00140192125869533 0.3259118539439502
-0.0013880408501934 0.3255273967129961
-0.00137429787147861 0.3251462279141977
-0.00136069096186001 0.3247683273372362
-0.00134721877411882 0.3243936747063647
-0.00133387997437507 0.3240222496836769
-0.00132067324195552 0.323654031876828
-0.00130759726926289 0.3232890008428837
-0.00129465076164642 0.3229271360914056
-0.00128183243727369 0.3225684170747951
-0.00126914102700365 0.322212823056208
-0.00125657527426104 0.3218603348971296
-0.00124413393491192 0.3215109293949189
-0.00123181577714052 0.3211645875718275
-0.00121961958132724 0.3208212885025561
-0.00120754413992796 0.3204810114939557
-0.00119558825735442 0.3201437358639386
-0.00118375074985586 0.3198094409303923
-0.00117203044540184 0.3194781060121387
-0.00116042618356618 0.3191497104320747
-0.00114893681541206 0.318824233520666
-0.00113756120337828 0.3185016546195816
-0.00112629822116661 0.3181819530847162
-0.00111514675363031 0.3178651082922114
-0.00110410569666367 0.3175510996382635
-0.00109317395709274 0.3172399065450539
-0.00108235045256707 0.3169315084635102
-0.00107163411145255 0.3166258848767031
-0.00106102387272529 0.3163230153032514
-0.00105051868586663 0.3160228793011138
-0.00104011751075904 0.315725456472603
-0.00102981931758321 0.3154307264756244
-0.00101962308671605 0.3151386690903806
-0.00100952780862975 0.3148492622508328
-0.00099953248379183 0.3145624880623159
-0.0009896361225661681 0.3142783285338831
-0.000979837745115018 0.3139967589028781
-0.000970136381301998 0.313717760980765
-0.000960531070596037 0.3134413148063684
-0.000951020861976275 0.3131674004747873
-0.000941604813837896 0.3128959981457157
-0.0009322819938989071 0.3126270880472061
-0.000923051479107828 0.3123606504783296
-0.000913912355552305 0.3120966658114214
-0.000904863718368619 0.3118351144941757
-0.000895904671652098 0.3115759770515986
-0.000887034328368414 0.3113192340878803
-0.000878251810265756 0.3110648662881858
-0.000869556247787878 0.3108128544203794
-0.000860946779987997 0.3105631793366788
-0.0008524225544435619 0.310315821975211
-0.000843982727171843 0.3100707633616727
-0.00083562646254638 0.3098279846106027
-0.000827352933214237 0.3095874669269009
-0.000819161320014096 0.3093491916071744
-0.000811050811895145 0.309113140040986
-0.000803020605836777 0.3088792937121291
-0.000795069906769086 0.308647634199774
-0.000787197927494145 0.3084181431796036
-0.000779403888608064 0.3081908024248872
-0.000771687018423826 0.3079655938074985
-0.000764046552894877 0.3077424992988778
-0.000756481735539482 0.3075215009709562
-0.000748991817365824 0.3073025809970296
-0.000741576056797845 0.3070857216525897
-0.000734233719601827 0.3068709053160926
-0.00072696407881369 0.3066581144697224
-0.00071976641466702 0.3064473317000879
-0.000712640014521802 0.3062385396989096
-0.000705584172793863 0.3060317212637277
-0.000698598190885013 0.3058268592986097
-0.000691681377113875 0.3056239368151044
-0.0006848330466474 0.3054229369338088
-0.00067805252143307 0.3052238428881674
-0.000671339130131752 0.3050266380403622
-0.00066469220805124 0.304831306021485
-0.000658111097080435 0.3046378276892285
-0.0006515951456241939 0.3044461925305775
-0.000645143708538805 0.3042563798462221
-0.000638756147068124 0.3040683745300498
-0.000632431828780321 0.3038821607998543
-0.000626170127505268 0.303697722066782
-0.000619970423272543 0.3035150434192611
-0.000613832102250043 0.303334108790012
-0.00060775455668321 0.3031549026296644
-0.000601737184834862 0.3029774094794455
-0.000595779390925606 0.3028016139878328
-0.000589880585074857 0.3026275009126668
-0.000584040183242433 0.3024550551215774
-0.000578257607170726 0.3022842615921131
-0.000572532284327451 0.3021151054117288
-0.000566863647848961 0.3019475717777134
-0.00056125113648412 0.3017816459970845
-0.000555694194538733 0.3016173134864494
-0.000550192271820528 0.3014545597718495
-0.000544744823584681 0.301293370488557
-0.000539351310479882 0.3011337313808882
-0.000534011198494933 0.3009756283019661
-0.000528723958905874 0.3008190472134659
-0.0005234890682236369 0.3006639741853714
-0.000518306008142215 0.3005103953956798
-0.000513174265487342 0.3003582971300955
-0.000508093332165685 0.3002076657817398
-0.00050306270511454 0.3000584878507961
-0.0004980818862520199 0.2999107499441794
-0.000493150382427742 0.2997644387751722
-0.000488267705374002 0.299619541163053
-0.000483433371657428 0.2994760440327063
-0.000478646902631117 0.2993339344142323
-0.000473907824387244 0.2991931994425229
-0.000469215667710143 0.2990538263568505
-0.000464569968029844 0.2989158025004274
-0.000459970265376083 0.2987791153199612
-0.000455416104332756 0.2986437523652039
-0.000450907033992828 0.2985097012884815
-0.000446442607913691 0.2983770016596474
-0.000442022384072961 0.2982455377101985
-0.000437645924824714 0.2981153492063325
-0.000433312796856152 0.2979864242058455
-0.000429022571144705 0.2978587508666532
-0.00042477482291555 0.297732317446266
-0.000420569131599554 0.297607112301282
-0.000416405080791638 0.2974831238868442
-0.000412282258209542 0.2973603407561093
-0.000408200255653012 0.2972387515597097
-0.000404158668963379 0.2971183450451997
-0.000400157097983543 0.2969991100565066
-0.00039619514651836 0.2968810355333774
-0.000392272422295405 0.2967641105107954
-0.000388388536926144 0.2966483241184532
-0.000384543105867469 0.2965336655801359
-0.000380735748383633 0.2964201242131785
-0.000376966087508547 0.2963076894278772
-0.000373233750008463 0.2961963507268934
-0.000369538366345013 0.2960860977047026
-0.000365879570638626 0.2959769200469654
-0.000362257000632303 0.2958688075299558
-0.000358670297655746 0.2957617500199871
-0.000355119106589847 0.2956557374727294
-0.000351603075831532 0.2955507599327176
-0.000348121857258943 0.2954468075326094
-0.000344675106196973 0.2953438704833783
-0.000341262481383142 0.2952419391103105
-0.000337883644933803 0.2951410037964608
-0.000334538262310697 0.2950410550150404
-0.000331226002287818 0.2949420832585736
-0.000327946536918632 0.2948440795847804
-0.000324699541503596 0.2947470341172453
-0.000321484694558016 0.2946509380003666
-0.000318301677780214 0.2945557820979098
-0.000315150176020014 0.2944615573873166
-0.000312029877247538 0.294368254930904
-0.000308940472522315 0.2942758658728098
-0.000305881655962688 0.2941843814378442
-0.000302853124715533 0.2940937929307905
-0.00029985457892627 0.2940040917356235
-0.000296885721709178 0.2939152693149655
-0.000293946259117998 0.2938273172094335
-0.00029103590011683 0.2937402270370654
-0.000288154356551317 0.2936539904927058
-0.000285301343120116 0.2935685993473888
-0.000282476577346649 0.2934840454477827
-0.000279679779551138 0.293400320715555
-0.000276910672822909 0.2933174171468133
-0.000274168982992979 0.2932353268114938
-0.00027145443860691 0.2931540418528017
-0.00026876677089793 0.2930735544865807
-0.000266105713760327 0.2929938570007794
-0.000263471003723096 0.2929149417548401
-0.000260862379923858 0.2928368011791272
-0.000258279584083027 0.2927594277743545
-0.000255722360478245 0.2926828141110072
-0.000253190455919054 0.2926069528287693
-0.000250683619721836 0.2925318366359598
-0.000248201603684986 0.2924574570962967
-0.000245744162064343 0.2923838106916612
-0.000243311051548854 0.2923108866948793
-0.000240902031236489 0.2922386792958236
-0.000238516862610385 0.2921671815375212
-0.000236155309515233 0.2920963865282795
-0.000233817138133894 0.2920262874411193
-0.000231502116964252 0.2919568775132427
-0.000229210016796289 0.2918881500454761
-0.000226940610689395 0.2918200984017396
-0.000224693673949896 0.2917527160084985
-0.000222468984108808 0.2916859963542369
-0.00022026632089981 0.2916199329889158
-0.000218085466237435 0.2915545195234533
-0.000215926204195481 0.2914897496291922
-0.000213788320985624 0.29142561703738
-0.000211671604936262 0.2913621155386422
-0.000209575846471546 0.2912992389824787
-0.00020750083809064 0.2912369812767356
-0.000205446374347168 0.2911753363871066
-0.000203412251828879 0.2911142983366184
-0.000201398269137504 0.291053861205128
-0.000199404226868816 0.2909940191288284
-0.000197429927592887 0.2909347662997412
-0.000195475175834542 0.2908760969652322
-0.000193539778054002 0.2908180054275149
-0.000191623542627725 0.2907604860431631
-0.00018972627982943 0.2907035332226333
-0.000187847801811317 0.2906471414297758
-0.000185987922585462 0.2905913051813606
-0.000184146458005408 0.2905360190466063
-0.000182323225747929 0.290481277646706
-0.000180518045294979 0.290427075654362
-0.000178730737915821 0.2903734077933173
-0.000176961126649328 0.2903202688379048
-0.000175209036286463 0.290267653612582
-0.000173474293352934 0.2902155569914726
-0.000171756726092014 0.2901639738979358
-0.000170056164447538 0.2901128993040926
-0.000168372440047068 0.2900623282304054
-0.000166705386185215 0.2900122557452216
-0.000165054837807144 0.2899626769643502
-0.000163420631492222 0.2899135870506145
-0.000161802605437843 0.2898649812134271
-0.000160200599443409 0.2898168547083668
-0.000158614454894465 0.2897692028367427
-0.000157044014746995 0.2897220209452032
-0.000155489123511876 0.2896753044252777
-0.000153949627239481 0.2896290487129887
-0.000152425373504437 0.2895832492884451
-0.000150916211390531 0.2895379016754101
-0.000149421991475774 0.2894930014409267
-0.000147942565817598 0.2894485441948855
-0.000146477787938216 0.2894045255896662
-0.000145027512810114 0.2893609413197108
-0.000143591596841697 0.2893177871211283
-0.000142169897863067 0.2892750587713495
-0.000140762275111947 0.2892327520887023
-0.00013936858921975 0.2891908629320111
-0.000137988702197772 0.2891493872003176
-0.000136622477423537 0.2891083208323866
-0.000135269779627264 0.2890676598063883
-0.000133930474878479 0.2890274001395258
-0.000132604430572752 0.2889875378877026
-0.000131291515418566 0.2889480691451067
-0.000129991599424323 0.28890899004386
-0.000128704553885468 0.2888702967537332
-0.000127430251371751 0.2888319854818163
-0.000126168565714605 0.2887940524723663
-0.000124919371994658 0.2887564940098768
-0.000123682546529364 0.288719306379547
-0.000122457966860757 0.288682485988284
-0.000121245511743324 0.2886460291898072
-0.000120045061132003 0.2886099324125856
-0.0001188564961703 0.2885741921150272
-0.000117679699178515 0.2885388047897286
-0.000116514553642094 0.2885037669633682
-0.000115360944200093 0.2884690751964208
-0.000114218756633756 0.2884347260828942
-0.000113087877855204 0.2884007162500239
-0.000111968195896241 0.288367042357949
-0.000110859599897269 0.2883337010993621
-0.000109761980096306 0.2883006891992675
-0.000108675227818124 0.2882680034146216
-0.00010759923546349 0.2882356405340516
-0.000106533896498505 0.2882035973775411
-0.000105479105444064 0.2881718707961489
-0.00010443475786541 0.2881404576716974
-0.000103400750361792 0.2881093549164773
-0.00010237698055623 0.2880785594729646
-0.000101363347085376 0.2880480683135249
-0.000100359749589481 0.2880178784401396
-9.93660887024564e-05 0.287987986884104
-9.838226604203611e-05 0.2879583907057534
-9.74081842000357e-05 0.2879290869941988
-9.64437467327086e-05 0.2879000728670188
-9.548885815119661e-05 0.2878713454700175
-9.45434239120759e-05 0.2878429019769438
-9.36073504079959e-05 0.2878147395892172
-9.26805449584118e-05 0.2877868555356618
-9.17629158004077e-05 0.2877592470722439
-9.08543720796116e-05 0.287731911481819
-8.995482384119961e-05 0.2877048460738624
-8.90641820209897e-05 0.2876780481842157
-8.81823584366235e-05 0.2876515151748326
-8.730926577883521e-05 0.2876252444335307
-8.64448176028071e-05 0.2875992333737355
-8.5588928319611e-05 0.287573479434242
-8.474151318773359e-05 0.2875479800789586
-8.39024883046868e-05 0.2875227327966681
-8.307177059869981e-05 0.2874977351007969
-8.22492778204948e-05 0.2874729845291641
-8.143492853514339e-05 0.2874484786437529
-8.062864211400339e-05 0.2874242150304719
-7.9830338726736e-05 0.2874001912989281
-7.9039939333402e-05 0.2873764050821937
-7.82573656766356e-05 0.2873528540365825
-7.74825402738966e-05 0.2873295358414185
-7.671538640979859e-05 0.2873064481988233
-7.59558281285135e-05 0.2872835888334803
-7.5203790226251e-05 0.2872609554924309
-7.44591982438129e-05 0.2872385459448496
-7.37219784592207e-05 0.2872163579818256
-7.299205788041651e-05 0.2871943894161604
-7.22693642380361e-05 0.2871726380821457
-7.155382597825361e-05 0.2871511018353655
-7.084537225569659e-05 0.2871297785524795
-7.01439329264323e-05 0.2871086661310234
-6.944943854102211e-05 0.2870877624892065
-6.876182033764561e-05 0.2870670655657059
-6.80810102352927e-05 0.2870465733194737
-6.74069408270225e-05 0.2870262837295323
-6.673954537328961e-05 0.2870061947947865
-6.607875779533621e-05 0.2869863045338233
-6.54245126686497e-05 0.2869666109847258
-6.477674521648491e-05 0.2869471122048787
-6.41353913034504e-05 0.2869278062707816
-6.350038742915879e-05 0.2869086912778659
-6.28716707219394e-05 0.286889765340304
-6.22491789326132e-05 0.2868710265908322
-6.16328504283299e-05 0.2868524731805653
-6.10226241864653e-05 0.2868341032788211
-6.04184397885795e-05 0.2868159150729411
-5.98202374144351e-05 0.2867979067681115
-5.92279578360744e-05 0.2867800765871928
-5.86415424119548e-05 0.2867624227705481
-5.80609330811434e-05 0.2867449435758676
-5.74860723575677e-05 0.2867276372780032
-5.69169033243245e-05 0.2867105021688001
-5.6353369628044e-05 0.2866935365569255
-5.57954154733109e-05 0.2866767387677143
-5.52429856171395e-05 0.2866601071429971
-5.46960253635045e-05 0.2866436400409433
-5.41544805579252e-05 0.2866273358358977
-5.36182975821042e-05 0.2866111929182288
-5.3087423348618e-05 0.2865952096941642
-5.25618052956614e-05 0.2865793845856398
-5.2041391381843e-05 0.2865637160301467
-5.15261300810327e-05 0.2865482024805752
-5.10159703772601e-05 0.2865328424050675
-5.05108617596634e-05 0.2865176342868662
-5.00107542174885e-05 0.2865025766241656
-4.95155982351372e-05 0.2864876679299739
-4.90253447872645e-05 0.2864729067319495
-4.85399453339253e-05 0.2864582915722776
-4.80593518157676e-05 0.2864438210075152
-4.75835166492748e-05 0.2864294936084544
-4.71123927220543e-05 0.2864153079599834
-4.66459333881726e-05 0.2864012626609467
-4.61840924635372e-05 0.2863873563240079
-4.5726824221324e-05 0.2863735875755144
-4.52740833874495e-05 0.2863599550553651
-4.48258251360886e-05 0.2863464574168766
-4.43820050852362e-05 0.2863330933266507
-4.39425792923131e-05 0.2863198614644414
-4.35075042498149e-05 0.2863067605230332
-4.30767368810049e-05 0.2862937892081029
-4.26502345356484e-05 0.286280946238102
-4.22279549857905e-05 0.28626823034413
-4.18098564215747e-05 0.2862556402698037
-4.13958974471037e-05 0.2862431747711433
-4.09860370763403e-05 0.2862308326164407
-4.05802347290498e-05 0.2862186125861484
-4.0178450226782e-05 0.2862065134727514
-3.97806437888931e-05 0.2861945340806636
-3.9386776028607e-05 0.2861826732260845
-3.89968079491158e-05 0.2861709297369103
-3.86107009397186e-05 0.2861593024526033
-3.82284167719987e-05 0.2861477902240867
-3.78499175960383e-05 0.2861363919136238
-3.74751659366716e-05 0.2861251063947103
-3.71041246897738e-05 0.2861139325519684
-3.67367571185879e-05 0.2861028692810256
-3.63730268500871e-05 0.2860919154884272
-3.60128978713733e-05 0.286081070091499
-3.56563345261122e-05 0.2860703320182706
-3.53033015110022e-05 0.2860597002073435
-3.49537638722794e-05 0.2860491736078191
-3.46076870022568e-05 0.2860387511791659
-3.42650366358979e-05 0.2860284318911249
-3.39257788474236e-05 0.2860182147236273
-3.35898800469541e-05 0.2860080986666637
-3.32573069771823e-05 0.2859980827202048
-3.29280267100814e-05 0.2859881658941003
-3.2602006643645e-05 0.2859783472079871
-3.22792144986584e-05 0.285968625691177
-3.19596183155034e-05 0.2859590003825666
-3.16431864509934e-05 0.285949470330566
-3.1329887575241e-05 0.2859400345929652
-3.10196906685555e-05 0.285930692236865
-3.07125650183718e-05 0.2859214423386005
-3.04084802162097e-05 0.2859122839836082
-3.0107406154663e-05 0.2859032162663789
-2.98093130244188e-05 0.2858942382903411
-2.95141713113058e-05 0.2858853491677832
-2.92219517933721e-05 0.2858765480197693
-2.89326255379921e-05 0.2858678339760405
-2.86461638990021e-05 0.2858592061749473
-2.83625385138635e-05 0.2858506637633448
-2.80817213008549e-05 0.285842205896522
-2.7803684456292e-05 0.2858338317381157
-2.75284004517743e-05 0.2858255404600306
-2.72558420314597e-05 0.285817331242349
-2.6985982209366e-05 0.2858092032732632
-2.6718794266699e-05 0.285801155748991
-2.64542517492069e-05 0.2857931878736855
-2.61923284645613e-05 0.2857852988593568
-2.59329984797637e-05 0.2857774879258254
-2.56762361185779e-05 0.2857697543006161
-2.5422015958988e-05 0.2857620972188807
-2.51703128306812e-05 0.2857545159233262
-2.49211018125557e-05 0.285747009664171
-2.46743582302531e-05 0.2857395776990281
-2.4430057653716e-05 0.2857322192928484
-2.41881758947683e-05 0.2857249337178359
-2.39486890047211e-05 0.2857177202534119
-2.37115732720011e-05 0.2857105781861213
-2.3476805219803e-05 0.2857035068095373
-2.32443616037654e-05 0.2856965054242601
-2.30142194096687e-05 0.2856895733377436
-2.27863558511571e-05 0.28568270986434
-2.25607483674823e-05 0.2856759143251476
-2.23373746212696e-05 0.2856691860480164
-2.21162124963065e-05 0.2856625243674052
-2.1897240095353e-05 0.2856559286244126
-2.16804357379733e-05 0.2856493981664943
-2.14657779583894e-05 0.2856429323478449
-2.12532455033558e-05 0.2856365305288082
-2.10428173300553e-05 0.2856301920765683
-2.08344726040151e-05 0.2856239163514506
-2.06281906970447e-05 0.2856177027653266
-2.04239511851927e-05 0.2856115506743346
-2.02217338467255e-05 0.2856054594783277
-2.00215186601242e-05 0.2855994285747594
-1.98232858021032e-05 0.2855934573671592
-1.96270156456467e-05 0.2855875452648685
-1.94326887580661e-05 0.2855816916829541
-1.92402858990753e-05 0.2855758960423544
-1.90497880188865e-05 0.2855701577696644
-1.88611762563232e-05 0.2855644762972761
-1.86744319369537e-05 0.2855588510630525
-1.84895365712413e-05 0.2855532815104793
-1.83064718527141e-05 0.2855477670885284
-1.81252196561526e-05 0.2855423072516572
-1.79457620357947e-05 0.2855369014596664
-1.77680812235591e-05 0.2855315491777674
-1.75921596272862e-05 0.2855262498763741
-1.74179798289962e-05 0.2855210030312129
-1.72455245831646e-05 0.2855158081231486
-1.70747768150145e-05 0.2855106646382138
-1.69057196188262e-05 0.2855055720674945
-1.67383362562636e-05 0.2855005299071294
-1.65726101547164e-05 0.2854955376582503
-1.64085249056598e-05 0.2854905948268924
-1.62460642630295e-05 0.2854857009240068
-1.60852121416134e-05 0.2854808554653673
-1.59259526154588e-05 0.2854760579715386
-1.57682699162958e-05 0.285471307967819
-1.56121484319761e-05 0.2854666049842197
-1.54575727049268e-05 0.2854619485554108
-1.53045274306206e-05 0.2854573382206133
-1.515299745606e-05 0.28545277352367
-1.50029677782772e-05 0.2854482540128974
-1.48544235428487e-05 0.2854437792410858
-1.47073500424245e-05 0.2854393487654633
-1.45617327152718e-05 0.2854349621476178
-1.44175571438334e-05 0.2854306189534941
-1.42748090533004e-05 0.2854263187533203
-1.41334743101984e-05 0.2854220611215759
-1.39935389209886e-05 0.2854178456369485
-1.38549890306817e-05 0.2854136718823069
-1.37178109214671e-05 0.2854095394446249
-1.35819910113535e-05 0.2854054479149837
-1.34475158528253e-05 0.2854013968884996
-1.33143721315102e-05 0.2853973859642903
-1.31825466648616e-05 0.2853934147454504
-1.3052026400853e-05 0.2853894828389923
-1.29227984166862e-05 0.285385589855834
-1.27948499175111e-05 0.2853817354107067
-1.26681682351595e-05 0.2853779191221865
-1.25427408268906e-05 0.2853741406126147
-1.24185552741491e-05 0.2853703995080685
-1.22955992813357e-05 0.2853666954383143
-1.21738606745898e-05 0.2853630280367973
-1.2053327400584e-05 0.2853593969405847
-1.19339875253307e-05 0.2853558017903256
-1.18158292330007e-05 0.2853522422302378
-1.16988408247531e-05 0.2853487179080499
-1.15830107175774e-05 0.2853452284749829
-1.14683274431459e-05 0.2853417735857021
-1.13547796466791e-05 0.2853383528982947
-1.12423560858209e-05 0.2853349660742268
-1.11310456295256e-05 0.2853316127783213
-1.10208372569561e-05 0.2853282926787073
-1.09117200563922e-05 0.2853250054468117
-1.08036832241506e-05 0.2853217507572953
-1.06967160635155e-05 0.2853185282880517
-1.05908079836787e-05 0.285315337720162
-1.04859484986918e-05 0.2853121787378511
-1.03821272264275e-05 0.2853090510284794
-1.0279333887552e-05 0.2853059542824966
-1.01775583045069e-05 0.2853028881934198
-1.00767904005019e-05 0.2852998524577904
-9.977020198516739e-06 0.2852968467751624
-9.878237820313601e-06 0.2852938708480537
-9.780433485459009e-06 0.285290924381937
-9.68359751035546e-06 0.2852880070851855
-9.587720307282629e-06 0.2852851186690751
-9.492792383448151e-06 0.2852822588477233
-9.39880434004767e-06 0.2852794273380792
-9.30574687133433e-06 0.285276623859908
-9.21361076369735e-06 0.2852738481357288
-9.12238689474986e-06 0.2852710998908186
-9.0320662324256e-06 0.285268378853166
-8.942639834084751e-06 0.2852656847534586
-8.85409884562847e-06 0.2852630173250425
-8.76643450062225e-06 0.2852603763039089
-8.679638119427971e-06 0.2852577614286533
-8.593701108344519e-06 0.285255172440464
-8.508614958756951e-06 0.2852526090830988
-8.42437124629401e-06 0.2852500711028317
-8.34096162999407e-06 0.2852475582484595
-8.25837785147928e-06 0.2852450702712688
-8.1766117341379e-06 0.2852426069250034
-8.09565518231475e-06 0.2852401679658364
-8.01550018050966e-06 0.2852377531523682
-7.93613879258382e-06 0.285235362245578
-7.85756316097408e-06 0.2852329950088137
-7.77976550591493e-06 0.285230651207769
-7.702738124668249e-06 0.2852283306104468
-7.62647339076064e-06 0.2852260329871603
-7.55096375322836e-06 0.2852237581104795
-7.47620173586966e-06 0.2852215057552375
-7.40217993650461e-06 0.2852192756984942
-7.32889102624219e-06 0.2852170677195098
-7.25632774875465e-06 0.285214881599733
-7.18448291955906e-06 0.2852127171227817
-7.113349425306e-06 0.2852105740744021
-7.04292022307524e-06 0.285208452242472
-6.97318833967846e-06 0.2852063514169638
-6.90414687096877e-06 0.2852042713899323
-6.8357889811572e-06 0.2852022119554832
-6.76810790213584e-06 0.2852001729097693
-6.70109693280776e-06 0.2851981540509518
-6.63474943842353e-06 0.2851961551791974
-6.56905884992428e-06 0.2851941760966454
-6.50401866329137e-06 0.2851922166073986
-6.43962243890235e-06 0.2851902765174925
-6.37586380089341e-06 0.2851883556348861
-6.31273643652813e-06 0.2851864537694383
-6.25023409557241e-06 0.285184570732891
-6.18835058967565e-06 0.2851827063388491
-6.12707979175807e-06 0.2851808604027581
-6.06641563540403e-06 0.2851790327418994
-6.00635211426141e-06 0.285177223175355
-5.94688328144694e-06 0.285175431524
-5.88800324895737e-06 0.285173657610482
-5.82970618708651e-06 0.2851719012592082
-5.77198632384803e-06 0.2851701622963155
-5.71483794440399e-06 0.2851684405496686
-5.658255390499e-06 0.2851667358488336
-5.6022330599e-06 0.2851650480250654
-5.54676540584158e-06 0.2851633769112865
-5.49184693647681e-06 0.2851617223420732
-5.43747221433348e-06 0.2851600841536419
-5.38363585577572e-06 0.2851584621838276
-5.33033253047101e-06 0.2851568562720707
-5.27755696086239e-06 0.2851552662594037
-5.22530392164593e-06 0.2851536919884294
-5.17356823925339e-06 0.2851521333033073
-5.12234479133999e-06 0.2851505900497461
-5.07162850627722e-06 0.2851490620749761
-5.02141436265071e-06 0.285147549227739
-4.97169738876308e-06 0.2851460513582776
-4.92247266214166e-06 0.285144568318315
-4.87373530905115e-06 0.2851430999610425
-4.82548050401104e-06 0.2851416461411045
-4.77770346931786e-06 0.2851402067145841
-4.73039947457214e-06 0.2851387815389879
-4.68356383621004e-06 0.2851373704732352
-4.63719191703965e-06 0.2851359733776407
-4.59127912578183e-06 0.2851345901139014
-4.54582091661567e-06 0.285133220545085
-4.50081278872839e-06 0.2851318645356122
-4.45625028586969e-06 0.2851305219512465
-4.41212899591058e-06 0.2851291926590812
-4.36844455040652e-06 0.2851278765275246
-4.32519262416487e-06 0.2851265734262882
-4.2823689348167e-06 0.2851252832263715
-4.23996924239277e-06 0.2851240058000534
-4.19798934890374e-06 0.2851227410208744
-4.15642509792449e-06 0.2851214887636294
-4.11527237418267e-06 0.2851202489043498
-4.07452710315115e-06 0.285119021320299
-4.03418525064471e-06 0.2851178058899492
-3.9942428224205e-06 0.2851166024929807
-3.95469586378268e-06 0.2851154110102607
-3.91554045919077e-06 0.2851142313238392
-3.87677273187205e-06 0.2851130633169319
-3.83838884343767e-06 0.2851119068739114
-3.80038499350264e-06 0.2851107618802929
-3.76275741930955e-06 0.2851096282227291
-3.72550239535599e-06 0.2851085057889911
-3.68861623302573e-06 0.2851073944679607
-3.6520952802235e-06 0.2851062941496227
-3.61593592101336e-06 0.2851052047250492
-3.58013457526076e-06 0.2851041260863884
-3.54468769827798e-06 0.2851030581268619
-3.50959178047324e-06 0.2851020007407418
-3.47484334700321e-06 0.2851009538233522
-3.44043895742892e-06 0.2850999172710481
-3.40637520537517e-06 0.2850988909812176
-3.37264871819324e-06 0.2850978748522577
-3.33925615662697e-06 0.2850968687835731
-3.30619421448215e-06 0.2850958726755681
-3.27345961829915e-06 0.2850948864296279
-3.24104912702887e-06 0.2850939099481163
-3.20895953171175e-06 0.285092943134364
-3.17718765516015e-06 0.2850919858926586
-3.14573035164371e-06 0.2850910381282337
-3.11458450657793e-06 0.2850900997472631
-3.08374703621577e-06 0.2850891706568462
-3.05321488734235e-06 0.2850882507650063
-3.02298503697262e-06 0.2850873399806724
-2.9930544920521e-06 0.285086438213682
-2.9634202891605e-06 0.2850855453747577
-2.93407949421831e-06 0.2850846613755105
-2.90502920219635e-06 0.2850837861284248
-2.87626653682807e-06 0.2850829195468514
-2.84778865032482e-06 0.2850820615449994
-2.81959272309388e-06 0.285081212037926
-2.79167596345929e-06 0.2850803709415315
-2.76403560738544e-06 0.2850795381725476
-2.7366689182034e-06 0.2850787136485284
-2.70957318634e-06 0.285077897287847
-2.68274572904951e-06 0.2850770890096849
-2.65618389014803e-06 0.2850762887340206
-2.62988503975052e-06 0.2850754963816273
-2.60384657401042e-06 0.2850747118740606
-2.5780659148618e-06 0.2850739351336559
-2.55254050976416e-06 0.2850731660835135
-2.52726783144966e-06 0.285072404647499
-2.50224537767293e-06 0.2850716507502265
-2.4774706709633e-06 0.2850709043170622
-2.4529412583795e-06 0.2850701652741073
-2.42865471126683e-06 0.2850694335481962
-2.40460862501667e-06 0.2850687090668865
-2.38080061882838e-06 0.2850679917584541
-2.35722833547365e-06 0.2850672815518849
-2.33388944106302e-06 0.2850665783768664
-2.31078162481487e-06 0.2850658821637834
-2.2879025988266e-06 0.2850651928437102
-2.26525009784812e-06 0.2850645103484022
-2.24282187905755e-06 0.2850638346102933
-2.22061572183915e-06 0.2850631655624818
-2.19862942756352e-06 0.2850625031387308
-2.17686081936982e-06 0.28506184727346
-2.15530774195032e-06 0.285061197901737
-2.13396806133695e-06 0.2850605549592716
-2.11283966469005e-06 0.2850599183824141
-2.09192046008916e-06 0.2850592881081379
-2.0712083763259e-06 0.2850586640740463
-2.05070136269891e-06 0.2850580462183591
-2.0303973888108e-06 0.2850574344799054
-2.01029444436713e-06 0.2850568287981234
-1.99039053897736e-06 0.2850562291130465
-1.97068370195778e-06 0.2850556353653068
-1.95117198213641e-06 0.2850550474961197
-1.93185344765982e-06 0.2850544654472844
-1.9127261858018e-06 0.2850538891611775
-1.89378830277406e-06 0.2850533185807442
-1.87503792353867e-06 0.2850527536494957
-1.85647319162245e-06 0.285052194311502
-1.83809226893311e-06 0.2850516405113845
-1.81989333557734e-06 0.2850510921943183
-1.80187458968054e-06 0.2850505493060174
-1.78403424720845e-06 0.2850500117927339
-1.76637054179055e-06 0.2850494796012505
-1.74888172454509e-06 0.2850489526788801
-1.73156606390603e-06 0.2850484309734547
-1.71442184545152e-06 0.2850479144333239
-1.69744737173418e-06 0.2850474030073478
-1.68064096211305e-06 0.2850468966448941
-1.66400095258717e-06 0.2850463952958295
-1.64752569563087e-06 0.2850458989105195
-1.63121356003056e-06 0.2850454074398205
-1.61506293072333e-06 0.2850449208350734
-1.59907220863696e-06 0.2850444390481041
-1.58323981053164e-06 0.285043962031212
-1.56756416884321e-06 0.2850434897371704
-1.55204373152793e-06 0.2850430221192216
-1.53667696190884e-06 0.2850425591310692
-1.52146233852361e-06 0.2850421007268731
-1.50639835497387e-06 0.2850416468612511
-1.49148351977611e-06 0.285041197489269
-1.47671635621397e-06 0.2850407525664347
-1.46209540219205e-06 0.2850403120487016
-1.44761921009113e-06 0.2850398758924543
-1.43328634662489e-06 0.2850394440545116
-1.41909539269791e-06 0.2850390164921201
-1.40504494326525e-06 0.2850385931629484
-1.39113360719332e-06 0.2850381740250857
-1.3773600071221e-06 0.2850377590370334
-1.36372277932881e-06 0.2850373481577083
-1.35022057359288e-06 0.2850369413464288
-1.33685205306226e-06 0.2850365385629205
-1.32361589412105e-06 0.285036139767303
-1.31051078625847e-06 0.2850357449200973
-1.29753543193907e-06 0.2850353539822088
-1.28468854647433e-06 0.2850349669149332
-1.27196885789538e-06 0.2850345836799489
-1.25937510682711e-06 0.2850342042393135
-1.24690604636347e-06 0.2850338285554591
-1.23456044194403e-06 0.2850334565911925
-1.22233707123171e-06 0.2850330883096887
-1.2102347239918e-06 0.2850327236744812
-1.19825220197208e-06 0.2850323626494737
-1.18638831878423e-06 0.2850320051989208
-1.17464189978637e-06 0.2850316512874311
-1.1630117819667e-06 0.2850313008799679
-1.15149681382842e-06 0.2850309539418376
-1.14009585527566e-06 0.2850306104386925
-1.12880777750065e-06 0.2850302703365228
-1.11763146287194e-06 0.2850299336016554
-1.1065658048237e-06 0.2850296002007547
-1.09560970774624e-06 0.2850292701008085
-1.08476208687746e-06 0.2850289432691367
-1.07402186819551e-06 0.2850286196733808
-1.06338798831238e-06 0.2850282992815035
-1.0528593943687e-06 0.2850279820617815
-1.0424350439294e-06 0.2850276679828114
-1.0321139048806e-06 0.2850273570134949
-1.02189495532732e-06 0.2850270491230456
-1.0117771834924e-06 0.28502674428098
-1.00175958761624e-06 0.2850264424571165
1.00175958761624e-06 0.2849660769685409
1.0117771834924e-06 0.2849657751375351
1.02189495532732e-06 0.2849654702881833
1.0321139048806e-06 0.2849651623903018
1.0424350439294e-06 0.2849648514134048
1.0528593943687e-06 0.2849645373267002
1.06338798831238e-06 0.2849642200990904
1.07402186819551e-06 0.2849638996991635
1.08476208687746e-06 0.2849635760951978
1.09560970774624e-06 0.2849632492551512
1.1065658048237e-06 0.2849629191466621
1.11763146287194e-06 0.2849625857370463
1.12880777750065e-06 0.2849622489932893
1.14009585527566e-06 0.2849619088820513
1.15149681382842e-06 0.2849615653696543
1.1630117819667e-06 0.2849612184220874
1.17464189978637e-06 0.2849608680049988
1.18638831878423e-06 0.2849605140836894
1.19825220197208e-06 0.2849601566231187
1.2102347239918e-06 0.2849597955878925
1.22233707123171e-06 0.2849594309422618
1.23456044194403e-06 0.2849590626501231
1.24690604636347e-06 0.2849586906750103
1.25937510682711e-06 0.2849583149800908
1.27196885789538e-06 0.2849579355281672
1.28468854647433e-06 0.2849575522816683
1.29753543193907e-06 0.2849571652026464
1.31051078625847e-06 0.2849567742527755
1.32361589412105e-06 0.2849563793933457
1.33685205306226e-06 0.2849559805852616
1.35022057359288e-06 0.2849555777890322
1.36372277932881e-06 0.2849551709647796
1.3773600071221e-06 0.2849547600722176
1.39113360719332e-06 0.284954345070663
1.40504494326525e-06 0.2849539259190285
1.41909539269791e-06 0.2849535025758063
1.43328634662489e-06 0.2849530749990822
1.44761921009113e-06 0.2849526431465192
1.46209540219205e-06 0.284952206975358
1.47671635621397e-06 0.284951766442409
1.49148351977611e-06 0.2849513215040564
1.50639835497387e-06 0.2849508721162425
1.52146233852361e-06 0.2849504182344701
1.53667696190884e-06 0.2849499598137999
1.55204373152793e-06 0.28494949680884
1.56756416884321e-06 0.2849490291737469
1.58323981053164e-06 0.284948556862218
1.59907220863696e-06 0.2849480798274867
1.61506293072333e-06 0.2849475980223177
1.63121356003056e-06 0.2849471113990071
1.64752569563087e-06 0.2849466199093698
1.66400095258717e-06 0.2849461235047432
1.68064096211305e-06 0.2849456221359727
1.69744737173418e-06 0.2849451157534154
1.71442184545152e-06 0.2849446043069331
1.73156606390603e-06 0.2849440877458837
1.74888172454509e-06 0.2849435660191199
1.76637054179055e-06 0.2849430390749815
1.78403424720845e-06 0.2849425068612932
1.80187458968054e-06 0.2849419693253565
1.81989333557734e-06 0.2849414264139486
1.83809226893311e-06 0.2849408780733108
1.85647319162245e-06 0.2849403242491488
1.87503792353867e-06 0.2849397648866263
1.89378830277406e-06 0.2849391999303555
1.9127261858018e-06 0.2849386293243978
1.93185344765982e-06 0.2849380530122533
1.95117198213641e-06 0.2849374709368567
1.97068370195778e-06 0.2849368830405746
1.99039053897736e-06 0.2849362892651948
2.01029444436713e-06 0.2849356895519233
2.0303973888108e-06 0.2849350838413793
2.05070136269891e-06 0.2849344720735865
2.0712083763259e-06 0.2849338541879686
2.09192046008916e-06 0.2849332301233465
2.11283966469005e-06 0.2849325998179254
2.13396806133695e-06 0.2849319632092964
2.15530774195032e-06 0.2849313202344218
2.17686081936982e-06 0.2849306708296378
2.19862942756352e-06 0.2849300149306422
2.22061572183915e-06 0.2849293524724882
2.24282187905755e-06 0.2849286833895814
2.26525009784812e-06 0.2849280076156709
2.2879025988266e-06 0.2849273250838443
2.31078162481487e-06 0.2849266357265174
2.33388944106302e-06 0.2849259394754317
2.35722833547365e-06 0.2849252362616455
2.38080061882838e-06 0.2849245260155309
2.40460862501667e-06 0.2849238086667586
2.42865471126683e-06 0.284923084144297
2.4529412583795e-06 0.2849223523764063
2.4774706709633e-06 0.2849216132906296
2.50224537767293e-06 0.2849208668137813
2.52726783144966e-06 0.2849201128719491
2.55254050976416e-06 0.2849193513904766
2.5780659148618e-06 0.284918582293964
2.60384657401042e-06 0.2849178055062574
2.62988503975052e-06 0.2849170209504382
2.65618389014803e-06 0.2849162285488204
2.68274572904951e-06 0.2849154282229444
2.70957318634e-06 0.28491461989356
2.7366689182034e-06 0.2849138034806264
2.76403560738544e-06 0.2849129789033071
2.79167596345929e-06 0.2849121460799482
2.81959272309388e-06 0.2849113049280877
2.84778865032482e-06 0.2849104553644342
2.87626653682807e-06 0.2849095973048642
2.90502920219635e-06 0.284908730664413
2.93407949421831e-06 0.2849078553572644
2.9634202891605e-06 0.28490697129675
2.9930544920521e-06 0.2849060783953252
3.02298503697262e-06 0.284905176564577
3.05321488734235e-06 0.2849042657152057
3.08374703621577e-06 0.2849033457570195
3.11458450657793e-06 0.2849024165989242
3.14573035164371e-06 0.2849014781489141
3.17718765516015e-06 0.2849005303140617
3.20895953171175e-06 0.2848995730005134
3.24104912702887e-06 0.2848986061134762
3.27345961829915e-06 0.2848976295572044
3.30619421448215e-06 0.2848966432350017
3.33925615662697e-06 0.2848956470492012
3.37264871819324e-06 0.2848946409011583
3.40637520537517e-06 0.2848936246912442
3.44043895742892e-06 0.2848925983188314
3.47484334700321e-06 0.2848915616822879
3.50959178047324e-06 0.284890514678963
3.54468769827798e-06 0.2848894572051821
3.58013457526076e-06 0.2848883891562317
3.61593592101336e-06 0.2848873104263501
3.6520952802235e-06 0.2848862209087233
3.68861623302573e-06 0.2848851204954584
3.72550239535599e-06 0.2848840090775963
3.76275741930955e-06 0.284882886545079
3.80038499350264e-06 0.284881752786749
3.83838884343767e-06 0.2848806076903421
3.87677273187205e-06 0.2848794511424645
3.91554045919077e-06 0.2848782830285945
3.95469586378268e-06 0.2848771032330581
3.9942428224205e-06 0.2848759116390313
4.03418525064471e-06 0.2848747081285189
4.07452710315115e-06 0.2848734925823426
4.11527237418267e-06 0.2848722648801377
4.15642509792449e-06 0.2848710249003301
4.19798934890374e-06 0.2848697725201331
4.23996924239277e-06 0.28486850761553
4.2823689348167e-06 0.284867230061267
4.32519262416487e-06 0.2848659397308357
4.36844455040652e-06 0.2848646364964604
4.41212899591058e-06 0.284863320229088
4.45625028586969e-06 0.2848619907983776
4.50081278872839e-06 0.2848606480726807
4.54582091661567e-06 0.2848592919190387
4.59127912578183e-06 0.284857922203153
4.63719191703965e-06 0.2848565387893882
4.68356383621004e-06 0.2848551415407546
4.73039947457214e-06 0.2848537303188856
4.77770346931786e-06 0.2848523049840372
4.82548050401104e-06 0.2848508653950607
4.87373530905115e-06 0.2848494114094018
4.92247266214166e-06 0.2848479428830781
4.97169738876308e-06 0.2848464596706664
5.02141436265071e-06 0.2848449616252889
5.07162850627722e-06 0.2848434485986031
5.12234479133999e-06 0.2848419204407738
5.17356823925339e-06 0.2848403770004749
5.22530392164593e-06 0.2848388181248621
5.27755696086239e-06 0.2848372436595678
5.33033253047101e-06 0.284835653448675
5.38363585577572e-06 0.2848340473347095
5.43747221433348e-06 0.2848324251586202
5.49184693647681e-06 0.2848307867597666
5.54676540584158e-06 0.284829131975904
5.6022330599e-06 0.2848274606431608
5.658255390499e-06 0.284825772596028
5.71483794440399e-06 0.2848240676673362
5.77198632384803e-06 0.2848223456882547
5.82970618708651e-06 0.284820606488256
5.88800324895737e-06 0.2848188498951073
5.94688328144694e-06 0.2848170757348569
6.00635211426141e-06 0.284815283831808
6.06641563540403e-06 0.28481347400851
6.12707979175807e-06 0.2848116460857378
6.18835058967565e-06 0.2848097998824724
6.25023409557241e-06 0.2848079352158814
6.31273643652813e-06 0.2848060519013089
6.37586380089341e-06 0.2848041497522456
6.43962243890235e-06 0.2848022285803258
6.50401866329137e-06 0.2848002881952875
6.56905884992428e-06 0.2847983284049785
6.63474943842353e-06 0.2847963490153157
6.70109693280776e-06 0.284794349830274
6.76810790213584e-06 0.2847923306518743
6.8357889811572e-06 0.2847902912801502
6.90414687096877e-06 0.2847882315131441
6.97318833967846e-06 0.2847861511468696
7.04292022307524e-06 0.2847840499752977
7.113349425306e-06 0.2847819277903502
7.18448291955906e-06 0.2847797843818569
7.25632774875465e-06 0.2847776195375521
7.32889102624219e-06 0.2847754330430424
7.40217993650461e-06 0.2847732246817901
7.47620173586966e-06 0.2847709942350933
7.55096375322836e-06 0.2847687414820654
7.62647339076064e-06 0.2847664661996001
7.702738124668249e-06 0.2847641681623712
7.77976550591493e-06 0.2847618471427903
7.85756316097408e-06 0.2847595029109958
7.93613879258382e-06 0.2847571352348278
8.01550018050966e-06 0.2847547438797974
8.09565518231475e-06 0.2847523286090842
8.1766117341379e-06 0.2847498891834797
8.25837785147928e-06 0.2847474253613979
8.34096162999407e-06 0.2847449368988321
8.42437124629401e-06 0.2847424235493284
8.508614958756951e-06 0.284739885063977
8.593701108344519e-06 0.2847373211913732
8.679638119427971e-06 0.284734731677593
8.76643450062225e-06 0.2847321162661803
8.85409884562847e-06 0.2847294746981142
8.942639834084751e-06 0.2847268067117729
9.0320662324256e-06 0.284724112042921
9.12238689474986e-06 0.28472139042469
9.21361076369735e-06 0.2847186415875317
9.30574687133433e-06 0.2847158652592005
9.39880434004767e-06 0.2847130611647327
9.492792383448151e-06 0.2847102290264072
9.587720307282629e-06 0.2847073685637336
9.68359751035546e-06 0.284704479493412
9.780433485459009e-06 0.2847015615293014
9.878237820313601e-06 0.2846986143824094
9.977020198516739e-06 0.2846956377608479
1.00767904005019e-05 0.2846926313698041
1.01775583045069e-05 0.2846895949115226
1.0279333887552e-05 0.284686528085267
1.03821272264275e-05 0.2846834305872902
1.04859484986918e-05 0.284680302110807
1.05908079836787e-05 0.2846771423459696
1.06967160635155e-05 0.2846739509798216
1.08036832241506e-05 0.2846707276962792
1.09117200563922e-05 0.2846674721760983
1.10208372569561e-05 0.2846641840968357
1.11310456295256e-05 0.284660863132829
1.12423560858209e-05 0.2846575089551531
1.13547796466791e-05 0.284654121231597
1.14683274431459e-05 0.2846506996266177
1.15830107175774e-05 0.284647243801323
1.16988408247531e-05 0.2846437534134295
1.18158292330007e-05 0.2846402281172247
1.19339875253307e-05 0.2846366675635411
1.2053327400584e-05 0.2846330713997154
1.21738606745898e-05 0.2846294392695681
1.22955992813357e-05 0.2846257708133317
1.24185552741491e-05 0.2846220656676614
1.25427408268906e-05 0.2846183234655703
1.26681682351595e-05 0.2846145438363984
1.27948499175111e-05 0.2846107264057726
1.29227984166862e-05 0.2846068707955919
1.3052026400853e-05 0.2846029766239472
1.31825466648616e-05 0.2845990435051281
1.33143721315102e-05 0.2845950710495571
1.34475158528253e-05 0.2845910588637631
1.35819910113535e-05 0.2845870065503284
1.37178109214671e-05 0.2845829137078766
1.38549890306817e-05 0.2845787799310014
1.39935389209886e-05 0.2845746048102424
1.41334743101984e-05 0.284570387932048
1.42748090533004e-05 0.2845661288787218
1.44175571438334e-05 0.2845618272283937
1.45617327152718e-05 0.2845574825549655
1.47073500424245e-05 0.2845530944280908
1.48544235428487e-05 0.2845486624131078
1.50029677782772e-05 0.2845441860709949
1.515299745606e-05 0.2845396649583539
1.53045274306206e-05 0.2845350986273565
1.54575727049268e-05 0.2845304866256688
1.56121484319761e-05 0.2845258284964486
1.57682699162958e-05 0.2845211237782712
1.59259526154588e-05 0.2845163720051141
1.60852121416134e-05 0.2845115727062746
1.62460642630295e-05 0.2845067254063576
1.64085249056598e-05 0.2845018296251812
1.65726101547164e-05 0.2844968848777935
1.67383362562636e-05 0.2844918906743515
1.69057196188262e-05 0.2844868465201652
1.70747768150145e-05 0.2844817519155435
1.72455245831646e-05 0.2844766063558244
1.74179798289962e-05 0.2844714093312703
1.75921596272862e-05 0.2844661603270917
1.77680812235591e-05 0.2844608588232734
1.79457620357947e-05 0.2844555042946927
1.81252196561526e-05 0.2844500962108796
1.83064718527141e-05 0.2844446340360968
1.84895365712413e-05 0.2844391172292748
1.86744319369537e-05 0.2844335452438932
1.88611762563232e-05 0.2844279175279463
1.90497880188865e-05 0.2844222335239491
1.92402858990753e-05 0.2844164926688372
1.94326887580661e-05 0.2844106943938461
1.96270156456467e-05 0.2844048381246355
1.98232858021032e-05 0.2843989232810071
2.00215186601242e-05 0.2843929492770226
2.02217338467255e-05 0.284386915520823
2.04239511851927e-05 0.2843808214148442
2.06281906970447e-05 0.2843746663554049
2.08344726040151e-05 0.2843684497409577
2.10428173300553e-05 0.2843621709269792
2.12532455033558e-05 0.2843558293238339
2.14657779583894e-05 0.2843494242904923
2.16804357379733e-05 0.2843429551928766
2.1897240095353e-05 0.2843364213901073
2.21162124963065e-05 0.284329822234982
2.23373746212696e-05 0.2843231570737405
2.25607483674823e-05 0.284316425245986
2.27863558511571e-05 0.2843096260848657
2.30142194096687e-05 0.2843027589167046
2.32443616037654e-05 0.2842958230611791
2.3476805219803e-05 0.2842888178311434
2.37115732720011e-05 0.2842817425325474
2.39486890047211e-05 0.2842745964644235
2.41881758947683e-05 0.2842673789187476
2.4430057653716e-05 0.2842600891804627
2.46743582302531e-05 0.2842527265273512
2.49211018125557e-05 0.2842452902299228
2.51703128306812e-05 0.2842377795514153
2.5422015958988e-05 0.2842301937477165
2.56762361185779e-05 0.2842225320672196
2.59329984797637e-05 0.2842147937508179
2.61923284645613e-05 0.2842069780318436
2.64542517492069e-05 0.2841990841358908
2.6718794266699e-05 0.2841911112808485
2.6985982209366e-05 0.2841830586767801
2.72558420314597e-05 0.2841749255258226
2.75284004517743e-05 0.2841667110221294
2.7803684456292e-05 0.2841584143518016
2.80817213008549e-05 0.2841500346927885
2.83625385138635e-05 0.2841415712148195
2.86461638990021e-05 0.2841330230793204
2.89326255379921e-05 0.2841243894393012
2.92219517933721e-05 0.2841156694393081
2.95141713113058e-05 0.2841068622153395
2.98093130244188e-05 0.284097966894733
3.0107406154663e-05 0.2840889825960961
3.04084802162097e-05 0.2840799084292091
3.07125650183718e-05 0.2840707434949594
3.10196906685555e-05 0.2840614868852196
3.1329887575241e-05 0.2840521376827909
3.16431864509934e-05 0.2840426949612791
3.19596183155034e-05 0.2840331577850249
3.22792144986584e-05 0.2840235252090163
3.2602006643645e-05 0.2840137962787637
3.29280267100814e-05 0.2840039700302456
3.32573069771823e-05 0.2839940454897817
3.35898800469541e-05 0.2839840216739506
3.39257788474236e-05 0.2839738975894805
3.42650366358979e-05 0.2839636722331779
3.46076870022568e-05 0.2839533445917969
3.49537638722794e-05 0.2839429136419438
3.53033015110022e-05 0.2839323783500149
3.56563345261122e-05 0.2839217376720153
3.60128978713733e-05 0.2839109905535526
3.63730268500871e-05 0.2839001359296403
3.67367571185879e-05 0.283889172724668
3.71041246897738e-05 0.2838780998522327
3.74751659366716e-05 0.2838669162150773
3.78499175960383e-05 0.2838556207049582
3.82284167719987e-05 0.2838442122025442
3.86107009397186e-05 0.2838326895773023
3.89968079491158e-05 0.2838210516873845
3.9386776028607e-05 0.2838092973795104
3.97806437888931e-05 0.2837974254888722
4.0178450226782e-05 0.2837854348389903
4.05802347290498e-05 0.2837733242416218
4.09860370763403e-05 0.2837610924966313
4.13958974471037e-05 0.2837487383918726
4.18098564215747e-05 0.2837362607030777
4.22279549857905e-05 0.2837236581937074
4.26502345356484e-05 0.2837109296148678
4.30767368810049e-05 0.2836980737051657
4.35075042498149e-05 0.2836850891905736
4.39425792923131e-05 0.2836719747843317
4.43820050852362e-05 0.2836587291867821
4.48258251360886e-05 0.2836453510852899
4.52740833874495e-05 0.2836318391540589
4.5726824221324e-05 0.2836181920540495
4.61840924635372e-05 0.2836044084328059
4.66459333881726e-05 0.2835904869243486
4.71123927220543e-05 0.2835764261490231
4.75835166492748e-05 0.2835622247133824
4.80593518157676e-05 0.2835478812100286
4.85399453339253e-05 0.2835333942174778
4.90253447872645e-05 0.2835187623076683
4.95155982351372e-05 0.2835039840152621
5.00107542174885e-05 0.2834890578833207
5.05108617596634e-05 0.2834739824326132
5.10159703772601e-05 0.2834587561691097
5.15261300810327e-05 0.2834433775838407
5.2041391381843e-05 0.2834278451527361
5.25618052956614e-05 0.2834121573364639
5.3087423348618e-05 0.2833963125803173
5.36182975821042e-05 0.2833803093140174
5.41544805579252e-05 0.2833641459515757
5.46960253635045e-05 0.2833478208911532
5.52429856171395e-05 0.2833313325148715
5.57954154733109e-05 0.2833146791886698
5.6353369628044e-05 0.2832978592621439
5.69169033243245e-05 0.2832808710683801
5.74860723575677e-05 0.2832637129237972
5.80609330811434e-05 0.2832463831279571
5.86415424119548e-05 0.2832288799634257
5.92279578360744e-05 0.2832112016955912
5.98202374144351e-05 0.2831933465724864
6.04184397885795e-05 0.2831753128246191
6.10226241864653e-05 0.2831570986648076
6.16328504283299e-05 0.2831387022879915
6.22491789326132e-05 0.2831201218710532
6.28716707219394e-05 0.2831013555726541
6.350038742915879e-05 0.2830824015330287
6.41353913034504e-05 0.2830632578738164
6.477674521648491e-05 0.2830439226978815
6.54245126686497e-05 0.2830243940891131
6.607875779533621e-05 0.2830046701122294
6.673954537328961e-05 0.282984748812611
6.74069408270225e-05 0.2829646282160932
6.80810102352927e-05 0.2829443063287735
6.876182033764561e-05 0.2829237811368011
6.944943854102211e-05 0.2829030506062136
7.01439329264323e-05 0.2828821126826903
7.084537225569659e-05 0.2828609652913975
7.155382597825361e-05 0.2828396063367457
7.22693642380361e-05 0.2828180337021973
7.299205788041651e-05 0.282796245250066
7.37219784592207e-05 0.2827742388212968
7.44591982438129e-05 0.2827520122352523
7.5203790226251e-05 0.2827295632895017
7.59558281285135e-05 0.2827068897596035
7.671538640979859e-05 0.2826839893988926
7.74825402738966e-05 0.2826608599382454
7.82573656766356e-05 0.282637499085868
7.9039939333402e-05 0.2826139045270643
7.9830338726736e-05 0.2825900739240204
8.062864211400339e-05 0.2825660049249675
8.143492853514339e-05 0.2825416951263165
8.22492778204948e-05 0.28251714212889
8.307177059869981e-05 0.2824923435000449
8.39024883046868e-05 0.2824672967828314
8.474151318773359e-05 0.2824419994957684
8.5588928319611e-05 0.2824164491325878
8.64448176028071e-05 0.2823906431619832
8.730926577883521e-05 0.2823645790273989
8.81823584366235e-05 0.282338254146728
8.90641820209897e-05 0.282311665912081
8.995482384119961e-05 0.2822848116895518
9.08543720796116e-05 0.2822576888189234
9.17629158004077e-05 0.2822302946134357
9.26805449584118e-05 0.2822026263595117
9.36073504079959e-05 0.2821746813164745
9.45434239120759e-05 0.2821464567163098
9.548885815119661e-05 0.2821179497633904
9.64437467327086e-05 0.2820891576341841
9.74081842000357e-05 0.2820600774769818
9.838226604203611e-05 0.2820307064116414
9.93660887024564e-05 0.2820010415292842
0.000100359749589481 0.2819710798920173
0.000101363347085376 0.2819408185326429
0.00010237698055623 0.2819102544543859
0.000103400750361792 0.2818793846305825
0.00010443475786541 0.2818482060043968
0.000105479105444064 0.2818167154885252
0.000106533896498505 0.281784909964874
0.00010759923546349 0.281752786284279
0.000108675227818124 0.2817203412662322
0.000109761980096306 0.2816875716984568
0.000110859599897269 0.2816544743367511
0.000111968195896241 0.281621045904547
0.000113087877855204 0.2815872830926642
0.000114218756633756 0.2815531825589633
0.000115360944200093 0.2815187409279958
0.000116514553642094 0.2814839547907767
0.000117679699178515 0.28144882070434
0.0001188564961703 0.2814133351914909
0.000120045061132003 0.2813774947403906
0.000121245511743324 0.2813412958044782
0.000122457966860757 0.2813047348021597
0.000123682546529364 0.2812678081209949
0.000124919371994658 0.2812305120739747
0.000126168565714605 0.2811928430242681
0.000127430251371751 0.2811547972145562
0.000128704553885468 0.2811163708851828
0.000129991599424323 0.2810775602354479
0.000131291515418566 0.2810383614265554
0.000132604430572752 0.280998770581519
0.000133930474878479 0.2809587837848107
0.000135269779627264 0.2809183970820052
0.000136622477423537 0.2808776064793896
0.000137988702197772 0.2808364079436456
0.00013936858921975 0.2807947974014003
0.000140762275111947 0.2807527707388769
0.000142169897863067 0.2807103238014806
0.000143591596841697 0.2806674523934291
0.000145027512810114 0.2806241522773107
0.000146477787938216 0.2805804191737443
0.000147942565817598 0.2805362487609113
0.000149421991475774 0.2804916366741877
0.000150916211390531 0.280446578505717
0.000152425373504437 0.2804010698040063
0.000153949627239481 0.2803551060734643
0.000155489123511876 0.2803086827740488
0.000157044014746995 0.2802617953207553
0.000158614454894465 0.2802144390832614
0.000160200599443409 0.2801666093854528
0.000161802605437843 0.2801183015049779
0.000163420631492222 0.2800695106728366
0.000165054837807144 0.2800202320729042
0.000166705386185215 0.2799704608415073
0.000168372440047068 0.2799201920669475
0.000170056164447538 0.2798694207890547
0.000171756726092014 0.2798181419987386
0.000173474293352934 0.2797663506374875
0.000175209036286463 0.2797140415969493
0.000176961126649328 0.2796612097184107
0.000178730737915821 0.2796078497923634
0.000180518045294979 0.2795539565579809
0.000182323225747929 0.2794995247026728
0.000184146458005408 0.2794445488615818
0.000185987922585462 0.2793890236170807
0.000187847801811317 0.2793329434982899
0.00018972627982943 0.2792763029805794
0.000191623542627725 0.2792190964850605
0.000193539778054002 0.2791613183780746
0.000195475175834542 0.279102962970694
0.000197429927592887 0.2790440245181859
0.000199404226868816 0.2789844972195151
0.000201398269137504 0.2789243752168054
0.000203412251828879 0.2788636525948311
0.000205446374347168 0.2788023233804672
0.00020750083809064 0.2787403815421613
0.000209575846471546 0.2786778209893873
0.000211671604936262 0.2786146355721321
0.000213788320985624 0.278550819080312
0.000215926204195481 0.2784863652432384
0.000218085466237435 0.2784212677290781
0.00022026632089981 0.2783555201442669
0.000222468984108808 0.2782891160329729
0.000224693673949896 0.2782220488765113
0.000226940610689395 0.278154312092797
0.000229210016796289 0.2780858990357434
0.000231502116964252 0.2780168029947181
0.000233817138133894 0.2779470171939308
0.000236155309515233 0.2778765347918751
0.000238516862610385 0.2778053488807246
0.000240902031236489 0.2777334524857489
0.000243311051548854 0.2776608385647186
0.000245744162064343 0.2775875000072909
0.000248201603684986 0.2775134296344464
0.000250683619721836 0.2774386201978372
0.000253190455919054 0.2773630643791993
0.000255722360478245 0.2772867547897602
0.000258279584083027 0.2772096839695813
0.000260862379923858 0.2771318443869683
0.000263471003723096 0.2770532284378457
0.000266105713760327 0.2769738284451282
0.00026876677089793 0.2768936366580876
0.00027145443860691 0.2768126452517303
0.000274168982992979 0.2767308463261429
0.000276910672822909 0.2766482319059024
0.000279679779551138 0.2765647939393689
0.000282476577346649 0.2764805242981078
0.000285301343120116 0.2763954147761856
0.000288154356551317 0.2763094570895832
0.00029103590011683 0.2762226428754861
0.000293946259117998 0.2761349636916735
0.000296885721709178 0.2760464110158399
0.00029985457892627 0.275956976244953
0.000302853124715533 0.275866650694568
0.000305881655962688 0.275775425598183
0.000308940472522315 0.2756832921065519
0.000312029877247538 0.2755902412870029
0.000315150176020014 0.2754962641227259
0.000318301677780214 0.2754013515119094
0.000321484694558016 0.2753054942666837
0.000324699541503596 0.2752086831099572
0.000327946536918632 0.2751109086490577
0.000331226002287818 0.2750121617386388
0.000334538262310697 0.2749124322819061
0.000337883644933803 0.2748117110312142
0.000341262481383142 0.2747099882067205
0.000344675106196973 0.2746072539993588
0.000348121857258943 0.2745034985136793
0.000351603075831532 0.2743987117639209
0.000355119106589847 0.2742928836724235
0.000358670297655746 0.2741860040690157
0.000362257000632303 0.2740780626900653
0.000365879570638626 0.2739690491779436
0.000369538366345013 0.2738589530802543
0.000373233750008463 0.2737477638492049
0.000376966087508547 0.273635470840914
0.000380735748383633 0.2735220633147886
0.000384543105867469 0.2734075304328248
0.000388388536926144 0.2732918612589059
0.000392272422295405 0.2731750447584402
0.00039619514651836 0.273057069797336
0.000400157097983543 0.2729379251413844
0.000404158668963379 0.2728175994559695
0.000408200255653012 0.2726960813051465
0.000412282258209542 0.2725733591510794
0.000416405080791638 0.2724494213534359
0.000420569131599554 0.2723242561687662
0.00042477482291555 0.2721978517498704
0.000429022571144705 0.2720701961452286
0.000433312796856152 0.2719412772983881
0.000437645924824714 0.2718110830473701
0.000442022384072961 0.2716796011240992
0.000446442607913691 0.2715468191538266
0.000450907033992828 0.2714127246545671
0.000455416104332756 0.2712773050365527
0.000459970265376083 0.2711405476016769
0.000464569968029844 0.2710024395429669
0.000469215667710143 0.2708629679440765
0.000473907824387244 0.2707221197787543
0.000478646902631117 0.2705798819103519
0.000483433371657428 0.2704362410913532
0.000488267705374002 0.2702911839628974
0.000493150382427742 0.2701446970543129
0.0004980818862520199 0.2699967667826769
0.00050306270511454 0.2698473794524061
0.000508093332165685 0.2696965212548406
0.000513174265487342 0.2695441782678258
0.000518306008142215 0.2693903364553882
0.0005234890682236369 0.2692349816673185
0.000528723958905874 0.2690780996388898
0.000534011198494933 0.2689196759905076
0.000539351310479882 0.2687596962274221
0.000544744823584681 0.2685981457394571
0.000550192271820528 0.2684350098007543
0.000555694194538733 0.2682702735695405
0.00056125113648412 0.2681039220879275
0.000566863647848961 0.2679359402817402
0.000572532284327451 0.2677663129603388
0.000578257607170726 0.2675950248164882
0.000584040183242433 0.2674220604262516
0.000589880585074857 0.2672474042488909
0.000595779390925606 0.2670710406267187
0.000601737184834862 0.2668929537849419
0.00060775455668321 0.2667131278312176
0.000613832102250043 0.2665315467541404
0.000619970423272543 0.2663481944168045
0.000626170127505268 0.2661630531073032
0.000632431828780321 0.2659761149219083
0.000638756147068124 0.265787347365577
0.000645143708538805 0.2655967464730316
0.0006515951456241939 0.2654042928896699
0.000658111097080435 0.2652099719280907
0.00066469220805124 0.2650137549572705
0.000671339130131752 0.2648156383499438
0.00067805252143307 0.2646156001793945
0.0006848330466474 0.2644136231695815
0.000691681377113875 0.2642096899319436
0.000698598190885013 0.2640037829659139
0.000705584172793863 0.2637958846594996
0.000712640014521802 0.2635859772900188
0.00071976641466702 0.2633740430248525
0.00072696407881369 0.2631600639222816
0.000734233719601827 0.2629440219323868
0.000741576056797845 0.2627258988980283
0.000748991817365824 0.2625056765558405
0.000756481735539482 0.2622833365373441
0.000764046552894877 0.2620588603701013
0.000771687018423826 0.261832229478941
0.000779403888608064 0.2616034251872427
0.000787197927494145 0.2613724287183374
0.000795069906769086 0.2611392211969067
0.000803020605836777 0.2609037836409561
0.000811050811895145 0.260666097001697
0.000819161320014096 0.2604261421077642
0.000827352933214237 0.2601838997052785
0.00083562646254638 0.2599393504500992
0.000843982727171843 0.2596924749098108
0.0008524225544435619 0.2594432535655055
0.000860946779987997 0.2591916668141994
0.000869556247787878 0.2589376949707966
0.000878251810265756 0.2586813182704532
0.000887034328368414 0.2584225168708996
0.000895904671652098 0.258161270854959
0.000904863718368619 0.2578975602330808
0.000913912355552305 0.2576313649460214
0.000923051479107828 0.257362664867611
0.0009322819938989071 0.2570914398076489
0.000941604813837896 0.2568176695148909
0.000951020861976275 0.2565413336801586
0.000960531070596037 0.256262411939659
0.000970136381301998 0.2559808838784718
0.000979837745115018 0.2556967290347171
0.0009896361225661681 0.2554099269056627
0.00099953248379183 0.2551204577389516
0.00100952780862975 0.254828316762377
0.00101962308671605 0.2545334290311478
0.00102981931758321 0.254235833704723
0.00104011751075904 0.2539354861776926
0.00105051868586663 0.2536323675683988
0.00106102387272529 0.253326457172268
0.00107163411145255 0.253017734267578
0.00108235045256707 0.2527061781237046
0.00109317395709274 0.2523917680067571
0.00110410569666367 0.2520744831847182
0.00111514675363031 0.2517543029325515
0.00112629822116661 0.2514312065373732
0.00113756120337828 0.2511051733037191
0.00114893681541206 0.250776182558946
0.00116042618356618 0.2504442136587312
0.00117203044540184 0.2501092459927265
0.00118375074985586 0.2497712589903056
0.00119558825735442 0.2494302321264536
0.00120754413992796 0.2490861449278105
0.00121961958132724 0.2487389769787696
0.00123181577714052 0.2483887079277819
0.00124413393491192 0.2480353174937197
0.00125657527426104 0.2476787854723908
0.00126914102700365 0.2473190901089728
0.00128183243727369 0.2469562162758545
0.00129465076164642 0.2465901391371369
0.00130759726926289 0.2462208404980998
0.00132067324195552 0.2458483006409909
0.00133387997437507 0.2454724999664473
0.00134721877411882 0.2450934190008247
0.00136069096186001 0.2447110384035316
0.00137429787147861 0.2443253389745155
0.0013880408501934 0.2439363016617862
0.00140192125869533 0.2435439075689389
0.00141594047128228 0.2431481379624439
0.00143009987599511 0.2427489742771108
0.00144440087475506 0.2423463994529339
0.00145884488350261 0.241940390428497
0.00147343333233764 0.2415309342632539
0.00148816766566101 0.2411180141035783
0.00150304934231762 0.2407016081944088
0.0015180798357408 0.2402817008900278
0.00153326063409821 0.2398582750510095
0.00154859324043919 0.239431313774055
0.00156407917284358 0.2390008003997733
0.00157971996457202 0.2385667185206537
0.00159551716421774 0.2381290519891694
0.00161147233585991 0.2376877849258115
0.00162758705921851 0.2372429017271246
0.0016438629298107 0.236794387073686
0.00166030155910881 0.2363422259380329
0.00167690457469989 0.2358864035924733
0.00169367362044689 0.2354269056168685
0.00171061035665136 0.2349637179062715
0.00172771646021787 0.2344968266784491
0.00174499362482005 0.2340262184812844
0.00176244356106825 0.2335518802000172
0.00178006799667894 0.2330737990643191
0.00179786867664573 0.2325919626551425
0.00181584736341218 0.2321063589113232
0.0018340058370463 0.2316169761358308
0.00185234589541677 0.2311238013309063
0.00187086935437094 0.2306268292164443
0.00188957804791465 0.2301260432092406
0.00190847382839379 0.2296214332391064
0.00192755856667773 0.229112996308742
0.00194683415234451 0.2286007097386279
0.00196630249386795 0.2280845796949668
0.00198596551880663 0.2275645911015155
0.0020058251739947 0.2270407338765905
0.00202588342573464 0.2265130143323039
0.00204614225999199 0.2259813937231099
0.00206660368259191 0.2254458889585116
0.00208726971941783 0.2249064901262582
0.00210814241661201 0.2243631891619911
0.00212922384077813 0.2238159826095216
0.00215051607918591 0.2232648639078863
0.00217202123997777 0.2227098282851694
0.00219374145237755 0.222150870715887
0.00221567886690132 0.2215879887322038
0.00223783565557034 0.2210211781355171
0.00226021401212604 0.220450435903708
0.0022828161522473 0.2198757594468625
0.00230564431376977 0.2192971466064981
0.00232870075690747 0.2187145956551396
0.00235198776447654 0.2181281037093983
0.00237550764212131 0.2175376727365974
0.00239926271854252 0.2169433001404688
0.00242325534572795 0.2163449886306592
0.00244748789918523 0.2157427391739029
0.00247196277817708 0.2151365456565089
0.00249668240595885 0.2145264128248732
0.00252164923001844 0.2139123467323919
0.00254686572231862 0.2132943419446677
0.00257233437954181 0.2126724068480025
0.00259805772333723 0.2120465437298411
0.0026240383005706 0.2114167523577653
0.00265027868357631 0.2107830379716873
0.00267678147041207 0.2101454044999099
0.00270354928511619 0.2095038562428288
0.00273058477796735 0.2088583540236627
0.00275789062574703 0.208208990728818
0.0027854695320045 0.2075557277584429
0.00281332422732454 0.2068985693772956
0.00284145746959779 0.2062375247434773
0.00286987204429376 0.2055725997608689
0.0028985707647367 0.2049038042795654
0.00292755647238407 0.204231129371232
0.00295683203710791 0.2035545991825597
0.00298640035747899 0.2028742215482106
0.00301626436105378 0.2021899967124858
0.00304642700466432 0.201501938618226
0.00307689127471096 0.2008100545334651
0.00310766018745807 0.2001143551742973
0.00313873678933265 0.1994148474745604
0.00317012415722598 0.1987115431012213
0.00320182539879824 0.1980044526771829
0.00323384365278622 0.1972935872562791
0.00326618208931408 0.1965789583445259
0.00329884391020722 0.1958605779230272
0.00333183234930929 0.1951384584743209
0.00336515067280239 0.1944126130173823
0.00339880217953041 0.1936830538045315
0.00343279020132572 0.1929497966486667
0.00346711810333897 0.1922128583118697
0.00350178928437236 0.1914722504434075
0.00353680717721609 0.1907279904681018
0.00357217524898825 0.1899800953541155
0.00360789700147813 0.1892285828077519
0.00364397597149291 0.1884734713801524
0.00368041573120784 0.1877147805323775
0.00371721988851992 0.1869525306978249
0.00375439208740512 0.1861867433444943
0.00379193600827917 0.1854174397154332
0.00382985536836196 0.1846446479299255
0.00386815392204558 0.1838683950103129
0.00390683546126603 0.1830887045702626
0.0039459038158787 0.182305579308645
0.00398536285403748 0.1815190857820232
0.00402521648257786 0.1807292408436842
0.00406546864740364 0.1799360771507847
0.00410612333387767 0.1791396292222518
0.00414718456721645 0.1783399335208854
0.00418865641288861 0.1775370285579057
0.0042305429770175 0.1767309549997198
0.00427284840678767 0.1759217558316374
0.00431557689085555 0.1751094763530592
0.00435873265976411 0.1742941644687645
0.00440231998636175 0.1734758706876177
0.00444634318622536 0.1726546482933224
0.00449080661808762 0.1718305559597333
0.00453571468426849 0.1710036487116326
0.00458107183111118 0.1701739900511796
0.00462688254942229 0.1693416435010683
0.00467315137491651 0.1685067194065152
0.00471988288866568 0.1676692187187796
0.00476708171755234 0.1668292453532485
0.00481475253472786 0.1659868913566997
0.00486290006007514 0.1651422341531381
0.00491152906067589 0.1642953507357116
0.00496064435128265 0.1634463550863931
0.00501025079479548 0.1625953327846714
0.00506035330274343 0.161742381962848
0.00511095683577087 0.1608876177186286
0.00516206640412858 0.160031140213558
0.00521368706816986 0.1591730673557823
0.00526582393885156 0.1583134851771383
0.00531848217824008 0.1574525846113581
0.00537166700002248 0.1565904607657043
0.0054253836700227 0.1557272549737985
0.00547963750672293 0.1548630901270767
0.00553443388179016 0.1539981186948886
0.00558977822060806 0.1531324774961862
0.00564567600281414 0.1522663394024249
0.00570213276284228 0.1513998528513826
0.0057591540904707 0.1505331807889209
0.00581674563137541 0.1496665008258012
0.00587491308768917 0.1487999788179686
0.00593366221856606 0.1479337405175157
0.00599299884075172 0.147068045636895
0.00605292882915924 0.146203057883587
0.00611345811745083 0.1453389395395756
0.00617459269862534 0.144475908704796
0.00623633862561159 0.1436141553768988
0.00629870201186771 0.1427538879823574
0.00636168903198638 0.1418952944110305
0.00642530592230625 0.1410385938190242
0.00648955898152931 0.1401839932904092
0.0065544545713446 0.139331707154968
0.00661999911705805 0.1384819508207119
0.00668619910822863 0.1376349411650651
0.00675306109931092 0.136790899068663
0.00682059171030403 0.1359500422591813
0.00688879762740707 0.1351126078967032
0.00695768560368114 0.1342787920581904
0.00702726245971795 0.1334488439481573
0.00709753508431513 0.1326229706220243
0.00716851043515828 0.131801401280272
0.00724019553950986 0.1309843585941069
0.00731259749490496 0.1301720639112118
0.00738572346985401 0.1293647392819669
0.00745958070455255 0.1285626025483856
0.00753417651159808 0.1277658715600578
0.00760951827671406 0.1269747601022303
0.0076856134594812 0.1261894789398786
0.00776246959407601 0.1254102373572219
0.00784009429001677 0.124637252142008
0.00791849523291694 0.1238707074498857
0.00799768018524611 0.1231108051959454
0.00807765698709857 0.1223577465396127
0.00815843355696956 0.121611716751213
0.00824001789253925 0.12087289944959
0.00832241807146464 0.1201414751159242
0.008405642252179289 0.1194176231732682
0.00848969867470108 0.1187014961457598
0.0085745956614481 0.1179932707769331
0.008660341618062581 0.1172930933878756
0.008746945034243199 0.1166011255080694
0.008834414484585631 0.1159175078545247
0.008922758629431491 0.1152423782898494
0.0090119862157258 0.1145758704427958
0.00910210607788306 0.1139181153604765
0.00919312713866189 0.1132692232220615
0.00928505841004851 0.1126293134815023
0.009377908994149 0.1119984949660414
0.00947168808409049 0.1113768675506924
0.009566404964931391 0.1107645293363721
0.00966206901458071 0.1101615667961581
0.009758689704726511 0.1095680723289325
0.009856276601773781 0.1089841110589774
0.00995483936779152 0.1084097612688917
0.0100543877614694 0.1078451153117488
0.0101549316390841 0.1072902053839378
0.010256480955475 0.1067450984706484
0.0103590457650297 0.1062098481276797
0.01046263622268 0.1056845192996288
0.0105672625849068 0.1051691345083243
0.0106729352107559 0.104663771418067
0.0107796645628634 0.1041684467749248
0.0108874612084921 0.103683205847616
0.010996335820577 0.1032080927671187
0.0111062991787828 0.1027431373628859
0.0112173621705706 0.1022883730590927
0.0113295357922763 0.1018438323247541
0.0114428311501991 0.1014095435554744
0.0115572594617011 0.100985562672328
0.0116728320563181 0.1005719000996077
0.0117895603768812 0.1001685927706131
0.0119074559806501 0.09977569355606357
0.0120265305404566 0.09939322555634583
0.0121467958458611 0.09902122380175661
0.0122682638043197 0.09865974953707173
0.0123909464423629 0.098308842108944
0.0125148559067866 0.09796854999652195
0.0126400044658544 0.09763893214258031
0.012766404510513 0.09732003742438872
0.0128940685556181 0.09701194025982744
0.0130230092411743 0.09671470004162942
0.013153239333586 0.09642839422437455
0.0132847717269219 0.09615310353672141
0.0134176194441911 0.0958889087117001
0.013551795638633 0.09563591489320752
0.0136873135950193 0.09539420756302938
0.0138241867309695 0.09516390248053574
0.0139624285982792 0.09494510988443108
0.014102052884262 0.09473795203327912
0.0142430734131046 0.09454255786947192
0.0143855041472357 0.09435906381833238
0.014529359188708 0.0941876175855796
0.0146746527805951 0.09402836764277826
0.0148213993084011 0.09388148700052883
0.0149696133014851 0.09374714074481963
0.0151193094344999 0.09362550547181467
0.0152705025288449 0.09351677528594332
0.0154232075541334 0.09342114567063244
0.0155774396296747 0.09333882537697194
0.0157332140259715 0.09327002862542222
0.0158905461662312 0.09321498337446783
0.0160494516278935 0.09317392729777299
0.0162099461441724 0.09314710131108181
0.0163720456056142 0.09313476135794588
0.0165357660616703 0.09313717110239834
0.016701123722287 0.09315461004828272
0.0168681349595099 0.09318735658593005
0.017036816309105 0.09323570594044162
0.017207184472196 0.09329996582698567
0.017379256316918 0.09338044964316496
0.0175530488800872 0.09347748454861356
0.017728579368888 0.09359140363699893
0.0179058651625769 0.09372255701630092
0.0180849238142027 0.09387130521684862
0.0182657730523447 0.0940380140679947
0.0184484307828682 0.09422306771033834
0.0186329150906968 0.09442684913344308
0.0188192442416038 0.09464978766007283
0.0190074366840199 0.09489229238601544
0.0191975110508601 0.09515478704295247
0.0193894861613687 0.09543772499209993
0.0195833810229823 0.09574156226185127
0.0197792148332122 0.09606677945590775
0.0199770069815443 0.09641386473949914
0.0201767770513597 0.09678332304354545
0.0203785448218733 0.0971756778294688
0.0205823302700921 0.09759146902888589
0.020788153572793 0.09803125250713071
0.0209960351085209 0.09849560302983966
0.0212059954596061 0.09898511776104099
0.0214180554142022 0.09950041463841303
0.0216322359683442 0.1000421263981892
0.0218485583280276 0.1006109096879114
0.0220670439113079 0.1012074480904886
0.022287714350421 0.1018324499333542
0.0225105914939252 0.1024866365194974
0.0227356974088645 0.1031707721443871
0.0229630543829531 0.1038856327709406
0.0231926849267826 0.1046320268531636
0.0234246117760505 0.1054107975815862
0.023658857893811 0.106222809353222
0.0238954464727491 0.1070689618972132
0.0241344009374766 0.1079501869706672
0.0243757449468513 0.1088674478330507
0.0246195023963198 0.1098217413692288
0.024865697420283 0.1108140991969601
0.0251143543944859 0.111845589540328
0.0253654979384307 0.1129173159890931
0.025619152917815 0.1140304199226484
0.0258753444469932 0.1151860884185331
0.0261340978914631 0.1163855184535307
0.0263954388703778 0.1176299871137355
0.0266593932590815 0.1189207765018442
0.0269259871916724 0.1202592245496882
0.0271952470635891 0.1216466995602483
0.027467199534225 0.1230846168982793
0.0277418715295672 0.1245744098730095
0.0280192902448629 0.1261175698175127
0.0282994831473115 0.1277156093516519
0.0285824779787846 0.1293700764804719
0.0288683027585725 0.1310825592512899
0.0291569857861582 0.1328546035455217
0.0294485556440198 0.1346878733131485
0.02974304120046 0.1365840010023391
0.0300404716124646 0.1385446216569592
0.0303408763285892 0.1405713901816963
0.0306442850918751 0.1426659742334637
0.0309507279427939 0.1448299192636289
0.0312602352222218 0.1470649212304169
0.031572837574444 0.1493725232589407
0.0318885659501885 0.1517542824780992
0.0322074516096904 0.154211533705353
0.0325295261257873 0.1567457767428359
0.0328548213870451 0.1593583170205688
0.0331833696009156 0.1620502885305528
0.0335152032969248 0.1648227684808873
0.033850355329894 0.1676766417935621
0.0341888588831929 0.1706126343433682
0.0345307474720249 0.1736313368704267
0.0348760549467451 0.1767330209040691
0.0352248154962126 0.1799178327396174
0.0355770636511747 0.1831855414410655
0.0359328342876865 0.1865358134127931
0.0362921626305633 0.1899678662222875
0.036655084256869 0.193480637472198
0.0370216350994376 0.1970727807495565
0.037391851450432 0.2007425834038592
0.0377657699649363 0.2044879939780953
0.0381434276645857 0.2083067225631594
0.0385248619412316 0.2121959219376737
0.0389101105606439 0.2161525375104244
0.0392992116662503 0.2201731908413743
0.0396922037829128 0.2242541982932082
0.0400891258207419 0.2283915795167109
0.0404900170789494 0.2325809857591115
0.0408949172497389 0.2368180132463659
0.0413038664222363 0.2410979785746092
0.0417169050864586 0.2454159806779543
0.0421340741373232 0.2497671530138052
0.0425554148786964 0.2541463877901476
0.0429809690274834 0.2585486249705135
0.0434107787177582 0.2629687545850076
0.0438448865049358 0.2674017789269555
0.0442833353699852 0.2718426931876595
0.044726168723685 0.2762867782831022
0.0451734304109219 0.2807290897897683
0.0456251647150311 0.285165265812965
0.0460814163621814 0.2895908941725188
0.0465422305258032 0.2940018222695376
0.0470076528310613 0.2983942439796243
0.0474777293593719 0.3027643564198098
0.0479525066529656 0.3071088238247337
0.0484320317194952 0.3114244484204753
0.0489163520366902 0.3157083107759314
0.0494055155570571 0.3199577349403803
0.0498995707126277 0.3241702994403884
0.0503985664197539 0.3283438547529363
0.0509025520839515 0.3324764095280514
0.051411577604791 0.3365662474936774
0.0519256933808389 0.3406118475300655
0.0524449503146473 0.3446119157316069
0.0529693998177938 0.3485653049030074
0.0534990938159717 0.3524710722176338
0.0540340847541314 0.3563284375425201
0.0545744256016727 0.3601367728611448
0.0551201698576895 0.3638955681082393
0.0556713715562664 0.367604492963455
0.056228085271829 0.3712632684544527
0.0567903661245473 0.3748717884110006
0.0573582697857928 0.3784300028309014
0.0579318524836507 0.3819379612089802
0.0585111710084872 0.385395783011779
0.0590962827185721 0.388803668388241
0.0596872455457578 0.3921619309599296
0.0602841180012154 0.3954708161656534
0.0608869591812276 0.3987307176700219
0.0614958287730398 0.401942027024554
0.0621107870607702 0.4051051906620244
0.0627318949313779 0.4082207413465382
0.0633592138806917 0.4112891327181782
0.0639928060194986 0.4143109139692703
0.0646327340796936 0.4172865982690243
0.0652790614204906 0.4202167953637749
0.0659318520346955 0.4231020816769333
0.06659117055504241 0.4259430217308281
0.06725708226059279 0.428740221920733
0.0679296530831988 0.431494295702104
0.0686089496140308 0.4342058375031945
0.0692950391101711 0.4368754605593053
0.0699879895012728 0.4395037790214454
0.0706878693962855 0.4420914090681652
0.0713947480902484 0.4446389480060717
0.0721086955711509 0.4471469949213495
0.0728297825268624 0.4496161705342919
0.073558080352131 0.4520470703033654
0.07429366115565229 0.4544402709811766
0.07503659776720881 0.4567963555507513
0.07578696374488091 0.4591158976207515
0.0765448333823297 0.4613995079469214
0.07731028171615301 0.4636477053947324
0.07808338453331461 0.4658611013179999
0.0788642183786477 0.468040219573968
0.0796528605624342 0.47018553092096
0.08044938916805849 0.4722976471532141
0.0812538830597391 0.4743770788176868
0.0820664218903365 0.4764243392777337
0.08288708610923989 0.4784399273701389
0.08371595697033229 0.480424329780239
0.0845531165400356 0.4823780535504584
0.085398647705436 0.4843015635157187
0.0862526341824903 0.4861953282636071
0.0871151605243152 0.4880597950749295
0.0879863121295584 0.4898954522402084
0.0888661752508539 0.4917027269062282
0.08975483700336249 0.4934820386550267
0.09065238537339609 0.4952338499511739
0.0915589092271301 0.4969585382845616
0.0924744983194014 0.4986565454677737
0.0933992433025954 0.5003282367772541
0.0943332357356213 0.501974088719644
0.0952765680929776 0.5035943819889593
0.0962293337739073 0.5051896050743203
0.0971916271116464 0.5067600732911328
0.0981635433827629 0.5083061933650345
0.0991451788165905 0.5098282982101372
0.100136630604756 0.5113267776947144
0.101137996910804 0.5128019815704026
0.102149376879912 0.5142542450274026
0.103170870648711 0.5156839438824837
0.104202579355198 0.5170913855523608
0.10524460514875 0.5184769433773548
0.106297051200238 0.5198409493623938
0.10736002171224 0.5211836831459182
0.108433621929363 0.5225055583383437
0.109517958148656 0.5238068529781221
0.110613137730143 0.5250879001643248
0.111719269107444 0.526349023173133
0.112836461798519 0.5275905325307279
0.113964826416504 0.52881275631133
0.115104474680669 0.5300160140358302
0.116255519427476 0.5312006182958218
0.11741807462175 0.5323668731666218
0.118592255367968 0.5335150999284023
0.119778177921647 0.5346455988039338
0.120975959700864 0.535758680191211
0.122185719297873 0.5368546534040746
0.123407576490851 0.5379338150805351
0.12464165225576 0.5389964736909026
0.125888068778317 0.5400429318244045
0.127146949466101 0.5410734813462007
0.128418418960762 0.5420884258380397
0.129702603150369 0.543088049797252
0.130999629181873 0.5440726511377286
0.132309625473692 0.5450425183423609
0.133632721728429 0.545997931238806
0.134969048945713 0.5469391839248946
0.13631873943517 0.5478665492971558
0.137681926829522 0.5487803023637758
0.139058746097817 0.5496807203941176
0.140449333558795 0.5505680643986797
0.141853826894383 0.5514425998933227
0.143272365163327 0.5523045879518366
0.14470508881496 0.5531542849115285
0.14615213970311 0.5539919360691047
0.147613661100141 0.5548177792941467
0.149089797711142 0.5556320638217324
0.150580695688254 0.5564350193571618
0.152086502645136 0.5572268714782155
0.153607367671588 0.5580078314356943
0.155143441348303 0.5587781288929758
0.156694875761787 0.5595379598367862
0.158261824519404 0.5602875241899894
0.159844442764598 0.5610270289613212
0.161442887192244 0.5617566386281541
0.163057316064167 0.5624765546783201
0.164687889224809 0.5631869394486611
0.166334768117057 0.563887957883794
0.167998115798227 0.5645797752249777
0.169678096956209 0.5652625375194339
0.171374877925772 0.5659363918369742
0.173088626705029 0.5666014733989903
0.17481951297208 0.5672579180830712
0.1765677081018 0.5679058481266066
0.178333385182818 0.5685453813538669
0.180116719034647 0.56917663198797
0.181917886224993 0.5697997012139274
0.183737065087243 0.5704146912037051
0.185574435738115 0.5710217007404726
0.187430180095497 0.5716208135455572
0.189304481896452 0.5722121240269861
0.191197526715416 0.5727957137998101
0.19310950198257 0.5733716747682622
0.195040597002396 0.5739401216795362
0.19699100297242 0.5745010588040688
0.198960913002144 0.5750560585441479
0.200950522132166 0.5756091578396585
0.202960027353487 0.5761443477906056
0.204989627627022 0.5766742953119633
0.207039523903292 0.5771969320756412
0.209109919142325 0.5777124022716985
0.211201018333748 0.5782206734495354
0.213313028517086 0.5787217427641801
0.215446158802257 0.5792156152523867
0.217600620390279 0.5797022960029947
0.219776626594182 0.5801817905898777
0.221974392860124 0.5806540996069711
0.224194136788725 0.5811192281561166
0.226436078156613 0.5815771689374628
0.228700438938179 0.5820279179708617
0.23098744332756 0.582471466261802
0.233297317760836 0.5829077990313579
0.235630290938444 0.583336900677817
0.237986593847829 0.5837587558945495
0.240366459786307 0.5841733315091706
0.24277012438417 0.5845806085499876
0.245197825628012 0.5849805490532189
0.247649803884292 0.5853731244180099
0.250126301923135 0.5857582853134938
0.252627564942366 0.586135996020919
0.25515384059179 0.5865062088974515
0.257705378997708 0.5868688639000968
0.260282432787685 0.5872239132965587
0.262885257115562 0.5875712860960393
0.265514109686717 0.5879109264325308
0.268169250783585 0.5882427593140844
0.27085094329142 0.5885667097346194
0.273559452724335 0.5888827000240711
0.276295047251578 0.5891906448978675
0.279057997724094 0.5894904548931733
0.281848577701335 0.5897820366861427
0.284667063478348 0.59006528787688
0.287513734113132 0.5903401074067453
0.290388871454263 0.5906063833829656
0.293292760168805 0.5908640024567505
0.296225687770494 0.5911128401239095
0.299187944648198 0.5913527739145853
0.30217982409468 0.5915836709362929
0.305201622335627 0.5918053934880532
0.308253638558984 0.5920177921560249
0.311336174944573 0.5922207252774764
0.314449536694019 0.5924140294008254
0.317594032060959 0.5925975464427852
0.320769972381569 0.5927711084346435
0.323977672105385 0.5929345379560994
0.327217448826438 0.5930876523673125
0.330489623314703 0.5932302621664736
0.33379451954785 0.5933621730662869
0.337132464743328 0.5934831770048655
0.340503789390762 0.5935930680108369
0.343908827284669 0.593691628603951
0.347347915557516 0.5937786327933748
0.350821394713091 0.5938538487365166
0.354329608660222 0.5939170345451782
0.357872904746824 0.5939679492216945
0.361451633794292 0.5940063359365881
0.365066150132235 0.5940319249189269
0.368716811633558 0.5940444516887097
0.372403979749893 0.5940436427390202
0.376128019547392 0.5940292051038167
0.379889299742866 0.5940008523070038
0.383688192740295 0.5939582805788853
0.387525074667698 0.5939011840103742
0.391400325414375 0.5938292451403373
0.395314328668518 0.5937421407631512
0.399267471955204 0.5936395404587523
0.403260146674756 0.593521102409831
0.407292748141503 0.5933864753384297
0.411365675622918 0.5932353154094161
0.415479332379147 0.5930672481851892
0.419634125702939 0.592881904436706
0.423830466959968 0.5926789027809571
0.428068771629568 0.5924578529351342
0.432349459345864 0.5922183547561868
0.436672953939322 0.5919600003849323
0.441039683478716 0.591682368935605
0.445450080313503 0.591385032249118
0.449904581116638 0.591067548759269
0.454403626927804 0.5907294658937873
0.458947663197082 0.5903703204437687
0.463537139829053 0.5899896358950851
0.468172511227344 0.5895869223524126
0.472854236339617 0.5891616771955196
0.477582778703013 0.5887133825486928
0.482358606490043 0.588241504319679
0.487182192554944 0.5877454962796191
0.492054014480493 0.5872247932925173
0.496974554625298 0.5866788132309798
0.501944300171551 0.5861069567842975
0.506963743173267 0.5855086056476801
0.512033380604999 0.5848831213632911
0.517153714411049 0.5842298464159424
0.52232525155516 0.5835481034744265
0.527548504070711 0.5828371910054885
0.532823989111418 0.5820963868114015
0.538152229002533 0.5813249454832647
0.543533751292558 0.5805220962403206
0.548969088805484 0.5796870451515735
0.554458779693538 0.578818971208521
0.560003367490474 0.5779170274937355
0.565603401165378 0.5769803393224856
0.571259435177032 0.5760080024606185
0.576972029528803 0.5749990838665637
0.582741749824091 0.5739526199675836
0.588569167322331 0.5728676155298614
0.5944548589955549 0.5717430398350497
0.60039940758551 0.5705778317269161
0.606403401661365 0.5693708951496905
0.612467435677979 0.568121088479318
0.618592110034759 0.5668272407400581
0.624778031135106 0.5654881334926584
0.631025811446457 0.5641025102317787
0.637336069560922 0.5626690726044877
0.643709430256531 0.5611864687658703
0.650146524559097 0.5596532989378687
0.656647989804688 0.5580681261327781
0.663214469702734 0.5564294421950706
0.669846614399762 0.5547356912090313
0.6765450805437589 0.5529852602043333
0.6833105313491969 0.5511764754285384
0.690143636662689 0.5493075738045823
0.697045073029316 0.5473767607063625
0.704015523759609 0.5453821427960166
0.711055678997205 0.5433217556917055
0.718166235787177 0.5411935519136157
0.725347898145049 0.5389954060867367
0.732601377126499 0.5367250529019013
0.739927390897764 0.5343802021034776
0.747326664806742 0.5319584042928143
0.7547999314548089 0.529457105914826
0.762347930769357 0.5268736462847949
0.7699714100770511 0.5242052167309076
0.777671124177822 0.5214488808128147
0.7854478354195999 0.5186015498916902
0.793302313773796 0.5156599715743666
0.801235336911534 0.5126207250495752
0.809247690280649 0.509480195390047
0.817340167183456 0.506234582530001
0.82551356885529 0.5028798533989572
0.833768704543843 0.4994117452032283
0.842106391589282 0.4958257586677663
0.8505274555051739 0.4921170651003933
0.8547800927827 0.4902103726293358
0.859032730060226 0.4882806066400049
0.863327893710527 0.486307847606141
0.867623057360828 0.4843109618387647
0.871961172647633 0.4822692905308789
0.874130230291035 0.4812389995211249
0.876299287934437 0.4802023494178846
0.878490036154273 0.4791488314405046
0.880680784374109 0.4780887310407016
0.882871532593945 0.4770220082951347
0.885062280813781 0.4759486124060814
0.887274936515815 0.4748576612822963
0.88948759221785 0.4737598084726268
0.891700247919885 0.4726549903512884
0.893912903621919 0.4715431720219372
0.898382468140029 0.4692756918653007
0.902852032658138 0.4669789678619796
0.907366292821429 0.4646291028242703
0.91188055298472 0.4622484351323108
0.916439955749644 0.4598121779587613
0.920999358514567 0.4573434428871889
0.92560435530714 0.4548164783242806
0.930209352099712 0.4522552298317034
0.93951144562071 0.4469743199463667
0.948906560076917 0.4414905245073604
0.958395625677686 0.4357926866488731
0.967979581934463 0.4298687433721493
0.977659377753807 0.4237055086767799
0.987435971531345 0.4172885421622889
0.997310331246659 0.410601970205155
1.00728343455913 0.4036282976267179
1.01735626890472 0.3963481167861643
1.02752983159376 0.3887398520455599
1.0378051299097 0.3807792502593937
1.0481831812088 0.3724392784170097
1.05866501302089 0.3636889788842074
1.0692516631511 0.3544931819258419
1.07994417978261 0.3448114552547232
1.09074362158043 0.3345966959444771
1.10165105779624 0.3237938749998462
1.1126675683742 0.3123374653458069
1.12379424405794 0.3001487065901365
1.13503218649852 0.2871313138668901
1.14638250836351 0.2731653637334477
1.15784633344714 0.2580985819722134
1.16942479678161 0.2417319111944521
1.18111904474943 0.2237979605665422
1.19293023519692 0.2039240895789454
1.20485953754889 0.1815696089144907
1.21690813292438 0.1559261436400291
1.22299267358901 0.1414797648782942
1.22907721425363 0.1258317736312603
1.23522260032489 0.1087399444400688
1.24136798639616 0.09065215994884479
1.24447140636215 0.08148303190057796
1.24757482632814 0.07264695446002385
1.25067824629413 0.06447099127400628
1.25378166626012 0.05721390443830468
1.25534889334295 0.05393872358465095
1.25691612042577 0.05092578291464749
1.26005057459142 0.04564171746970595
1.26318502875707 0.0412312469460066
1.26631948292272 0.03754103567657827
1.26948528163003 0.03440143207193104
1.27265108033733 0.03173261221452246
1.27581687904464 0.0294399235185482
1.27898267775195 0.02745009534718227
1.28218013444633 0.02569028083253982
1.28537759114071 0.0241366744984442
1.29177250452947 0.02151505602267327
1.29823136705212 0.01936396084278699
1.30469022957477 0.01757884529320504
1.31121368072264 0.01605631697056345
1.31773713187051 0.0147520906911543
1.32432581752987 0.0136100931221068
1.33091450318922 0.01261003813730931
1.33756907570517 0.01171787774403081
1.34422364822111 0.01092401886397251
1.35094476646222 0.01020596857862791
1.35766588470332 0.009559313896919807
1.36445421412684 0.008968217902168696
1.37124254355036 0.008430922590989249
1.38495496898586 0.007482263552932411
1.39880451867572 0.006674038962360954
1.41279256386247 0.005977971059596032
1.4269204895011 0.00537312953090425
1.44118969439611 0.004843631819486854
1.45560159134007 0.004377176420358692
1.47015760725347 0.00396405874159103
1.48485918332601 0.003596505387466388
1.49970777515927 0.003268198231185484
1.51470485291086 0.002973945590928483
1.52985190143997 0.002709430887441622
1.54515042045437 0.002471030849695567
1.56060192465891 0.002255677889799631
1.5762079439055 0.002060754400153739
1.59197002334456 0.001884011296299723
1.607889723578 0.001723502503729119
1.62396862081378 0.00157753570860574
1.64020830702192 0.001444630816267371
1.65661039009214 0.001323487305880938
1.67317649399306 0.001212956686571519
1.68990825893299 0.001112024354141369
1.70680734152232 0.001019783860453965
1.72387541493754 0.0009354294400478519
1.74111416908692 0.0008582394762511242
1.75852531077779 0.0007875666251236131
1.77611056388557 0.0007228287709265675
1.79387166952442 0.0006635013060889226
1.81181038621967 0.0006091103389073211
1.82992849008186 0.0005592277751750271
1.84822777498268 0.0005134648592437847
1.86671005273251 0.000471469380944837
1.88537715325983 0.0004329212149719866
1.90423092479243 0.0003975291279907875
1.92327323404036 0.0003650279282085667
1.94250596638076 0.0003351758958040491
1.96193102604457 0.0003077524916392481
1.98155033630501 0.0002825564339904142
2.00136583966806 0.0002594037450592146
2.02137949806474 0.0002381263035709667
2.04159329304539 0.0002185703086844554
2.06200922597584 0.0002005950165250968
2.0826293182356 0.0001840715369379312
2.10345561141796 0.0001688819243631107
2.12449016753214 0.0001549179471380394
2.14573506920746 0.0001420804957738575
2.16719241989954 0.0001302786746652495
2.18886434409853 0.0001194290991297199
2.21075298753952 0.0001094552682844886
2.23286051741491 0.0001002869656450588
2.25518912258906 9.185972811721048e-05
2.27774101381495 8.411435349013995e-05
2.3005184239531 7.699645643036774e-05
2.32352360819263 7.045606543022708e-05
2.34675884427456 6.444724309659371e-05
2.3702264327173 5.892775501023184e-05
2.39392869704448 5.385875682862787e-05
2.41786798401492 4.920451128401962e-05
2.44204666385507 4.493213031961497e-05
2.46646713049362 4.101133941334434e-05
2.49113180179856 3.741426139993313e-05
2.51604311981654 3.411521780929914e-05
2.54120355101471 3.109055240587544e-05
2.56661558652486 2.831846295364191e-05
2.5922817423901 2.577885613192737e-05
2.618204559814 2.345320103489125e-05
2.64438660541214 2.132441200296899e-05
2.67083047146627 1.937672950993244e-05
2.69753877618093 1.759561698096782e-05
2.72451416394274 1.596766220095709e-05
2.75175930558217 1.448049115557378e-05
2.77927689863799 1.312268634423436e-05
2.80706966762437 1.188371272191454e-05
2.83514036430061 1.075385041833343e-05
2.86349176794362 9.724131818257783e-06
2.89212668562305 8.786284429866101e-06
2.92104795247928 7.932678249286138e-06
2.95025843200408 7.156277288478768e-06
2.97976101632412 6.450594844105839e-06
3.00955862648736 5.80965239610161e-06
3.03965421275223 5.227941543075977e-06
3.07005075487975 4.70038905006349e-06
3.10075126242855 4.222324201899595e-06
3.13175877505284 3.789448896610551e-06
3.16307636280337 3.397809809517442e-06
3.1947071264314 3.043772676777936e-06
3.22665419769571 2.723998353048222e-06
3.25892073967267 2.435420664222464e-06
3.2915099470694 2.175225943190444e-06
3.32442504654009 1.9408337251077e-06
3.35766929700549 1.729879201706931e-06
3.39124598997555 1.54019664013174e-06
3.4251584498753 1.369804104071613e-06
3.45941003437406 1.216889212177429e-06
3.4940041347178 1.079795936458884e-06
3.52894417606497 9.570123042702188e-07
3.56423361782562 8.47159004302627e-07
3.59987595400388 7.489787991395927e-07
3.63587471354392 6.613266977015741e-07
3.67223346067936 5.831608477660297e-07
3.70895579528615 5.135340815580664e-07
3.74604535323901 4.515860863001077e-07
3.7835058067714 3.965361683072285e-07
3.82134086483912 3.476765325661433e-07
3.85955427348751 3.043660925204127e-07
3.89814981622238 2.660247420105227e-07
3.93713131438461 2.321280644346461e-07
3.97650262752845 2.022024630945494e-07
4.01626765380374 1.75820664727074e-07
4.05643033034178 1.525975880241231e-07
4.09699463364519 1.321865384012004e-07
4.13796457998165 1.142757145210402e-07
4.17934422578146 9.858500047360568e-08
4.22113766803928 8.48630245656974e-08
4.26334904471967 7.288446446004814e-08
4.30598253516687 6.244758115165587e-08
4.34904236051854 5.337196362884731e-08
4.39253278412372 4.549647023252329e-08
4.43645811196496 3.867734849419246e-08
4.48082269308461 3.278652299137375e-08
4.52563092001545 2.771003510924157e-08
4.57088722921561 2.334662477252526e-08
4.61659610150777 1.960644077733676e-08
4.66276206252284 1.666422184936459e-08
4.70938968314807 1.630657086708639e-08
4.75648357997955 1.595706686929941e-08
4.80404841577935 1.561550556989077e-08
4.85208889993714 1.528168873708422e-08
4.90060978893651 1.495542375326434e-08
4.94961588682588 1.463652336168306e-08
4.99911204569414 1.432480580084217e-08
5.04910316615108 1.402009425167542e-08
5.09959419781259 1.372221704796946e-08
5.15059013979072 1.343100709242833e-08
5.20209604118862 1.314630199152821e-08
5.25411700160051 1.286794392757344e-08
5.30665817161651 1.259577925836655e-08
5.35972475333268 1.232965870738395e-08
5.41332200086601 1.206943692362906e-08
5.46745522087467 1.181497254010337e-08
5.52212977308341 1.156612800156337e-08
5.57735107081425 1.13227693973164e-08
5.63312458152239 1.108476653062773e-08
5.68945582733762 1.08519923716932e-08
5.74635038561099 1.062432359362037e-08
5.8038138894671 1.040163776772987e-08
5.86185202836177 1.018382429903221e-08
5.92047054864539 9.970763480707931e-09
5.97967525413184 9.762344130417246e-09
6.03947200667316 9.558460330275556e-09
6.0998667267399 9.35900556840405e-09
6.16086539400729 9.163868411437886e-09
6.22247404794737 8.972976832778552e-09
6.28469878842684 8.786204904349621e-09
6.34754577631111 8.603467173473167e-09
6.41102123407422 8.424670993217771e-09
6.47513144641496 8.249726252384149e-09
6.53988276087911 8.078544487305149e-09
6.60528158848791 7.911040390752086e-09
6.67133440437278 7.747130033778857e-09
6.73804774841651 7.5867319257454e-09
6.80542822590068 7.429766502174909e-09
6.87348250815968 7.276156031933684e-09
6.94221733324128 7.125825220209951e-09
7.01163950657369 6.978699836615761e-09
7.08175590163943 6.83470802054304e-09
7.15257346065582 6.693779508542558e-09
7.22409919526238 6.555845709546753e-09
7.29634018721501 6.420839770983091e-09
7.36930358908716 6.288696420853601e-09
7.44299662497803 6.159351907326859e-09
7.51742659122781 6.032744072580731e-09
7.59260085714009 5.908812273335438e-09
7.66852686571149 5.78749724750187e-09
7.7452121343686 5.66874118697362e-09
7.82266425571229 5.552487578440389e-09
7.90089089826941 5.438681385981822e-09
7.97989980725211 5.327268749389565e-09
8.059698805324629 5.218197406959406e-09
8.14029579337787 5.111415256847803e-09
8.221698751311649 5.006873034574286e-09
8.30391573882477 4.904521362042329e-09
8.38695489621302 4.804312782355243e-09
8.47082444517515 4.706200308251633e-09
8.555532689626901 4.610138452421343e-09
8.64108801652317 4.516082793570584e-09
8.727498896688401 4.423989474951463e-09
8.81477388565529 4.333816337212607e-09
8.902921624511841 4.245521679042131e-09
8.99195084075696 4.159065003705312e-09
9.081870349164531 4.074406601867652e-09
9.172689052656169 3.991507750884972e-09
9.26441594318274 3.910330608305766e-09
9.357060102614559 3.830838178064596e-09
9.45063070364071 3.752994267120833e-09
9.54513701067712 3.676763635112876e-09
9.640588380783891 3.602111556632834e-09
9.736994264591729 3.529004394564958e-09
9.834364207237639 3.457409141418933e-09
9.93270784931002 3.387293531891844e-09
10.0320349278031 3.318626107529317e-09
10.1323552770812 3.251375898654875e-09
10.233678829852 3.185512860366937e-09
10.3360156181505 3.12100779622922e-09
10.439375774332 3.05783100798856e-09
10.5437695320753 2.995955234618975e-09
10.6492072273961 2.93535270840139e-09
10.75569929967 2.87599624592539e-09
10.8632562926667 2.817859760668336e-09
10.9718888555934 2.760917411070088e-09
11.0816077441493 2.705144019813002e-09
11.1924238215908 2.650514948907867e-09
11.3043480598067 2.597006088797383e-09
11.4173915404048 2.544593959181237e-09
11.5315654558088 2.493255426324587e-09
11.6468811103669 2.442967981687286e-09
11.7633499214706 2.393709571164375e-09
11.8809834206853 2.345458640433988e-09
11.9997932548922 2.298194092090793e-09
12.1197911874411 2.251895258013095e-09
12.2409890993155 2.206541987035186e-09
12.3633989903086 2.162114493607406e-09
12.4870329802117 2.118593512207584e-09
12.6119033100138 2.075960082441368e-09
12.738022343114 2.034195769981825e-09
12.8654025665451 1.993282357868508e-09
12.9940565922106 1.953202248657983e-09
13.1239971581327 1.913938089903909e-09
13.255237129714 1.875472903508545e-09
13.3877895010112 1.837790154997378e-09
13.5216673960213 1.800873609463941e-09
13.6568840699815 1.764707251391433e-09
13.7934529106813 1.729275683206499e-09
13.9313874397881 1.694563644218024e-09
14.070701314186 1.660556244040882e-09
14.2114083273278 1.627238921721342e-09
14.3535224106011 1.594597513230566e-09
14.4970576347071 1.562617754543147e-09
14.6420282110542 1.53128628333427e-09
14.7884484931648 1.500588836916622e-09
14.9363329780964 1.470510079586089e-09
15.0856963078774 1.441037480405969e-09
15.2365532709561 1.412159105821889e-09
15.3889188036657 1.383863327620516e-09
15.5428079917024 1.356180458239924e-09
15.6982360716194 1.329027502883935e-09
15.8552184323356 1.302423346213198e-09
16.0137706166589 1.2763568001325e-09
16.1739083228255 1.25081678891357e-09
16.3356474060538 1.225792537726548e-09
16.4990038801143 1.20127344094858e-09
16.6639939189155 1.177249188182263e-09
16.8306338581046 1.153709605310565e-09
16.9989401966857 1.130644834243149e-09
17.1689295986525 1.108045110278055e-09
17.340618894639 1.08590094134767e-09
17.5140250835854 1.064203237512097e-09
17.6891653344213 1.042942209958824e-09
17.8660569877655 1.022109605071882e-09
18.0447175576431 1.001696524345969e-09
18.2251647332196 9.81694240742509e-10
18.4074163805518 9.620945737772578e-10
18.5914905443573 9.428892229645244e-10
18.7774054498009 9.24070162197303e-10
18.9651795042989 9.056295186139745e-10
19.1548312993419 8.875595938335079e-10
19.3463796123353 8.69852858375426e-10
19.5398434084586 8.525019083197652e-10
19.7352418425432 8.354995515989121e-10
19.9325942609687 8.188386583974008e-10
20.1319202035783 8.02512313194346e-10
20.3332394056141 7.865137170100881e-10
20.5365717996703 7.708362075314497e-10
20.741937517667 7.554732863703548e-10
20.9493568928436 7.404185624417891e-10
21.1588504617721 7.256658271839792e-10
21.3704389663898 7.112089242968919e-10
21.5841433560537 6.970421647240176e-10
21.7999847896142 6.831586545157548e-10
22.0179846375104 6.695541785526743e-10
22.2381644838855 6.562217224428747e-10
22.4605461287243 6.431563499978172e-10
22.6851515900116 6.303526579125134e-10
22.9120031059117 6.178054987594775e-10
23.1411231369708 6.055093322692536e-10
23.3725343683405 5.934594589092523e-10
23.6062597120239 5.816507591878385e-10
23.8423223091442 5.700783419058274e-10
24.0807455322356 5.587374416122832e-10
24.321552987558 5.476234025831429e-10
24.5647685174336 5.367315617330345e-10
24.8104162026079 5.260575244730066e-10
25.058520364634 5.155968598848886e-10
25.3091055682803 5.053452550031229e-10
25.5621966239631 4.952985778734734e-10
25.8178185902027 4.854525559220114e-10
26.0759967761048 4.758032861388465e-10
26.3367567438658 4.663467489118562e-10
26.6001243113045 4.57079061920621e-10
26.8661255544175 4.4799645917917e-10
27.1347868099617 4.390951844628617e-10
27.4061346780613 4.303715904884357e-10
27.6801960248419 4.218221095920016e-10
27.9569979850903 4.134432436253192e-10
28.2365679649412 4.052315521472363e-10
28.5189336445907 3.971836839308454e-10
28.8041229810366 3.892963509586028e-10
29.0921642108469 3.815663280198431e-10
29.3830858529554 3.739904544395229e-10
29.676916711485 3.665655967656501e-10
29.9736858785998 3.592888198223635e-10
30.2734227373858 3.521570772271187e-10
30.5761569647597 3.451674588859401e-10
30.8819185344073 3.383171338154215e-10
31.1907377197513 3.31603305974702e-10
31.5026450969488 3.25023235436214e-10
31.8176715479183 3.185742423321809e-10
32.1358482633975 3.122536955977832e-10
32.4572067460315 3.060590293644401e-10
32.7817788134918 2.999877153465654e-10
33.1095966016267 2.940372841137877e-10
33.440692567643 2.882053714116392e-10
33.7750994933194 2.824894335476112e-10
34.1128504882526 2.768873326700663e-10
34.4539789931351 2.713966844373772e-10
34.7985187830665 2.660153303355583e-10
35.1465039708972 2.607410255805334e-10
35.4979690106061 2.555716694174837e-10
35.8529487007122 2.505051199777217e-10
36.2114781877193 2.4553935172321e-10
36.5735929695965 2.40672342317739e-10
36.9393288992925 2.359021412232711e-10
37.3087221882854 2.312267507752691e-10
37.6818094101683 2.266443472090037e-10
38.0586275042699 2.221530286428065e-10
38.4392137793127 2.177509984656505e-10
38.8236059171058 2.134364590720201e-10
39.2118419762768 2.092076431666485e-10
39.6039603960396 2.050628889295131e-10
40 2.010004876628457e-10
