-40 -0.0013731674245033
-39.6039603960396 -0.00138685828236999
-39.2118419762768 -0.00140068524474881
-38.8236059171058 -0.00141464969038828
-38.4392137793127 -0.00142875297894765
-38.0586275042699 -0.00144299648399485
-37.6818094101683 -0.00145738159272288
-37.3087221882854 -0.00147190970599601
-36.9393288992925 -0.00148658223845174
-36.5735929695965 -0.00150140061862908
-36.2114781877193 -0.0015163662890943
-35.8529487007122 -0.00153148070657876
-35.4979690106061 -0.00154674534210424
-35.1465039708972 -0.00156216168114253
-34.7985187830665 -0.00157773122373441
-34.4539789931351 -0.0015934554846415
-34.1128504882526 -0.00160933599348854
-33.7750994933194 -0.00162537429490045
-33.440692567643 -0.00164157194866506
-33.1095966016267 -0.00165793052986186
-32.7817788134918 -0.0016744516290214
-32.4572067460315 -0.00169113685227318
-32.1358482633975 -0.0017079878214984
-31.8176715479183 -0.00172500617447799
-31.5026450969488 -0.00174219356505973
-31.1907377197513 -0.00175955166329154
-30.8819185344073 -0.00177708215562426
-30.5761569647597 -0.00179478674501414
-30.2734227373858 -0.00181266715112054
-29.9736858785998 -0.00183072511045699
-29.676916711485 -0.00184896237656694
-29.3830858529554 -0.0018673807201954
-29.0921642108469 -0.00188598192936852
-28.8041229810366 -0.00190476780971523
-28.5189336445907 -0.00192374018453227
-28.2365679649412 -0.00194290089498355
-27.9569979850903 -0.00196225180026849
-27.6801960248419 -0.00198179477783343
-27.4061346780613 -0.00200153172347199
-27.1347868099617 -0.00202146455158902
-26.8661255544175 -0.00204159519533583
-26.6001243113045 -0.00206192560680424
-26.3367567438658 -0.00208245775721155
-26.0759967761048 -0.00210319363708803
-25.8178185902027 -0.00212413525645998
-25.5621966239631 -0.00214528464505856
-25.3091055682803 -0.00216664385248703
-25.058520364634 -0.00218821494843398
-24.8104162026079 -0.00221000002286384
-24.5647685174336 -0.00223200118621639
-24.321552987558 -0.00225422056960948
-24.0807455322356 -0.00227666032499653
-23.8423223091442 -0.00229932262554455
-23.6062597120239 -0.00232220966555122
-23.3725343683405 -0.00234532366090032
-23.1411231369708 -0.00236866684917097
-22.9120031059117 -0.00239224148986568
-22.6851515900116 -0.00241604986462513
-22.4605461287243 -0.00244009427745975
-22.2381644838855 -0.00246437705493085
-22.0179846375104 -0.00248890054642567
-21.7999847896142 -0.0025136671243457
-21.5841433560537 -0.00253867918434443
-21.3704389663898 -0.002563939145496
-21.1588504617721 -0.002589449450862
-20.9493568928436 -0.00261521256700854
-20.741937517667 -0.00264123098500374
-20.5365717996703 -0.00266750722021488
-20.3332394056141 -0.00269404381285079
-20.1319202035783 -0.00272084332773135
-19.9325942609687 -0.00274790835508293
-19.7352418425432 -0.00277524151039983
-19.5398434084586 -0.00280284543500566
-19.3463796123353 -0.00283072279586995
-19.1548312993419 -0.00285887628650245
-18.9651795042989 -0.00288730862645378
-18.7774054498009 -0.00291602256222851
-18.5914905443573 -0.00294502086729269
-18.4074163805518 -0.00297430634219072
-18.2251647332196 -0.00300388181516986
-18.0447175576431 -0.00303375014216415
-17.8660569877655 -0.00306391420711615
-17.6891653344213 -0.0030943769225471
-17.5140250835854 -0.00312514122936501
-17.340618894639 -0.00315621009753051
-17.1689295986525 -0.00318758652621544
-16.9989401966857 -0.00321927354390864
-16.8306338581046 -0.00325127420956654
-16.6639939189155 -0.00328359161142726
-16.4990038801143 -0.0033162288686404
-16.3356474060538 -0.00334918913100253
-16.1739083228255 -0.00338247557937096
-16.0137706166589 -0.00341609142570129
-15.8552184323356 -0.00345003991455425
-15.6982360716194 -0.00348432432134257
-15.5428079917024 -0.00351894795444038
-15.3889188036657 -0.0035539141548526
-15.2365532709561 -0.00358922629657342
-15.0856963078774 -0.00362488778697127
-14.9363329780964 -0.00366090206699422
-14.7884484931648 -0.00369727261197003
-14.6420282110542 -0.00373400293129721
-14.4970576347071 -0.00377109656930047
-14.3535224106011 -0.00380855710541687
-14.2114083273278 -0.00384638815458321
-14.070701314186 -0.00388459336760376
-13.9313874397881 -0.00392317643110111
-13.7934529106813 -0.00396214106980727
-13.6568840699815 -0.00400149104352376
-13.5216673960213 -0.00404123015054902
-13.3877895010112 -0.00408136222676903
-13.255237129714 -0.00412189114625424
-13.1239971581327 -0.00416282082166224
-12.9940565922106 -0.00420415520433561
-12.8654025665451 -0.00424589828670343
-12.738022343114 -0.00428805409814367
-12.6119033100138 -0.00433062671055392
-12.4870329802117 -0.00437362023584993
-12.3633989903086 -0.00441703882711498
-12.2409890993155 -0.00446088667906003
-12.1197911874411 -0.00450516802837759
-11.9997932548922 -0.00454988715460845
-11.8809834206853 -0.00459504837957097
-11.7633499214706 -0.00464065606919665
-11.6468811103669 -0.00468671463309393
-11.5315654558088 -0.00473322852532094
-11.4173915404048 -0.00478020224485348
-11.3043480598067 -0.00482764033558355
-11.1924238215908 -0.00487554738972598
-11.0816077441493 -0.00492392804206712
-10.9718888555934 -0.00497278697723481
-10.8632562926667 -0.00502212892659512
-10.75569929967 -0.00507195866964391
-10.6492072273961 -0.00512228103416072
-10.5437695320753 -0.00517310089757334
-10.439375774332 -0.00522442318780167
-10.3360156181505 -0.00527625288185406
-10.233678829852 -0.00532859500809861
-10.1323552770812 -0.00538145464704924
-10.0320349278031 -0.00543483693067783
-9.93270784931002 -0.00548874704439667
-9.834364207237639 -0.00554319022675367
-9.736994264591729 -0.0055981717706222
-9.640588380783891 -0.00565369702363078
-9.54513701067712 -0.00570977138889723
-9.45063070364071 -0.00576640032571992
-9.357060102614559 -0.00582358935039487
-9.26441594318274 -0.00588134403629435
-9.172689052656169 -0.00593967001590867
-9.081870349164531 -0.0059985729802461
-8.99195084075696 -0.00605805868034276
-8.902921624511841 -0.00611813292740232
-8.81477388565529 -0.00617880159481156
-8.727498896688401 -0.00624007061743856
-8.64108801652317 -0.00630194599338218
-8.555532689626901 -0.00636443378454421
-8.47082444517515 -0.00642754011752238
-8.38695489621302 -0.00649127118439269
-8.30391573882477 -0.00655563324371592
-8.221698751311649 -0.00662063262135821
-8.14029579337787 -0.00668627571144295
-8.059698805324629 -0.00675256897727811
-7.97989980725211 -0.00681951895250359
-7.90089089826941 -0.00688713224154018
-7.82266425571229 -0.00695541552136219
-7.7452121343686 -0.00702437554199304
-7.66852686571149 -0.00709401912775414
-7.59260085714009 -0.00716435317836479
-7.51742659122781 -0.0072353846700526
-7.44299662497803 -0.00730712065538699
-7.36930358908716 -0.00737956826905445
-7.29634018721501 -0.00745273472244672
-7.22409919526238 -0.007526627309507
-7.15257346065582 -0.00760125340659476
-7.08175590163943 -0.00767662047388558
-7.01163950657369 -0.00775273605680941
-6.94221733324128 -0.00782960778895916
-6.87348250815968 -0.0079072433865428
-6.80542822590068 -0.00798565066055362
-6.73804774841651 -0.00806483751127995
-6.67133440437278 -0.00814481193143771
-6.60528158848791 -0.00822558200781721
-6.53988276087911 -0.00830715592285701
-6.47513144641496 -0.00838954195768586
-6.41102123407422 -0.00847274848961684
-6.34754577631111 -0.00855678399974708
-6.28469878842684 -0.00864165707125449
-6.22247404794737 -0.00872737639238152
-6.16086539400729 -0.00881395075701996
-6.0998667267399 -0.00890138906911339
-6.03947200667316 -0.00898970034259142
-5.97967525413184 -0.00907889370736995
-5.92047054864539 -0.00916897840429549
-5.86185202836177 -0.0092599637951067
-5.8038138894671 -0.00935185936144917
-5.74635038561099 -0.00944467470715849
-5.68945582733762 -0.00953841956151142
-5.63312458152239 -0.00963310386885475
-5.57735107081425 -0.00972873744391004
-5.52212977308341 -0.00982533049649114
-5.46745522087467 -0.00992289328419315
-5.41332200086601 -0.010021436205194
-5.35972475333268 -0.0101209697994901
-5.30665817161651 -0.0102215047602711
-5.25411700160051 -0.0103230519158458
-5.20209604118862 -0.0104256222603746
-5.15059013979072 -0.0105292269395372
-5.09959419781259 -0.0106338772606012
-5.04910316615108 -0.0107395846930948
-4.99911204569414 -0.0108463608674627
-4.94961588682588 -0.0109542176104474
-4.90060978893651 -0.0110631669119711
-4.85208889993714 -0.0111732209121555
-4.80404841577935 -0.0112843919849372
-4.75648357997955 -0.0113966926588903
-4.70938968314807 -0.0115101356804303
-4.66276206252284 -0.0116247338588307
-4.61659610150777 -0.01174050064919
-4.57088722921561 -0.0118574490914857
-4.52563092001545 -0.0119755928342278
-4.48082269308461 -0.012094945657849
-4.43645811196496 -0.0122155205798408
-4.39253278412372 -0.0123373337632482
-4.34904236051854 -0.0124603986977462
-4.30598253516687 -0.0125847305770713
-4.26334904471967 -0.0127103427539975
-4.22113766803928 -0.0128372521376286
-4.17934422578146 -0.0129654733507738
-4.13796457998165 -0.0130950225729253
-4.09699463364519 -0.0132259156635612
-4.05643033034178 -0.0133581683053557
-4.01626765380374 -0.0134917974541386
-3.97650262752845 -0.0136268203138621
-3.93713131438461 -0.0137632531798284
-3.89814981622238 -0.0139011140056321
-3.85955427348751 -0.0140404202917361
-3.82134086483912 -0.0141811901547908
-3.7835058067714 -0.0143234414423612
-3.74604535323901 -0.0144671936778582
-3.70895579528615 -0.014612465050853
-3.67223346067936 -0.0147592749848924
-3.63587471354392 -0.0149076434787264
-3.59987595400388 -0.0150575899157117
-3.56423361782562 -0.015209136733422
-3.52894417606497 -0.0153622995805728
-3.4940041347178 -0.0155171041732409
-3.45941003437406 -0.0156735717497931
-3.4251584498753 -0.0158317212465462
-3.39124598997555 -0.0159915761491011
-3.35766929700549 -0.016153158954287
-3.32442504654009 -0.0163164910212553
-3.2915099470694 -0.0164815983835576
-3.25892073967267 -0.0166485032812134
-3.22665419769571 -0.0168172298370721
-3.1947071264314 -0.0169878027202809
-3.16307636280337 -0.0171602445547031
-3.13175877505284 -0.0173345832836331
-3.10075126242855 -0.0175108431679243
-3.07005075487975 -0.0176890498903921
-3.03965421275223 -0.0178692311878403
-3.00955862648736 -0.0180514124532371
-2.97976101632412 -0.0182356189681535
-2.95025843200408 -0.0184218798554234
-2.92104795247928 -0.0186102240361315
-2.89212668562305 -0.0188006788345547
-2.86349176794362 -0.0189932721080814
-2.83514036430061 -0.0191880336372649
-2.80706966762437 -0.0193849917119236
-2.77927689863799 -0.0195841777843662
-2.75175930558217 -0.0197856178361022
-2.72451416394274 -0.0199893460890277
-2.69753877618093 -0.0201953907483015
-2.67083047146627 -0.0204037840949035
-2.64438660541214 -0.0206145578084075
-2.618204559814 -0.0208277398156859
-2.5922817423901 -0.0210433648934674
-2.56661558652486 -0.0212614665580615
-2.54120355101471 -0.0214820716316092
-2.51604311981654 -0.0217052186041768
-2.49113180179856 -0.0219309353522232
-2.46646713049362 -0.0221592576339463
-2.44204666385507 -0.0223902198452203
-2.41786798401492 -0.0226238504887013
-2.39392869704448 -0.0228601896536379
-2.3702264327173 -0.0230992650557065
-2.34675884427456 -0.0233411151830143
-2.32352360819263 -0.0235857775163792
-2.3005184239531 -0.02383327375249
-2.27774101381495 -0.0240836534952132
-2.25518912258906 -0.0243369427519591
-2.23286051741491 -0.0245931791336743
-2.21075298753952 -0.0248523975162139
-2.18886434409853 -0.0251146346429322
-2.16719241989954 -0.0253799245663884
-2.14573506920746 -0.0256483046393554
-2.12449016753214 -0.025919810976364
-2.10345561141796 -0.0261944796901536
-2.0826293182356 -0.0264723520870798
-2.06200922597584 -0.0267534513589275
-2.04159329304539 -0.0270378292055344
-2.02137949806474 -0.02732552061404
-2.00136583966806 -0.0276165573487628
-1.98155033630501 -0.0279109845534126
-1.96193102604457 -0.0282088365306257
-1.94250596638076 -0.0285101481863199
-1.92327323404036 -0.0288149683991075
-1.90423092479243 -0.0291233279721721
-1.88537715325983 -0.0294352704954932
-1.86671005273251 -0.0297508339620026
-1.84822777498268 -0.0300700557121927
-1.82992849008186 -0.0303929801707877
-1.81181038621967 -0.0307196446317473
-1.79387166952442 -0.0310500893933176
-1.77611056388557 -0.0313843551249196
-1.75852531077779 -0.0317224802981361
-1.74111416908692 -0.0320645053429861
-1.72387541493754 -0.032410469015646
-1.70680734152232 -0.0327604096388213
-1.68990825893299 -0.0331143676404664
-1.67317649399306 -0.0334723732234731
-1.65661039009214 -0.0338344717507419
-1.64020830702192 -0.0342006915747195
-1.62396862081378 -0.0345710681601344
-1.607889723578 -0.0349456325389041
-1.59197002334456 -0.0353244148383968
-1.5762079439055 -0.035707450209913
-1.56060192465891 -0.0360947399876527
-1.54515042045437 -0.0364863298942056
-1.52985190143997 -0.036882234880717
-1.51470485291086 -0.0372824525073186
-1.49970777515927 -0.0376870145591859
-1.48485918332601 -0.0380959204398044
-1.47015760725347 -0.0385091640432687
-1.45560159134007 -0.0389267548268835
-1.44118969439611 -0.0393486799083336
-1.4269204895011 -0.0397749124627584
-1.41279256386247 -0.0402054434848273
-1.39880451867572 -0.0406402265147517
-1.38495496898586 -0.0410793551834807
-1.37124254355036 -0.0415224626418644
-1.36445421412684 -0.0417451147923164
-1.35766588470332 -0.041969813474732
-1.35094476646222 -0.042194459119916
-1.34422364822111 -0.0424212238332835
-1.33756907570517 -0.0426478646284268
-1.33091450318922 -0.0428766242599894
-1.32432581752987 -0.0431052271082765
-1.31773713187051 -0.0433359383764133
-1.31121368072264 -0.0435664593296874
-1.30469022957477 -0.0437990781706696
-1.29823136705212 -0.0440314623659604
-1.29177250452947 -0.044265965847504
-1.28537759114071 -0.044500137008953
-1.28218013444633 -0.0446180163449211
-1.27898267775195 -0.0447364062223632
-1.27581687904464 -0.0448541292931838
-1.27265108033733 -0.0449723699468095
-1.26948528163003 -0.0450911113601382
-1.26631948292272 -0.0452103580401642
-1.26318502875707 -0.0453289386211593
-1.26005057459142 -0.0454480251910377
-1.25691612042577 -0.045567595455975
-1.25534889334295 -0.0456275713854512
-1.25378166626012 -0.0456876791443486
-1.25067824629413 -0.0458070577858342
-1.24757482632814 -0.0459269510727917
-1.24447140636215 -0.0460473162962712
-1.24136798639616 -0.0461682031882665
-1.23522260032489 -0.0464089769603322
-1.22907721425363 -0.0466517804256178
-1.22299267358901 -0.0468939977195033
-1.21690813292438 -0.0471382466546983
-1.20485953754889 -0.0476272241481883
-1.19293023519692 -0.0481190594523158
-1.18111904474943 -0.0486130242040835
-1.16942479678161 -0.0491091138057893
-1.15784633344714 -0.0496070784010557
-1.14638250836351 -0.0501066846842447
-1.13503218649852 -0.0506076972777817
-1.12379424405794 -0.0511098635126933
-1.1126675683742 -0.0516129157679475
-1.10165105779624 -0.0521165903483082
-1.09074362158043 -0.0526206113971301
-1.07994417978261 -0.0531246975915797
-1.0692516631511 -0.053628563238604
-1.05866501302089 -0.0541319184441789
-1.0481831812088 -0.0546344660551246
-1.0378051299097 -0.0551359124221085
-1.02752983159376 -0.0556359595144283
-1.01735626890472 -0.0561343130205267
-1.00728343455913 -0.0566306780344875
-0.997310331246659 -0.0571247627506499
-0.987435971531345 -0.0576162824031133
-0.977659377753807 -0.0581049537958509
-0.967979581934463 -0.0585905020084801
-0.958395625677686 -0.0590726613429289
-0.948906560076917 -0.0595511506327137
-0.93951144562071 -0.0600259591286307
-0.930209352099712 -0.0604962816566189
-0.92560435530714 -0.0607294141587825
-0.920999358514567 -0.0609624627161289
-0.916439955749644 -0.0611932860759521
-0.91188055298472 -0.061424085878597
-0.907366292821429 -0.0616525617161347
-0.902852032658138 -0.0618809601735341
-0.898382468140029 -0.062107046062557
-0.893912903621919 -0.0623329255038845
-0.891700247919885 -0.062444732884809
-0.88948759221785 -0.0625564661636501
-0.887274936515815 -0.0626681737916533
-0.885062280813781 -0.0627798338916956
-0.882871532593945 -0.0628903364540179
-0.880680784374109 -0.0630007900523028
-0.878490036154273 -0.0631111873674871
-0.876299287934437 -0.0632215282073715
-0.874130230291035 -0.0633307027805781
-0.871961172647633 -0.0634398448351826
-0.867623057360828 -0.0636578617754468
-0.863327893710527 -0.0638735151977233
-0.859032730060226 -0.0640888371468371
-0.8547800927827 -0.0643016721316806
-0.8505274555051739 -0.0645142743162098
-0.842106391589282 -0.0649340120575713
-0.833768704543843 -0.065348361075429
-0.82551356885529 -0.0657569395515646
-0.817340167183456 -0.0661598859346563
-0.809247690280649 -0.0665572029470206
-0.801235336911534 -0.0669489242507274
-0.793302313773796 -0.0673351027142286
-0.7854478354195999 -0.0677158036280629
-0.777671124177822 -0.068091125338549
-0.7699714100770511 -0.0684611640377947
-0.762347930769357 -0.0688260469205909
-0.7547999314548089 -0.0691858952286348
-0.747326664806742 -0.0695408708216435
-0.739927390897764 -0.0698911259575613
-0.732601377126499 -0.0702368416201431
-0.725347898145049 -0.0705781984986062
-0.718166235787177 -0.070915391838586
-0.711055678997205 -0.0712486231279563
-0.704015523759609 -0.0715781214192116
-0.697045073029316 -0.0719040420565725
-0.690143636662689 -0.0722266877141911
-0.6833105313491969 -0.0725462276427573
-0.6765450805437589 -0.0728629272506285
-0.669846614399762 -0.0731769819528573
-0.663214469702734 -0.073488703703123
-0.656647989804688 -0.0737982509318944
-0.650146524559097 -0.074105884046159
-0.643709430256531 -0.074411848795455
-0.637336069560922 -0.0747163692373
-0.631025811446457 -0.0750196851550504
-0.624778031135106 -0.0753220258668646
-0.618592110034759 -0.0756236149017211
-0.612467435677979 -0.0759246854751724
-0.606403401661365 -0.0762254409455017
-0.60039940758551 -0.0765261049271415
-0.5944548589955549 -0.0768268914427331
-0.588569167322331 -0.0771280149714379
-0.582741749824091 -0.0774296490183282
-0.576972029528803 -0.0777320035134343
-0.571259435177032 -0.0780352701243314
-0.565603401165378 -0.0783396273028099
-0.560003367490474 -0.0786452487676362
-0.554458779693538 -0.0789523033548099
-0.548969088805484 -0.0792609607629427
-0.543533751292558 -0.0795713703339686
-0.538152229002533 -0.0798836823595221
-0.532823989111418 -0.0801980413825686
-0.527548504070711 -0.0805146033502582
-0.52232525155516 -0.0808334494512352
-0.517153714411049 -0.0811547316188824
-0.512033380604999 -0.0814785613573057
-0.506963743173267 -0.0818050611485921
-0.501944300171551 -0.0821343080249791
-0.496974554625298 -0.0824664045852334
-0.492054014480493 -0.0828014385022272
-0.487182192554944 -0.083139480797275
-0.482358606490043 -0.0834806270847741
-0.477582778703013 -0.0838249137010444
-0.472854236339617 -0.0841724131779075
-0.468172511227344 -0.0845231842794082
-0.463537139829053 -0.0848772708278772
-0.458947663197082 -0.0852347152126409
-0.454403626927804 -0.0855955282319235
-0.449904581116638 -0.0859597781937821
-0.445450080313503 -0.0863274947625283
-0.441039683478716 -0.0866986526906187
-0.436672953939322 -0.0870732967793439
-0.432349459345864 -0.0874514317286761
-0.428068771629568 -0.0878330649109909
-0.423830466959968 -0.0882181951368607
-0.419634125702939 -0.0886068311929322
-0.415479332379147 -0.0889989653195176
-0.411365675622918 -0.0893945931397566
-0.407292748141503 -0.0897937012427226
-0.403260146674756 -0.0901962970389491
-0.399267471955204 -0.0906023529654266
-0.395314328668518 -0.0910118681991684
-0.391400325414375 -0.0914248328493456
-0.387525074667698 -0.0918412328832978
-0.383688192740295 -0.0922610551576159
-0.379889299742866 -0.0926842936912497
-0.376128019547392 -0.0931109356820188
-0.372403979749893 -0.0935409771426329
-0.368716811633558 -0.093974412811332
-0.365066150132235 -0.09441123074198
-0.361451633794292 -0.0948514364363575
-0.357872904746824 -0.0952950245179107
-0.354329608660222 -0.0957419969974241
-0.350821394713091 -0.0961923640410405
-0.347347915557516 -0.0966461354962449
-0.343908827284669 -0.0971033135240151
-0.340503789390762 -0.097563916977954
-0.337132464743328 -0.0980279612407956
-0.33379451954785 -0.0984954635321934
-0.330489623314703 -0.0989664489815487
-0.327217448826438 -0.0994409458074589
-0.323977672105385 -0.0999189785527242
-0.320769972381569 -0.100400578472492
-0.317594032060959 -0.10088577289113
-0.314449536694019 -0.10137461485112
-0.311336174944573 -0.101867125710502
-0.308253638558984 -0.102363354065664
-0.305201622335627 -0.102863338447527
-0.30217982409468 -0.103367119688326
-0.299187944648198 -0.103874750050436
-0.296225687770494 -0.104386275879707
-0.293292760168805 -0.104901738351644
-0.290388871454263 -0.105421193936378
-0.287513734113132 -0.1059446837267
-0.284667063478348 -0.106472259996874
-0.281848577701335 -0.107003974747637
-0.279057997724094 -0.107539869136885
-0.276295047251578 -0.108079998627606
-0.273559452724335 -0.108624412498104
-0.27085094329142 -0.109173148441824
-0.268169250783585 -0.109726263518559
-0.265514109686717 -0.110283794054659
-0.262885257115562 -0.110845791595857
-0.260282432787685 -0.111412284595339
-0.257705378997708 -0.111983339373686
-0.25515384059179 -0.112558977198075
-0.252627564942366 -0.113139234117514
-0.250126301923135 -0.113724149893847
-0.247649803884292 -0.114313765160653
-0.245197825628012 -0.114908104158395
-0.24277012438417 -0.115507199952571
-0.240366459786307 -0.116111086299797
-0.237986593847829 -0.116719791395659
-0.235630290938444 -0.117333335957853
-0.233297317760836 -0.117951751832405
-0.23098744332756 -0.118575063836033
-0.228700438938179 -0.119203289299554
-0.226436078156613 -0.119836457854634
-0.224194136788725 -0.120474587550102
-0.221974392860124 -0.121117705959276
-0.219776626594182 -0.121765832534839
-0.217600620390279 -0.122418991503716
-0.215446158802257 -0.123077208499435
-0.213313028517086 -0.123740512278846
-0.211201018333748 -0.124408930655885
-0.209109919142325 -0.125082505977415
-0.207039523903292 -0.125761287135753
-0.204989627627022 -0.126445370454804
-0.202960027353487 -0.12713466699583
-0.200950522132166 -0.127831553738458
-0.198960913002144 -0.128534910322023
-0.19699100297242 -0.129236764689735
-0.195040597002396 -0.129945686287149
-0.19310950198257 -0.130660098126589
-0.191197526715416 -0.131379991446163
-0.189304481896452 -0.132105341920176
-0.187430180095497 -0.132836156100193
-0.185574435738115 -0.133572465039055
-0.183737065087243 -0.134314295755492
-0.181917886224993 -0.135061688557424
-0.180116719034647 -0.135814680875733
-0.178333385182818 -0.136573321817702
-0.1765677081018 -0.137337656393597
-0.17481951297208 -0.138107742023654
-0.173088626705029 -0.138883621858638
-0.171374877925772 -0.139665356588856
-0.169678096956209 -0.140453008104221
-0.167998115798227 -0.141246620219903
-0.166334768117057 -0.142046266125961
-0.164687889224809 -0.142852009171025
-0.163057316064167 -0.143663906846563
-0.161442887192244 -0.144482028778128
-0.159844442764598 -0.145306427945083
-0.158261824519404 -0.146137201423249
-0.156694875761787 -0.146974394320941
-0.155143441348303 -0.147818079121094
-0.153607367671588 -0.148668314732061
-0.152086502645136 -0.149525192151358
-0.150580695688254 -0.15038876099262
-0.149089797711142 -0.151259095000948
-0.147613661100141 -0.152136269607403
-0.14615213970311 -0.153020347555848
-0.14470508881496 -0.153911397928158
-0.143272365163327 -0.154809497211335
-0.141853826894383 -0.155714688744804
-0.140449333558795 -0.156627043487303
-0.139058746097817 -0.157546638427153
-0.137681926829522 -0.15847353488596
-0.13631873943517 -0.159407778194484
-0.134969048945713 -0.160349439286238
-0.133632721728429 -0.161298560211122
-0.132309625473692 -0.162255211412027
-0.130999629181873 -0.163219437993263
-0.129702603150369 -0.164191294246488
-0.128418418960762 -0.16517082510456
-0.127146949466101 -0.166158079535361
-0.125888068778317 -0.167153101505957
-0.12464165225576 -0.168155935124922
-0.123407576490851 -0.169166619646959
-0.122185719297873 -0.170185191719656
-0.120975959700864 -0.171211691695284
-0.119778177921647 -0.172246153926062
-0.118592255367968 -0.173288608439192
-0.11741807462175 -0.174339086795567
-0.116255519427476 -0.175397621321662
-0.115104474680669 -0.176464238563142
-0.113964826416504 -0.177538965400339
-0.112836461798519 -0.178621822843513
-0.111719269107444 -0.179712843011822
-0.110613137730143 -0.180812047776733
-0.109517958148656 -0.181919458720724
-0.108433621929363 -0.183035106257261
-0.10736002171224 -0.184158985277005
-0.106297051200238 -0.185291174809203
-0.10524460514875 -0.186431640151048
-0.104202579355198 -0.187580428941905
-0.103170870648711 -0.188737563230136
-0.102149376879912 -0.189903069875999
-0.101137996910804 -0.191076959395474
-0.100136630604756 -0.19225927252543
-0.0991451788165905 -0.193450029293927
-0.0981635433827629 -0.194649257639076
-0.0971916271116464 -0.195856995608787
-0.0962293337739073 -0.1970732379253
-0.0952765680929776 -0.198298056437875
-0.0943332357356213 -0.199531495119639
-0.0933992433025954 -0.200773505771553
-0.0924744983194014 -0.202024197397946
-0.0915589092271301 -0.203283600959173
-0.09065238537339609 -0.204551745248064
-0.08975483700336249 -0.205828667506134
-0.0888661752508539 -0.207114402522602
-0.0879863121295584 -0.208409009622862
-0.0871151605243152 -0.209712516773275
-0.0862526341824903 -0.211024975430772
-0.085398647705436 -0.212346424450225
-0.0845531165400356 -0.2136769440722
-0.08371595697033229 -0.215016532456687
-0.08288708610923989 -0.216365265528438
-0.0820664218903365 -0.217723197427656
-0.0812538830597391 -0.219090366808687
-0.08044938916805849 -0.220466824751535
-0.0796528605624342 -0.221852613186834
-0.0788642183786477 -0.223247777974367
-0.07808338453331461 -0.224652415850599
-0.07731028171615301 -0.226066509854222
-0.0765448333823297 -0.227490117854166
-0.07578696374488091 -0.228923313038468
-0.07503659776720881 -0.230366114835693
-0.07429366115565229 -0.231818560446592
-0.073558080352131 -0.233280695806485
-0.0728297825268624 -0.234752557262666
-0.0721086955711509 -0.236234164969764
-0.0713947480902484 -0.237725559223412
-0.0706878693962855 -0.239226759920877
-0.0699879895012728 -0.240737787621962
-0.0692950391101711 -0.242258660684596
-0.0686089496140308 -0.243789388432067
-0.0679296530831988 -0.245329981640942
-0.06725708226059279 -0.246880443804587
-0.06659117055504241 -0.248440764109357
-0.0659318520346955 -0.250010957004608
-0.0652790614204906 -0.251590994280174
-0.0646327340796936 -0.253180860568286
-0.0639928060194986 -0.254780531698665
-0.0633592138806917 -0.256389991293326
-0.0627318949313779 -0.258009201548414
-0.0621107870607702 -0.259638129026595
-0.0614958287730398 -0.261276726014195
-0.0608869591812276 -0.262924970735926
-0.0602841180012154 -0.264582732227563
-0.0596872455457578 -0.266250039031716
-0.0590962827185721 -0.267926798200931
-0.0585111710084872 -0.269612946693979
-0.0579318524836507 -0.271308408323828
-0.0573582697857928 -0.273013120336609
-0.0567903661245473 -0.27472699325897
-0.056228085271829 -0.276449959238336
-0.0556713715562664 -0.278181926211783
-0.0551201698576895 -0.279922820118324
-0.0545744256016727 -0.281672541539496
-0.0540340847541314 -0.283431017761774
-0.0534990938159717 -0.285198134251681
-0.0529693998177938 -0.286973828717125
-0.0524449503146473 -0.28875800181452
-0.0519256933808389 -0.290550556461437
-0.051411577604791 -0.292351402665742
-0.0509025520839515 -0.29416045134285
-0.0503985664197539 -0.295977631943329
-0.0498995707126277 -0.297802789769682
-0.0494055155570571 -0.299635911714934
-0.0489163520366902 -0.301476926863755
-0.0484320317194952 -0.303325640597179
-0.0479525066529656 -0.305182038481078
-0.0474777293593719 -0.307046058800732
-0.0470076528310613 -0.308917604583633
-0.0465422305258032 -0.310796589132416
-0.0460814163621814 -0.312682937239066
-0.0456251647150311 -0.314576593024715
-0.0451734304109219 -0.316477502786041
-0.044726168723685 -0.318385548033723
-0.0442833353699852 -0.320300688420865
-0.0438448865049358 -0.322222858288565
-0.0434107787177582 -0.324151993204839
-0.0429809690274834 -0.326088019197978
-0.0425554148786964 -0.32803085614902
-0.0421340741373232 -0.329980492039277
-0.0417169050864586 -0.331936821748129
-0.0413038664222363 -0.333899795100168
-0.0408949172497389 -0.335869371289527
-0.0404900170789494 -0.337845424937447
-0.0400891258207419 -0.339827928711654
-0.0396922037829128 -0.341816817421243
-0.0392992116662503 -0.343812003717877
-0.0389101105606439 -0.345813418689796
-0.0385248619412316 -0.347820967508058
-0.0381434276645857 -0.349834617190421
-0.0377657699649363 -0.351854216698
-0.037391851450432 -0.353879753075201
-0.0370216350994376 -0.35591103147399
-0.036655084256869 -0.357948091110538
-0.0362921626305633 -0.359990707562186
-0.0359328342876865 -0.362038853020416
-0.0355770636511747 -0.364092410553791
-0.0352248154962126 -0.366151160301209
-0.0348760549467451 -0.368215071238273
-0.0345307474720249 -0.370284046656587
-0.0341888588831929 -0.372357852093547
-0.033850355329894 -0.374436514350854
-0.0335152032969248 -0.376519754842771
-0.0331833696009156 -0.37860744638962
-0.0328548213870451 -0.380699509897426
-0.0325295261257873 -0.382795747290732
-0.0322074516096904 -0.384896008267157
-0.0318885659501885 -0.387000139235165
-0.031572837574444 -0.389107982809021
-0.0312602352222218 -0.391219389330775
-0.0309507279427939 -0.393334185323234
-0.0306442850918751 -0.39545220991709
-0.0303408763285892 -0.397573290680974
-0.0300404716124646 -0.399697288053026
-0.02974304120046 -0.401824038541652
-0.0294485556440198 -0.403953360402129
-0.0291569857861582 -0.406085106296283
-0.0288683027585725 -0.408219097256003
-0.0285824779787846 -0.410355212623345
-0.0282994831473115 -0.412493289571967
-0.0280192902448629 -0.414633113916745
-0.0277418715295672 -0.416774607804055
-0.027467199534225 -0.418917619797789
-0.0271952470635891 -0.42106199850019
-0.0269259871916724 -0.423207593198729
-0.0266593932590815 -0.425354254505478
-0.0263954388703778 -0.427501911573947
-0.0261340978914631 -0.429650399646143
-0.0258753444469932 -0.4317996056801
-0.025619152917815 -0.433949414300184
-0.0253654979384307 -0.436099732655037
-0.0251143543944859 -0.438250382173335
-0.024865697420283 -0.440401321157614
-0.0246195023963198 -0.442552475598394
-0.0243757449468513 -0.44470367047322
-0.0241344009374766 -0.446854844431107
-0.0238954464727491 -0.4490059702876
-0.023658857893811 -0.451156850776265
-0.0234246117760505 -0.453307409620181
-0.0231926849267826 -0.455457620333848
-0.0229630543829531 -0.457607405017439
-0.0227356974088645 -0.459756649130113
-0.0225105914939252 -0.461905284141016
-0.022287714350421 -0.464053230011287
-0.0220670439113079 -0.466200396983882
-0.0218485583280276 -0.468346704806583
-0.0216322359683442 -0.470492080849033
-0.0214180554142022 -0.472636416466483
-0.0212059954596061 -0.474779682534051
-0.0209960351085209 -0.476921777882741
-0.020788153572793 -0.479062532683106
-0.0205823302700921 -0.481201958591718
-0.0203785448218733 -0.483339927240549
-0.0201767770513597 -0.485476344895187
-0.0199770069815443 -0.487611124463669
-0.0197792148332122 -0.489744147486249
-0.0195833810229823 -0.491875324550303
-0.0193894861613687 -0.494004571847458
-0.0191975110508601 -0.496131753386755
-0.0190074366840199 -0.498256771578014
-0.0188192442416038 -0.50037950912957
-0.0186329150906968 -0.502499860184317
-0.0184484307828682 -0.504617705674087
-0.0182657730523447 -0.506732927292344
-0.0180849238142027 -0.508845411638298
-0.0179058651625769 -0.51095503084212
-0.017728579368888 -0.513061658050545
-0.0175530488800872 -0.515165180636832
-0.017379256316918 -0.517265459898117
-0.017207184472196 -0.519362385532119
-0.017036816309105 -0.521455829225133
-0.0168681349595099 -0.5235456840881
-0.016701123722287 -0.525631779781117
-0.0165357660616703 -0.527713979051061
-0.0163720456056142 -0.529792227812002
-0.0162099461441724 -0.531866363774931
-0.0160494516278935 -0.533936272636469
-0.0158905461662312 -0.536001834888903
-0.0157332140259715 -0.538062937936473
-0.0155774396296747 -0.540119424370062
-0.0154232075541334 -0.542171226851079
-0.0152705025288449 -0.544218217461734
-0.0151193094344999 -0.546260292354397
-0.0149696133014851 -0.548297277567374
-0.0148213993084011 -0.550329234372058
-0.0146746527805951 -0.552355865649888
-0.014529359188708 -0.554377190008464
-0.0143855041472357 -0.556393020849337
-0.0142430734131046 -0.558403346839132
-0.014102052884262 -0.560408039402776
-0.0139624285982792 -0.562407039074266
-0.0138241867309695 -0.564400201112496
-0.0136873135950193 -0.566387509729541
-0.013551795638633 -0.568368773475794
-0.0134176194441911 -0.57034387822724
-0.0132847717269219 -0.572313100181248
-0.013153239333586 -0.574275990373249
-0.0130230092411743 -0.576232588357462
-0.0128940685556181 -0.578182825427547
-0.012766404510513 -0.580126646470652
-0.0126400044658544 -0.582063952596064
-0.0125148559067866 -0.583994702888032
-0.0123909464423629 -0.585918793170762
-0.0122682638043197 -0.587836190821272
-0.0121467958458611 -0.589746833411062
-0.0120265305404566 -0.591650649607069
-0.0119074559806501 -0.593547588071865
-0.0117895603768812 -0.595437579178828
-0.0116728320563181 -0.59732056177009
-0.0115572594617011 -0.599196498730653
-0.0114428311501991 -0.601065291630752
-0.0113295357922763 -0.602927001470419
-0.0112173621705706 -0.604781409610323
-0.0111062991787828 -0.606628573740395
-0.010996335820577 -0.608468415358104
-0.0108874612084921 -0.610300889550788
-0.0107796645628634 -0.612125913014782
-0.0106729352107559 -0.613943481349207
-0.0105672625849068 -0.615753549137605
-0.01046263622268 -0.617556017391648
-0.0103590457650297 -0.61935088667934
-0.010256480955475 -0.621138115754893
-0.0101549316390841 -0.622917636885521
-0.0100543877614694 -0.624689431548435
-0.00995483936779152 -0.626453461825601
-0.009856276601773781 -0.628209650761648
-0.009758689704726511 -0.629958003327426
-0.00966206901458071 -0.631698472198437
-0.009566404964931391 -0.633431019921529
-0.00947168808409049 -0.6351556229201
-0.009377908994149 -0.636872227853446
-0.00928505841004851 -0.638580877740364
-0.00919312713866189 -0.640281420417042
-0.00910210607788306 -0.641973937434618
-0.0090119862157258 -0.643658351705914
-0.008922758629431491 -0.645334654847424
-0.008834414484585631 -0.647002840353628
-0.008746945034243199 -0.648662890385652
-0.008660341618062581 -0.650314760242591
-0.0085745956614481 -0.651958451492461
-0.00848969867470108 -0.653593948461617
-0.008405642252179289 -0.65522124722967
-0.00832241807146464 -0.656840322778517
-0.00824001789253925 -0.658451175927745
-0.00815843355696956 -0.660053790495537
-0.00807765698709857 -0.66164818098666
-0.00799768018524611 -0.663234329277138
-0.00791849523291694 -0.664812220437941
-0.00784009429001677 -0.66638189443384
-0.00776246959407601 -0.667943302619406
-0.0076856134594812 -0.66949648277326
-0.00760951827671406 -0.67104142266905
-0.00753417651159808 -0.672578131095999
-0.00745958070455255 -0.674106613313466
-0.00738572346985401 -0.675626874646464
-0.00731259749490496 -0.677138924432005
-0.00724019553950986 -0.678642772914054
-0.00716851043515828 -0.680138420628492
-0.00709753508431513 -0.681625901355506
-0.00702726245971795 -0.683105207628686
-0.00695768560368114 -0.684576354295818
-0.00688879762740707 -0.686039355986914
-0.00682059171030403 -0.687494237470234
-0.00675306109931092 -0.68894100189883
-0.00668619910822863 -0.690379675143943
-0.00661999911705805 -0.691810258630613
-0.0065544545713446 -0.693232781263
-0.00648955898152931 -0.694647256487215
-0.00642530592230625 -0.696053702280621
-0.00636168903198638 -0.697452136805855
-0.00629870201186771 -0.698842578590422
-0.00623633862561159 -0.700225046493706
-0.00617459269862534 -0.701599559491489
-0.00611345811745083 -0.702966137367332
-0.00605292882915924 -0.704324799566607
-0.00599299884075172 -0.705675563486262
-0.00593366221856606 -0.707018458631404
-0.00587491308768917 -0.708353488048702
-0.00581674563137541 -0.709680694742723
-0.0057591540904707 -0.711000080959606
-0.00570213276284228 -0.712311673796923
-0.00564567600281414 -0.7136154900659
-0.00558977822060806 -0.714911564098565
-0.00553443388179016 -0.716199900278233
-0.00547963750672293 -0.717480526154042
-0.0054253836700227 -0.718753462736153
-0.00537166700002248 -0.72001873108376
-0.00531848217824008 -0.721276352297954
-0.00526582393885156 -0.722526347516386
-0.00521368706816986 -0.723768737909255
-0.00516206640412858 -0.725003544676167
-0.00511095683577087 -0.726230834668194
-0.00506035330274343 -0.727450538029751
-0.00501025079479548 -0.728662721503405
-0.00496064435128265 -0.729867399770301
-0.00491152906067589 -0.731064616759794
-0.00486290006007514 -0.732254360003552
-0.00481475253472786 -0.733436677847173
-0.00476708171755234 -0.734611588339746
-0.00471988288866568 -0.735779091717004
-0.00467315137491651 -0.736939240811175
-0.00462688254942229 -0.738092038247319
-0.00458107183111118 -0.739237507810597
-0.00453571468426849 -0.740375666979609
-0.00449080661808762 -0.741506543577421
-0.00444634318622536 -0.742630123889003
-0.00440231998636175 -0.74374650036859
-0.00435873265976411 -0.744855661718849
-0.00431557689085555 -0.745957627550148
-0.00427284840678767 -0.747052419482605
-0.0042305429770175 -0.748140061031837
-0.00418865641288861 -0.749220573233971
-0.00414718456721645 -0.750293978978095
-0.00410612333387767 -0.751360300669276
-0.00406546864740364 -0.752419560845244
-0.00402521648257786 -0.753471784602555
-0.00398536285403748 -0.754516986616858
-0.0039459038158787 -0.755555203561673
-0.00390683546126603 -0.756586449195792
-0.00386815392204558 -0.757610738216011
-0.00382985536836196 -0.758628108952783
-0.00379193600827917 -0.75963858547031
-0.00375439208740512 -0.760642180680816
-0.00371721988851992 -0.761638926401347
-0.00368041573120784 -0.762628839331412
-0.00364397597149291 -0.763611944555361
-0.00360789700147813 -0.764588271004133
-0.00357217524898825 -0.765557840386818
-0.00353680717721609 -0.766520676965616
-0.00350178928437236 -0.76747680538316
-0.00346711810333897 -0.768426250526085
-0.00343279020132572 -0.769369035158595
-0.00339880217953041 -0.770305186580751
-0.00336515067280239 -0.771234729231038
-0.00333183234930929 -0.772157687548839
-0.00329884391020722 -0.773074086893262
-0.00326618208931408 -0.77398395286978
-0.00323384365278622 -0.774887311077246
-0.00320182539879824 -0.775784187244256
-0.00317012415722598 -0.776674607240539
-0.00313873678933265 -0.777558596985892
-0.00310766018745807 -0.778436177948732
-0.00307689127471096 -0.779307389168145
-0.00304642700466432 -0.780172247810899
-0.00301626436105378 -0.78103077908799
-0.00298640035747899 -0.781883008244853
-0.00295683203710791 -0.782728964922745
-0.00292755647238407 -0.783568674511101
-0.0028985707647367 -0.784402186499189
-0.00286987204429376 -0.785229483660215
-0.00284145746959779 -0.786050634075688
-0.00281332422732454 -0.786865646265996
-0.0027854695320045 -0.787674552204043
-0.00275789062574703 -0.788477372491249
-0.00273058477796735 -0.789274144777244
-0.00270354928511619 -0.790064889592307
-0.00267678147041207 -0.790849640643161
-0.00265027868357631 -0.791628476258645
-0.0026240383005706 -0.792401316323585
-0.00259805772333723 -0.793168257611572
-0.00257233437954181 -0.793929306493947
-0.00254686572231862 -0.794684495020784
-0.00252164923001844 -0.795433868475542
-0.00249668240595885 -0.796177439856884
-0.00247196277817708 -0.796915249097527
-0.00244748789918523 -0.79764731656488
-0.00242325534572795 -0.79837367245402
-0.00239926271854252 -0.799094355422854
-0.00237550764212131 -0.799809372412233
-0.00235198776447654 -0.800518792791967
-0.00232870075690747 -0.801222604215282
-0.00230564431376977 -0.801920850694273
-0.0022828161522473 -0.802613570718052
-0.00226021401212604 -0.803300788219494
-0.00223783565557034 -0.803982529459311
-0.00221567886690132 -0.804658831000961
-0.00219374145237755 -0.805329719463688
-0.00217202123997777 -0.80599522485827
-0.00215051607918591 -0.806655377248172
-0.00212922384077813 -0.807310206741444
-0.00210814241661201 -0.807959740116238
-0.00208726971941783 -0.808604013559923
-0.00206660368259191 -0.809243053766197
-0.00204614225999199 -0.809876905500327
-0.00202588342573464 -0.810505573988045
-0.0020058251739947 -0.811129114339367
-0.00198596551880663 -0.81174752859585
-0.00196630249386795 -0.812360859648899
-0.00194683415234451 -0.812969154796741
-0.00192755856667773 -0.81357241910433
-0.00190847382839379 -0.814170699141022
-0.00188957804791465 -0.814764020825973
-0.00187086935437094 -0.815352414279432
-0.00185234589541677 -0.815935911834461
-0.0018340058370463 -0.816514543933152
-0.00181584736341218 -0.817088339011413
-0.00179786867664573 -0.817657328843213
-0.00178006799667894 -0.818221543970658
-0.00176244356106825 -0.818781014932051
-0.00174499362482005 -0.819335772255891
-0.00172771646021787 -0.819885846456219
-0.00171061035665136 -0.820431268028576
-0.00169367362044689 -0.820972064007825
-0.00167690457469989 -0.821508271715124
-0.00166030155910881 -0.8220399181527
-0.0016438629298107 -0.822567033667686
-0.00162758705921851 -0.823089648628917
-0.00161147233585991 -0.823607793346742
-0.00159551716421774 -0.824121498089025
-0.00157971996457202 -0.824630793077848
-0.00156407917284358 -0.825135708578161
-0.00154859324043919 -0.825636274526889
-0.00153326063409821 -0.826132521350644
-0.0015180798357408 -0.826624481985405
-0.00150304934231762 -0.827112179697356
-0.00148816766566101 -0.827595647810088
-0.00147343333233764 -0.82807491745667
-0.00145884488350261 -0.828550010735807
-0.00144440087475506 -0.829020974365466
-0.00143009987599511 -0.829487818535977
-0.00141594047128228 -0.829950584583943
-0.00140192125869533 -0.830409299116788
-0.0013880408501934 -0.830863991359881
-0.00137429787147861 -0.83131469055543
-0.00136069096186001 -0.831761426046886
-0.00134721877411882 -0.832204226598078
-0.00133387997437507 -0.832643121382178
-0.00132067324195552 -0.833078139315619
-0.00130759726926289 -0.83350930922427
-0.00129465076164642 -0.83393665985206
-0.00128183243727369 -0.834360219912487
-0.00126914102700365 -0.834780018713764
-0.00125657527426104 -0.835196078175873
-0.00124413393491192 -0.835608438163819
-0.00123181577714052 -0.836017119451805
-0.00121961958132724 -0.836422151332503
-0.00120754413992796 -0.83682356189092
-0.00119558825735442 -0.837221379009179
-0.00118375074985586 -0.837615630433117
-0.00117203044540184 -0.8380063437837
-0.00116042618356618 -0.838393546559308
-0.00114893681541206 -0.83877726613546
-0.00113756120337828 -0.839157529763906
-0.00112629822116661 -0.839534364571356
-0.00111514675363031 -0.839907797558203
-0.00110410569666367 -0.840277855597101
-0.00109317395709274 -0.840644565431587
-0.00108235045256707 -0.84100795367457
-0.00107163411145255 -0.841368046806581
-0.00106102387272529 -0.841724871173517
-0.00105051868586663 -0.842078452982543
-0.00104011751075904 -0.842428818292196
-0.00102981931758321 -0.842775992974269
-0.00101962308671605 -0.843120006606589
-0.00100952780862975 -0.843460877542623
-0.00099953248379183 -0.843798632460691
-0.0009896361225661681 -0.844133306662869
-0.000979837745115018 -0.844464913254843
-0.000970136381301998 -0.84479347864406
-0.000960531070596037 -0.845118974671759
-0.000951020861976275 -0.845441542991283
-0.000941604813837896 -0.845761148091269
-0.0009322819938989071 -0.846077814425703
-0.000923051479107828 -0.846391566562422
-0.000913912355552305 -0.84670242866962
-0.000904863718368619 -0.847010424856251
-0.000895904671652098 -0.847315579086039
-0.000887034328368414 -0.847617915176911
-0.000878251810265756 -0.847917456800607
-0.000869556247787878 -0.848214227482246
-0.000860946779987997 -0.848508250600038
-0.0008524225544435619 -0.848799549384985
-0.000843982727171843 -0.849088146920626
-0.00083562646254638 -0.84937406614284
-0.000827352933214237 -0.849657329839663
-0.000819161320014096 -0.849937960651154
-0.000811050811895145 -0.850215981069284
-0.000803020605836777 -0.850491413437835
-0.000795069906769086 -0.850764279952394
-0.000787197927494145 -0.851034602660303
-0.000779403888608064 -0.851302403460662
-0.000771687018423826 -0.851567704104398
-0.000764046552894877 -0.851830526194299
-0.000756481735539482 -0.852090891185139
-0.000748991817365824 -0.852348820383771
-0.000741576056797845 -0.852604335034684
-0.000734233719601827 -0.852857455978632
-0.00072696407881369 -0.853108204165171
-0.00071976641466702 -0.853356600311364
-0.000712640014521802 -0.853602664987502
-0.000705584172793863 -0.853846418617499
-0.000698598190885013 -0.854087881479538
-0.000691681377113875 -0.854327073707062
-0.0006848330466474 -0.85456401529097
-0.00067805252143307 -0.854798726085928
-0.000671339130131752 -0.855031225836902
-0.00066469220805124 -0.855261534417919
-0.000658111097080435 -0.855489661111841
-0.0006515951456241939 -0.855715651743701
-0.000645143708538805 -0.855939501209728
-0.000638756147068124 -0.856161235857708
-0.000632431828780321 -0.856380875743016
-0.000626170127505268 -0.856598436220424
-0.000619970423272543 -0.856813940225069
-0.000613832102250043 -0.857027398622205
-0.00060775455668321 -0.857238838506269
-0.000601737184834862 -0.857448274383064
-0.000595779390925606 -0.857655724281603
-0.000589880585074857 -0.857861206039265
-0.000584040183242433 -0.858064737366254
-0.000578257607170726 -0.858266335833431
-0.000572532284327451 -0.858466018873487
-0.000566863647848961 -0.858663803781934
-0.00056125113648412 -0.858859707717778
-0.000555694194538733 -0.859053747704285
-0.000550192271820528 -0.859245940629628
-0.000544744823584681 -0.859436303247531
-0.000539351310479882 -0.859624852177938
-0.000534011198494933 -0.859811603907681
-0.000528723958905874 -0.859996574791126
-0.0005234890682236369 -0.860179781050846
-0.000518306008142215 -0.860361238778304
-0.000513174265487342 -0.860540963934512
-0.000508093332165685 -0.860718972350732
-0.00050306270511454 -0.860895279729156
-0.0004980818862520199 -0.861069901643601
-0.000493150382427742 -0.861242853540213
-0.000488267705374002 -0.861414150738169
-0.000483433371657428 -0.861583808430384
-0.000478646902631117 -0.861751841684228
-0.000473907824387244 -0.861918265442246
-0.000469215667710143 -0.862083094522873
-0.000464569968029844 -0.862246343621165
-0.000459970265376083 -0.862408027309522
-0.000455416104332756 -0.862568160038428
-0.000450907033992828 -0.862726756137184
-0.000446442607913691 -0.86288382981464
-0.000442022384072961 -0.86303939515993
-0.000437645924824714 -0.863193466143243
-0.000433312796856152 -0.863346056616526
-0.000429022571144705 -0.863497180314271
-0.00042477482291555 -0.863646850854224
-0.000420569131599554 -0.863795081738164
-0.000416405080791638 -0.863941886352639
-0.000412282258209542 -0.864087277969726
-0.000408200255653012 -0.86423126974778
-0.000404158668963379 -0.864373874732176
-0.000400157097983543 -0.864515105856075
-0.00039619514651836 -0.864654975941178
-0.000392272422295405 -0.864793497698479
-0.000388388536926144 -0.864930683729014
-0.000384543105867469 -0.865066546524605
-0.000380735748383633 -0.865201098468654
-0.000376966087508547 -0.865334351836834
-0.000373233750008463 -0.865466318797909
-0.000369538366345013 -0.865597011414442
-0.000365879570638626 -0.865726441643554
-0.000362257000632303 -0.865854621337696
-0.000358670297655746 -0.865981562245392
-0.000355119106589847 -0.866107276011994
-0.000351603075831532 -0.866231774180469
-0.000348121857258943 -0.86635506819218
-0.000344675106196973 -0.866477169387762
-0.000341262481383142 -0.866598089008249
-0.000337883644933803 -0.866717838196971
-0.000334538262310697 -0.866836428006919
-0.000331226002287818 -0.866953869507304
-0.000327946536918632 -0.867070172838218
-0.000324699541503596 -0.867185349719396
-0.000321484694558016 -0.867299410409903
-0.000318301677780214 -0.867412365445326
-0.000315150176020014 -0.867524225298372
-0.000312029877247538 -0.867635000342299
-0.000308940472522315 -0.867744700856024
-0.000305881655962688 -0.867853337025706
-0.000302853124715533 -0.867960918945793
-0.00029985457892627 -0.86806745661991
-0.000296885721709178 -0.868172959961495
-0.000293946259117998 -0.868277438794596
-0.00029103590011683 -0.868380902854552
-0.000288154356551317 -0.868483361788727
-0.000285301343120116 -0.868584825157176
-0.000282476577346649 -0.868685302433379
-0.000279679779551138 -0.868784803004867
-0.000276910672822909 -0.868883336174005
-0.000274168982992979 -0.868980911158589
-0.00027145443860691 -0.869077537092576
-0.00026876677089793 -0.869173223026766
-0.000266105713760327 -0.869267977929441
-0.000263471003723096 -0.869361810687102
-0.000260862379923858 -0.869454730105149
-0.000258279584083027 -0.86954674490863
-0.000255722360478245 -0.869637863743213
-0.000253190455919054 -0.869728095177233
-0.000250683619721836 -0.869817447712187
-0.000248201603684986 -0.869905929286889
-0.000245744162064343 -0.869993549443975
-0.000243311051548854 -0.870080315364437
-0.000240902031236489 -0.870166235530912
-0.000238516862610385 -0.870251318056167
-0.000236155309515233 -0.870335570971467
-0.000233817138133894 -0.870419002232609
-0.000231502116964252 -0.870501619721636
-0.000229210016796289 -0.870583431247513
-0.000226940610689395 -0.87066444454699
-0.000224693673949896 -0.870744667285075
-0.000222468984108808 -0.870824107055776
-0.00022026632089981 -0.870902771382645
-0.000218085466237435 -0.870980667719434
-0.000215926204195481 -0.871057803450623
-0.000213788320985624 -0.871134185892078
-0.000211671604936262 -0.871209822291611
-0.000209575846471546 -0.871284719829557
-0.00020750083809064 -0.871358885619355
-0.000205446374347168 -0.871432326708145
-0.000203412251828879 -0.871505050077315
-0.000201398269137504 -0.871577062643089
-0.000199404226868816 -0.871648371257061
-0.000197429927592887 -0.871718982706795
-0.000195475175834542 -0.871788903716355
-0.000193539778054002 -0.871858140946858
-0.000191623542627725 -0.871926700997025
-0.00018972627982943 -0.871994590403736
-0.000187847801811317 -0.872061815642557
-0.000185987922585462 -0.872128383128284
-0.000184146458005408 -0.872194299215475
-0.000182323225747929 -0.872259570198976
-0.000180518045294979 -0.872324202314445
-0.000178730737915821 -0.872388201738881
-0.000176961126649328 -0.872451574591141
-0.000175209036286463 -0.872514326932441
-0.000173474293352934 -0.872576464766875
-0.000171756726092014 -0.872637994041939
-0.000170056164447538 -0.872698920648998
-0.000168372440047068 -0.872759250423799
-0.000166705386185215 -0.872818989146987
-0.000165054837807144 -0.87287814254456
-0.000163420631492222 -0.872936716288393
-0.000161802605437843 -0.872994715996689
-0.000160200599443409 -0.87305214723448
-0.000158614454894465 -0.873109015514095
-0.000157044014746995 -0.873165326295641
-0.000155489123511876 -0.873221084987465
-0.000153949627239481 -0.873276296946603
-0.000152425373504437 -0.87333096747928
-0.000150916211390531 -0.873385101841335
-0.000149421991475774 -0.87343870523871
-0.000147942565817598 -0.873491782827833
-0.000146477787938216 -0.873544339716155
-0.000145027512810114 -0.873596380962535
-0.000143591596841697 -0.873647911577687
-0.000142169897863067 -0.873698936524621
-0.000140762275111947 -0.873749460719119
-0.00013936858921975 -0.873799489030069
-0.000137988702197772 -0.873849026279981
-0.000136622477423537 -0.873898077245386
-0.000135269779627264 -0.873946646657203
-0.000133930474878479 -0.873994739201267
-0.000132604430572752 -0.874042359518557
-0.000131291515418566 -0.874089512205902
-0.000129991599424323 -0.874136201815954
-0.000128704553885468 -0.874182432858003
-0.000127430251371751 -0.87422820979806
-0.000126168565714605 -0.874273537059046
-0.000124919371994658 -0.874318419017846
-0.000123682546529364 -0.874362860046916
-0.000122457966860757 -0.874406864385312
-0.000121245511743324 -0.874450436326397
-0.000120045061132003 -0.874493580079992
-0.0001188564961703 -0.87453629982065
-0.000117679699178515 -0.874578599683413
-0.000116514553642094 -0.874620483763663
-0.000115360944200093 -0.874661956117578
-0.000114218756633756 -0.874703020762377
-0.000113087877855204 -0.874743681676673
-0.000111968195896241 -0.874783942800914
-0.000110859599897269 -0.874823808037613
-0.000109761980096306 -0.874863281251838
-0.000108675227818124 -0.874902366271411
-0.00010759923546349 -0.87494106688741
-0.000106533896498505 -0.874979386854355
-0.000105479105444064 -0.875017329890684
-0.00010443475786541 -0.875054899678993
-0.000103400750361792 -0.875092099866433
-0.00010237698055623 -0.875128934064981
-0.000101363347085376 -0.875165405851842
-0.000100359749589481 -0.875201518769723
-9.93660887024564e-05 -0.875237276327157
-9.838226604203611e-05 -0.875272681998827
-9.74081842000357e-05 -0.875307739225918
-9.64437467327086e-05 -0.875342451416388
-9.548885815119661e-05 -0.875376821945286
-9.45434239120759e-05 -0.875410854155086
-9.36073504079959e-05 -0.875444551355952
-9.26805449584118e-05 -0.875477916826096
-9.17629158004077e-05 -0.875510953812018
-9.08543720796116e-05 -0.875543665528859
-8.995482384119961e-05 -0.875576055160657
-8.90641820209897e-05 -0.875608125860657
-8.81823584366235e-05 -0.875639880751603
-8.730926577883521e-05 -0.875671322926018
-8.64448176028071e-05 -0.875702455446489
-8.5588928319611e-05 -0.875733281345964
-8.474151318773359e-05 -0.875763803628004
-8.39024883046868e-05 -0.875794025267089
-8.307177059869981e-05 -0.875823949208883
-8.22492778204948e-05 -0.875853578370495
-8.143492853514339e-05 -0.875882915640769
-8.062864211400339e-05 -0.875911963880535
-7.9830338726736e-05 -0.875940725922886
-7.9039939333402e-05 -0.875969204573433
-7.82573656766356e-05 -0.875997402610568
-7.74825402738966e-05 -0.87602532278573
-7.671538640979859e-05 -0.876052967823637
-7.59558281285135e-05 -0.876080340422581
-7.5203790226251e-05 -0.876107443254634
-7.44591982438129e-05 -0.876134278965922
-7.37219784592207e-05 -0.876160850176881
-7.299205788041651e-05 -0.876187159482466
-7.22693642380361e-05 -0.876213209452432
-7.155382597825361e-05 -0.876239002631554
-7.084537225569659e-05 -0.876264541539861
-7.01439329264323e-05 -0.876289828672889
-6.944943854102211e-05 -0.876314866501896
-6.876182033764561e-05 -0.876339657474119
-6.80810102352927e-05 -0.87636420401295
-6.74069408270225e-05 -0.87638850851825
-6.673954537328961e-05 -0.87641257336648
-6.607875779533621e-05 -0.876436400910994
-6.54245126686497e-05 -0.876459993482229
-6.477674521648491e-05 -0.876483353387912
-6.41353913034504e-05 -0.87650648291333
-6.350038742915879e-05 -0.87652938432147
-6.28716707219394e-05 -0.876552059853301
-6.22491789326132e-05 -0.876574511727939
-6.16328504283299e-05 -0.87659674214288
-6.10226241864653e-05 -0.876618753274199
-6.04184397885795e-05 -0.876640547276754
-5.98202374144351e-05 -0.876662126284394
-5.92279578360744e-05 -0.876683492410155
-5.86415424119548e-05 -0.876704647746475
-5.80609330811434e-05 -0.876725594365354
-5.74860723575677e-05 -0.876746334318599
-5.69169033243245e-05 -0.876766869637998
-5.6353369628044e-05 -0.876787202335481
-5.57954154733109e-05 -0.876807334403376
-5.52429856171395e-05 -0.876827267814534
-5.46960253635045e-05 -0.876847004522544
-5.41544805579252e-05 -0.876866546461932
-5.36182975821042e-05 -0.876885895548314
-5.3087423348618e-05 -0.876905053678617
-5.25618052956614e-05 -0.876924022731199
-5.2041391381843e-05 -0.876942804566108
-5.15261300810327e-05 -0.876961401025177
-5.10159703772601e-05 -0.876979813932259
-5.05108617596634e-05 -0.87699804509338
-5.00107542174885e-05 -0.877016096296879
-4.95155982351372e-05 -0.877033969313652
-4.90253447872645e-05 -0.877051665897274
-4.85399453339253e-05 -0.877069187784103
-4.80593518157676e-05 -0.877086536693624
-4.75835166492748e-05 -0.877103714328403
-4.71123927220543e-05 -0.877120722374411
-4.66459333881726e-05 -0.877137562501093
-4.61840924635372e-05 -0.877154236361538
-4.5726824221324e-05 -0.877170745592731
-4.52740833874495e-05 -0.877187091815536
-4.48258251360886e-05 -0.877203276634987
-4.43820050852362e-05 -0.877219301640468
-4.39425792923131e-05 -0.877235168405666
-4.35075042498149e-05 -0.877250878489041
-4.30767368810049e-05 -0.877266433433569
-4.26502345356484e-05 -0.877281834767243
-4.22279549857905e-05 -0.877297084003147
-4.18098564215747e-05 -0.877312182640065
-4.13958974471037e-05 -0.877327132159584
-4.09860370763403e-05 -0.877341934032414
-4.05802347290498e-05 -0.877356589712752
-4.0178450226782e-05 -0.877371100640856
-3.97806437888931e-05 -0.877385468242874
-3.9386776028607e-05 -0.877399693930927
-3.89968079491158e-05 -0.877413779103515
-3.86107009397186e-05 -0.877427725145228
-3.82284167719987e-05 -0.877441533427135
-3.78499175960383e-05 -0.877455205306895
-3.74751659366716e-05 -0.877468742128805
-3.71041246897738e-05 -0.877482145223972
-3.67367571185879e-05 -0.877495415910482
-3.63730268500871e-05 -0.87750855549346
-3.60128978713733e-05 -0.877521565265229
-3.56563345261122e-05 -0.877534446505452
-3.53033015110022e-05 -0.877547200481191
-3.49537638722794e-05 -0.877559828447122
-3.46076870022568e-05 -0.877572331645553
-3.42650366358979e-05 -0.877584711306666
-3.39257788474236e-05 -0.877596968648483
-3.35898800469541e-05 -0.877609104877127
-3.32573069771823e-05 -0.877621121186862
-3.29280267100814e-05 -0.877633018760192
-3.2602006643645e-05 -0.877644798768074
-3.22792144986584e-05 -0.877656462369916
-3.19596183155034e-05 -0.877668010713732
-3.16431864509934e-05 -0.877679444936296
-3.1329887575241e-05 -0.87769076616318
-3.10196906685555e-05 -0.877701975508921
-3.07125650183718e-05 -0.877713074077104
-3.04084802162097e-05 -0.877724062960442
-3.0107406154663e-05 -0.877734943240937
-2.98093130244188e-05 -0.877745715989948
-2.95141713113058e-05 -0.877756382268315
-2.92219517933721e-05 -0.877766943126433
-2.89326255379921e-05 -0.877777399604362
-2.86461638990021e-05 -0.877787752731996
-2.83625385138635e-05 -0.877798003529031
-2.80817213008549e-05 -0.877808153005184
-2.7803684456292e-05 -0.877818202160207
-2.75284004517743e-05 -0.877828151984065
-2.72558420314597e-05 -0.87783800345697
-2.6985982209366e-05 -0.877847757549449
-2.6718794266699e-05 -0.87785741522257
-2.64542517492069e-05 -0.877866977427876
-2.61923284645613e-05 -0.877876445107584
-2.59329984797637e-05 -0.877885819194614
-2.56762361185779e-05 -0.877895100612747
-2.5422015958988e-05 -0.877904290276636
-2.51703128306812e-05 -0.877913389091958
-2.49211018125557e-05 -0.877922397955492
-2.46743582302531e-05 -0.877931317755159
-2.4430057653716e-05 -0.877940149370127
-2.41881758947683e-05 -0.87794889367098
-2.39486890047211e-05 -0.87795755151967
-2.37115732720011e-05 -0.877966123769697
-2.3476805219803e-05 -0.877974611266144
-2.32443616037654e-05 -0.877983014845782
-2.30142194096687e-05 -0.877991335337139
-2.27863558511571e-05 -0.877999573560579
-2.25607483674823e-05 -0.87800773032842
-2.23373746212696e-05 -0.878015806444964
-2.21162124963065e-05 -0.878023802706561
-2.1897240095353e-05 -0.87803171990175
-2.16804357379733e-05 -0.878039558811278
-2.14657779583894e-05 -0.878047320208295
-2.12532455033558e-05 -0.878055004858112
-2.10428173300553e-05 -0.878062613518271
-2.08344726040151e-05 -0.878070146950028
-2.06281906970447e-05 -0.878077605869369
-2.04239511851927e-05 -0.878084991035461
-2.02217338467255e-05 -0.878092303170736
-2.00215186601242e-05 -0.878099542995928
-1.98232858021032e-05 -0.878106711225337
-1.96270156456467e-05 -0.878113808566011
-1.94326887580661e-05 -0.8781208357184
-1.92402858990753e-05 -0.878127793375646
-1.90497880188865e-05 -0.878134682224224
-1.88611762563232e-05 -0.878141502943857
-1.86744319369537e-05 -0.878148256207596
-1.84895365712413e-05 -0.878154942681806
-1.83064718527141e-05 -0.878161563026234
-1.81252196561526e-05 -0.878168117894285
-1.79457620357947e-05 -0.878174607932761
-1.77680812235591e-05 -0.87818103378218
-1.75921596272862e-05 -0.878187396076736
-1.74179798289962e-05 -0.878193695444319
-1.72455245831646e-05 -0.878199932506674
-1.70747768150145e-05 -0.878206107879424
-1.69057196188262e-05 -0.878212222172085
-1.67383362562636e-05 -0.87821827598818
-1.65726101547164e-05 -0.8782242699253
-1.64085249056598e-05 -0.878230204575121
-1.62460642630295e-05 -0.878236080523478
-1.60852121416134e-05 -0.878241898350437
-1.59259526154588e-05 -0.878247658630357
-1.57682699162958e-05 -0.878253361931931
-1.56121484319761e-05 -0.878259008818203
-1.54575727049268e-05 -0.878264599846715
-1.53045274306206e-05 -0.878270135569491
-1.515299745606e-05 -0.878275616533087
-1.50029677782772e-05 -0.878281043278694
-1.48544235428487e-05 -0.87828641634217
-1.47073500424245e-05 -0.878291736254055
-1.45617327152718e-05 -0.878297003539686
-1.44175571438334e-05 -0.878302218719204
-1.42748090533004e-05 -0.878307382307612
-1.41334743101984e-05 -0.878312494814836
-1.39935389209886e-05 -0.878317556745783
-1.38549890306817e-05 -0.878322568600359
-1.37178109214671e-05 -0.878327530873549
-1.35819910113535e-05 -0.878332444055448
-1.34475158528253e-05 -0.878337308631315
-1.33143721315102e-05 -0.878342125081627
-1.31825466648616e-05 -0.878346893882111
-1.3052026400853e-05 -0.878351615503797
-1.29227984166862e-05 -0.878356290413078
-1.27948499175111e-05 -0.878360919071728
-1.26681682351595e-05 -0.878365501936982
-1.25427408268906e-05 -0.878370039461542
-1.24185552741491e-05 -0.878374532093653
-1.22955992813357e-05 -0.878378980277137
-1.21738606745898e-05 -0.878383384451427
-1.2053327400584e-05 -0.878387745051621
-1.19339875253307e-05 -0.878392062508523
-1.18158292330007e-05 -0.878396337248683
-1.16988408247531e-05 -0.878400569694445
-1.15830107175774e-05 -0.878404760263967
-1.14683274431459e-05 -0.878408909371302
-1.13547796466791e-05 -0.878413017426399
-1.12423560858209e-05 -0.878417084835155
-1.11310456295256e-05 -0.878421111999474
-1.10208372569561e-05 -0.878425099317285
-1.09117200563922e-05 -0.878429047182586
-1.08036832241506e-05 -0.878432955985481
-1.06967160635155e-05 -0.87843682611223
-1.05908079836787e-05 -0.878440657945273
-1.04859484986918e-05 -0.878444451863273
-1.03821272264275e-05 -0.878448208241162
-1.0279333887552e-05 -0.878451927450157
-1.01775583045069e-05 -0.878455609857811
-1.00767904005019e-05 -0.878459255828055
-9.977020198516739e-06 -0.878462865721215
-9.878237820313601e-06 -0.878466439894065
-9.780433485459009e-06 -0.878469978699857
-9.68359751035546e-06 -0.878473482488343
-9.587720307282629e-06 -0.878476951605832
-9.492792383448151e-06 -0.878480386395202
-9.39880434004767e-06 -0.878483787195959
-9.30574687133433e-06 -0.878487154344237
-9.21361076369735e-06 -0.878490488172855
-9.12238689474986e-06 -0.878493789011355
-9.0320662324256e-06 -0.878497057186008
-8.942639834084751e-06 -0.878500293019874
-8.85409884562847e-06 -0.878503496832817
-8.76643450062225e-06 -0.878506668941535
-8.679638119427971e-06 -0.878509809659602
-8.593701108344519e-06 -0.878512919297498
-8.508614958756951e-06 -0.878515998162628
-8.42437124629401e-06 -0.878519046559362
-8.34096162999407e-06 -0.878522064789068
-8.25837785147928e-06 -0.878525053150125
-8.1766117341379e-06 -0.878528011937971
-8.09565518231475e-06 -0.878530941445128
-8.01550018050966e-06 -0.87853384196122
-7.93613879258382e-06 -0.878536713773012
-7.85756316097408e-06 -0.878539557164435
-7.77976550591493e-06 -0.878542372416615
-7.702738124668249e-06 -0.878545159807898
-7.62647339076064e-06 -0.878547919613881
-7.55096375322836e-06 -0.87855065210744
-7.47620173586966e-06 -0.878553357558743
-7.40217993650461e-06 -0.878556036235302
-7.32889102624219e-06 -0.878558688401977
-7.25632774875465e-06 -0.878561314321013
-7.18448291955906e-06 -0.878563914252057
-7.113349425306e-06 -0.878566488452204
-7.04292022307524e-06 -0.878569037175992
-6.97318833967846e-06 -0.878571560675449
-6.90414687096877e-06 -0.878574059200117
-6.8357889811572e-06 -0.878576532997064
-6.76810790213584e-06 -0.878578982310919
-6.70109693280776e-06 -0.878581407383892
-6.63474943842353e-06 -0.878583808455804
-6.56905884992428e-06 -0.878586185764096
-6.50401866329137e-06 -0.878588539543868
-6.43962243890235e-06 -0.878590870027894
-6.37586380089341e-06 -0.878593177446648
-6.31273643652813e-06 -0.878595462028327
-6.25023409557241e-06 -0.878597723998864
-6.18835058967565e-06 -0.878599963581971
-6.12707979175807e-06 -0.878602180999139
-6.06641563540403e-06 -0.878604376469671
-6.00635211426141e-06 -0.878606550210704
-5.94688328144694e-06 -0.878608702437228
-5.88800324895737e-06 -0.878610833362105
-5.82970618708651e-06 -0.878612943196095
-5.77198632384803e-06 -0.878615032147871
-5.71483794440399e-06 -0.87861710042405
-5.658255390499e-06 -0.878619148229194
-5.6022330599e-06 -0.878621175765857
-5.54676540584158e-06 -0.878623183234576
-5.49184693647681e-06 -0.878625170833918
-5.43747221433348e-06 -0.878627138760475
-5.38363585577572e-06 -0.878629087208901
-5.33033253047101e-06 -0.878631016371929
-5.27755696086239e-06 -0.878632926440378
-5.22530392164593e-06 -0.878634817603187
-5.17356823925339e-06 -0.878636690047421
-5.12234479133999e-06 -0.878638543958298
-5.07162850627722e-06 -0.878640379519206
-5.02141436265071e-06 -0.878642196911717
-4.97169738876308e-06 -0.878643996315606
-4.92247266214166e-06 -0.878645777908877
-4.87373530905115e-06 -0.878647541867767
-4.82548050401104e-06 -0.878649288366772
-4.77770346931786e-06 -0.878651017578661
-4.73039947457214e-06 -0.878652729674495
-4.68356383621004e-06 -0.878654424823649
-4.63719191703965e-06 -0.878656103193814
-4.59127912578183e-06 -0.878657764951031
-4.54582091661567e-06 -0.878659410259689
-4.50081278872839e-06 -0.878661039282559
-4.45625028586969e-06 -0.8786626521808
-4.41212899591058e-06 -0.878664249113976
-4.36844455040652e-06 -0.878665830240074
-4.32519262416487e-06 -0.878667395715518
-4.2823689348167e-06 -0.878668945695188
-4.23996924239277e-06 -0.878670480332422
-4.19798934890374e-06 -0.878671999779055
-4.15642509792449e-06 -0.87867350418541
-4.11527237418267e-06 -0.878674993700331
-4.07452710315115e-06 -0.87867646847118
-4.03418525064471e-06 -0.878677928643869
-3.9942428224205e-06 -0.878679374362865
-3.95469586378268e-06 -0.878680805771206
-3.91554045919077e-06 -0.878682223010515
-3.87677273187205e-06 -0.878683626221011
-3.83838884343767e-06 -0.878685015541534
-3.80038499350264e-06 -0.87868639110954
-3.76275741930955e-06 -0.878687753061135
-3.72550239535599e-06 -0.878689101531071
-3.68861623302573e-06 -0.878690436652772
-3.6520952802235e-06 -0.87869175855834
-3.61593592101336e-06 -0.878693067378573
-3.58013457526076e-06 -0.878694363242971
-3.54468769827798e-06 -0.878695646279754
-3.50959178047324e-06 -0.878696916615875
-3.47484334700321e-06 -0.878698174377031
-3.44043895742892e-06 -0.878699419687675
-3.40637520537517e-06 -0.878700652671028
-3.37264871819324e-06 -0.878701873449092
-3.33925615662697e-06 -0.878703082142667
-3.30619421448215e-06 -0.878704278871347
-3.27345961829915e-06 -0.878705463753557
-3.24104912702887e-06 -0.878706636906536
-3.20895953171175e-06 -0.878707798446373
-3.17718765516015e-06 -0.878708948488008
-3.14573035164371e-06 -0.878710087145239
-3.11458450657793e-06 -0.87871121453074
-3.08374703621577e-06 -0.878712330756072
-3.05321488734235e-06 -0.878713435931689
-3.02298503697262e-06 -0.878714530166957
-2.9930544920521e-06 -0.878715613570159
-2.9634202891605e-06 -0.878716686248499
-2.93407949421831e-06 -0.878717748308128
-2.90502920219635e-06 -0.878718799854148
-2.87626653682807e-06 -0.878719840990613
-2.84778865032482e-06 -0.878720871820559
-2.81959272309388e-06 -0.878721892445992
-2.79167596345929e-06 -0.878722902967913
-2.76403560738544e-06 -0.878723903486325
-2.7366689182034e-06 -0.878724894100237
-2.70957318634e-06 -0.878725874907686
-2.68274572904951e-06 -0.878726846005729
-2.65618389014803e-06 -0.878727807490471
-2.62988503975052e-06 -0.878728759457063
-2.60384657401042e-06 -0.878729701999714
-2.5780659148618e-06 -0.878730635211702
-2.55254050976416e-06 -0.87873155918538
-2.52726783144966e-06 -0.878732474012188
-2.50224537767293e-06 -0.878733379782666
-2.4774706709633e-06 -0.87873427658645
-2.4529412583795e-06 -0.878735164512291
-2.42865471126683e-06 -0.878736043648072
-2.40460862501667e-06 -0.878736914080788
-2.38080061882838e-06 -0.87873777589659
-2.35722833547365e-06 -0.878738629180766
-2.33388944106302e-06 -0.878739474017768
-2.31078162481487e-06 -0.878740310491203
-2.2879025988266e-06 -0.878741138683861
-2.26525009784812e-06 -0.878741958677702
-2.24282187905755e-06 -0.878742770553885
-2.22061572183915e-06 -0.87874357439276
-2.19862942756352e-06 -0.878744370273881
-2.17686081936982e-06 -0.878745158276021
-2.15530774195032e-06 -0.878745938477165
-2.13396806133695e-06 -0.878746710954534
-2.11283966469005e-06 -0.87874747578458
-2.09192046008916e-06 -0.878748233043003
-2.0712083763259e-06 -0.878748982804745
-2.05070136269891e-06 -0.878749725144017
-2.0303973888108e-06 -0.878750460134288
-2.01029444436713e-06 -0.878751187848307
-1.99039053897736e-06 -0.878751908358094
-1.97068370195778e-06 -0.878752621734964
-1.95117198213641e-06 -0.878753328049523
-1.93185344765982e-06 -0.878754027371676
-1.9127261858018e-06 -0.878754719770642
-1.89378830277406e-06 -0.878755405314952
-1.87503792353867e-06 -0.878756084072456
-1.85647319162245e-06 -0.878756756110335
-1.83809226893311e-06 -0.878757421495109
-1.81989333557734e-06 -0.878758080292631
-1.80187458968054e-06 -0.878758732568112
-1.78403424720845e-06 -0.878759378386107
-1.76637054179055e-06 -0.878760017810542
-1.74888172454509e-06 -0.878760650904706
-1.73156606390603e-06 -0.878761277731262
-1.71442184545152e-06 -0.878761898352252
-1.69744737173418e-06 -0.878762512829103
-1.68064096211305e-06 -0.878763121222637
-1.66400095258717e-06 -0.878763723593076
-1.64752569563087e-06 -0.878764320000038
-1.63121356003056e-06 -0.878764910502557
-1.61506293072333e-06 -0.878765495159085
-1.59907220863696e-06 -0.878766074027486
-1.58323981053164e-06 -0.878766647165062
-1.56756416884321e-06 -0.878767214628541
-1.55204373152793e-06 -0.878767776474092
-1.53667696190884e-06 -0.87876833275733
-1.52146233852361e-06 -0.878768883533313
-1.50639835497387e-06 -0.878769428856561
-1.49148351977611e-06 -0.878769968781052
-1.47671635621397e-06 -0.878770503360228
-1.46209540219205e-06 -0.878771032647003
-1.44761921009113e-06 -0.878771556693775
-1.43328634662489e-06 -0.878772075552406
-1.41909539269791e-06 -0.87877258927426
-1.40504494326525e-06 -0.878773097910186
-1.39113360719332e-06 -0.878773601510535
-1.3773600071221e-06 -0.878774100125154
-1.36372277932881e-06 -0.878774593803396
-1.35022057359288e-06 -0.87877508259413
-1.33685205306226e-06 -0.878775566545739
-1.32361589412105e-06 -0.878776045706131
-1.31051078625847e-06 -0.878776520122729
-1.29753543193907e-06 -0.878776989842499
-1.28468854647433e-06 -0.878777454911938
-1.27196885789538e-06 -0.878777915377079
-1.25937510682711e-06 -0.878778371283504
-1.24690604636347e-06 -0.87877882267634
-1.23456044194403e-06 -0.878779269600271
-1.22233707123171e-06 -0.878779712099535
-1.2102347239918e-06 -0.878780150217937
-1.19825220197208e-06 -0.878780583998845
-1.18638831878423e-06 -0.878781013485196
-1.17464189978637e-06 -0.878781438719508
-1.1630117819667e-06 -0.878781859743873
-1.15149681382842e-06 -0.878782276599967
-1.14009585527566e-06 -0.878782689329054
-1.12880777750065e-06 -0.878783097971992
-1.11763146287194e-06 -0.878783502569231
-1.1065658048237e-06 -0.878783903160821
-1.09560970774624e-06 -0.878784299786419
-1.08476208687746e-06 -0.878784692485285
-1.07402186819551e-06 -0.878785081296294
-1.06338798831238e-06 -0.878785466257934
-1.0528593943687e-06 -0.878785847408313
-1.0424350439294e-06 -0.878786224785162
-1.0321139048806e-06 -0.878786598425838
-1.02189495532732e-06 -0.878786968367327
-1.0117771834924e-06 -0.878787334646252
-1.00175958761624e-06 -0.878787697298871
1.00175958761624e-06 -0.878860232174105
1.0117771834924e-06 -0.878860594870238
1.02189495532732e-06 -0.878860961193551
1.0321139048806e-06 -0.878861331180318
1.0424350439294e-06 -0.878861704867181
1.0528593943687e-06 -0.878862082291151
1.06338798831238e-06 -0.878862463489594
1.07402186819551e-06 -0.878862848500268
1.08476208687746e-06 -0.878863237361291
1.09560970774624e-06 -0.878863630111182
1.1065658048237e-06 -0.878864026788827
1.11763146287194e-06 -0.878864427433513
1.12880777750065e-06 -0.87886483208491
1.14009585527566e-06 -0.878865240783098
1.15149681382842e-06 -0.878865653568548
1.1630117819667e-06 -0.878866070482132
1.17464189978637e-06 -0.878866491565145
1.18638831878423e-06 -0.878866916859285
1.19825220197208e-06 -0.878867346406668
1.2102347239918e-06 -0.87886778024983
1.22233707123171e-06 -0.878868218431743
1.23456044194403e-06 -0.878868660995791
1.24690604636347e-06 -0.87886910798581
1.25937510682711e-06 -0.878869559446062
1.27196885789538e-06 -0.878870015421257
1.28468854647433e-06 -0.87887047595655
1.29753543193907e-06 -0.87887094109755
1.31051078625847e-06 -0.87887141089032
1.32361589412105e-06 -0.878871885381389
1.33685205306226e-06 -0.878872364617744
1.35022057359288e-06 -0.878872848646848
1.36372277932881e-06 -0.87887333751663
1.3773600071221e-06 -0.87887383127551
1.39113360719332e-06 -0.878874329972389
1.40504494326525e-06 -0.878874833656648
1.41909539269791e-06 -0.878875342378174
1.43328634662489e-06 -0.878875856187351
1.44761921009113e-06 -0.878876375135058
1.46209540219205e-06 -0.878876899272691
1.47671635621397e-06 -0.87887742865216
1.49148351977611e-06 -0.878877963325892
1.50639835497387e-06 -0.878878503346836
1.52146233852361e-06 -0.87887904876848
1.53667696190884e-06 -0.878879599644836
1.55204373152793e-06 -0.878880156030462
1.56756416884321e-06 -0.87888071798046
1.58323981053164e-06 -0.878881285550486
1.59907220863696e-06 -0.878881858796752
1.61506293072333e-06 -0.878882437776027
1.63121356003056e-06 -0.878883022545653
1.64752569563087e-06 -0.878883613163549
1.66400095258717e-06 -0.878884209688207
1.68064096211305e-06 -0.878884812178702
1.69744737173418e-06 -0.878885420694712
1.71442184545152e-06 -0.8788860352965
1.73156606390603e-06 -0.878886656044935
1.74888172454509e-06 -0.878887283001497
1.76637054179055e-06 -0.878887916228281
1.78403424720845e-06 -0.878888555788003
1.80187458968054e-06 -0.878889201744005
1.81989333557734e-06 -0.878889854160264
1.83809226893311e-06 -0.878890513101395
1.85647319162245e-06 -0.878891178632663
1.87503792353867e-06 -0.878891850819983
1.89378830277406e-06 -0.878892529729932
1.9127261858018e-06 -0.878893215429749
1.93185344765982e-06 -0.87889390798735
1.95117198213641e-06 -0.878894607471326
1.97068370195778e-06 -0.878895313950958
1.99039053897736e-06 -0.878896027496223
2.01029444436713e-06 -0.878896748177787
2.0303973888108e-06 -0.878897476067036
2.05070136269891e-06 -0.878898211236062
2.0712083763259e-06 -0.878898953757679
2.09192046008916e-06 -0.878899703705432
2.11283966469005e-06 -0.878900461153604
2.13396806133695e-06 -0.878901226177212
2.15530774195032e-06 -0.878901998852035
2.17686081936982e-06 -0.878902779254604
2.19862942756352e-06 -0.878903567462215
2.22061572183915e-06 -0.878904363552939
2.24282187905755e-06 -0.878905167605627
2.26525009784812e-06 -0.878905979699923
2.2879025988266e-06 -0.878906799916261
2.31078162481487e-06 -0.878907628335884
2.33388944106302e-06 -0.878908465040852
2.35722833547365e-06 -0.878909310114036
2.38080061882838e-06 -0.878910163639146
2.40460862501667e-06 -0.878911025700723
2.42865471126683e-06 -0.878911896384154
2.4529412583795e-06 -0.878912775775685
2.4774706709633e-06 -0.878913663962423
2.50224537767293e-06 -0.878914561032344
2.52726783144966e-06 -0.878915467074309
2.55254050976416e-06 -0.878916382178063
2.5780659148618e-06 -0.878917306434253
2.60384657401042e-06 -0.87891823993443
2.62988503975052e-06 -0.878919182771063
2.65618389014803e-06 -0.878920135037546
2.68274572904951e-06 -0.878921096828208
2.70957318634e-06 -0.87892206823832
2.7366689182034e-06 -0.878923049364108
2.76403560738544e-06 -0.87892404030276
2.79167596345929e-06 -0.878925041152436
2.81959272309388e-06 -0.878926052012283
2.84778865032482e-06 -0.878927072982431
2.87626653682807e-06 -0.878928104164026
2.90502920219635e-06 -0.878929145659206
2.93407949421831e-06 -0.878930197571152
2.9634202891605e-06 -0.878931260004062
2.9930544920521e-06 -0.878932333063183
3.02298503697262e-06 -0.878933416854818
3.05321488734235e-06 -0.878934511486331
3.08374703621577e-06 -0.878935617066156
3.11458450657793e-06 -0.87893673370382
3.14573035164371e-06 -0.878937861509943
3.17718765516015e-06 -0.878939000596248
3.20895953171175e-06 -0.878940151075584
3.24104912702887e-06 -0.878941313061919
3.27345961829915e-06 -0.878942486670371
3.30619421448215e-06 -0.878943672017206
3.33925615662697e-06 -0.878944869219854
3.37264871819324e-06 -0.878946078396919
3.40637520537517e-06 -0.878947299668195
3.44043895742892e-06 -0.878948533154674
3.47484334700321e-06 -0.878949778978554
3.50959178047324e-06 -0.878951037263264
3.54468769827798e-06 -0.878952308133462
3.58013457526076e-06 -0.878953591715056
3.61593592101336e-06 -0.878954888135216
3.6520952802235e-06 -0.878956197522378
3.68861623302573e-06 -0.878957520006279
3.72550239535599e-06 -0.878958855717934
3.76275741930955e-06 -0.87896020478968
3.80038499350264e-06 -0.87896156735518
3.83838884343767e-06 -0.878962943549437
3.87677273187205e-06 -0.878964333508791
3.91554045919077e-06 -0.878965737370965
3.95469586378268e-06 -0.878967155275045
3.9942428224205e-06 -0.878968587361521
4.03418525064471e-06 -0.878970033772288
4.07452710315115e-06 -0.878971494650645
4.11527237418267e-06 -0.878972970141348
4.15642509792449e-06 -0.87897446039059
4.19798934890374e-06 -0.87897596554603
4.23996924239277e-06 -0.878977485756807
4.2823689348167e-06 -0.87897902117354
4.32519262416487e-06 -0.878980571948376
4.36844455040652e-06 -0.87898213823497
4.41212899591058e-06 -0.878983720188521
4.45625028586969e-06 -0.878985317965782
4.50081278872839e-06 -0.878986931725079
4.54582091661567e-06 -0.87898856162631
4.59127912578183e-06 -0.878990207830982
4.63719191703965e-06 -0.878991870502219
4.68356383621004e-06 -0.878993549804783
4.73039947457214e-06 -0.878995245905074
4.77770346931786e-06 -0.878996958971163
4.82548050401104e-06 -0.878998689172809
4.87373530905115e-06 -0.879000436681467
4.92247266214166e-06 -0.879002201670298
4.97169738876308e-06 -0.879003984314221
5.02141436265071e-06 -0.879005784789877
5.07162850627722e-06 -0.879007603275694
5.12234479133999e-06 -0.879009439951886
5.17356823925339e-06 -0.879011295000465
5.22530392164593e-06 -0.879013168605268
5.27755696086239e-06 -0.87901506095197
5.33033253047101e-06 -0.879016972228112
5.38363585577572e-06 -0.879018902623107
5.43747221433348e-06 -0.879020852328264
5.49184693647681e-06 -0.879022821536812
5.54676540584158e-06 -0.879024810443907
5.6022330599e-06 -0.87902681924667
5.658255390499e-06 -0.879028848144192
5.71483794440399e-06 -0.879030897337547
5.77198632384803e-06 -0.879032967029841
5.82970618708651e-06 -0.879035057426194
5.88800324895737e-06 -0.879037168733801
5.94688328144694e-06 -0.879039301161913
6.00635211426141e-06 -0.87904145492188
6.06641563540403e-06 -0.879043630227192
6.12707979175807e-06 -0.879045827293434
6.18835058967565e-06 -0.879048046338387
6.25023409557241e-06 -0.879050287582001
6.31273643652813e-06 -0.879052551246421
6.37586380089341e-06 -0.879054837556024
6.43962243890235e-06 -0.87905714673744
6.50401866329137e-06 -0.879059479019554
6.56905884992428e-06 -0.879061834633562
6.63474943842353e-06 -0.879064213812948
6.70109693280776e-06 -0.879066616793568
6.76810790213584e-06 -0.879069043813615
6.8357889811572e-06 -0.879071495113679
6.90414687096877e-06 -0.87907397093676
6.97318833967846e-06 -0.879076471528282
7.04292022307524e-06 -0.879078997136141
7.113349425306e-06 -0.879081548010712
7.18448291955906e-06 -0.879084124404866
7.25632774875465e-06 -0.879086726574022
7.32889102624219e-06 -0.879089354776154
7.40217993650461e-06 -0.879092009271816
7.47620173586966e-06 -0.879094690324175
7.55096375322836e-06 -0.87909739819903
7.62647339076064e-06 -0.879100133164853
7.702738124668249e-06 -0.879102895492796
7.77976550591493e-06 -0.87910568545673
7.85756316097408e-06 -0.879108503333274
7.93613879258382e-06 -0.879111349401805
8.01550018050966e-06 -0.879114223944519
8.09565518231475e-06 -0.879117127246418
8.1766117341379e-06 -0.879120059595384
8.25837785147928e-06 -0.879123021282161
8.34096162999407e-06 -0.879126012600409
8.42437124629401e-06 -0.879129033846748
8.508614958756951e-06 -0.87913208532075
8.593701108344519e-06 -0.879135167325004
8.679638119427971e-06 -0.879138280165117
8.76643450062225e-06 -0.87914142414977
8.85409884562847e-06 -0.879144599590729
8.942639834084751e-06 -0.879147806802888
9.0320662324256e-06 -0.879151046104299
9.12238689474986e-06 -0.879154317816195
9.21361076369735e-06 -0.879157622263036
9.30574687133433e-06 -0.879160959772525
9.39880434004767e-06 -0.879164330675652
9.492792383448151e-06 -0.879167735306734
9.587720307282629e-06 -0.87917117400342
9.68359751035546e-06 -0.879174647106762
9.780433485459009e-06 -0.879178154961218
9.878237820313601e-06 -0.8791816979147
9.977020198516739e-06 -0.87918527631862
1.00767904005019e-05 -0.87918889052789
1.01775583045069e-05 -0.879192540900989
1.0279333887552e-05 -0.879196227800006
1.03821272264275e-05 -0.879199951590631
1.04859484986918e-05 -0.879203712642244
1.05908079836787e-05 -0.879207511327915
1.06967160635155e-05 -0.879211348024456
1.08036832241506e-05 -0.879215223112459
1.09117200563922e-05 -0.879219136976327
1.10208372569561e-05 -0.879223090004332
1.11310456295256e-05 -0.879227082588612
1.12423560858209e-05 -0.879231115125258
1.13547796466791e-05 -0.879235188014331
1.14683274431459e-05 -0.879239301659887
1.15830107175774e-05 -0.87924345647006
1.16988408247531e-05 -0.879247652857042
1.18158292330007e-05 -0.879251891237191
1.19339875253307e-05 -0.879256172031032
1.2053327400584e-05 -0.879260495663285
1.21738606745898e-05 -0.879264862562963
1.22955992813357e-05 -0.87926927316334
1.24185552741491e-05 -0.879273727902083
1.25427408268906e-05 -0.879278227221223
1.26681682351595e-05 -0.87928277156721
1.27948499175111e-05 -0.879287361391004
1.29227984166862e-05 -0.879291997148068
1.3052026400853e-05 -0.879296679298427
1.31825466648616e-05 -0.879301408306747
1.33143721315102e-05 -0.879306184642339
1.34475158528253e-05 -0.879311008779204
1.35819910113535e-05 -0.879315881196138
1.37178109214671e-05 -0.8793208023767
1.38549890306817e-05 -0.879325772809326
1.39935389209886e-05 -0.879330792987345
1.41334743101984e-05 -0.879335863409034
1.42748090533004e-05 -0.879340984577663
1.44175571438334e-05 -0.879346157001578
1.45617327152718e-05 -0.879351381194187
1.47073500424245e-05 -0.879356657674079
1.48544235428487e-05 -0.879361986965025
1.50029677782772e-05 -0.87936736959609
1.515299745606e-05 -0.879372806101596
1.53045274306206e-05 -0.879378297021257
1.54575727049268e-05 -0.87938384290021
1.56121484319761e-05 -0.879389444289044
1.57682699162958e-05 -0.879395101743881
1.59259526154588e-05 -0.879400815826457
1.60852121416134e-05 -0.879406587104063
1.62460642630295e-05 -0.879412416149775
1.64085249056598e-05 -0.879418303542365
1.65726101547164e-05 -0.879424249866448
1.67383362562636e-05 -0.879430255712498
1.69057196188262e-05 -0.879436321676903
1.70747768150145e-05 -0.879442448362038
1.72455245831646e-05 -0.879448636376341
1.74179798289962e-05 -0.879454886334367
1.75921596272862e-05 -0.879461198856803
1.77680812235591e-05 -0.879467574570629
1.79457620357947e-05 -0.879474014109052
1.81252196561526e-05 -0.879480518111711
1.83064718527141e-05 -0.879487087224556
1.84895365712413e-05 -0.879493722100168
1.86744319369537e-05 -0.879500423397595
1.88611762563232e-05 -0.879507191782524
1.90497880188865e-05 -0.879514027927258
1.92402858990753e-05 -0.879520932511032
1.94326887580661e-05 -0.879527906219678
1.96270156456467e-05 -0.879534949746085
1.98232858021032e-05 -0.879542063790159
2.00215186601242e-05 -0.879549249058376
2.02217338467255e-05 -0.879556506265038
2.04239511851927e-05 -0.879563836131043
2.06281906970447e-05 -0.879571239384297
2.08344726040151e-05 -0.879578716755504
2.10428173300553e-05 -0.87958626900753
2.12532455033558e-05 -0.879593896867568
2.14657779583894e-05 -0.879601601103242
2.16804357379733e-05 -0.879609382479723
2.1897240095353e-05 -0.87961724177036
2.21162124963065e-05 -0.879625179756262
2.23373746212696e-05 -0.879633197226491
2.25607483674823e-05 -0.879641294977936
2.27863558511571e-05 -0.879649473815581
2.30142194096687e-05 -0.879657734552427
2.32443616037654e-05 -0.879666078009689
2.3476805219803e-05 -0.879674505016852
2.37115732720011e-05 -0.8796830164117
2.39486890047211e-05 -0.879691613040482
2.41881758947683e-05 -0.87970029575796
2.4430057653716e-05 -0.87970906542747
2.46743582302531e-05 -0.879717922920996
2.49211018125557e-05 -0.87972686911937
2.51703128306812e-05 -0.879735904912231
2.5422015958988e-05 -0.879745031198175
2.56762361185779e-05 -0.879754248884844
2.59329984797637e-05 -0.87976355888901
2.61923284645613e-05 -0.879772962136651
2.64542517492069e-05 -0.8797824595631
2.6718794266699e-05 -0.879792052113065
2.6985982209366e-05 -0.879801740740753
2.72558420314597e-05 -0.879811526410019
2.75284004517743e-05 -0.879821410094385
2.7803684456292e-05 -0.879831392777163
2.80817213008549e-05 -0.879841475451575
2.83625385138635e-05 -0.87985165912085
2.86461638990021e-05 -0.879861944798283
2.89326255379921e-05 -0.879872333507415
2.92219517933721e-05 -0.879882826282054
2.95141713113058e-05 -0.879893424166422
2.98093130244188e-05 -0.87990412821528
3.0107406154663e-05 -0.879914939493976
3.04084802162097e-05 -0.879925859078593
3.07125650183718e-05 -0.879936888056067
3.10196906685555e-05 -0.879948027524278
3.1329887575241e-05 -0.879959278592153
3.16431864509934e-05 -0.879970642379788
3.19596183155034e-05 -0.87998212001857
3.22792144986584e-05 -0.879993712651272
3.2602006643645e-05 -0.880005421432211
3.29280267100814e-05 -0.880017247527289
3.32573069771823e-05 -0.880029192114183
3.35898800469541e-05 -0.880041256382437
3.39257788474236e-05 -0.880053441533564
3.42650366358979e-05 -0.880065748781233
3.46076870022568e-05 -0.880078179351297
3.49537638722794e-05 -0.880090734481977
3.53033015110022e-05 -0.880103415423967
3.56563345261122e-05 -0.880116223440604
3.60128978713733e-05 -0.880129159807943
3.63730268500871e-05 -0.880142225814893
3.67367571185879e-05 -0.880155422763391
3.71041246897738e-05 -0.880168751968465
3.74751659366716e-05 -0.880182214758425
3.78499175960383e-05 -0.880195812474966
3.82284167719987e-05 -0.880209546473386
3.86107009397186e-05 -0.880223418122565
3.89968079491158e-05 -0.880237428805221
3.9386776028607e-05 -0.880251579918016
3.97806437888931e-05 -0.880265872871735
4.0178450226782e-05 -0.880280309091463
4.05802347290498e-05 -0.88029489001659
4.09860370763403e-05 -0.88030961710088
4.13958974471037e-05 -0.880324491813636
4.18098564215747e-05 -0.880339515628515
4.22279549857905e-05 -0.88035469006722
4.26502345356484e-05 -0.880370016623741
4.30767368810049e-05 -0.880385496831913
4.35075042498149e-05 -0.880401132236204
4.39425792923131e-05 -0.880416924396491
4.43820050852362e-05 -0.880432874888359
4.48258251360886e-05 -0.880448985303449
4.52740833874495e-05 -0.880465257249241
4.5726824221324e-05 -0.880481692349613
4.61840924635372e-05 -0.880498292244794
4.66459333881726e-05 -0.880515058591619
4.71123927220543e-05 -0.880531993063657
4.75835166492748e-05 -0.880549097351373
4.80593518157676e-05 -0.880566373162338
4.85399453339253e-05 -0.88058382222138
4.90253447872645e-05 -0.880601446270781
4.95155982351372e-05 -0.880619247070412
5.00107542174885e-05 -0.880637226397973
5.05108617596634e-05 -0.880655386049119
5.10159703772601e-05 -0.880673727837683
5.15261300810327e-05 -0.880692253595841
5.2041391381843e-05 -0.880710965174316
5.25618052956614e-05 -0.880729864442538
5.3087423348618e-05 -0.880748953288871
5.36182975821042e-05 -0.880768233620792
5.41544805579252e-05 -0.880787707365071
5.46960253635045e-05 -0.880807376467989
5.52429856171395e-05 -0.880827242895537
5.57954154733109e-05 -0.880847308633614
5.6353369628044e-05 -0.880867575688222
5.69169033243245e-05 -0.880888046085688
5.74860723575677e-05 -0.880908721872847
5.80609330811434e-05 -0.88092960511729
5.86415424119548e-05 -0.880950697907538
5.92279578360744e-05 -0.880972002353295
5.98202374144351e-05 -0.880993520585629
6.04184397885795e-05 -0.881015254757209
6.10226241864653e-05 -0.88103720704253
6.16328504283299e-05 -0.881059379638133
6.22491789326132e-05 -0.881081774762819
6.28716707219394e-05 -0.881104394657908
6.350038742915879e-05 -0.88112724158743
6.41353913034504e-05 -0.881150317838396
6.477674521648491e-05 -0.881173625721012
6.54245126686497e-05 -0.881197167568925
6.607875779533621e-05 -0.881220945739456
6.673954537328961e-05 -0.881244962613865
6.74069408270225e-05 -0.881269220597567
6.80810102352927e-05 -0.881293722120401
6.876182033764561e-05 -0.881318469636879
6.944943854102211e-05 -0.881343465626437
7.01439329264323e-05 -0.881368712593689
7.084537225569659e-05 -0.881394213068692
7.155382597825361e-05 -0.881419969607208
7.22693642380361e-05 -0.881445984790964
7.299205788041651e-05 -0.88147226122792
7.37219784592207e-05 -0.881498801552548
7.44591982438129e-05 -0.881525608426095
7.5203790226251e-05 -0.881552684536867
7.59558281285135e-05 -0.881580032600502
7.671538640979859e-05 -0.881607655360257
7.74825402738966e-05 -0.881635555587293
7.82573656766356e-05 -0.881663736080958
7.9039939333402e-05 -0.881692199669089
7.9830338726736e-05 -0.881720949208296
8.062864211400339e-05 -0.88174998758426
8.143492853514339e-05 -0.881779317712044
8.22492778204948e-05 -0.881808942536385
8.307177059869981e-05 -0.881838865032005
8.39024883046868e-05 -0.88186908820393
8.474151318773359e-05 -0.881899615087783
8.5588928319611e-05 -0.881930448750129
8.64448176028071e-05 -0.881961592288772
8.730926577883521e-05 -0.881993048833095
8.81823584366235e-05 -0.882024821544369
8.90641820209897e-05 -0.882056913616102
8.995482384119961e-05 -0.882089328274375
9.08543720796116e-05 -0.882122068778149
9.17629158004077e-05 -0.88215513841965
9.26805449584118e-05 -0.882188540524683
9.36073504079959e-05 -0.882222278452992
9.45434239120759e-05 -0.882256355598622
9.548885815119661e-05 -0.882290775390245
9.64437467327086e-05 -0.88232554129156
9.74081842000357e-05 -0.882360656801623
9.838226604203611e-05 -0.882396125455245
9.93660887024564e-05 -0.882431950823349
0.000100359749589481 -0.882468136513316
0.000101363347085376 -0.882504686169429
0.00010237698055623 -0.882541603473206
0.000103400750361792 -0.882578892143823
0.00010443475786541 -0.88261655593846
0.000105479105444064 -0.882654598652749
0.000106533896498505 -0.88269302412117
0.00010759923546349 -0.88273183621739
0.000108675227818124 -0.882771038854757
0.000109761980096306 -0.882810635986668
0.000110859599897269 -0.882850631607011
0.000111968195896241 -0.882891029750554
0.000113087877855204 -0.882931834493418
0.000114218756633756 -0.882973049953467
0.000115360944200093 -0.883014680290781
0.000116514553642094 -0.883056729708027
0.000117679699178515 -0.883099202451084
0.0001188564961703 -0.883142102809227
0.000120045061132003 -0.883185435115782
0.000121245511743324 -0.883229203748445
0.000122457966860757 -0.883273413129821
0.000123682546529364 -0.883318067725349
0.000124919371994658 -0.883363172064402
0.000126168565714605 -0.883408730683138
0.000127430251371751 -0.88345474820257
0.000128704553885468 -0.883501229275441
0.000129991599424323 -0.883548178603832
0.000131291515418566 -0.883595600938392
0.000132604430572752 -0.883643501078569
0.000133930474878479 -0.883691883873256
0.000135269779627264 -0.883740754221188
0.000136622477423537 -0.883790117071541
0.000137988702197772 -0.883839977424353
0.00013936858921975 -0.883890340331216
0.000140762275111947 -0.883941210895675
0.000142169897863067 -0.883992594273882
0.000143591596841697 -0.884044495675068
0.000145027512810114 -0.884096920362178
0.000146477787938216 -0.884149873652382
0.000147942565817598 -0.884203360917672
0.000149421991475774 -0.884257387585458
0.000150916211390531 -0.88431195913912
0.000152425373504437 -0.884367081118617
0.000153949627239481 -0.884422759121095
0.000155489123511876 -0.884478998801483
0.000157044014746995 -0.884535805873107
0.000158614454894465 -0.884593186108296
0.000160200599443409 -0.884651145339052
0.000161802605437843 -0.884709689457637
0.000163420631492222 -0.884768824417217
0.000165054837807144 -0.884828556232545
0.000166705386185215 -0.884888890980581
0.000168372440047068 -0.884949834801174
0.000170056164447538 -0.885011393897719
0.000171756726092014 -0.885073574537826
0.000173474293352934 -0.885136383054041
0.000175209036286463 -0.885199825844497
0.000176961126649328 -0.885263909373623
0.000178730737915821 -0.885328640172887
0.000180518045294979 -0.885394024841442
0.000182323225747929 -0.885460070046923
0.000184146458005408 -0.885526782526135
0.000185987922585462 -0.885594169085796
0.000187847801811317 -0.885662236603292
0.00018972627982943 -0.885730992027445
0.000191623542627725 -0.885800442379253
0.000193539778054002 -0.885870594752675
0.000195475175834542 -0.885941456315425
0.000197429927592887 -0.886013034309741
0.000199404226868816 -0.886085336053203
0.000201398269137504 -0.886158368939528
0.000203412251828879 -0.886232140439388
0.000205446374347168 -0.886306658101254
0.00020750083809064 -0.88638192955222
0.000209575846471546 -0.886457962498828
0.000211671604936262 -0.886534764727982
0.000213788320985624 -0.886612344107736
0.000215926204195481 -0.886690708588226
0.000218085466237435 -0.886769866202555
0.00022026632089981 -0.886849825067609
0.000222468984108808 -0.886930593385082
0.000224693673949896 -0.887012179442282
0.000226940610689395 -0.887094591613152
0.000229210016796289 -0.887177838359076
0.000231502116964252 -0.887261928229913
0.000233817138133894 -0.887346869864961
0.000236155309515233 -0.887432671993739
0.000238516862610385 -0.887519343437018
0.000240902031236489 -0.887606893107409
0.000243311051548854 -0.887695330009218
0.000245744162064343 -0.887784663232157
0.000248201603684986 -0.887874901571133
0.000250683619721836 -0.887966055742042
0.000253190455919054 -0.888058133532073
0.000255722360478245 -0.888151145053487
0.000258279584083027 -0.888245099875876
0.000260862379923858 -0.888340007685261
0.000263471003723096 -0.888435878271846
0.000266105713760327 -0.88853272152935
0.00026876677089793 -0.888630547455828
0.00027145443860691 -0.888729366154557
0.000274168982992979 -0.888829187835247
0.000276910672822909 -0.888930022815064
0.000279679779551138 -0.889031881519883
0.000282476577346649 -0.889134774485448
0.000285301343120116 -0.889238712358528
0.000288154356551317 -0.889343705898208
0.00029103590011683 -0.88944976597704
0.000293946259117998 -0.889556903582344
0.000296885721709178 -0.889665129817442
0.00029985457892627 -0.889774455902938
0.000302853124715533 -0.889884893177981
0.000305881655962688 -0.889996453101629
0.000308940472522315 -0.890109147254098
0.000312029877247538 -0.890222987338107
0.000315150176020014 -0.890337985180297
0.000318301677780214 -0.890454152732451
0.000321484694558016 -0.890571502072903
0.000324699541503596 -0.890690045407529
0.000327946536918632 -0.890809795067888
0.000331226002287818 -0.890930763561939
0.000334538262310697 -0.891052963411706
0.000337883644933803 -0.891176407401784
0.000341262481383142 -0.891301108391139
0.000344675106196973 -0.891427079383848
0.000348121857258943 -0.891554333522849
0.000351603075831532 -0.89168288409107
0.000355119106589847 -0.891812744512812
0.000358670297655746 -0.891943928355318
0.000362257000632303 -0.892076449330356
0.000365879570638626 -0.892210321295855
0.000369538366345013 -0.892345558257472
0.000373233750008463 -0.892482174370276
0.000376966087508547 -0.892620183940384
0.000380735748383633 -0.892759601426674
0.000384543105867469 -0.892900441442501
0.000388388536926144 -0.893042718757369
0.000392272422295405 -0.893186448298732
0.00039619514651836 -0.893331645153732
0.000400157097983543 -0.893478324570995
0.000404158668963379 -0.893626501962436
0.000408200255653012 -0.893776192905111
0.000412282258209542 -0.89392741314304
0.000416405080791638 -0.894080178589101
0.000420569131599554 -0.894234505326923
0.00042477482291555 -0.894390409612807
0.000429022571144705 -0.894547907877673
0.000433312796856152 -0.894707016729028
0.000437645924824714 -0.894867752952945
0.000442022384072961 -0.895030133516103
0.000446442607913691 -0.895194175567799
0.000450907033992828 -0.895359896442029
0.000455416104332756 -0.895527313659573
0.000459970265376083 -0.895696444930121
0.000464569968029844 -0.895867308154388
0.000469215667710143 -0.89603992142631
0.000473907824387244 -0.896214303035219
0.000478646902631117 -0.896390471468074
0.000483433371657428 -0.896568445411703
0.000488267705374002 -0.896748243755073
0.000493150382427742 -0.896929885591606
0.0004980818862520199 -0.89711339022151
0.00050306270511454 -0.897298777154131
0.000508093332165685 -0.897486066110341
0.000513174265487342 -0.897675277024972
0.000518306008142215 -0.897866430049264
0.0005234890682236369 -0.898059545553316
0.000528723958905874 -0.89825464412865
0.000534011198494933 -0.898451746590709
0.000539351310479882 -0.898650873981458
0.000544744823584681 -0.898852047571963
0.000550192271820528 -0.899055288865058
0.000555694194538733 -0.899260619598011
0.00056125113648412 -0.899468061745218
0.000566863647848961 -0.89967763752093
0.000572532284327451 -0.899889369382074
0.000578257607170726 -0.90010328003097
0.000584040183242433 -0.900319392418182
0.000589880585074857 -0.900537729745416
0.000595779390925606 -0.9007583154682
0.000601737184834862 -0.9009811732987
0.00060775455668321 -0.901206327208052
0.000613832102250043 -0.901433801427575
0.000619970423272543 -0.901663620443631
0.000626170127505268 -0.901895808931723
0.000632431828780321 -0.902130393539692
0.000638756147068124 -0.902367395933894
0.000645143708538805 -0.902606844605687
0.0006515951456241939 -0.902848764644322
0.000658111097080435 -0.903093180715191
0.00066469220805124 -0.903340125762165
0.000671339130131752 -0.903589618059829
0.00067805252143307 -0.903841688564887
0.0006848330466474 -0.904096364344505
0.000691681377113875 -0.904353673002696
0.000698598190885013 -0.904613642480174
0.000705584172793863 -0.904876301035824
0.000712640014521802 -0.905141677245382
0.00071976641466702 -0.905409800003626
0.00072696407881369 -0.905680698527597
0.000734233719601827 -0.905954402360236
0.000741576056797845 -0.9062309413742
0.000748991817365824 -0.906510345775776
0.000756481735539482 -0.906792646108945
0.000764046552894877 -0.907077873259455
0.000771687018423826 -0.907366058459012
0.000779403888608064 -0.90765723328951
0.000787197927494145 -0.907951429687356
0.000795069906769086 -0.908248679947848
0.000803020605836777 -0.908549016729617
0.000811050811895145 -0.908852473059148
0.000819161320014096 -0.909159082335377
0.000827352933214237 -0.909468878334356
0.00083562646254638 -0.909781895213985
0.000843982727171843 -0.910098167518843
0.0008524225544435619 -0.910417730185062
0.000860946779987997 -0.910740618545337
0.000869556247787878 -0.911066868333959
0.000878251810265756 -0.911396515691982
0.000887034328368414 -0.911729597172438
0.000895904671652098 -0.912066149745688
0.000904863718368619 -0.912406210804844
0.000913912355552305 -0.912749818368448
0.000923051479107828 -0.913097010297474
0.0009322819938989071 -0.913447825484032
0.000941604813837896 -0.913802303068683
0.000951020861976275 -0.914160482643697
0.000960531070596037 -0.914522404259529
0.000970136381301998 -0.914888108432132
0.000979837745115018 -0.915257636152476
0.0009896361225661681 -0.915631028905782
0.00099953248379183 -0.916008328761019
0.00100952780862975 -0.916389578264805
0.00101962308671605 -0.916774817640328
0.00102981931758321 -0.91716409493295
0.00104011751075904 -0.917557451616378
0.00105051868586663 -0.91795493234065
0.00106102387272529 -0.91835658212046
0.00107163411145255 -0.91876244647792
0.00108235045256707 -0.919172571467781
0.00109317395709274 -0.919587003689518
0.00110410569666367 -0.920005790296617
0.00111514675363031 -0.920428979005284
0.00112629822116661 -0.920856618102979
0.00113756120337828 -0.92128875645702
0.00114893681541206 -0.921725443523311
0.00116042618356618 -0.922166729355233
0.00117203044540184 -0.922612664612663
0.00118375074985586 -0.923063300571132
0.00119558825735442 -0.923518689130988
0.00120754413992796 -0.923978882826272
0.00121961958132724 -0.924443934832318
0.00123181577714052 -0.924913898967449
0.00124413393491192 -0.925388829659748
0.00125657527426104 -0.925868781312421
0.00126914102700365 -0.926353814550658
0.00128183243727369 -0.926843978526625
0.00129465076164642 -0.927339334680004
0.00130759726926289 -0.927839940503072
0.00132067324195552 -0.928345854670956
0.00133387997437507 -0.928857136651783
0.00134721877411882 -0.929373846685266
0.00136069096186001 -0.929896045789015
0.00137429787147861 -0.930423795770417
0.0013880408501934 -0.930957159240748
0.00140192125869533 -0.93149619963166
0.00141594047128228 -0.932040981218462
0.00143009987599511 -0.932591569179904
0.00144440087475506 -0.93314803028327
0.00145884488350261 -0.933710426539886
0.00147343333233764 -0.934278833146983
0.00148816766566101 -0.934853314604633
0.00150304934231762 -0.9354339409852
0.0015180798357408 -0.936020782872824
0.00153326063409821 -0.936613911772748
0.00154859324043919 -0.937213400164485
0.00156407917284358 -0.937819321528706
0.00157971996457202 -0.938431750369746
0.00159551716421774 -0.939050762237462
0.00161147233585991 -0.939676433749264
0.00162758705921851 -0.940308842612668
0.0016438629298107 -0.940948067648461
0.00166030155910881 -0.941594188814559
0.00167690457469989 -0.942247287230604
0.00169367362044689 -0.942907445203348
0.00171061035665136 -0.943574746252803
0.00172771646021787 -0.944249275139316
0.00174499362482005 -0.94493111789145
0.00176244356106825 -0.945620361834888
0.00178006799667894 -0.946317095622284
0.00179786867664573 -0.947021409264313
0.00181584736341218 -0.947733394162039
0.0018340058370463 -0.948453143141167
0.00185234589541677 -0.949180750489478
0.00187086935437094 -0.949916312001954
0.00188957804791465 -0.950659929275596
0.00190847382839379 -0.951411686835335
0.00192755856667773 -0.952171700288305
0.00194683415234451 -0.952940068951505
0.00196630249386795 -0.95371688913385
0.00198596551880663 -0.954502274190465
0.0020058251739947 -0.955296328449229
0.00202588342573464 -0.956099143259206
0.00204614225999199 -0.956910878732955
0.00206660368259191 -0.95773160419762
0.00208726971941783 -0.958561445663159
0.00210814241661201 -0.959400520563356
0.00212922384077813 -0.96024894790347
0.00215051607918591 -0.96110684870312
0.00217202123997777 -0.961974346118923
0.00219374145237755 -0.962851565520267
0.00221567886690132 -0.963738634554949
0.00223783565557034 -0.964635683212763
0.00226021401212604 -0.965542843889299
0.0022828161522473 -0.966460251450552
0.00230564431376977 -0.967388043298247
0.00232870075690747 -0.968326359434427
0.00235198776447654 -0.969275342520783
0.00237550764212131 -0.97023514209266
0.00239926271854252 -0.971205896828879
0.00242325534572795 -0.972187765178246
0.00244748789918523 -0.973180899686066
0.00247196277817708 -0.974185458148505
0.00249668240595885 -0.975201599983866
0.00252164923001844 -0.976229494664688
0.00254686572231862 -0.97726929364296
0.00257233437954181 -0.978321181888237
0.00259805772333723 -0.979385328846421
0.0026240383005706 -0.980461911989168
0.00265027868357631 -0.981551112507696
0.00267678147041207 -0.982653115406215
0.00270354928511619 -0.983768109601633
0.00273058477796735 -0.984896289435961
0.00275789062574703 -0.986037849372711
0.0027854695320045 -0.98719299195617
0.00281332422732454 -0.988361922841763
0.00284145746959779 -0.989544852153535
0.00286987204429376 -0.990741995931269
0.0028985707647367 -0.991953571483967
0.00292755647238407 -0.993179816209864
0.00295683203710791 -0.994420934239789
0.00298640035747899 -0.995677162075177
0.00301626436105378 -0.996948765404338
0.00304642700466432 -0.998235970431763
0.00307689127471096 -0.999539029796062
0.00310766018745807 -1.00085819882669
0.00313873678933265 -1.00219374077787
0.00317012415722598 -1.00354592517084
0.00320182539879824 -1.00491502436283
0.00323384365278622 -1.00630131379176
0.00326618208931408 -1.00770509357391
0.00329884391020722 -1.00912664288533
0.00333183234930929 -1.01056626587721
0.00336515067280239 -1.01202426502559
0.00339880217953041 -1.0135009620675
0.00343279020132572 -1.01499667274229
0.00346711810333897 -1.0165117263808
0.00350178928437236 -1.01804645617771
0.00353680717721609 -1.01960120668641
0.00357217524898825 -1.02117632847941
0.00360789700147813 -1.02277218030074
0.00364397597149291 -1.02438913376773
0.00368041573120784 -1.02602755535569
0.00371721988851992 -1.02768782640962
0.00375439208740512 -1.02937035159253
0.00379193600827917 -1.0310755261125
0.00382985536836196 -1.03280376484156
0.00386815392204558 -1.03455547264021
0.00390683546126603 -1.03633110155272
0.0039459038158787 -1.03813106317963
0.00398536285403748 -1.03995582238616
0.00402521648257786 -1.041805829538
0.00406546864740364 -1.04368156033901
0.00410612333387767 -1.04558348794055
0.00414718456721645 -1.04751210056299
0.00418865641288861 -1.04946789688182
0.0042305429770175 -1.05145138598847
0.00427284840678767 -1.05346308969692
0.00431557689085555 -1.0555036237696
0.00435873265976411 -1.05757335779314
0.00440231998636175 -1.05967293703133
0.00444634318622536 -1.06180290776775
0.00449080661808762 -1.06396388245893
0.00453571468426849 -1.06615641034371
0.00458107183111118 -1.06838111231818
0.00462688254942229 -1.07063858712976
0.00467315137491651 -1.07292947094636
0.00471988288866568 -1.07525441642147
0.00476708171755234 -1.07761403673149
0.00481475253472786 -1.08000901088843
0.00486290006007514 -1.08244000196061
0.00491152906067589 -1.08490776768452
0.00496064435128265 -1.08741289091844
0.00501025079479548 -1.08995612590584
0.00506035330274343 -1.0925382480951
0.00511095683577087 -1.09515993507474
0.00516206640412858 -1.09782196755028
0.00521368706816986 -1.10052509952285
0.00526582393885156 -1.10327013809462
0.00531848217824008 -1.10605784992901
0.00537166700002248 -1.10888903295969
0.0054253836700227 -1.11176451132439
0.00547963750672293 -1.11468513025651
0.00553443388179016 -1.11765172097373
0.00558977822060806 -1.12066514670714
0.00564567600281414 -1.12372628418457
0.00570213276284228 -1.12683601494016
0.0057591540904707 -1.12999525779161
0.00581674563137541 -1.13320487760775
0.00587491308768917 -1.13646578174857
0.00593366221856606 -1.13977915099621
0.00599299884075172 -1.14314569289474
0.00605292882915924 -1.14656626543567
0.00611345811745083 -1.1500421477092
0.00617459269862534 -1.15357421925556
0.00623633862561159 -1.15716348684652
0.00629870201186771 -1.16081092060057
0.00636168903198638 -1.16451764607619
0.00642530592230625 -1.16828469332724
0.00648955898152931 -1.17211303870775
0.0065544545713446 -1.17600382426788
0.00661999911705805 -1.17995812642535
0.00668619910822863 -1.18397704234022
0.00675306109931092 -1.18806159758478
0.00682059171030403 -1.19221280775385
0.00688879762740707 -1.19643262186485
0.00695768560368114 -1.20072117250068
0.00702726245971795 -1.20507997687412
0.00709753508431513 -1.20951022843592
0.00716851043515828 -1.21401306937609
0.00724019553950986 -1.21858968167523
0.00731259749490496 -1.22324127944505
0.00738572346985401 -1.22796902714402
0.00745958070455255 -1.23277412051401
0.00753417651159808 -1.23765779605839
0.00760951827671406 -1.24262121624841
0.0076856134594812 -1.24766565602611
0.00776246959407601 -1.25279234391026
0.00784009429001677 -1.25800234174084
0.00791849523291694 -1.26329704564192
0.00799768018524611 -1.26867754931493
0.00807765698709857 -1.2741451781359
0.00815843355696956 -1.27970098669203
0.00824001789253925 -1.28534622048405
0.00832241807146464 -1.29108210096767
0.008405642252179289 -1.29690962567379
0.00848969867470108 -1.30283010902555
0.0085745956614481 -1.30884459841427
0.008660341618062581 -1.314954104081
0.008746945034243199 -1.32115976402001
0.008834414484585631 -1.3274625402662
0.008922758629431491 -1.33386340548364
0.0090119862157258 -1.34036328085583
0.00910210607788306 -1.34696299832684
0.00919312713866189 -1.35366338696604
0.00928505841004851 -1.36046511361623
0.009377908994149 -1.36736880485
0.00947168808409049 -1.37437499325839
0.009566404964931391 -1.38148410399261
0.00966206901458071 -1.38869640370711
0.009758689704726511 -1.39601204838144
0.009856276601773781 -1.40343103600692
0.00995483936779152 -1.41095322903557
0.0100543877614694 -1.41857814314673
0.0101549316390841 -1.42630524545696
0.010256480955475 -1.4341336942715
0.0103590457650297 -1.44206222756708
0.01046263622268 -1.4500897160268
0.0105672625849068 -1.45821419808755
0.0106729352107559 -1.46643354614044
0.0107796645628634 -1.47474526424347
0.0108874612084921 -1.48314630407387
0.010996335820577 -1.49163299553966
0.0111062991787828 -1.50020135173106
0.0112173621705706 -1.50884649495448
0.0113295357922763 -1.51756314927511
0.0114428311501991 -1.52634477472578
0.0115572594617011 -1.53518423093829
0.0116728320563181 -1.54407358982551
0.0117895603768812 -1.5530037705254
0.0119074559806501 -1.561963836198
0.0120265305404566 -1.57094246088034
0.0121467958458611 -1.57992651261922
0.0122682638043197 -1.58890098032938
0.0123909464423629 -1.59784945988855
0.0125148559067866 -1.60675328894262
0.0126400044658544 -1.6155918377576
0.012766404510513 -1.62434201256208
0.0128940685556181 -1.63297782533296
0.0130230092411743 -1.64147081368286
0.013153239333586 -1.64978896515483
0.0132847717269219 -1.65789679979436
0.0134176194441911 -1.66575519040722
0.013551795638633 -1.67332004991962
0.0136873135950193 -1.68054361544698
0.0138241867309695 -1.68737221748704
0.0139624285982792 -1.69374693754863
0.014102052884262 -1.69960271689031
0.0142430734131046 -1.70486788279763
0.0143855041472357 -1.70946345067338
0.014529359188708 -1.71330285310315
0.0146746527805951 -1.71629109670035
0.0148213993084011 -1.71832394322069
0.0149696133014851 -1.71928789819721
0.0151193094344999 -1.71905903900073
0.0152705025288449 -1.71750267213993
0.0154232075541334 -1.71447281324498
0.0155774396296747 -1.70981169278103
0.0157332140259715 -1.70334943503668
0.0158905461662312 -1.69490397932962
0.0160494516278935 -1.68428097904331
0.0162099461441724 -1.67127401628077
0.0163720456056142 -1.65566572241102
0.0165357660616703 -1.63722816841049
0.016701123722287 -1.61572468518309
0.0168681349595099 -1.59091205212076
0.017036816309105 -1.5625428742482
0.017207184472196 -1.53036945141698
0.017379256316918 -1.49414770815288
0.0175530488800872 -1.45364277228592
0.017728579368888 -1.40863387001054
0.0179058651625769 -1.35892350669155
0.0180849238142027 -1.30434285319858
0.0182657730523447 -1.24476156839296
0.0184484307828682 -1.18009605434234
0.0186329150906968 -1.11031919464294
0.0188192442416038 -1.03546875229762
0.0190074366840199 -0.955656183775847
0.0191975110508601 -0.871072735711281
0.0193894861613687 -0.781995982632821
0.0195833810229823 -0.688791510278906
0.0197792148332122 -0.591914235276828
0.0199770069815443 -0.491903915748033
0.0201767770513597 -0.389379309766496
0.0203785448218733 -0.285026917277163
0.0205823302700921 -0.179588020031284
0.020788153572793 -0.0738415301215191
0.0209960351085209 0.0314147187175617
0.0212059954596061 0.135383866175513
0.0214180554142022 0.237290659514625
0.0216322359683442 0.336400218292534
0.0218485583280276 0.432036353493017
0.0220670439113079 0.523595353589067
0.022287714350421 0.610559042213799
0.0225105914939252 0.692499631597307
0.0227356974088645 0.769086522722989
0.0229630543829531 0.840085027586163
0.0231926849267826 0.905353376069243
0.0234246117760505 0.964837115458727
0.023658857893811 1.01856115225236
0.0238954464727491 1.06662022438611
0.0241344009374766 1.10916880824404
0.0243757449468513 1.14641047319495
0.0246195023963198 1.17858755321661
0.024865697420283 1.2059714241019
0.0251143543944859 1.22885340903717
0.0253654979384307 1.24753694048777
0.025619152917815 1.26233066956254
0.0258753444469932 1.27354233445076
0.0261340978914631 1.2814745652192
0.0263954388703778 1.28642092399814
0.0266593932590815 1.28866281047028
0.0269259871916724 1.28846768986651
0.0271952470635891 1.28608770425712
0.027467199534225 1.28175891890785
0.0277418715295672 1.27570051235748
0.0280192902448629 1.26811533492468
0.0282994831473115 1.25918999751022
0.0285824779787846 1.24909539841248
0.0288683027585725 1.23798744762046
0.0291569857861582 1.22600783828755
0.0294485556440198 1.21328496352491
0.02974304120046 1.19993451885468
0.0300404716124646 1.18606096797274
0.0303408763285892 1.17175786614316
0.0306442850918751 1.15710898980231
0.0309507279427939 1.14218920541818
0.0312602352222218 1.12706520224226
0.031572837574444 1.11179610400194
0.0318885659501885 1.09643441887633
0.0322074516096904 1.08102644454308
0.0325295261257873 1.06561307205445
0.0328548213870451 1.05022991039689
0.0331833696009156 1.0349085715251
0.0335152032969248 1.01967623299925
0.033850355329894 1.00455674034886
0.0341888588831929 0.989570658886407
0.0345307474720249 0.974735003954001
0.0348760549467451 0.960066093965013
0.0352248154962126 0.94557581555365
0.0355770636511747 0.931274962347853
0.0359328342876865 0.917172406258577
0.0362921626305633 0.903275592909445
0.036655084256869 0.889590393357543
0.0370216350994376 0.876121391190507
0.037391851450432 0.862872018825488
0.0377657699649363 0.849844776463407
0.0381434276645857 0.837041273820217
0.0385248619412316 0.824462406741547
0.0389101105606439 0.812108370766056
0.0392992116662503 0.799978631468012
0.0396922037829128 0.78807240225891
0.0400891258207419 0.776388182747897
0.0404900170789494 0.764924400985999
0.0408949172497389 0.753678848141741
0.0413038664222363 0.742649002409773
0.0417169050864586 0.731832527771711
0.0421340741373232 0.721226493058253
0.0425554148786964 0.710827844600881
0.0429809690274834 0.70063341722791
0.0434107787177582 0.690639952509627
0.0438448865049358 0.680844100679787
0.0442833353699852 0.671242397901291
0.044726168723685 0.661831292626321
0.0451734304109219 0.652607242175017
0.0456251647150311 0.643566715864479
0.0460814163621814 0.634705971370509
0.0465422305258032 0.626021418185058
0.0470076528310613 0.617509655985468
0.0474777293593719 0.609166792657575
0.0479525066529656 0.600989342386768
0.0484320317194952 0.592973707753726
0.0489163520366902 0.58511630180131
0.0494055155570571 0.577413706792247
0.0498995707126277 0.569862304132907
0.0503985664197539 0.562458841850573
0.0509025520839515 0.555199657057829
0.051411577604791 0.548081586624763
0.0519256933808389 0.541101250485151
0.0524449503146473 0.534255384713664
0.0529693998177938 0.527540740799312
0.0534990938159717 0.520954213140133
0.0540340847541314 0.514492652542943
0.0545744256016727 0.508153006897287
0.0551201698576895 0.501932254686444
0.0556713715562664 0.49582749491297
0.056228085271829 0.489835717855797
0.0567903661245473 0.483954169966779
0.0573582697857928 0.478180039184868
0.0579318524836507 0.472510588687221
0.0585111710084872 0.466943109744625
0.0590962827185721 0.461475028652603
0.0596872455457578 0.456103676386771
0.0602841180012154 0.450826634970015
0.0608869591812276 0.445641394799572
0.0614958287730398 0.440545556872883
0.0621107870607702 0.435536803062805
0.0627318949313779 0.430612739755077
0.0633592138806917 0.425771165707094
0.0639928060194986 0.421009882491209
0.0646327340796936 0.416326749707049
0.0652790614204906 0.411719662191706
0.0659318520346955 0.40718657201903
0.06659117055504241 0.40272551147668
0.06725708226059279 0.398334533432453
0.0679296530831988 0.394011736539361
0.0686089496140308 0.389755296125043
0.0692950391101711 0.385563424443513
0.0699879895012728 0.381434378278015
0.0706878693962855 0.377366457568867
0.0713947480902484 0.37335802845037
0.0721086955711509 0.369407510083038
0.0728297825268624 0.3655133400121
0.073558080352131 0.361674033417054
0.07429366115565229 0.357888173571367
0.07503659776720881 0.354154241767031
0.07578696374488091 0.350471019634212
0.0765448333823297 0.346837113302802
0.07731028171615301 0.343251293378882
0.07808338453331461 0.339712335661123
0.0788642183786477 0.33621891657947
0.0796528605624342 0.332770227013605
0.08044938916805849 0.329364932572776
0.0812538830597391 0.326002002192948
0.0820664218903365 0.322680480753313
0.08288708610923989 0.319399393512982
0.08371595697033229 0.316157825448812
0.0845531165400356 0.312954877691142
0.085398647705436 0.309789694703982
0.0862526341824903 0.306661543843403
0.0871151605243152 0.303569486632611
0.0879863121295584 0.300513019434237
0.0888661752508539 0.297491394650819
0.08975483700336249 0.294503828987444
0.09065238537339609 0.291549766925377
0.0915589092271301 0.288628615993717
0.0924744983194014 0.285739837758153
0.0933992433025954 0.282882909298274
0.0943332357356213 0.280057178515942
0.0952765680929776 0.27726252943927
0.0962293337739073 0.27449817888764
0.0971916271116464 0.271763887887902
0.0981635433827629 0.269059119497827
0.0991451788165905 0.266383747043908
0.100136630604756 0.263737230266107
0.101137996910804 0.261119279582642
0.102149376879912 0.258529697027831
0.103170870648711 0.255968118758405
0.104202579355198 0.253434292704357
0.10524460514875 0.250927997378387
0.106297051200238 0.248448986138713
0.10736002171224 0.245997060384054
0.108433621929363 0.243572017980806
0.109517958148656 0.241173686076358
0.110613137730143 0.238801845089714
0.111719269107444 0.236456366197877
0.112836461798519 0.234137068820394
0.113964826416504 0.231843801841466
0.115104474680669 0.229576405459911
0.116255519427476 0.227334836210925
0.11741807462175 0.225118750383361
0.118592255367968 0.222928163432412
0.119778177921647 0.220762932205216
0.120975959700864 0.218622901703966
0.122185719297873 0.216507922135389
0.123407576490851 0.214417891826767
0.12464165225576 0.212352643880267
0.125888068778317 0.210312061090517
0.127146949466101 0.20829597950909
0.128418418960762 0.206304275643586
0.129702603150369 0.204336792284183
0.130999629181873 0.202393377357596
0.132309625473692 0.200473855069288
0.133632721728429 0.198578091318983
0.134969048945713 0.196705909658094
0.13631873943517 0.194857123693795
0.137681926829522 0.193031562825354
0.139058746097817 0.191229033966864
0.140449333558795 0.189449347865559
0.141853826894383 0.18769231349328
0.143272365163327 0.185957723868675
0.14470508881496 0.184245325609719
0.14615213970311 0.182554966646562
0.147613661100141 0.18088639528347
0.149089797711142 0.179239385652921
0.150580695688254 0.17761370742218
0.152086502645136 0.176009124916329
0.153607367671588 0.174425388431204
0.155143441348303 0.172862263787769
0.156694875761787 0.171319503682464
0.158261824519404 0.169796842793202
0.159844442764598 0.168294031636985
0.161442887192244 0.166810805179928
0.163057316064167 0.165346926325805
0.164687889224809 0.163902112568494
0.166334768117057 0.162476106181158
0.167998115798227 0.161068649567966
0.169678096956209 0.159679477866521
0.171374877925772 0.158308326568743
0.173088626705029 0.156954941295055
0.17481951297208 0.155619063226178
0.1765677081018 0.154300433094609
0.178333385182818 0.15299879274437
0.180116719034647 0.151713903358659
0.181917886224993 0.150445516357695
0.183737065087243 0.149193381784235
0.185574435738115 0.147957282364877
0.187430180095497 0.146736981967364
0.189304481896452 0.145532276887863
0.191197526715416 0.144342970597764
0.19310950198257 0.143168906257936
0.195040597002396 0.142010006189918
0.19699100297242 0.140866166799165
0.198960913002144 0.13974112847921
0.200950522132166 0.138614623730713
0.202960027353487 0.137504332450091
0.204989627627022 0.136413894554011
0.207039523903292 0.135337192732197
0.209109919142325 0.134274354957124
0.211201018333748 0.133225021487431
0.213313028517086 0.13218895333263
0.215446158802257 0.131165933187304
0.217600620390279 0.130155785371562
0.219776626594182 0.129158335345421
0.221974392860124 0.128173418164369
0.224194136788725 0.12720088350716
0.226436078156613 0.126240583452978
0.228700438938179 0.125292376548057
0.23098744332756 0.124356124337476
0.233297317760836 0.123431695271668
0.235630290938444 0.122518960564258
0.237986593847829 0.121617789417684
0.240366459786307 0.120728059431487
0.24277012438417 0.119849651154913
0.245197825628012 0.118982437834574
0.247649803884292 0.118126302588414
0.250126301923135 0.117281123970023
0.252627564942366 0.116446788848897
0.25515384059179 0.115623162434944
0.257705378997708 0.11481013757805
0.260282432787685 0.114007584401942
0.262885257115562 0.113215397306177
0.265514109686717 0.112433436538063
0.268169250783585 0.111661583149737
0.27085094329142 0.110899711037549
0.273559452724335 0.110147690713239
0.276295047251578 0.109405390068645
0.279057997724094 0.108672684183384
0.281848577701335 0.107949432955987
0.284667063478348 0.107235504617683
0.287513734113132 0.106530757199759
0.290388871454263 0.105835049149396
0.293292760168805 0.105148246645603
0.296225687770494 0.104470204045627
0.299187944648198 0.103800777536405
0.30217982409468 0.103139823188309
0.305201622335627 0.102487199934353
0.308253638558984 0.101842743803036
0.311336174944573 0.10120633083485
0.314449536694019 0.10057780149505
0.317594032060959 0.0999570259632259
0.320769972381569 0.0993438464070985
0.323977672105385 0.0987381120274136
0.327217448826438 0.0981396997603466
0.330489623314703 0.0975484752359159
0.33379451954785 0.0969642768816973
0.337132464743328 0.0963869990453801
0.340503789390762 0.0958165024829325
0.343908827284669 0.0952526587468598
0.347347915557516 0.0946953476912898
0.350821394713091 0.0941444535950785
0.354329608660222 0.0935998656885278
0.357872904746824 0.0930614625587516
0.361451633794292 0.0925291575030483
0.365066150132235 0.0920028664881405
0.368716811633558 0.0914824667301375
0.372403979749893 0.090967897299229
0.376128019547392 0.0904590619400455
0.379889299742866 0.0899558977193449
0.383688192740295 0.0894583346229311
0.387525074667698 0.0889663090440412
0.391400325414375 0.0884797551775447
0.395314328668518 0.0879986411853136
0.399267471955204 0.0875228925364147
0.403260146674756 0.0870524877043326
0.407292748141503 0.0865873716261558
0.411365675622918 0.086127525755882
0.415479332379147 0.0856729079766537
0.419634125702939 0.085223492934982
0.423830466959968 0.0847792541404093
0.428068771629568 0.0843401667655551
0.432349459345864 0.083906208622903
0.436672953939322 0.0834773568409849
0.441039683478716 0.0830535904297824
0.445450080313503 0.0826348959232496
0.449904581116638 0.0822212351110707
0.454403626927804 0.0818125997230185
0.458947663197082 0.081408954191854
0.463537139829053 0.0810102931105289
0.468172511227344 0.0806165724488858
0.472854236339617 0.0802277661624816
0.477582778703013 0.079843844923346
0.482358606490043 0.0794647774814533
0.487182192554944 0.0790905186419581
0.492054014480493 0.0787210329042944
0.496974554625298 0.0783562751431489
0.501944300171551 0.0779962047686773
0.506963743173267 0.0776407747510948
0.512033380604999 0.0772899323369458
0.517153714411049 0.0769436260407
0.52232525155516 0.0766018012676862
0.527548504070711 0.0762644035468009
0.532823989111418 0.0759313688422253
0.538152229002533 0.07560264340879
0.543533751292558 0.0752781679906975
0.548969088805484 0.0749578798434449
0.554458779693538 0.0746417119072744
0.560003367490474 0.0743296073801494
0.565603401165378 0.0740215032045442
0.571259435177032 0.0737173385290313
0.576972029528803 0.0734170486433758
0.582741749824091 0.0731205791473532
0.588569167322331 0.0728278634969848
0.5944548589955549 0.0725388497069457
0.60039940758551 0.0722534698374928
0.606403401661365 0.0719716468836232
0.612467435677979 0.0716933730676817
0.618592110034759 0.0714185602623947
0.624778031135106 0.0711471692315787
0.631025811446457 0.0708791333846107
0.637336069560922 0.0706143852860141
0.643709430256531 0.0703529278436671
0.650146524559097 0.0700946943218305
0.656647989804688 0.0698395916325529
0.663214469702734 0.069587606479428
0.669846614399762 0.0693386708406999
0.6765450805437589 0.0690927499658709
0.6833105313491969 0.0688498035225643
0.690143636662689 0.068609713097146
0.697045073029316 0.0683724992434254
0.704015523759609 0.0681380642066382
0.711055678997205 0.0679063665002826
0.718166235787177 0.0676773319288972
0.725347898145049 0.0674509270373496
0.732601377126499 0.0672270215103046
0.739927390897764 0.0670055277662134
0.747326664806742 0.0667864353980271
0.7547999314548089 0.0665696169720701
0.762347930769357 0.0663549737665993
0.7699714100770511 0.0661424029093545
0.777671124177822 0.0659317909986839
0.7854478354195999 0.0657230196451698
0.793302313773796 0.0655159431978252
0.801235336911534 0.0653104273742591
0.809247690280649 0.0651063198744084
0.817340167183456 0.0649034500788438
0.82551356885529 0.0647016540884186
0.833768704543843 0.0645007304406373
0.842106391589282 0.0643004840671429
0.8505274555051739 0.0641007071914882
0.8547800927827 0.0640006725567864
0.859032730060226 0.0639011727060192
0.863327893710527 0.0638011753549992
0.867623057360828 0.0637016472298326
0.871961172647633 0.0636015544424062
0.874130230291035 0.0635516662724009
0.876299287934437 0.063501880183588
0.878490036154273 0.0634516884110159
0.880680784374109 0.063401577584365
0.882871532593945 0.0633515609280126
0.885062280813781 0.0633016209685806
0.887274936515815 0.0632512562698057
0.88948759221785 0.0632009764681281
0.891700247919885 0.0631507521725234
0.893912903621919 0.063100593423256
0.898382468140029 0.0629994552375598
0.902852032658138 0.0628985278024512
0.907366292821429 0.062796761853955
0.91188055298472 0.0626951342338639
0.916439955749644 0.062592592134577
0.920999358514567 0.0624901176034707
0.92560435530714 0.0623866476267601
0.930209352099712 0.0622831760327177
0.93951144562071 0.0620739992671259
0.948906560076917 0.0618622837274704
0.958395625677686 0.0616476954949091
0.967979581934463 0.0614299251258322
0.977659377753807 0.0612086472716574
0.987435971531345 0.0609835451600465
0.997310331246659 0.060754303518085
1.00728343455913 0.0605206148653491
1.01735626890472 0.060282149744976
1.02752983159376 0.0600386357942624
1.0378051299097 0.0597896817168429
1.0481831812088 0.0595352142354116
1.05866501302089 0.0592748129855145
1.0692516631511 0.0590082409150226
1.07994417978261 0.0587352991516656
1.09074362158043 0.0584556665775515
1.10165105779624 0.058169266009522
1.1126675683742 0.057875851180561
1.12379424405794 0.057575267977928
1.13503218649852 0.0572673811058159
1.14638250836351 0.0569520277270288
1.15784633344714 0.0566292486779381
1.16942479678161 0.0562988473027716
1.18111904474943 0.0559608301369212
1.19293023519692 0.0556152039307987
1.20485953754889 0.0552617817163729
1.21690813292438 0.0549010401599665
1.22299267358901 0.0547172654266948
1.22907721425363 0.0545326422505927
1.23522260032489 0.0543451516294806
1.24136798639616 0.0541568198492165
1.24447140636215 0.0540613448646312
1.24757482632814 0.0539656809596284
1.25067824629413 0.0538697798181103
1.25378166626012 0.053773692244519
1.25534889334295 0.0537250770374223
1.25691612042577 0.0536764120222787
1.26005057459142 0.0535789673007303
1.26318502875707 0.0534812592139167
1.26631948292272 0.0533833863481806
1.26948528163003 0.0532843397834934
1.27265108033733 0.0531851021622423
1.27581687904464 0.0530856783159892
1.27898267775195 0.052986073424098
1.28218013444633 0.0528853118701201
1.28537759114071 0.0527843461011936
1.29177250452947 0.0525819916213451
1.29823136705212 0.0523768888912445
1.30469022957477 0.0521712297436915
1.31121368072264 0.0519629479741066
1.31773713187051 0.0517541340948192
1.32432581752987 0.0515427516641616
1.33091450318922 0.0513309235938875
1.33756907570517 0.0511165798769052
1.34422364822111 0.0509018718736837
1.35094476646222 0.0506847077780474
1.35766588470332 0.0504672621257394
1.36445421412684 0.0502475019061615
1.37124254355036 0.0500274007697233
1.38495496898586 0.0495828660167315
1.39880451867572 0.0491333104824854
1.41279256386247 0.0486797516275049
1.4269204895011 0.0482222849235929
1.44118969439611 0.0477612956269033
1.45560159134007 0.0472971504611823
1.47015760725347 0.0468302371008012
1.48485918332601 0.0463609205396705
1.49970777515927 0.0458895662758239
1.51470485291086 0.0454165541915964
1.52985190143997 0.044942269361822
1.54515042045437 0.0444670663136407
1.56060192465891 0.0439913118458521
1.5762079439055 0.0435153585321209
1.59197002334456 0.0430395681052642
1.607889723578 0.0425642657056766
1.62396862081378 0.0420897843571151
1.64020830702192 0.0416164423815352
1.65661039009214 0.0411445446266316
1.67317649399306 0.0406744066512501
1.68990825893299 0.0402062444361267
1.70680734152232 0.0397403890811729
1.72387541493754 0.0392770712535124
1.74111416908692 0.0388165319545847
1.75852531077779 0.0383589918690448
1.77611056388557 0.0379046623294594
1.79387166952442 0.037453737358453
1.81181038621967 0.0370063877267428
1.82992849008186 0.0365628085458262
1.84822777498268 0.0361231222995949
1.86671005273251 0.0356874766311818
1.88537715325983 0.035255998629699
1.90423092479243 0.0348287983699675
1.92327323404036 0.0344059739803259
1.94250596638076 0.0339876135011455
1.96193102604457 0.0335737934232569
1.98155033630501 0.0331645721022154
2.00136583966806 0.0327600093983447
2.02137949806474 0.0323601464046658
2.04159329304539 0.0319650165098137
2.06200922597584 0.0315746450526267
2.0826293182356 0.0311890668956775
2.10345561141796 0.0308082373516309
2.12449016753214 0.0304322148904364
2.14573506920746 0.0300609758532995
2.16719241989954 0.0296945081294187
2.18886434409853 0.0293327969445949
2.21075298753952 0.0289758208749125
2.23286051741491 0.0286235559150974
2.25518912258906 0.0282759721513399
2.27774101381495 0.0279330354208835
2.3005184239531 0.0275947116922256
2.32352360819263 0.0272609592864563
2.34675884427456 0.0269317386680683
2.3702264327173 0.0266070048139475
2.39392869704448 0.0262867130284811
2.41786798401492 0.0259708156843791
2.44204666385507 0.0256592650741358
2.46646713049362 0.0253520111160304
2.49113180179856 0.0250490014482227
2.51604311981654 0.0247501871000092
2.54120355101471 0.0244555141167422
2.56661558652486 0.0241649374977049
2.5922817423901 0.0238783876943024
2.618204559814 0.0235958278184959
2.64438660541214 0.0233172006808343
2.67083047146627 0.0230424516416713
2.69753877618093 0.0227715267897015
2.72451416394274 0.0225043745068872
2.75175930558217 0.0222409419030208
2.77927689863799 0.0219811743322271
2.80706966762437 0.0217250190409951
2.83514036430061 0.0214724261707437
2.86349176794362 0.0212233412947694
2.89212668562305 0.0209777114292521
2.92104795247928 0.0207354868548452
2.95025843200408 0.0204966154769847
2.97976101632412 0.0202610479189693
3.00955862648736 0.0200287291292907
3.03965421275223 0.0197996095245554
3.07005075487975 0.0195736421613019
3.10075126242855 0.0193507752748094
3.13175877505284 0.0191309593982176
3.16307636280337 0.0189141463454578
3.1947071264314 0.0187002890978753
3.22665419769571 0.0184893351783897
3.25892073967267 0.0182812411756043
3.2915099470694 0.0180759594311383
3.32442504654009 0.0178734431008333
3.35766929700549 0.0176736457665464
3.39124598997555 0.017476522605373
3.4251584498753 0.0172820295642812
3.45941003437406 0.0170901210802858
3.4940041347178 0.0169007528035819
3.52894417606497 0.0167138846100457
3.56423361782562 0.0165294734167805
3.59987595400388 0.0163474767114124
3.63587471354392 0.0161678533936252
3.67223346067936 0.0159905633159033
3.70895579528615 0.015815567709128
3.74604535323901 0.0156428272126574
3.7835058067714 0.0154723029728765
3.82134086483912 0.0153039577742401
3.85955427348751 0.0151377550350103
3.89814981622238 0.0149736597751193
3.93713131438461 0.0148116322041498
3.97650262752845 0.0146516421484958
4.01626765380374 0.0144936538838639
4.05643033034178 0.0143376333121584
4.09699463364519 0.0141835487552779
4.13796457998165 0.0140313677902567
4.17934422578146 0.0138810592159123
4.22113766803928 0.0137325920127421
4.26334904471967 0.0135859363565511
4.30598253516687 0.0134410627191263
4.34904236051854 0.013297942917114
4.39253278412372 0.0131565480453219
4.43645811196496 0.0130168508892981
4.48082269308461 0.0128788244008895
4.52563092001545 0.0127424428018398
4.57088722921561 0.0126076798765192
4.61659610150777 0.0124745105970335
4.66276206252284 0.0123429107604814
4.70938968314807 0.0122128559722906
4.75648357997955 0.012084322319337
4.80404841577935 0.0119572875960746
4.85208889993714 0.0118317285447677
4.90060978893651 0.0117076238240101
4.94961588682588 0.011584951497633
4.99911204569414 0.0114636909940466
5.04910316615108 0.0113438212699326
5.09959419781259 0.0112253223831311
5.15059013979072 0.0111081744728403
5.20209604118862 0.010992358419526
5.25411700160051 0.0108778552631254
5.30665817161651 0.0107646465485232
5.35972475333268 0.0106527141708076
5.41332200086601 0.0105420404184728
5.46745522087467 0.0104326079109918
5.52212977308341 0.0103243996579817
5.57735107081425 0.0102173989863943
5.63312458152239 0.0101115895867782
5.68945582733762 0.0100069554478743
5.74635038561099 0.00990348087238438
5.8038138894671 0.00980115048617716
5.86185202836177 0.00969994919006215
5.92047054864539 0.00959986219165922
5.97967525413184 0.00950087495746975
6.03947200667316 0.0094029732380539
6.0998667267399 0.00930614304959167
6.16086539400729 0.00921037065795372
6.22247404794737 0.00911564257834307
6.28469878842684 0.00902194557240488
6.34754577631111 0.00892926662927303
6.41102123407422 0.00883759296902988
6.47513144641496 0.00874691203723068
6.53988276087911 0.00865721148547447
6.60528158848791 0.00856847918367854
6.67133440437278 0.00848070320475119
6.73804774841651 0.00839387181891641
6.80542822590068 0.00830797350279069
6.87348250815968 0.00822299688410748
6.94221733324128 0.00813893081105529
7.01163950657369 0.00805576430124882
7.08175590163943 0.00797348654003857
7.15257346065582 0.00789208688986922
7.22409919526238 0.00781155487594507
7.29634018721501 0.00773188018573759
7.36930358908716 0.00765305266470523
7.44299662497803 0.00757506224717937
7.51742659122781 0.00749789921833871
7.59260085714009 0.00742155380342551
7.66852686571149 0.00734601644729346
7.7452121343686 0.00727127773215897
7.82266425571229 0.00719732837738596
7.90089089826941 0.00712415923892375
7.97989980725211 0.00705176129833295
8.059698805324629 0.00698012567129755
8.14029579337787 0.00690924359907833
8.221698751311649 0.00683910654763246
8.30391573882477 0.00676970579458175
8.38695489621302 0.0067010330468029
8.47082444517515 0.00663308002316781
8.555532689626901 0.00656583855591633
8.64108801652317 0.00649930058948083
8.727498896688401 0.00643345817681878
8.81477388565529 0.00636830347839513
8.902921624511841 0.00630382875974853
8.99195084075696 0.00624002639010655
9.081870349164531 0.00617688883845519
9.172689052656169 0.00611440867491942
9.26441594318274 0.00605257856629851
9.357060102614559 0.00599139127551524
9.45063070364071 0.00593083965901395
9.54513701067712 0.00587091666656037
9.640588380783891 0.00581161533815277
9.736994264591729 0.00575292880338719
9.834364207237639 0.00569485027923037
9.93270784931002 0.00563737306919205
10.0320349278031 0.00558049056130758
10.1323552770812 0.00552419622750435
10.233678829852 0.00546848362079568
10.3360156181505 0.00541334637623759
10.439375774332 0.00535877820651715
10.5437695320753 0.0053047729036075
10.6492072273961 0.00525132433568349
10.75569929967 0.00519842644779588
10.8632562926667 0.00514607325711246
10.9718888555934 0.00509425885581144
11.0816077441493 0.00504297740770062
11.1924238215908 0.00499222314759191
11.3043480598067 0.00494199037923856
11.4173915404048 0.00489227347869579
11.5315654558088 0.00484306688510568
11.6468811103669 0.00479436510729606
11.7633499214706 0.00474616271927661
11.8809834206853 0.00469845435988092
11.9997932548922 0.00465123473184085
12.1197911874411 0.00460449860063002
12.2409890993155 0.00455824079427504
12.3633989903086 0.00451245620138328
12.4870329802117 0.00446713977107677
12.6119033100138 0.00442228651183938
12.738022343114 0.00437789149070434
12.8654025665451 0.00433394983244238
12.9940565922106 0.00429045671825071
13.1239971581327 0.00424740738698536
13.255237129714 0.00420479713081932
13.3877895010112 0.00416262129762735
13.5216673960213 0.0041208752888571
13.6568840699815 0.00407955455900344
13.7934529106813 0.00403865461488191
13.9313874397881 0.00399817101478911
14.070701314186 0.00395809936862748
14.2114083273278 0.0039184353352618
14.3535224106011 0.00387917462409301
14.4970576347071 0.00384031299307407
14.6420282110542 0.00380184624838823
14.7884484931648 0.00376377024379172
14.9363329780964 0.00372608087996621
15.0856963078774 0.00368877410401801
15.2365532709561 0.00365184590852253
15.3889188036657 0.00361529233138039
15.5428079917024 0.00357910945494476
15.6982360716194 0.0035432934054157
15.8552184323356 0.00350784035243983
16.0137706166589 0.00347274650829359
16.1739083228255 0.00343800812816514
16.3356474060538 0.00340362150779521
16.4990038801143 0.00336958298495875
16.6639939189155 0.00333588893780555
16.8306338581046 0.00330253578461054
16.9989401966857 0.00326951998315373
17.1689295986525 0.00323683803087032
17.340618894639 0.00320448646286143
17.5140250835854 0.00317246185309454
17.6891653344213 0.00314076081296368
17.8660569877655 0.00310937999103426
18.0447175576431 0.0030783160727463
18.2251647332196 0.00304756577949856
18.4074163805518 0.00301712586878709
18.5914905443573 0.00298699313338842
18.7774054498009 0.0029571644009664
18.9651795042989 0.00292763653387619
19.1548312993419 0.00289840642838069
19.3463796123353 0.00286947101441419
19.5398434084586 0.00284082725552867
19.7352418425432 0.00281247214760848
19.9325942609687 0.00278440271951359
20.1319202035783 0.00275661603181522
20.3332394056141 0.00272910917702008
20.5365717996703 0.00270187927875829
20.741937517667 0.00267492349196432
20.9493568928436 0.00264823909830579
21.1588504617721 0.00262182311919841
21.3704389663898 0.00259567289749387
21.5841433560537 0.00256978570836262
21.7999847896142 0.00254415885553082
22.0179846375104 0.0025187896719479
22.2381644838855 0.0024936755189578
22.4605461287243 0.00246881378605569
22.6851515900116 0.0024442018905435
22.9120031059117 0.00241983727726283
23.1411231369708 0.00239571741819449
23.3725343683405 0.00237183981220426
23.6062597120239 0.00234820198471136
23.8423223091442 0.00232480148738356
24.0807455322356 0.00230163589781282
24.321552987558 0.00227870281937391
24.5647685174336 0.00225599988055235
24.8104162026079 0.00223352473509933
25.058520364634 0.00221127506147981
25.3091055682803 0.00218924856265965
25.5621966239631 0.00216744296582388
25.8178185902027 0.00214585602210049
26.0759967761048 0.00212448550629857
26.3367567438658 0.00210332921661208
26.6001243113045 0.00208238497439458
26.8661255544175 0.00206165062387072
27.1347868099617 0.00204112403190125
27.4061346780613 0.00202080308767333
27.6801960248419 0.0020006857025324
27.9569979850903 0.00198076980965977
28.2365679649412 0.00196105336389092
28.5189336445907 0.00194153434145974
28.8041229810366 0.00192221073969273
29.0921642108469 0.00190308057684843
29.3830858529554 0.00188414189186114
29.676916711485 0.00186539274411149
29.9736858785998 0.00184683121319432
30.2734227373858 0.00182845539872571
30.5761569647597 0.00181026342005591
30.8819185344073 0.00179225349016699
31.1907377197513 0.00177442361850213
31.5026450969488 0.00175677205724663
31.8176715479183 0.00173929700271629
32.1358482633975 0.00172199666993498
32.4572067460315 0.00170486929243921
32.7817788134918 0.00168791312205866
33.1095966016267 0.00167112642873101
33.440692567643 0.00165450750029781
33.7750994933194 0.00163805464231025
34.1128504882526 0.00162176617783535
34.4539789931351 0.00160564044726949
34.7985187830665 0.00158967580814294
35.1465039708972 0.00157387063494041
35.4979690106061 0.00155822331891447
35.8529487007122 0.00154273226790394
36.2114781877193 0.00152739590615754
36.5735929695965 0.00151221267415085
36.9393288992925 0.00149718102841736
37.3087221882854 0.00148229944137264
37.6818094101683 0.00146756640114503
38.0586275042699 0.00145298041140638
38.4392137793127 0.00143853999120893
38.8236059171058 0.00142424367482494
39.2118419762768 0.00141009001160162
39.6039603960396 0.00139607754595418
40 0.00138220489031425
