-40 -1e-06
-39.6039603960396 -1e-06
-39.2118419762768 -1e-06
-38.8236059171058 -1e-06
-38.4392137793127 -1e-06
-38.0586275042699 -1e-06
-37.6818094101683 -1e-06
-37.3087221882854 -1e-06
-36.9393288992925 -1e-06
-36.5735929695965 -1e-06
-36.2114781877193 -1e-06
-35.8529487007122 -1e-06
-35.4979690106061 -1e-06
-35.1465039708972 -1e-06
-34.7985187830665 -1e-06
-34.4539789931351 -1e-06
-34.1128504882526 -1e-06
-33.7750994933194 -1e-06
-33.440692567643 -1e-06
-33.1095966016267 -1e-06
-32.7817788134918 -1e-06
-32.4572067460315 -1e-06
-32.1358482633975 -1e-06
-31.8176715479183 -1e-06
-31.5026450969488 -1e-06
-31.1907377197513 -1e-06
-30.8819185344073 -1e-06
-30.5761569647597 -1e-06
-30.2734227373858 -1e-06
-29.9736858785998 -1e-06
-29.676916711485 -1e-06
-29.3830858529554 -1e-06
-29.0921642108469 -1e-06
-28.8041229810366 -1e-06
-28.5189336445907 -1e-06
-28.2365679649412 -1e-06
-27.9569979850903 -1e-06
-27.6801960248419 -1e-06
-27.4061346780613 -1e-06
-27.1347868099617 -1e-06
-26.8661255544175 -1e-06
-26.6001243113045 -1e-06
-26.3367567438658 -1e-06
-26.0759967761048 -1e-06
-25.8178185902027 -1e-06
-25.5621966239631 -1e-06
-25.3091055682803 -1e-06
-25.058520364634 -1e-06
-24.8104162026079 -1e-06
-24.5647685174336 -1e-06
-24.321552987558 -1e-06
-24.0807455322356 -1e-06
-23.8423223091442 -1e-06
-23.6062597120239 -1e-06
-23.3725343683405 -1e-06
-23.1411231369708 -1e-06
-22.9120031059117 -1e-06
-22.6851515900116 -1e-06
-22.4605461287243 -1e-06
-22.2381644838855 -1e-06
-22.0179846375104 -1e-06
-21.7999847896142 -1e-06
-21.5841433560537 -1e-06
-21.3704389663898 -1e-06
-21.1588504617721 -1e-06
-20.9493568928436 -1e-06
-20.741937517667 -1e-06
-20.5365717996703 -1e-06
-20.3332394056141 -1e-06
-20.1319202035783 -1e-06
-19.9325942609687 -1e-06
-19.7352418425432 -1e-06
-19.5398434084586 -1e-06
-19.3463796123353 -1e-06
-19.1548312993419 -1e-06
-18.9651795042989 -1e-06
-18.7774054498009 -1e-06
-18.5914905443573 -1e-06
-18.4074163805518 -1e-06
-18.2251647332196 -1e-06
-18.0447175576431 -1e-06
-17.8660569877655 -1e-06
-17.6891653344213 -1e-06
-17.5140250835854 -1e-06
-17.340618894639 -1e-06
-17.1689295986525 -1e-06
-16.9989401966857 -1e-06
-16.8306338581046 -1e-06
-16.6639939189155 -1e-06
-16.4990038801143 -1e-06
-16.3356474060538 -1e-06
-16.1739083228255 -1e-06
-16.0137706166589 -1e-06
-15.8552184323356 -1e-06
-15.6982360716194 -1e-06
-15.5428079917024 -1e-06
-15.3889188036657 -1e-06
-15.2365532709561 -1e-06
-15.0856963078774 -1e-06
-14.9363329780964 -1e-06
-14.7884484931648 -1e-06
-14.6420282110542 -1e-06
-14.4970576347071 -1e-06
-14.3535224106011 -1e-06
-14.2114083273278 -1e-06
-14.070701314186 -1e-06
-13.9313874397881 -1e-06
-13.7934529106813 -1e-06
-13.6568840699815 -1e-06
-13.5216673960213 -1e-06
-13.3877895010112 -1e-06
-13.255237129714 -1e-06
-13.1239971581327 -1e-06
-12.9940565922106 -1e-06
-12.8654025665451 -1e-06
-12.738022343114 -1e-06
-12.6119033100138 -1e-06
-12.4870329802117 -1e-06
-12.3633989903086 -1e-06
-12.2409890993155 -1e-06
-12.1197911874411 -1e-06
-11.9997932548922 -1e-06
-11.8809834206853 -1e-06
-11.7633499214706 -1e-06
-11.6468811103669 -1e-06
-11.5315654558088 -1e-06
-11.4173915404048 -1e-06
-11.3043480598067 -1e-06
-11.1924238215908 -1e-06
-11.0816077441493 -1e-06
-10.9718888555934 -1e-06
-10.8632562926667 -1e-06
-10.75569929967 -1e-06
-10.6492072273961 -1e-06
-10.5437695320753 -1e-06
-10.439375774332 -1e-06
-10.3360156181505 -1e-06
-10.233678829852 -1e-06
-10.1323552770812 -1e-06
-10.0320349278031 -1e-06
-9.93270784931002 -1e-06
-9.834364207237639 -1e-06
-9.736994264591729 -1e-06
-9.640588380783891 -1e-06
-9.54513701067712 -1e-06
-9.45063070364071 -1e-06
-9.357060102614559 -1e-06
-9.26441594318274 -1e-06
-9.172689052656169 -1e-06
-9.081870349164531 -1e-06
-8.99195084075696 -1e-06
-8.902921624511841 -1e-06
-8.81477388565529 -1e-06
-8.727498896688401 -1e-06
-8.64108801652317 -1e-06
-8.555532689626901 -1e-06
-8.47082444517515 -1e-06
-8.38695489621302 -1e-06
-8.30391573882477 -1e-06
-8.221698751311649 -1e-06
-8.14029579337787 -1e-06
-8.059698805324629 -1e-06
-7.97989980725211 -1e-06
-7.90089089826941 -1e-06
-7.82266425571229 -1e-06
-7.7452121343686 -1e-06
-7.66852686571149 -1e-06
-7.59260085714009 -1e-06
-7.51742659122781 -1e-06
-7.44299662497803 -1e-06
-7.36930358908716 -1e-06
-7.29634018721501 -1e-06
-7.22409919526238 -1e-06
-7.15257346065582 -1e-06
-7.08175590163943 -1e-06
-7.01163950657369 -1e-06
-6.94221733324128 -1e-06
-6.87348250815968 -1e-06
-6.80542822590068 -1e-06
-6.73804774841651 -1e-06
-6.67133440437278 -1e-06
-6.60528158848791 -1e-06
-6.53988276087911 -1e-06
-6.47513144641496 -1e-06
-6.41102123407422 -1e-06
-6.34754577631111 -1e-06
-6.28469878842684 -1e-06
-6.22247404794737 -1e-06
-6.16086539400729 -1e-06
-6.0998667267399 -1e-06
-6.03947200667316 -1e-06
-5.97967525413184 -1e-06
-5.92047054864539 -1e-06
-5.86185202836177 -1e-06
-5.8038138894671 -1e-06
-5.74635038561099 -1e-06
-5.68945582733762 -1e-06
-5.63312458152239 -1e-06
-5.57735107081425 -1e-06
-5.52212977308341 -1e-06
-5.46745522087467 -1e-06
-5.41332200086601 -1e-06
-5.35972475333268 -1e-06
-5.30665817161651 -1e-06
-5.25411700160051 -1e-06
-5.20209604118862 -1e-06
-5.15059013979072 -1e-06
-5.09959419781259 -1e-06
-5.04910316615108 -1e-06
-4.99911204569414 -1e-06
-4.94961588682588 -1e-06
-4.90060978893651 -1e-06
-4.85208889993714 -1e-06
-4.80404841577935 -1e-06
-4.75648357997955 -1e-06
-4.70938968314807 -1e-06
-4.66276206252284 -1e-06
-4.61659610150777 -1e-06
-4.57088722921561 -1e-06
-4.52563092001545 -1e-06
-4.48082269308461 -1e-06
-4.43645811196496 -1e-06
-4.39253278412372 -1e-06
-4.34904236051854 -1e-06
-4.30598253516687 -1e-06
-4.26334904471967 -1e-06
-4.22113766803928 -1e-06
-4.17934422578146 -1e-06
-4.13796457998165 -1e-06
-4.09699463364519 -1e-06
-4.05643033034178 -1e-06
-4.01626765380374 -1e-06
-3.97650262752845 -1e-06
-3.93713131438461 -1.05528916183537e-06
-3.89814981622238 -1.19384719479651e-06
-3.85955427348751 -1.34880531057266e-06
-3.82134086483912 -1.52178369890853e-06
-3.7835058067714 -1.7145347232011e-06
-3.74604535323901 -1.92895148574934e-06
-3.70895579528615 -2.16707679088923e-06
-3.67223346067936 -2.43111251941901e-06
-3.63587471354392 -2.72342942285487e-06
-3.59987595400388 -3.04657734325767e-06
-3.56423361782562 -3.40329587057527e-06
-3.52894417606497 -3.79652543884427e-06
-3.4940041347178 -4.2294188741679e-06
-3.45941003437406 -4.70535338924107e-06
-3.4251584498753 -5.22794303436381e-06
-3.39124598997555 -5.80105160205597e-06
-3.35766929700549 -6.42880601042515e-06
-3.32442504654009 -7.11561000468482e-06
-3.2915099470694 -7.86615856277271e-06
-3.25892073967267 -8.68545245690514e-06
-3.22665419769571 -9.57881341945188e-06
-3.1947071264314 -1.05518996117334e-05
-3.16307636280337 -1.16107215013203e-05
-3.13175877505284 -1.27616581785686e-05
-3.10075126242855 -1.40114738516704e-05
-3.07005075487975 -1.5367334838088e-05
-3.03965421275223 -1.6836826636559e-05
-3.00955862648736 -1.84279713649515e-05
-2.97976101632412 -2.01492453359344e-05
-2.95025843200408 -2.2009596751438e-05
-2.92104795247928 -2.40184635765038e-05
-2.89212668562305 -2.61857913710565e-05
-2.86349176794362 -2.85220511675532e-05
-2.83514036430061 -3.10382573096646e-05
-2.80706966762437 -3.3745985060489e-05
-2.77927689863799 -3.66573882322479e-05
-2.75175930558217 -3.97852165044534e-05
-2.72451416394274 -4.31428324193125e-05
-2.69753877618093 -4.67442282312067e-05
-2.67083047146627 -5.06040421099679e-05
-2.64438660541214 -5.47375750092425e-05
-2.618204559814 -5.91608048201878e-05
-2.5922817423901 -6.38904034514786e-05
-2.56661558652486 -6.8943750184902e-05
-2.54120355101471 -7.43389475341586e-05
-2.51604311981654 -8.00948344550845e-05
-2.49113180179856 -8.62310002936272e-05
-2.46646713049362 -9.27677996976199e-05
-2.44204666385507 -9.9726364786255e-05
-2.41786798401492 -0.000107128618416867
-2.39392869704448 -0.000114997289593006
-2.3702264327173 -0.000123355925848787
-2.34675884427456 -0.000132228908107769
-2.32352360819263 -0.000141641465331615
-2.3005184239531 -0.000151619693861667
-2.27774101381495 -0.000162190564790967
-2.25518912258906 -0.000173381953366937
-2.23286051741491 -0.00018522265316112
-2.21075298753952 -0.000197742397731357
-2.18886434409853 -0.000210971887102139
-2.16719241989954 -0.000224942810186469
-2.14573506920746 -0.000239687888900306
-2.12449016753214 -0.000255240893354277
-2.10345561141796 -0.000271636670148797
-2.0826293182356 -0.000288911227529018
-2.06200922597584 -0.000307101733289269
-2.04159329304539 -0.000326246580351519
-2.02137949806474 -0.000346385470245703
-2.00136583966806 -0.00036755941299873
-1.98155033630501 -0.000389810850635103
-1.96193102604457 -0.000413183700382362
-1.94250596638076 -0.00043772344671344
-1.92327323404036 -0.000463477211179812
-1.90423092479243 -0.000490493870969751
-1.88537715325983 -0.000518824092194003
-1.86671005273251 -0.000548520549874579
-1.84822777498268 -0.000579637877033317
-1.82992849008186 -0.000612232966388793
-1.81181038621967 -0.000646364963039771
-1.79387166952442 -0.000682095386934218
-1.77611056388557 -0.00071948834779205
-1.75852531077779 -0.000758610639255936
-1.74111416908692 -0.000799531872477758
-1.72387541493754 -0.000842324625535038
-1.70680734152232 -0.000887064585342453
-1.68990825893299 -0.000933830711629774
-1.67317649399306 -0.000982705285884167
-1.65661039009214 -0.00103377423377669
-1.64020830702192 -0.00108712707354519
-1.62396862081378 -0.00114285714780178
-1.607889723578 -0.00120106169685561
-1.59197002334456 -0.00126184198091077
-1.5762079439055 -0.00132530336994478
-1.56060192465891 -0.0013915554587907
-1.54515042045437 -0.00146071209356081
-1.52985190143997 -0.00153289131089772
-1.51470485291086 -0.00160821564472955
-1.49970777515927 -0.001686811765292
-1.48485918332601 -0.00176881069726406
-1.47015760725347 -0.00185434761701396
-1.45560159134007 -0.00194356191314274
-1.44118969439611 -0.00203659660337036
-1.4269204895011 -0.00213359896513616
-1.41279256386247 -0.00223471954420569
-1.39880451867572 -0.00234011249678596
-1.38495496898586 -0.00244993262131373
-1.37124254355036 -0.00256434494753874
-1.36445421412684 -0.00262317249037419
-1.35766588470332 -0.00268350616259005
-1.35094476646222 -0.00274476516785495
-1.34422364822111 -0.00280758218528676
-1.33756907570517 -0.00287135422553894
-1.33091450318922 -0.0029367382427791
-1.32432581752987 -0.00300310597209143
-1.31773713187051 -0.00307114038005154
-1.31121368072264 -0.0031401868607116
-1.30469022957477 -0.00321095513352982
-1.29823136705212 -0.00328276342441993
-1.29177250452947 -0.00335634789243585
-1.28537759114071 -0.00343100126297623
-1.28218013444633 -0.00346901143786638
-1.27898267775195 -0.00350748621174186
-1.27581687904464 -0.00354604258691527
-1.27265108033733 -0.00358506483826772
-1.26948528163003 -0.00362455925814495
-1.26631948292272 -0.00366453148961162
-1.26318502875707 -0.00370458438579637
-1.26005057459142 -0.0037451173667163
-1.25691612042577 -0.00378613576583248
-1.25534889334295 -0.00380682891926151
-1.25378166626012 -0.00382764596201701
-1.25067824629413 -0.00386923510674212
-1.24757482632814 -0.00391131813874079
-1.24447140636215 -0.00395390037893498
-1.24136798639616 -0.00399698761748606
-1.23522260032489 -0.00408382457326518
-1.22907721425363 -0.00417271058207834
-1.22299267358901 -0.00426278751731984
-1.21690813292438 -0.00435496477468664
-1.20485953754889 -0.00454390132983756
-1.19293023519692 -0.00473963827161001
-1.18111904474943 -0.00494232489272398
-1.16942479678161 -0.00515207590086245
-1.15784633344714 -0.00536900502770428
-1.14638250836351 -0.00559321486584254
-1.13503218649852 -0.0058247975068409
-1.12379424405794 -0.00606383304942918
-1.1126675683742 -0.00631038897519294
-1.10165105779624 -0.00656451930591945
-1.09074362158043 -0.00682626372882212
-1.07994417978261 -0.0070956469884949
-1.0692516631511 -0.00737267827154694
-1.05866501302089 -0.00765735038194561
-1.0481831812088 -0.00794963927422661
-1.0378051299097 -0.00824950353080226
-1.02752983159376 -0.00855688460819533
-1.01735626890472 -0.00887170546802641
-1.00728343455913 -0.00919387122048298
-0.997310331246659 -0.00952326861111515
-0.987435971531345 -0.00985976653261336
-0.977659377753807 -0.0102032152949242
-0.967979581934463 -0.0105534478547778
-0.958395625677686 -0.0109102798294279
-0.948906560076917 -0.0112735100180163
-0.93951144562071 -0.011642907458067
-0.930209352099712 -0.0120182794474752
-0.92560435530714 -0.0122076312310175
-0.920999358514567 -0.0123993338025038
-0.916439955749644 -0.0125914362089682
-0.91188055298472 -0.0127858256182667
-0.907366292821429 -0.0129805379114458
-0.902852032658138 -0.0131774804444642
-0.898382468140029 -0.0133746579111713
-0.893912903621919 -0.0135740106034134
-0.891700247919885 -0.0136734968571964
-0.88948759221785 -0.0137735122687605
-0.887274936515815 -0.0138740528576466
-0.885062280813781 -0.0139751181335121
-0.882871532593945 -0.014075698638792
-0.880680784374109 -0.0141767894135338
-0.878490036154273 -0.0142783899480526
-0.876299287934437 -0.0143804983860702
-0.874130230291035 -0.0144820943096946
-0.871961172647633 -0.014584182190362
-0.867623057360828 -0.0147898374789726
-0.863327893710527 -0.014995372852525
-0.859032730060226 -0.0152028073446338
-0.8547800927827 -0.0154100405590018
-0.8505274555051739 -0.0156190872704276
-0.842106391589282 -0.0160383579576607
-0.833768704543843 -0.0164602530028362
-0.82551356885529 -0.0168844714829951
-0.817340167183456 -0.0173106664012206
-0.809247690280649 -0.0177385070239597
-0.801235336911534 -0.0181676630449925
-0.793302313773796 -0.0185978109854842
-0.7854478354195999 -0.0190286311308366
-0.777671124177822 -0.0194598114994744
-0.7699714100770511 -0.0198910458701069
-0.762347930769357 -0.0203220404052029
-0.7547999314548089 -0.0207525073814131
-0.747326664806742 -0.0211821725070307
-0.739927390897764 -0.0216107712740176
-0.732601377126499 -0.0220380521416932
-0.725347898145049 -0.0224637759043745
-0.718166235787177 -0.0228877145552068
-0.711055678997205 -0.0233096518813925
-0.704015523759609 -0.0237294066062441
-0.697045073029316 -0.0241467663843647
-0.690143636662689 -0.0245615812463046
-0.6833105313491969 -0.0249736809913374
-0.6765450805437589 -0.0253829297052186
-0.669846614399762 -0.0257891953904437
-0.663214469702734 -0.0261923622918003
-0.656647989804688 -0.0265923279483416
-0.650146524559097 -0.026989002184397
-0.643709430256531 -0.0273823097945669
-0.637336069560922 -0.027772186614665
-0.631025811446457 -0.0281585768441408
-0.624778031135106 -0.0285414422808869
-0.618592110034759 -0.0289207519779879
-0.612467435677979 -0.0292964929626882
-0.606403401661365 -0.0296686433098766
-0.60039940758551 -0.0300372135997708
-0.5944548589955549 -0.0304022088090578
-0.588569167322331 -0.0307636561128172
-0.582741749824091 -0.0311215699399134
-0.576972029528803 -0.0314759888065245
-0.571259435177032 -0.0318269563115436
-0.565603401165378 -0.0321745178429538
-0.560003367490474 -0.0325187287736008
-0.554458779693538 -0.0328596486007072
-0.548969088805484 -0.0331973442784616
-0.543533751292558 -0.0335318830738209
-0.538152229002533 -0.0338633429165649
-0.532823989111418 -0.0341918007844157
-0.527548504070711 -0.034517340234836
-0.52232525155516 -0.0348400446980013
-0.517153714411049 -0.0351600068177165
-0.512033380604999 -0.0354773096693431
-0.506963743173267 -0.0357920586262425
-0.501944300171551 -0.0361043374315172
-0.496974554625298 -0.0364142433672439
-0.492054014480493 -0.0367218768964761
-0.487182192554944 -0.037027323632322
-0.482358606490043 -0.0373306927765887
-0.477582778703013 -0.0376320827938134
-0.472854236339617 -0.0379315713146145
-0.468172511227344 -0.0382292655955901
-0.463537139829053 -0.0385252542509395
-0.458947663197082 -0.0388196287669926
-0.454403626927804 -0.0391124665180386
-0.449904581116638 -0.0394038765836421
-0.445450080313503 -0.0396939264313578
-0.441039683478716 -0.0399826928165519
-0.436672953939322 -0.0402702559486952
-0.432349459345864 -0.0405566865054673
-0.428068771629568 -0.0408420552656942
-0.423830466959968 -0.0411264215495401
-0.419634125702939 -0.0414098506462688
-0.415479332379147 -0.0416923947567826
-0.411365675622918 -0.0419741028670567
-0.407292748141503 -0.0422550208116254
-0.403260146674756 -0.0425351920693545
-0.399267471955204 -0.0428146556022686
-0.395314328668518 -0.043093439537701
-0.391400325414375 -0.0433715726149881
-0.387525074667698 -0.043649076272549
-0.383688192740295 -0.043925969026401
-0.379889299742866 -0.044202266703662
-0.376128019547392 -0.0444779754663669
-0.372403979749893 -0.044753103894493
-0.368716811633558 -0.0450276539305529
-0.365066150132235 -0.0453016231983397
-0.361451633794292 -0.0455750059758065
-0.357872904746824 -0.0458477979375235
-0.354329608660222 -0.0461199836736659
-0.350821394713091 -0.0463915542119956
-0.347347915557516 -0.0466624923720177
-0.343908827284669 -0.0469327805682085
-0.340503789390762 -0.0472024045989332
-0.337132464743328 -0.0474713394726353
-0.33379451954785 -0.0477395649986418
-0.330489623314703 -0.0480070609215345
-0.327217448826438 -0.0482738072504283
-0.323977672105385 -0.0485397798875315
-0.320769972381569 -0.0488049585156118
-0.317594032060959 -0.0490693206341289
-0.314449536694019 -0.0493328485077438
-0.311336174944573 -0.0495955175430654
-0.308253638558984 -0.0498573157889382
-0.305201622335627 -0.0501182196391757
-0.30217982409468 -0.0503782218566845
-0.299187944648198 -0.0506373016272483
-0.296225687770494 -0.0508954488818694
-0.293292760168805 -0.0511526528388908
-0.290388871454263 -0.051408907035524
-0.287513734113132 -0.0516642019928615
-0.284667063478348 -0.0519185368269986
-0.281848577701335 -0.0521719088337947
-0.279057997724094 -0.0524243146318747
-0.276295047251578 -0.0526757584125028
-0.273559452724335 -0.0529262428157995
-0.27085094329142 -0.0531757720069913
-0.268169250783585 -0.0534243542026211
-0.265514109686717 -0.0536719962322934
-0.262885257115562 -0.0539187089213667
-0.260282432787685 -0.0541644995985003
-0.257705378997708 -0.0544093871409804
-0.25515384059179 -0.0546533789259952
-0.252627564942366 -0.0548964859443438
-0.250126301923135 -0.0551387251067892
-0.247649803884292 -0.0553801117005078
-0.245197825628012 -0.0556206552755982
-0.24277012438417 -0.0558603707365371
-0.240366459786307 -0.056099272591955
-0.237986593847829 -0.0563373739507447
-0.235630290938444 -0.0565746807354545
-0.233297317760836 -0.0568112094388806
-0.23098744332756 -0.0570469674520891
-0.228700438938179 -0.0572819573577845
-0.226436078156613 -0.0575161912644079
-0.224194136788725 -0.0577496682628166
-0.221974392860124 -0.0579823948517347
-0.219776626594182 -0.0582143658276428
-0.217600620390279 -0.0584455794123952
-0.215446158802257 -0.0586760294628924
-0.213313028517086 -0.0589057053820798
-0.211201018333748 -0.0591345904452656
-0.209109919142325 -0.0593626627875895
-0.207039523903292 -0.0595898839480274
-0.204989627627022 -0.0598161814271723
-0.202960027353487 -0.0600416488950252
-0.200950522132166 -0.0602642968697543
-0.198960913002144 -0.0604943237501269
-0.19699100297242 -0.0607199736970355
-0.195040597002396 -0.0609433131491662
-0.19310950198257 -0.0611655865663883
-0.191197526715416 -0.0613868353156739
-0.189304481896452 -0.0616070776837898
-0.187430180095497 -0.0618263093389566
-0.185574435738115 -0.0620445230469753
-0.183737065087243 -0.0622616958919459
-0.181917886224993 -0.0624778086155437
-0.180116719034647 -0.0626928345903687
-0.178333385182818 -0.0629067549139897
-0.1765677081018 -0.0631195428698483
-0.17481951297208 -0.063331177296358
-0.173088626705029 -0.0635416333493799
-0.171374877925772 -0.0637508903221129
-0.169678096956209 -0.0639589273189183
-0.167998115798227 -0.0641657192962638
-0.166334768117057 -0.0643712543325762
-0.164687889224809 -0.0645755139522195
-0.163057316064167 -0.0647784824653874
-0.161442887192244 -0.0649801499623631
-0.159844442764598 -0.0651804996365084
-0.158261824519404 -0.0653795364161631
-0.156694875761787 -0.0655772412260859
-0.155143441348303 -0.0657736180434173
-0.153607367671588 -0.0659686585791917
-0.152086502645136 -0.0661623751709219
-0.150580695688254 -0.0663547631001285
-0.149089797711142 -0.0665458322378246
-0.147613661100141 -0.0667355938533064
-0.14615213970311 -0.0669240581114774
-0.14470508881496 -0.0671112395054453
-0.143272365163327 -0.0672971478917988
-0.141853826894383 -0.0674818290485071
-0.140449333558795 -0.0676652714630121
-0.139058746097817 -0.0678475110100978
-0.137681926829522 -0.0680285769631396
-0.13631873943517 -0.0682084904825256
-0.134969048945713 -0.0683872838661421
-0.133632721728429 -0.0685649811875998
-0.132309625473692 -0.068741623014683
-0.130999629181873 -0.0689172297716635
-0.129702603150369 -0.0690918388012122
-0.128418418960762 -0.0692654885658719
-0.127146949466101 -0.0694382100101727
-0.125888068778317 -0.0696100299393875
-0.12464165225576 -0.0697809937246331
-0.123407576490851 -0.0699511301274388
-0.122185719297873 -0.0701204703050916
-0.120975959700864 -0.0702890492106144
-0.119778177921647 -0.0704568982859844
-0.118592255367968 -0.0706240516857203
-0.11741807462175 -0.0707905376569619
-0.116255519427476 -0.0709563853825728
-0.115104474680669 -0.0711216285697296
-0.113964826416504 -0.0712862860942495
-0.112836461798519 -0.0714503830936229
-0.111719269107444 -0.0716139478110088
-0.110613137730143 -0.0717770017127072
-0.109517958148656 -0.0719395642570224
-0.108433621929363 -0.0721016599301538
-0.10736002171224 -0.0722632945726663
-0.106297051200238 -0.0724245054409584
-0.10524460514875 -0.072585287017126
-0.104202579355198 -0.0727456625231635
-0.103170870648711 -0.072905643145258
-0.102149376879912 -0.0730652420046854
-0.101137996910804 -0.0732244634411279
-0.100136630604756 -0.0733833235386716
-0.0991451788165905 -0.0735418306172137
-0.0981635433827629 -0.0736999870133266
-0.0971916271116464 -0.0738578022632131
-0.0962293337739073 -0.0740152868724653
-0.0952765680929776 -0.0741724472307939
-0.0943332357356213 -0.074329286800515
-0.0933992433025954 -0.0744858178864435
-0.0924744983194014 -0.074642040291135
-0.0915589092271301 -0.0747979726510262
-0.09065238537339609 -0.074953621436796
-0.08975483700336249 -0.0751089966834186
-0.0888661752508539 -0.0752641068754479
-0.0879863121295584 -0.0754189679214328
-0.0871151605243152 -0.0755735921565388
-0.0862526341824903 -0.0757280005641859
-0.085398647705436 -0.0758822074173133
-0.0845531165400356 -0.0760362380948426
-0.08371595697033229 -0.0761901151043304
-0.08288708610923989 -0.076343859578723
-0.0820664218903365 -0.0764975090732435
-0.0812538830597391 -0.0766510895453226
-0.08044938916805849 -0.0768046349548387
-0.0796528605624342 -0.0769581830452817
-0.0788642183786477 -0.0771117728652326
-0.07808338453331461 -0.0772654603669711
-0.07731028171615301 -0.0774192798543619
-0.0765448333823297 -0.0775732844226937
-0.07578696374488091 -0.0777275338025801
-0.07503659776720881 -0.0778820798603101
-0.07429366115565229 -0.0780369868791778
-0.073558080352131 -0.0781923177054368
-0.0728297825268624 -0.0783481367777977
-0.0721086955711509 -0.0785045201254676
-0.0713947480902484 -0.0786615369517551
-0.0706878693962855 -0.0788192642897524
-0.0699879895012728 -0.0789777786135332
-0.0692950391101711 -0.0791371611329786
-0.0686089496140308 -0.0792974969413303
-0.0679296530831988 -0.0794588684086829
-0.06725708226059279 -0.0796213632828014
-0.06659117055504241 -0.079785064366632
-0.0659318520346955 -0.0799500695441722
-0.0652790614204906 -0.0801164573596657
-0.0646327340796936 -0.0802843195259143
-0.0639928060194986 -0.080453744315336
-0.0633592138806917 -0.0806248229395686
-0.0627318949313779 -0.0807976436705673
-0.0621107870607702 -0.0809722919074944
-0.0614958287730398 -0.081148850635066
-0.0608869591812276 -0.0813273967071665
-0.0602841180012154 -0.0815080351535761
-0.0596872455457578 -0.081690821053156
-0.0590962827185721 -0.0818758391213376
-0.0585111710084872 -0.082063165356168
-0.0579318524836507 -0.0822528647609
-0.0573582697857928 -0.0824450106188763
-0.0567903661245473 -0.0826396588291023
-0.056228085271829 -0.0828368731880938
-0.0556713715562664 -0.0830367102289782
-0.0551201698576895 -0.0832392217471245
-0.0545744256016727 -0.0834444537512926
-0.0540340847541314 -0.0836524546251241
-0.0534990938159717 -0.0838632675408965
-0.0529693998177938 -0.0840769312634573
-0.0524449503146473 -0.0842934602534663
-0.0519256933808389 -0.0845129128139256
-0.051411577604791 -0.0847353016807549
-0.0509025520839515 -0.0849606501511269
-0.0503985664197539 -0.0851889820278756
-0.0498995707126277 -0.0854203175278831
-0.0494055155570571 -0.0856546715724398
-0.0489163520366902 -0.0858920808041765
-0.0484320317194952 -0.0861324798534305
-0.0479525066529656 -0.0863759742100335
-0.0474777293593719 -0.0866225302976032
-0.0470076528310613 -0.086872171709646
-0.0465422305258032 -0.0871248848063232
-0.0460814163621814 -0.0873806973571677
-0.0456251647150311 -0.0876396257779421
-0.0451734304109219 -0.0879016645512756
-0.044726168723685 -0.0881668308594452
-0.0442833353699852 -0.0884351310645826
-0.0438448865049358 -0.0887065930128721
-0.0434107787177582 -0.0889812222476662
-0.0429809690274834 -0.0892590532953085
-0.0425554148786964 -0.0895400842219793
-0.0421340741373232 -0.0898243469809617
-0.0417169050864586 -0.0901118654445908
-0.0413038664222363 -0.0904026699938586
-0.0408949172497389 -0.0906967892760024
-0.0404900170789494 -0.0909942550138673
-0.0400891258207419 -0.0912951013365398
-0.0396922037829128 -0.0915993703415814
-0.0392992116662503 -0.0919070952296673
-0.0389101105606439 -0.0922183225615654
-0.0385248619412316 -0.0925330869686563
-0.0381434276645857 -0.0928514598222993
-0.0377657699649363 -0.0931734521089364
-0.037391851450432 -0.0934991462567917
-0.0370216350994376 -0.0938285534820477
-0.036655084256869 -0.0941617809063824
-0.0362921626305633 -0.0944988177092557
-0.0359328342876865 -0.094839756334448
-0.0355770636511747 -0.0951846168484424
-0.0352248154962126 -0.0955334612702904
-0.0348760549467451 -0.0958863177893033
-0.0345307474720249 -0.0962432698817129
-0.0341888588831929 -0.0966043009447052
-0.033850355329894 -0.0969695405451277
-0.0335152032969248 -0.0973389439145433
-0.0331833696009156 -0.0977125624531717
-0.0328548213870451 -0.0980904582374487
-0.0325295261257873 -0.0984726252058032
-0.0322074516096904 -0.0988590989614969
-0.0318885659501885 -0.0992498917235897
-0.031572837574444 -0.0996450180003585
-0.0312602352222218 -0.100044482718246
-0.0309507279427939 -0.100448297594448
-0.0306442850918751 -0.100856455312931
-0.0303408763285892 -0.101268949448022
-0.0300404716124646 -0.10168576847031
-0.02974304120046 -0.102106898856644
-0.0294485556440198 -0.1025323127435
-0.0291569857861582 -0.102961990817304
-0.0288683027585725 -0.10339590105576
-0.0285824779787846 -0.103833993322397
-0.0282994831473115 -0.104276257738866
-0.0280192902448629 -0.104722608643418
-0.0277418715295672 -0.105173033082436
-0.027467199534225 -0.105627478215182
-0.0271952470635891 -0.106085893557668
-0.0269259871916724 -0.106548206095239
-0.0266593932590815 -0.107014357252556
-0.0263954388703778 -0.10748432204315
-0.0261340978914631 -0.107958013531793
-0.0258753444469932 -0.108435379443884
-0.025619152917815 -0.10891635159391
-0.0253654979384307 -0.109400893708949
-0.0251143543944859 -0.109888906549965
-0.024865697420283 -0.110380357852471
-0.0246195023963198 -0.110875204696835
-0.0243757449468513 -0.111373356865037
-0.0241344009374766 -0.111874747230338
-0.0238954464727491 -0.112379376855031
-0.023658857893811 -0.11288716332483
-0.0234246117760505 -0.113398068330381
-0.0231926849267826 -0.113912021072672
-0.0229630543829531 -0.11442901723714
-0.0227356974088645 -0.114949000850457
-0.0225105914939252 -0.11547193433142
-0.022287714350421 -0.115997785780937
-0.0220670439113079 -0.116526523479772
-0.0218485583280276 -0.117058119393102
-0.0216322359683442 -0.117592552149583
-0.0214180554142022 -0.11812979725462
-0.0212059954596061 -0.118669840318009
-0.0209960351085209 -0.119212648001506
-0.020788153572793 -0.11975820955549
-0.0205823302700921 -0.120306533758758
-0.0203785448218733 -0.12085758724631
-0.0201767770513597 -0.121411356619683
-0.0199770069815443 -0.121967840133076
-0.0197792148332122 -0.1225270252036
-0.0195833810229823 -0.123088900923869
-0.0193894861613687 -0.12365346560365
-0.0191975110508601 -0.124220701189408
-0.0190074366840199 -0.124790599226907
-0.0188192442416038 -0.125363151342783
-0.0186329150906968 -0.125938343747724
-0.0184484307828682 -0.126516162663728
-0.0182657730523447 -0.127096591642404
-0.0180849238142027 -0.127679615353005
-0.0179058651625769 -0.128265212994953
-0.017728579368888 -0.12885336283889
-0.0175530488800872 -0.129444041151867
-0.017379256316918 -0.130037222110281
-0.017207184472196 -0.130632876047754
-0.017036816309105 -0.131230966006732
-0.0168681349595099 -0.131831471692006
-0.016701123722287 -0.132434343093576
-0.0165357660616703 -0.133039542825891
-0.0163720456056142 -0.133647029720407
-0.0162099461441724 -0.134256761530379
-0.0160494516278935 -0.134868683972831
-0.0158905461662312 -0.135482750773651
-0.0157332140259715 -0.136098913551411
-0.0155774396296747 -0.1367171015538
-0.0154232075541334 -0.137337275617592
-0.0152705025288449 -0.137959371088181
-0.0151193094344999 -0.138583327262445
-0.0149696133014851 -0.13920909576408
-0.0148213993084011 -0.139836575983504
-0.0146746527805951 -0.140465736763211
-0.014529359188708 -0.141096515747898
-0.0143855041472357 -0.14172880368189
-0.0142430734131046 -0.142362582930802
-0.014102052884262 -0.142997764218296
-0.0139624285982792 -0.143634293965687
-0.0138241867309695 -0.14427208279622
-0.0136873135950193 -0.144911090314983
-0.013551795638633 -0.145551195608594
-0.0134176194441911 -0.146192383590539
-0.0132847717269219 -0.146834573669663
-0.013153239333586 -0.14747769310509
-0.0130230092411743 -0.14812167713694
-0.0128940685556181 -0.148766457494181
-0.012766404510513 -0.149411979586746
-0.0126400044658544 -0.150058156941092
-0.0125148559067866 -0.15070494051111
-0.0123909464423629 -0.151352265169874
-0.0122682638043197 -0.1520000634589
-0.0121467958458611 -0.15264827715506
-0.0120265305404566 -0.153296840118722
-0.0119074559806501 -0.153945694500153
-0.0117895603768812 -0.154594795299687
-0.0116728320563181 -0.155244045142131
-0.0115572594617011 -0.155893416275699
-0.0114428311501991 -0.156542840483223
-0.0113295357922763 -0.157192266582222
-0.0112173621705706 -0.157841616627365
-0.0111062991787828 -0.158490853521058
-0.010996335820577 -0.159139912314679
-0.0108874612084921 -0.159788737955436
-0.0107796645628634 -0.160437273722568
-0.0106729352107559 -0.161085463266068
-0.0105672625849068 -0.161733255575797
-0.01046263622268 -0.162380581726281
-0.0103590457650297 -0.16302739982446
-0.010256480955475 -0.163673648606835
-0.0101549316390841 -0.164319273204397
-0.0100543877614694 -0.164964220470884
-0.00995483936779152 -0.165608440756685
-0.009856276601773781 -0.166251862158777
-0.009758689704726511 -0.166894447417523
-0.00966206901458071 -0.167536136992669
-0.009566404964931391 -0.168176879076134
-0.00947168808409049 -0.168816612117488
-0.009377908994149 -0.169455289899301
-0.00928505841004851 -0.170092856388951
-0.00919312713866189 -0.170729262059451
-0.00910210607788306 -0.171364454446108
-0.0090119862157258 -0.171998372766309
-0.008922758629431491 -0.172630976647054
-0.008834414484585631 -0.173262207770682
-0.008746945034243199 -0.173892020753587
-0.008660341618062581 -0.174520359766087
-0.0085745956614481 -0.175147181054785
-0.00848969867470108 -0.175772437151735
-0.008405642252179289 -0.176396077943497
-0.00832241807146464 -0.177018055384316
-0.00824001789253925 -0.177638325426298
-0.00815843355696956 -0.178256842610532
-0.00807765698709857 -0.17887356467815
-0.00799768018524611 -0.179488444684546
-0.00791849523291694 -0.180101446001969
-0.00784009429001677 -0.180712524401918
-0.00776246959407601 -0.181321636945305
-0.0076856134594812 -0.181928755161988
-0.00760951827671406 -0.182533832338509
-0.00753417651159808 -0.183136834114804
-0.00745958070455255 -0.183737728303733
-0.00738572346985401 -0.184336479915761
-0.00731259749490496 -0.184933056264922
-0.00724019553950986 -0.185527426647699
-0.00716851043515828 -0.186119560051351
-0.00709753508431513 -0.186709428576557
-0.00702726245971795 -0.187297004689409
-0.00695768560368114 -0.187882262825353
-0.00688879762740707 -0.188465177392024
-0.00682059171030403 -0.189045719895923
-0.00675306109931092 -0.189623878968074
-0.00668619910822863 -0.19019962488403
-0.00661999911705805 -0.190772940117691
-0.0065544545713446 -0.191343805280963
-0.00648955898152931 -0.191912204217025
-0.00642530592230625 -0.192478118123744
-0.00636168903198638 -0.193041533406819
-0.00629870201186771 -0.19360243615461
-0.00623633862561159 -0.194160810485151
-0.00617459269862534 -0.194716646440919
-0.00611345811745083 -0.195269931821645
-0.00605292882915924 -0.195820656634705
-0.00599299884075172 -0.19636881095313
-0.00593366221856606 -0.196914387656803
-0.00587491308768917 -0.197457376093171
-0.00581674563137541 -0.19799777490096
-0.0057591540904707 -0.198535575839122
-0.00570213276284228 -0.199070771073234
-0.00564567600281414 -0.199603357997483
-0.00558977822060806 -0.200133332897472
-0.00553443388179016 -0.200660692924314
-0.00547963750672293 -0.201185435414495
-0.0054253836700227 -0.201707558516744
-0.00537166700002248 -0.202227061241109
-0.00531848217824008 -0.202743942879798
-0.00526582393885156 -0.203258203302487
-0.00521368706816986 -0.20376984344442
-0.00516206640412858 -0.204278862370736
-0.00511095683577087 -0.204785263209348
-0.00506035330274343 -0.2052890470508
-0.00501025079479548 -0.205790215823756
-0.00496064435128265 -0.20628877240176
-0.00491152906067589 -0.206784720168163
-0.00486290006007514 -0.207278057762903
-0.00481475253472786 -0.207768795218844
-0.00476708171755234 -0.208256961183408
-0.00471988288866568 -0.208742504272817
-0.00467315137491651 -0.209225455491278
-0.00462688254942229 -0.209705820715812
-0.00458107183111118 -0.210183605269825
-0.00453571468426849 -0.210658811911566
-0.00449080661808762 -0.211131446691723
-0.00444634318622536 -0.211601515022682
-0.00440231998636175 -0.212069022413019
-0.00435873265976411 -0.212533974438579
-0.00431557689085555 -0.212996376838463
-0.00427284840678767 -0.21345623555087
-0.0042305429770175 -0.213913526675787
-0.00418865641288861 -0.214368315848826
-0.00414718456721645 -0.214820579598069
-0.00410612333387767 -0.21527032422956
-0.00406546864740364 -0.215717555451888
-0.00402521648257786 -0.216162281102204
-0.00398536285403748 -0.216604507042304
-0.0039459038158787 -0.21704423988269
-0.00390683546126603 -0.217481486296109
-0.00386815392204558 -0.217916253350035
-0.00382985536836196 -0.218348546765092
-0.00379193600827917 -0.218778374443377
-0.00375439208740512 -0.219205742878586
-0.00371721988851992 -0.21963065897467
-0.00368041573120784 -0.220053129668258
-0.00364397597149291 -0.220473161926763
-0.00360789700147813 -0.220890762745491
-0.00357217524898825 -0.221305939145025
-0.00353680717721609 -0.221718698168643
-0.00350178928437236 -0.222129046880105
-0.00346711810333897 -0.222536992361556
-0.00343279020132572 -0.222942541711684
-0.00339880217953041 -0.223345702043965
-0.00336515067280239 -0.223746480485206
-0.00333183234930929 -0.224144884174167
-0.00329884391020722 -0.224540920260363
-0.00326618208931408 -0.224934595903015
-0.00323384365278622 -0.225325918270127
-0.00320182539879824 -0.225714894537689
-0.00317012415722598 -0.226101531889013
-0.00313873678933265 -0.226485837514176
-0.00310766018745807 -0.226867818609551
-0.00307689127471096 -0.227247482377514
-0.00304642700466432 -0.227624836026166
-0.00301626436105378 -0.227999886769317
-0.00298640035747899 -0.228372641826716
-0.00295683203710791 -0.228743108425526
-0.00292755647238407 -0.229111298331219
-0.0028985707647367 -0.229477206680533
-0.00286987204429376 -0.229840846299112
-0.00284145746959779 -0.230202232909532
-0.00281332422732454 -0.230561366320745
-0.0027854695320045 -0.230918255294161
-0.00275789062574703 -0.231272905310172
-0.00273058477796735 -0.23162532511119
-0.00270354928511619 -0.231975520959305
-0.00267678147041207 -0.232323501637814
-0.00265027868357631 -0.232669274459055
-0.0026240383005706 -0.233012843964897
-0.00259805772333723 -0.233354222331848
-0.00257233437954181 -0.233693412472828
-0.00254686572231862 -0.234030421695929
-0.00252164923001844 -0.234365260866682
-0.00249668240595885 -0.234697936198159
-0.00247196277817708 -0.235028453304959
-0.00244748789918523 -0.235356820675249
-0.00242325534572795 -0.235683044791737
-0.00239926271854252 -0.236007135973005
-0.00237550764212131 -0.23632909692332
-0.00235198776447654 -0.236648939965388
-0.00232870075690747 -0.236966668831011
-0.00230564431376977 -0.237282292706297
-0.0022828161522473 -0.237595819685823
-0.00226021401212604 -0.237907256550701
-0.00223783565557034 -0.238216610853003
-0.00221567886690132 -0.238523890162193
-0.00219374145237755 -0.2388291020665
-0.00217202123997777 -0.239132254173414
-0.00215051607918591 -0.239433354109242
-0.00212922384077813 -0.239732409516952
-0.00210814241661201 -0.24002942805
-0.00208726971941783 -0.240324417353532
-0.00206660368259191 -0.240617387585573
-0.00204614225999199 -0.240908342249243
-0.00202588342573464 -0.241197291010133
-0.0020058251739947 -0.241484246475693
-0.00198596551880663 -0.241769203631507
-0.00196630249386795 -0.242052181537885
-0.00194683415234451 -0.24233318525278
-0.00192755856667773 -0.242612222123993
-0.00190847382839379 -0.242889300524946
-0.00188957804791465 -0.243164428193656
-0.00187086935437094 -0.243437613268664
-0.00185234589541677 -0.243708863726313
-0.0018340058370463 -0.243978187902022
-0.00181584736341218 -0.244245593231814
-0.00179786867664573 -0.244511088163226
-0.00178006799667894 -0.244774680820853
-0.00176244356106825 -0.245036379360161
-0.00174499362482005 -0.245296191966086
-0.00172771646021787 -0.245554126852314
-0.00171061035665136 -0.245810192260844
-0.00169367362044689 -0.246064396461552
-0.00167690457469989 -0.246316747752006
-0.00166030155910881 -0.24656725445705
-0.0016438629298107 -0.246815924928552
-0.00162758705921851 -0.247062767545101
-0.00161147233585991 -0.247307790711603
-0.00159551716421774 -0.247551002858944
-0.00157971996457202 -0.247792412443524
-0.00156407917284358 -0.248032027946783
-0.00154859324043919 -0.248269857874603
-0.00153326063409821 -0.248505910756491
-0.0015180798357408 -0.248740195144311
-0.00150304934231762 -0.248972719609639
-0.00148816766566101 -0.249203492736111
-0.00147343333233764 -0.249432523422504
-0.00145884488350261 -0.249659820012069
-0.00144440087475506 -0.24988539149612
-0.00143009987599511 -0.25010924603103
-0.00141594047128228 -0.250331392283793
-0.00140192125869533 -0.250551839402237
-0.0013880408501934 -0.250770596052313
-0.00137429787147861 -0.250987670975921
-0.00136069096186001 -0.251203072945129
-0.00134721877411882 -0.251416810752928
-0.00133387997437507 -0.251628893210357
-0.00132067324195552 -0.251839329145532
-0.00130759726926289 -0.252048127404553
-0.00129465076164642 -0.252255296857226
-0.00128183243727369 -0.252460846428779
-0.00126914102700365 -0.252664785479189
-0.00125657527426104 -0.252867118966655
-0.00124413393491192 -0.253067862797652
-0.00123181577714052 -0.253267021386717
-0.00121961958132724 -0.253464604385814
-0.00120754413992796 -0.253660620791248
-0.00119558825735442 -0.253855079552719
-0.00118375074985586 -0.254047989613944
-0.00117203044540184 -0.254239359919658
-0.00116042618356618 -0.254429199417128
-0.00114893681541206 -0.254617517056162
-0.00113756120337828 -0.254804321788524
-0.00112629822116661 -0.254989622567243
-0.00111514675363031 -0.255173428345812
-0.00110410569666367 -0.255355748077322
-0.00109317395709274 -0.255536590713518
-0.00108235045256707 -0.255715965203821
-0.00107163411145255 -0.255893881026347
-0.00106102387272529 -0.256070345525213
-0.00105051868586663 -0.256245369230085
-0.00104011751075904 -0.25641896052735
-0.00102981931758321 -0.256591128296716
-0.00101962308671605 -0.256761882349823
-0.00100952780862975 -0.256931230151454
-0.00099953248379183 -0.25709918125676
-0.0009896361225661681 -0.257265744644841
-0.000979837745115018 -0.257430928837222
-0.000970136381301998 -0.25759474303542
-0.000960531070596037 -0.257757196063552
-0.000951020861976275 -0.257918296757536
-0.000941604813837896 -0.25807805394699
-0.0009322819938989071 -0.258236476450057
-0.000923051479107828 -0.258393573071073
-0.000913912355552305 -0.258549352599197
-0.000904863718368619 -0.258703823807376
-0.000895904671652098 -0.258856995451488
-0.000887034328368414 -0.259008876269503
-0.000878251810265756 -0.259159474980749
-0.000869556247787878 -0.259308800285183
-0.000860946779987997 -0.259456860862659
-0.0008524225544435619 -0.259603665372234
-0.000843982727171843 -0.259749222451515
-0.00083562646254638 -0.259893540715963
-0.000827352933214237 -0.26003662875827
-0.000819161320014096 -0.260178495147686
-0.000811050811895145 -0.260319148429422
-0.000803020605836777 -0.260458597124004
-0.000795069906769086 -0.260596849726716
-0.000787197927494145 -0.260733914706964
-0.000779403888608064 -0.260869800507708
-0.000771687018423826 -0.261004515544934
-0.000764046552894877 -0.261138068207054
-0.000756481735539482 -0.261270466854405
-0.000748991817365824 -0.261401719818696
-0.000741576056797845 -0.261531835402537
-0.000734233719601827 -0.261660821878895
-0.00072696407881369 -0.26178868749068
-0.00071976641466702 -0.261915440450255
-0.000712640014521802 -0.262041088939056
-0.000705584172793863 -0.262165641107227
-0.000698598190885013 -0.262289105073434
-0.000691681377113875 -0.262411488924894
-0.0006848330466474 -0.262532800718295
-0.00067805252143307 -0.262653048483399
-0.000671339130131752 -0.262772240240562
-0.00066469220805124 -0.262890384162811
-0.000658111097080435 -0.263007485052022
-0.0006515951456241939 -0.263123557547009
-0.000645143708538805 -0.263238604338285
-0.000638756147068124 -0.263352634488649
-0.000632431828780321 -0.263465655128218
-0.000626170127505268 -0.2635776750244
-0.000619970423272543 -0.263688701163535
-0.000613832102250043 -0.263798741941872
-0.00060775455668321 -0.263907804519773
-0.000601737184834862 -0.264015896525352
-0.000595779390925606 -0.264123025524619
-0.000589880585074857 -0.264229199039371
-0.000584040183242433 -0.264334424551025
-0.000578257607170726 -0.264438709501744
-0.000572532284327451 -0.264542061294743
-0.000566863647848961 -0.264644487294326
-0.00056125113648412 -0.264745994825805
-0.000555694194538733 -0.264846591175357
-0.000550192271820528 -0.264946283589891
-0.000544744823584681 -0.265045079276933
-0.000539351310479882 -0.265142985404421
-0.000534011198494933 -0.265240009100625
-0.000528723958905874 -0.265336157453969
-0.0005234890682236369 -0.265431437512939
-0.000518306008142215 -0.26552585628593
-0.000513174265487342 -0.265619420741152
-0.000508093332165685 -0.265712137806541
-0.00050306270511454 -0.265804014369633
-0.0004980818862520199 -0.265895057277498
-0.000493150382427742 -0.265985273336653
-0.000488267705374002 -0.266074669312992
-0.000483433371657428 -0.266163251931721
-0.000478646902631117 -0.266251027877309
-0.000473907824387244 -0.266338003793429
-0.000469215667710143 -0.266424186282915
-0.000464569968029844 -0.266509581907742
-0.000459970265376083 -0.266594197188993
-0.000455416104332756 -0.266678038606829
-0.000450907033992828 -0.266761112600494
-0.000446442607913691 -0.266843425568282
-0.000442022384072961 -0.266924983867574
-0.000437645924824714 -0.267005793814806
-0.000433312796856152 -0.267085861685526
-0.000429022571144705 -0.267165193714343
-0.00042477482291555 -0.267243796095047
-0.000420569131599554 -0.267321674980549
-0.000416405080791638 -0.267398836482983
-0.000412282258209542 -0.267475286673713
-0.000408200255653012 -0.267551031583386
-0.000404158668963379 -0.267626077202
-0.000400157097983543 -0.267700429478945
-0.00039619514651836 -0.267774094323078
-0.000392272422295405 -0.267847077602793
-0.000388388536926144 -0.267919385146078
-0.000384543105867469 -0.267991022740616
-0.000380735748383633 -0.268061996133845
-0.000376966087508547 -0.268132311033074
-0.000373233750008463 -0.268201973105542
-0.000369538366345013 -0.268270987978543
-0.000365879570638626 -0.26833936123952
-0.000362257000632303 -0.268407098436168
-0.000358670297655746 -0.268474205076551
-0.000355119106589847 -0.268540686629233
-0.000351603075831532 -0.268606548523404
-0.000348121857258943 -0.26867179614907
-0.000344675106196973 -0.268736434857273
-0.000341262481383142 -0.268800469960572
-0.000337883644933803 -0.268863906734324
-0.000334538262310697 -0.268926750423029
-0.000331226002287818 -0.268989006340257
-0.000327946536918632 -0.269050679558565
-0.000324699541503596 -0.269111775027843
-0.000321484694558016 -0.269172297292302
-0.000318301677780214 -0.269232252619337
-0.000315150176020014 -0.269291645437529
-0.000312029877247538 -0.269350480715327
-0.000308940472522315 -0.269408763382211
-0.000305881655962688 -0.269466498329682
-0.000302853124715533 -0.269523690411809
-0.00029985457892627 -0.269580344445381
-0.000296885721709178 -0.269636465210156
-0.000293946259117998 -0.269692057449036
-0.00029103590011683 -0.269747125868289
-0.000288154356551317 -0.269801675137639
-0.000285301343120116 -0.269855709890541
-0.000282476577346649 -0.269909234724266
-0.000279679779551138 -0.26996225420015
-0.000276910672822909 -0.270014772843714
-0.000274168982992979 -0.270066795144894
-0.00027145443860691 -0.270118325558196
-0.00026876677089793 -0.270169368502868
-0.000266105713760327 -0.270219928363129
-0.000263471003723096 -0.270270009488327
-0.000260862379923858 -0.270319616193205
-0.000258279584083027 -0.27036875275813
-0.000255722360478245 -0.270417423429628
-0.000253190455919054 -0.270465632421771
-0.000250683619721836 -0.270513383926047
-0.000248201603684986 -0.270560681635055
-0.000245744162064343 -0.270607530820469
-0.000243311051548854 -0.270653934528576
-0.000240902031236489 -0.27069989709401
-0.000238516862610385 -0.270745422535868
-0.000236155309515233 -0.270790514833977
-0.000233817138133894 -0.27083517793418
-0.000231502116964252 -0.270879415749635
-0.000229210016796289 -0.270923232161078
-0.000226940610689395 -0.270966631017223
-0.000224693673949896 -0.271009616725265
-0.000222468984108808 -0.271052191889717
-0.00022026632089981 -0.271094360854506
-0.000218085466237435 -0.271136127342057
-0.000215926204195481 -0.271177495043757
-0.000213788320985624 -0.271218467620126
-0.000211671604936262 -0.271259048701026
-0.000209575846471546 -0.271299241885837
-0.00020750083809064 -0.271339050743708
-0.000205446374347168 -0.271378478813674
-0.000203412251828879 -0.271417529604913
-0.000201398269137504 -0.271456206596946
-0.000199404226868816 -0.271494513239783
-0.000197429927592887 -0.271532452954177
-0.000195475175834542 -0.271570029131764
-0.000193539778054002 -0.271607245135312
-0.000191623542627725 -0.271644104298885
-0.00018972627982943 -0.271680609928042
-0.000187847801811317 -0.271716765300051
-0.000185987922585462 -0.271752573664062
-0.000184146458005408 -0.271788038241303
-0.000182323225747929 -0.271823162225291
-0.000180518045294979 -0.271857948782021
-0.000178730737915821 -0.271892401050144
-0.000176961126649328 -0.271926522141183
-0.000175209036286463 -0.271960315139701
-0.000173474293352934 -0.271993783103513
-0.000171756726092014 -0.272026929063888
-0.000170056164447538 -0.272059756025692
-0.000168372440047068 -0.272092266967631
-0.000166705386185215 -0.27212446484242
-0.000165054837807144 -0.272156352576977
-0.000163420631492222 -0.272187933072596
-0.000161802605437843 -0.27221920920514
-0.000160200599443409 -0.272250183825274
-0.000158614454894465 -0.272280859758576
-0.000157044014746995 -0.272311239805784
-0.000155489123511876 -0.272341326742957
-0.000153949627239481 -0.272371123321652
-0.000152425373504437 -0.272400632269131
-0.000150916211390531 -0.272429856288541
-0.000149421991475774 -0.272458798059072
-0.000147942565817598 -0.272487460236166
-0.000146477787938216 -0.272515845451684
-0.000145027512810114 -0.272543956314104
-0.000143591596841697 -0.272571795408682
-0.000142169897863067 -0.27259936529763
-0.000140762275111947 -0.272626668520319
-0.00013936858921975 -0.272653707593423
-0.000137988702197772 -0.272680485011125
-0.000136622477423537 -0.272707003245277
-0.000135269779627264 -0.272733264745572
-0.000133930474878479 -0.272759271939729
-0.000132604430572752 -0.27278502723366
-0.000131291515418566 -0.272810533011632
-0.000129991599424323 -0.272835791636431
-0.000128704553885468 -0.272860805449538
-0.000127430251371751 -0.272885576771179
-0.000126168565714605 -0.272910107900173
-0.000124919371994658 -0.272934401109694
-0.000123682546529364 -0.272958458700165
-0.000122457966860757 -0.272982282835541
-0.000121245511743324 -0.273005875779233
-0.000120045061132003 -0.273029239721322
-0.0001188564961703 -0.273052376838281
-0.000117679699178515 -0.273075289287369
-0.000116514553642094 -0.273097979206394
-0.000115360944200093 -0.273120448713624
-0.000114218756633756 -0.273142699908145
-0.000113087877855204 -0.273164734869803
-0.000111968195896241 -0.273186555659522
-0.000110859599897269 -0.273208164319345
-0.000109761980096306 -0.273229562872662
-0.000108675227818124 -0.273250753324328
-0.00010759923546349 -0.273271737660819
-0.000106533896498505 -0.273292517850398
-0.000105479105444064 -0.273313095843263
-0.00010443475786541 -0.273333473571695
-0.000103400750361792 -0.273353652950192
-0.00010237698055623 -0.27337363587567
-0.000101363347085376 -0.273393424227539
-0.000100359749589481 -0.273413019867917
-9.93660887024564e-05 -0.273432424641723
-9.838226604203611e-05 -0.273451640376858
-9.74081842000357e-05 -0.273470668884347
-9.64437467327086e-05 -0.273489511958451
-9.548885815119661e-05 -0.273508171376854
-9.45434239120759e-05 -0.273526648900778
-9.36073504079959e-05 -0.273544946275107
-9.26805449584118e-05 -0.273563065228569
-9.17629158004077e-05 -0.273581007473848
-9.08543720796116e-05 -0.273598774707735
-8.995482384119961e-05 -0.273616368611235
-8.90641820209897e-05 -0.273633790849747
-8.81823584366235e-05 -0.273651043073164
-8.730926577883521e-05 -0.273668126916025
-8.64448176028071e-05 -0.273685043997641
-8.5588928319611e-05 -0.273701795922227
-8.474151318773359e-05 -0.273718384279034
-8.39024883046868e-05 -0.273734810642483
-8.307177059869981e-05 -0.273751076572291
-8.22492778204948e-05 -0.273767183613597
-8.143492853514339e-05 -0.273783133297087
-8.062864211400339e-05 -0.273798927139142
-7.9830338726736e-05 -0.273814566641924
-7.9039939333402e-05 -0.273830053293536
-7.82573656766356e-05 -0.27384538856813
-7.74825402738966e-05 -0.273860573926039
-7.671538640979859e-05 -0.273875610813883
-7.59558281285135e-05 -0.27389050066469
-7.5203790226251e-05 -0.273905244898056
-7.44591982438129e-05 -0.273919844920203
-7.37219784592207e-05 -0.273934302124147
-7.299205788041651e-05 -0.27394861788978
-7.22693642380361e-05 -0.273962793584013
-7.155382597825361e-05 -0.273976830560875
-7.084537225569659e-05 -0.273990730161638
-7.01439329264323e-05 -0.274004493714922
-6.944943854102211e-05 -0.27401812253681
-6.876182033764561e-05 -0.274031617930969
-6.80810102352927e-05 -0.274044981188749
-6.74069408270225e-05 -0.274058213589294
-6.673954537328961e-05 -0.274071316399669
-6.607875779533621e-05 -0.274084290874937
-6.54245126686497e-05 -0.274097138258295
-6.477674521648491e-05 -0.27410985978117
-6.41353913034504e-05 -0.274122456663325
-6.350038742915879e-05 -0.274134930112962
-6.28716707219394e-05 -0.274147281326829
-6.22491789326132e-05 -0.274159511490331
-6.16328504283299e-05 -0.274171621777611
-6.10226241864653e-05 -0.274183613351674
-6.04184397885795e-05 -0.274195487364476
-5.98202374144351e-05 -0.27420724495704
-5.92279578360744e-05 -0.27421888725952
-5.86415424119548e-05 -0.274230415391342
-5.80609330811434e-05 -0.274241830461281
-5.74860723575677e-05 -0.274253133567545
-5.69169033243245e-05 -0.274264325797901
-5.6353369628044e-05 -0.274275408229746
-5.57954154733109e-05 -0.274286381930204
-5.52429856171395e-05 -0.274297247956251
-5.46960253635045e-05 -0.274308007354756
-5.41544805579252e-05 -0.274318661162613
-5.36182975821042e-05 -0.274329210406816
-5.3087423348618e-05 -0.274339656104559
-5.25618052956614e-05 -0.274349999263321
-5.2041391381843e-05 -0.274360240880932
-5.15261300810327e-05 -0.274370381945724
-5.10159703772601e-05 -0.274380423436552
-5.05108617596634e-05 -0.274390366322911
-5.00107542174885e-05 -0.274400211565016
-4.95155982351372e-05 -0.274409960113898
-4.90253447872645e-05 -0.274419612911486
-4.85399453339253e-05 -0.274429170890685
-4.80593518157676e-05 -0.274438634975441
-4.75835166492748e-05 -0.274448006080872
-4.71123927220543e-05 -0.274457285113291
-4.66459333881726e-05 -0.274466472970347
-4.61840924635372e-05 -0.274475570541079
-4.5726824221324e-05 -0.274484578705957
-4.52740833874495e-05 -0.274493498337016
-4.48258251360886e-05 -0.274502330297925
-4.43820050852362e-05 -0.274511075444051
-4.39425792923131e-05 -0.274519734622544
-4.35075042498149e-05 -0.274528308672362
-4.30767368810049e-05 -0.274536798424498
-4.26502345356484e-05 -0.274545204701734
-4.22279549857905e-05 -0.274553528319013
-4.18098564215747e-05 -0.274561770079246
-4.13958974471037e-05 -0.274569930798775
-4.09860370763403e-05 -0.274578011248457
-4.05802347290498e-05 -0.274586012221457
-4.0178450226782e-05 -0.274593934493762
-3.97806437888931e-05 -0.274601778834331
-3.9386776028607e-05 -0.274609546004772
-3.89968079491158e-05 -0.274617236759376
-3.86107009397186e-05 -0.274624851845132
-3.82284167719987e-05 -0.274632392001884
-3.78499175960383e-05 -0.274639857962259
-3.74751659366716e-05 -0.274647250451813
-3.71041246897738e-05 -0.274654570189174
-3.67367571185879e-05 -0.274661817885949
-3.63730268500871e-05 -0.274668994246945
-3.60128978713733e-05 -0.274676099970096
-3.56563345261122e-05 -0.274683135746604
-3.53033015110022e-05 -0.274690102261021
-3.49537638722794e-05 -0.274697000191225
-3.46076870022568e-05 -0.274703830208596
-3.42650366358979e-05 -0.274710592977957
-3.39257788474236e-05 -0.274717289157762
-3.35898800469541e-05 -0.27472391940003
-3.32573069771823e-05 -0.274730484350514
-3.29280267100814e-05 -0.274736984648691
-3.2602006643645e-05 -0.274743420927836
-3.22792144986584e-05 -0.274749793815114
-3.19596183155034e-05 -0.274756103931594
-3.16431864509934e-05 -0.274762351892318
-3.1329887575241e-05 -0.274768538306387
-3.10196906685555e-05 -0.274774663776997
-3.07125650183718e-05 -0.274780728901453
-3.04084802162097e-05 -0.274786734271311
-3.0107406154663e-05 -0.274792680472374
-2.98093130244188e-05 -0.274798568084741
-2.95141713113058e-05 -0.274804397682908
-2.92219517933721e-05 -0.274810169835769
-2.89326255379921e-05 -0.274815885106722
-2.86461638990021e-05 -0.274821544053657
-2.83625385138635e-05 -0.274827147229065
-2.80817213008549e-05 -0.274832695180074
-2.7803684456292e-05 -0.274838188448486
-2.75284004517743e-05 -0.27484362757083
-2.72558420314597e-05 -0.274849013078427
-2.6985982209366e-05 -0.274854345497446
-2.6718794266699e-05 -0.274859625348898
-2.64542517492069e-05 -0.274864853148773
-2.61923284645613e-05 -0.274870029408009
-2.59329984797637e-05 -0.274875154632578
-2.56762361185779e-05 -0.274880229323539
-2.5422015958988e-05 -0.274885253977071
-2.51703128306812e-05 -0.274890229084501
-2.49211018125557e-05 -0.274895155132399
-2.46743582302531e-05 -0.274900032602588
-2.4430057653716e-05 -0.27490486197218
-2.41881758947683e-05 -0.274909643713677
-2.39486890047211e-05 -0.274914378294924
-2.37115732720011e-05 -0.274919066179259
-2.3476805219803e-05 -0.274923707825473
-2.32443616037654e-05 -0.27492830368789
-2.30142194096687e-05 -0.274932854216399
-2.27863558511571e-05 -0.27493735985653
-2.25607483674823e-05 -0.274941821049418
-2.23373746212696e-05 -0.274946238231932
-2.21162124963065e-05 -0.27495061183667
-2.1897240095353e-05 -0.274954942292
-2.16804357379733e-05 -0.274959230022117
-2.14657779583894e-05 -0.274963475447019
-2.12532455033558e-05 -0.27496767898258
-2.10428173300553e-05 -0.274971841040311
-2.08344726040151e-05 -0.274975962043857
-2.06281906970447e-05 -0.274980042356196
-2.04239511851927e-05 -0.274984082413565
-2.02217338467255e-05 -0.274988082601887
-2.00215186601242e-05 -0.274992043312857
-1.98232858021032e-05 -0.274995964934864
-1.96270156456467e-05 -0.274999847852387
-1.94326887580661e-05 -0.275003692446203
-1.92402858990753e-05 -0.27500749909335
-1.90497880188865e-05 -0.275011268167236
-1.88611762563232e-05 -0.275015000037537
-1.86744319369537e-05 -0.275018695070388
-1.84895365712413e-05 -0.275022353628312
-1.83064718527141e-05 -0.275025976070285
-1.81252196561526e-05 -0.275029562751765
-1.79457620357947e-05 -0.275033114024762
-1.77680812235591e-05 -0.275036630237807
-1.75921596272862e-05 -0.275040111736027
-1.74179798289962e-05 -0.275043558861215
-1.72455245831646e-05 -0.27504697195175
-1.70747768150145e-05 -0.27505035134275
-1.69057196188262e-05 -0.275053697366008
-1.67383362562636e-05 -0.275057010350133
-1.65726101547164e-05 -0.275060290620442
-1.64085249056598e-05 -0.275063538499115
-1.62460642630295e-05 -0.275066754305167
-1.60852121416134e-05 -0.275069938354466
-1.59259526154588e-05 -0.275073090959819
-1.57682699162958e-05 -0.275076212430946
-1.56121484319761e-05 -0.275079303074534
-1.54575727049268e-05 -0.275082363194259
-1.53045274306206e-05 -0.275085393090855
-1.515299745606e-05 -0.275088393062055
-1.50029677782772e-05 -0.275091363402716
-1.48544235428487e-05 -0.275094304404784
-1.47073500424245e-05 -0.275097216357341
-1.45617327152718e-05 -0.275100099546661
-1.44175571438334e-05 -0.275102954256162
-1.42748090533004e-05 -0.275105780766535
-1.41334743101984e-05 -0.275108579355668
-1.39935389209886e-05 -0.275111350298771
-1.38549890306817e-05 -0.275114093868318
-1.37178109214671e-05 -0.275116810334122
-1.35819910113535e-05 -0.275119499963354
-1.34475158528253e-05 -0.275122163020564
-1.33143721315102e-05 -0.275124799767686
-1.31825466648616e-05 -0.275127410464103
-1.3052026400853e-05 -0.275129995366642
-1.29227984166862e-05 -0.27513255472962
-1.27948499175111e-05 -0.275135088804843
-1.26681682351595e-05 -0.275137597841657
-1.25427408268906e-05 -0.275140082086945
-1.24185552741491e-05 -0.275142541785175
-1.22955992813357e-05 -0.275144977178424
-1.21738606745898e-05 -0.275147388506375
-1.2053327400584e-05 -0.275149776006365
-1.19339875253307e-05 -0.275152139913384
-1.18158292330007e-05 -0.275154480460142
-1.16988408247531e-05 -0.275156797877046
-1.15830107175774e-05 -0.275159092392226
-1.14683274431459e-05 -0.275161364231601
-1.13547796466791e-05 -0.275163613618849
-1.12423560858209e-05 -0.275165840775445
-1.11310456295256e-05 -0.275168045920707
-1.10208372569561e-05 -0.275170229271779
-1.09117200563922e-05 -0.275172391043686
-1.08036832241506e-05 -0.275174531449323
-1.06967160635155e-05 -0.275176650699518
-1.05908079836787e-05 -0.275178749002979
-1.04859484986918e-05 -0.27518082656641
-1.03821272264275e-05 -0.27518288359446
-1.0279333887552e-05 -0.275184920289773
-1.01775583045069e-05 -0.275186936852989
-1.00767904005019e-05 -0.275188933482787
-9.977020198516739e-06 -0.275190910375881
-9.878237820313601e-06 -0.275192867727059
-9.780433485459009e-06 -0.275194805729194
-9.68359751035546e-06 -0.27519672457324
-9.587720307282629e-06 -0.275198624448303
-9.492792383448151e-06 -0.275200505541616
-9.39880434004767e-06 -0.275202368038562
-9.30574687133433e-06 -0.2752042121227
-9.21361076369735e-06 -0.275206037975803
-9.12238689474986e-06 -0.275207845777828
-9.0320662324256e-06 -0.275209635706974
-8.942639834084751e-06 -0.275211407939689
-8.85409884562847e-06 -0.275213162650677
-8.76643450062225e-06 -0.275214900012929
-8.679638119427971e-06 -0.275216620197726
-8.593701108344519e-06 -0.275218323374661
-8.508614958756951e-06 -0.275220009711679
-8.42437124629401e-06 -0.275221679375038
-8.34096162999407e-06 -0.275223332529384
-8.25837785147928e-06 -0.275224969337732
-8.1766117341379e-06 -0.275226589961487
-8.09565518231475e-06 -0.275228194560479
-8.01550018050966e-06 -0.275229783292949
-7.93613879258382e-06 -0.275231356315585
-7.85756316097408e-06 -0.275232913783539
-7.77976550591493e-06 -0.275234455850421
-7.702738124668249e-06 -0.275235982668334
-7.62647339076064e-06 -0.275237494387889
-7.55096375322836e-06 -0.275238991158203
-7.47620173586966e-06 -0.275240473126929
-7.40217993650461e-06 -0.275241940440266
-7.32889102624219e-06 -0.275243393242968
-7.25632774875465e-06 -0.275244831678369
-7.18448291955906e-06 -0.275246255888382
-7.113349425306e-06 -0.275247666013533
-7.04292022307524e-06 -0.27524906219295
-6.97318833967846e-06 -0.275250444564398
-6.90414687096877e-06 -0.275251813264281
-6.8357889811572e-06 -0.27525316842767
-6.76810790213584e-06 -0.275254510188283
-6.70109693280776e-06 -0.275255838678532
-6.63474943842353e-06 -0.275257154029533
-6.56905884992428e-06 -0.275258456371082
-6.50401866329137e-06 -0.275259745831731
-6.43962243890235e-06 -0.275261022538742
-6.37586380089341e-06 -0.275262286618119
-6.31273643652813e-06 -0.275263538194637
-6.25023409557241e-06 -0.275264777391836
-6.18835058967565e-06 -0.275266004332032
-6.12707979175807e-06 -0.27526721913634
-6.06641563540403e-06 -0.275268421924686
-6.00635211426141e-06 -0.2752696128158
-5.94688328144694e-06 -0.275270791927258
-5.88800324895737e-06 -0.275271959375463
-5.82970618708651e-06 -0.275273115275666
-5.77198632384803e-06 -0.275274259741992
-5.71483794440399e-06 -0.275275392887449
-5.658255390499e-06 -0.275276514823904
-5.6022330599e-06 -0.275277625662141
-5.54676540584158e-06 -0.275278725511846
-5.49184693647681e-06 -0.275279814481629
-5.43747221433348e-06 -0.275280892679003
-5.38363585577572e-06 -0.275281960210449
-5.33033253047101e-06 -0.275283017181389
-5.27755696086239e-06 -0.275284063696197
-5.22530392164593e-06 -0.275285099858236
-5.17356823925339e-06 -0.27528612576982
-5.12234479133999e-06 -0.275287141532281
-5.07162850627722e-06 -0.275288147245935
-5.02141436265071e-06 -0.275289143010115
-4.97169738876308e-06 -0.275290128923165
-4.92247266214166e-06 -0.27529110508247
-4.87373530905115e-06 -0.275292071584454
-4.82548050401104e-06 -0.275293028524572
-4.77770346931786e-06 -0.275293975997357
-4.73039947457214e-06 -0.275294914096396
-4.68356383621004e-06 -0.27529584291436
-4.63719191703965e-06 -0.275296762543007
-4.59127912578183e-06 -0.275297673073174
-4.54582091661567e-06 -0.275298574594822
-4.50081278872839e-06 -0.275299467197003
-4.45625028586969e-06 -0.275300350967908
-4.41212899591058e-06 -0.275301225994849
-4.36844455040652e-06 -0.275302092364274
-4.32519262416487e-06 -0.275302950161789
-4.2823689348167e-06 -0.275303799472129
-4.23996924239277e-06 -0.275304640379231
-4.19798934890374e-06 -0.275305472966165
-4.15642509792449e-06 -0.27530629731521
-4.11527237418267e-06 -0.27530711350781
-4.07452710315115e-06 -0.275307921624619
-4.03418525064471e-06 -0.275308721745489
-3.9942428224205e-06 -0.275309513949488
-3.95469586378268e-06 -0.275310298314896
-3.91554045919077e-06 -0.275311074919229
-3.87677273187205e-06 -0.275311843839227
-3.83838884343767e-06 -0.27531260515088
-3.80038499350264e-06 -0.275313358929432
-3.76275741930955e-06 -0.275314105249362
-3.72550239535599e-06 -0.275314844184437
-3.68861623302573e-06 -0.275315575807689
-3.6520952802235e-06 -0.275316300191423
-3.61593592101336e-06 -0.275317017407235
-3.58013457526076e-06 -0.275317727526013
-3.54468769827798e-06 -0.275318430617933
-3.50959178047324e-06 -0.275319126752501
-3.47484334700321e-06 -0.275319815998517
-3.44043895742892e-06 -0.275320498424116
-3.40637520537517e-06 -0.275321174096745
-3.37264871819324e-06 -0.275321843083188
-3.33925615662697e-06 -0.275322505449587
-3.30619421448215e-06 -0.275323161261408
-3.27345961829915e-06 -0.27532381058347
-3.24104912702887e-06 -0.275324453479978
-3.20895953171175e-06 -0.275325090014472
-3.17718765516015e-06 -0.275325720249883
-3.14573035164371e-06 -0.275326344248508
-3.11458450657793e-06 -0.275326962072043
-3.08374703621577e-06 -0.275327573781567
-3.05321488734235e-06 -0.275328179437547
-3.02298503697262e-06 -0.275328779099861
-2.9930544920521e-06 -0.275329372827804
-2.9634202891605e-06 -0.275329960680061
-2.93407949421831e-06 -0.275330542714763
-2.90502920219635e-06 -0.275331118989452
-2.87626653682807e-06 -0.275331689561104
-2.84778865032482e-06 -0.275332254486131
-2.81959272309388e-06 -0.275332813820391
-2.79167596345929e-06 -0.275333367619188
-2.76403560738544e-06 -0.275333915937275
-2.7366689182034e-06 -0.275334458828878
-2.70957318634e-06 -0.275334996347667
-2.68274572904951e-06 -0.275335528546795
-2.65618389014803e-06 -0.27533605547889
-2.62988503975052e-06 -0.275336577196052
-2.60384657401042e-06 -0.275337093749867
-2.5780659148618e-06 -0.27533760519143
-2.55254050976416e-06 -0.275338111571297
-2.52726783144966e-06 -0.275338612939552
-2.50224537767293e-06 -0.275339109345773
-2.4774706709633e-06 -0.275339600839049
-2.4529412583795e-06 -0.275340087467986
-2.42865471126683e-06 -0.275340569280702
-2.40460862501667e-06 -0.275341046324854
-2.38080061882838e-06 -0.275341518647612
-2.35722833547365e-06 -0.27534198629569
-2.33388944106302e-06 -0.275342449315338
-2.31078162481487e-06 -0.275342907752338
-2.2879025988266e-06 -0.275343361652044
-2.26525009784812e-06 -0.275343811059333
-2.24282187905755e-06 -0.275344256018663
-2.22061572183915e-06 -0.275344696574035
-2.19862942756352e-06 -0.27534513276902
-2.17686081936982e-06 -0.275345564646765
-2.15530774195032e-06 -0.275345992249988
-2.13396806133695e-06 -0.275346415620971
-2.11283966469005e-06 -0.275346834801591
-2.09192046008916e-06 -0.275347249833316
-2.0712083763259e-06 -0.275347660757186
-2.05070136269891e-06 -0.275348067613859
-2.0303973888108e-06 -0.275348470443562
-2.01029444436713e-06 -0.275348869286154
-1.99039053897736e-06 -0.275349264181076
-1.97068370195778e-06 -0.275349655167395
-1.95117198213641e-06 -0.275350042283783
-1.93185344765982e-06 -0.275350425568537
-1.9127261858018e-06 -0.275350805059558
-1.89378830277406e-06 -0.275351180794396
-1.87503792353867e-06 -0.275351552810214
-1.85647319162245e-06 -0.275351921143813
-1.83809226893311e-06 -0.275352285831626
-1.81989333557734e-06 -0.275352646909732
-1.80187458968054e-06 -0.27535300441385
-1.78403424720845e-06 -0.275353358379342
-1.76637054179055e-06 -0.275353708841225
-1.74888172454509e-06 -0.275354055834172
-1.73156606390603e-06 -0.275354399392506
-1.71442184545152e-06 -0.275354739550216
-1.69744737173418e-06 -0.275355076340947
-1.68064096211305e-06 -0.275355409798029
-1.66400095258717e-06 -0.275355739954438
-1.64752569563087e-06 -0.275356066842847
-1.63121356003056e-06 -0.275356390495588
-1.61506293072333e-06 -0.275356710944683
-1.59907220863696e-06 -0.275357028221832
-1.58323981053164e-06 -0.275357342358432
-1.56756416884321e-06 -0.275357653385552
-1.55204373152793e-06 -0.275357961333972
-1.53667696190884e-06 -0.275358266234154
-1.52146233852361e-06 -0.275358568116264
-1.50639835497387e-06 -0.275358867010171
-1.49148351977611e-06 -0.275359162945444
-1.47671635621397e-06 -0.275359455951369
-1.46209540219205e-06 -0.275359746056923
-1.44761921009113e-06 -0.275360033290825
-1.43328634662489e-06 -0.275360317681476
-1.41909539269791e-06 -0.275360599257029
-1.40504494326525e-06 -0.275360878045341
-1.39113360719332e-06 -0.275361154073989
-1.3773600071221e-06 -0.275361427370289
-1.36372277932881e-06 -0.275361697961287
-1.35022057359288e-06 -0.275361965873743
-1.33685205306226e-06 -0.275362231134178
-1.32361589412105e-06 -0.275362493768838
-1.31051078625847e-06 -0.275362753803697
-1.29753543193907e-06 -0.275363011264499
-1.28468854647433e-06 -0.275363266176712
-1.27196885789538e-06 -0.275363518565561
-1.25937510682711e-06 -0.275363768456019
-1.24690604636347e-06 -0.27536401587281
-1.23456044194403e-06 -0.275364260840423
-1.22233707123171e-06 -0.275364503383092
-1.2102347239918e-06 -0.275364743524817
-1.19825220197208e-06 -0.275364981289361
-1.18638831878423e-06 -0.275365216700252
-1.17464189978637e-06 -0.275365449780786
-1.1630117819667e-06 -0.275365680554028
-1.15149681382842e-06 -0.275365909042805
-1.14009585527566e-06 -0.275366135269743
-1.12880777750065e-06 -0.27536635925721
-1.11763146287194e-06 -0.275366581027386
-1.1065658048237e-06 -0.275366800602205
-1.09560970774624e-06 -0.275367018003404
-1.08476208687746e-06 -0.275367233252495
-1.07402186819551e-06 -0.275367446370774
-1.06338798831238e-06 -0.275367657379334
-1.0528593943687e-06 -0.275367866299057
-1.0424350439294e-06 -0.275368073150616
-1.0321139048806e-06 -0.275368277954483
-1.02189495532732e-06 -0.275368480730922
-1.0117771834924e-06 -0.275368681500004
-1.00175958761624e-06 -0.275368880281588
1.00175958761624e-06 -0.275408643036413
1.0117771834924e-06 -0.275408841882371
1.02189495532732e-06 -0.275409042717115
1.0321139048806e-06 -0.275409245560538
1.0424350439294e-06 -0.275409450432736
1.0528593943687e-06 -0.275409657353999
1.06338798831238e-06 -0.275409866344827
1.07402186819551e-06 -0.275410077425925
1.08476208687746e-06 -0.275410290618197
1.09560970774624e-06 -0.275410505942764
1.1065658048237e-06 -0.27541072342096
1.11763146287194e-06 -0.27541094307433
1.12880777750065e-06 -0.275411164924625
1.14009585527566e-06 -0.275411388993828
1.15149681382842e-06 -0.27541161530414
1.1630117819667e-06 -0.275411843877973
1.17464189978637e-06 -0.275412074737975
1.18638831878423e-06 -0.275412307907014
1.19825220197208e-06 -0.27541254340819
1.2102347239918e-06 -0.275412781264835
1.22233707123171e-06 -0.275413021500513
1.23456044194403e-06 -0.275413264139018
1.24690604636347e-06 -0.275413509204397
1.25937510682711e-06 -0.27541375672092
1.27196885789538e-06 -0.275414006713116
1.28468854647433e-06 -0.275414259205744
1.29753543193907e-06 -0.275414514223826
1.31051078625847e-06 -0.27541477179262
1.32361589412105e-06 -0.275415031937646
1.33685205306226e-06 -0.275415294684684
1.35022057359288e-06 -0.275415560059755
1.36372277932881e-06 -0.275415828089157
1.3773600071221e-06 -0.275416098799443
1.39113360719332e-06 -0.275416372217436
1.40504494326525e-06 -0.275416648370222
1.41909539269791e-06 -0.275416927285164
1.43328634662489e-06 -0.275417208989897
1.44761921009113e-06 -0.275417493512328
1.46209540219205e-06 -0.275417780880648
1.47671635621397e-06 -0.27541807112333
1.49148351977611e-06 -0.275418364269132
1.50639835497387e-06 -0.275418660347093
1.52146233852361e-06 -0.275418959386561
1.53667696190884e-06 -0.275419261417161
1.55204373152793e-06 -0.27541956646881
1.56756416884321e-06 -0.275419874571743
1.58323981053164e-06 -0.275420185756485
1.59907220863696e-06 -0.275420500053875
1.61506293072333e-06 -0.275420817495044
1.63121356003056e-06 -0.275421138111462
1.64752569563087e-06 -0.275421461934879
1.66400095258717e-06 -0.2754217889974
1.68064096211305e-06 -0.275422119331426
1.69744737173418e-06 -0.275422452969683
1.71442184545152e-06 -0.275422789945239
1.73156606390603e-06 -0.275423130291485
1.74888172454509e-06 -0.275423474042149
1.76637054179055e-06 -0.275423821231286
1.78403424720845e-06 -0.275424171893307
1.80187458968054e-06 -0.275424526062959
1.81989333557734e-06 -0.275424883775344
1.83809226893311e-06 -0.275425245065897
1.85647319162245e-06 -0.275425609970429
1.87503792353867e-06 -0.275425978525103
1.89378830277406e-06 -0.27542635076644
1.9127261858018e-06 -0.275426726731329
1.93185344765982e-06 -0.27542710645703
1.95117198213641e-06 -0.275427489981173
1.97068370195778e-06 -0.275427877341763
1.99039053897736e-06 -0.275428268577198
2.01029444436713e-06 -0.275428663726245
2.0303973888108e-06 -0.275429062828058
2.05070136269891e-06 -0.275429465922204
2.0712083763259e-06 -0.275429873048632
2.09192046008916e-06 -0.275430284247677
2.11283966469005e-06 -0.275430699560108
2.13396806133695e-06 -0.275431119027079
2.15530774195032e-06 -0.27543154269017
2.17686081936982e-06 -0.275431970591364
2.19862942756352e-06 -0.275432402773073
2.22061572183915e-06 -0.275432839278136
2.24282187905755e-06 -0.275433280149818
2.26525009784812e-06 -0.275433725431811
2.2879025988266e-06 -0.275434175168251
2.31078162481487e-06 -0.275434629403724
2.33388944106302e-06 -0.275435088183246
2.35722833547365e-06 -0.275435551552291
2.38080061882838e-06 -0.275436019556789
2.40460862501667e-06 -0.275436492243138
2.42865471126683e-06 -0.275436969658182
2.4529412583795e-06 -0.275437451849254
2.4774706709633e-06 -0.275437938864142
2.50224537767293e-06 -0.275438430751132
2.52726783144966e-06 -0.27543892755898
2.55254050976416e-06 -0.275439429336938
2.5780659148618e-06 -0.275439936134739
2.60384657401042e-06 -0.275440448002633
2.62988503975052e-06 -0.275440964991359
2.65618389014803e-06 -0.275441487152163
2.68274572904951e-06 -0.27544201453682
2.70957318634e-06 -0.275442547197612
2.7366689182034e-06 -0.27544308518734
2.76403560738544e-06 -0.275443628559344
2.79167596345929e-06 -0.275444177367497
2.81959272309388e-06 -0.275444731666204
2.84778865032482e-06 -0.275445291510424
2.87626653682807e-06 -0.275445856955666
2.90502920219635e-06 -0.275446428057975
2.93407949421831e-06 -0.275447004874001
2.9634202891605e-06 -0.275447587460912
2.9930544920521e-06 -0.275448175876485
3.02298503697262e-06 -0.27544877017906
3.05321488734235e-06 -0.275449370427557
3.08374703621577e-06 -0.275449976681508
3.11458450657793e-06 -0.275450589001016
3.14573035164371e-06 -0.275451207446798
3.17718765516015e-06 -0.275451832080183
3.20895953171175e-06 -0.275452462963108
3.24104912702887e-06 -0.275453100158131
3.27345961829915e-06 -0.275453743728437
3.30619421448215e-06 -0.275454393737857
3.33925615662697e-06 -0.275455050250837
3.37264871819324e-06 -0.275455713332493
3.40637520537517e-06 -0.275456383048572
3.44043895742892e-06 -0.275457059465498
3.47484334700321e-06 -0.275457742650358
3.50959178047324e-06 -0.275458432670895
3.54468769827798e-06 -0.275459129595555
3.58013457526076e-06 -0.275459833493448
3.61593592101336e-06 -0.275460544434395
3.6520952802235e-06 -0.275461262488901
3.68861623302573e-06 -0.275461987728186
3.72550239535599e-06 -0.275462720224188
3.76275741930955e-06 -0.275463460049557
3.80038499350264e-06 -0.275464207277675
3.83838884343767e-06 -0.275464961982669
3.87677273187205e-06 -0.275465724239384
3.91554045919077e-06 -0.275466494123444
3.95469586378268e-06 -0.275467271711209
3.9942428224205e-06 -0.275468057079827
4.03418525064471e-06 -0.275468850307191
4.07452710315115e-06 -0.275469651472
4.11527237418267e-06 -0.275470460653727
4.15642509792449e-06 -0.275471277932654
4.19798934890374e-06 -0.275472103389858
4.23996924239277e-06 -0.275472937107227
4.2823689348167e-06 -0.275473779167485
4.32519262416487e-06 -0.275474629654166
4.36844455040652e-06 -0.275475488651655
4.41212899591058e-06 -0.275476356245182
4.45625028586969e-06 -0.275477232520825
4.50081278872839e-06 -0.275478117565534
4.54582091661567e-06 -0.275479011467126
4.59127912578183e-06 -0.275479914314293
4.63719191703965e-06 -0.275480826196629
4.68356383621004e-06 -0.275481747204617
4.73039947457214e-06 -0.27548267742965
4.77770346931786e-06 -0.275483616964042
4.82548050401104e-06 -0.275484565901033
4.87373530905115e-06 -0.275485524334784
4.92247266214166e-06 -0.27548649236042
4.97169738876308e-06 -0.275487470074004
5.02141436265071e-06 -0.275488457572579
5.07162850627722e-06 -0.275489454954148
5.12234479133999e-06 -0.275490462317701
5.17356823925339e-06 -0.275491479763224
5.22530392164593e-06 -0.275492507391705
5.27755696086239e-06 -0.275493545305142
5.33033253047101e-06 -0.275494593606559
5.38363585577572e-06 -0.275495652400015
5.43747221433348e-06 -0.275496721790613
5.49184693647681e-06 -0.275497801884506
5.54676540584158e-06 -0.275498892788917
5.6022330599e-06 -0.275499994612146
5.658255390499e-06 -0.275501107463576
5.71483794440399e-06 -0.27550223145369
5.77198632384803e-06 -0.275503366694079
5.82970618708651e-06 -0.275504513297452
5.88800324895737e-06 -0.275505671377656
5.94688328144694e-06 -0.275506841049675
6.00635211426141e-06 -0.27550802242964
6.06641563540403e-06 -0.27550921563487
6.12707979175807e-06 -0.275510420783842
6.18835058967565e-06 -0.275511637996226
6.25023409557241e-06 -0.275512867392897
6.31273643652813e-06 -0.275514109095946
6.37586380089341e-06 -0.275515363228681
6.43962243890235e-06 -0.275516629915656
6.50401866329137e-06 -0.275517909282676
6.56905884992428e-06 -0.2755192014568
6.63474943842353e-06 -0.275520506566372
6.70109693280776e-06 -0.275521824741026
6.76810790213584e-06 -0.275523156111686
6.8357889811572e-06 -0.275524500810606
6.90414687096877e-06 -0.275525858971353
6.97318833967846e-06 -0.275527230728856
7.04292022307524e-06 -0.275528616219376
7.113349425306e-06 -0.275530015580557
7.18448291955906e-06 -0.275531428951425
7.25632774875465e-06 -0.275532856472391
7.32889102624219e-06 -0.275534298285298
7.40217993650461e-06 -0.275535754533396
7.47620173586966e-06 -0.275537225361381
7.55096375322836e-06 -0.275538710915399
7.62647339076064e-06 -0.27554021134307
7.702738124668249e-06 -0.275541726793492
7.77976550591493e-06 -0.275543257417266
7.85756316097408e-06 -0.275544803366502
7.93613879258382e-06 -0.275546364794844
8.01550018050966e-06 -0.275547941857478
8.09565518231475e-06 -0.275549534711146
8.1766117341379e-06 -0.275551143514174
8.25837785147928e-06 -0.275552768426462
8.34096162999407e-06 -0.275554409609546
8.42437124629401e-06 -0.27555606722656
8.508614958756951e-06 -0.275557741442284
8.593701108344519e-06 -0.275559432423169
8.679638119427971e-06 -0.275561140337319
8.76643450062225e-06 -0.275562865354543
8.85409884562847e-06 -0.275564607646353
8.942639834084751e-06 -0.275566367385986
9.0320662324256e-06 -0.275568144748418
9.12238689474986e-06 -0.275569939910392
9.21361076369735e-06 -0.275571753050421
9.30574687133433e-06 -0.275573584348818
9.39880434004767e-06 -0.275575433987706
9.492792383448151e-06 -0.275577302151051
9.587720307282629e-06 -0.275579189024656
9.68359751035546e-06 -0.275581094796198
9.780433485459009e-06 -0.275583019655244
9.878237820313601e-06 -0.275584963793271
9.977020198516739e-06 -0.27558692740368
1.00767904005019e-05 -0.275588910681812
1.01775583045069e-05 -0.275590913824986
1.0279333887552e-05 -0.275592937032496
1.03821272264275e-05 -0.275594980505655
1.04859484986918e-05 -0.275597044447786
1.05908079836787e-05 -0.27559912906427
1.06967160635155e-05 -0.275601234562553
1.08036832241506e-05 -0.27560336115217
1.09117200563922e-05 -0.275605509044769
1.10208372569561e-05 -0.275607678454117
1.11310456295256e-05 -0.275609869596146
1.12423560858209e-05 -0.275612082688961
1.13547796466791e-05 -0.275614317952858
1.14683274431459e-05 -0.275616575610356
1.15830107175774e-05 -0.275618855886214
1.16988408247531e-05 -0.275621159007457
1.18158292330007e-05 -0.275623485203395
1.19339875253307e-05 -0.275625834705649
1.2053327400584e-05 -0.275628207748175
1.21738606745898e-05 -0.275630604567284
1.22955992813357e-05 -0.275633025401673
1.24185552741491e-05 -0.275635470492434
1.25427408268906e-05 -0.275637940083105
1.26681682351595e-05 -0.275640434419667
1.27948499175111e-05 -0.275642953750582
1.29227984166862e-05 -0.275645498326822
1.3052026400853e-05 -0.275648068401883
1.31825466648616e-05 -0.275650664231823
1.33143721315102e-05 -0.275653286075278
1.34475158528253e-05 -0.275655934193489
1.35819910113535e-05 -0.275658608850342
1.37178109214671e-05 -0.275661310312379
1.38549890306817e-05 -0.275664038848824
1.39935389209886e-05 -0.275666794731627
1.41334743101984e-05 -0.275669578235479
1.42748090533004e-05 -0.275672389637839
1.44175571438334e-05 -0.275675229218971
1.45617327152718e-05 -0.275678097261961
1.47073500424245e-05 -0.275680994052759
1.48544235428487e-05 -0.275683919880194
1.50029677782772e-05 -0.275686875036024
1.515299745606e-05 -0.275689859814927
1.53045274306206e-05 -0.275692874514582
1.54575727049268e-05 -0.275695919435665
1.56121484319761e-05 -0.27569899488188
1.57682699162958e-05 -0.275702101160008
1.59259526154588e-05 -0.275705238579928
1.60852121416134e-05 -0.275708407454642
1.62460642630295e-05 -0.275711608100323
1.64085249056598e-05 -0.275714840836328
1.65726101547164e-05 -0.275718105985252
1.67383362562636e-05 -0.275721403872941
1.69057196188262e-05 -0.275724734828538
1.70747768150145e-05 -0.275728099184517
1.72455245831646e-05 -0.275731497276702
1.74179798289962e-05 -0.275734929444321
1.75921596272862e-05 -0.275738396030025
1.77680812235591e-05 -0.27574189737994
1.79457620357947e-05 -0.275745433843676
1.81252196561526e-05 -0.275749005774397
1.83064718527141e-05 -0.275752613528826
1.84895365712413e-05 -0.275756257467304
1.86744319369537e-05 -0.275759937953799
1.88611762563232e-05 -0.275763655355994
1.90497880188865e-05 -0.275767410045267
1.92402858990753e-05 -0.275771202396759
1.94326887580661e-05 -0.275775032789402
1.96270156456467e-05 -0.27577890160599
1.98232858021032e-05 -0.275782809233152
2.00215186601242e-05 -0.27578675606144
2.02217338467255e-05 -0.275790742485388
2.04239511851927e-05 -0.275794768903386
2.06281906970447e-05 -0.2757988357178
2.08344726040151e-05 -0.275802943325553
2.10428173300553e-05 -0.27580709217197
2.12532455033558e-05 -0.275811282632608
2.14657779583894e-05 -0.275815515142153
2.16804357379733e-05 -0.275819790123359
2.1897240095353e-05 -0.275824108003836
2.21162124963065e-05 -0.275828469215566
2.23373746212696e-05 -0.275832874194905
2.25607483674823e-05 -0.275837323382622
2.27863558511571e-05 -0.275841817224014
2.30142194096687e-05 -0.275846356168858
2.32443616037654e-05 -0.275850940671518
2.3476805219803e-05 -0.275855571190928
2.37115732720011e-05 -0.275860248190749
2.39486890047211e-05 -0.275864972139286
2.41881758947683e-05 -0.275869743509606
2.4430057653716e-05 -0.275874562779611
2.46743582302531e-05 -0.275879430432037
2.49211018125557e-05 -0.275884346954523
2.51703128306812e-05 -0.275889312839655
2.5422015958988e-05 -0.275894328585034
2.56762361185779e-05 -0.275899394693316
2.59329984797637e-05 -0.275904511672257
2.61923284645613e-05 -0.275909680034775
2.64542517492069e-05 -0.275914900299012
2.6718794266699e-05 -0.275920172988368
2.6985982209366e-05 -0.275925498631567
2.72558420314597e-05 -0.275930877762709
2.75284004517743e-05 -0.275936310921343
2.7803684456292e-05 -0.275941798652473
2.80817213008549e-05 -0.275947341506683
2.83625385138635e-05 -0.275952940040145
2.86461638990021e-05 -0.275958594814692
2.89326255379921e-05 -0.275964306397874
2.92219517933721e-05 -0.275970075363036
2.95141713113058e-05 -0.27597590228933
2.98093130244188e-05 -0.275981787761847
3.0107406154663e-05 -0.275987732371613
3.04084802162097e-05 -0.275993736715682
3.07125650183718e-05 -0.275999801397195
3.10196906685555e-05 -0.276005927025434
3.1329887575241e-05 -0.276012114215899
3.16431864509934e-05 -0.276018363590372
3.19596183155034e-05 -0.276024675776962
3.22792144986584e-05 -0.276031051410203
3.2602006643645e-05 -0.276037491131087
3.29280267100814e-05 -0.276043995587154
3.32573069771823e-05 -0.276050565432557
3.35898800469541e-05 -0.276057201328113
3.39257788474236e-05 -0.276063903941412
3.42650366358979e-05 -0.27607067394684
3.46076870022568e-05 -0.276077512025681
3.49537638722794e-05 -0.276084418866179
3.53033015110022e-05 -0.27609139516361
3.56563345261122e-05 -0.276098441620363
3.60128978713733e-05 -0.276105558945993
3.63730268500871e-05 -0.276112747857326
3.67367571185879e-05 -0.27612000907852
3.71041246897738e-05 -0.276127343341125
3.74751659366716e-05 -0.276134751384199
3.78499175960383e-05 -0.276142233954343
3.82284167719987e-05 -0.276149791805822
3.86107009397186e-05 -0.276157425700615
3.89968079491158e-05 -0.276165136408488
3.9386776028607e-05 -0.276172924707128
3.97806437888931e-05 -0.276180791382161
4.0178450226782e-05 -0.276188737227243
4.05802347290498e-05 -0.276196763044305
4.09860370763403e-05 -0.276204869643188
4.13958974471037e-05 -0.276213057841995
4.18098564215747e-05 -0.276221328471467
4.22279549857905e-05 -0.276229682358082
4.26502345356484e-05 -0.276238120352721
4.30767368810049e-05 -0.276246643306085
4.35075042498149e-05 -0.276255252079215
4.39425792923131e-05 -0.276263947542228
4.43820050852362e-05 -0.276272730574142
4.48258251360886e-05 -0.276281602062989
4.52740833874495e-05 -0.276290562905953
4.5726824221324e-05 -0.276299614009425
4.61840924635372e-05 -0.276308756289151
4.66459333881726e-05 -0.276317990670208
4.71123927220543e-05 -0.276327318087335
4.75835166492748e-05 -0.276336739484774
4.80593518157676e-05 -0.276346255816558
4.85399453339253e-05 -0.276355868046509
4.90253447872645e-05 -0.276365577148382
4.95155982351372e-05 -0.27637538410599
5.00107542174885e-05 -0.276385289913274
5.05108617596634e-05 -0.276395295574428
5.10159703772601e-05 -0.276405402103998
5.15261300810327e-05 -0.276415610526995
5.2041391381843e-05 -0.276425921879021
5.25618052956614e-05 -0.276436337206342
5.3087423348618e-05 -0.276446857566072
5.36182975821042e-05 -0.276457484026209
5.41544805579252e-05 -0.276468217665817
5.46960253635045e-05 -0.27647905957507
5.52429856171395e-05 -0.276490010855465
5.57954154733109e-05 -0.276501072619851
5.6353369628044e-05 -0.276512245992616
5.69169033243245e-05 -0.276523532109774
5.74860723575677e-05 -0.276534932119103
5.80609330811434e-05 -0.276546447180267
5.86415424119548e-05 -0.276558078464941
5.92279578360744e-05 -0.276569827156959
5.98202374144351e-05 -0.276581694452399
6.04184397885795e-05 -0.276593681559775
6.10226241864653e-05 -0.276605789700111
6.16328504283299e-05 -0.276618020107125
6.22491789326132e-05 -0.276630374027317
6.28716707219394e-05 -0.276642852720162
6.350038742915879e-05 -0.276655457458198
6.41353913034504e-05 -0.276668189527195
6.477674521648491e-05 -0.276681050226288
6.54245126686497e-05 -0.276694040868122
6.607875779533621e-05 -0.27670716277901
6.673954537328961e-05 -0.276720417299053
6.74069408270225e-05 -0.276733805782312
6.80810102352927e-05 -0.276747329596955
6.876182033764561e-05 -0.276760990125409
6.944943854102211e-05 -0.276774788764493
7.01439329264323e-05 -0.276788726925612
7.084537225569659e-05 -0.276802806034885
7.155382597825361e-05 -0.276817027533306
7.22693642380361e-05 -0.276831392876939
7.299205788041651e-05 -0.276845903537036
7.37219784592207e-05 -0.27686056100022
7.44591982438129e-05 -0.276875366768666
7.5203790226251e-05 -0.276890322360249
7.59558281285135e-05 -0.276905429308729
7.671538640979859e-05 -0.276920689163911
7.74825402738966e-05 -0.276936103491836
7.82573656766356e-05 -0.276951673874952
7.9039939333402e-05 -0.276967401912274
7.9830338726736e-05 -0.276983289219596
8.062864211400339e-05 -0.276999337429664
8.143492853514339e-05 -0.277015548192349
8.22492778204948e-05 -0.277031923174835
8.307177059869981e-05 -0.277048464061829
8.39024883046868e-05 -0.277065172555741
8.474151318773359e-05 -0.27708205037687
8.5588928319611e-05 -0.277099099263626
8.64448176028071e-05 -0.277116320972677
8.730926577883521e-05 -0.277133717279217
8.81823584366235e-05 -0.277151289977127
8.90641820209897e-05 -0.277169040879183
8.995482384119961e-05 -0.277186971817286
9.08543720796116e-05 -0.277205084642652
9.17629158004077e-05 -0.277223381226027
9.26805449584118e-05 -0.277241863457923
9.36073504079959e-05 -0.277260533248812
9.45434239120759e-05 -0.277279392529359
9.548885815119661e-05 -0.27729844325065
9.64437467327086e-05 -0.277317687384405
9.74081842000357e-05 -0.277337126923217
9.838226604203611e-05 -0.277356763880792
9.93660887024564e-05 -0.277376600292155
0.000100359749589481 -0.27739663821392
0.000101363347085376 -0.277416879724514
0.00010237698055623 -0.277437326924423
0.000103400750361792 -0.277457981936431
0.00010443475786541 -0.277478846905889
0.000105479105444064 -0.277499924000941
0.000106533896498505 -0.277521215412807
0.00010759923546349 -0.277542723356011
0.000108675227818124 -0.277564450068677
0.000109761980096306 -0.277586397812755
0.000110859599897269 -0.277608568874328
0.000111968195896241 -0.277630965563854
0.000113087877855204 -0.277653590216449
0.000114218756633756 -0.277676445192168
0.000115360944200093 -0.277699532876292
0.000116514553642094 -0.277722855679592
0.000117679699178515 -0.277746416038632
0.0001188564961703 -0.277770216416041
0.000120045061132003 -0.277794259300798
0.000121245511743324 -0.277818547208469
0.000122457966860757 -0.277843082681145
0.000123682546529364 -0.277867868282954
0.000124919371994658 -0.277892906648811
0.000126168565714605 -0.277918200344728
0.000127430251371751 -0.277943752058588
0.000128704553885468 -0.277969564468208
0.000129991599424323 -0.277995640284243
0.000131291515418566 -0.278021982246919
0.000132604430572752 -0.278048593126086
0.000133930474878479 -0.278075475721532
0.000135269779627264 -0.278102632863221
0.000136622477423537 -0.278130067411766
0.000137988702197772 -0.278157782258662
0.00013936858921975 -0.278185780326694
0.000140762275111947 -0.278214064570291
0.000142169897863067 -0.278242637975882
0.000143591596841697 -0.278271503562273
0.000145027512810114 -0.278300664381009
0.000146477787938216 -0.278330123516764
0.000147942565817598 -0.278359884087728
0.000149421991475774 -0.278389949245983
0.000150916211390531 -0.278420322177903
0.000152425373504437 -0.278451006104553
0.000153949627239481 -0.278482004282097
0.000155489123511876 -0.278513320002191
0.000157044014746995 -0.278544956592418
0.000158614454894465 -0.278576917416687
0.000160200599443409 -0.278609205875681
0.000161802605437843 -0.27864182540726
0.000163420631492222 -0.278674779486916
0.000165054837807144 -0.278708071628212
0.000166705386185215 -0.27874170538323
0.000168372440047068 -0.278775684343007
0.000170056164447538 -0.278810012138023
0.000171756726092014 -0.27884469243864
0.000173474293352934 -0.278879728955587
0.000175209036286463 -0.278915125440426
0.000176961126649328 -0.278950885686055
0.000178730737915821 -0.278987013527175
0.000180518045294979 -0.279023512840796
0.000182323225747929 -0.279060387546748
0.000184146458005408 -0.279097641608172
0.000185987922585462 -0.279135279032043
0.000187847801811317 -0.279173303869704
0.00018972627982943 -0.27921172021738
0.000191623542627725 -0.279250532216727
0.000193539778054002 -0.279289744055359
0.000195475175834542 -0.279329359967417
0.000197429927592887 -0.279369384234115
0.000199404226868816 -0.279409821184312
0.000201398269137504 -0.279450675195082
0.000203412251828879 -0.279491950692298
0.000205446374347168 -0.279533652151205
0.00020750083809064 -0.27957578409705
0.000209575846471546 -0.279618351105645
0.000211671604936262 -0.27966135780402
0.000213788320985624 -0.279704808871009
0.000215926204195481 -0.279748709037891
0.000218085466237435 -0.279793063089045
0.00022026632089981 -0.279837875862563
0.000222468984108808 -0.279883152250933
0.000224693673949896 -0.279928897201695
0.000226940610689395 -0.279975115718097
0.000229210016796289 -0.2800218128598
0.000231502116964252 -0.280068993743551
0.000233817138133894 -0.280116663543877
0.000236155309515233 -0.280164827493798
0.000238516862610385 -0.280213490885492
0.000240902031236489 -0.280262659071024
0.000243311051548854 -0.280312337462659
0.000245744162064343 -0.280362531532015
0.000248201603684986 -0.280413246717085
0.000250683619721836 -0.280464488966448
0.000253190455919054 -0.280516263550115
0.000255722360478245 -0.280568576348795
0.000258279584083027 -0.280621433151043
0.000260862379923858 -0.280674839815389
0.000263471003723096 -0.280728802267902
0.000266105713760327 -0.280783326502704
0.00026876677089793 -0.280838418582632
0.00027145443860691 -0.280894084640049
0.000274168982992979 -0.280950330877776
0.000276910672822909 -0.281007163569912
0.000279679779551138 -0.281064589062764
0.000282476577346649 -0.281122613775713
0.000285301343120116 -0.281181244202187
0.000288154356551317 -0.281240486910565
0.00029103590011683 -0.281300348545114
0.000293946259117998 -0.281360835826987
0.000296885721709178 -0.281421955555154
0.00029985457892627 -0.281483714607442
0.000302853124715533 -0.281546119941488
0.000305881655962688 -0.281609178595807
0.000308940472522315 -0.281672897690804
0.000312029877247538 -0.281737284429852
0.000315150176020014 -0.281802346100413
0.000318301677780214 -0.281868090075221
0.000321484694558016 -0.281934523813906
0.000324699541503596 -0.282001654866235
0.000327946536918632 -0.282069490897439
0.000331226002287818 -0.282138039347781
0.000334538262310697 -0.282207308559597
0.000337883644933803 -0.282277306085628
0.000341262481383142 -0.282348039987737
0.000344675106196973 -0.282419518364881
0.000348121857258943 -0.282491749407291
0.000351603075831532 -0.282564741400934
0.000355119106589847 -0.282638502729432
0.000358670297655746 -0.282713041875512
0.000362257000632303 -0.282788367422345
0.000365879570638626 -0.282864488054874
0.000369538366345013 -0.282941412561187
0.000373233750008463 -0.283019149833857
0.000376966087508547 -0.283097708871315
0.000380735748383633 -0.283177098779238
0.000384543105867469 -0.283257328771946
0.000388388536926144 -0.283338408173882
0.000392272422295405 -0.28342034642099
0.00039619514651836 -0.283503153062235
0.000400157097983543 -0.283586837761082
0.000404158668963379 -0.283671410297002
0.000408200255653012 -0.283756880567014
0.000412282258209542 -0.283843258587242
0.000416405080791638 -0.283930554494496
0.000420569131599554 -0.284018778547859
0.00042477482291555 -0.284107941130334
0.000429022571144705 -0.284198052750487
0.000433312796856152 -0.284289124044104
0.000437645924824714 -0.284381165775915
0.000442022384072961 -0.284474188841289
0.000446442607913691 -0.28456820426801
0.000450907033992828 -0.284663223218022
0.000455416104332756 -0.284759256989244
0.000459970265376083 -0.284856317017389
0.000464569968029844 -0.28495441487782
0.000469215667710143 -0.285053562287405
0.000473907824387244 -0.285153771106467
0.000478646902631117 -0.285255053340668
0.000483433371657428 -0.285357421143001
0.000488267705374002 -0.285460886815773
0.000493150382427742 -0.285565462812613
0.0004980818862520199 -0.28567116174053
0.00050306270511454 -0.285777996361992
0.000508093332165685 -0.285885979597028
0.000513174265487342 -0.285995124525358
0.000518306008142215 -0.286105444388584
0.0005234890682236369 -0.286216952592376
0.000528723958905874 -0.286329662708704
0.000534011198494933 -0.286443588478111
0.000539351310479882 -0.286558743812009
0.000544744823584681 -0.286675142795006
0.000550192271820528 -0.28679279968727
0.000555694194538733 -0.286911728926955
0.00056125113648412 -0.28703194513259
0.000566863647848961 -0.287153463105599
0.000572532284327451 -0.287276297832778
0.000578257607170726 -0.287400464488854
0.000584040183242433 -0.287525978439078
0.000589880585074857 -0.287652855241864
0.000595779390925606 -0.287781110651497
0.000601737184834862 -0.287910760620948
0.00060775455668321 -0.288041821304932
0.000613832102250043 -0.288174309063766
0.000619970423272543 -0.288308240470983
0.000626170127505268 -0.288443632358579
0.000632431828780321 -0.288580501430771
0.000638756147068124 -0.288718865004491
0.000645143708538805 -0.288858740826363
0.0006515951456241939 -0.289000146225884
0.000658111097080435 -0.289143098535478
0.00066469220805124 -0.289287618322672
0.000671339130131752 -0.289433720695239
0.00067805252143307 -0.289581425699353
0.0006848330466474 -0.289730752026015
0.000691681377113875 -0.289881718695226
0.000698598190885013 -0.29003434498205
0.000705584172793863 -0.29018865041155
0.000712640014521802 -0.290344654760373
0.00071976641466702 -0.290502378059665
0.00072696407881369 -0.290661840598315
0.000734233719601827 -0.290823062926462
0.000741576056797845 -0.290986065859077
0.000748991817365824 -0.29115087047956
0.000756481735539482 -0.291317498143557
0.000764046552894877 -0.291485970482575
0.000771687018423826 -0.291656309407946
0.000779403888608064 -0.291828537114637
0.000787197927494145 -0.292002676085177
0.000795069906769086 -0.292178749093662
0.000803020605836777 -0.292356779209832
0.000811050811895145 -0.292536789803096
0.000819161320014096 -0.292718804546753
0.000827352933214237 -0.292902847422186
0.00083562646254638 -0.293088942723131
0.000843982727171843 -0.293277115060005
0.0008524225544435619 -0.293467389364304
0.000860946779987997 -0.293659790893073
0.000869556247787878 -0.293854345233374
0.000878251810265756 -0.294051078306898
0.000887034328368414 -0.294250016374581
0.000895904671652098 -0.294451186041324
0.000904863718368619 -0.294654614260732
0.000913912355552305 -0.294860328339961
0.000923051479107828 -0.295068355944587
0.0009322819938989071 -0.295278725103599
0.000941604813837896 -0.295491464214389
0.000951020861976275 -0.295706602047849
0.000960531070596037 -0.295924167753499
0.000970136381301998 -0.296144190864647
0.000979837745115018 -0.296366701303461
0.0009896361225661681 -0.296591729385412
0.00099953248379183 -0.296819305818763
0.00100952780862975 -0.297049461344365
0.00101962308671605 -0.297282228812792
0.00102981931758321 -0.297517638721082
0.00104011751075904 -0.297755723994521
0.00105051868586663 -0.297996517421454
0.00106102387272529 -0.298240052236098
0.00107163411145255 -0.298486362114856
0.00108235045256707 -0.29873548118112
0.00109317395709274 -0.2989874440111
0.00110410569666367 -0.299242285640024
0.00111514675363031 -0.299500041568394
0.00112629822116661 -0.299760747768435
0.00113756120337828 -0.300024440690595
0.00114893681541206 -0.300291157270145
0.00116042618356618 -0.300560934933861
0.00117203044540184 -0.300833811606826
0.00118375074985586 -0.301109825719254
0.00119558825735442 -0.301389016213378
0.00120754413992796 -0.301671422550189
0.00121961958132724 -0.301957084715816
0.00123181577714052 -0.302246043225547
0.00124413393491192 -0.302538339114647
0.00125657527426104 -0.302834013700262
0.00126914102700365 -0.30313311096287
0.00128183243727369 -0.303435670813714
0.00129465076164642 -0.303741738143593
0.00130759726926289 -0.304051356645782
0.00132067324195552 -0.304364570772821
0.00133387997437507 -0.304681425591522
0.00134721877411882 -0.305001966778436
0.00136069096186001 -0.30532624062573
0.00137429787147861 -0.305654294049297
0.0013880408501934 -0.30598617459746
0.00140192125869533 -0.306321930460294
0.00141594047128228 -0.306661610479889
0.00143009987599511 -0.307005264165276
0.00144440087475506 -0.307352941783731
0.00145884488350261 -0.30770469359449
0.00147343333233764 -0.308060572046219
0.00148816766566101 -0.30842062887067
0.00150304934231762 -0.308784917076542
0.0015180798357408 -0.309153490340355
0.00153326063409821 -0.30952640306514
0.00154859324043919 -0.309903710395785
0.00156407917284358 -0.310285468231418
0.00157971996457202 -0.310671733237413
0.00159551716421774 -0.311062562857572
0.00161147233585991 -0.311458015326493
0.00162758705921851 -0.311858149682322
0.0016438629298107 -0.312263025779761
0.00166030155910881 -0.312672704303472
0.00167690457469989 -0.313087246781809
0.00169367362044689 -0.313506715600992
0.00171061035665136 -0.313931174019637
0.00172771646021787 -0.314360686183762
0.00174499362482005 -0.314795317142241
0.00176244356106825 -0.315235132862735
0.00178006799667894 -0.31568020024818
0.00179786867664573 -0.316130587153825
0.00181584736341218 -0.316586362404919
0.0018340058370463 -0.317047595815247
0.00185234589541677 -0.317514358206803
0.00187086935437094 -0.317986720663896
0.00188957804791465 -0.318464757632558
0.00190847382839379 -0.318948542389634
0.00192755856667773 -0.319438149451128
0.00194683415234451 -0.319933654345143
0.00196630249386795 -0.320435138050799
0.00198596551880663 -0.320942675266566
0.0020058251739947 -0.321456346058058
0.00202588342573464 -0.321976226157326
0.00204614225999199 -0.322502413800439
0.00206660368259191 -0.32303497790522
0.00208726971941783 -0.323574006782209
0.00210814241661201 -0.324119586588611
0.00212922384077813 -0.324671804676425
0.00215051607918591 -0.325230749753038
0.00217202123997777 -0.325796511937487
0.00219374145237755 -0.326369182802286
0.00221567886690132 -0.326948855412844
0.00223783565557034 -0.327535624367232
0.00226021401212604 -0.328129585030707
0.0022828161522473 -0.328730836801411
0.00230564431376977 -0.329339478322407
0.00232870075690747 -0.329955610745245
0.00235198776447654 -0.330579336969768
0.00237550764212131 -0.331210762250622
0.00239926271854252 -0.331849992370593
0.00242325534572795 -0.332497136394985
0.00244748789918523 -0.333152304259502
0.00247196277817708 -0.33381560903362
0.00249668240595885 -0.334487165242727
0.00252164923001844 -0.335167088518315
0.00254686572231862 -0.335855498849752
0.00257233437954181 -0.336552517463298
0.00259805772333723 -0.337258268003349
0.0026240383005706 -0.337972876582829
0.00265027868357631 -0.338696471857578
0.00267678147041207 -0.339429185109392
0.00270354928511619 -0.34017115033445
0.00273058477796735 -0.340922503480818
0.00275789062574703 -0.341683386787441
0.0027854695320045 -0.342453940607389
0.00281332422732454 -0.343234311189237
0.00284145746959779 -0.344024648158196
0.00286987204429376 -0.344825103126
0.0028985707647367 -0.345635833226638
0.00292755647238407 -0.346456998827374
0.00295683203710791 -0.34728875748039
0.00298640035747899 -0.348131282309789
0.00301626436105378 -0.348984740119334
0.00304642700466432 -0.349849308450714
0.00307689127471096 -0.350725168855115
0.00310766018745807 -0.351612501963393
0.00313873678933265 -0.352511497310219
0.00317012415722598 -0.353422348335603
0.00320182539879824 -0.354345253471861
0.00323384365278622 -0.355280416339147
0.00326618208931408 -0.356228045945701
0.00329884391020722 -0.357188356894294
0.00333183234930929 -0.35816156959405
0.00336515067280239 -0.359147910469599
0.00339880217953041 -0.360147611160401
0.00343279020132572 -0.361160915471588
0.00346711810333897 -0.362188063672526
0.00350178928437236 -0.363229310851723
0.00353680717721609 -0.364284917713525
0.00357217524898825 -0.365355151986209
0.00360789700147813 -0.366440289373434
0.00364397597149291 -0.367540613760559
0.00368041573120784 -0.36865641655191
0.00371721988851992 -0.369788000843085
0.00375439208740512 -0.370935676692656
0.00379193600827917 -0.372099762335056
0.00382985536836196 -0.373280586888717
0.00386815392204558 -0.374478491616397
0.00390683546126603 -0.375693833404559
0.0039459038158787 -0.376926959712538
0.00398536285403748 -0.378178247072592
0.00402521648257786 -0.379448088851537
0.00406546864740364 -0.380736875406665
0.00410612333387767 -0.382045017255562
0.00414718456721645 -0.383372937086664
0.00418865641288861 -0.384721071248552
0.0042305429770175 -0.386089869325237
0.00427284840678767 -0.387479798580509
0.00431557689085555 -0.38889133785621
0.00435873265976411 -0.390324983260445
0.00440231998636175 -0.391781246216977
0.00444634318622536 -0.393260656299463
0.00449080661808762 -0.39476376613068
0.00453571468426849 -0.396291115212759
0.00458107183111118 -0.397843348830441
0.00462688254942229 -0.399420994212228
0.00467315137491651 -0.401024717175886
0.00471988288866568 -0.402655161985292
0.00476708171755234 -0.404312926292326
0.00481475253472786 -0.405998913035904
0.00486290006007514 -0.407713577127419
0.00491152906067589 -0.409457761606184
0.00496064435128265 -0.411232181708965
0.00501025079479548 -0.413037646629661
0.00506035330274343 -0.414874997133648
0.00511095683577087 -0.416745034843221
0.00516206640412858 -0.418648640453502
0.00521368706816986 -0.420586713600095
0.00526582393885156 -0.422560163688359
0.00531848217824008 -0.424569953586869
0.00537166700002248 -0.426617071618135
0.0054253836700227 -0.428702533642745
0.00547963750672293 -0.430827402076965
0.00553443388179016 -0.432992771089957
0.00558977822060806 -0.435199740763245
0.00564567600281414 -0.437449503998385
0.00570213276284228 -0.439743255739819
0.0057591540904707 -0.442082224556411
0.00581674563137541 -0.444467740187045
0.00587491308768917 -0.446901015816957
0.00593366221856606 -0.449383700741704
0.00599299884075172 -0.451916943168775
0.00605292882915924 -0.454502277274788
0.00611345811745083 -0.457141241353375
0.00617459269862534 -0.459835411781977
0.00623633862561159 -0.462586405671817
0.00629870201186771 -0.465395882621864
0.00636168903198638 -0.468265637827197
0.00642530592230625 -0.471197412038812
0.00648955898152931 -0.474193056936971
0.0065544545713446 -0.477254516710179
0.00661999911705805 -0.480383770420437
0.00668619910822863 -0.483582761921031
0.00675306109931092 -0.486853803292014
0.00682059171030403 -0.4901991129777
0.00688879762740707 -0.493620692730128
0.00695768560368114 -0.497121155230143
0.00702726245971795 -0.500702860490648
0.00709753508431513 -0.504368321018069
0.00716851043515828 -0.508120148373467
0.00724019553950986 -0.511961041405532
0.00731259749490496 -0.515893830399715
0.00738572346985401 -0.519921369092712
0.00745958070455255 -0.524046832669159
0.00753417651159808 -0.528273054577677
0.00760951827671406 -0.532603401236033
0.0076856134594812 -0.537041255409668
0.00776246959407601 -0.541590061823211
0.00784009429001677 -0.546253313522618
0.00791849523291694 -0.551034992428107
0.00799768018524611 -0.555938789110774
0.00807765698709857 -0.560968846240748
0.00815843355696956 -0.566129263788673
0.00824001789253925 -0.571424413225422
0.00832241807146464 -0.576858810890846
0.008405642252179289 -0.582437154657741
0.00848969867470108 -0.588164319192992
0.0085745956614481 -0.594045424270464
0.008660341618062581 -0.600085630554856
0.008746945034243199 -0.606290492016756
0.008834414484585631 -0.612665762547113
0.008922758629431491 -0.619217370269401
0.0090119862157258 -0.625951484917337
0.00910210607788306 -0.632874603591123
0.00919312713866189 -0.639993489326243
0.00928505841004851 -0.647315123896162
0.009377908994149 -0.654846813842104
0.00947168808409049 -0.662596279771827
0.009566404964931391 -0.670571404711333
0.00966206901458071 -0.678780582341186
0.009758689704726511 -0.687232492408597
0.009856276601773781 -0.695936241325382
0.00995483936779152 -0.704901310435827
0.0100543877614694 -0.714137656673065
0.0101549316390841 -0.723655634625881
0.010256480955475 -0.733466126124614
0.0103590457650297 -0.743580493351648
0.01046263622268 -0.75401068770694
0.0105672625849068 -0.764768838956874
0.0106729352107559 -0.775868465584611
0.0107796645628634 -0.787323009915704
0.0108874612084921 -0.79914677000134
0.010996335820577 -0.811354709866095
0.0111062991787828 -0.823962469903744
0.0112173621705706 -0.836986671329432
0.0113295357922763 -0.850444352234081
0.0114428311501991 -0.864353572642231
0.0115572594617011 -0.878733307165863
0.0116728320563181 -0.893603558365924
0.0117895603768812 -0.908984643550632
0.0119074559806501 -0.924898443969154
0.0120265305404566 -0.941367623259651
0.0121467958458611 -0.958416103987594
0.0122682638043197 -0.976068687469511
0.0123909464423629 -0.994351388181752
0.0125148559067866 -1.01329136702366
0.0126400044658544 -1.03291684868159
0.012766404510513 -1.05325764700885
0.0128940685556181 -1.07434416581068
0.0130230092411743 -1.09620884033468
0.013153239333586 -1.11888475715063
0.0132847717269219 -1.14240642204541
0.0134176194441911 -1.16680952774934
0.013551795638633 -1.19213091386173
0.0136873135950193 -1.21840881888887
0.0138241867309695 -1.24568187273654
0.0139624285982792 -1.27398998747447
0.014102052884262 -1.30337381660654
0.0142430734131046 -1.33387449267484
0.0143855041472357 -1.36553342668489
0.014529359188708 -1.39839197677203
0.0146746527805951 -1.43249147504562
0.0148213993084011 -1.46787150772012
0.0149696133014851 -1.50457107510521
0.0151193094344999 -1.54262705873273
0.0152705025288449 -1.58207338853436
0.0154232075541334 -1.62294048685009
0.0155774396296747 -1.66525399351167
0.0157332140259715 -1.70903392703155
0.0158905461662312 -1.75429251612642
0.0160494516278935 -1.80103377775228
0.0162099461441724 -1.84925108366407
0.0163720456056142 -1.89892516532931
0.0165357660616703 -1.9500221433229
0.016701123722287 -2.00249129978575
0.0168681349595099 -2.05626171954652
0.017036816309105 -2.11124064368613
0.017207184472196 -2.16730957793601
0.017379256316918 -2.22432198636712
0.0175530488800872 -2.28209953968261
0.017728579368888 -2.34043190646726
0.0179058651625769 -2.39906815904103
0.0180849238142027 -2.45772168326189
0.0182657730523447 -2.51606404012292
0.0184484307828682 -2.57372623392254
0.0186329150906968 -2.63029789449956
0.0188192442416038 -2.6853296960582
0.0190074366840199 -2.73833647466373
0.0191975110508601 -2.78880263360677
0.0193894861613687 -2.83618832294556
0.0195833810229823 -2.87993930253611
0.0197792148332122 -2.91949717065312
0.0199770069815443 -2.95431306119472
0.0201767770513597 -2.9838608875966
0.0203785448218733 -3.00765320262831
0.0205823302700921 -3.02525607120041
0.020788153572793 -3.03630424419494
0.0209960351085209 -3.04051454438264
0.0212059954596061 -3.03769752465245
0.0214180554142022 -3.02776509032262
0.0216322359683442 -3.01073656895158
0.0218485583280276 -2.9867385897971
0.0220670439113079 -2.95600230345046
0.022287714350421 -2.91885626207543
0.0225105914939252 -2.87571642107777
0.0227356974088645 -2.82707190610646
0.0229630543829531 -2.77347049301162
0.0231926849267826 -2.71550186299737
0.0234246117760505 -2.65378163807718
0.023658857893811 -2.58893211944199
0.0238954464727491 -2.52157432868905
0.0241344009374766 -2.4523078794778
0.0243757449468513 -2.38170445601821
0.0246195023963198 -2.3102976540813
0.024865697420283 -2.23857761801047
0.0251143543944859 -2.166986492149
0.0253654979384307 -2.09591668890416
0.025619152917815 -2.02571017039945
0.0258753444469932 -1.95666021227256
0.0261340978914631 -1.88901257656388
0.0263954388703778 -1.82296921302571
0.0266593932590815 -1.75869131049116
0.0269259871916724 -1.69630318791886
0.0271952470635891 -1.63589698072249
0.027467199534225 -1.57753357118096
0.0277418715295672 -1.52125108733173
0.0280192902448629 -1.46706496237816
0.0282994831473115 -1.41497218526156
0.0285824779787846 -1.36495431680402
0.0288683027585725 -1.31698057097468
0.0291569857861582 -1.27100976349018
0.0294485556440198 -1.22699265513276
0.02974304120046 -1.18487376605385
0.0300404716124646 -1.14459304062183
0.0303408763285892 -1.1060870677805
0.0306442850918751 -1.06929030213371
0.0309507279427939 -1.03413621584419
0.0312602352222218 -1.00055780428381
0.031572837574444 -0.968487621200416
0.0318885659501885 -0.937860457610582
0.0322074516096904 -0.90861122711663
0.0325295261257873 -0.880677270134386
0.0328548213870451 -0.853995797385003
0.0331833696009156 -0.828508938722834
0.0335152032969248 -0.804158334453775
0.033850355329894 -0.780889453520272
0.0341888588831929 -0.758649434376896
0.0345307474720249 -0.737387006740002
0.0348760549467451 -0.717054680355606
0.0352248154962126 -0.69760544305391
0.0355770636511747 -0.678996357101439
0.0359328342876865 -0.66118446882533
0.0362921626305633 -0.644130489399728
0.036655084256869 -0.627796768323444
0.0370216350994376 -0.612147178018101
0.037391851450432 -0.597147709688601
0.0377657699649363 -0.582766076331932
0.0381434276645857 -0.568971700605857
0.0385248619412316 -0.555735360458582
0.0389101105606439 -0.543029787797322
0.0392992116662503 -0.530828647642067
0.0396922037829128 -0.519107482742979
0.0400891258207419 -0.507842554438436
0.0404900170789494 -0.497011515842664
0.0408949172497389 -0.486594490888798
0.0413038664222363 -0.476571010852482
0.0417169050864586 -0.466921727150061
0.0421340741373232 -0.457628592632891
0.0425554148786964 -0.448675089065183
0.0429809690274834 -0.440045278902925
0.0434107787177582 -0.431723700931152
0.0438448865049358 -0.423695879444868
0.0442833353699852 -0.415948067843543
0.044726168723685 -0.408467194812973
0.0451734304109219 -0.401240917953508
0.0456251647150311 -0.394257781364707
0.0460814163621814 -0.387505637989002
0.0465422305258032 -0.380975046643326
0.0470076528310613 -0.374654861248085
0.0474777293593719 -0.368536240363731
0.0479525066529656 -0.362609862329675
0.0484320317194952 -0.35686688011719
0.0489163520366902 -0.351299092461486
0.0494055155570571 -0.345898767089807
0.0498995707126277 -0.34065819116292
0.0503985664197539 -0.335570523647232
0.0509025520839515 -0.330628589224943
0.051411577604791 -0.32582623516401
0.0519256933808389 -0.321157223196617
0.0524449503146473 -0.316615653701515
0.0529693998177938 -0.312195965074073
0.0534990938159717 -0.307892838245744
0.0540340847541314 -0.303701203705355
0.0545744256016727 -0.29961617720535
0.0551201698576895 -0.295633227589414
0.0556713715562664 -0.291747941432698
0.056228085271829 -0.287956128071885
0.0567903661245473 -0.284253842396015
0.0573582697857928 -0.28063727446302
0.0579318524836507 -0.277102840372164
0.0585111710084872 -0.273647064841457
0.0590962827185721 -0.270266736011144
0.0596872455457578 -0.266958621010433
0.0602841180012154 -0.263719906760322
0.0608869591812276 -0.260547719924661
0.0614958287730398 -0.257439388897704
0.0621107870607702 -0.254392465913538
0.0627318949313779 -0.251404349671289
0.0633592138806917 -0.24847286506831
0.0639928060194986 -0.245595815855372
0.0646327340796936 -0.242771156093198
0.0652790614204906 -0.239996920581341
0.0659318520346955 -0.237271256412755
0.06659117055504241 -0.234592447562949
0.06725708226059279 -0.231958826546528
0.0679296530831988 -0.229368765747369
0.0686089496140308 -0.22682095881068
0.0692950391101711 -0.224313888258995
0.0699879895012728 -0.221846259135436
0.0706878693962855 -0.219416881304405
0.0713947480902484 -0.217024575927377
0.0721086955711509 -0.214668265896804
0.0728297825268624 -0.212346939010331
0.073558080352131 -0.21005963327592
0.07429366115565229 -0.207805539674729
0.07503659776720881 -0.205583680589125
0.07578696374488091 -0.203393468997107
0.0765448333823297 -0.201234053282291
0.07731028171615301 -0.199104823338018
0.07808338453331461 -0.197005142527277
0.0788642183786477 -0.194934448342969
0.0796528605624342 -0.192892185286878
0.08044938916805849 -0.190877966273784
0.0812538830597391 -0.188891233794034
0.0820664218903365 -0.186931601907116
0.08288708610923989 -0.1849987117419
0.08371595697033229 -0.183092210231876
0.0845531165400356 -0.181211759211634
0.085398647705436 -0.179357049938492
0.0862526341824903 -0.177527892151407
0.0871151605243152 -0.175723977202739
0.0879863121295584 -0.173945050014601
0.0888661752508539 -0.17219093171913
0.08975483700336249 -0.170461425034065
0.09065238537339609 -0.168756337882476
0.0915589092271301 -0.167075480185767
0.0924744983194014 -0.165418729425154
0.0933992433025954 -0.163785938429702
0.0943332357356213 -0.162176852677553
0.0952765680929776 -0.160591488375998
0.0962293337739073 -0.15902954611127
0.0971916271116464 -0.157491003018745
0.0981635433827629 -0.155975624935958
0.0991451788165905 -0.154483340376356
0.100136630604756 -0.15301398218959
0.101137996910804 -0.151567383805422
0.102149376879912 -0.150143401861652
0.103170870648711 -0.1487418762364
0.104202579355198 -0.147362669531486
0.10524460514875 -0.14600557259074
0.106297051200238 -0.144670396584659
0.10736002171224 -0.143356989500629
0.108433621929363 -0.142065158633998
0.109517958148656 -0.140794685116237
0.110613137730143 -0.13954532410081
0.111719269107444 -0.138316889733946
0.112836461798519 -0.137109133127254
0.113964826416504 -0.135921806175864
0.115104474680669 -0.134754651338092
0.116255519427476 -0.133607409767627
0.11741807462175 -0.132479817803388
0.118592255367968 -0.131371575509793
0.119778177921647 -0.130282439163313
0.120975959700864 -0.12921200095896
0.122185719297873 -0.128160058706584
0.123407576490851 -0.127126255425608
0.12464165225576 -0.126110282249237
0.125888068778317 -0.125111795544403
0.127146949466101 -0.124130462055387
0.128418418960762 -0.123165942500283
0.129702603150369 -0.122217900007937
0.130999629181873 -0.121285971166168
0.132309625473692 -0.120369828135088
0.133632721728429 -0.11946908702967
0.134969048945713 -0.118583402603808
0.13631873943517 -0.117712395876411
0.137681926829522 -0.116855737626553
0.139058746097817 -0.116013049122856
0.140449333558795 -0.115183981265244
0.141853826894383 -0.114368177465513
0.143272365163327 -0.113565266514253
0.14470508881496 -0.112774922419269
0.14615213970311 -0.111996781355937
0.147613661100141 -0.111230508518036
0.149089797711142 -0.110475750799737
0.150580695688254 -0.109732176930813
0.152086502645136 -0.108999458123899
0.153607367671588 -0.108277285888237
0.155143441348303 -0.107565340659331
0.156694875761787 -0.106863294174901
0.158261824519404 -0.106170863095638
0.159844442764598 -0.105487750610501
0.161442887192244 -0.104813676750301
0.163057316064167 -0.104148354666653
0.164687889224809 -0.103491521482828
0.166334768117057 -0.102842912707939
0.167998115798227 -0.102202290141889
0.169678096956209 -0.101569401160053
0.171374877925772 -0.100944015850627
0.173088626705029 -0.100325908790394
0.17481951297208 -0.0997148710145556
0.1765677081018 -0.0991106968067905
0.178333385182818 -0.0985131804898091
0.180116719034647 -0.0979221358960964
0.181917886224993 -0.0973373830804155
0.183737065087243 -0.0967587402242358
0.185574435738115 -0.0961860508001393
0.187430180095497 -0.0956191343678769
0.189304481896452 -0.0950578419196609
0.191197526715416 -0.0945019967300119
0.19310950198257 -0.0939514138595921
0.195040597002396 -0.0934058558656152
0.19699100297242 -0.0928653023296891
0.198960913002144 -0.092326135709687
0.200950522132166 -0.0917831232367583
0.202960027353487 -0.0912650795694973
0.204989627627022 -0.0907468111532061
0.207039523903292 -0.0902330856144408
0.209109919142325 -0.0897235590998251
0.211201018333748 -0.0892182821092535
0.213313028517086 -0.0887172274803519
0.215446158802257 -0.0882203456664395
0.217600620390279 -0.0877275736424973
0.219776626594182 -0.0872388455129643
0.221974392860124 -0.0867540900195614
0.224194136788725 -0.0862732314936067
0.226436078156613 -0.0857961953876972
0.228700438938179 -0.0853229057887384
0.23098744332756 -0.0848532824888743
0.233297317760836 -0.0843872495540967
0.235630290938444 -0.0839247232623959
0.237986593847829 -0.0834656220936104
0.240366459786307 -0.0830098642977021
0.24277012438417 -0.0825573664789783
0.245197825628012 -0.0821080355757538
0.247649803884292 -0.0816617939346549
0.250126301923135 -0.0812185468796772
0.252627564942366 -0.0807782092590335
0.25515384059179 -0.0803406885018529
0.257705378997708 -0.0799058956331486
0.260282432787685 -0.0794737349448937
0.262885257115562 -0.0790441243640238
0.265514109686717 -0.0786169652636087
0.268169250783585 -0.0781921679320942
0.27085094329142 -0.0777696392651452
0.273559452724335 -0.0773492950586176
0.276295047251578 -0.0769310440062041
0.279057997724094 -0.0765147989891539
0.281848577701335 -0.0761004767628203
0.284667063478348 -0.0756879870393377
0.287513734113132 -0.0752772577062413
0.290388871454263 -0.0748682030812608
0.293292760168805 -0.0744607543933505
0.296225687770494 -0.0740548360473628
0.299187944648198 -0.0736503779263437
0.30217982409468 -0.0732473220275867
0.305201622335627 -0.0728455985742656
0.308253638558984 -0.072445161994125
0.311336174944573 -0.072045952263671
0.314449536694019 -0.071647926002335
0.317594032060959 -0.0712510414349115
0.320769972381569 -0.0708552518310589
0.323977672105385 -0.0704605290288463
0.327217448826438 -0.0700668455485918
0.330489623314703 -0.0696741799596932
0.33379451954785 -0.0692824992350417
0.337132464743328 -0.0688918105529218
0.340503789390762 -0.0685020817590827
0.343908827284669 -0.0681133141354277
0.347347915557516 -0.0677255022867693
0.350821394713091 -0.0673386462228587
0.354329608660222 -0.0669527504641218
0.357872904746824 -0.0665678182358588
0.361451633794292 -0.0661838429558666
0.365066150132235 -0.0658008606127758
0.368716811633558 -0.0654188687065329
0.372403979749893 -0.0650378717711346
0.376128019547392 -0.0646578951680326
0.379889299742866 -0.0642789397629696
0.383688192740295 -0.0639010193027833
0.387525074667698 -0.0635241469818631
0.391400325414375 -0.0631483264739916
0.395314328668518 -0.0627735705995554
0.399267471955204 -0.0623998732104637
0.403260146674756 -0.0620272448829732
0.407292748141503 -0.0616556844299526
0.411365675622918 -0.0612851844798113
0.415479332379147 -0.0609157363125084
0.419634125702939 -0.0605473277993297
0.423830466959968 -0.0601799408000258
0.428068771629568 -0.0598135585275755
0.432349459345864 -0.0594481546240839
0.436672953939322 -0.0590836993190983
0.441039683478716 -0.0587201626721702
0.445450080313503 -0.0583575044970966
0.449904581116638 -0.057995685015476
0.454403626927804 -0.0576346603329223
0.458947663197082 -0.0572743794469602
0.463537139829053 -0.0569148009668293
0.468172511227344 -0.0565558621906231
0.472854236339617 -0.0561975107701106
0.477582778703013 -0.0558396865375966
0.482358606490043 -0.0554823351487416
0.487182192554944 -0.0551253917062106
0.492054014480493 -0.0547687948872589
0.496974554625298 -0.0544124815955322
0.501944300171551 -0.0540563904862861
0.506963743173267 -0.0537004613545581
0.512033380604999 -0.0533446297912351
0.517153714411049 -0.0529888353176272
0.52232525155516 -0.0526330207379365
0.527548504070711 -0.052277125238523
0.532823989111418 -0.051921090834217
0.538152229002533 -0.0515648602884046
0.543533751292558 -0.0512083830307272
0.548969088805484 -0.0508516040656084
0.554458779693538 -0.0504944736935098
0.560003367490474 -0.0501369404515201
0.565603401165378 -0.0497789543056961
0.571259435177032 -0.0494204723002066
0.576972029528803 -0.049061447109756
0.582741749824091 -0.0487018346414418
0.588569167322331 -0.0483415898522149
0.5944548589955549 -0.047980672547243
0.60039940758551 -0.0476190368561519
0.606403401661365 -0.0472566342509586
0.612467435677979 -0.0468934328483872
0.618592110034759 -0.0465293822889636
0.624778031135106 -0.0461644377961471
0.631025811446457 -0.0457985588752385
0.637336069560922 -0.0454316840730758
0.643709430256531 -0.0450637802868229
0.650146524559097 -0.0446948076518996
0.656647989804688 -0.0443246836181436
0.663214469702734 -0.0439533707948229
0.669846614399762 -0.0435808050989898
0.6765450805437589 -0.0432069293367678
0.6833105313491969 -0.0428316796361119
0.690143636662689 -0.0424549839099125
0.697045073029316 -0.0420767829167236
0.704015523759609 -0.0416969868498259
0.711055678997205 -0.0413155311803978
0.718166235787177 -0.0409323253370163
0.725347898145049 -0.0405472931645142
0.732601377126499 -0.0401603385537854
0.739927390897764 -0.0397713756126953
0.747326664806742 -0.0393803038820608
0.7547999314548089 -0.0389870352430455
0.762347930769357 -0.0385914631062133
0.7699714100770511 -0.0381934926792207
0.777671124177822 -0.0377930145465529
0.7854478354195999 -0.0373899320784719
0.793302313773796 -0.0369841343134288
0.801235336911534 -0.0365755238914102
0.809247690280649 -0.036164001122482
0.817340167183456 -0.0357494625013927
0.82551356885529 -0.0353318137909107
0.833768704543843 -0.0349109647995229
0.842106391589282 -0.0344868071139476
0.8505274555051739 -0.034059316061604
0.8547800927827 -0.0338437279970222
0.859032730060226 -0.0336283570215944
0.863327893710527 -0.033411027930687
0.867623057360828 -0.0331938920188467
0.871961172647633 -0.0329747857910141
0.874130230291035 -0.032865299054473
0.876299287934437 -0.0327558659529905
0.878490036154273 -0.0326453873550893
0.880680784374109 -0.0325349508583008
0.882871532593945 -0.0324245678308188
0.885062280813781 -0.0323142296454223
0.887274936515815 -0.0322028362393376
0.88948759221785 -0.0320914880461297
0.891700247919885 -0.0319801937783585
0.893912903621919 -0.0318689430855321
0.898382468140029 -0.0316443738186729
0.902852032658138 -0.0314199911569009
0.907366292821429 -0.0311935765411565
0.91188055298472 -0.030967366835052
0.916439955749644 -0.0307391108812308
0.920999358514567 -0.0305110704229705
0.92560435530714 -0.0302809888961779
0.930209352099712 -0.0300511252096712
0.93951144562071 -0.0295875907999606
0.948906560076917 -0.0291204621191089
0.958395625677686 -0.0286498740559767
0.967979581934463 -0.0281758903114396
0.977659377753807 -0.0276986238445758
0.987435971531345 -0.0272182024725297
0.997310331246659 -0.0267347744295043
1.00728343455913 -0.0262485074631405
1.01735626890472 -0.0257595888299379
1.02752983159376 -0.0252682256930861
1.0378051299097 -0.0247746359464715
1.0481831812088 -0.0242790719168043
1.05866501302089 -0.0237818152250545
1.0692516631511 -0.0232831176818392
1.07994417978261 -0.0227833030072536
1.09074362158043 -0.0222826326198122
1.10165105779624 -0.0217814992517494
1.1126675683742 -0.0212802199204519
1.12379424405794 -0.0207791525882974
1.13503218649852 -0.020278666158871
1.14638250836351 -0.0197791392106789
1.15784633344714 -0.019280958344775
1.16942479678161 -0.0187845170130086
1.18111904474943 -0.0182902187195336
1.19293023519692 -0.017798466087247
1.20485953754889 -0.0173096588441097
1.21690813292438 -0.0168242016789813
1.22299267358901 -0.016582261096504
1.22907721425363 -0.016342504028823
1.23522260032489 -0.0161025988584967
1.24136798639616 -0.0158649654665983
1.24447140636215 -0.0157458352689638
1.24757482632814 -0.015627291745092
1.25067824629413 -0.0155093405501617
1.25378166626012 -0.0153919823048856
1.25534889334295 -0.0153329425149723
1.25691612042577 -0.0152740538315053
1.26005057459142 -0.015156740583099
1.26318502875707 -0.0150400328623044
1.26631948292272 -0.0149239419249708
1.26948528163003 -0.014807314899268
1.27265108033733 -0.014691318899768
1.27581687904464 -0.0145759546099729
1.27898267775195 -0.0144612238993617
1.28218013444633 -0.014345990571434
1.28537759114071 -0.0142314099727582
1.29177250452947 -0.0140041971264465
1.29823136705212 -0.0137773752719625
1.30469022957477 -0.0135532284450186
1.31121368072264 -0.0133295662114025
1.31773713187051 -0.0131086535161772
1.32432581752987 -0.0128883240707521
1.33091450318922 -0.0126708052331646
1.33756907570517 -0.0124539684150383
1.34422364822111 -0.0122399995743431
1.35094476646222 -0.0120268051787092
1.35766588470332 -0.0118165348290494
1.36445421412684 -0.0116071189344804
1.37124254355036 -0.0114006872746012
1.38495496898586 -0.0109926992087086
1.39880451867572 -0.0105928592185605
1.41279256386247 -0.0102013370441847
1.4269204895011 -0.00981834694741601
1.44118969439611 -0.00944406400201636
1.45560159134007 -0.00907864018021326
1.47015760725347 -0.00872220544283634
1.48485918332601 -0.00837486997664433
1.49970777515927 -0.00803671429005508
1.51470485291086 -0.00770780362019254
1.52985190143997 -0.00738817930164567
1.54515042045437 -0.00707786131554057
1.56060192465891 -0.00677684829807565
1.5762079439055 -0.00648511906461497
1.59197002334456 -0.00620263517583723
1.607889723578 -0.00592933574902573
1.62396862081378 -0.00566514507707408
1.64020830702192 -0.00540997030777985
1.65661039009214 -0.0051637028453543
1.67317649399306 -0.00492621694013491
1.68990825893299 -0.00469738448769633
1.70680734152232 -0.00447704867064695
1.72387541493754 -0.00426505239272317
1.74111416908692 -0.00406122613121916
1.75852531077779 -0.00386539132721765
1.77611056388557 -0.00367736179305802
1.79387166952442 -0.00349694470878055
1.81181038621967 -0.00332394028703749
1.82992849008186 -0.00315815002410378
1.84822777498268 -0.00299936323720289
1.86671005273251 -0.00284737253772183
1.88537715325983 -0.00270196751636589
1.90423092479243 -0.00256293676382806
1.92327323404036 -0.00243006918621954
1.94250596638076 -0.00230315430394923
1.96193102604457 -0.00218198306857767
1.98155033630501 -0.00206634889265235
2.00136583966806 -0.00195604734312584
2.02137949806474 -0.00185087756201782
2.04159329304539 -0.00175064221077355
2.06200922597584 -0.00165514812866252
2.0826293182356 -0.00156420609492364
2.10345561141796 -0.0014776328579983
2.12449016753214 -0.0013952483826836
2.14573506920746 -0.00131687887681079
2.16719241989954 -0.00124235561020242
2.18886434409853 -0.00117151513489465
2.21075298753952 -0.0011041995025542
2.23286051741491 -0.00104025622061534
2.25518912258906 -0.000979538260412873
2.27774101381495 -0.000921903993614543
2.3005184239531 -0.000867217134963074
2.32352360819263 -0.000815346674667292
2.34675884427456 -0.000766166722025817
2.3702264327173 -0.000719556413866175
2.39392869704448 -0.000675399758908436
2.41786798401492 -0.000633585483232941
2.44204666385507 -0.000594006861081169
2.46646713049362 -0.000556561579154547
2.49113180179856 -0.000521151533113263
2.51604311981654 -0.000487682670450204
2.54120355101471 -0.000456064816139626
2.56661558652486 -0.000426211513833617
2.5922817423901 -0.000398039899328805
2.618204559814 -0.00037147043624035
2.64438660541214 -0.000346426878020129
2.67083047146627 -0.000322836071859774
2.69753877618093 -0.000300627831132112
2.72451416394274 -0.000279734794480237
2.75175930558217 -0.000260092320909561
2.77927689863799 -0.000241638364602299
2.80706966762437 -0.000224313367702618
2.83514036430061 -0.000208060168393631
2.86349176794362 -0.000192823903442126
2.89212668562305 -0.000178551924660901
2.92104795247928 -0.000165193714147872
2.95025843200408 -0.000152700814109809
2.97976101632412 -0.00014102675694737
3.00955862648736 -0.000130126999303217
3.03965421275223 -0.000119958862964503
3.07005075487975 -0.000110481477756213
3.10075126242855 -0.000101655723706398
3.13175877505284 -9.34441841154956e-05
3.16307636280337 -8.58110926287755e-05
3.1947071264314 -7.87222872520047e-05
3.22665419769571 -7.21451630582378e-05
3.25892073967267 -6.60486288725685e-05
3.2915099470694 -6.04030604335557e-05
3.32442504654009 -5.5180256669249e-05
3.35766929700549 -5.03534003206816e-05
3.39124598997555 -4.58970108000116e-05
3.4251584498753 -4.17869043840469e-05
3.45941003437406 -3.80001505232117e-05
3.4940041347178 -3.45150304439526e-05
3.52894417606497 -3.13109947777715e-05
3.56423361782562 -2.8368621600092e-05
3.59987595400388 -2.56695747957537e-05
3.63587471354392 -2.31965626981499e-05
3.67223346067936 -2.09332967191952e-05
3.70895579528615 -1.88644505790546e-05
3.74604535323901 -1.69756196502465e-05
3.7835058067714 -1.52532812763546e-05
3.82134086483912 -1.36847551456969e-05
3.85955427348751 -1.225816450491e-05
3.89814981622238 -1.09623982874318e-05
3.93713131438461 -9.7870736111661e-06
3.97650262752845 -8.72249949953838e-06
4.01626765380374 -7.75964127531899e-06
4.05643033034178 -6.8900861115255e-06
4.09699463364519 -6.10600940052678e-06
4.13796457998165 -5.40014232512944e-06
4.17934422578146 -4.7657404309573e-06
4.22113766803928 -4.1965533594477e-06
4.26334904471967 -3.68679568276519e-06
4.30598253516687 -3.23111890110719e-06
4.34904236051854 -2.82458458366488e-06
4.39253278412372 -2.46263865992879e-06
4.43645811196496 -2.14108686028804e-06
4.48082269308461 -1.8560712912879e-06
4.52563092001545 -1.60404812794857e-06
4.57088722921561 -1.38176641773307e-06
4.61659610150777 -1.18624795544271e-06
4.66276206252284 -1.01476821868568e-06
4.70938968314807 -1e-06
4.75648357997955 -1e-06
4.80404841577935 -1e-06
4.85208889993714 -1e-06
4.90060978893651 -1e-06
4.94961588682588 -1e-06
4.99911204569414 -1e-06
5.04910316615108 -1e-06
5.09959419781259 -1e-06
5.15059013979072 -1e-06
5.20209604118862 -1e-06
5.25411700160051 -1e-06
5.30665817161651 -1e-06
5.35972475333268 -1e-06
5.41332200086601 -1e-06
5.46745522087467 -1e-06
5.52212977308341 -1e-06
5.57735107081425 -1e-06
5.63312458152239 -1e-06
5.68945582733762 -1e-06
5.74635038561099 -1e-06
5.8038138894671 -1e-06
5.86185202836177 -1e-06
5.92047054864539 -1e-06
5.97967525413184 -1e-06
6.03947200667316 -1e-06
6.0998667267399 -1e-06
6.16086539400729 -1e-06
6.22247404794737 -1e-06
6.28469878842684 -1e-06
6.34754577631111 -1e-06
6.41102123407422 -1e-06
6.47513144641496 -1e-06
6.53988276087911 -1e-06
6.60528158848791 -1e-06
6.67133440437278 -1e-06
6.73804774841651 -1e-06
6.80542822590068 -1e-06
6.87348250815968 -1e-06
6.94221733324128 -1e-06
7.01163950657369 -1e-06
7.08175590163943 -1e-06
7.15257346065582 -1e-06
7.22409919526238 -1e-06
7.29634018721501 -1e-06
7.36930358908716 -1e-06
7.44299662497803 -1e-06
7.51742659122781 -1e-06
7.59260085714009 -1e-06
7.66852686571149 -1e-06
7.7452121343686 -1e-06
7.82266425571229 -1e-06
7.90089089826941 -1e-06
7.97989980725211 -1e-06
8.059698805324629 -1e-06
8.14029579337787 -1e-06
8.221698751311649 -1e-06
8.30391573882477 -1e-06
8.38695489621302 -1e-06
8.47082444517515 -1e-06
8.555532689626901 -1e-06
8.64108801652317 -1e-06
8.727498896688401 -1e-06
8.81477388565529 -1e-06
8.902921624511841 -1e-06
8.99195084075696 -1e-06
9.081870349164531 -1e-06
9.172689052656169 -1e-06
9.26441594318274 -1e-06
9.357060102614559 -1e-06
9.45063070364071 -1e-06
9.54513701067712 -1e-06
9.640588380783891 -1e-06
9.736994264591729 -1e-06
9.834364207237639 -1e-06
9.93270784931002 -1e-06
10.0320349278031 -1e-06
10.1323552770812 -1e-06
10.233678829852 -1e-06
10.3360156181505 -1e-06
10.439375774332 -1e-06
10.5437695320753 -1e-06
10.6492072273961 -1e-06
10.75569929967 -1e-06
10.8632562926667 -1e-06
10.9718888555934 -1e-06
11.0816077441493 -1e-06
11.1924238215908 -1e-06
11.3043480598067 -1e-06
11.4173915404048 -1e-06
11.5315654558088 -1e-06
11.6468811103669 -1e-06
11.7633499214706 -1e-06
11.8809834206853 -1e-06
11.9997932548922 -1e-06
12.1197911874411 -1e-06
12.2409890993155 -1e-06
12.3633989903086 -1e-06
12.4870329802117 -1e-06
12.6119033100138 -1e-06
12.738022343114 -1e-06
12.8654025665451 -1e-06
12.9940565922106 -1e-06
13.1239971581327 -1e-06
13.255237129714 -1e-06
13.3877895010112 -1e-06
13.5216673960213 -1e-06
13.6568840699815 -1e-06
13.7934529106813 -1e-06
13.9313874397881 -1e-06
14.070701314186 -1e-06
14.2114083273278 -1e-06
14.3535224106011 -1e-06
14.4970576347071 -1e-06
14.6420282110542 -1e-06
14.7884484931648 -1e-06
14.9363329780964 -1e-06
15.0856963078774 -1e-06
15.2365532709561 -1e-06
15.3889188036657 -1e-06
15.5428079917024 -1e-06
15.6982360716194 -1e-06
15.8552184323356 -1e-06
16.0137706166589 -1e-06
16.1739083228255 -1e-06
16.3356474060538 -1e-06
16.4990038801143 -1e-06
16.6639939189155 -1e-06
16.8306338581046 -1e-06
16.9989401966857 -1e-06
17.1689295986525 -1e-06
17.340618894639 -1e-06
17.5140250835854 -1e-06
17.6891653344213 -1e-06
17.8660569877655 -1e-06
18.0447175576431 -1e-06
18.2251647332196 -1e-06
18.4074163805518 -1e-06
18.5914905443573 -1e-06
18.7774054498009 -1e-06
18.9651795042989 -1e-06
19.1548312993419 -1e-06
19.3463796123353 -1e-06
19.5398434084586 -1e-06
19.7352418425432 -1e-06
19.9325942609687 -1e-06
20.1319202035783 -1e-06
20.3332394056141 -1e-06
20.5365717996703 -1e-06
20.741937517667 -1e-06
20.9493568928436 -1e-06
21.1588504617721 -1e-06
21.3704389663898 -1e-06
21.5841433560537 -1e-06
21.7999847896142 -1e-06
22.0179846375104 -1e-06
22.2381644838855 -1e-06
22.4605461287243 -1e-06
22.6851515900116 -1e-06
22.9120031059117 -1e-06
23.1411231369708 -1e-06
23.3725343683405 -1e-06
23.6062597120239 -1e-06
23.8423223091442 -1e-06
24.0807455322356 -1e-06
24.321552987558 -1e-06
24.5647685174336 -1e-06
24.8104162026079 -1e-06
25.058520364634 -1e-06
25.3091055682803 -1e-06
25.5621966239631 -1e-06
25.8178185902027 -1e-06
26.0759967761048 -1e-06
26.3367567438658 -1e-06
26.6001243113045 -1e-06
26.8661255544175 -1e-06
27.1347868099617 -1e-06
27.4061346780613 -1e-06
27.6801960248419 -1e-06
27.9569979850903 -1e-06
28.2365679649412 -1e-06
28.5189336445907 -1e-06
28.8041229810366 -1e-06
29.0921642108469 -1e-06
29.3830858529554 -1e-06
29.676916711485 -1e-06
29.9736858785998 -1e-06
30.2734227373858 -1e-06
30.5761569647597 -1e-06
30.8819185344073 -1e-06
31.1907377197513 -1e-06
31.5026450969488 -1e-06
31.8176715479183 -1e-06
32.1358482633975 -1e-06
32.4572067460315 -1e-06
32.7817788134918 -1e-06
33.1095966016267 -1e-06
33.440692567643 -1e-06
33.7750994933194 -1e-06
34.1128504882526 -1e-06
34.4539789931351 -1e-06
34.7985187830665 -1e-06
35.1465039708972 -1e-06
35.4979690106061 -1e-06
35.8529487007122 -1e-06
36.2114781877193 -1e-06
36.5735929695965 -1e-06
36.9393288992925 -1e-06
37.3087221882854 -1e-06
37.6818094101683 -1e-06
38.0586275042699 -1e-06
38.4392137793127 -1e-06
38.8236059171058 -1e-06
39.2118419762768 -1e-06
39.6039603960396 -1e-06
40 -1e-06
